frame_idx,t_ms,face,eye_blink_l,eye_blink_r,ear,jaw_open,pitch,yaw,roll,bright_mean,warmth
0,0.0,1,0.31208473443984985,0.3298605978488922,0.21192,0.32506850361824036,10.534,-2.288,-1.703,87.217,1.0471
1,83.33,1,0.3425523340702057,0.3683440685272217,0.1889,0.28706109523773193,10.897,-2.577,-1.287,87.782,1.03976
2,166.67,1,0.3780040144920349,0.4006640315055847,0.16755,0.24999664723873138,11.159,-3.041,-0.854,86.093,1.0262
3,250.0,1,0.38103508949279785,0.4174683690071106,0.17209,0.14307665824890137,10.199,-3.777,-0.926,83.013,1.00873
4,333.33,1,0.37179040908813477,0.4233827590942383,0.17244,0.16732485592365265,9.245,-4.342,-1.471,81.917,1.00453
5,416.67,1,0.3619830012321472,0.4310153126716614,0.1814,0.1861298829317093,8.394,-4.797,-1.937,82.401,1.00389
6,500.0,1,0.3605958819389343,0.43165305256843567,0.18175,0.157993346452713,6.759,-4.613,-1.686,82.506,1.00382
7,583.33,1,0.3256574273109436,0.3785465955734253,0.20752,0.1925845444202423,5.933,-4.165,-1.295,82.947,1.00367
8,666.67,1,0.33420902490615845,0.40283018350601196,0.18095,0.1931663453578949,6.349,-3.994,-1.006,83.38,1.00354
9,751.67,1,0.644332766532898,0.6962664127349854,0.04331,0.2893422245979309,6.629,-3.902,-0.994,83.738,1.00521
10,835.0,1,0.5290950536727905,0.6441896557807922,0.07532,0.2764356732368469,7.127,-3.745,-0.822,83.24,1.00487
11,918.33,1,0.5052304267883301,0.552420973777771,0.11077,0.2977462708950043,7.122,-3.843,-0.438,83.197,1.00412
12,1001.67,1,0.39672616124153137,0.4608950912952423,0.15372,0.26698604226112366,6.603,-4.055,-0.121,83.007,1.00414
13,1085.0,1,0.3217361867427826,0.3996843993663788,0.19386,0.219813734292984,6.554,-4.251,-0.066,83.001,1.00263
14,1168.33,1,0.3053377866744995,0.38030317425727844,0.20522,0.2607405483722687,6.416,-4.479,-0.0,82.955,1.00329
15,1251.67,1,0.3386525511741638,0.406732976436615,0.19131,0.3165285587310791,5.978,-4.918,-0.039,82.979,1.00321
16,1335.0,1,0.2892996072769165,0.35969337821006775,0.21944,0.3726663887500763,4.94,-5.475,-0.156,82.735,1.00324
17,1418.33,1,0.27132827043533325,0.3385152220726013,0.23366,0.2468888908624649,4.653,-5.831,-0.384,82.7,1.00349
18,1501.67,1,0.28147992491722107,0.351838082075119,0.22347,0.20342324674129486,4.988,-5.873,-0.401,82.619,1.00264
19,1585.0,1,0.3048979341983795,0.389464795589447,0.20219,0.18876196444034576,5.368,-5.765,-0.521,82.521,1.00243
20,1668.33,1,0.33526402711868286,0.3606826961040497,0.20364,0.11277279257774353,5.832,-5.493,-0.548,82.541,1.0013
21,1751.67,1,0.33559033274650574,0.363520085811615,0.20398,0.17360883951187134,5.985,-5.407,-0.541,82.431,1.00249
22,1835.0,1,0.36939185857772827,0.37315839529037476,0.1945,0.18810337781906128,6.134,-5.199,-0.305,82.092,1.00134
23,1918.33,1,0.3541046380996704,0.3788597583770752,0.19595,0.17349140346050262,6.06,-5.184,-0.488,81.793,1.00147
24,2001.67,1,0.3541000783443451,0.3906441330909729,0.1939,0.18364012241363525,5.748,-4.943,-0.495,81.445,1.00055
25,2085.0,1,0.35959869623184204,0.4079385995864868,0.18309,0.24442808330059052,5.856,-4.731,-0.374,81.055,1.00125
26,2170.0,1,0.36073318123817444,0.4348543584346771,0.17565,0.2519763112068176,6.028,-4.698,-0.315,80.531,1.0013
27,2253.33,1,0.3379024863243103,0.4105105400085449,0.18713,0.2459646761417389,6.44,-4.408,-0.235,80.199,0.99984
28,2336.67,1,0.3369506597518921,0.41313520073890686,0.18963,0.2481822669506073,5.384,-4.116,-0.27,80.013,0.99865
29,2420.0,1,0.34235385060310364,0.40104222297668457,0.19099,0.2517490088939667,5.323,-3.945,-0.135,79.702,0.99861
30,2503.33,1,0.36482003331184387,0.4165375530719757,0.17689,0.24499671161174774,5.737,-3.74,-0.128,79.377,0.99922
31,2586.67,1,0.36928004026412964,0.41552433371543884,0.17375,0.2132486253976822,5.648,-3.714,-0.447,79.586,0.99817
32,2670.0,1,0.3635178804397583,0.40978312492370605,0.18271,0.24172452092170715,4.656,-4.048,-0.833,79.509,0.99814
33,2753.33,1,0.386267751455307,0.4095625579357147,0.17576,0.15320611000061035,4.774,-3.721,-0.741,79.451,0.99764
34,2836.67,1,0.39664629101753235,0.4173467457294464,0.16772,0.1365402638912201,4.879,-3.463,-0.678,79.207,0.9969
35,2920.0,1,0.415964275598526,0.473326712846756,0.1427,0.22875282168388367,4.573,-3.404,-0.98,79.633,0.99588
36,3003.33,1,0.32626867294311523,0.398029088973999,0.18404,0.22888745367527008,4.404,-3.205,-0.841,79.543,0.99668
37,3086.67,1,0.33063122630119324,0.4098580479621887,0.17218,0.21942682564258575,5.086,-2.558,-0.925,79.612,0.99712
38,3170.0,1,0.37958475947380066,0.44642144441604614,0.14442,0.2549877166748047,5.741,-2.393,-0.715,78.812,0.99641
39,3253.33,1,0.2813609838485718,0.39668795466423035,0.19091,0.27948272228240967,4.149,-2.185,-0.384,77.27,0.99401
40,3336.67,1,0.3158177137374878,0.3626014292240143,0.19403,0.2878549098968506,2.391,-2.254,0.359,76.256,0.99048
41,3420.0,1,0.27453815937042236,0.34344708919525146,0.21205,0.30513983964920044,1.247,-2.038,0.548,77.502,0.99593
42,3505.0,1,0.24896052479743958,0.3280998170375824,0.21654,0.3577398359775543,0.156,-1.934,0.553,85.258,1.00309
43,3588.33,1,0.3532734513282776,0.378476083278656,0.17584,0.45983630418777466,1.762,-3.475,0.89,84.26,0.99669
44,3671.67,1,0.5031270980834961,0.47291743755340576,0.12362,0.7148993015289307,4.285,-3.866,1.304,83.595,0.98843
45,3755.0,1,0.5264889001846313,0.51090407371521,0.11359,0.6762987375259399,4.614,-3.886,1.621,83.499,0.98791
46,3838.33,1,0.4734971821308136,0.5259283185005188,0.12055,0.622428297996521,5.204,-4.154,0.965,83.115,0.98811
47,3921.67,1,0.4371994137763977,0.48572832345962524,0.14857,0.4370228946208954,5.129,-4.077,0.594,82.863,0.98753
48,4005.0,1,0.38573795557022095,0.4162050485610962,0.17412,0.5243452787399292,5.018,-3.994,-0.178,82.282,0.98758
49,4088.33,1,0.3712635040283203,0.3632306158542633,0.18633,0.5099517703056335,5.478,-3.512,-0.068,81.582,0.98864
50,4171.67,1,0.6300560235977173,0.5927785634994507,0.0624,0.5035990476608276,5.715,-3.227,-0.259,81.385,0.98828
51,4255.0,1,0.6401609778404236,0.5786292552947998,0.0657,0.4864301383495331,5.107,-2.567,-0.476,81.603,0.98974
52,4338.33,1,0.5799654722213745,0.5502156019210815,0.08893,0.4723547399044037,5.056,-2.471,-0.606,81.505,0.98832
53,4421.67,1,0.4880025386810303,0.511157214641571,0.1186,0.33285948634147644,6.141,-2.769,-0.857,81.177,0.98884
54,4505.0,1,0.3832179307937622,0.43214690685272217,0.15567,0.27781692147254944,6.502,-2.596,-1.096,80.579,0.98876
55,4588.33,1,0.41299813985824585,0.4280887842178345,0.15651,0.2691252827644348,6.111,-2.444,-1.168,80.625,0.98891
56,4671.67,1,0.4060215353965759,0.4471912980079651,0.15545,0.27385270595550537,5.932,-2.439,-1.345,80.481,0.98874
57,4755.0,1,0.4125767946243286,0.4449675977230072,0.15465,0.2687150835990906,6.136,-2.366,-1.519,80.171,0.98869
58,4838.33,1,0.4193410575389862,0.43933066725730896,0.15443,0.2891601026058197,5.962,-2.208,-1.468,79.977,0.98743
59,4923.33,1,0.42838379740715027,0.42313146591186523,0.15852,0.2883630394935608,5.598,-2.054,-1.512,79.873,0.98668
60,5006.67,1,0.42928168177604675,0.4568241834640503,0.14232,0.2440580427646637,5.966,-2.075,-1.893,79.563,0.98574
61,5090.0,1,0.5872217416763306,0.5641416311264038,0.08065,0.2617228627204895,6.375,-2.179,-1.898,79.407,0.9883
62,5173.33,1,0.7087513208389282,0.6999292373657227,0.02627,0.23528417944908142,6.766,-2.071,-1.883,79.111,0.98816
63,5256.67,1,0.6224305629730225,0.6266521215438843,0.06939,0.23261350393295288,6.641,-1.969,-1.849,79.363,0.98779
64,5340.0,1,0.4266826808452606,0.48759907484054565,0.15405,0.23630373179912567,6.019,-1.72,-1.737,79.356,0.98582
65,5423.33,1,0.45640745759010315,0.4647229015827179,0.14771,0.23900330066680908,6.317,-1.524,-1.324,79.362,0.98689
66,5506.67,1,0.5234005451202393,0.5067320466041565,0.12372,0.22881974279880524,6.993,-1.747,-1.54,79.655,0.98703
67,5590.0,1,0.5924323797225952,0.5426337718963623,0.09844,0.20162232220172882,4.871,-1.686,-1.574,80.81,0.99021
68,5673.33,1,0.566404402256012,0.5086737871170044,0.10963,0.20186148583889008,4.973,-1.719,-1.703,81.174,0.99185
69,5756.67,1,0.613715410232544,0.5649284720420837,0.08131,0.16918358206748962,6.691,-2.384,-1.845,80.941,0.99296
70,5840.0,1,0.5906398296356201,0.47081613540649414,0.11847,0.21942295134067535,9.708,-2.378,-2.207,80.551,0.99133
71,5923.33,1,0.5308282375335693,0.5351543426513672,0.11419,0.3314456045627594,10.307,-2.139,-2.179,79.976,0.99225
72,6006.67,1,0.711607038974762,0.6770886778831482,0.04093,0.28670743107795715,10.832,-2.004,-1.811,79.336,0.99026
73,6090.0,1,0.6795641779899597,0.6455920934677124,0.03911,0.292380690574646,11.299,-1.611,-1.514,79.231,0.98948
74,6173.33,1,0.6794099807739258,0.6333160996437073,0.04158,0.3152881860733032,11.721,-1.234,-1.699,79.949,0.99016
75,6258.33,1,0.697087287902832,0.6816689968109131,0.03188,0.3213113248348236,11.973,-0.919,-1.661,80.75,0.98914
76,6341.67,1,0.6424798369407654,0.6535167694091797,0.04727,0.3231007158756256,11.799,-0.75,-1.695,81.01,0.9895
77,6425.0,1,0.5187753438949585,0.5723137855529785,0.10111,0.3347315192222595,10.837,-1.014,-1.699,81.805,0.99195
78,6508.33,1,0.5116011500358582,0.552690863609314,0.10938,0.2895176112651825,10.079,-1.027,-1.65,82.579,0.99313
79,6591.67,1,0.5365451574325562,0.5377240180969238,0.10186,0.2825130224227905,10.5,-1.074,-1.751,83.496,0.99266
80,6675.0,1,0.5697426199913025,0.5202111005783081,0.10327,0.3323740065097809,9.066,-1.43,-2.483,84.982,0.9943
81,6758.33,1,0.5029550790786743,0.5149432420730591,0.11202,0.3750433325767517,8.857,-1.819,-2.627,86.564,0.99537
82,6841.67,1,0.505976676940918,0.6152431964874268,0.08389,0.3029610514640808,9.744,-1.688,-3.22,87.76,0.99456
83,6925.0,1,0.486264169216156,0.5683152079582214,0.11269,0.29282161593437195,9.639,-1.332,-2.824,87.538,0.99179
84,7008.33,1,0.43282222747802734,0.4818156957626343,0.13842,0.35848256945610046,5.95,-1.065,-1.529,86.504,0.98976
85,7091.67,1,0.282829225063324,0.3410782516002655,0.20806,0.2664690613746643,0.946,-1.781,-0.66,85.247,0.9892
86,7175.0,1,0.2999717891216278,0.34134382009506226,0.20498,0.24709153175354004,0.654,-2.423,0.016,83.698,0.98948
87,7258.33,1,0.31227219104766846,0.36478903889656067,0.19457,0.21726801991462708,1.56,-3.37,-0.05,82.612,0.98945
88,7341.67,1,0.24415378272533417,0.3475242555141449,0.21973,0.22030815482139587,2.704,-4.198,0.519,81.559,0.98885
89,7425.0,1,0.366700142621994,0.39394229650497437,0.18291,0.20638562738895416,2.672,-4.242,0.668,81.211,0.98943
90,7508.33,1,0.35604578256607056,0.3904426693916321,0.19239,0.23695608973503113,2.728,-4.536,0.432,81.211,0.98985
91,7591.67,1,0.39683812856674194,0.4443166255950928,0.17259,0.24459385871887207,2.78,-4.803,0.209,81.189,0.98976
92,7676.67,1,0.37314391136169434,0.37861546874046326,0.19856,0.21971796452999115,3.179,-4.457,0.122,80.763,0.98898
93,7760.0,1,0.3216274082660675,0.30723345279693604,0.22399,0.10852640122175217,3.306,-4.281,-0.235,80.385,0.98847
94,7843.33,1,0.30520281195640564,0.3042207360267639,0.23261,0.11203964054584503,2.676,-4.09,-0.872,80.079,0.98675
95,7926.67,1,0.27225810289382935,0.29198122024536133,0.24521,0.10070731490850449,2.939,-3.994,-1.136,79.998,0.98757
96,8010.0,1,0.2926021218299866,0.3103891909122467,0.24276,0.10643933713436127,2.892,-3.814,-1.194,79.561,0.98754
97,8093.33,1,0.2951842248439789,0.3045167624950409,0.23899,0.11714963614940643,3.278,-3.662,-1.29,79.51,0.98921
98,8176.67,1,0.30563807487487793,0.3269253373146057,0.23183,0.1137949526309967,3.051,-3.439,-1.282,79.292,0.98949
99,8260.0,1,0.3037947714328766,0.2989557087421417,0.23634,0.1284889578819275,3.267,-3.016,-1.193,79.479,0.99123
100,8343.33,1,0.2695428729057312,0.3383944034576416,0.23707,0.14362722635269165,4.476,-2.878,-1.073,79.314,0.99078
101,8426.67,1,0.24120719730854034,0.2905752956867218,0.25306,0.19831331074237823,4.877,-3.076,-0.733,79.215,0.98971
102,8510.0,1,0.25734201073646545,0.2856222689151764,0.24749,0.20509645342826843,4.779,-2.985,-0.529,79.367,0.98979
103,8593.33,1,0.1932687759399414,0.24022844433784485,0.27207,0.1815234273672104,4.565,-3.016,-0.421,79.612,0.9892
104,8676.67,1,0.22462448477745056,0.2634994387626648,0.25686,0.27146849036216736,4.065,-2.778,-0.083,79.554,0.98968
105,8760.0,1,0.22321107983589172,0.26964205503463745,0.25277,0.25147688388824463,4.043,-2.697,-0.359,79.464,0.98928
106,8843.33,1,0.24069541692733765,0.3047803044319153,0.24339,0.22964005172252655,4.189,-2.601,-0.664,79.274,0.99112
107,8926.67,1,0.24510937929153442,0.32687103748321533,0.23621,0.24417707324028015,4.166,-2.57,-0.712,79.266,0.9905
108,9010.0,1,0.257563054561615,0.3384741246700287,0.23034,0.2937920093536377,3.995,-2.582,-0.453,79.177,0.99114
109,9095.0,1,0.27837997674942017,0.3564181923866272,0.21904,0.3689016103744507,3.666,-2.616,-0.405,78.842,0.99042
110,9178.33,1,0.2711537778377533,0.3520669639110565,0.2231,0.34514909982681274,3.034,-2.652,-0.256,78.036,0.98912
111,9261.67,1,0.26773637533187866,0.340767502784729,0.225,0.33497974276542664,2.361,-2.655,-0.162,77.517,0.9872
112,9345.0,1,0.26486924290657043,0.2945670783519745,0.241,0.32145440578460693,2.191,-2.545,0.041,77.043,0.98782
113,9428.33,1,0.26358139514923096,0.31614840030670166,0.23241,0.26425859332084656,2.077,-2.403,0.177,82.109,0.99058
114,9511.67,1,0.26970428228378296,0.31110620498657227,0.23114,0.2352011650800705,1.951,-2.67,-0.213,86.202,0.99096
115,9595.0,1,0.26668983697891235,0.31321752071380615,0.23113,0.23939552903175354,2.097,-2.796,-0.544,87.516,0.99208
116,9678.33,1,0.2559663951396942,0.3242611289024353,0.23588,0.3231746256351471,2.307,-3.122,-1.132,88.022,0.99294
117,9761.67,1,0.25454679131507874,0.38351237773895264,0.22737,0.28381943702697754,2.745,-3.355,-1.51,88.556,0.99243
118,9845.0,1,0.2189885377883911,0.4208734631538391,0.22692,0.26544389128685,3.74,-3.01,-1.967,88.946,0.99222
119,9928.33,1,0.21266193687915802,0.4155837297439575,0.22916,0.2830471992492676,4.144,-3.126,-2.192,89.294,0.99334
120,10011.67,1,0.2086581438779831,0.4054650664329529,0.22851,0.2760378420352936,4.119,-3.147,-2.009,89.428,0.9923
121,10095.0,1,0.22039881348609924,0.3750517666339874,0.23182,0.2699534595012665,4.439,-3.125,-1.597,89.357,0.99193
122,10178.33,1,0.2524549663066864,0.34842684864997864,0.22587,0.28943684697151184,4.555,-3.0,-1.384,89.12,0.99291
123,10261.67,1,0.2401961088180542,0.2917107343673706,0.2417,0.29524025321006775,4.543,-2.627,-1.4,89.189,0.99302
124,10345.0,1,0.25422048568725586,0.2949829697608948,0.23949,0.2798420488834381,4.5,-2.408,-1.282,89.151,0.99263
125,10428.33,1,0.2630235254764557,0.2905697226524353,0.24011,0.20956653356552124,4.309,-2.256,-1.282,89.446,0.99297
126,10513.33,1,0.2645704448223114,0.2916626036167145,0.23932,0.18275484442710876,4.359,-2.008,-1.405,89.584,0.99365
127,10596.67,1,0.26920458674430847,0.30806049704551697,0.23394,0.16734319925308228,4.447,-1.507,-1.607,89.755,0.99389
128,10680.0,1,0.2486223578453064,0.3306284248828888,0.23186,0.29901397228240967,4.619,-1.286,-1.805,89.744,0.9937
129,10763.33,1,0.2281365692615509,0.3288755714893341,0.23592,0.3925178647041321,4.804,-0.864,-1.743,89.777,0.99289
130,10846.67,1,0.23070812225341797,0.3735944628715515,0.22589,0.434781551361084,4.695,-0.894,-1.613,89.657,0.99296
131,10930.0,1,0.24564844369888306,0.3895305097103119,0.22156,0.4294270873069763,4.669,-1.109,-1.522,89.755,0.99384
132,11013.33,1,0.25097277760505676,0.4068942666053772,0.21729,0.3689146339893341,4.675,-1.454,-1.79,89.667,0.99377
133,11096.67,1,0.2590840458869934,0.41412171721458435,0.2164,0.3402899205684662,4.612,-1.726,-1.799,89.867,0.99302
134,11180.0,1,0.2605530619621277,0.4186731278896332,0.21674,0.38447195291519165,4.453,-2.296,-1.773,89.759,0.99243
135,11263.33,1,0.28891974687576294,0.40758198499679565,0.21226,0.36191490292549133,4.298,-2.798,-1.213,89.848,0.99277
136,11346.67,1,0.3220113217830658,0.3960414230823517,0.20836,0.33984506130218506,4.545,-3.24,-0.471,89.697,0.99261
137,11430.0,1,0.3931235373020172,0.45497962832450867,0.16912,0.2770036458969116,4.788,-3.432,-0.115,89.77,0.99385
138,11513.33,1,0.5218812823295593,0.5122703313827515,0.12131,0.19573353230953217,5.166,-3.478,0.132,89.679,0.99498
139,11596.67,1,0.568486750125885,0.5330161452293396,0.10313,0.19720609486103058,5.0,-3.385,-0.023,89.958,0.99361
140,11680.0,1,0.6348816752433777,0.6379872560501099,0.05453,0.27281442284584045,4.21,-3.006,-0.7,90.153,0.99437
141,11763.33,1,0.5564658641815186,0.641089677810669,0.06526,0.3402109444141388,3.869,-3.111,-1.001,90.103,0.99426
142,11848.33,1,0.3918406665325165,0.5714409351348877,0.11917,0.3271196186542511,3.923,-3.151,-1.089,89.665,0.99415
143,11931.67,1,0.31027913093566895,0.4924178719520569,0.16397,0.2897886335849762,3.869,-3.158,-0.765,89.603,0.99416
144,12015.0,1,0.24961894750595093,0.300357848405838,0.23922,0.24807071685791016,4.325,-2.895,0.346,89.583,0.993
145,12098.33,1,0.26743191480636597,0.27791672945022583,0.24272,0.2379773110151291,4.475,-2.033,0.295,89.747,0.99343
146,12181.67,1,0.22058677673339844,0.32064923644065857,0.24388,0.2010893076658249,4.713,-1.606,0.106,89.638,0.99298
147,12265.0,1,0.22116324305534363,0.24921759963035583,0.26431,0.1784990280866623,5.275,-1.112,-0.047,89.741,0.99261
148,12348.33,1,0.23821046948432922,0.25826022028923035,0.26068,0.17917267978191376,5.264,-0.857,-0.109,89.708,0.99205
149,12431.67,1,0.2649523913860321,0.2907925546169281,0.24534,0.1792801469564438,4.952,-0.554,-0.127,89.791,0.99236
150,12515.0,1,0.25626739859580994,0.2915838062763214,0.24352,0.2674022912979126,4.61,-0.669,-0.146,89.744,0.99261
151,12598.33,1,0.25723543763160706,0.29602640867233276,0.24219,0.2728114128112793,4.577,-0.809,-0.069,89.72,0.99253
152,12681.67,1,0.2965068519115448,0.34374961256980896,0.21232,0.2874385416507721,4.37,-0.828,-0.043,89.616,0.99284
153,12765.0,1,0.6758334040641785,0.6612160205841064,0.0552,0.2681824266910553,4.118,-0.882,-0.095,89.798,0.99403
154,12848.33,1,0.6428103446960449,0.653327465057373,0.05305,0.2562016248703003,4.109,-1.298,-0.061,89.658,0.99472
155,12931.67,1,0.5969712138175964,0.5830931067466736,0.08587,0.29876065254211426,4.493,-1.73,0.023,89.836,0.99512
156,13015.0,1,0.5210755467414856,0.5826325416564941,0.09144,0.3226318061351776,4.79,-2.093,-0.166,89.8,0.99486
157,13098.33,1,0.6499743461608887,0.7393406629562378,0.03231,0.28288885951042175,4.971,-2.477,-0.511,89.95,0.99616
158,13181.67,1,0.6044318675994873,0.6775746941566467,0.05508,0.28604161739349365,4.997,-2.558,-0.293,89.818,0.99671
159,13266.67,1,0.44995254278182983,0.5881981253623962,0.11293,0.3240334391593933,4.643,-2.792,-0.163,89.929,0.99506
160,13350.0,1,0.6256054639816284,0.6781401634216309,0.05507,0.3354167342185974,4.913,-2.851,-0.28,89.797,0.99546
161,13433.33,1,0.669474720954895,0.6988499164581299,0.03751,0.32319697737693787,5.247,-2.935,-0.315,89.766,0.99493
162,13516.67,1,0.5676502585411072,0.6319352984428406,0.07049,0.3387373983860016,5.256,-2.983,-0.254,89.65,0.99519
163,13600.0,1,0.3618379533290863,0.4844273030757904,0.16123,0.39712029695510864,4.541,-2.923,-0.035,89.834,0.99408
164,13683.33,1,0.3719974458217621,0.48622751235961914,0.15783,0.33899372816085815,4.395,-3.093,-0.232,89.826,0.99568
165,13766.67,1,0.38806214928627014,0.4962312877178192,0.15254,0.3345189094543457,4.7,-3.16,-0.222,89.871,0.99471
166,13850.0,1,0.32718491554260254,0.4651530981063843,0.17236,0.26967063546180725,5.486,-3.38,-0.195,89.736,0.99276
167,13933.33,1,0.3541833460330963,0.446855366230011,0.17061,0.2764878273010254,6.108,-3.404,-0.137,89.887,0.99347
168,14016.67,1,0.3630106747150421,0.43821054697036743,0.17271,0.27368947863578796,6.091,-3.381,-0.001,90.007,0.99416
169,14100.0,1,0.36189979314804077,0.41838034987449646,0.1801,0.27617737650871277,5.763,-3.397,0.03,90.248,0.99476
170,14183.33,1,0.3726530075073242,0.43664252758026123,0.17181,0.27138447761535645,5.659,-3.378,-0.016,90.104,0.99398
171,14266.67,1,0.40804025530815125,0.49072858691215515,0.15307,0.22419500350952148,5.913,-3.541,0.054,90.024,0.99331
172,14350.0,1,0.4137292504310608,0.4717816412448883,0.15801,0.14758248627185822,6.199,-3.79,0.14,89.809,0.99225
173,14433.33,1,0.4139034152030945,0.470784455537796,0.16107,0.15151655673980713,6.109,-3.89,0.045,90.002,0.99192
174,14516.67,1,0.4203198254108429,0.48039355874061584,0.15358,0.15781864523887634,5.497,-3.785,0.068,90.047,0.9918
175,14601.67,1,0.41791677474975586,0.48163557052612305,0.15335,0.1428668349981308,5.445,-3.713,0.082,90.156,0.99338
176,14685.0,1,0.4145849049091339,0.47630783915519714,0.15514,0.1562078595161438,5.469,-3.668,0.118,89.979,0.99407
177,14768.33,1,0.434007853269577,0.48744264245033264,0.14684,0.2020556628704071,4.485,-3.774,-0.003,90.056,0.99409
178,14851.67,1,0.40890979766845703,0.49528414011001587,0.15285,0.26096612215042114,3.487,-3.966,-0.264,89.947,0.99399
179,14935.0,1,0.33011025190353394,0.4456849694252014,0.18552,0.2603083848953247,2.851,-3.971,-0.338,89.862,0.99433
180,15018.33,1,0.27670276165008545,0.33831170201301575,0.22629,0.22556640207767487,3.001,-3.851,-0.439,89.727,0.99317
181,15101.67,1,0.2892020046710968,0.3398955464363098,0.22602,0.20236031711101532,3.545,-3.841,-0.501,89.795,0.99311
182,15185.0,1,0.29286450147628784,0.33984455466270447,0.22457,0.12544193863868713,4.188,-3.925,-0.734,89.792,0.9922
183,15268.33,1,0.37182894349098206,0.44708889722824097,0.17778,0.10702601820230484,4.701,-3.846,-0.667,90.097,0.99271
184,15351.67,1,0.39819198846817017,0.4624989330768585,0.16478,0.12056191265583038,5.597,-3.582,-0.773,90.094,0.99334
185,15435.0,1,0.4267440438270569,0.463584840297699,0.15227,0.18689538538455963,5.8,-3.429,-0.695,90.162,0.99303
186,15518.33,1,0.4437072277069092,0.4606513977050781,0.14942,0.17670634388923645,6.372,-3.269,-0.748,89.942,0.99365
187,15601.67,1,0.43369436264038086,0.4664849638938904,0.14898,0.1868000477552414,6.221,-3.202,-0.667,89.925,0.99414
188,15685.0,1,0.4219281077384949,0.45771563053131104,0.15132,0.18837982416152954,6.197,-3.117,-0.633,89.772,0.99402
189,15768.33,1,0.4866466820240021,0.559167742729187,0.10956,0.2314334362745285,6.315,-3.236,-0.738,89.842,0.99438
190,15851.67,1,0.6685945391654968,0.6990760564804077,0.04443,0.22211548686027527,6.941,-3.373,-0.908,89.72,0.99387
191,15935.0,1,0.6691901683807373,0.650307297706604,0.04824,0.22060909867286682,7.602,-3.238,-0.91,89.906,0.99404
192,16020.0,1,0.5052489042282104,0.5590358972549438,0.10103,0.2251759171485901,7.524,-3.323,-0.677,89.877,0.9939
193,16103.33,1,0.37450334429740906,0.4541292190551758,0.15627,0.2317223697900772,7.531,-3.372,-0.425,89.928,0.99482
194,16186.67,1,0.3644923269748688,0.44990015029907227,0.16187,0.21554000675678253,7.518,-3.337,-0.457,89.746,0.99472
195,16270.0,1,0.6935485005378723,0.6694320440292358,0.04575,0.21031324565410614,7.539,-3.337,-0.502,89.822,0.99495
196,16353.33,1,0.6870977282524109,0.6668241620063782,0.04435,0.2103884518146515,7.639,-3.339,-0.479,89.752,0.99481
197,16436.67,1,0.5300804972648621,0.5584715008735657,0.09681,0.22282133996486664,7.707,-3.406,-0.443,89.837,0.99529
198,16520.0,1,0.4391552209854126,0.504136860370636,0.13731,0.24433867633342743,7.989,-3.512,-0.577,89.69,0.99415
199,16603.33,1,0.4115009009838104,0.47912800312042236,0.14878,0.2602338492870331,8.137,-3.63,-0.511,89.751,0.99485
200,16686.67,1,0.38765570521354675,0.4429715573787689,0.1682,0.265299916267395,7.993,-3.632,-0.457,89.731,0.99442
201,16770.0,1,0.3674684762954712,0.4510500431060791,0.17373,0.26968836784362793,7.135,-3.699,-0.595,89.968,0.99442
202,16853.33,1,0.3816588521003723,0.47512972354888916,0.16502,0.25321972370147705,7.233,-3.646,-0.569,89.89,0.9939
203,16936.67,1,0.3950875699520111,0.44840312004089355,0.16931,0.20559658110141754,7.431,-3.643,-0.623,89.935,0.99347
204,17020.0,1,0.404229074716568,0.419691264629364,0.17743,0.14857539534568787,7.762,-3.818,-0.742,89.872,0.99264
205,17103.33,1,0.6852298974990845,0.5885376930236816,0.07165,0.1597510576248169,7.976,-3.717,-0.841,90.258,0.99409
206,17186.67,1,0.7619618773460388,0.6349925994873047,0.04097,0.2257465273141861,7.827,-3.677,-0.978,90.541,0.99453
207,17270.0,1,0.5213930606842041,0.5306206941604614,0.11047,0.2247900664806366,7.298,-3.664,-0.866,90.825,0.99412
208,17353.33,1,0.5878756046295166,0.5731966495513916,0.0835,0.2306910753250122,7.384,-3.631,-0.762,90.904,0.9934
209,17438.33,1,0.7037824392318726,0.718539834022522,0.02569,0.2206934690475464,7.614,-3.498,-0.565,91.012,0.99315
210,17521.67,1,0.7127752304077148,0.7273104190826416,0.01976,0.22474125027656555,7.568,-3.506,-0.116,90.889,0.99312
211,17605.0,1,0.703147292137146,0.6805715560913086,0.03218,0.21148136258125305,8.091,-3.555,0.643,90.775,0.99455
212,17688.33,1,0.6951144337654114,0.648636519908905,0.04048,0.23563328385353088,8.692,-3.819,0.853,90.677,0.99314
213,17771.67,1,0.5586920976638794,0.5896033048629761,0.08019,0.2419271320104599,8.612,-3.881,1.133,90.937,0.99443
214,17855.0,1,0.5006835460662842,0.5482822060585022,0.09663,0.24968399107456207,8.405,-4.029,1.154,90.83,0.99443
215,17938.33,1,0.49903616309165955,0.5389807820320129,0.10015,0.2498009353876114,8.014,-4.109,1.151,90.756,0.99463
216,18021.67,1,0.5033692717552185,0.5279004573822021,0.10166,0.24830570816993713,7.759,-4.081,1.083,90.443,0.99541
217,18105.0,1,0.4753170907497406,0.5129302740097046,0.1115,0.25035759806632996,7.698,-4.137,1.02,90.419,0.99465
218,18188.33,1,0.4349100887775421,0.4846894443035126,0.128,0.24569912254810333,7.512,-4.157,0.968,90.33,0.99472
219,18271.67,1,0.41273343563079834,0.4753929078578949,0.14,0.23497028648853302,7.335,-4.166,0.741,90.478,0.99579
220,18355.0,1,0.3926794230937958,0.47881531715393066,0.14716,0.2220851629972458,7.186,-4.217,0.508,90.319,0.9952
221,18438.33,1,0.4003254473209381,0.49028632044792175,0.1433,0.22114264965057373,7.144,-4.104,0.342,90.315,0.99419
222,18521.67,1,0.3800259232521057,0.4963008463382721,0.14537,0.2332383692264557,7.072,-4.012,0.071,90.24,0.99359
223,18605.0,1,0.3734363317489624,0.4987469017505646,0.14866,0.3236628472805023,6.967,-4.012,-0.167,90.401,0.99452
224,18688.33,1,0.3797388970851898,0.4860377311706543,0.15442,0.4552473723888397,7.343,-4.254,-0.288,90.494,0.99473
225,18771.67,1,0.3832074701786041,0.4716701805591583,0.16145,0.5380931496620178,7.292,-4.305,-0.317,90.646,0.99482
226,18856.67,1,0.3814936578273773,0.46493369340896606,0.16687,0.5262099504470825,7.31,-4.394,-0.328,90.602,0.99453
227,18940.0,1,0.381011039018631,0.48765885829925537,0.15974,0.5244321823120117,7.542,-4.295,-0.282,90.7,0.99423
228,19023.33,1,0.37917715311050415,0.47746381163597107,0.16753,0.5126657485961914,7.621,-4.351,-0.237,90.763,0.99487
229,19106.67,1,0.38524407148361206,0.4722379744052887,0.1674,0.5240277647972107,7.486,-4.397,-0.253,91.118,0.99567
230,19190.0,1,0.3833458125591278,0.468858927488327,0.1636,0.5212253332138062,7.159,-4.424,-0.362,91.24,0.9949
231,19273.33,1,0.40461984276771545,0.47776564955711365,0.15044,0.5504108667373657,7.321,-4.355,-0.366,91.408,0.9957
232,19356.67,1,0.3996922969818115,0.4713660478591919,0.14983,0.5755833983421326,7.895,-4.386,-0.4,91.376,0.99466
233,19440.0,1,0.3656405210494995,0.45262670516967773,0.16396,0.5272104740142822,7.911,-4.602,-0.609,91.427,0.99518
234,19523.33,1,0.3609682321548462,0.4587906002998352,0.16671,0.4802623689174652,8.345,-4.656,-0.636,91.369,0.99465
235,19606.67,1,0.3795706629753113,0.4544568955898285,0.16584,0.4121127724647522,8.609,-4.687,-0.612,91.531,0.99408
236,19690.0,1,0.3919287621974945,0.44966375827789307,0.1657,0.4083225429058075,8.506,-4.632,-0.463,91.476,0.99349
237,19773.33,1,0.3981607258319855,0.4520183801651001,0.16038,0.38750573992729187,8.528,-4.553,-0.218,91.496,0.99301
238,19856.67,1,0.4054776430130005,0.44543904066085815,0.1565,0.3683004677295685,8.527,-4.497,-0.004,91.355,0.99347
239,19940.0,1,0.4193240702152252,0.47611814737319946,0.14079,0.3787093162536621,8.397,-4.413,0.146,91.427,0.99354
240,20023.33,1,0.6410969495773315,0.642316460609436,0.05347,0.3580816388130188,8.398,-4.101,0.133,91.572,0.99307
241,20106.67,1,0.6830865144729614,0.6359826326370239,0.04463,0.450840026140213,8.041,-4.081,0.423,91.765,0.99456
242,20191.67,1,0.6220082640647888,0.5589406490325928,0.07364,0.5119142532348633,8.585,-3.949,0.561,91.55,0.994
243,20275.0,1,0.48095372319221497,0.48916712403297424,0.11688,0.383149117231369,8.235,-3.87,0.577,91.469,0.99439
244,20358.33,1,0.4550943374633789,0.47000283002853394,0.13164,0.3325156271457672,8.167,-3.742,0.568,91.226,0.99441
245,20441.67,1,0.4533988833427429,0.4640125036239624,0.13699,0.31424713134765625,8.364,-3.62,0.57,91.251,0.99416
246,20525.0,1,0.4458733797073364,0.4659045338630676,0.13809,0.30150294303894043,8.454,-3.561,0.438,91.164,0.99427
247,20608.33,1,0.44545426964759827,0.4677352011203766,0.13958,0.2950650751590729,8.458,-3.5,0.396,91.308,0.99427
248,20691.67,1,0.45258989930152893,0.49178192019462585,0.13149,0.28408777713775635,8.435,-3.517,0.243,91.225,0.99353
249,20775.0,1,0.4748716950416565,0.4932098686695099,0.12847,0.35520023107528687,8.33,-3.548,-0.158,91.323,0.9945
250,20858.33,1,0.4587184190750122,0.49555331468582153,0.13216,0.37905678153038025,8.357,-3.573,-0.277,91.176,0.99316
251,20941.67,1,0.6450679302215576,0.6103572845458984,0.06735,0.36560848355293274,8.588,-3.435,-0.367,91.241,0.99354
252,21025.0,1,0.7112082242965698,0.6702648401260376,0.03881,0.3437999188899994,8.721,-3.445,-0.432,91.167,0.9943
253,21108.33,1,0.7037370204925537,0.6598763465881348,0.04506,0.3355346918106079,8.764,-3.486,-0.354,91.165,0.99326
254,21191.67,1,0.5299074649810791,0.5210464000701904,0.10843,0.31543460488319397,8.579,-3.397,-0.274,91.119,0.99287
255,21275.0,1,0.4528256356716156,0.4486045241355896,0.14107,0.26559749245643616,8.424,-3.549,-0.285,91.237,0.99316
256,21358.33,1,0.4148578643798828,0.40748509764671326,0.16053,0.2793837785720825,8.398,-3.735,-0.324,91.121,0.99298
257,21441.67,1,0.3909938335418701,0.37545469403266907,0.17834,0.2368764579296112,8.423,-3.798,-0.395,91.186,0.99305
258,21525.0,1,0.3884354531764984,0.3758387863636017,0.18196,0.20222221314907074,8.315,-3.9,-0.436,91.185,0.99314
259,21610.0,1,0.38183045387268066,0.3792741596698761,0.1824,0.21598902344703674,8.311,-3.911,-0.515,91.287,0.99263
260,21693.33,1,0.3934219181537628,0.39321139454841614,0.17456,0.2247185856103897,8.385,-3.884,-0.56,91.235,0.99348
261,21776.67,1,0.40759339928627014,0.39802780747413635,0.1673,0.20631198585033417,8.499,-3.846,-0.567,91.276,0.99266
262,21860.0,1,0.41631901264190674,0.405550479888916,0.16337,0.2018352895975113,8.607,-3.756,-0.535,91.17,0.99275
263,21943.33,1,0.425685852766037,0.4161313474178314,0.15888,0.2058165818452835,8.611,-3.725,-0.512,91.245,0.99369
264,22026.67,1,0.4311830699443817,0.42871737480163574,0.15695,0.2254095822572708,8.386,-3.746,-0.477,91.182,0.99344
265,22110.0,1,0.38876768946647644,0.4117308557033539,0.1755,0.22504642605781555,8.04,-3.782,-0.511,91.243,0.99409
266,22193.33,1,0.3600515127182007,0.4035796523094177,0.18697,0.22173772752285004,7.832,-3.726,-0.509,91.127,0.99278
267,22276.67,1,0.3625824749469757,0.40382131934165955,0.18704,0.23056474328041077,7.577,-3.602,-0.449,91.197,0.99351
268,22360.0,1,0.35203996300697327,0.3996233344078064,0.19053,0.23548394441604614,7.253,-3.63,-0.454,91.167,0.99332
269,22443.33,1,0.3604007661342621,0.4139692783355713,0.18461,0.24341757595539093,6.984,-3.582,-0.495,91.178,0.99341
270,22526.67,1,0.3742627501487732,0.4126380681991577,0.17825,0.23241159319877625,6.899,-3.588,-0.494,91.164,0.99334
271,22610.0,1,0.3800226151943207,0.41829022765159607,0.17682,0.23456157743930817,6.798,-3.569,-0.456,91.157,0.9935
272,22693.33,1,0.37784796953201294,0.41909196972846985,0.17537,0.23794929683208466,6.619,-3.647,-0.481,91.062,0.99427
273,22776.67,1,0.3709464967250824,0.421633780002594,0.17628,0.225665882229805,6.334,-3.656,-0.544,91.103,0.99427
274,22860.0,1,0.3761714696884155,0.42904430627822876,0.17534,0.22108124196529388,6.269,-3.602,-0.569,91.022,0.99417
275,22945.0,1,0.3737638294696808,0.4256170392036438,0.17746,0.20860181748867035,6.243,-3.628,-0.635,91.143,0.99482
276,23028.33,1,0.36884957551956177,0.4114331305027008,0.18099,0.2149171531200409,6.244,-3.619,-0.63,91.053,0.9945
277,23111.67,1,0.3725859820842743,0.41092926263809204,0.18097,0.2137608528137207,6.284,-3.575,-0.614,91.082,0.99361
278,23195.0,1,0.37144073843955994,0.40976616740226746,0.1812,0.2152363508939743,6.276,-3.544,-0.629,91.018,0.99517
279,23278.33,1,0.3732324242591858,0.4107619822025299,0.18163,0.20941685140132904,6.243,-3.513,-0.645,91.087,0.99399
280,23361.67,1,0.3737122714519501,0.408132404088974,0.18231,0.1983160376548767,6.206,-3.456,-0.676,90.97,0.99309
281,23445.0,1,0.3736787438392639,0.4072103202342987,0.18199,0.19273634254932404,6.093,-3.368,-0.684,91.042,0.99397
282,23528.33,1,0.3630346655845642,0.42523831129074097,0.17838,0.21488983929157257,5.883,-3.171,-1.029,90.993,0.99307
283,23611.67,1,0.3514750897884369,0.44162365794181824,0.17873,0.22832965850830078,5.796,-3.05,-1.336,91.111,0.99366
284,23695.0,1,0.3540082275867462,0.4434686005115509,0.17985,0.22532880306243896,5.641,-3.03,-1.334,91.069,0.99398
285,23778.33,1,0.6046016216278076,0.619784414768219,0.07885,0.22646945714950562,5.812,-3.069,-1.282,91.133,0.99439
286,23861.67,1,0.6278140544891357,0.6414084434509277,0.06442,0.2433847188949585,5.949,-3.214,-1.103,91.083,0.99401
287,23945.0,1,0.5204083919525146,0.5556827187538147,0.10504,0.2497694045305252,6.023,-3.308,-0.902,91.189,0.99269
288,24028.33,1,0.4400463402271271,0.4880838692188263,0.14047,0.2514840364456177,6.074,-3.383,-0.833,91.142,0.99386
289,24111.67,1,0.359582781791687,0.42361781001091003,0.17847,0.250270813703537,5.914,-3.428,-0.814,91.242,0.99334
290,24195.0,1,0.3202788829803467,0.3670382797718048,0.20719,0.23632578551769257,5.749,-3.532,-0.781,91.149,0.99305
291,24278.33,1,0.2827017307281494,0.32769665122032166,0.2308,0.22799977660179138,5.46,-3.541,-0.761,91.255,0.99243
292,24363.33,1,0.29713982343673706,0.332658976316452,0.23116,0.20893147587776184,5.32,-3.631,-0.802,91.228,0.9924
293,24446.67,1,0.2942538559436798,0.33043843507766724,0.23522,0.16075631976127625,5.343,-3.682,-0.814,91.383,0.99341
294,24530.0,1,0.2930571734905243,0.3233967125415802,0.23687,0.14119835197925568,5.349,-3.765,-0.83,91.406,0.99393
295,24613.33,1,0.2959006428718567,0.3212035894393921,0.23569,0.14178825914859772,5.349,-3.807,-0.836,91.498,0.99293
296,24696.67,1,0.3041202425956726,0.33129048347473145,0.23159,0.15331856906414032,5.305,-3.822,-0.801,91.521,0.99391
297,24780.0,1,0.2964191436767578,0.3401568830013275,0.23045,0.2179405391216278,5.203,-3.84,-0.908,91.754,0.99446
298,24863.33,1,0.26873230934143066,0.3350050449371338,0.23551,0.2699927091598511,4.918,-3.835,-0.866,91.822,0.99406
299,24946.67,1,0.26904693245887756,0.3220437467098236,0.23617,0.2605171799659729,4.717,-3.95,-0.84,91.881,0.99375
300,25030.0,1,0.2629051208496094,0.317400187253952,0.2412,0.23637765645980835,4.385,-4.102,-0.887,91.951,0.9919
301,25113.33,1,0.2880481779575348,0.33166423439979553,0.23357,0.15864397585391998,4.041,-4.296,-1.018,92.22,0.9927
302,25196.67,1,0.30263686180114746,0.32965853810310364,0.22955,0.12619782984256744,3.853,-4.329,-1.277,92.351,0.99315
303,25280.0,1,0.3090992271900177,0.31822070479393005,0.23503,0.11068077385425568,3.795,-4.312,-1.305,92.568,0.99406
304,25363.33,1,0.2954529821872711,0.3314570486545563,0.2288,0.12886309623718262,3.971,-4.114,-1.664,92.592,0.99322
305,25446.67,1,0.24812951683998108,0.33524543046951294,0.22631,0.23046599328517914,4.17,-3.948,-2.107,92.747,0.99414
306,25530.0,1,0.23532366752624512,0.3480568528175354,0.22946,0.26639440655708313,4.168,-3.281,-2.538,92.835,0.99443
307,25613.33,1,0.23521004617214203,0.3489658534526825,0.23195,0.257781445980072,4.133,-3.196,-2.839,93.043,0.99474
308,25696.67,1,0.2276347130537033,0.34195441007614136,0.2401,0.27990463376045227,4.199,-2.903,-3.062,93.211,0.99493
309,25781.67,1,0.23053550720214844,0.3617309331893921,0.2343,0.30130839347839355,4.379,-2.759,-3.142,93.511,0.99585
310,25865.0,1,0.23057636618614197,0.36523211002349854,0.23464,0.3001197874546051,4.421,-2.763,-3.185,93.572,0.99516
311,25948.33,1,0.2335393726825714,0.3652656376361847,0.235,0.29317930340766907,4.446,-2.723,-3.16,93.728,0.99538
312,26031.67,1,0.23684626817703247,0.37194472551345825,0.2334,0.2766630947589874,4.545,-2.602,-3.188,93.662,0.99578
313,26115.0,1,0.23767726123332977,0.3843443691730499,0.22985,0.23972748219966888,4.755,-2.619,-3.044,93.779,0.9955
314,26198.33,1,0.24962258338928223,0.3983200192451477,0.22465,0.22145186364650726,4.603,-2.766,-2.957,93.724,0.99661
315,26281.67,1,0.24585647881031036,0.3916947841644287,0.22873,0.218174546957016,4.498,-2.896,-2.837,93.871,0.99742
316,26365.0,1,0.2654466927051544,0.39052316546440125,0.22697,0.22887451946735382,4.439,-3.128,-2.623,93.849,0.99718
317,26448.33,1,0.27121701836586,0.3853040039539337,0.22494,0.23587307333946228,4.205,-3.327,-2.55,94.01,0.99736
318,26531.67,1,0.26460549235343933,0.37736406922340393,0.22516,0.23425565659999847,4.15,-3.338,-2.47,94.174,0.99816
319,26615.0,1,0.27132222056388855,0.3722061216831207,0.22811,0.2581942677497864,4.151,-3.335,-2.439,94.495,0.99963
320,26698.33,1,0.17617852985858917,0.2510361969470978,0.28338,0.2972029149532318,4.172,-3.27,-2.584,94.676,0.99874
321,26781.67,1,0.10020063072443008,0.14170962572097778,0.33126,0.2893197238445282,4.269,-3.329,-2.38,94.794,0.99825
322,26865.0,1,0.08869015425443649,0.13391803205013275,0.33932,0.2722875773906708,4.397,-3.411,-2.105,94.663,0.99901
323,26948.33,1,0.09563977271318436,0.14919117093086243,0.32714,0.28924161195755005,4.711,-3.775,-1.642,94.622,0.99723
324,27031.67,1,0.10601773858070374,0.13035017251968384,0.3338,0.2875864505767822,4.761,-4.206,-1.007,94.5,0.99753
325,27115.0,1,0.12012764811515808,0.13990816473960876,0.3337,0.2847065031528473,4.66,-4.408,-0.534,94.725,0.9979
326,27200.0,1,0.12387596070766449,0.19480179250240326,0.3142,0.2741628587245941,4.054,-4.813,-0.095,94.878,0.99742
327,27283.33,1,0.14490783214569092,0.21664555370807648,0.30648,0.2792799174785614,3.596,-5.049,-0.109,95.252,0.99756
328,27366.67,1,0.2234770655632019,0.3510342538356781,0.24146,0.24972742795944214,3.25,-5.184,-0.155,95.488,0.99801
329,27450.0,1,0.5053584575653076,0.5909243226051331,0.0963,0.2621539533138275,2.989,-5.352,-0.621,95.903,0.99889
330,27533.33,1,0.48184657096862793,0.59820556640625,0.10595,0.2800387740135193,3.178,-5.277,-1.242,96.422,0.99806
331,27616.67,1,0.3748287558555603,0.4999675750732422,0.16058,0.24493014812469482,3.225,-5.191,-1.791,96.978,0.9998
332,27700.0,1,0.3267648220062256,0.4503851532936096,0.18628,0.245848149061203,3.549,-4.957,-2.018,97.193,0.99904
333,27783.33,1,0.28829893469810486,0.39253681898117065,0.21276,0.23999935388565063,3.7,-4.822,-2.13,97.774,0.99952
334,27866.67,1,0.28098705410957336,0.3883134126663208,0.21559,0.23577271401882172,4.01,-4.719,-2.253,98.014,1.00107
335,27950.0,1,0.2793692648410797,0.3896111249923706,0.21294,0.23170895874500275,4.503,-4.602,-2.242,98.29,1.00065
336,28033.33,1,0.27537304162979126,0.36955487728118896,0.21578,0.1968899965286255,4.881,-4.6,-2.192,98.12,1.00061
337,28116.67,1,0.2724825143814087,0.35305845737457275,0.21819,0.19865892827510834,5.123,-4.499,-1.864,97.974,1.00064
338,28200.0,1,0.27695491909980774,0.34403160214424133,0.21946,0.1963973343372345,5.08,-4.519,-1.722,97.836,1.0006
339,28283.33,1,0.280781626701355,0.3441518545150757,0.21902,0.20597735047340393,5.001,-4.497,-1.68,98.019,1.00079
340,28366.67,1,0.2793862223625183,0.34260252118110657,0.21937,0.20505040884017944,4.912,-4.465,-1.65,97.929,1.00132
341,28450.0,1,0.2770122289657593,0.33867061138153076,0.22108,0.2098148614168167,4.83,-4.425,-1.654,97.981,1.00108
342,28535.0,1,0.34833022952079773,0.4180079698562622,0.1813,0.21965578198432922,4.845,-4.32,-1.575,97.809,1.00053
343,28618.33,1,0.38527289032936096,0.44513463973999023,0.16731,0.23007264733314514,4.839,-4.318,-1.49,97.814,1.00054
344,28701.67,1,0.6838701963424683,0.687084436416626,0.03896,0.20502233505249023,5.104,-4.195,-1.538,97.706,1.00091
345,28785.0,1,0.581281304359436,0.6377177834510803,0.06533,0.21750424802303314,5.559,-4.162,-1.353,97.574,1.00084
346,28868.33,1,0.5373331308364868,0.6041210889816284,0.07941,0.2373485565185547,6.223,-4.264,-1.327,97.245,1.00086
347,28951.67,1,0.7178270220756531,0.7229295969009399,0.02302,0.2313978374004364,6.387,-4.415,-1.477,97.094,1.00044
348,29035.0,1,0.6329240798950195,0.6598085761070251,0.04808,0.2386634647846222,6.342,-4.428,-1.422,96.75,1.00058
349,29118.33,1,0.6031522750854492,0.6077992916107178,0.07285,0.24425996840000153,6.244,-4.48,-1.294,96.63,0.99976
350,29201.67,1,0.5647311806678772,0.5815088748931885,0.08921,0.24593964219093323,6.249,-4.542,-1.205,96.407,0.99964
351,29285.0,1,0.4935573935508728,0.5423736572265625,0.1148,0.24049566686153412,5.928,-4.609,-1.238,96.357,1.00024
352,29368.33,1,0.41539421677589417,0.5030717253684998,0.14184,0.21179252862930298,5.358,-4.769,-1.323,96.248,0.99909
353,29451.67,1,0.3658446967601776,0.4558202922344208,0.1711,0.19913558661937714,5.005,-4.668,-1.319,96.281,0.99959
354,29535.0,1,0.3737648129463196,0.4246591329574585,0.17977,0.16754688322544098,4.955,-4.785,-1.419,96.207,0.99977
355,29618.33,1,0.4044068157672882,0.4069730341434479,0.17889,0.15035128593444824,4.593,-4.463,-1.26,96.367,1.00089
356,29701.67,1,0.40884140133857727,0.4075023829936981,0.17916,0.17630940675735474,4.382,-4.41,-1.395,96.327,0.99956
357,29785.0,1,0.3590187728404999,0.3940734267234802,0.19024,0.21129341423511505,4.476,-4.292,-1.637,96.35,0.99989
358,29868.33,1,0.33905789256095886,0.3925122618675232,0.19676,0.24058368802070618,4.413,-4.257,-1.665,96.193,0.99902
359,29953.33,1,0.3302345871925354,0.389774888753891,0.19844,0.23021899163722992,4.353,-4.208,-1.658,96.164,0.99949
360,30036.67,1,0.3302456736564636,0.390267014503479,0.19932,0.22448045015335083,4.299,-4.19,-1.663,96.184,0.99861
361,30120.0,1,0.3323321044445038,0.39269256591796875,0.19982,0.23370759189128876,4.281,-4.169,-1.672,96.362,0.99887
362,30203.33,1,0.33326783776283264,0.39525938034057617,0.19928,0.2313404530286789,4.287,-4.14,-1.692,96.283,0.99926
363,30286.67,1,0.3317822217941284,0.39521563053131104,0.19996,0.22608831524848938,4.355,-4.13,-1.688,96.418,0.99957
364,30370.0,1,0.330122172832489,0.3928440511226654,0.20295,0.2293936014175415,4.525,-4.09,-1.669,96.379,0.99958
365,30453.33,1,0.3304138779640198,0.38448455929756165,0.2038,0.26792311668395996,4.629,-4.05,-1.658,96.547,0.99913
366,30536.67,1,0.3300515413284302,0.3620777428150177,0.20609,0.2872542440891266,4.567,-3.97,-1.538,96.648,0.99986
367,30620.0,1,0.3270014524459839,0.3621462285518646,0.20564,0.27995195984840393,4.599,-3.924,-1.569,96.59,1.00014
368,30703.33,1,0.3252905607223511,0.3671015501022339,0.20394,0.2669622302055359,4.6,-3.918,-1.525,96.304,0.99939
369,30786.67,1,0.3277769088745117,0.36544597148895264,0.20394,0.26426494121551514,4.11,-4.017,-1.456,96.344,1.00016
370,30870.0,1,0.31687939167022705,0.35568898916244507,0.21161,0.2466621696949005,4.075,-4.046,-1.492,96.367,0.99994
371,30953.33,1,0.26951998472213745,0.32983019948005676,0.23096,0.2291404753923416,4.641,-4.023,-1.439,96.259,0.99892
372,31036.67,1,0.27617573738098145,0.3541167080402374,0.22169,0.22985877096652985,4.664,-3.972,-1.415,96.255,0.99932
373,31120.0,1,0.29473254084587097,0.34151530265808105,0.22204,0.24045522511005402,4.274,-3.898,-1.307,96.317,0.99912
374,31203.33,1,0.29213947057724,0.34054237604141235,0.21905,0.27274608612060547,4.222,-3.561,-1.056,95.979,0.99862
375,31288.33,1,0.2597203552722931,0.306643545627594,0.23504,0.27238142490386963,3.947,-2.895,-0.877,95.943,0.99774
376,31371.67,1,0.256777822971344,0.29011353850364685,0.24186,0.29556700587272644,3.531,-2.5,-0.967,95.948,0.99923
377,31455.0,1,0.2539367079734802,0.30741432309150696,0.23663,0.302491694688797,3.652,-2.497,-0.943,96.009,0.99935
378,31538.33,1,0.2544785737991333,0.29613444209098816,0.24217,0.2922298014163971,3.672,-2.599,-0.968,95.874,0.99862
379,31621.67,1,0.2677556574344635,0.2953328788280487,0.23728,0.2475948929786682,3.844,-2.524,-0.994,95.836,0.99893
380,31705.0,1,0.26805344223976135,0.30085113644599915,0.23283,0.2097642570734024,4.329,-2.057,-1.332,95.683,0.99862
381,31788.33,1,0.28181472420692444,0.2560795843601227,0.24415,0.20289598405361176,4.358,-1.335,-1.742,95.991,0.99894
382,31871.67,1,0.2704334557056427,0.2446553260087967,0.24834,0.21439851820468903,4.342,-1.325,-2.075,96.244,0.99841
383,31955.0,1,0.26750001311302185,0.22960221767425537,0.25779,0.21482731401920319,4.379,-0.692,-2.036,96.698,0.99948
384,32038.33,1,0.27755382657051086,0.2630711495876312,0.25341,0.25352218747138977,4.085,-0.098,-2.206,97.266,1.00028
385,32121.67,1,0.28660348057746887,0.2743588984012604,0.2502,0.28888943791389465,4.917,0.057,-2.208,97.772,1.00108
386,32205.0,1,0.2587892413139343,0.2717605531215668,0.25497,0.23419182002544403,5.545,0.176,-1.85,97.732,1.00104
387,32288.33,1,0.2738405168056488,0.33726581931114197,0.23023,0.27186018228530884,5.208,-0.023,-1.86,98.151,1.00094
388,32371.67,1,0.3390014171600342,0.3810490667819977,0.18149,0.15993304550647736,4.878,-0.69,-1.575,98.416,1.00127
389,32455.0,1,0.33080577850341797,0.3826788365840912,0.16814,0.18922507762908936,5.336,-1.06,-1.189,98.321,1.00279
390,32538.33,1,0.29442593455314636,0.41578274965286255,0.17589,0.21296021342277527,5.799,-2.301,-0.905,97.812,1.00155
391,32621.67,1,0.2941673994064331,0.4577364921569824,0.17944,0.27707645297050476,4.691,-3.53,-0.832,98.029,1.0013
392,32706.67,1,0.2587842345237732,0.3308323919773102,0.2285,0.23284684121608734,3.591,-4.081,-0.588,98.051,1.0013
393,32790.0,1,0.27221357822418213,0.30610227584838867,0.22987,0.1705825924873352,3.523,-4.027,-0.117,97.846,1.00254
394,32873.33,1,0.2664371132850647,0.2827945947647095,0.23894,0.14411203563213348,3.207,-4.47,0.059,97.509,1.00406
395,32956.67,1,0.2701073884963989,0.30762308835983276,0.24164,0.17458224296569824,2.44,-5.101,0.245,97.593,1.003
396,33040.0,1,0.2612682580947876,0.2990165054798126,0.24566,0.13353365659713745,2.227,-5.409,0.506,97.577,1.00267
397,33123.33,1,0.2985149919986725,0.3016822636127472,0.23703,0.1027747243642807,2.146,-5.457,0.658,97.821,1.00222
398,33206.67,1,0.33037883043289185,0.3105809688568115,0.22388,0.06246814504265785,2.078,-5.618,0.858,98.112,1.00231
399,33290.0,1,0.39523017406463623,0.3620859980583191,0.19048,0.041484370827674866,2.251,-5.733,0.516,98.541,1.00451
400,33373.33,1,0.4302827715873718,0.4546332359313965,0.15223,0.0817265436053276,2.734,-5.767,-0.145,98.449,1.00493
401,33456.67,1,0.35716351866722107,0.4895341992378235,0.1612,0.1930256336927414,3.597,-5.51,-0.717,98.319,1.00528
402,33540.0,1,0.3198670446872711,0.42950183153152466,0.18434,0.1854514181613922,4.799,-5.022,-1.002,98.054,1.00363
403,33623.33,1,0.3392701745033264,0.4370618760585785,0.17671,0.19110751152038574,5.021,-4.695,-0.999,98.126,1.00373
404,33706.67,1,0.3570701479911804,0.49818432331085205,0.16079,0.16457581520080566,5.428,-4.575,-1.037,97.859,1.00258
405,33790.0,1,0.3772968649864197,0.5118457078933716,0.15149,0.22655966877937317,5.63,-4.306,-1.138,97.744,1.00192
406,33873.33,1,0.4144277572631836,0.5437649488449097,0.13226,0.21903522312641144,6.191,-4.353,-1.066,97.446,1.00246
407,33956.67,1,0.472189724445343,0.5533679723739624,0.11571,0.20763127505779266,6.297,-4.338,-0.853,97.321,1.00236
408,34040.0,1,0.4394253194332123,0.5322775840759277,0.12105,0.2171642929315567,6.078,-4.117,-0.717,97.069,1.00231
409,34125.0,1,0.4012943208217621,0.5068517923355103,0.13794,0.28561514616012573,5.342,-4.11,-0.563,97.064,1.00211
410,34208.33,1,0.37188228964805603,0.487347275018692,0.14921,0.2901918292045593,4.909,-4.212,-0.462,96.923,1.00161
411,34291.67,1,0.3910863399505615,0.47633394598960876,0.15068,0.29869571328163147,4.465,-4.285,-0.417,97.129,1.00193
412,34375.0,1,0.7116208076477051,0.7025995254516602,0.02959,0.283509761095047,4.634,-4.47,-0.771,97.158,1.0021
413,34458.33,1,0.7038332223892212,0.703136682510376,0.02634,0.2795094847679138,4.836,-4.453,-0.791,97.174,1.00195
414,34541.67,1,0.6673575639724731,0.6723026037216187,0.03986,0.25308501720428467,5.125,-4.361,-0.808,97.065,1.00106
415,34625.0,1,0.7398086190223694,0.7384073734283447,0.01452,0.23708727955818176,5.099,-4.325,-0.904,97.227,1.00135
416,34708.33,1,0.6807900667190552,0.7077606320381165,0.02863,0.22773316502571106,5.149,-4.293,-0.787,97.048,1.001
417,34791.67,1,0.5213624835014343,0.5871652364730835,0.09063,0.21853852272033691,5.102,-4.228,-0.688,97.08,1.00155
418,34875.0,1,0.4235180914402008,0.5173935294151306,0.13209,0.21607156097888947,5.059,-4.189,-0.635,96.95,1.00152
419,34958.33,1,0.39050528407096863,0.4756890833377838,0.15116,0.20500434935092926,4.848,-4.066,-0.572,96.958,1.00083
420,35041.67,1,0.3826485574245453,0.46310120820999146,0.1583,0.21912036836147308,4.677,-4.074,-0.578,96.966,1.00106
421,35125.0,1,0.4031173586845398,0.4535600244998932,0.15928,0.2306455671787262,4.463,-4.068,-0.543,97.044,1.00094
422,35208.33,1,0.3950657248497009,0.43332886695861816,0.16662,0.24559137225151062,4.368,-4.064,-0.683,96.936,1.00234
423,35291.67,1,0.3272484838962555,0.3812936246395111,0.19783,0.2549614906311035,4.332,-4.075,-0.723,96.957,1.00107
424,35375.0,1,0.28708457946777344,0.34252306818962097,0.22036,0.25693753361701965,4.398,-4.016,-0.642,96.823,1.00046
425,35458.33,1,0.2892419993877411,0.3494543135166168,0.22327,0.2715446949005127,4.358,-3.978,-0.558,96.925,1.00133
426,35543.33,1,0.1960086077451706,0.23477083444595337,0.27188,0.2764895558357239,4.462,-3.93,-0.586,96.73,1.0004
427,35626.67,1,0.14741665124893188,0.16636061668395996,0.30362,0.2675595283508301,4.482,-3.865,-0.658,96.803,1.00054
428,35710.0,1,0.11937817931175232,0.13561886548995972,0.317,0.25105801224708557,4.614,-3.724,-0.58,96.648,1.00063
429,35793.33,1,0.11190676689147949,0.12423931062221527,0.32836,0.26271674036979675,4.627,-3.725,-0.505,96.7,1.00071
430,35876.67,1,0.10176875442266464,0.11072815954685211,0.33401,0.2592836022377014,4.649,-3.801,-0.436,96.572,0.99983
431,35960.0,1,0.0967286229133606,0.10641777515411377,0.33734,0.2432105988264084,4.893,-3.899,-0.407,96.544,0.99945
432,36043.33,1,0.10554138571023941,0.11444035917520523,0.34078,0.23530766367912292,4.785,-3.889,-0.318,96.51,0.99998
433,36126.67,1,0.15268808603286743,0.1461036205291748,0.30992,0.2677415907382965,3.943,-4.321,-0.265,96.633,1.00023
434,36210.0,1,0.2534739375114441,0.26457440853118896,0.25501,0.2967926263809204,3.069,-4.828,0.057,96.528,0.99757
435,36293.33,1,0.15240460634231567,0.16576862335205078,0.30157,0.34709852933883667,3.191,-5.041,0.491,96.501,0.99836
436,36376.67,1,0.10763561725616455,0.12968005239963531,0.32105,0.3374791443347931,2.978,-4.982,-0.127,96.072,0.99739
437,36460.0,1,0.1195758506655693,0.11532623320817947,0.32524,0.2983607351779938,2.008,-4.927,-0.331,95.596,0.99658
438,36543.33,1,0.12427431344985962,0.13944199681282043,0.31609,0.31362682580947876,1.606,-5.214,-0.421,95.295,0.99549
439,36626.67,1,0.14127865433692932,0.16226913034915924,0.30777,0.21496449410915375,1.365,-5.549,-0.306,96.652,0.99392
440,36710.0,1,0.1414724737405777,0.1619352549314499,0.30818,0.13082647323608398,1.475,-5.656,-0.314,99.104,0.99684
441,36793.33,1,0.1336914747953415,0.15234026312828064,0.31305,0.12178198248147964,1.688,-5.672,-0.35,102.431,0.99978
442,36878.33,1,0.1367441564798355,0.14931482076644897,0.31385,0.13286589086055756,2.164,-5.932,-0.32,104.001,1.00389
443,36961.67,1,0.14349496364593506,0.16915231943130493,0.30687,0.15878048539161682,2.744,-6.077,-0.341,98.488,1.00194
444,37045.0,1,0.16866014897823334,0.20250286161899567,0.29248,0.16461431980133057,2.934,-5.993,-0.126,94.213,0.99824
445,37128.33,1,0.1846829503774643,0.21743403375148773,0.27385,0.1691070795059204,2.832,-5.933,0.077,91.83,0.99262
446,37211.67,1,0.2075166553258896,0.2507830262184143,0.2606,0.17175211012363434,2.702,-5.554,0.389,90.191,0.99119
447,37295.0,1,0.6856913566589355,0.6648319363594055,0.05028,0.18106766045093536,2.077,-5.345,0.422,89.813,0.99248
448,37378.33,1,0.7045336961746216,0.6771354675292969,0.03193,0.22470936179161072,2.138,-5.037,0.554,89.838,0.99207
449,37461.67,1,0.6973167657852173,0.6663599014282227,0.03111,0.24156656861305237,2.461,-4.736,0.561,90.523,0.99366
450,37545.0,1,0.7443628311157227,0.6795738935470581,0.01971,0.25870707631111145,3.117,-4.396,0.335,91.446,0.99426
451,37628.33,1,0.7183573246002197,0.6628453135490417,0.02762,0.2664099931716919,3.963,-4.138,-0.025,92.458,0.9963
452,37711.67,1,0.6111965179443359,0.5959635972976685,0.07763,0.26351332664489746,4.694,-4.082,-0.25,92.939,0.99686
453,37795.0,1,0.4801078736782074,0.5118060111999512,0.12963,0.2548738718032837,5.56,-4.033,-0.481,93.326,0.99816
454,37878.33,1,0.3524893820285797,0.4201212525367737,0.17958,0.23868486285209656,6.293,-4.24,-0.798,93.28,0.99966
455,37961.67,1,0.3059418797492981,0.40391096472740173,0.19977,0.24881796538829803,6.485,-4.516,-0.961,93.179,1.00087
456,38045.0,1,0.2554020583629608,0.3396177589893341,0.2315,0.3388977646827698,7.377,-4.806,-0.861,92.857,1.00092
457,38128.33,1,0.24473965167999268,0.31152603030204773,0.24411,0.5284109115600586,7.393,-5.02,-0.581,92.931,1.00073
458,38211.67,1,0.23717044293880463,0.29505687952041626,0.25459,0.46596166491508484,7.019,-5.241,-0.414,92.868,0.99987
459,38296.67,1,0.2335778921842575,0.28508904576301575,0.25095,0.5088735818862915,6.972,-5.542,-0.271,92.995,1.00016
460,38380.0,1,0.24063153564929962,0.2827370762825012,0.24928,0.4981078803539276,6.843,-5.717,-0.026,92.921,0.99952
461,38463.33,1,0.2456067055463791,0.25630342960357666,0.25539,0.47123420238494873,6.758,-5.682,0.141,93.031,0.99928
462,38546.67,1,0.25127774477005005,0.25644344091415405,0.25313,0.4733162820339203,6.472,-5.596,0.124,92.84,1.00012
463,38630.0,1,0.27278634905815125,0.25986891984939575,0.25209,0.470380574464798,6.113,-5.624,0.029,92.864,1.00034
464,38713.33,1,0.2953682243824005,0.32693150639533997,0.21796,0.5128653049468994,6.079,-5.409,-0.009,92.807,1.00029
465,38796.67,1,0.3164103627204895,0.3437945246696472,0.21017,0.46565303206443787,6.274,-5.246,0.126,92.994,0.99976
466,38880.0,1,0.3060735762119293,0.3399684429168701,0.21274,0.3940555453300476,6.339,-5.162,0.045,92.971,0.99952
467,38963.33,1,0.3238079249858856,0.34573444724082947,0.21212,0.3103955388069153,6.361,-5.041,0.016,93.018,1.00001
468,39046.67,1,0.32403263449668884,0.34547823667526245,0.21127,0.2795664668083191,6.473,-5.023,0.013,92.951,0.99973
469,39130.0,1,0.34322232007980347,0.36755654215812683,0.20078,0.2558535039424896,6.455,-5.171,-0.109,93.217,1.00058
470,39213.33,1,0.3401281237602234,0.3834816515445709,0.19429,0.24662113189697266,6.522,-5.184,-0.284,93.242,0.99971
471,39296.67,1,0.4100476801395416,0.41683319211006165,0.16905,0.2535337209701538,6.596,-5.258,-0.358,93.346,0.99985
472,39380.0,1,0.7426114082336426,0.670624852180481,0.02834,0.22900258004665375,6.961,-5.304,-0.512,93.279,1.00094
473,39463.33,1,0.7326786518096924,0.6853522062301636,0.02587,0.2552993595600128,6.968,-5.335,-0.391,93.282,1.00115
474,39546.67,1,0.4861823618412018,0.5024000406265259,0.12455,0.22729845345020294,6.514,-5.438,-0.381,93.121,1.00081
475,39631.67,1,0.40179353952407837,0.43878716230392456,0.15919,0.23156234622001648,6.491,-5.469,-0.444,93.032,1.00045
476,39715.0,1,0.37825310230255127,0.41189780831336975,0.17189,0.22786012291908264,6.483,-5.468,-0.457,92.932,1.00023
477,39798.33,1,0.35571062564849854,0.3953012228012085,0.18407,0.21190287172794342,6.258,-5.454,-0.415,92.938,1.00073
478,39881.67,1,0.3283792734146118,0.3715362250804901,0.19914,0.21324121952056885,6.124,-5.402,-0.301,92.912,1.00119
479,39965.0,1,0.3221767246723175,0.3771227300167084,0.19893,0.2521502673625946,6.271,-5.337,-0.222,92.821,1.00081
480,40048.33,1,0.32267406582832336,0.373586505651474,0.20019,0.2494482845067978,6.328,-5.26,-0.149,92.799,0.99939
481,40131.67,1,0.329374760389328,0.373148649930954,0.2027,0.2499193698167801,6.245,-5.242,-0.1,92.923,1.00117
482,40215.0,1,0.3142913579940796,0.36215606331825256,0.2059,0.25253742933273315,5.96,-5.246,-0.093,92.785,1.00141
483,40298.33,1,0.2947913408279419,0.3284905254840851,0.22115,0.24342314898967743,5.965,-5.23,-0.115,92.779,1.00107
484,40381.67,1,0.2839447855949402,0.3165648579597473,0.22693,0.2464684396982193,5.856,-5.222,-0.151,92.634,1.00021
485,40465.0,1,0.27572908997535706,0.3082605302333832,0.23243,0.24406258761882782,5.719,-5.16,-0.097,92.602,0.99984
486,40548.33,1,0.27203112840652466,0.30457842350006104,0.23496,0.2370041459798813,5.685,-5.181,-0.097,92.528,1.00079
487,40631.67,1,0.27166324853897095,0.3041660785675049,0.23532,0.2344466894865036,5.686,-5.186,-0.13,92.487,1.00007
488,40715.0,1,0.2724570333957672,0.3060540556907654,0.23354,0.23331418633460999,5.642,-5.19,-0.151,92.427,1.0
489,40798.33,1,0.27358514070510864,0.3047111928462982,0.23446,0.23447908461093903,5.418,-5.226,-0.176,92.438,1.00057
490,40881.67,1,0.27258971333503723,0.3076212704181671,0.23201,0.23183587193489075,5.418,-5.22,-0.192,92.384,0.99984
491,40965.0,1,0.2724359333515167,0.31098413467407227,0.2309,0.23078572750091553,5.436,-5.219,-0.212,92.399,1.00033
492,41050.0,1,0.30477210879325867,0.35448265075683594,0.21133,0.2326013296842575,5.454,-5.156,-0.204,92.457,1.00051
493,41133.33,1,0.618624210357666,0.5844784379005432,0.07806,0.2440396398305893,5.587,-5.084,-0.262,92.519,1.00114
494,41216.67,1,0.5122442841529846,0.5488203763961792,0.10719,0.254954993724823,5.647,-5.055,-0.264,92.476,1.0002
495,41300.0,1,0.387339323759079,0.44963377714157104,0.15816,0.25274547934532166,5.599,-5.088,-0.299,92.5,1.00075
496,41383.33,1,0.3209109604358673,0.3835594356060028,0.19154,0.24456389248371124,5.48,-5.103,-0.303,92.492,1.00073
497,41466.67,1,0.3006286323070526,0.3679576516151428,0.20246,0.23797208070755005,5.397,-5.079,-0.309,92.528,1.00078
498,41550.0,1,0.2910424768924713,0.36155152320861816,0.2092,0.23504087328910828,5.395,-5.053,-0.325,92.501,1.00093
499,41633.33,1,0.6788399815559387,0.6595635414123535,0.04818,0.2291344404220581,5.407,-5.026,-0.395,92.611,1.00088
500,41716.67,1,0.6750136017799377,0.6369078159332275,0.04646,0.21641767024993896,5.479,-5.005,-0.465,92.599,1.00095
501,41800.0,1,0.4903309941291809,0.5121250152587891,0.11532,0.22585918009281158,5.43,-5.016,-0.433,92.601,1.00097
502,41883.33,1,0.34750717878341675,0.3983227014541626,0.17767,0.23366232216358185,5.42,-5.073,-0.433,92.581,1.00036
503,41966.67,1,0.30454233288764954,0.35367223620414734,0.20385,0.2333003431558609,5.382,-5.114,-0.441,92.638,1.00042
504,42050.0,1,0.28636062145233154,0.33201438188552856,0.21697,0.23310086131095886,5.382,-5.109,-0.434,92.632,1.00174
505,42133.33,1,0.27974435687065125,0.3310023844242096,0.22054,0.23080380260944366,5.369,-5.105,-0.419,92.655,1.00045
506,42216.67,1,0.27619799971580505,0.3292970061302185,0.22413,0.2323450744152069,5.257,-5.088,-0.392,92.626,0.99999
507,42300.0,1,0.2795003652572632,0.33355921506881714,0.22489,0.22330310940742493,5.144,-5.134,-0.382,92.692,1.00128
508,42383.33,1,0.2818634808063507,0.33345404267311096,0.22539,0.20153097808361053,5.137,-5.179,-0.355,92.609,1.00068
509,42468.33,1,0.28545117378234863,0.3347279131412506,0.22499,0.1902218908071518,5.141,-5.196,-0.369,92.576,1.00126
510,42551.67,1,0.28865429759025574,0.33634647727012634,0.22505,0.1898428499698639,5.115,-5.192,-0.381,92.53,1.00098
511,42635.0,1,0.29477307200431824,0.33713680505752563,0.22422,0.18999479711055756,5.071,-5.167,-0.38,92.652,0.99972
512,42718.33,1,0.675302267074585,0.5939636826515198,0.06773,0.20588845014572144,5.073,-5.162,-0.588,92.721,1.00099
513,42801.67,1,0.691617488861084,0.6212834119796753,0.05068,0.20139910280704498,5.104,-5.132,-0.657,92.699,1.00101
514,42885.0,1,0.5299768447875977,0.5420788526535034,0.10167,0.2035403549671173,5.079,-5.139,-0.651,92.626,1.00151
515,42968.33,1,0.5112157464027405,0.5330401659011841,0.10951,0.19963151216506958,5.095,-5.145,-0.658,92.624,1.00181
516,43051.67,1,0.7348630428314209,0.6803839206695557,0.03146,0.19310900568962097,4.972,-5.064,-0.813,92.596,1.00117
517,43135.0,1,0.6986600160598755,0.6609442234039307,0.04153,0.20241086184978485,4.978,-5.069,-0.759,92.574,1.00078
518,43218.33,1,0.4479052722454071,0.4754180312156677,0.13812,0.20028571784496307,4.858,-5.085,-0.74,92.479,1.00001
519,43301.67,1,0.3544329106807709,0.40352874994277954,0.18356,0.19102050364017487,4.728,-5.131,-0.725,92.491,0.99977
520,43385.0,1,0.32290133833885193,0.3757287263870239,0.20114,0.18606369197368622,4.691,-5.146,-0.72,92.478,0.99986
521,43468.33,1,0.3165775537490845,0.36988916993141174,0.20697,0.1907489001750946,4.652,-5.091,-0.69,92.482,1.00137
522,43551.67,1,0.31659409403800964,0.36609897017478943,0.20884,0.19579407572746277,4.602,-5.079,-0.685,92.444,1.00199
523,43635.0,1,0.30666542053222656,0.35235321521759033,0.21561,0.193627268075943,4.573,-5.068,-0.676,92.419,1.00088
524,43718.33,1,0.30257174372673035,0.3445886969566345,0.21943,0.19342860579490662,4.527,-5.082,-0.661,92.363,1.00133
525,43801.67,1,0.2998254895210266,0.34650468826293945,0.22083,0.17684876918792725,4.321,-5.16,-0.705,92.362,1.00202
526,43886.67,1,0.2972804009914398,0.3451973497867584,0.22192,0.17795343697071075,4.201,-5.18,-0.764,92.323,1.00153
527,43970.0,1,0.2990141212940216,0.34904852509498596,0.22007,0.1792466789484024,4.171,-5.191,-0.779,92.285,1.00109
528,44053.33,1,0.29523733258247375,0.3473610579967499,0.22061,0.17471985518932343,4.194,-5.187,-0.771,92.243,1.00084
529,44136.67,1,0.29548540711402893,0.34876400232315063,0.22034,0.16826017200946808,4.183,-5.176,-0.784,92.272,1.00093
530,44220.0,1,0.29528889060020447,0.352601557970047,0.21879,0.16821463406085968,4.201,-5.16,-0.796,92.244,1.00027
531,44303.33,1,0.2975320816040039,0.3550892174243927,0.21827,0.16414444148540497,4.159,-5.152,-0.818,92.279,1.0005
532,44386.67,1,0.2967510223388672,0.3595055043697357,0.21733,0.1574406623840332,4.237,-5.098,-0.846,92.282,1.00103
533,44470.0,1,0.44979289174079895,0.4917442202568054,0.14357,0.1573271006345749,4.278,-4.999,-0.871,92.34,1.00093
534,44553.33,1,0.6781458854675293,0.660925030708313,0.05084,0.16691702604293823,4.281,-4.87,-0.969,92.332,1.00094
535,44636.67,1,0.6108292937278748,0.6228601336479187,0.06997,0.17660164833068848,4.347,-4.861,-0.966,92.341,1.00144
536,44720.0,1,0.5888288617134094,0.6023406982421875,0.08022,0.1743287593126297,4.425,-4.785,-0.889,92.311,1.00116
537,44803.33,1,0.5693705081939697,0.589601993560791,0.08833,0.17773501574993134,4.395,-4.796,-0.824,92.277,1.00058
538,44886.67,1,0.5361911058425903,0.5768907070159912,0.09895,0.182939812541008,4.385,-4.827,-0.835,92.216,0.99995
539,44970.0,1,0.5181862115859985,0.5625787973403931,0.1055,0.18710830807685852,4.399,-4.867,-0.86,92.14,1.00078
540,45053.33,1,0.49743029475212097,0.5511519312858582,0.11488,0.18295836448669434,4.466,-4.874,-0.921,92.157,1.00144
541,45136.67,1,0.4888501763343811,0.5433129072189331,0.11946,0.18226461112499237,4.459,-4.913,-0.93,92.267,1.00115
542,45221.67,1,0.48755860328674316,0.5420051217079163,0.1192,0.1809820979833603,4.473,-4.91,-0.882,92.134,1.00063
543,45305.0,1,0.4892137050628662,0.5411645174026489,0.1188,0.1792972832918167,4.47,-4.882,-0.889,92.181,1.00014
544,45388.33,1,0.48557665944099426,0.5358031392097473,0.12125,0.1752055585384369,4.455,-4.861,-0.901,92.096,1.00025
545,45471.67,1,0.48293107748031616,0.535380482673645,0.12191,0.17507991194725037,4.441,-4.869,-0.927,92.097,0.99941
546,45555.0,1,0.479837566614151,0.5355857610702515,0.12233,0.17824558913707733,4.422,-4.859,-0.931,92.061,0.99991
547,45638.33,1,0.4789234399795532,0.5362886190414429,0.12235,0.17939718067646027,4.406,-4.859,-0.935,92.112,1.00153
548,45721.67,1,0.4797297418117523,0.5363330841064453,0.12077,0.1692335605621338,4.418,-4.862,-0.943,92.116,1.00225
549,45805.0,1,0.48106685280799866,0.5374525785446167,0.11889,0.1704978346824646,4.401,-4.867,-0.925,92.121,1.00093
550,45888.33,1,0.6620309948921204,0.664577841758728,0.04733,0.17569610476493835,4.403,-4.762,-0.999,92.135,1.00105
551,45971.67,1,0.6990833282470703,0.6951907873153687,0.03115,0.18486149609088898,4.459,-4.761,-1.013,92.113,1.0012
552,46055.0,1,0.6369518041610718,0.6677083969116211,0.04821,0.18478696048259735,4.522,-4.778,-0.898,92.07,1.00126
553,46138.33,1,0.6013778448104858,0.6235250234603882,0.06886,0.1608416736125946,4.411,-4.902,-0.993,92.122,1.00071
554,46221.67,1,0.5896095633506775,0.6207219362258911,0.07501,0.16754455864429474,4.274,-4.958,-1.072,92.142,1.00018
555,46305.0,1,0.5901983976364136,0.6221524477005005,0.07571,0.17785897850990295,4.224,-4.872,-1.126,92.214,1.00043
556,46388.33,1,0.5926295518875122,0.6214017271995544,0.07426,0.18502682447433472,4.217,-4.863,-1.199,92.22,1.0003
557,46471.67,1,0.6021392345428467,0.6206629276275635,0.07253,0.178019717335701,4.354,-4.845,-1.215,92.228,1.00055
558,46555.0,1,0.7361550331115723,0.7080519199371338,0.03003,0.158378466963768,4.487,-4.746,-1.264,92.296,1.00079
559,46640.0,1,0.715035080909729,0.6876574754714966,0.03588,0.16512982547283173,4.631,-4.687,-1.251,92.302,1.0003
560,46723.33,1,0.6584941148757935,0.6599346399307251,0.05222,0.16708794236183167,4.804,-4.796,-1.207,92.249,1.00108
561,46806.67,1,0.59767746925354,0.6333048343658447,0.06891,0.1803203672170639,4.848,-4.831,-1.131,92.247,1.0012
562,46890.0,1,0.5958892703056335,0.6339443922042847,0.06908,0.18952061235904694,4.961,-4.864,-1.148,92.166,1.00056
563,46973.33,1,0.5840417146682739,0.6280828714370728,0.07241,0.19335304200649261,4.969,-4.818,-1.136,92.217,1.0007
564,47056.67,1,0.5826284289360046,0.6228047609329224,0.07349,0.19655561447143555,4.952,-4.784,-1.16,92.221,0.99996
565,47140.0,1,0.5861718654632568,0.6188759803771973,0.07377,0.19657686352729797,5.03,-4.64,-1.189,92.208,0.99962
566,47223.33,1,0.595763087272644,0.6253929138183594,0.07035,0.18886996805667877,5.441,-4.43,-1.079,92.09,1.00069
567,47306.67,1,0.6120122671127319,0.63078773021698,0.06456,0.1874387413263321,5.805,-4.391,-0.922,91.985,1.00098
568,47390.0,1,0.7241826057434082,0.6968986988067627,0.02846,0.18250449001789093,5.991,-4.506,-0.989,91.942,1.00144
569,47473.33,1,0.7316676378250122,0.7099775075912476,0.02,0.18660053610801697,6.142,-4.58,-1.055,91.954,1.00064
570,47556.67,1,0.6697834730148315,0.6759337186813354,0.03908,0.18617452681064606,6.233,-4.612,-1.116,91.932,1.00017
571,47640.0,1,0.5877705812454224,0.6272531747817993,0.0646,0.191913902759552,6.265,-4.607,-1.098,91.965,1.00018
572,47723.33,1,0.5580514073371887,0.5974001884460449,0.07832,0.19617512822151184,6.23,-4.607,-1.11,91.79,1.00064
573,47806.67,1,0.5420680642127991,0.5813629627227783,0.08549,0.21113258600234985,6.215,-4.606,-1.118,91.795,1.00005
574,47890.0,1,0.5677178502082825,0.5907144546508789,0.07724,0.2145380973815918,6.368,-4.45,-1.115,91.709,0.99959
575,47975.0,1,0.7309941053390503,0.7189595699310303,0.02055,0.20475153625011444,6.415,-4.335,-1.153,91.896,1.00022
576,48058.33,1,0.7141602039337158,0.6965008974075317,0.02601,0.23237194120883942,6.502,-4.281,-1.104,91.773,1.00141
577,48141.67,1,0.5678628087043762,0.6047435998916626,0.0757,0.22531063854694366,6.637,-4.287,-0.974,91.755,1.00084
578,48225.0,1,0.4971945881843567,0.548222541809082,0.10502,0.2316977083683014,6.673,-4.306,-0.918,91.703,1.00032
579,48308.33,1,0.45464977622032166,0.4991140365600586,0.13148,0.2429353892803192,6.832,-4.41,-1.011,91.722,1.00054
580,48391.67,1,0.44691407680511475,0.46591445803642273,0.1387,0.2674348056316376,6.946,-4.439,-1.003,91.752,1.00063
581,48475.0,1,0.4597175121307373,0.47748205065727234,0.13372,0.2883654534816742,7.017,-4.454,-1.079,91.886,1.00055
582,48558.33,1,0.46595659852027893,0.4698425233364105,0.13468,0.2738598883152008,7.163,-4.473,-1.329,91.862,1.00125
583,48641.67,1,0.449553906917572,0.473034143447876,0.13885,0.2656826078891754,7.599,-4.383,-1.347,91.982,1.00094
584,48725.0,1,0.44513970613479614,0.48757198452949524,0.13729,0.2526077628135681,7.711,-4.342,-1.349,91.919,1.00094
585,48808.33,1,0.4561599791049957,0.49550074338912964,0.13283,0.20435436069965363,7.967,-4.319,-1.323,91.88,1.00077
586,48891.67,1,0.4672652781009674,0.49665382504463196,0.13034,0.1805744618177414,7.964,-4.371,-1.307,91.888,1.00054
587,48975.0,1,0.4804098308086395,0.5062440037727356,0.12443,0.18007662892341614,7.929,-4.446,-1.296,91.957,1.00087
588,49058.33,1,0.4839555621147156,0.5137725472450256,0.12047,0.18538549542427063,7.942,-4.494,-1.29,91.948,1.00034
589,49141.67,1,0.49344250559806824,0.5303386449813843,0.11321,0.1885106861591339,7.889,-4.515,-1.285,91.954,1.00022
590,49225.0,1,0.49037015438079834,0.5303339958190918,0.11342,0.19070091843605042,7.904,-4.491,-1.303,91.927,1.00091
591,49308.33,1,0.49876928329467773,0.5576699376106262,0.10338,0.19180309772491455,7.934,-4.505,-1.283,91.911,1.00156
592,49393.33,1,0.5048863887786865,0.5636074542999268,0.09896,0.18558454513549805,7.955,-4.499,-1.241,91.865,1.00097
593,49476.67,1,0.5156235694885254,0.5609593391418457,0.09755,0.18665683269500732,7.98,-4.528,-1.233,91.907,1.00136
594,49560.0,1,0.66994708776474,0.6691746711730957,0.04334,0.18226511776447296,8.114,-4.563,-1.332,91.886,1.00173
595,49643.33,1,0.701097846031189,0.6820545196533203,0.03225,0.18146155774593353,8.245,-4.499,-1.365,91.872,1.00087
596,49726.67,1,0.6733964681625366,0.6631983518600464,0.04474,0.17742212116718292,8.228,-4.453,-1.241,91.845,1.00095
597,49810.0,1,0.5338496565818787,0.5470744371414185,0.10209,0.17326664924621582,8.229,-4.468,-1.182,91.816,1.00115
598,49893.33,1,0.48179394006729126,0.5160245895385742,0.11963,0.18825475871562958,8.223,-4.53,-1.126,91.722,1.00135
599,49976.67,1,0.46873873472213745,0.5044098496437073,0.12477,0.18754656612873077,8.24,-4.563,-1.139,91.621,1.00173
600,50060.0,1,0.6580268144607544,0.6231521368026733,0.05757,0.1869426816701889,8.23,-4.573,-1.228,91.581,1.00187
601,50143.33,1,0.6995351314544678,0.631912350654602,0.04526,0.18870659172534943,8.249,-4.557,-1.29,91.726,1.00213
602,50226.67,1,0.6253179907798767,0.5870931148529053,0.06902,0.1896073967218399,8.231,-4.576,-1.277,91.604,1.00136
603,50310.0,1,0.5181632041931152,0.5321334600448608,0.10338,0.1914200782775879,8.188,-4.576,-1.224,91.607,1.00089
604,50393.33,1,0.4858076572418213,0.49783480167388916,0.12039,0.19358323514461517,8.151,-4.539,-1.2,91.517,1.00064
605,50476.67,1,0.48795285820961,0.5030783414840698,0.11888,0.19338342547416687,8.085,-4.524,-1.177,91.505,1.00063
606,50560.0,1,0.48687195777893066,0.4999868869781494,0.12073,0.19038382172584534,8.113,-4.534,-1.2,91.456,1.00103
607,50643.33,1,0.4892425835132599,0.4999593496322632,0.12005,0.1888577938079834,8.104,-4.51,-1.188,91.473,1.00156
608,50726.67,1,0.4884659945964813,0.5076208114624023,0.11856,0.18731623888015747,8.09,-4.497,-1.143,91.437,1.00194
609,50811.67,1,0.48998910188674927,0.5081185102462769,0.1178,0.1907285451889038,8.078,-4.482,-1.113,91.397,1.00264
610,50895.0,1,0.49368003010749817,0.5115291476249695,0.11496,0.1927671581506729,8.079,-4.483,-1.103,91.383,1.00229
611,50978.33,1,0.6976972818374634,0.642397940158844,0.04391,0.19307349622249603,8.054,-4.53,-1.214,91.464,1.00202
612,51061.67,1,0.6825917363166809,0.6451712846755981,0.04211,0.20316831767559052,8.107,-4.52,-1.208,91.421,1.00296
613,51145.0,1,0.6673776507377625,0.6444604992866516,0.04303,0.22763939201831818,8.182,-4.626,-1.198,91.358,1.0012
614,51228.33,1,0.7075924277305603,0.6646324396133423,0.03164,0.23456606268882751,8.32,-4.691,-1.274,91.37,1.00205
615,51311.67,1,0.7042807340621948,0.6612629890441895,0.03168,0.24539634585380554,8.44,-4.743,-1.275,91.364,1.00254
616,51395.0,1,0.7190768122673035,0.6625270843505859,0.02809,0.2443409413099289,8.453,-4.71,-1.284,91.356,1.00153
617,51478.33,1,0.6644058227539062,0.6269423365592957,0.04522,0.23472103476524353,8.457,-4.701,-1.306,91.378,1.00143
618,51561.67,1,0.5083633661270142,0.5307077169418335,0.10041,0.3025307357311249,8.376,-4.657,-1.299,91.359,1.0014
619,51645.0,1,0.43283841013908386,0.5047299861907959,0.12726,0.3055582046508789,8.334,-4.571,-1.168,91.339,1.00176
620,51728.33,1,0.41838183999061584,0.5002552270889282,0.13567,0.29464441537857056,8.286,-4.565,-1.084,91.247,1.00143
621,51811.67,1,0.4394591152667999,0.5221045613288879,0.1254,0.28845512866973877,8.302,-4.554,-1.102,91.254,1.00078
622,51895.0,1,0.6984454393386841,0.6790964603424072,0.03491,0.27694711089134216,8.327,-4.536,-1.233,91.326,1.00107
623,51978.33,1,0.6797115802764893,0.6752296686172485,0.03714,0.28931117057800293,8.376,-4.463,-1.287,91.313,1.00142
624,52061.67,1,0.5572620630264282,0.6089228391647339,0.07584,0.28990697860717773,8.436,-4.438,-1.351,91.28,1.00107
625,52145.0,1,0.48493367433547974,0.5712813138961792,0.10217,0.2855198085308075,8.305,-4.483,-1.329,91.319,1.00129
626,52230.0,1,0.4606308937072754,0.5454026460647583,0.11578,0.2708527743816376,8.198,-4.506,-1.308,91.326,1.00125
627,52313.33,1,0.44268661737442017,0.5298587083816528,0.12436,0.2384505271911621,8.185,-4.538,-1.354,91.404,1.00149
628,52396.67,1,0.433382123708725,0.516154944896698,0.13298,0.19813139736652374,8.214,-4.567,-1.377,91.47,1.00214
629,52480.0,1,0.4254254698753357,0.49747738242149353,0.13631,0.21852810680866241,8.335,-4.621,-1.372,91.374,1.00157
630,52563.33,1,0.43124642968177795,0.4950307309627533,0.13481,0.20611976087093353,8.308,-4.643,-1.314,91.349,1.00224
631,52646.67,1,0.43589097261428833,0.4909767806529999,0.13585,0.19583874940872192,8.246,-4.566,-1.279,91.479,1.00094
632,52730.0,1,0.44938284158706665,0.5055371522903442,0.13069,0.1908196657896042,8.167,-4.565,-1.219,91.439,1.00081
633,52813.33,1,0.4636571705341339,0.5069887042045593,0.12743,0.19564233720302582,8.183,-4.579,-1.201,91.528,1.00047
634,52896.67,1,0.4619428515434265,0.5079872608184814,0.12519,0.22326356172561646,8.233,-4.645,-1.214,91.449,1.00121
635,52980.0,1,0.4641135036945343,0.510478138923645,0.12521,0.22499386966228485,8.263,-4.689,-1.24,91.55,1.00072
636,53063.33,1,0.4589402377605438,0.5105723738670349,0.12604,0.24555106461048126,8.265,-4.686,-1.23,91.471,1.00065
637,53146.67,1,0.4396902918815613,0.4982243776321411,0.13469,0.2527027428150177,8.242,-4.71,-1.265,91.591,1.00086
638,53230.0,1,0.42402195930480957,0.49241361021995544,0.14038,0.2519158720970154,8.269,-4.693,-1.261,91.521,1.00038
639,53313.33,1,0.40934261679649353,0.48508986830711365,0.14627,0.24404610693454742,8.191,-4.659,-1.248,91.501,1.00103
640,53396.67,1,0.3946341872215271,0.4788905084133148,0.15118,0.24376724660396576,8.165,-4.666,-1.247,91.449,1.00002
641,53480.0,1,0.3958081901073456,0.4767248332500458,0.15256,0.24153421819210052,8.162,-4.694,-1.233,91.424,1.00047
642,53565.0,1,0.39665335416793823,0.47445058822631836,0.15298,0.24238049983978271,8.127,-4.733,-1.222,91.352,1.00072
643,53648.33,1,0.4047059714794159,0.47937890887260437,0.14952,0.24511303007602692,8.131,-4.753,-1.233,91.358,1.00087
644,53731.67,1,0.40369653701782227,0.4745015501976013,0.1511,0.2439565807580948,8.138,-4.752,-1.224,91.355,1.00116
645,53815.0,1,0.42387211322784424,0.47999313473701477,0.14582,0.24432668089866638,8.121,-4.743,-1.222,91.325,1.00045
646,53898.33,1,0.44551873207092285,0.4888922870159149,0.13819,0.24347160756587982,8.127,-4.727,-1.222,91.266,1.0005
647,53981.67,1,0.4731452465057373,0.5079395771026611,0.12896,0.24129730463027954,8.111,-4.696,-1.219,91.253,1.00049
648,54065.0,1,0.6892318725585938,0.6909867525100708,0.03788,0.23653128743171692,7.959,-4.634,-1.254,91.262,1.00072
649,54148.33,1,0.692188024520874,0.6947427988052368,0.03333,0.23300768435001373,7.953,-4.654,-1.259,91.206,1.00059
650,54231.67,1,0.5561431646347046,0.5965504050254822,0.08056,0.2323969453573227,7.923,-4.678,-1.227,91.155,1.0008
651,54315.0,1,0.4524296820163727,0.5156815052032471,0.12216,0.23164376616477966,7.864,-4.689,-1.198,91.171,1.00053
652,54398.33,1,0.40768417716026306,0.49798843264579773,0.13696,0.24249379336833954,7.828,-4.703,-1.211,91.074,1.00099
653,54481.67,1,0.35864463448524475,0.4713473916053772,0.15753,0.2528533339500427,7.772,-4.655,-1.212,91.052,1.00027
654,54565.0,1,0.34183618426322937,0.43815210461616516,0.17144,0.2580244839191437,7.747,-4.609,-1.208,91.036,1.00042
655,54648.33,1,0.3349412679672241,0.4297759234905243,0.17866,0.2561093270778656,7.722,-4.573,-1.214,91.075,1.00082
656,54731.67,1,0.3362754285335541,0.4428580403327942,0.17678,0.2597454786300659,7.64,-4.536,-1.219,91.085,1.0013
657,54815.0,1,0.34132012724876404,0.4505094587802887,0.17444,0.26300129294395447,7.479,-4.55,-1.211,91.115,1.00092
658,54898.33,1,0.34890541434288025,0.45532020926475525,0.17301,0.25343963503837585,7.384,-4.6,-1.12,91.122,1.00051
659,55066.67,1,0.3355335295200348,0.42623281478881836,0.18298,0.2102799415588379,6.588,-4.75,-1.069,91.109,1.00048
660,55150.0,1,0.33902737498283386,0.4122186303138733,0.1859,0.20995856821537018,5.911,-4.631,-1.094,91.089,0.99956
661,55233.33,1,0.3251202404499054,0.4221954643726349,0.18721,0.20243987441062927,5.557,-4.741,-1.117,91.263,1.00014
662,55316.67,1,0.34442397952079773,0.4129347801208496,0.18851,0.19863960146903992,5.464,-4.753,-1.124,91.222,1.00059
663,55400.0,1,0.33915144205093384,0.4121822118759155,0.18984,0.19115367531776428,5.502,-4.738,-1.223,91.313,0.99955
664,55483.33,1,0.3336387574672699,0.4013389050960541,0.19198,0.1869642585515976,5.462,-4.768,-1.267,91.242,1.00044
665,55566.67,1,0.3329809010028839,0.39220812916755676,0.19431,0.17291359603405,5.475,-4.81,-1.351,91.364,1.00012
666,55650.0,1,0.34577077627182007,0.3829326629638672,0.19215,0.17757654190063477,5.568,-4.808,-1.42,91.326,1.00031
667,55733.33,1,0.3425382077693939,0.37622085213661194,0.19223,0.18536914885044098,5.677,-4.78,-1.505,91.405,0.99931
668,55816.67,1,0.3578321039676666,0.4015013873577118,0.18646,0.1882697343826294,5.493,-4.682,-1.531,91.395,1.00009
669,55900.0,1,0.3530294597148895,0.40700677037239075,0.18763,0.18235675990581512,4.804,-4.36,-1.55,91.443,1.00055
670,55983.33,1,0.39751625061035156,0.4288407564163208,0.17229,0.19003354012966156,4.501,-4.131,-1.562,91.292,0.99905
671,56150.0,1,0.3854294717311859,0.43486154079437256,0.17,0.21415171027183533,4.924,-3.581,-1.683,91.285,0.99873
672,56233.33,1,0.38421204686164856,0.4333251118659973,0.16851,0.20554019510746002,4.991,-3.331,-1.722,91.254,0.99936
673,56318.33,1,0.36778151988983154,0.4385235011577606,0.17094,0.21805261075496674,4.953,-3.22,-1.881,91.355,0.99732
674,56401.67,1,0.3421857953071594,0.4242804944515228,0.18479,0.21900467574596405,5.296,-2.828,-1.933,91.204,0.9984
675,56485.0,1,0.35311004519462585,0.42175593972206116,0.18405,0.2405128926038742,5.357,-2.671,-1.976,91.26,0.99805
676,56568.33,1,0.34524276852607727,0.4176352024078369,0.18766,0.2520674765110016,5.19,-2.599,-2.008,91.171,0.99855
677,56651.67,1,0.327449768781662,0.38836240768432617,0.20201,0.26621517539024353,4.394,-2.546,-1.995,91.198,0.999
678,56735.0,1,0.32018017768859863,0.3896360695362091,0.20421,0.24115559458732605,4.134,-2.631,-2.025,91.165,0.9993
679,56818.33,1,0.3299301266670227,0.39381298422813416,0.19845,0.24146823585033417,4.132,-2.653,-1.929,91.234,0.99892
680,56901.67,1,0.3377060890197754,0.40029269456863403,0.19068,0.2127755731344223,4.033,-3.056,-2.29,91.363,0.99912
681,56985.0,1,0.3367276191711426,0.39134740829467773,0.18841,0.1857420802116394,4.183,-3.359,-2.123,91.702,0.99991
682,57068.33,1,0.31162962317466736,0.3924884796142578,0.18982,0.17861323058605194,4.294,-3.93,-2.024,91.797,1.00033
683,57151.67,1,0.3275676369667053,0.41129419207572937,0.18094,0.1699882298707962,4.545,-4.562,-1.744,92.076,1.00124
684,57235.0,1,0.36635494232177734,0.44694459438323975,0.15709,0.16834545135498047,4.666,-5.473,-1.552,92.148,1.00198
685,57318.33,1,0.35257965326309204,0.4565090239048004,0.15795,0.19426871836185455,5.111,-6.45,-1.535,92.431,1.00333
686,57401.67,1,0.34187498688697815,0.4284704029560089,0.16849,0.22750422358512878,5.076,-7.033,-1.029,92.386,1.00342
687,57485.0,1,0.3186943829059601,0.40271270275115967,0.18191,0.2195109874010086,4.932,-6.897,-0.703,92.412,1.00264
688,57568.33,1,0.3709105849266052,0.45070457458496094,0.1554,0.22174343466758728,5.065,-6.714,-0.731,92.291,1.00277
689,57651.67,1,0.35051628947257996,0.408577024936676,0.16795,0.23541170358657837,4.88,-6.399,-0.906,92.229,1.0011
690,57736.67,1,0.34459710121154785,0.40024611353874207,0.17675,0.2506589889526367,5.002,-5.845,-1.164,92.249,1.00081
691,57820.0,1,0.33433231711387634,0.40415263175964355,0.17659,0.23777039349079132,5.206,-4.963,-1.168,92.514,1.00114
692,57903.33,1,0.34969887137413025,0.4119776487350464,0.17389,0.24996121227741241,5.143,-4.521,-1.386,92.444,1.00039
693,57986.67,1,0.3783419728279114,0.4090927243232727,0.17141,0.2264927625656128,5.821,-3.652,-1.964,92.371,1.00058
694,58070.0,1,0.34579870104789734,0.3359370231628418,0.20522,0.20199796557426453,6.212,-3.069,-2.038,91.983,1.00082
695,58153.33,1,0.33499079942703247,0.33812251687049866,0.21794,0.15859615802764893,6.743,-2.458,-1.823,91.746,0.99977
696,58236.67,1,0.3334517180919647,0.34758540987968445,0.21241,0.21732589602470398,6.677,-2.002,-1.576,91.396,1.00048
697,58320.0,1,0.33610257506370544,0.3759823739528656,0.20162,0.2589506208896637,6.316,-1.877,-1.36,91.245,0.99837
698,58403.33,1,0.33300989866256714,0.390811949968338,0.20232,0.20628519356250763,5.574,-2.172,-1.381,91.145,0.99795
699,58486.67,1,0.3157157599925995,0.37554022669792175,0.20778,0.1611466109752655,4.631,-2.846,-1.371,91.218,0.99868
700,58570.0,1,0.31470805406570435,0.3957087993621826,0.20007,0.12520593404769897,4.763,-2.871,-1.137,91.058,0.99984
701,58653.33,1,0.3542727828025818,0.4120393693447113,0.1809,0.14506728947162628,4.71,-3.118,-0.84,91.142,1.0005
702,58736.67,1,0.6409149765968323,0.6202012300491333,0.06606,0.15678146481513977,4.603,-3.437,-0.706,91.134,1.00069
703,58820.0,1,0.6337597370147705,0.5740141868591309,0.07788,0.1779051125049591,4.828,-3.794,-0.371,91.321,1.00184
704,58903.33,1,0.5785000920295715,0.5103825330734253,0.10632,0.18828187882900238,5.21,-4.167,-0.105,91.272,1.00146
705,58986.67,1,0.48393064737319946,0.48874104022979736,0.13098,0.18091027438640594,5.568,-4.59,0.009,91.389,1.00158
706,59070.0,1,0.7369954586029053,0.6698501110076904,0.02731,0.17788271605968475,5.836,-4.791,-0.114,91.327,1.00149
707,59155.0,1,0.7228056192398071,0.662434995174408,0.02697,0.17485536634922028,6.076,-4.849,-0.204,91.369,1.00107
708,59238.33,1,0.6674498915672302,0.6165140867233276,0.05278,0.20368610322475433,6.375,-4.892,-0.224,91.194,1.00116
709,59321.67,1,0.6060183048248291,0.5572526454925537,0.08719,0.20857438445091248,6.461,-4.991,-0.282,91.207,1.0014
710,59405.0,1,0.567366361618042,0.5437098145484924,0.09927,0.19568444788455963,6.397,-5.071,-0.336,91.168,1.00099
711,59488.33,1,0.5105279684066772,0.5221346020698547,0.11748,0.187281534075737,6.073,-5.047,-0.369,91.202,1.00073
712,59571.67,1,0.48671531677246094,0.5191540718078613,0.12419,0.17254559695720673,5.945,-5.016,-0.423,91.124,1.00053
713,59655.0,1,0.4916888475418091,0.5229479074478149,0.12204,0.1688876748085022,5.895,-5.058,-0.49,91.115,1.00074
714,59738.33,1,0.5023982524871826,0.534106969833374,0.11618,0.1721601039171219,5.825,-5.098,-0.527,91.155,1.00146
715,59821.67,1,0.508163571357727,0.5393309593200684,0.11287,0.17549379169940948,5.892,-5.134,-0.535,91.193,1.00119
716,59905.0,1,0.5178070068359375,0.5434749126434326,0.10531,0.193830206990242,6.131,-5.164,-0.62,91.119,1.00164
717,59988.33,1,0.5326259136199951,0.5524551868438721,0.09925,0.18885475397109985,6.197,-5.165,-0.715,91.119,1.00165
718,60071.67,1,0.5717974901199341,0.574830174446106,0.0838,0.19362089037895203,6.32,-5.162,-0.807,91.049,1.00229
719,60155.0,1,0.7103225588798523,0.6924656629562378,0.02427,0.20303821563720703,6.351,-5.089,-0.946,91.038,1.0022
720,60238.33,1,0.6992135047912598,0.693069577217102,0.02784,0.2841402292251587,6.334,-4.969,-0.88,91.017,1.00231
721,60321.67,1,0.5547425746917725,0.6271449327468872,0.07169,0.311567097902298,6.252,-4.959,-0.833,91.115,1.0011
722,60405.0,1,0.44771239161491394,0.5613823533058167,0.11072,0.3095865249633789,6.107,-4.973,-0.731,91.023,0.99975
723,60488.33,1,0.43410199880599976,0.5415685772895813,0.12108,0.2955990135669708,6.172,-4.963,-0.661,91.12,1.00027
724,60573.33,1,0.43016672134399414,0.5252283811569214,0.12791,0.26530805230140686,6.044,-4.929,-0.672,91.111,1.00099
725,60656.67,1,0.4403492510318756,0.49599340558052063,0.13536,0.17342223227024078,5.814,-5.23,-0.943,91.199,1.00178
726,60740.0,1,0.44478312134742737,0.49111104011535645,0.13722,0.1506536304950714,5.937,-5.327,-0.968,91.114,1.00131
727,60823.33,1,0.46099379658699036,0.49694952368736267,0.13375,0.13841670751571655,6.005,-5.355,-0.967,91.081,1.00128
728,60906.67,1,0.4704185426235199,0.5378589630126953,0.12415,0.12346167862415314,6.054,-5.39,-0.982,91.098,1.00163
729,60990.0,1,0.505200982093811,0.5445467829704285,0.11648,0.12633033096790314,6.08,-5.414,-1.042,91.229,1.00157
730,61073.33,1,0.5201070308685303,0.5605474710464478,0.10929,0.11790275573730469,6.288,-5.463,-1.051,91.283,1.00144
731,61156.67,1,0.5365731716156006,0.5521011352539062,0.10725,0.11969847232103348,6.339,-5.442,-1.044,91.283,1.00175
732,61240.0,1,0.533838152885437,0.5514967441558838,0.1078,0.12309658527374268,6.321,-5.407,-1.035,91.226,1.00136
733,61323.33,1,0.5452427864074707,0.5697970390319824,0.09914,0.12776120007038116,6.395,-5.33,-0.951,91.253,1.00122
734,61406.67,1,0.5457004308700562,0.5681290626525879,0.09805,0.13736633956432343,6.588,-5.211,-0.922,91.236,1.00054
735,61490.0,1,0.551060140132904,0.5709296464920044,0.09601,0.144537553191185,6.576,-5.211,-0.924,91.249,1.00086
736,61573.33,1,0.5837509632110596,0.6000605821609497,0.07829,0.15493416786193848,6.339,-5.248,-0.903,91.198,1.00097
737,61656.67,1,0.6682969331741333,0.6640561819076538,0.04291,0.11947435885667801,5.904,-5.257,-1.025,91.218,1.00168
738,61740.0,1,0.6187365055084229,0.6068340539932251,0.06481,0.11975034326314926,5.942,-5.325,-0.928,90.986,1.00088
739,61823.33,1,0.6547864675521851,0.6149199604988098,0.05203,0.1184893399477005,5.901,-5.349,-1.126,90.958,1.00033
740,61908.33,1,0.6525940895080566,0.6320732831954956,0.04744,0.12099114805459976,5.907,-5.293,-1.203,90.952,1.00025
741,61991.67,1,0.44367462396621704,0.5007857084274292,0.12549,0.1680520623922348,6.122,-4.978,-1.269,90.943,0.99899
742,62075.0,1,0.36764559149742126,0.45840921998023987,0.15684,0.20911170542240143,6.145,-4.857,-1.164,90.61,1.0001
743,62158.33,1,0.6787794232368469,0.6607912182807922,0.04613,0.2150435596704483,6.066,-4.834,-1.224,90.464,0.99928
744,62241.67,1,0.665395975112915,0.6588897705078125,0.04594,0.21207091212272644,6.053,-4.86,-1.229,90.215,0.99873
745,62325.0,1,0.5263821482658386,0.5926367044448853,0.08692,0.20736798644065857,6.148,-4.817,-1.157,90.219,0.99904
746,62408.33,1,0.4275265038013458,0.5141989588737488,0.13044,0.19817738234996796,6.057,-4.825,-1.139,90.13,0.99813
747,62491.67,1,0.3776557147502899,0.46797147393226624,0.15751,0.187241792678833,6.136,-4.849,-1.139,90.068,0.99728
748,62575.0,1,0.36469051241874695,0.45426487922668457,0.16891,0.18938885629177094,6.121,-4.793,-1.174,89.95,0.99878
749,62658.33,1,0.34512555599212646,0.4446548521518707,0.17958,0.19116942584514618,6.326,-4.811,-1.257,89.782,0.99946
750,62741.67,1,0.32155585289001465,0.4272298216819763,0.19007,0.18682248890399933,6.423,-4.772,-1.304,89.728,0.99938
751,62825.0,1,0.3167632520198822,0.4183584451675415,0.19428,0.17303192615509033,6.287,-4.684,-1.312,89.857,0.99857
752,62908.33,1,0.31666871905326843,0.40698543190956116,0.19833,0.14884427189826965,5.991,-4.739,-1.308,89.734,0.9984
753,62991.67,1,0.32117170095443726,0.395297110080719,0.20155,0.13365574181079865,5.82,-4.769,-1.307,89.734,0.99848
754,63075.0,1,0.32713615894317627,0.3904419541358948,0.20153,0.12267467379570007,5.799,-4.796,-1.349,89.632,0.99856
755,63158.33,1,0.33390119671821594,0.38421911001205444,0.20288,0.11194425076246262,5.807,-4.845,-1.375,89.657,0.99912
756,63241.67,1,0.3382287621498108,0.37176060676574707,0.2034,0.09811265021562576,5.808,-4.935,-1.392,89.661,0.99897
757,63326.67,1,0.3234173357486725,0.3734561800956726,0.20211,0.11277544498443604,5.801,-4.943,-1.423,89.681,1.00019
758,63410.0,1,0.3361778259277344,0.3963106870651245,0.19213,0.14212475717067719,5.806,-4.97,-1.483,89.65,0.998
759,63493.33,1,0.33773308992385864,0.39811718463897705,0.19345,0.1528024971485138,5.744,-5.036,-1.557,89.707,0.9984
760,63576.67,1,0.3415542542934418,0.4001389145851135,0.19124,0.15286827087402344,5.697,-5.057,-1.73,89.62,0.99815
761,63660.0,1,0.32712945342063904,0.4008561968803406,0.19438,0.14614713191986084,5.896,-5.099,-2.067,89.609,0.99807
762,63743.33,1,0.3257640600204468,0.4044625461101532,0.1947,0.1333964467048645,6.225,-5.087,-2.362,89.5,0.99841
763,63826.67,1,0.324010968208313,0.40614333748817444,0.19341,0.12372418493032455,6.293,-5.078,-2.612,89.639,0.99974
764,63910.0,1,0.4956440031528473,0.51424241065979,0.11759,0.1814916431903839,6.392,-4.822,-2.693,89.657,0.99767
765,63993.33,1,0.7165508270263672,0.6762619018554688,0.03499,0.18811531364917755,6.404,-4.651,-2.688,89.677,0.99876
766,64076.67,1,0.7471505999565125,0.6807875037193298,0.02903,0.10993383079767227,6.206,-4.72,-2.884,89.573,0.99896
767,64160.0,1,0.7123792171478271,0.6514480113983154,0.03228,0.08567152917385101,6.066,-4.974,-2.9,89.622,0.99909
768,64243.33,1,0.5143506526947021,0.5213744640350342,0.10649,0.11135230213403702,6.065,-5.146,-3.095,89.615,0.9979
769,64326.67,1,0.5171316862106323,0.5503460168838501,0.09004,0.21328814327716827,6.464,-5.306,-3.126,89.69,0.99849
770,64410.0,1,0.563237726688385,0.6075152158737183,0.06187,0.250093936920166,6.29,-5.175,-3.25,89.533,0.99724
771,64493.33,1,0.6327682733535767,0.6593319177627563,0.04605,0.30018869042396545,5.572,-4.927,-3.355,89.652,0.99752
772,64576.67,1,0.5503464937210083,0.6085909605026245,0.08162,0.28441017866134644,5.209,-4.814,-3.301,89.671,0.99673
773,64661.67,1,0.3712974488735199,0.48562830686569214,0.15076,0.26655280590057373,4.188,-4.854,-3.192,90.023,0.99624
774,64745.0,1,0.31337058544158936,0.4157623052597046,0.18162,0.2642247974872589,4.332,-4.781,-3.072,90.151,0.99591
775,64828.33,1,0.29570186138153076,0.37893787026405334,0.2012,0.23267221450805664,4.325,-4.672,-3.009,90.355,0.9966
776,64911.67,1,0.2825466990470886,0.3597222566604614,0.21469,0.1762506663799286,3.945,-4.815,-3.051,90.366,0.99663
777,64995.0,1,0.2880070209503174,0.34464627504348755,0.22128,0.13893793523311615,3.741,-4.862,-3.209,90.433,0.99773
778,65078.33,1,0.3092820346355438,0.36377182602882385,0.21163,0.12602870166301727,3.792,-4.75,-3.188,90.394,0.99774
779,65161.67,1,0.32694149017333984,0.38047266006469727,0.20315,0.11740675568580627,3.833,-4.553,-3.068,90.424,0.99757
780,65245.0,1,0.31282344460487366,0.4086110591888428,0.20146,0.14561507105827332,3.14,-4.564,-3.007,90.551,0.99727
781,65328.33,1,0.30759692192077637,0.4107781648635864,0.20184,0.13990071415901184,2.778,-4.643,-2.727,90.912,0.99836
782,65411.67,1,0.2945171594619751,0.3911905884742737,0.20721,0.1162392646074295,2.939,-4.603,-2.437,90.903,0.99909
783,65495.0,1,0.30331799387931824,0.36844122409820557,0.21225,0.1326286643743515,3.175,-4.705,-2.22,90.945,0.99962
784,65578.33,1,0.3000797629356384,0.37273433804512024,0.2098,0.13949717581272125,3.25,-4.752,-2.233,90.9,0.99981
785,65661.67,1,0.29809918999671936,0.3745043873786926,0.21045,0.150019109249115,3.055,-4.844,-2.061,91.233,0.99903
786,65745.0,1,0.2951006591320038,0.3791942000389099,0.21283,0.14590930938720703,2.868,-4.983,-1.884,91.179,0.9987
787,65828.33,1,0.3277410864830017,0.43632131814956665,0.19658,0.18101973831653595,2.112,-5.225,-1.974,90.917,0.99822
788,65911.67,1,0.3161723017692566,0.4215969741344452,0.19674,0.18969522416591644,1.374,-5.468,-1.769,90.306,0.99785
789,65995.0,1,0.3279368579387665,0.41261589527130127,0.1955,0.12469509989023209,1.186,-5.331,-1.597,90.039,0.9976
790,66080.0,1,0.333722859621048,0.3996640741825104,0.19384,0.09432617574930191,1.344,-5.326,-1.408,90.25,0.99667
791,66163.33,1,0.35498011112213135,0.3969663381576538,0.18439,0.14494001865386963,1.137,-5.226,-1.206,91.05,0.99618
792,66246.67,1,0.36221498250961304,0.39248454570770264,0.18243,0.17997604608535767,1.059,-5.1,-1.55,91.354,0.99636
793,66330.0,1,0.3537153899669647,0.372185617685318,0.18915,0.14985984563827515,1.365,-4.959,-1.948,91.411,0.9963
794,66413.33,1,0.35016950964927673,0.3543059229850769,0.19409,0.1275254338979721,1.422,-4.644,-1.961,91.053,0.99622
795,66496.67,1,0.33208194375038147,0.34465762972831726,0.20004,0.11335204541683197,1.466,-4.476,-2.018,91.086,0.99624
796,66580.0,1,0.3254530429840088,0.3279199004173279,0.20782,0.09230029582977295,2.146,-4.251,-1.959,90.953,0.99628
797,66663.33,1,0.3432551324367523,0.3587634563446045,0.19863,0.09603419154882431,2.719,-4.369,-2.144,90.764,0.99597
798,66746.67,1,0.3445030748844147,0.36708691716194153,0.20021,0.11279284954071045,2.637,-4.287,-2.058,90.532,0.996
799,66830.0,1,0.3426242470741272,0.37058237195014954,0.20087,0.1257585883140564,2.601,-4.239,-2.021,90.382,0.99704
800,66913.33,1,0.3384275436401367,0.3818802833557129,0.19501,0.13938277959823608,3.139,-4.063,-1.833,90.328,0.9987
801,66996.67,1,0.3447912037372589,0.3876841068267822,0.19124,0.1272646188735962,3.267,-3.989,-1.737,90.325,0.99845
802,67413.33,1,0.35126858949661255,0.4672914445400238,0.17191,0.19882099330425262,3.958,-3.853,-2.228,90.063,0.99753
803,67498.33,1,0.5116407871246338,0.5643055438995361,0.11078,0.1791563779115677,4.192,-3.665,-2.028,90.227,0.99786
804,67665.0,1,0.5230687260627747,0.601388692855835,0.09632,0.2081296294927597,4.549,-3.296,-1.848,89.907,0.99747
805,67748.33,1,0.554612398147583,0.6146446466445923,0.08711,0.20961886644363403,4.779,-3.09,-1.551,89.861,0.99846
806,67831.67,1,0.5432034730911255,0.6381391286849976,0.08238,0.22462858259677887,4.741,-3.013,-1.647,89.649,0.99911
807,67915.0,1,0.6235973834991455,0.6795114278793335,0.05653,0.26230624318122864,4.787,-2.926,-1.67,89.884,0.9997
808,67998.33,1,0.6979719400405884,0.7186676263809204,0.03312,0.3111248016357422,4.756,-2.828,-1.883,90.196,0.99968
809,68081.67,1,0.6523920297622681,0.6888556480407715,0.04611,0.3745097517967224,5.219,-2.865,-1.894,90.235,1.00016
810,68165.0,1,0.6222763657569885,0.657738208770752,0.0619,0.40788334608078003,5.443,-2.955,-1.927,90.058,0.9982
811,68248.33,1,0.6251360177993774,0.6896977424621582,0.04839,0.3833963871002197,5.469,-2.98,-1.706,90.167,0.99867
812,68331.67,1,0.6335026025772095,0.7022728323936462,0.03993,0.37513694167137146,5.588,-3.094,-1.512,90.148,0.99911
813,68415.0,1,0.5020631551742554,0.6035177111625671,0.08983,0.37100502848625183,5.549,-3.235,-1.196,90.24,0.99856
814,68498.33,1,0.4214516878128052,0.5198105573654175,0.12987,0.3065296411514282,5.272,-3.495,-1.02,90.015,0.99823
815,68581.67,1,0.3935798406600952,0.46390029788017273,0.1534,0.2243879735469818,4.868,-3.719,-0.96,89.875,0.99911
816,68665.0,1,0.34752359986305237,0.39604631066322327,0.18392,0.1671186238527298,4.398,-3.826,-0.809,89.763,0.99796
817,68748.33,1,0.3298793435096741,0.3592607378959656,0.20313,0.1479271799325943,4.258,-3.857,-0.783,89.981,0.99803
818,68831.67,1,0.313113808631897,0.3400992453098297,0.21496,0.16020728647708893,4.114,-3.906,-0.837,89.984,0.99825
819,68916.67,1,0.3063863515853882,0.3534058928489685,0.21782,0.19454091787338257,4.129,-4.004,-0.996,89.976,0.99755
820,69000.0,1,0.29850444197654724,0.3666917681694031,0.21469,0.2747722864151001,4.066,-4.028,-1.187,89.866,0.99756
821,69083.33,1,0.3025924563407898,0.38294118642807007,0.20269,0.3248423933982849,4.057,-4.068,-1.274,89.674,0.9982
822,69166.67,1,0.29768139123916626,0.3722880482673645,0.20403,0.30488210916519165,4.028,-4.134,-1.252,89.451,0.99766
823,69250.0,1,0.2915371358394623,0.3497112989425659,0.20849,0.31227749586105347,3.954,-3.946,-1.384,89.369,0.99717
824,69333.33,1,0.2901945412158966,0.3464897871017456,0.20929,0.3478896915912628,3.782,-3.858,-1.27,89.381,0.99713
825,69416.67,1,0.27275165915489197,0.35959696769714355,0.21508,0.35930606722831726,3.263,-3.747,-1.186,90.391,0.99657
826,69500.0,1,0.4008479118347168,0.5566067695617676,0.13983,0.34290194511413574,2.402,-3.78,-1.458,91.548,0.99649
827,69583.33,1,0.610779881477356,0.705028772354126,0.05009,0.3086894452571869,1.643,-4.224,-1.601,91.898,0.99801
828,69666.67,1,0.378121942281723,0.5277528166770935,0.14509,0.24319127202033997,0.719,-4.914,-1.697,94.638,1.00687
829,69750.0,1,0.23087535798549652,0.34650129079818726,0.21977,0.2371542900800705,0.52,-5.111,-1.299,92.541,0.99688
830,69833.33,1,0.22134053707122803,0.2972283661365509,0.23634,0.2058466374874115,0.778,-5.22,-0.995,92.837,0.99627
831,69916.67,1,0.2245452105998993,0.2897728681564331,0.24954,0.14529220759868622,0.694,-5.246,-0.791,94.053,0.99717
832,70000.0,1,0.2125711292028427,0.24655918776988983,0.26108,0.08899236470460892,0.632,-4.881,-0.7,95.018,0.9983
833,70083.33,1,0.20310480892658234,0.25131040811538696,0.25978,0.43671438097953796,0.801,-4.476,-0.548,96.209,1.00084
834,70166.67,1,0.1607392579317093,0.2710944712162018,0.27856,0.5128544569015503,1.479,-5.045,-0.839,96.933,1.00117
835,70251.67,1,0.19544193148612976,0.25477278232574463,0.27203,0.31984981894493103,2.831,-5.557,-0.298,98.084,1.00468
836,70335.0,1,0.20227333903312683,0.22130075097084045,0.28121,0.19922374188899994,3.265,-5.689,0.303,98.873,1.00711
837,70418.33,1,0.21409401297569275,0.22337210178375244,0.27114,0.13643889129161835,2.628,-5.549,0.51,99.495,1.0102
838,70501.67,1,0.22313588857650757,0.19596587121486664,0.27379,0.08520441502332687,2.665,-5.627,0.62,99.556,1.01179
839,70585.0,1,0.17753277719020844,0.16765277087688446,0.2897,0.06918078660964966,3.038,-5.251,0.63,99.69,1.01264
840,70668.33,1,0.18390731513500214,0.19653764367103577,0.28553,0.09009789675474167,4.066,-4.96,0.382,99.75,1.01507
841,70751.67,1,0.16145679354667664,0.24445198476314545,0.27634,0.2885524332523346,3.99,-4.923,-0.142,99.757,1.01526
842,70835.0,1,0.16476032137870789,0.252803772687912,0.28036,0.3706541657447815,4.016,-4.772,-0.257,99.621,1.01448
843,70918.33,1,0.16999389231204987,0.26635557413101196,0.27739,0.31172603368759155,4.102,-4.846,-0.215,99.635,1.01384
844,71001.67,1,0.184164896607399,0.2701253294944763,0.27356,0.2633526623249054,4.074,-4.888,0.194,99.38,1.01419
845,71085.0,1,0.21638399362564087,0.2756466269493103,0.2693,0.2646310329437256,3.775,-4.958,0.838,99.236,1.01394
846,71168.33,1,0.14981874823570251,0.14683499932289124,0.33,0.23972682654857635,2.921,-4.946,1.812,98.879,1.01349
847,71251.67,1,0.09433256089687347,0.08925890177488327,0.3616,0.21880890429019928,1.535,-5.088,2.283,98.651,1.013
848,71335.0,1,0.06301232427358627,0.06658430397510529,0.37665,0.21000994741916656,-0.151,-5.052,2.369,98.369,1.01217
849,71418.33,1,0.0858331173658371,0.07450035959482193,0.36217,0.19297105073928833,-1.325,-5.361,2.339,98.359,1.01196
850,71501.67,1,0.09074153006076813,0.07168033719062805,0.35966,0.17266394197940826,-1.729,-5.212,2.297,98.386,1.01163
851,71585.0,1,0.09823141247034073,0.07882922142744064,0.35292,0.18253843486309052,-2.082,-5.115,2.429,98.579,1.01141
852,71670.0,1,0.09308594465255737,0.07673615217208862,0.35472,0.19940584897994995,-1.842,-5.106,2.275,98.513,1.01283
853,71753.33,1,0.15952877700328827,0.16525709629058838,0.28933,0.16157227754592896,-1.902,-5.387,2.291,98.658,1.01316
854,71836.67,1,0.33254653215408325,0.40830478072166443,0.19639,0.11146370321512222,-1.964,-5.457,2.082,98.588,1.01335
855,71920.0,1,0.2524522840976715,0.33573484420776367,0.22933,0.17867545783519745,-1.536,-5.379,1.984,98.637,1.01286
856,72003.33,1,0.22321900725364685,0.3308994174003601,0.23749,0.23466253280639648,0.46,-4.885,1.591,98.529,1.01251
857,72086.67,1,0.2529716193675995,0.3545030653476715,0.22911,0.33567875623703003,2.795,-3.798,0.982,98.477,1.01281
858,72170.0,1,0.30169877409935,0.33094510436058044,0.22348,0.30947035551071167,4.538,-2.303,1.315,98.233,1.01376
859,72253.33,1,0.2900317311286926,0.29929518699645996,0.2426,0.20733340084552765,4.718,-1.639,1.291,98.18,1.01342
860,72336.67,1,0.2894606292247772,0.3014483153820038,0.24175,0.23000846803188324,4.705,-0.793,1.243,97.974,1.01475
861,72420.0,1,0.30067047476768494,0.29147833585739136,0.24435,0.20527395606040955,4.516,-0.023,1.295,97.907,1.01453
862,72503.33,1,0.27334558963775635,0.2881118357181549,0.24978,0.24723973870277405,4.521,0.347,1.258,97.771,1.01473
863,72586.67,1,0.22450599074363708,0.2554495632648468,0.25731,0.3701220452785492,4.632,0.82,1.476,97.77,1.01525
864,72670.0,1,0.22774454951286316,0.26682576537132263,0.26057,0.33172914385795593,4.556,1.231,1.606,97.665,1.01468
865,72753.33,1,0.23344334959983826,0.2731883227825165,0.26065,0.31891268491744995,4.35,1.449,1.613,97.706,1.01532
866,72836.67,1,0.23945361375808716,0.27584603428840637,0.25727,0.2896067798137665,4.489,1.518,1.619,97.706,1.01568
867,72920.0,1,0.24081957340240479,0.2838973104953766,0.25505,0.3135501742362976,4.468,1.555,1.591,97.814,1.01589
868,73005.0,1,0.6419132947921753,0.6594326496124268,0.06937,0.30921781063079834,4.239,1.494,1.569,97.463,1.01598
869,73088.33,1,0.6079942584037781,0.626272976398468,0.06755,0.29058006405830383,4.699,0.81,1.31,97.119,1.0151
870,73171.67,1,0.6429122686386108,0.6513391733169556,0.05251,0.2826428711414337,4.948,-0.487,0.815,97.364,1.01387
871,73255.0,1,0.6224232316017151,0.6364388465881348,0.05726,0.2888484001159668,4.825,-2.87,0.302,97.732,1.0132
872,73338.33,1,0.39161667227745056,0.4241728186607361,0.16404,0.31012117862701416,4.272,-3.99,-0.222,97.732,1.01176
873,73421.67,1,0.26273903250694275,0.2812662422657013,0.23264,0.28257012367248535,3.957,-4.648,-0.507,97.983,1.01185
874,73505.0,1,0.17220722138881683,0.18456022441387177,0.29984,0.5439742803573608,4.907,-5.16,-0.832,98.136,1.01095
875,73588.33,1,0.12570106983184814,0.15198367834091187,0.33253,0.5195800065994263,4.664,-5.466,-0.842,98.349,1.01128
876,73671.67,1,0.11295783519744873,0.1401040405035019,0.33982,0.48032259941101074,3.492,-5.804,-0.735,98.254,1.01049
877,73755.0,1,0.13885967433452606,0.15059247612953186,0.32986,0.33820095658302307,2.447,-5.627,-0.305,98.176,1.01011
878,73838.33,1,0.166653573513031,0.15525686740875244,0.31463,0.23428699374198914,2.558,-5.526,-0.092,98.039,1.00969
879,73921.67,1,0.19227775931358337,0.20906998217105865,0.2844,0.2536526918411255,2.695,-5.509,0.077,97.96,1.00978
880,74005.0,1,0.21662549674510956,0.2578986585140228,0.26388,0.22381532192230225,3.154,-5.625,0.218,97.726,1.01079
881,74088.33,1,0.24686408042907715,0.29543817043304443,0.24713,0.15986128151416779,3.495,-5.717,0.161,97.741,1.01134
882,74171.67,1,0.26447975635528564,0.32187220454216003,0.23851,0.18633705377578735,3.887,-5.482,0.317,97.777,1.01047
883,74255.0,1,0.2646222412586212,0.32095709443092346,0.23611,0.22162042558193207,3.935,-5.409,0.522,97.877,1.01219
884,74338.33,1,0.2528415620326996,0.3236367702484131,0.2335,0.234731987118721,3.863,-5.423,0.553,98.273,1.01329
885,74423.33,1,0.24391621351242065,0.3233816623687744,0.23735,0.2283933311700821,3.839,-5.359,0.555,98.422,1.0138
886,74506.67,1,0.24279718101024628,0.32109522819519043,0.23841,0.21811257302761078,3.837,-5.337,0.619,98.256,1.01347
887,74590.0,1,0.2376445233821869,0.31812676787376404,0.24115,0.21654760837554932,3.851,-5.349,0.663,98.149,1.01318
888,74673.33,1,0.24338436126708984,0.320383220911026,0.23999,0.21744374930858612,3.909,-5.327,0.731,98.089,1.0135
889,74756.67,1,0.2365017682313919,0.3004385232925415,0.24794,0.2150874137878418,3.726,-5.19,0.842,98.315,1.01364
890,74840.0,1,0.16776137053966522,0.22137007117271423,0.28058,0.22379426658153534,3.337,-4.965,0.916,98.305,1.01294
891,74923.33,1,0.17129568755626678,0.2027151882648468,0.28664,0.2044108510017395,3.079,-4.742,1.022,98.409,1.01273
892,75006.67,1,0.14835995435714722,0.17456462979316711,0.30009,0.19731076061725616,2.713,-4.932,0.914,98.382,1.0134
893,75090.0,1,0.1347021460533142,0.1495520919561386,0.32002,0.25851497054100037,1.501,-5.333,0.61,98.467,1.01251
894,75173.33,1,0.10165292024612427,0.10765422135591507,0.35749,0.22257475554943085,1.125,-5.475,0.426,98.495,1.01246
895,75256.67,1,0.0996779277920723,0.10808119922876358,0.35349,0.1994456946849823,0.885,-5.539,0.539,98.451,1.0124
896,75340.0,1,0.08940781652927399,0.09944724291563034,0.3511,0.12200820446014404,1.082,-5.505,0.707,98.346,1.01251
897,75423.33,1,0.10200659930706024,0.11556443572044373,0.3412,0.10989947617053986,1.151,-5.527,0.683,98.317,1.01188
898,75506.67,1,0.11274559795856476,0.1333044469356537,0.32721,0.11948592960834503,0.837,-5.724,0.578,98.367,1.01187
899,75590.0,1,0.17682315409183502,0.20687712728977203,0.28941,0.18781247735023499,-0.708,-6.177,0.385,98.511,1.01328
900,75673.33,1,0.11752089112997055,0.14116698503494263,0.33755,0.25974780321121216,-1.617,-6.401,0.218,98.562,1.01347
901,75756.67,1,0.10543856024742126,0.11439146846532822,0.35018,0.2240389734506607,-1.904,-6.36,0.149,98.603,1.01092
902,75841.67,1,0.10716506838798523,0.12158144265413284,0.34538,0.21030184626579285,-1.719,-6.272,0.284,98.414,1.01016
903,75925.0,1,0.10609909892082214,0.12005569785833359,0.3449,0.1932051181793213,-1.628,-6.263,0.355,98.404,1.01076
904,76008.33,1,0.09610409289598465,0.10959772765636444,0.34743,0.16555415093898773,-1.219,-6.306,0.344,98.413,1.01008
905,76091.67,1,0.10808360576629639,0.12911678850650787,0.33471,0.09382129460573196,-0.904,-6.073,0.309,98.411,1.01081
906,76175.0,1,0.12901447713375092,0.13959933817386627,0.31933,0.08681090921163559,-0.478,-5.608,0.616,98.119,1.01013
907,76258.33,1,0.17704087495803833,0.1989777535200119,0.29507,0.13551923632621765,-0.387,-5.136,1.212,97.975,1.01117
908,76341.67,1,0.35607218742370605,0.5464730858802795,0.17016,0.19428227841854095,-1.157,-4.518,2.057,97.401,1.00996
909,76425.0,1,0.37882697582244873,0.4347994029521942,0.19042,0.23321984708309174,-2.355,-4.18,3.105,97.047,1.00782
910,76508.33,1,0.2539971172809601,0.37596413493156433,0.23179,0.2827135920524597,-3.052,-4.113,3.592,96.652,1.0075
911,76591.67,1,0.24790622293949127,0.36789652705192566,0.23372,0.2871655523777008,-3.006,-4.161,3.985,96.511,1.00762
912,76675.0,1,0.24966129660606384,0.3594065308570862,0.23076,0.3170328438282013,-2.661,-4.399,3.973,96.072,1.00675
913,76758.33,1,0.6789674758911133,0.6974714398384094,0.044,0.32329750061035156,-2.62,-4.638,3.868,95.954,1.00667
914,76841.67,1,0.5286338329315186,0.5822363495826721,0.09711,0.322403222322464,-1.775,-4.631,3.523,95.901,1.0073
915,76925.0,1,0.38301992416381836,0.4173179864883423,0.17676,0.29784971475601196,-0.947,-4.487,3.237,96.081,1.00722
916,77008.33,1,0.33222100138664246,0.350734680891037,0.21078,0.1718582659959793,-0.27,-4.554,3.065,96.072,1.00727
917,77091.67,1,0.286126971244812,0.317371129989624,0.23695,0.1112150028347969,0.268,-4.596,2.793,96.2,1.00675
918,77175.0,1,0.26411178708076477,0.2967182397842407,0.24962,0.11518209427595139,0.309,-4.567,2.85,96.162,1.00759
919,77260.0,1,0.23981061577796936,0.27450358867645264,0.2561,0.24872083961963654,0.669,-4.623,2.873,95.996,1.00769
920,77343.33,1,0.22253428399562836,0.2475171536207199,0.26292,0.26058900356292725,0.946,-4.649,2.812,95.686,1.00833
921,77426.67,1,0.20473414659500122,0.22258877754211426,0.26942,0.21867135167121887,1.285,-4.905,2.698,95.532,1.00856
922,77510.0,1,0.22777776420116425,0.24642789363861084,0.26318,0.21754087507724762,1.885,-4.82,2.296,95.207,1.00836
923,77593.33,1,0.2501964569091797,0.2433900237083435,0.26058,0.19881780445575714,2.327,-4.44,2.105,94.829,1.01186
924,77676.67,1,0.26388463377952576,0.24042506515979767,0.25854,0.1537560373544693,2.631,-4.204,2.145,94.169,1.01423
925,77760.0,1,0.26376762986183167,0.2342241108417511,0.25979,0.1084689199924469,2.791,-3.897,2.337,93.661,1.01622
926,77843.33,1,0.26254114508628845,0.23364752531051636,0.25878,0.10787687450647354,2.867,-3.697,2.422,93.347,1.01741
927,77926.67,1,0.2681305706501007,0.2346879243850708,0.25496,0.10754616558551788,2.937,-3.617,2.397,93.168,1.01851
928,78010.0,1,0.2561209499835968,0.23642069101333618,0.2566,0.12476253509521484,2.97,-3.581,2.393,93.11,1.01895
929,78093.33,1,0.24734844267368317,0.27292388677597046,0.24871,0.245182603597641,2.916,-3.637,2.024,92.883,1.01989
930,78260.0,1,0.372674822807312,0.4913721978664398,0.15917,0.30380377173423767,3.152,-2.803,1.84,91.425,1.02142
931,78343.33,1,0.29281941056251526,0.3835182785987854,0.21099,0.2894885838031769,4.006,-2.262,1.627,91.397,1.02136
932,78426.67,1,0.22930100560188293,0.28482457995414734,0.25643,0.29699280858039856,4.826,-2.051,1.483,91.123,1.02106
933,78510.0,1,0.6709299683570862,0.6572433710098267,0.05845,0.2526034414768219,5.326,-2.154,1.407,91.212,1.02192
934,78595.0,1,0.674144983291626,0.6813458204269409,0.04554,0.23343166708946228,6.292,-2.364,1.133,90.976,1.02214
935,78678.33,1,0.4889269471168518,0.5404316186904907,0.12087,0.23855368793010712,6.973,-2.623,1.15,90.92,1.02222
936,78761.67,1,0.3681216835975647,0.4789275527000427,0.15916,0.24787086248397827,7.733,-2.899,0.832,90.795,1.02251
937,78845.0,1,0.38279280066490173,0.43450039625167847,0.17186,0.19593128561973572,8.247,-2.985,0.901,90.872,1.02282
938,78928.33,1,0.38354459404945374,0.42043402791023254,0.17469,0.18081700801849365,8.274,-3.086,0.894,90.843,1.02369
939,79011.67,1,0.36331906914711,0.4122963547706604,0.18103,0.1661880612373352,8.335,-3.22,0.826,91.005,1.02353
940,79095.0,1,0.3649742305278778,0.41124236583709717,0.18406,0.14995184540748596,8.204,-3.345,0.84,90.928,1.02051
941,79178.33,1,0.3744921386241913,0.41791629791259766,0.18655,0.1398335099220276,8.206,-3.427,0.813,91.013,1.01826
942,79261.67,1,0.3096909523010254,0.3698948621749878,0.22348,0.16760504245758057,7.928,-3.702,0.898,90.954,1.01818
943,79345.0,1,0.2387409508228302,0.29439717531204224,0.25654,0.1789337396621704,7.58,-3.806,1.011,91.037,1.01683
944,79428.33,1,0.23153655230998993,0.294881135225296,0.25968,0.16257740557193756,7.625,-3.848,0.942,91.046,1.01617
945,79511.67,1,0.2417946755886078,0.3039253056049347,0.25699,0.16273757815361023,7.863,-3.851,0.923,91.084,1.01517
946,79595.0,1,0.2448527067899704,0.308623731136322,0.25479,0.1533736288547516,7.954,-3.837,0.86,91.163,1.01464
947,79678.33,1,0.19697566330432892,0.2469732165336609,0.27594,0.18263289332389832,7.263,-3.684,0.98,91.473,1.01412
948,79761.67,1,0.2181316763162613,0.24375636875629425,0.27214,0.20776507258415222,7.584,-3.628,1.065,91.321,1.01174
949,79845.0,1,0.3111429512500763,0.3645055294036865,0.21029,0.22461675107479095,8.568,-3.57,0.159,90.595,1.01187
950,79928.33,1,0.28603896498680115,0.3063240349292755,0.23764,0.16661836206912994,8.303,-3.094,-0.427,89.44,1.01029
951,80013.33,1,0.2654151916503906,0.3062082529067993,0.24234,0.23856991529464722,7.649,-3.016,-0.291,88.461,1.00961
952,80096.67,1,0.25573843717575073,0.32077550888061523,0.23856,0.23266232013702393,7.018,-2.846,-0.017,87.492,1.00895
953,80180.0,1,0.2491225302219391,0.3300541937351227,0.23647,0.2160181999206543,6.795,-2.716,-0.037,87.16,1.0087
954,80263.33,1,0.2645493149757385,0.3656071126461029,0.22506,0.2834697663784027,6.545,-2.479,0.013,86.763,1.00805
955,80346.67,1,0.22082923352718353,0.3192599415779114,0.24889,0.32936200499534607,5.734,-2.26,0.031,86.605,1.00787
956,80430.0,1,0.220845028758049,0.303209125995636,0.25167,0.3519831895828247,5.569,-2.227,0.223,86.244,1.00774
957,80513.33,1,0.21409428119659424,0.29444995522499084,0.25681,0.3373853862285614,5.481,-2.252,0.231,86.15,1.0077
958,80596.67,1,0.20358791947364807,0.2855990529060364,0.26015,0.31967243552207947,5.489,-2.278,0.162,86.104,1.00802
959,80680.0,1,0.20392785966396332,0.2918374836444855,0.26218,0.3054260313510895,5.536,-2.256,0.073,85.979,1.00779
960,80763.33,1,0.20278508961200714,0.2954206168651581,0.26126,0.28027021884918213,5.544,-2.304,-0.072,85.796,1.00849
961,80846.67,1,0.2167016714811325,0.3043105900287628,0.25693,0.26980575919151306,5.53,-2.248,-0.158,85.814,1.00804
962,80930.0,1,0.21599836647510529,0.306209534406662,0.25617,0.2627253830432892,5.517,-2.256,-0.248,85.737,1.00785
963,81013.33,1,0.21922166645526886,0.3122490346431732,0.25479,0.2573535740375519,5.483,-2.212,-0.363,85.93,1.00725
964,81096.67,1,0.21775196492671967,0.32516488432884216,0.25324,0.2556941509246826,5.441,-2.168,-0.56,85.919,1.00759
965,81180.0,1,0.21504634618759155,0.32619884610176086,0.25363,0.2583252489566803,5.419,-2.109,-0.598,85.944,1.0083
966,81263.33,1,0.20811818540096283,0.3206935524940491,0.25402,0.27304142713546753,5.38,-2.093,-0.609,85.906,1.00788
967,81348.33,1,0.20756494998931885,0.3194701671600342,0.25407,0.2923378348350525,5.382,-2.105,-0.587,85.871,1.00764
968,81431.67,1,0.20524777472019196,0.3113757371902466,0.25559,0.31169143319129944,5.363,-2.184,-0.476,85.895,1.00767
969,81515.0,1,0.21230363845825195,0.29037922620773315,0.2568,0.3485284447669983,5.42,-2.274,-0.083,86.188,1.00676
970,81598.33,1,0.2049306035041809,0.2616645097732544,0.26167,0.30551013350486755,5.449,-2.278,0.002,86.592,1.00756
971,81681.67,1,0.2121720314025879,0.2567732334136963,0.26326,0.22549515962600708,5.106,-2.307,-0.074,87.419,1.00827
972,81765.0,1,0.2214696854352951,0.2502112090587616,0.26353,0.2294866293668747,5.174,-2.538,-0.266,88.071,1.00686
973,81848.33,1,0.2340124547481537,0.2540270686149597,0.26027,0.23416422307491302,4.998,-2.635,-0.422,89.014,1.00646
974,81931.67,1,0.24357761442661285,0.269138365983963,0.25514,0.24983100593090057,4.937,-2.668,-0.548,89.775,1.00767
975,82015.0,1,0.24112746119499207,0.2953254282474518,0.25346,0.25182726979255676,4.894,-2.795,-0.676,90.366,1.00587
976,82098.33,1,0.23380707204341888,0.32287755608558655,0.2476,0.19838009774684906,4.843,-2.715,-0.851,90.41,1.00695
977,82181.67,1,0.22770075500011444,0.32503068447113037,0.25102,0.2244611382484436,4.809,-2.681,-0.921,90.842,1.00732
978,82265.0,1,0.22503173351287842,0.3430679142475128,0.24582,0.23421946167945862,4.846,-2.711,-0.94,91.017,1.00744
979,82348.33,1,0.23692911863327026,0.3449915945529938,0.24152,0.24486717581748962,4.951,-2.761,-0.889,91.411,1.00843
980,82431.67,1,0.2608872354030609,0.3592671751976013,0.2306,0.25869089365005493,5.066,-2.998,-0.649,91.561,1.00878
981,82515.0,1,0.26654282212257385,0.36612412333488464,0.22538,0.2525978982448578,5.408,-3.294,-0.298,91.716,1.00864
982,82598.33,1,0.2776853144168854,0.34930863976478577,0.22264,0.24830733239650726,5.587,-3.582,0.017,91.68,1.00842
983,82681.67,1,0.3001967966556549,0.3808814287185669,0.19937,0.18840956687927246,5.628,-4.163,0.317,91.766,1.00999
984,82766.67,1,0.329951673746109,0.36862167716026306,0.19429,0.11128933727741241,5.875,-4.554,0.562,91.654,1.01177
985,82850.0,1,0.3493870198726654,0.37023183703422546,0.19459,0.09369118511676788,5.746,-4.646,0.547,91.988,1.01289
986,82933.33,1,0.34943854808807373,0.37388718128204346,0.19704,0.09674444794654846,5.61,-4.479,0.487,92.501,1.01226
987,83016.67,1,0.316373735666275,0.40852853655815125,0.19837,0.22059401869773865,5.34,-4.106,-0.122,93.325,1.01456
988,83100.0,1,0.27288681268692017,0.44550442695617676,0.19905,0.21498017013072968,5.403,-4.154,-0.216,93.799,1.01438
989,83183.33,1,0.2559850811958313,0.45062392950057983,0.20437,0.21279166638851166,5.347,-4.225,-0.312,94.211,1.01374
990,83266.67,1,0.2729986608028412,0.45289379358291626,0.20125,0.22036021947860718,5.452,-4.259,-0.345,94.469,1.01417
991,83350.0,1,0.2597457468509674,0.4296532869338989,0.21466,0.23884905874729156,5.982,-4.229,-0.292,94.795,1.0147
992,83433.33,1,0.22606229782104492,0.36878886818885803,0.24127,0.22911979258060455,6.372,-4.285,-0.14,94.828,1.0152
993,83516.67,1,0.21138955652713776,0.3468336760997772,0.24967,0.2076154351234436,6.392,-4.298,-0.096,95.222,1.01596
994,83600.0,1,0.20596705377101898,0.3223532736301422,0.25243,0.2025836557149887,6.302,-4.667,-0.078,95.095,1.01524
995,83683.33,1,0.1931164711713791,0.32083889842033386,0.25717,0.2502695620059967,6.441,-5.008,0.33,94.858,1.01453
996,83766.67,1,0.18588919937610626,0.242087259888649,0.26745,0.2376481294631958,6.372,-4.997,0.788,94.056,1.01239
997,83850.0,1,0.42837074398994446,0.4306839406490326,0.14198,0.18860121071338654,6.112,-4.82,1.078,92.923,1.01036
998,83933.33,1,0.5385532379150391,0.5423691272735596,0.09876,0.2339988648891449,5.793,-4.819,1.099,91.557,1.01021
999,84016.67,1,0.3580109775066376,0.40045732259750366,0.17694,0.2674424946308136,5.923,-4.657,0.799,91.672,1.01033
1000,84100.0,1,0.6615082025527954,0.6119602918624878,0.06511,0.21025967597961426,6.536,-4.413,0.47,92.905,1.01229
1001,84185.0,1,0.6440637111663818,0.6848613023757935,0.04023,0.23327264189720154,6.467,-3.921,0.436,94.019,1.01531
1002,84268.33,1,0.46750766038894653,0.5197157859802246,0.11915,0.2145656794309616,6.935,-3.408,0.578,94.549,1.01715
1003,84351.67,1,0.4213681221008301,0.46471095085144043,0.1477,0.1706746220588684,6.849,-3.235,0.509,94.876,1.018
1004,84435.0,1,0.4116062521934509,0.4452038109302521,0.1599,0.17667466402053833,6.799,-3.313,0.473,94.835,1.01915
1005,84518.33,1,0.3055596351623535,0.4163708984851837,0.18152,0.22055713832378387,7.403,-3.647,0.035,94.797,1.02033
1006,84601.67,1,0.351389616727829,0.48962104320526123,0.1511,0.3326553702354431,8.16,-4.198,0.104,94.762,1.02022
1007,84685.0,1,0.6450270414352417,0.6705400943756104,0.04461,0.2931949198246002,8.023,-4.581,0.15,94.568,1.01931
1008,84768.33,1,0.6796473264694214,0.6687557101249695,0.0392,0.2639728784561157,7.458,-5.054,-0.086,94.194,1.01724
1009,84851.67,1,0.41871240735054016,0.5383727550506592,0.12244,0.2670622766017914,7.494,-5.247,0.051,94.06,1.01751
1010,84935.0,1,0.3668590486049652,0.5055950284004211,0.14507,0.25442272424697876,7.607,-5.315,0.094,94.027,1.01794
1011,85018.33,1,0.3330237567424774,0.44872477650642395,0.1739,0.18517130613327026,7.695,-5.422,0.22,94.608,1.01876
1012,85101.67,1,0.30914661288261414,0.40801769495010376,0.19314,0.10583515465259552,7.834,-5.702,0.329,94.693,1.01932
1013,85185.0,1,0.23610065877437592,0.2880382835865021,0.25008,0.11569127440452576,8.002,-5.988,0.302,94.849,1.01909
1014,85268.33,1,0.21268463134765625,0.251914918422699,0.26352,0.09957261383533478,8.01,-5.883,0.205,94.846,1.01912
1015,85351.67,1,0.21289490163326263,0.2774902880191803,0.25919,0.1639142483472824,7.91,-5.499,-0.069,95.231,1.01886
1016,85435.0,1,0.16611348092556,0.26353785395622253,0.28222,0.19971215724945068,7.22,-5.102,-0.292,94.947,1.01716
1017,85518.33,1,0.1845882683992386,0.26500067114830017,0.28087,0.1949331909418106,7.009,-5.028,0.004,94.412,1.01628
1018,85603.33,1,0.1881740391254425,0.2608053982257843,0.27723,0.17278949916362762,7.194,-5.138,0.5,94.315,1.01567
1019,85686.67,1,0.19369138777256012,0.24672232568264008,0.27431,0.1244802176952362,7.5,-5.371,0.669,94.537,1.01674
1020,85770.0,1,0.20821009576320648,0.2286524921655655,0.27756,0.16574344038963318,7.494,-5.45,0.777,94.57,1.01797
1021,85853.33,1,0.262263685464859,0.37384799122810364,0.23499,0.10654942691326141,7.502,-5.562,0.256,94.776,1.01946
1022,85936.67,1,0.22189635038375854,0.3734554052352905,0.24158,0.2583208680152893,7.02,-5.763,-0.473,94.641,1.02184
1023,86020.0,1,0.23164375126361847,0.39947766065597534,0.23344,0.3032970726490021,7.699,-6.248,-0.822,94.691,1.02348
1024,86103.33,1,0.2382291555404663,0.4370126724243164,0.22028,0.2864554226398468,8.022,-6.58,-0.779,94.522,1.02273
1025,86186.67,1,0.2604617476463318,0.42183396220207214,0.21839,0.25671327114105225,8.187,-6.739,-0.502,94.431,1.02291
1026,86270.0,1,0.29046833515167236,0.42939120531082153,0.20264,0.24963897466659546,8.381,-6.792,-0.112,94.149,1.02324
1027,86353.33,1,0.32542747259140015,0.44719812273979187,0.17959,0.24102313816547394,8.704,-7.009,0.229,93.977,1.02298
1028,86436.67,1,0.337755411863327,0.4221172332763672,0.18439,0.1978689283132553,8.726,-7.156,0.505,93.664,1.02178
1029,86520.0,1,0.33852073550224304,0.4159538149833679,0.18615,0.1841529905796051,8.766,-7.176,0.694,93.544,1.02181
1030,86603.33,1,0.33696386218070984,0.3988644778728485,0.1897,0.1415814608335495,8.804,-7.173,0.783,93.296,1.02144
1031,86686.67,1,0.32212626934051514,0.36808907985687256,0.20189,0.12069705128669739,8.859,-7.188,0.747,93.317,1.02167
1032,86770.0,1,0.33037546277046204,0.3446643054485321,0.20651,0.10473677515983582,8.882,-7.173,0.673,93.188,1.02206
1033,86853.33,1,0.3298705220222473,0.34583890438079834,0.20855,0.09679605811834335,8.907,-7.123,0.645,93.214,1.02286
1034,86938.33,1,0.32494625449180603,0.32320690155029297,0.21655,0.09186407178640366,8.991,-6.882,0.461,93.245,1.02161
1035,87021.67,1,0.3255878984928131,0.31175920367240906,0.21976,0.10823220759630203,9.378,-6.525,0.244,93.213,1.02274
1036,87105.0,1,0.3120807111263275,0.3284314274787903,0.21997,0.0959332212805748,9.37,-6.455,0.24,93.154,1.02283
1037,87188.33,1,0.3300040066242218,0.41101524233818054,0.19077,0.19736792147159576,9.505,-6.219,0.18,93.083,1.0227
1038,87271.67,1,0.6678686141967773,0.7034056186676025,0.03844,0.21780593693256378,9.648,-6.099,0.134,92.997,1.02237
1039,87355.0,1,0.6259283423423767,0.6560691595077515,0.0493,0.2365521490573883,9.479,-6.134,0.315,92.858,1.02343
1040,87438.33,1,0.5830066204071045,0.6043486595153809,0.071,0.24750477075576782,9.534,-6.252,0.427,92.679,1.022
1041,87521.67,1,0.5338010787963867,0.602194607257843,0.0834,0.26450929045677185,9.5,-6.393,0.588,92.618,1.02176
1042,87605.0,1,0.5253690481185913,0.5857348442077637,0.0906,0.2535272240638733,9.687,-6.541,0.588,92.5,1.02111
1043,87688.33,1,0.5087385177612305,0.5723549723625183,0.09928,0.24108432233333588,9.949,-6.605,0.565,92.444,1.02119
1044,87771.67,1,0.4998624324798584,0.5410028696060181,0.10689,0.22747284173965454,9.863,-6.583,0.707,92.5,1.02043
1045,87855.0,1,0.2952365279197693,0.3473479449748993,0.22078,0.1866733729839325,9.124,-6.773,0.57,92.625,1.0214
1046,87938.33,1,0.2302228808403015,0.2877871096134186,0.25839,0.16375795006752014,8.342,-6.79,0.492,92.635,1.02089
1047,88021.67,1,0.2088416963815689,0.25186583399772644,0.27142,0.1665458232164383,8.431,-6.868,0.41,92.74,1.02014
1048,88105.0,1,0.201432004570961,0.24447719752788544,0.27074,0.1379886269569397,8.5,-6.895,0.299,92.735,1.02083
1049,88188.33,1,0.19270700216293335,0.24806904792785645,0.27166,0.10411729663610458,8.341,-6.498,0.562,92.69,1.02056
1050,88271.67,1,0.20057004690170288,0.2579897344112396,0.26418,0.12836313247680664,7.448,-5.83,0.672,92.762,1.0193
1051,88356.67,1,0.2033868283033371,0.2532043755054474,0.26334,0.15045574307441711,7.353,-5.106,0.787,92.888,1.01959
1052,88440.0,1,0.20287923514842987,0.2500075697898865,0.26744,0.13373985886573792,7.147,-4.86,0.797,92.758,1.02013
1053,88523.33,1,0.20896446704864502,0.2575094997882843,0.26647,0.11944986879825592,7.172,-4.858,0.7,92.814,1.02102
1054,88606.67,1,0.20837964117527008,0.2721119523048401,0.26689,0.12588728964328766,7.202,-4.815,0.665,92.726,1.02088
1055,88690.0,1,0.2006617933511734,0.27590879797935486,0.26986,0.13533033430576324,7.135,-4.849,0.618,92.903,1.02128
1056,88773.33,1,0.20535683631896973,0.2729206383228302,0.26333,0.10974259674549103,7.176,-5.077,0.726,92.8,1.02084
1057,88856.67,1,0.20544053614139557,0.26818153262138367,0.25706,0.0958784818649292,7.575,-5.78,1.033,92.933,1.02091
1058,88940.0,1,0.20116087794303894,0.2662546932697296,0.25513,0.10542778670787811,7.501,-6.49,1.295,92.919,1.02067
1059,89023.33,1,0.22498559951782227,0.29166606068611145,0.25006,0.12855610251426697,7.345,-6.859,1.474,93.064,1.02145
1060,89106.67,1,0.24026590585708618,0.32125622034072876,0.24403,0.1456485092639923,7.301,-7.103,1.467,93.041,1.02132
1061,89190.0,1,0.24566473066806793,0.3179794251918793,0.24412,0.15270112454891205,7.257,-7.126,1.405,93.138,1.02147
1062,89273.33,1,0.2409275323152542,0.31377559900283813,0.24885,0.1348218470811844,7.194,-7.222,1.494,93.028,1.021
1063,89356.67,1,0.2373344749212265,0.3140564262866974,0.24974,0.12632913887500763,7.108,-7.359,1.443,93.171,1.02109
1064,89440.0,1,0.24049194157123566,0.32040753960609436,0.2484,0.12179934233427048,7.004,-7.42,1.405,93.069,1.02021
1065,89523.33,1,0.24628256261348724,0.3288426697254181,0.24226,0.11019735038280487,6.971,-7.521,1.34,93.087,1.01983
1066,89606.67,1,0.2446763813495636,0.34183886647224426,0.23878,0.1078522726893425,7.019,-7.557,1.09,93.016,1.01901
1067,89691.67,1,0.25125524401664734,0.32932186126708984,0.23865,0.100676029920578,6.929,-7.256,1.039,93.005,1.01873
1068,89775.0,1,0.2436777502298355,0.3157794177532196,0.24291,0.10245468467473984,7.045,-7.098,0.959,92.991,1.01842
1069,89858.33,1,0.23869138956069946,0.29015859961509705,0.25013,0.1105945035815239,7.002,-6.933,0.835,92.987,1.01874
1070,89941.67,1,0.24083761870861053,0.29290860891342163,0.25064,0.11102015525102615,6.848,-6.872,0.883,92.958,1.01954
1071,90025.0,1,0.233352392911911,0.28112250566482544,0.25515,0.11297237873077393,6.65,-6.888,0.889,92.977,1.01885
1072,90108.33,1,0.23037323355674744,0.28265076875686646,0.25675,0.11287498474121094,6.516,-6.836,0.918,92.987,1.01924
1073,90191.67,1,0.22777105867862701,0.27663519978523254,0.25955,0.11414052546024323,6.473,-6.908,0.934,92.956,1.01941
1074,90275.0,1,0.22501647472381592,0.27508071064949036,0.26125,0.1158413365483284,6.443,-6.965,0.922,92.93,1.01966
1075,90358.33,1,0.22113747894763947,0.273116797208786,0.26241,0.11640438437461853,6.389,-6.982,0.936,92.857,1.01926
1076,90441.67,1,0.2209080159664154,0.27124062180519104,0.26289,0.11665016412734985,6.357,-6.989,0.929,92.897,1.01898
1077,90525.0,1,0.20716123282909393,0.25663602352142334,0.26477,0.1102694645524025,6.333,-7.131,0.971,92.838,1.01816
1078,90608.33,1,0.21370510756969452,0.270943284034729,0.25782,0.1338341385126114,6.321,-7.132,1.137,92.781,1.01843
1079,90691.67,1,0.2391005903482437,0.3048306405544281,0.24358,0.12924814224243164,6.533,-7.312,1.028,92.735,1.01934
1080,90775.0,1,0.26044318079948425,0.33269232511520386,0.2295,0.12625592947006226,6.553,-7.338,1.135,92.767,1.0191
1081,90858.33,1,0.26729831099510193,0.32700228691101074,0.23177,0.1292109340429306,6.54,-7.349,1.147,92.89,1.01917
1082,90941.67,1,0.26414716243743896,0.3266439735889435,0.23316,0.1253920942544937,6.62,-7.401,1.107,92.761,1.01757
1083,91025.0,1,0.2653791606426239,0.33101293444633484,0.23403,0.11492691189050674,6.65,-7.421,1.058,92.867,1.01789
1084,91110.0,1,0.2622857689857483,0.32928866147994995,0.2359,0.11124177277088165,6.644,-7.434,0.935,92.779,1.01814
1085,91193.33,1,0.2655525207519531,0.3277965188026428,0.23453,0.11949119716882706,6.596,-7.374,0.951,92.84,1.01888
1086,91276.67,1,0.2716360092163086,0.3311730623245239,0.23156,0.12274795025587082,6.517,-7.347,0.94,92.847,1.01898
1087,91360.0,1,0.27077487111091614,0.328787237405777,0.23299,0.12428727746009827,6.588,-7.407,0.913,92.906,1.01852
1088,91443.33,1,0.24357230961322784,0.3128751218318939,0.24386,0.1313609629869461,6.558,-7.439,0.919,92.918,1.01759
1089,91526.67,1,0.2296769618988037,0.2900615334510803,0.25007,0.13509495556354523,6.579,-7.477,0.888,92.911,1.01868
1090,91610.0,1,0.22013019025325775,0.28047990798950195,0.25605,0.13661205768585205,6.549,-7.469,0.896,92.923,1.01756
1091,91693.33,1,0.21137899160385132,0.26788783073425293,0.26073,0.1397787183523178,6.437,-7.439,0.915,92.923,1.01834
1092,91776.67,1,0.21877753734588623,0.27217811346054077,0.26127,0.12454524636268616,6.478,-7.433,0.959,92.867,1.01802
1093,91860.0,1,0.22551974654197693,0.28416508436203003,0.2596,0.11593157798051834,6.568,-7.354,0.989,92.885,1.01831
1094,91943.33,1,0.22311845421791077,0.2843286991119385,0.25725,0.10177429020404816,6.59,-7.312,0.923,92.782,1.01843
1095,92026.67,1,0.21762172877788544,0.27758917212486267,0.25621,0.09544966369867325,6.63,-7.234,0.876,92.803,1.01796
1096,92110.0,1,0.2172616869211197,0.2806602120399475,0.25616,0.1006636992096901,6.599,-7.201,0.841,92.739,1.01779
1097,92193.33,1,0.21728093922138214,0.28087398409843445,0.25503,0.10520943999290466,6.518,-7.134,0.86,92.742,1.01779
1098,92276.67,1,0.21619077026844025,0.281605988740921,0.25559,0.10487997531890869,6.548,-7.069,0.819,92.721,1.01727
1099,92360.0,1,0.23154021799564362,0.29472365975379944,0.25141,0.10487300902605057,6.578,-6.949,0.761,92.805,1.01758
1100,92443.33,1,0.24278870224952698,0.3026149868965149,0.24727,0.11468825489282608,6.519,-6.85,0.744,92.964,1.01643
1101,92528.33,1,0.43013840913772583,0.40712210536003113,0.16915,0.1218189001083374,6.312,-6.672,0.625,93.418,1.01804
1102,92611.67,1,0.7299845218658447,0.6621971130371094,0.03891,0.11410976946353912,6.066,-6.235,0.269,93.846,1.0174
1103,92695.0,1,0.743564784526825,0.6867080926895142,0.02677,0.14227929711341858,6.457,-6.026,0.06,94.328,1.01785
1104,92778.33,1,0.34210628271102905,0.39501839876174927,0.18808,0.11814291775226593,6.165,-6.169,0.271,95.093,1.01796
1105,92861.67,1,0.242889404296875,0.3090069591999054,0.22927,0.13470472395420074,6.413,-6.042,0.458,96.204,1.01772
1106,92945.0,1,0.1734815239906311,0.2874213457107544,0.257,0.23420514166355133,6.254,-5.561,-0.412,96.42,1.01462
1107,93028.33,1,0.16723397374153137,0.2143944799900055,0.28466,0.14184173941612244,5.654,-5.069,-0.626,96.355,1.01484
1108,93111.67,1,0.1990870237350464,0.25639742612838745,0.26396,0.12458803504705429,5.801,-4.821,-0.828,96.831,1.01576
1109,93195.0,1,0.12740102410316467,0.3088896870613098,0.26449,0.17150193452835083,7.563,-3.882,-0.739,96.894,1.01748
1110,93278.33,1,0.2911660969257355,0.37859874963760376,0.19461,0.1235618144273758,7.413,-3.296,-0.897,96.299,1.02123
1111,93361.67,1,0.6802228689193726,0.6905726194381714,0.03685,0.13182656466960907,6.802,-3.99,0.048,95.61,1.02299
1112,93445.0,1,0.7027716636657715,0.7609895467758179,0.0263,0.18115034699440002,6.552,-5.26,0.796,94.665,1.02417
1113,93528.33,1,0.5410169959068298,0.6519911885261536,0.06982,0.282825767993927,6.521,-6.582,1.463,94.011,1.02438
1114,93611.67,1,0.4936741888523102,0.48948103189468384,0.14643,0.2486785501241684,6.091,-6.755,1.839,93.499,1.02345
1115,93695.0,1,0.38013172149658203,0.4300652742385864,0.19068,0.24894483387470245,6.065,-6.784,1.792,93.226,1.0221
1116,93778.33,1,0.3060711622238159,0.4130537211894989,0.20364,0.23340395092964172,5.959,-6.745,1.728,92.843,1.02044
1117,93861.67,1,0.26230692863464355,0.39517906308174133,0.21773,0.2501036524772644,5.948,-6.95,1.611,92.733,1.02057
1118,93946.67,1,0.2701903283596039,0.4171326458454132,0.20264,0.26532891392707825,5.747,-6.922,1.553,92.504,1.01903
1119,94030.0,1,0.7151763439178467,0.7846206426620483,0.02288,0.2509394586086273,5.611,-6.89,1.409,92.584,1.02048
1120,94113.33,1,0.7485243082046509,0.7875307202339172,0.02267,0.259952187538147,5.656,-6.764,1.491,92.442,1.01983
1121,94196.67,1,0.7240661382675171,0.7625031471252441,0.02232,0.23490342497825623,6.141,-6.831,1.49,92.414,1.02033
1122,94280.0,1,0.21643006801605225,0.2301771342754364,0.24257,0.2938152849674225,6.232,-6.848,1.508,92.032,1.01867
1123,94363.33,1,0.11603181809186935,0.11376693099737167,0.3204,0.3140522539615631,6.19,-6.759,1.515,92.079,1.01816
1124,94446.67,1,0.10267207026481628,0.11247568577528,0.33193,0.2705293595790863,5.944,-6.456,1.559,91.952,1.01861
1125,94530.0,1,0.5639339089393616,0.540669322013855,0.11081,0.21621929109096527,6.165,-6.038,1.629,92.108,1.01863
1126,94613.33,1,0.8060121536254883,0.7630113363265991,0.02562,0.18180540204048157,6.732,-5.809,1.446,91.949,1.01969
1127,94696.67,1,0.805181086063385,0.7722322940826416,0.02997,0.17384208738803864,6.949,-5.959,1.481,91.906,1.01875
1128,94780.0,1,0.7101950645446777,0.6383911371231079,0.04657,0.19294612109661102,6.765,-5.993,1.818,91.69,1.01906
1129,94863.33,1,0.19754278659820557,0.1545889526605606,0.26237,0.185145765542984,6.895,-5.851,1.887,91.419,1.01781
1130,94946.67,1,0.1448436677455902,0.10090067237615585,0.30227,0.19165903329849243,6.94,-5.834,1.843,91.228,1.01809
1131,95030.0,1,0.12831184267997742,0.10446743667125702,0.30843,0.19482852518558502,6.949,-5.793,1.915,91.141,1.01822
1132,95113.33,1,0.1380799561738968,0.1181085854768753,0.3073,0.21805644035339355,6.948,-5.772,1.986,91.075,1.01877
1133,95196.67,1,0.14587660133838654,0.1725059449672699,0.29708,0.2211405485868454,6.995,-5.687,2.014,91.101,1.01884
1134,95281.67,1,0.3315499424934387,0.3935108184814453,0.20339,0.23264294862747192,7.116,-5.505,1.889,91.086,1.01783
1135,95365.0,1,0.3494749069213867,0.3897077441215515,0.19838,0.20001699030399323,7.189,-5.595,1.838,90.933,1.018
1136,95448.33,1,0.31892091035842896,0.36951106786727905,0.20809,0.1846904456615448,7.447,-5.745,1.887,90.779,1.01823
1137,95531.67,1,0.6705817580223083,0.6496304273605347,0.06812,0.19313713908195496,7.559,-5.994,1.616,91.002,1.01917
1138,95615.0,1,0.640541672706604,0.6287895441055298,0.067,0.18191362917423248,7.797,-6.119,1.454,90.947,1.01904
1139,95698.33,1,0.5690360069274902,0.6041051149368286,0.0893,0.18918243050575256,7.915,-6.061,1.438,90.83,1.01926
1140,95781.67,1,0.5040196180343628,0.5369666814804077,0.12566,0.18800395727157593,8.006,-6.002,1.45,90.679,1.01774
1141,95865.0,1,0.4520163834095001,0.5043982267379761,0.14685,0.18309587240219116,8.015,-6.014,1.349,90.893,1.01851
1142,95948.33,1,0.4077843725681305,0.4644859731197357,0.16433,0.16655263304710388,8.36,-6.07,1.268,90.827,1.0198
1143,96031.67,1,0.4033011496067047,0.43886271119117737,0.1693,0.1670072376728058,8.52,-6.027,1.274,90.991,1.0191
1144,96115.0,1,0.409456342458725,0.42854422330856323,0.16903,0.179826557636261,8.701,-5.92,1.271,91.004,1.01965
1145,96198.33,1,0.40502139925956726,0.4196855425834656,0.17031,0.16809779405593872,8.74,-5.992,1.303,91.026,1.01992
1146,96281.67,1,0.40696242451667786,0.4204953908920288,0.1689,0.16866923868656158,8.725,-6.045,1.277,91.064,1.01936
1147,96365.0,1,0.40449362993240356,0.4197462797164917,0.16917,0.19160865247249603,8.738,-6.104,1.261,91.08,1.02032
1148,96448.33,1,0.430669903755188,0.47483450174331665,0.151,0.2024620771408081,8.88,-6.225,1.148,91.03,1.0199
1149,96531.67,1,0.47410696744918823,0.5151552557945251,0.12348,0.22837191820144653,8.965,-6.319,1.048,91.095,1.02065
1150,96615.0,1,0.38524487614631653,0.47021403908729553,0.15251,0.23419702053070068,9.07,-6.375,0.983,90.985,1.01967
1151,96700.0,1,0.3052825331687927,0.38755229115486145,0.20146,0.2247958779335022,8.997,-6.395,0.97,91.048,1.0197
1152,96783.33,1,0.2548127770423889,0.33596381545066833,0.23104,0.2208259105682373,8.954,-6.385,0.957,91.176,1.01947
1153,96866.67,1,0.260365754365921,0.3266240060329437,0.23577,0.218898206949234,9.021,-6.417,1.039,91.346,1.0198
1154,96950.0,1,0.273971289396286,0.3337738811969757,0.23132,0.20089410245418549,9.044,-6.417,1.03,91.742,1.02082
1155,97033.33,1,0.2885434031486511,0.32477080821990967,0.22562,0.19634512066841125,9.154,-6.322,0.972,92.068,1.02108
1156,97116.67,1,0.3241193890571594,0.327769935131073,0.20899,0.1858038455247879,9.339,-6.279,0.967,91.98,1.02113
1157,97200.0,1,0.33928921818733215,0.3652532696723938,0.19856,0.15405720472335815,9.443,-6.294,1.101,92.062,1.02198
1158,97283.33,1,0.35417962074279785,0.3687657415866852,0.19619,0.11472825706005096,9.521,-6.48,1.196,91.995,1.02199
1159,97366.67,1,0.3614346385002136,0.3826653063297272,0.19308,0.09317410737276077,9.568,-6.656,1.086,92.089,1.0212
1160,97450.0,1,0.3901255130767822,0.39853474497795105,0.17814,0.12391472607851028,9.671,-6.552,0.987,91.775,1.02171
1161,97533.33,1,0.5960582494735718,0.5687541961669922,0.08579,0.15238375961780548,9.881,-6.531,0.894,91.813,1.02094
1162,97616.67,1,0.6125839948654175,0.6018495559692383,0.07622,0.14523746073246002,9.656,-6.504,0.779,91.688,1.0206
1163,97700.0,1,0.45420822501182556,0.5244495272636414,0.13193,0.17278432846069336,9.555,-6.549,0.835,91.729,1.02172
1164,97783.33,1,0.40060269832611084,0.4795686602592468,0.15626,0.1895817071199417,9.565,-6.563,0.913,91.603,1.02083
1165,97866.67,1,0.3711123764514923,0.45002278685569763,0.16919,0.19495993852615356,9.611,-6.695,0.945,91.553,1.02134
1166,97950.0,1,0.35584327578544617,0.4256541132926941,0.17833,0.1908872276544571,9.568,-6.742,0.979,91.452,1.02154
1167,98035.0,1,0.3434757888317108,0.4023229479789734,0.18553,0.18544013798236847,9.475,-6.783,0.975,91.379,1.0203
1168,98118.33,1,0.3277532160282135,0.3833053410053253,0.19733,0.13538914918899536,9.283,-6.81,0.965,91.331,1.02097
1169,98201.67,1,0.31602346897125244,0.37787044048309326,0.20562,0.1216774508357048,9.074,-6.881,1.009,91.278,1.02088
1170,98285.0,1,0.30207252502441406,0.3815922439098358,0.20895,0.11695830523967743,8.961,-6.953,0.961,91.321,1.02042
1171,98368.33,1,0.3007769286632538,0.3873195946216583,0.21159,0.1227460727095604,9.081,-6.96,0.781,91.609,1.02029
1172,98451.67,1,0.30600979924201965,0.3832484185695648,0.21007,0.12570585310459137,9.1,-6.969,0.734,91.507,1.01949
1173,98535.0,1,0.29120439291000366,0.36285626888275146,0.22237,0.14052388072013855,9.091,-6.973,0.779,91.609,1.02009
1174,98618.33,1,0.2476348876953125,0.3073998987674713,0.24842,0.13712890446186066,8.93,-6.977,0.836,91.575,1.01971
1175,98701.67,1,0.22982218861579895,0.2820150554180145,0.2585,0.1447811871767044,8.653,-7.059,0.768,91.723,1.02166
1176,98785.0,1,0.21825414896011353,0.27778518199920654,0.26301,0.15628506243228912,8.511,-7.123,0.736,91.65,1.0228
1177,98868.33,1,0.2102823257446289,0.27011018991470337,0.26767,0.15322478115558624,8.524,-7.179,0.712,91.673,1.02122
1178,98951.67,1,0.21068169176578522,0.2689485549926758,0.26612,0.15740863978862762,8.647,-7.186,0.71,91.615,1.0201
1179,99035.0,1,0.207583948969841,0.26174020767211914,0.26761,0.15949679911136627,8.659,-7.117,0.66,91.643,1.02103
1180,99118.33,1,0.205659881234169,0.25637879967689514,0.27172,0.16434018313884735,8.546,-6.967,0.567,91.647,1.02167
1181,99201.67,1,0.20858395099639893,0.26186269521713257,0.26793,0.1618242710828781,8.56,-6.864,0.597,91.651,1.02081
1182,99285.0,1,0.20545056462287903,0.26058509945869446,0.26636,0.16690339148044586,8.783,-6.55,0.613,91.648,1.0208
1183,99368.33,1,0.1921604424715042,0.25872907042503357,0.2661,0.15696071088314056,8.789,-6.414,0.681,91.67,1.02078
1184,99453.33,1,0.19100433588027954,0.25617271661758423,0.26609,0.18816684186458588,8.831,-6.243,0.582,91.675,1.02147
1185,99536.67,1,0.18812541663646698,0.24807249009609222,0.26861,0.19289863109588623,9.235,-6.016,0.6,91.552,1.02071
1186,99620.0,1,0.1663207709789276,0.23248088359832764,0.27507,0.17687232792377472,9.381,-5.926,0.759,91.378,1.0202
1187,99703.33,1,0.18046192824840546,0.2415580004453659,0.27458,0.1554228961467743,9.51,-5.915,0.915,91.293,1.02058
1188,99786.67,1,0.18193615972995758,0.2457052618265152,0.27269,0.16017015278339386,9.463,-5.96,0.982,91.321,1.02015
1189,99870.0,1,0.1929238736629486,0.25742390751838684,0.27223,0.12913984060287476,9.323,-6.056,1.006,91.354,1.02033
1190,99953.33,1,0.1972670704126358,0.2577582895755768,0.27201,0.1276194304227829,9.426,-5.907,1.009,91.312,1.02066
1191,100036.67,1,0.199955016374588,0.25587424635887146,0.27077,0.10224123299121857,9.484,-5.999,1.119,91.387,1.02188
1192,100120.0,1,0.19420549273490906,0.25345703959465027,0.27015,0.07208999246358871,8.973,-6.397,1.086,91.327,1.02227
1193,100203.33,1,0.1998220533132553,0.24427363276481628,0.26786,0.10165710002183914,8.907,-6.502,1.221,91.402,1.02123
1194,100286.67,1,0.19893820583820343,0.25587406754493713,0.26656,0.1677331179380417,8.875,-6.482,1.182,91.305,1.02037
1195,100370.0,1,0.21818885207176208,0.29820945858955383,0.25439,0.1967952847480774,8.952,-6.667,1.184,91.406,1.02132
1196,100453.33,1,0.22938083112239838,0.30506011843681335,0.24933,0.2160474956035614,9.092,-6.907,1.207,91.302,1.02026
1197,100536.67,1,0.2421790361404419,0.32067233324050903,0.24432,0.24118058383464813,9.095,-6.933,1.275,91.31,1.02034
1198,100620.0,1,0.24506111443042755,0.3207157552242279,0.24235,0.246525838971138,9.193,-6.881,1.295,91.294,1.02089
1199,100703.33,1,0.25316739082336426,0.33287715911865234,0.23749,0.2404499351978302,9.291,-6.809,1.294,91.222,1.02151
1200,100786.67,1,0.257895290851593,0.3357953429222107,0.23683,0.21701183915138245,9.213,-6.801,1.274,91.284,1.02034
1201,100871.67,1,0.2569381594657898,0.337777704000473,0.23729,0.2045927792787552,9.105,-6.82,1.2,91.485,1.01941
1202,100955.0,1,0.2549346387386322,0.3350580334663391,0.23708,0.18864187598228455,9.065,-6.744,1.13,91.438,1.02044
1203,101038.33,1,0.25540968775749207,0.3286674916744232,0.23908,0.15986554324626923,9.03,-6.738,1.069,91.623,1.02078
1204,101121.67,1,0.2416260689496994,0.3142346143722534,0.24609,0.14981606602668762,8.828,-6.86,0.992,91.634,1.02107
1205,101205.0,1,0.21468985080718994,0.2801001965999603,0.26243,0.13877369463443756,8.823,-6.958,0.977,91.698,1.02084
1206,101288.33,1,0.2086368352174759,0.2616789937019348,0.26734,0.13426949083805084,8.825,-7.042,0.997,91.702,1.02174
1207,101371.67,1,0.20780029892921448,0.2493722289800644,0.27063,0.12675395607948303,8.849,-7.03,1.013,91.725,1.02164
1208,101455.0,1,0.2059173732995987,0.24251866340637207,0.27469,0.1225527971982956,8.708,-7.115,1.013,91.697,1.02039
1209,101538.33,1,0.2113061100244522,0.25166651606559753,0.27086,0.12623266875743866,8.677,-7.139,0.988,91.761,1.02086
1210,101621.67,1,0.2144799679517746,0.2527926564216614,0.26972,0.12584468722343445,8.756,-7.11,1.025,91.694,1.0207
1211,101705.0,1,0.20271573960781097,0.24260643124580383,0.27598,0.1157432422041893,8.645,-7.004,1.0,91.799,1.01994
1212,101788.33,1,0.19651921093463898,0.23036880791187286,0.27779,0.11702537536621094,8.504,-7.008,0.919,91.796,1.01989
1213,101871.67,1,0.19016039371490479,0.2217075675725937,0.28028,0.11543577164411545,8.436,-6.958,0.908,91.869,1.02116
1214,101955.0,1,0.18469621241092682,0.2204088717699051,0.28166,0.1210872009396553,8.337,-6.885,0.923,91.9,1.02093
1215,102038.33,1,0.18348011374473572,0.22752711176872253,0.28042,0.11648823320865631,8.211,-6.851,0.914,91.991,1.02088
1216,102121.67,1,0.17244714498519897,0.23178955912590027,0.28255,0.13700635731220245,7.904,-7.006,0.954,91.998,1.0205
1217,102205.0,1,0.16917817294597626,0.22438152134418488,0.28261,0.13897199928760529,7.772,-7.181,0.867,91.993,1.0215
1218,102290.0,1,0.16573567688465118,0.21657755970954895,0.28585,0.14273224771022797,7.806,-7.214,0.849,92.014,1.02108
1219,102373.33,1,0.179070845246315,0.23294593393802643,0.28308,0.14060723781585693,7.742,-7.235,0.816,92.078,1.0214
1220,102456.67,1,0.18760868906974792,0.24533864855766296,0.2781,0.12745018303394318,7.59,-7.251,0.786,92.078,1.02134
1221,102540.0,1,0.18076223134994507,0.24422094225883484,0.27774,0.11974357813596725,7.549,-7.288,0.743,92.049,1.02124
1222,102623.33,1,0.17727558314800262,0.24585004150867462,0.27846,0.12626081705093384,7.45,-7.29,0.729,92.056,1.02174
1223,102706.67,1,0.17575611174106598,0.24475455284118652,0.27901,0.13074767589569092,7.423,-7.255,0.748,91.998,1.02172
1224,102790.0,1,0.1783885508775711,0.24240843951702118,0.27834,0.12997771799564362,7.479,-7.239,0.819,91.957,1.02115
1225,102873.33,1,0.19063623249530792,0.25497967004776,0.27393,0.13487009704113007,7.516,-7.181,0.898,92.003,1.02108
1226,102956.67,1,0.21852387487888336,0.28049519658088684,0.26471,0.14037509262561798,7.267,-7.181,1.03,92.065,1.02185
1227,103040.0,1,0.22795850038528442,0.28556498885154724,0.26195,0.11930268257856369,7.259,-7.169,0.925,92.157,1.02182
1228,103123.33,1,0.22697003185749054,0.2807326018810272,0.26219,0.1193254217505455,7.304,-7.209,0.9,92.138,1.02135
1229,103206.67,1,0.21532350778579712,0.271022766828537,0.26574,0.11980652064085007,7.285,-7.257,0.886,92.095,1.02149
1230,103290.0,1,0.20951180160045624,0.25843945145606995,0.27032,0.12570999562740326,7.182,-7.303,0.869,92.124,1.02058
1231,103373.33,1,0.21345482766628265,0.2651878595352173,0.26802,0.12193529307842255,7.2,-7.322,0.871,92.229,1.02107
1232,103456.67,1,0.21626988053321838,0.27042075991630554,0.26465,0.12153971195220947,7.268,-7.299,0.87,92.186,1.02064
1233,103540.0,1,0.21747472882270813,0.2693997025489807,0.26172,0.12068793922662735,7.275,-7.283,0.954,92.319,1.02054
1234,103625.0,1,0.2161058485507965,0.2679457366466522,0.26122,0.12617310881614685,7.343,-7.31,0.956,92.314,1.02021
1235,103708.33,1,0.21265777945518494,0.2656167149543762,0.26343,0.12764889001846313,7.27,-7.333,1.011,92.371,1.02007
1236,103791.67,1,0.6262404918670654,0.6496884822845459,0.0702,0.12002421170473099,7.255,-7.274,0.935,92.418,1.02133
1237,103875.0,1,0.5304973125457764,0.5724110007286072,0.1058,0.12372610718011856,7.362,-7.214,0.921,92.412,1.02135
1238,103958.33,1,0.3526063859462738,0.4618407189846039,0.17524,0.13729697465896606,7.316,-7.239,0.769,92.302,1.02077
1239,104041.67,1,0.2913033664226532,0.408226877450943,0.20392,0.18620362877845764,7.187,-7.239,0.698,92.28,1.02035
1240,104125.0,1,0.24963007867336273,0.37870416045188904,0.22294,0.18384796380996704,7.147,-7.147,0.773,92.252,1.02087
1241,104208.33,1,0.22497083246707916,0.34386202692985535,0.23918,0.18800193071365356,7.155,-7.182,0.772,92.297,1.02098
1242,104291.67,1,0.21780401468276978,0.3269231915473938,0.2476,0.1973404884338379,7.166,-7.205,0.758,92.271,1.02061
1243,104375.0,1,0.2068651169538498,0.3066827356815338,0.25506,0.1938636153936386,7.194,-7.2,0.802,92.338,1.02009
1244,104458.33,1,0.20263783633708954,0.3027147948741913,0.25728,0.19153909385204315,7.28,-7.198,0.804,92.316,1.02059
1245,104541.67,1,0.4699079692363739,0.4719540476799011,0.14627,0.20993851125240326,7.361,-7.192,0.735,92.375,1.02066
1246,104625.0,1,0.5584273338317871,0.5875512361526489,0.09254,0.20330604910850525,7.422,-7.13,0.725,92.406,1.02087
1247,104708.33,1,0.39348462224006653,0.4838274419307709,0.15528,0.18589134514331818,7.598,-7.136,0.683,92.4,1.02002
1248,104791.67,1,0.2712123990058899,0.35561397671699524,0.21451,0.16913866996765137,7.718,-7.118,0.728,92.396,1.02011
1249,104875.0,1,0.24710090458393097,0.32671892642974854,0.23087,0.16034024953842163,7.728,-7.133,0.722,92.479,1.02127
1250,104958.33,1,0.25236886739730835,0.3349763751029968,0.23324,0.13586358726024628,7.831,-7.16,0.75,92.42,1.02087
1251,105043.33,1,0.2477349191904068,0.3269316554069519,0.23599,0.12563467025756836,7.9,-7.237,0.75,92.471,1.01942
1252,105126.67,1,0.2376592457294464,0.31508395075798035,0.24209,0.11741150915622711,7.902,-7.269,0.757,92.399,1.02045
1253,105210.0,1,0.23677487671375275,0.3153311014175415,0.24235,0.11913512647151947,7.826,-7.275,0.78,92.364,1.01975
1254,105293.33,1,0.6379760503768921,0.6600180268287659,0.06411,0.13048334419727325,7.575,-7.121,0.703,92.423,1.01995
1255,105376.67,1,0.6582380533218384,0.6750110387802124,0.04818,0.1321031004190445,7.654,-7.074,0.658,92.34,1.01987
1256,105460.0,1,0.5782284140586853,0.6356619000434875,0.07039,0.1219552680850029,7.713,-7.035,0.698,92.3,1.01903
1257,105543.33,1,0.5070796012878418,0.5827282667160034,0.10236,0.11277119815349579,7.824,-6.947,0.736,92.257,1.01936
1258,105626.67,1,0.4516867399215698,0.5317243933677673,0.12595,0.11088202893733978,7.866,-6.923,0.773,92.243,1.01897
1259,105710.0,1,0.40892428159713745,0.488511323928833,0.14471,0.1072501391172409,7.867,-6.889,0.784,92.21,1.01956
1260,105793.33,1,0.38326701521873474,0.46969783306121826,0.15509,0.10716023296117783,7.824,-6.861,0.814,92.118,1.01915
1261,105876.67,1,0.3824261724948883,0.4762286841869354,0.15739,0.10728339105844498,7.713,-6.807,0.858,92.236,1.01952
1262,105960.0,1,0.4174831509590149,0.48584598302841187,0.14765,0.10645504295825958,7.698,-6.807,0.877,92.127,1.01868
1263,106043.33,1,0.720439612865448,0.7129714488983154,0.02722,0.10032147914171219,7.58,-6.836,0.802,92.331,1.01989
1264,106126.67,1,0.6751154661178589,0.6936805248260498,0.0353,0.10798386484384537,7.642,-6.814,0.792,92.232,1.01911
1265,106210.0,1,0.43598636984825134,0.5449192523956299,0.12221,0.1080775335431099,7.566,-6.788,0.836,92.231,1.01965
1266,106293.33,1,0.33760181069374084,0.4563705623149872,0.16984,0.16988754272460938,7.602,-6.841,0.801,92.26,1.01954
1267,106378.33,1,0.3302292227745056,0.44780001044273376,0.17604,0.22904609143733978,7.903,-6.891,0.814,92.226,1.01965
1268,106461.67,1,0.325728178024292,0.4377639889717102,0.18119,0.24551084637641907,7.897,-6.895,0.94,92.166,1.01973
1269,106545.0,1,0.3266148567199707,0.4362058639526367,0.18193,0.2495022863149643,7.803,-6.888,0.96,92.217,1.01981
1270,106628.33,1,0.38413742184638977,0.49334338307380676,0.15641,0.26583442091941833,7.921,-6.79,0.907,92.142,1.01892
1271,106711.67,1,0.6325712203979492,0.6414992809295654,0.05925,0.2741456925868988,8.167,-6.751,0.751,92.26,1.01957
1272,106795.0,1,0.72945237159729,0.74761962890625,0.01988,0.26475653052330017,8.12,-6.857,0.522,92.27,1.01975
1273,106878.33,1,0.6841415166854858,0.7316656708717346,0.02113,0.19993723928928375,8.033,-6.936,0.569,92.29,1.01922
1274,106961.67,1,0.5084213018417358,0.5625466108322144,0.0985,0.1584598422050476,8.066,-6.942,0.667,92.288,1.01966
1275,107045.0,1,0.3701084852218628,0.4359268546104431,0.16227,0.12980742752552032,8.045,-6.949,0.662,92.253,1.01898
1276,107128.33,1,0.3202817738056183,0.39210212230682373,0.19254,0.11507944762706757,8.093,-6.972,0.664,92.274,1.0189
1277,107295.0,1,0.2975912094116211,0.37951260805130005,0.20668,0.1093672513961792,8.008,-6.937,0.628,92.268,1.01774
1278,107378.33,1,0.2837311625480652,0.38119593262672424,0.21194,0.10285837948322296,7.987,-6.944,0.63,92.303,1.01801
1279,107461.67,1,0.2826179265975952,0.3650101125240326,0.21862,0.10030406713485718,7.917,-6.885,0.645,92.272,1.01779
1280,107545.0,1,0.28355714678764343,0.36694034934043884,0.2186,0.0945773646235466,7.949,-6.918,0.678,92.263,1.01851
1281,107628.33,1,0.285286545753479,0.36895546317100525,0.21906,0.10512581467628479,7.795,-6.998,0.658,92.308,1.01949
1282,107711.67,1,0.28228995203971863,0.36993536353111267,0.21847,0.10609878599643707,7.818,-6.949,0.597,92.327,1.01958
1283,107796.67,1,0.2825583815574646,0.3612082898616791,0.22001,0.12720829248428345,8.024,-6.749,0.677,92.302,1.01892
1284,107880.0,1,0.287465900182724,0.3720889687538147,0.21946,0.1099851205945015,8.087,-6.666,0.646,92.257,1.01845
1285,107963.33,1,0.2869587242603302,0.37653958797454834,0.21748,0.1130041852593422,8.036,-6.687,0.642,92.305,1.01869
1286,108046.67,1,0.29613810777664185,0.3899722993373871,0.21104,0.1314711570739746,7.646,-6.684,0.596,92.288,1.01968
1287,108130.0,1,0.2928302586078644,0.383679062128067,0.21324,0.13096767663955688,7.592,-6.731,0.574,92.256,1.01882
1288,108213.33,1,0.29417091608047485,0.37770259380340576,0.21488,0.13152888417243958,7.685,-6.733,0.583,92.164,1.01868
1289,108296.67,1,0.2821195125579834,0.3775092661380768,0.21759,0.14392796158790588,7.85,-6.716,0.493,92.07,1.01885
1290,108380.0,1,0.25714972615242004,0.372854083776474,0.22515,0.20386001467704773,7.979,-6.7,0.397,92.011,1.01952
1291,108463.33,1,0.23395444452762604,0.3533364236354828,0.23933,0.20076559484004974,8.237,-6.579,0.467,92.109,1.0196
1292,108546.67,1,0.22662681341171265,0.33347955346107483,0.24573,0.19526252150535583,8.559,-6.541,0.512,91.895,1.01924
1293,108630.0,1,0.22764098644256592,0.33042097091674805,0.24605,0.19577324390411377,8.541,-6.568,0.639,91.97,1.01853
1294,108713.33,1,0.27694109082221985,0.38138875365257263,0.22264,0.1777237206697464,8.326,-6.517,0.662,91.913,1.01829
1295,108796.67,1,0.6377740502357483,0.6246473789215088,0.07289,0.16673503816127777,8.272,-6.379,0.634,91.948,1.01799
1296,108880.0,1,0.5746175050735474,0.59657222032547,0.08517,0.16041266918182373,8.265,-6.366,0.718,91.861,1.01826
1297,108963.33,1,0.5131261944770813,0.5593875646591187,0.10539,0.14817355573177338,8.344,-6.306,0.742,91.745,1.01926
1298,109046.67,1,0.4762905240058899,0.5357044339179993,0.12071,0.1366139054298401,8.405,-6.236,0.738,91.679,1.01913
1299,109130.0,1,0.4669189155101776,0.5379178524017334,0.12162,0.13876286149024963,8.408,-6.184,0.72,91.715,1.01986
1300,109215.0,1,0.5088537931442261,0.5668261051177979,0.10357,0.14896492660045624,8.453,-6.133,0.744,91.67,1.01977
1301,109298.33,1,0.515810489654541,0.567094087600708,0.10219,0.15247556567192078,8.481,-6.076,0.764,91.722,1.01993
1302,109381.67,1,0.5188608169555664,0.575703501701355,0.10007,0.14895997941493988,8.55,-6.024,0.74,91.716,1.01983
1303,109465.0,1,0.5371552109718323,0.5899155139923096,0.09193,0.1536029726266861,8.525,-6.029,0.74,91.723,1.02022
1304,109548.33,1,0.5687404274940491,0.6045191287994385,0.08228,0.16255329549312592,8.55,-6.028,0.765,91.721,1.0198
1305,109631.67,1,0.5834159255027771,0.5875283479690552,0.07848,0.17995549738407135,8.838,-6.128,0.802,91.756,1.02054
1306,109715.0,1,0.3088870942592621,0.4136984348297119,0.19321,0.1791752576828003,8.503,-6.296,0.824,91.726,1.02045
1307,109798.33,1,0.23467296361923218,0.33163267374038696,0.24247,0.1948091685771942,8.396,-6.387,0.794,91.754,1.01936
1308,109881.67,1,0.2590159773826599,0.3545190095901489,0.23453,0.20557738840579987,8.362,-6.398,0.841,91.764,1.01976
1309,109965.0,1,0.6758089065551758,0.6500102281570435,0.05672,0.19362713396549225,8.367,-6.198,0.439,91.873,1.01994
1310,110048.33,1,0.624475359916687,0.6116145849227905,0.07274,0.18304596841335297,8.289,-6.024,0.471,91.817,1.02003
1311,110131.67,1,0.3539380431175232,0.41453489661216736,0.18867,0.13756024837493896,8.065,-6.152,0.512,91.848,1.01853
1312,110215.0,1,0.23690232634544373,0.27883630990982056,0.25187,0.1446860134601593,7.644,-6.168,0.493,91.928,1.01791
1313,110298.33,1,0.2200838178396225,0.24303817749023438,0.26554,0.09461379796266556,7.393,-6.19,0.348,92.044,1.01894
1314,110381.67,1,0.20653700828552246,0.23328612744808197,0.26751,0.11802501231431961,7.315,-6.13,0.457,92.077,1.01893
1315,110465.0,1,0.20960000157356262,0.23348768055438995,0.26389,0.10519585758447647,7.295,-6.229,0.518,92.114,1.0199
1316,110548.33,1,0.21587494015693665,0.2451021671295166,0.26105,0.1235242709517479,7.301,-6.256,0.609,92.049,1.02051
1317,110633.33,1,0.2254566103219986,0.2565259337425232,0.25936,0.12709183990955353,7.283,-6.333,0.647,92.038,1.02037
1318,110716.67,1,0.2197057455778122,0.25823384523391724,0.26151,0.1322171539068222,7.261,-6.4,0.639,91.965,1.01943
1319,110800.0,1,0.22466915845870972,0.27384477853775024,0.25945,0.12954290211200714,7.211,-6.423,0.631,91.893,1.01887
1320,110883.33,1,0.22927673161029816,0.2818237543106079,0.25605,0.12860210239887238,7.277,-6.505,0.622,91.879,1.0173
1321,110966.67,1,0.2460336536169052,0.3320503830909729,0.24081,0.12197799980640411,7.316,-6.459,0.63,92.033,1.01849
1322,111050.0,1,0.288714736700058,0.4000122845172882,0.20903,0.12324334681034088,7.361,-6.439,0.622,91.96,1.0191
1323,111133.33,1,0.33154022693634033,0.4498991370201111,0.18618,0.11332590132951736,7.905,-6.416,0.649,92.03,1.01949
1324,111216.67,1,0.36675748229026794,0.4761902987957001,0.16851,0.10611928999423981,8.137,-6.343,0.741,91.8,1.02023
1325,111300.0,1,0.3829209506511688,0.47319746017456055,0.1658,0.10765066742897034,8.139,-6.312,0.721,91.963,1.01979
1326,111383.33,1,0.3853636384010315,0.4761054515838623,0.16658,0.11949650198221207,8.017,-6.33,0.742,91.913,1.01937
1327,111466.67,1,0.4039457440376282,0.5055714249610901,0.15045,0.14758196473121643,8.017,-6.371,0.668,91.977,1.0186
1328,111550.0,1,0.3769366443157196,0.4857795536518097,0.15724,0.13867133855819702,8.28,-6.451,0.66,91.942,1.01951
1329,111633.33,1,0.3269062638282776,0.4368341267108917,0.17658,0.10311269015073776,8.754,-6.522,0.785,91.857,1.01944
1330,111716.67,1,0.614621102809906,0.6071003675460815,0.07729,0.10724076628684998,9.216,-6.72,1.047,91.802,1.01971
1331,111800.0,1,0.6441638469696045,0.6178667545318604,0.06114,0.10311718285083771,9.525,-7.019,1.267,91.852,1.02066
1332,111883.33,1,0.5821970701217651,0.5767146348953247,0.08442,0.09487877786159515,9.61,-7.211,1.249,91.731,1.0206
1333,111968.33,1,0.5498514175415039,0.545762300491333,0.09945,0.0921730101108551,9.958,-7.475,1.296,91.834,1.02105
1334,112051.67,1,0.5268080234527588,0.5277893543243408,0.10968,0.08931092917919159,10.048,-7.536,1.386,91.723,1.02174
1335,112135.0,1,0.651335597038269,0.5996115207672119,0.06859,0.10059276223182678,10.163,-7.637,1.397,91.709,1.02207
1336,112218.33,1,0.6667577028274536,0.6262233257293701,0.05799,0.1173216849565506,10.557,-7.608,1.247,91.556,1.02129
1337,112301.67,1,0.6172499656677246,0.6009984016418457,0.06968,0.14900170266628265,10.662,-7.599,1.16,91.488,1.02125
1338,112385.0,1,0.576711893081665,0.5968198776245117,0.08151,0.20807158946990967,10.917,-7.689,0.977,91.448,1.02098
1339,112468.33,1,0.6622426509857178,0.6639953851699829,0.04625,0.22373393177986145,11.021,-7.822,0.494,91.424,1.02215
1340,112551.67,1,0.6431125402450562,0.6457159519195557,0.05431,0.20916233956813812,11.169,-7.652,0.362,91.351,1.02148
1341,112635.0,1,0.48124760389328003,0.5175033807754517,0.12162,0.18687625229358673,11.236,-7.591,0.332,91.395,1.02143
1342,112718.33,1,0.4324891269207001,0.4683566689491272,0.14516,0.12781281769275665,11.401,-7.504,0.301,91.372,1.02204
1343,112801.67,1,0.44648411870002747,0.47034087777137756,0.14155,0.12104618549346924,11.387,-7.452,0.339,91.317,1.0212
1344,112885.0,1,0.44339719414711,0.4624173045158386,0.14206,0.13691410422325134,11.459,-7.349,0.365,91.272,1.02204
1345,112968.33,1,0.45722731947898865,0.4811393916606903,0.13585,0.16283023357391357,11.694,-7.31,0.426,91.3,1.02061
1346,113051.67,1,0.462115079164505,0.4859834313392639,0.1334,0.18836469948291779,11.811,-7.196,0.477,91.306,1.0216
1347,113135.0,1,0.5573164224624634,0.5662405490875244,0.09175,0.20138968527317047,11.942,-7.068,0.397,91.3,1.02068
1348,113218.33,1,0.6567053198814392,0.6588001847267151,0.0507,0.21916840970516205,11.982,-7.044,0.367,91.296,1.02136
1349,113301.67,1,0.6270163655281067,0.6453008651733398,0.05504,0.2512741982936859,12.077,-7.012,0.357,91.221,1.02256
1350,113386.67,1,0.6268600225448608,0.6455271244049072,0.0561,0.2729280889034271,11.989,-7.011,0.368,91.197,1.02131
1351,113470.0,1,0.6381526589393616,0.6549712419509888,0.05246,0.2871357202529907,12.071,-7.065,0.403,91.32,1.02176
1352,113553.33,1,0.5900283455848694,0.6265523433685303,0.0679,0.3008142113685608,12.298,-7.062,0.466,91.214,1.02158
1353,113636.67,1,0.5084526538848877,0.567745566368103,0.09663,0.30939945578575134,12.563,-7.04,0.578,91.539,1.02109
1354,113720.0,1,0.43855297565460205,0.4975687861442566,0.12867,0.38306427001953125,12.422,-7.215,0.714,91.748,1.02172
1355,113803.33,1,0.4203086495399475,0.4944736361503601,0.13992,0.335807740688324,12.642,-7.307,0.652,92.159,1.02162
1356,113886.67,1,0.4428617060184479,0.4779394865036011,0.14801,0.3587353825569153,12.174,-7.311,0.777,92.282,1.02194
1357,113970.0,1,0.39341768622398376,0.4097329378128052,0.16594,0.3491520285606384,10.96,-7.522,0.745,92.572,1.02098
1358,114053.33,1,0.4074075222015381,0.4165254831314087,0.16612,0.47164639830589294,10.833,-7.44,0.378,92.545,1.02066
1359,114136.67,1,0.3992312550544739,0.40500906109809875,0.16847,0.4651508927345276,10.546,-7.308,0.404,92.526,1.01972
1360,114220.0,1,0.4392801523208618,0.39693570137023926,0.15567,0.28286629915237427,10.489,-7.147,0.258,92.327,1.0209
1361,114303.33,1,0.45881277322769165,0.42206040024757385,0.13968,0.18749885261058807,10.912,-6.864,-0.058,92.239,1.02127
1362,114386.67,1,0.44787630438804626,0.4359162747859955,0.14227,0.12729400396347046,11.151,-6.726,-0.195,92.235,1.02167
1363,114470.0,1,0.4538710415363312,0.42689430713653564,0.14586,0.09369340538978577,11.156,-6.703,-0.325,92.316,1.02243
1364,114553.33,1,0.46648338437080383,0.447634220123291,0.14147,0.09492660313844681,11.186,-6.739,-0.455,92.275,1.0224
1365,114636.67,1,0.5173876285552979,0.49373045563697815,0.11731,0.1190146654844284,11.282,-6.794,-0.504,92.305,1.02188
1366,114721.67,1,0.6703808307647705,0.6935813426971436,0.03953,0.2780514657497406,11.567,-6.754,-0.381,92.229,1.02231
1367,114805.0,1,0.6706738471984863,0.6473791599273682,0.04625,0.37070852518081665,12.284,-6.76,-0.418,92.093,1.0231
1368,114888.33,1,0.7094523906707764,0.6774928569793701,0.03029,0.36401498317718506,12.321,-6.708,-0.38,92.027,1.02296
1369,114971.67,1,0.6901065111160278,0.6631165742874146,0.03781,0.35508185625076294,12.296,-6.701,-0.394,91.891,1.02125
1370,115055.0,1,0.5982203483581543,0.5691531896591187,0.07609,0.3447210490703583,12.296,-6.663,-0.412,91.791,1.0216
1371,115138.33,1,0.5259018540382385,0.5147738456726074,0.10329,0.303997665643692,12.142,-6.614,-0.444,91.744,1.02138
1372,115221.67,1,0.4902087450027466,0.49592044949531555,0.11571,0.27791857719421387,12.165,-6.618,-0.458,91.702,1.02122
1373,115305.0,1,0.47568655014038086,0.48049992322921753,0.12379,0.270621120929718,12.245,-6.593,-0.474,91.691,1.02046
1374,115388.33,1,0.4657275080680847,0.47862663865089417,0.12656,0.2661440968513489,12.29,-6.555,-0.499,91.667,1.02094
1375,115471.67,1,0.47050902247428894,0.4774552881717682,0.12692,0.2568401098251343,12.292,-6.48,-0.505,91.658,1.0203
1376,115555.0,1,0.4753621816635132,0.4735843539237976,0.12688,0.24778836965560913,12.323,-6.426,-0.486,91.638,1.02123
1377,115638.33,1,0.5863766670227051,0.5362256169319153,0.09071,0.24724899232387543,12.336,-6.351,-0.577,91.744,1.02144
1378,115721.67,1,0.6663038730621338,0.6336026191711426,0.05184,0.25357332825660706,12.4,-6.355,-0.62,91.748,1.02211
1379,115805.0,1,0.6114588975906372,0.5718029141426086,0.07623,0.2698025703430176,12.489,-6.309,-0.58,91.654,1.0226
1380,115888.33,1,0.4174163341522217,0.4466503858566284,0.15459,0.2728497385978699,12.387,-6.359,-0.442,91.61,1.02296
1381,115971.67,1,0.36055102944374084,0.38193023204803467,0.19112,0.25370535254478455,12.038,-6.405,-0.388,91.683,1.02217
1382,116055.0,1,0.34631702303886414,0.3454100787639618,0.20912,0.21702080965042114,11.939,-6.439,-0.386,91.572,1.02122
1383,116140.0,1,0.3215405344963074,0.32427501678466797,0.21906,0.21563464403152466,11.859,-6.526,-0.364,91.604,1.0211
1384,116223.33,1,0.30556729435920715,0.3166704773902893,0.22597,0.22603656351566315,11.404,-6.695,-0.396,91.509,1.02084
1385,116306.67,1,0.2832593023777008,0.3218863010406494,0.22771,0.2386048585176468,11.269,-6.9,-0.276,91.493,1.02099
1386,116390.0,1,0.2876729667186737,0.330761581659317,0.22406,0.25333160161972046,11.285,-6.936,-0.078,91.427,1.0207
1387,116473.33,1,0.2919270992279053,0.34230735898017883,0.2165,0.256230890750885,11.351,-6.828,-0.092,91.413,1.021
1388,116556.67,1,0.2804373800754547,0.33325207233428955,0.22019,0.26062995195388794,11.301,-6.771,-0.121,91.412,1.02037
1389,116640.0,1,0.29909104108810425,0.3389829695224762,0.21587,0.2562861442565918,11.364,-6.652,-0.197,91.445,1.02052
1390,116723.33,1,0.31142282485961914,0.34018823504447937,0.21357,0.2533969581127167,11.41,-6.561,-0.262,91.405,1.02063
1391,116806.67,1,0.31105607748031616,0.3411852717399597,0.21441,0.24720661342144012,11.417,-6.454,-0.267,91.431,1.02142
1392,116890.0,1,0.3073934018611908,0.3427322208881378,0.21518,0.24017448723316193,11.403,-6.441,-0.286,91.433,1.0211
1393,116973.33,1,0.293101042509079,0.3394879400730133,0.22434,0.20600464940071106,11.027,-6.521,-0.338,91.445,1.01959
1394,117056.67,1,0.277233362197876,0.3287644386291504,0.23127,0.18263396620750427,10.846,-6.569,-0.425,91.438,1.01862
1395,117140.0,1,0.2745835483074188,0.32764580845832825,0.23518,0.1532280296087265,10.611,-6.571,-0.523,91.475,1.01887
1396,117223.33,1,0.2702175974845886,0.33111563324928284,0.23567,0.14587268233299255,10.58,-6.504,-0.558,91.473,1.01968
1397,117306.67,1,0.2633841633796692,0.3197125196456909,0.2386,0.14798451960086823,10.55,-6.46,-0.655,91.556,1.01981
1398,117390.0,1,0.2687118351459503,0.3311142325401306,0.2345,0.1449878066778183,10.247,-6.418,-0.632,91.55,1.01948
1399,117473.33,1,0.27274587750434875,0.3364996612071991,0.22924,0.1473926454782486,10.069,-6.366,-0.599,91.56,1.01849
1400,117558.33,1,0.2861034572124481,0.33814865350723267,0.22457,0.14809845387935638,9.994,-6.366,-0.572,91.519,1.01833
1401,117641.67,1,0.2899310290813446,0.34075555205345154,0.22286,0.14532773196697235,9.875,-6.353,-0.522,91.512,1.01862
1402,117725.0,1,0.29384469985961914,0.3528240919113159,0.22111,0.15932269394397736,9.863,-6.329,-0.531,91.512,1.01894
1403,117808.33,1,0.29648303985595703,0.36169305443763733,0.21644,0.16649438440799713,9.83,-6.297,-0.546,91.55,1.01865
1404,117891.67,1,0.2957034409046173,0.36418598890304565,0.21316,0.16373026371002197,9.777,-6.262,-0.561,91.539,1.01837
1405,117975.0,1,0.2946646809577942,0.3630310297012329,0.21339,0.16569390892982483,9.777,-6.267,-0.573,91.563,1.01881
1406,118058.33,1,0.3001346290111542,0.37171706557273865,0.20707,0.16694754362106323,9.764,-6.281,-0.568,91.555,1.01899
1407,118141.67,1,0.3012674152851105,0.366954505443573,0.207,0.16286689043045044,9.761,-6.251,-0.548,91.571,1.01936
1408,118225.0,1,0.29792284965515137,0.36021390557289124,0.20911,0.16045233607292175,9.732,-6.234,-0.517,91.518,1.01868
1409,118308.33,1,0.3035575747489929,0.3629005551338196,0.2072,0.1581013947725296,9.771,-6.21,-0.491,91.471,1.01978
1410,118391.67,1,0.3079005181789398,0.3634049594402313,0.2049,0.16249500215053558,9.852,-6.143,-0.439,91.456,1.01955
1411,118475.0,1,0.3186034560203552,0.373792827129364,0.2009,0.16826221346855164,9.91,-6.123,-0.444,91.54,1.01869
1412,118558.33,1,0.3191620409488678,0.3750090003013611,0.20017,0.17151860892772675,9.957,-6.077,-0.448,91.556,1.02019
1413,118641.67,1,0.3187102675437927,0.37578094005584717,0.19998,0.17292378842830658,9.994,-6.077,-0.46,91.552,1.01925
1414,118725.0,1,0.3190551698207855,0.3759087920188904,0.1997,0.17170754075050354,9.996,-6.069,-0.448,91.548,1.01896
1415,118808.33,1,0.3202773928642273,0.37921759486198425,0.19817,0.17140847444534302,9.968,-6.039,-0.454,91.579,1.02057
1416,118891.67,1,0.681756854057312,0.6329634785652161,0.05076,0.16427476704120636,10.069,-5.966,-0.605,91.631,1.02061
1417,118976.67,1,0.6598836779594421,0.6075658202171326,0.0569,0.16773270070552826,10.174,-5.912,-0.641,91.649,1.01971
1418,119060.0,1,0.518021821975708,0.5142148733139038,0.10847,0.17464576661586761,10.147,-5.922,-0.588,91.577,1.01962
1419,119143.33,1,0.3802109956741333,0.438533753156662,0.15896,0.19304707646369934,10.173,-5.942,-0.578,91.537,1.01883
1420,119226.67,1,0.32825571298599243,0.4072544574737549,0.18532,0.2022702544927597,10.124,-5.953,-0.6,91.471,1.01792
1421,119310.0,1,0.30339211225509644,0.3869796693325043,0.20163,0.2092064470052719,10.043,-5.966,-0.627,91.492,1.01919
1422,119393.33,1,0.2975913882255554,0.38203611969947815,0.20723,0.20651042461395264,9.961,-5.995,-0.669,91.492,1.01893
1423,119476.67,1,0.3002704679965973,0.3838285803794861,0.20671,0.20632722973823547,9.952,-5.998,-0.659,91.534,1.01831
1424,119560.0,1,0.30294689536094666,0.38401222229003906,0.2056,0.20131230354309082,10.007,-6.033,-0.645,91.557,1.01905
1425,119643.33,1,0.302207887172699,0.38236236572265625,0.20484,0.1926696002483368,10.009,-6.036,-0.631,91.597,1.01869
1426,119726.67,1,0.3106619715690613,0.3825092911720276,0.20282,0.1843595951795578,10.012,-6.007,-0.647,91.6,1.01742
1427,119810.0,1,0.3124447166919708,0.3780992925167084,0.20279,0.17635029554367065,10.085,-6.009,-0.633,91.672,1.01872
1428,119893.33,1,0.31303900480270386,0.37598758935928345,0.20329,0.17867638170719147,10.139,-5.962,-0.642,91.656,1.0182
1429,119976.67,1,0.3116307258605957,0.3720095455646515,0.20324,0.18215905129909515,10.281,-5.901,-0.649,91.691,1.01787
1430,120060.0,1,0.3100511431694031,0.36985132098197937,0.20459,0.18166233599185944,10.321,-5.883,-0.637,91.68,1.0179
1431,120143.33,1,0.3166752755641937,0.37752965092658997,0.20259,0.1780291497707367,10.297,-5.893,-0.654,91.68,1.0183
1432,120226.67,1,0.31762516498565674,0.38139966130256653,0.20227,0.17259973287582397,10.246,-5.929,-0.676,91.661,1.01875
1433,120311.67,1,0.3105335533618927,0.379742294549942,0.20599,0.17011570930480957,10.09,-5.944,-0.707,91.684,1.01796
1434,120395.0,1,0.361218124628067,0.40405434370040894,0.18482,0.16147710382938385,10.16,-5.995,-0.747,91.681,1.01832
1435,120478.33,1,0.6743333339691162,0.6147644519805908,0.0591,0.162208691239357,10.272,-5.96,-0.873,91.774,1.01816
1436,120561.67,1,0.6303815245628357,0.6207917928695679,0.06027,0.17449811100959778,10.312,-5.98,-0.876,91.719,1.01865
1437,120645.0,1,0.456966757774353,0.5201473236083984,0.12089,0.17667730152606964,10.206,-6.011,-0.836,91.718,1.01893
1438,120728.33,1,0.37535199522972107,0.4593433737754822,0.15669,0.17663350701332092,10.166,-5.998,-0.817,91.698,1.01856
1439,120811.67,1,0.3421615958213806,0.4300922453403473,0.17408,0.17544081807136536,10.105,-5.926,-0.797,91.602,1.01866
1440,120895.0,1,0.3476080298423767,0.429588258266449,0.17298,0.17339764535427094,10.092,-5.901,-0.772,91.586,1.01951
1441,120978.33,1,0.35278835892677307,0.43041732907295227,0.17062,0.17037856578826904,10.112,-5.873,-0.736,91.697,1.01887
1442,121061.67,1,0.35845866799354553,0.4301130175590515,0.1686,0.1710311323404312,10.144,-5.844,-0.705,91.615,1.01823
1443,121145.0,1,0.3595562279224396,0.4271925985813141,0.16912,0.17243686318397522,10.228,-5.852,-0.703,91.597,1.01923
1444,121228.33,1,0.3577500879764557,0.42686712741851807,0.16961,0.18197001516819,10.324,-5.864,-0.717,91.594,1.01828
1445,121311.67,1,0.6528315544128418,0.6392272710800171,0.05057,0.18219026923179626,10.442,-5.915,-0.813,91.74,1.01853
1446,121395.0,1,0.6844545006752014,0.6577281951904297,0.0363,0.181513249874115,10.366,-5.888,-0.852,91.689,1.01888
1447,121478.33,1,0.6540764570236206,0.6477171182632446,0.04345,0.1837489902973175,10.329,-5.873,-0.81,91.73,1.01919
1448,121561.67,1,0.5802345871925354,0.5878185629844666,0.0718,0.17970682680606842,10.274,-5.905,-0.795,91.706,1.01871
1449,121645.0,1,0.5204488039016724,0.5457099080085754,0.0965,0.17437094449996948,10.256,-5.921,-0.771,91.742,1.01796
1450,121730.0,1,0.4896790385246277,0.5260823965072632,0.10991,0.17137667536735535,10.237,-5.944,-0.744,91.704,1.01885
1451,121813.33,1,0.4867062568664551,0.5165354013442993,0.11334,0.16486895084381104,10.217,-5.975,-0.748,91.721,1.01844
1452,121896.67,1,0.48431941866874695,0.510055661201477,0.11652,0.16091591119766235,10.206,-5.96,-0.727,91.67,1.01822
1453,121980.0,1,0.4840594232082367,0.5059643983840942,0.11792,0.1577262580394745,10.23,-5.918,-0.721,91.705,1.01815
1454,122063.33,1,0.4807651937007904,0.4973844289779663,0.12065,0.15358439087867737,10.309,-5.864,-0.716,91.683,1.01832
1455,122146.67,1,0.4811619222164154,0.48852434754371643,0.12229,0.14932334423065186,10.325,-5.875,-0.728,91.69,1.01785
1456,122230.0,1,0.4820624589920044,0.478549599647522,0.12435,0.1528129130601883,10.335,-5.872,-0.733,91.68,1.0175
1457,122313.33,1,0.6794358491897583,0.5956153869628906,0.05527,0.14669038355350494,10.353,-5.901,-0.872,91.764,1.01823
1458,122396.67,1,0.7128193378448486,0.6056944727897644,0.04584,0.14473772048950195,10.258,-5.875,-0.938,91.757,1.01842
1459,122480.0,1,0.705666720867157,0.5997335910797119,0.04759,0.14778006076812744,10.332,-5.825,-0.945,91.805,1.01843
1460,122563.33,1,0.592230498790741,0.5555763244628906,0.07938,0.1498965322971344,10.355,-5.763,-0.865,91.789,1.01827
1461,122646.67,1,0.519402265548706,0.5138534307479858,0.10352,0.15265735983848572,10.374,-5.732,-0.815,91.811,1.01774
1462,122730.0,1,0.49694857001304626,0.49741774797439575,0.11293,0.15017682313919067,10.401,-5.719,-0.752,91.77,1.01846
1463,122813.33,1,0.4868820607662201,0.4854741096496582,0.11879,0.15083953738212585,10.389,-5.695,-0.715,91.745,1.01734
1464,122896.67,1,0.47695493698120117,0.4713679254055023,0.12601,0.1559913158416748,10.381,-5.725,-0.737,91.765,1.0181
1465,122980.0,1,0.4703124761581421,0.4836658537387848,0.12557,0.17727030813694,10.249,-5.837,-0.827,91.863,1.01698
1466,123065.0,1,0.46419861912727356,0.4830712676048279,0.12899,0.1826181560754776,10.197,-5.873,-0.869,91.857,1.01741
1467,123148.33,1,0.47043493390083313,0.48409736156463623,0.12526,0.17857587337493896,10.242,-5.908,-0.876,91.86,1.01792
1468,123231.67,1,0.4980141818523407,0.5045180320739746,0.11334,0.18170562386512756,10.274,-5.933,-0.847,91.851,1.01814
1469,123315.0,1,0.6968381404876709,0.6588430404663086,0.03907,0.1913299709558487,10.25,-6.091,-0.948,91.841,1.01895
1470,123398.33,1,0.6626240015029907,0.6375279426574707,0.04967,0.2349548488855362,10.245,-6.206,-0.87,91.692,1.01825
1471,123481.67,1,0.5522329807281494,0.5801119804382324,0.08505,0.2547547519207001,10.381,-6.19,-0.823,91.692,1.01807
1472,123565.0,1,0.46246010065078735,0.5280081629753113,0.1163,0.25499531626701355,9.574,-6.223,-0.589,91.691,1.01791
1473,123648.33,1,0.433923602104187,0.4893745481967926,0.13899,0.21912844479084015,8.988,-6.164,-0.52,91.879,1.0176
1474,123731.67,1,0.4235233664512634,0.4776926040649414,0.14732,0.2030540406703949,8.976,-6.021,-0.5,92.0,1.01651
1475,123815.0,1,0.4174160361289978,0.47581392526626587,0.1429,0.1894659548997879,9.183,-6.001,-0.642,92.191,1.01601
1476,123898.33,1,0.31970998644828796,0.3988076150417328,0.19508,0.1977282166481018,9.102,-5.894,-0.857,92.117,1.01535
1477,123981.67,1,0.22611917555332184,0.31470927596092224,0.24205,0.17200250923633575,9.066,-5.804,-0.913,92.241,1.01573
1478,124065.0,1,0.25391480326652527,0.32112887501716614,0.23701,0.21275594830513,8.924,-5.44,-0.898,92.145,1.01551
1479,124148.33,1,0.23564457893371582,0.28515511751174927,0.25091,0.18986059725284576,8.755,-5.072,-0.79,92.095,1.01611
1480,124231.67,1,0.21409334242343903,0.26324668526649475,0.26349,0.1669195592403412,8.716,-4.734,-0.74,92.022,1.01759
1481,124315.0,1,0.22203464806079865,0.26323816180229187,0.26236,0.1546575427055359,8.747,-4.54,-0.588,91.886,1.01695
1482,124398.33,1,0.26733651757240295,0.3098008632659912,0.24345,0.12653705477714539,8.92,-4.401,-0.456,91.862,1.01748
1483,124483.33,1,0.6483356952667236,0.6315642595291138,0.06371,0.11581245809793472,8.954,-4.396,-0.279,91.896,1.01709
1484,124566.67,1,0.633874237537384,0.5948213934898376,0.06456,0.09013216942548752,9.015,-4.569,-0.061,91.728,1.01682
1485,124650.0,1,0.5863186120986938,0.5587261915206909,0.08824,0.09691571444272995,9.031,-4.653,0.118,91.729,1.01762
1486,124733.33,1,0.5380878448486328,0.5465104579925537,0.1006,0.11257733404636383,9.119,-4.897,0.168,91.654,1.01646
1487,124816.67,1,0.6748543977737427,0.6597620844841003,0.0456,0.14309725165367126,8.953,-5.104,0.114,91.746,1.01652
1488,124900.0,1,0.6691131591796875,0.6768401265144348,0.03956,0.1785079687833786,8.859,-5.199,0.007,91.727,1.0167
1489,124983.33,1,0.5669481754302979,0.6019107103347778,0.072,0.1861208826303482,8.762,-5.279,0.066,91.75,1.01697
1490,125066.67,1,0.4622634947299957,0.5266767740249634,0.11323,0.19026944041252136,8.594,-5.315,0.083,91.738,1.01594
1491,125150.0,1,0.45724594593048096,0.5245418548583984,0.11894,0.19056284427642822,8.665,-5.357,-0.02,91.752,1.01664
1492,125233.33,1,0.45681679248809814,0.5231555700302124,0.1207,0.18624062836170197,8.67,-5.334,-0.041,91.687,1.01634
1493,125316.67,1,0.4531625211238861,0.5174648761749268,0.12341,0.18481159210205078,8.663,-5.327,-0.067,91.692,1.01609
1494,125400.0,1,0.46313223242759705,0.5220359563827515,0.12017,0.186896413564682,8.695,-5.306,-0.075,91.603,1.01595
1495,125483.33,1,0.6178107261657715,0.6284414529800415,0.06197,0.19760733842849731,8.496,-5.26,-0.063,91.443,1.01577
1496,125566.67,1,0.5729527473449707,0.6020645499229431,0.08466,0.2333388477563858,7.241,-5.339,-0.218,90.333,1.01523
1497,125650.0,1,0.3812626600265503,0.5411211252212524,0.1643,0.22205229103565216,6.219,-5.986,0.225,88.968,1.01277
1498,125733.33,1,0.3557928204536438,0.5023806095123291,0.17951,0.21348527073860168,6.006,-5.88,1.412,86.709,1.01034
1499,125816.67,1,0.4192485213279724,0.4907859265804291,0.15117,0.19436714053153992,5.786,-6.17,2.868,84.596,1.00765
1500,125901.67,1,0.4240487813949585,0.5331063270568848,0.13452,0.19493886828422546,5.449,-6.515,4.601,83.042,1.00097
1501,125985.0,1,0.3334786295890808,0.4308531582355499,0.18073,0.23421518504619598,4.417,-7.035,6.809,82.844,1.00141
1502,126068.33,1,0.281194806098938,0.33097171783447266,0.22348,0.19333942234516144,4.147,-6.908,6.883,80.884,1.04238
1503,126151.67,1,0.13808733224868774,0.33951178193092346,0.25478,0.04061858355998993,1.755,-6.982,5.119,82.281,1.04683
1504,126235.0,1,0.09711910039186478,0.314836710691452,0.26004,0.06478607654571533,3.504,-10.583,3.798,81.709,1.05208
1505,126318.33,1,0.8580106496810913,0.9062325954437256,0.30186,0.012080371379852295,10.913,-22.052,-1.196,82.569,1.04834
1506,126401.67,0,nan,nan,nan,nan,nan,nan,nan,83.01,1.04481
1507,126485.0,1,0.14306196570396423,0.22880348563194275,0.23751,0.02130914106965065,-7.452,-23.297,-6.712,82.619,1.04167
1508,126568.33,1,0.15228764712810516,0.11872071027755737,0.25949,0.011258968152105808,-4.775,-27.216,-4.65,82.472,1.04329
1509,126651.67,1,0.17583823204040527,0.11096905171871185,0.26798,0.000953064882196486,-0.921,-27.975,-6.535,82.043,1.04393
1510,126735.0,1,0.41868358850479126,0.34622830152511597,0.10686,0.00023278003209270537,1.517,-26.171,-8.86,81.665,1.04507
1511,126818.33,1,0.38078680634498596,0.5610018968582153,0.09998,0.0003400106215849519,1.194,-25.395,-8.671,81.523,1.04359
1512,126901.67,1,0.27635547518730164,0.5090306997299194,0.15808,0.004515824839472771,-1.827,-20.883,-8.401,80.818,1.04049
1513,126985.0,1,0.2824818789958954,0.49670228362083435,0.17617,0.04105065390467644,-0.613,-17.154,-7.463,79.92,1.03648
1514,127068.33,1,0.728836178779602,0.7136704921722412,0.04727,0.011559804901480675,-3.16,-16.21,-7.541,78.893,1.03221
1515,127151.67,1,0.7896194458007812,0.6502602100372314,0.05641,0.002208827994763851,-0.206,-8.529,-6.451,82.101,1.03041
1516,127235.0,1,0.229984313249588,0.31770646572113037,0.23419,0.11562589555978775,14.903,-3.193,-5.277,86.238,1.02608
1517,127320.0,1,0.12240608036518097,0.11031588912010193,0.33745,0.29106447100639343,12.363,-2.083,-3.52,86.082,0.9981
1518,127403.33,1,0.17093691229820251,0.14782172441482544,0.30992,0.46967780590057373,11.043,-2.045,-1.864,85.357,0.98584
1519,127486.67,1,0.698418378829956,0.420379102230072,0.09404,0.4611975848674774,10.433,-1.989,-1.134,84.365,0.98106
1520,127570.0,1,0.7596105337142944,0.5336446762084961,0.05692,0.3857012093067169,9.893,-2.39,-0.936,83.549,0.97872
1521,127653.33,1,0.2138797789812088,0.2131337672472,0.26296,0.38423264026641846,9.893,-2.489,-0.401,83.733,0.97975
1522,127736.67,1,0.14637798070907593,0.16528204083442688,0.29026,0.3674567639827728,9.841,-2.489,-0.241,84.26,0.98436
1523,127820.0,1,0.1876354217529297,0.14186377823352814,0.29182,0.35967403650283813,9.89,-2.521,-0.039,85.478,1.00335
1524,127903.33,1,0.07450950145721436,0.09358930587768555,0.34347,0.20922674238681793,10.235,-2.157,-0.462,81.864,1.01199
1525,127986.67,1,0.2073378711938858,0.12650026381015778,0.31771,0.0022948309779167175,-8.755,-0.444,-0.967,77.993,1.00932
1526,128070.0,0,nan,nan,nan,nan,nan,nan,nan,78.213,1.01918
1527,128153.33,1,0.06344453245401382,0.04392899572849274,0.22401,0.5471294522285461,8.342,-24.529,-0.75,79.177,1.02486
1528,128236.67,0,nan,nan,nan,nan,nan,nan,nan,79.229,1.02741
1529,128320.0,1,0.5427871942520142,0.4905003607273102,0.1582,0.0010032099671661854,-16.156,-5.591,-6.164,79.477,1.02692
1530,128403.33,1,0.47630080580711365,0.2554055154323578,0.15037,0.00044740838347934186,-15.516,-8.62,-4.384,80.16,1.03106
1531,128486.67,1,0.7678971290588379,0.487436443567276,0.11659,0.00040359506965614855,-15.936,-9.527,-5.094,80.16,1.0315
1532,128570.0,1,0.3843328058719635,0.4763621985912323,0.14174,0.00024317514908034354,-15.182,-6.873,-9.015,79.007,1.02666
1533,128655.0,1,0.5591777563095093,0.6493780016899109,0.15297,7.884466322138906e-05,-11.009,1.394,-6.46,78.227,1.02381
1534,128738.33,1,0.3382382094860077,0.6781448721885681,0.15301,0.0007669174228794873,-0.294,10.579,-5.305,79.211,1.02768
1535,128821.67,1,0.46536314487457275,0.6519432067871094,0.12224,0.04281869903206825,13.327,3.967,-5.427,84.599,1.04125
1536,128905.0,1,0.0441180020570755,0.08559499680995941,0.37766,0.2603031396865845,14.874,-0.108,-4.183,83.824,1.02088
1537,128988.33,1,0.5766352415084839,0.6106052398681641,0.09286,0.44851940870285034,13.2,-1.18,-2.939,80.651,0.98979
1538,129071.67,1,0.24481557309627533,0.2642751932144165,0.25414,0.37958306074142456,9.985,-0.915,-1.229,80.218,0.97362
1539,129155.0,1,0.20227481424808502,0.20845946669578552,0.28462,0.4350985884666443,7.82,-1.853,-0.23,80.974,0.97165
1540,129238.33,1,0.19966264069080353,0.2268872857093811,0.28778,0.3951154947280884,5.467,-1.74,1.633,80.884,0.97108
1541,129321.67,1,0.7073977589607239,0.6384977102279663,0.04623,0.32043710350990295,4.283,-1.479,3.147,80.429,0.96996
1542,129405.0,1,0.3381732404232025,0.3553864359855652,0.20222,0.3037683963775635,3.979,-1.14,3.652,79.664,0.96922
1543,129488.33,1,0.2139034867286682,0.19059903919696808,0.28098,0.29115211963653564,3.482,-0.926,3.454,80.008,0.97085
1544,129571.67,1,0.22889529168605804,0.2384634017944336,0.25738,0.18210741877555847,3.627,-0.766,2.754,80.929,0.97141
1545,129655.0,1,0.20433707535266876,0.2119712233543396,0.26431,0.18354369699954987,4.434,-1.122,3.008,81.708,0.98494
1546,129738.33,1,0.10952015966176987,0.13175919651985168,0.31192,0.20715178549289703,4.388,-1.695,4.271,86.467,1.02652
1547,129821.67,1,0.17614388465881348,0.3481830954551697,0.24309,0.035058096051216125,3.427,2.404,1.288,82.099,1.02011
1548,129905.0,0,nan,nan,nan,nan,nan,nan,nan,74.796,0.99965
1549,129988.33,1,0.7088527083396912,0.560052752494812,0.10849,0.035768281668424606,12.337,5.426,4.202,76.188,1.01187
1550,130073.33,1,0.5533699989318848,0.6156389713287354,0.11991,0.19881467521190643,13.757,1.492,4.054,81.427,1.02988
1551,130156.67,1,0.38672396540641785,0.4881437122821808,0.16661,0.3557957708835602,11.173,2.34,5.23,84.255,1.03578
1552,130240.0,1,0.227634459733963,0.3719228506088257,0.23304,0.41977745294570923,10.943,4.85,5.449,84.448,1.0343
1553,130323.33,1,0.20759393274784088,0.3442312777042389,0.26943,0.26676762104034424,11.787,6.659,6.008,84.052,1.02715
1554,130406.67,1,0.20165234804153442,0.299279123544693,0.28119,0.21365411579608917,12.455,7.496,5.971,83.749,1.02018
1555,130490.0,1,0.22529198229312897,0.3080524206161499,0.25878,0.2547677457332611,13.049,7.181,4.915,84.421,1.01161
1556,130573.33,1,0.29864367842674255,0.40846917033195496,0.21091,0.27544263005256653,12.495,5.326,2.556,85.616,1.00868
1557,130656.67,1,0.2701641321182251,0.3323338031768799,0.21429,0.26278164982795715,12.515,1.634,-0.164,87.054,1.01102
1558,130740.0,1,0.28700464963912964,0.28296011686325073,0.23464,0.2498767077922821,11.714,-0.594,-1.815,85.004,1.00979
1559,130823.33,1,0.3423782289028168,0.35599029064178467,0.19093,0.26438361406326294,11.414,-1.716,-3.131,80.684,0.9923
1560,130906.67,1,0.4186725318431854,0.42990949749946594,0.14832,0.24121586978435516,11.833,-2.664,-3.976,82.33,0.97489
1561,130990.0,1,0.43049484491348267,0.4471887946128845,0.14968,0.2434750497341156,12.164,-3.324,-4.058,85.275,0.97442
1562,131073.33,1,0.4648194909095764,0.4478207230567932,0.14365,0.27529028058052063,13.127,-3.708,-4.157,87.918,0.97587
1563,131156.67,1,0.5327091217041016,0.4369345009326935,0.13074,0.2904050350189209,13.069,-3.919,-3.251,89.993,0.97954
1564,131240.0,1,0.4792059361934662,0.3567033112049103,0.15366,0.1896352767944336,14.057,-3.984,-3.025,90.967,0.98083
1565,131323.33,1,0.5052019357681274,0.37358203530311584,0.13107,0.15979450941085815,13.73,-4.306,-2.747,93.269,0.98221
1566,131408.33,1,0.21076036989688873,0.18412894010543823,0.25897,0.17266787588596344,13.427,-4.974,-3.187,95.866,0.98577
1567,131491.67,1,0.1554861068725586,0.20322373509407043,0.27156,0.43542590737342834,14.055,-5.188,-2.029,97.789,0.99131
1568,131575.0,1,0.2005976289510727,0.08867806941270828,0.29383,0.4036620855331421,13.608,-5.614,-0.469,98.592,0.99701
1569,131658.33,1,0.14786697924137115,0.08327430486679077,0.32065,0.2845921218395233,12.478,-6.138,0.344,99.75,1.00185
1570,131741.67,1,0.1070520430803299,0.0816873237490654,0.34143,0.15601570904254913,12.139,-5.526,1.729,100.869,0.99984
1571,131825.0,1,0.13960297405719757,0.10429565608501434,0.32415,0.3908739387989044,11.961,-5.288,2.078,96.12,1.00228
1572,131908.33,1,0.5476573705673218,0.5421145558357239,0.08771,0.4145801365375519,11.956,-5.205,1.111,95.437,1.00304
1573,131991.67,1,0.6173579096794128,0.5658905506134033,0.076,0.3335408866405487,12.349,-5.323,0.328,95.228,1.0057
1574,132075.0,1,0.3951033651828766,0.4559648633003235,0.14266,0.15359129011631012,13.444,-5.441,-1.174,94.592,1.0071
1575,132158.33,1,0.3637680411338806,0.4169952869415283,0.16551,0.11727797240018845,14.437,-6.016,-1.845,93.904,1.00776
1576,132241.67,1,0.3223626911640167,0.3835027813911438,0.18468,0.12594817578792572,14.614,-6.136,-1.812,93.088,1.00631
1577,132325.0,1,0.3316926658153534,0.35708004236221313,0.19113,0.1440276801586151,14.648,-6.194,-1.601,92.826,1.00609
1578,132408.33,1,0.3143244981765747,0.3108530640602112,0.20983,0.14893881976604462,14.624,-6.234,-1.465,92.418,1.0052
1579,132491.67,1,0.3252508044242859,0.31439444422721863,0.20677,0.1409866362810135,14.612,-6.251,-1.381,92.357,1.00521
1580,132575.0,1,0.305438756942749,0.2926749289035797,0.21542,0.13109859824180603,14.66,-6.221,-1.463,92.158,1.00577
1581,132658.33,1,0.3042588233947754,0.3038196265697479,0.21457,0.13794909417629242,14.584,-6.164,-1.574,92.327,1.00557
1582,132741.67,1,0.3119012415409088,0.3163689374923706,0.21169,0.1679072231054306,14.536,-6.217,-1.742,92.378,1.00485
1583,132826.67,1,0.29789936542510986,0.29631951451301575,0.21774,0.1720331907272339,14.55,-6.213,-1.701,92.416,1.0044
1584,132910.0,1,0.2861485779285431,0.29241520166397095,0.22166,0.17136794328689575,14.586,-6.145,-1.64,92.224,1.00526
1585,132993.33,1,0.27993154525756836,0.30250558257102966,0.2253,0.19164758920669556,14.78,-5.937,-1.578,92.154,1.00484
1586,133076.67,1,0.28101828694343567,0.3310602307319641,0.22055,0.2220105528831482,14.855,-5.848,-1.553,92.042,1.00495
1587,133160.0,1,0.2663823068141937,0.33222678303718567,0.22277,0.26788973808288574,14.882,-5.752,-1.456,92.065,1.00415
1588,133243.33,1,0.258362352848053,0.3195647597312927,0.22686,0.28350064158439636,14.853,-5.687,-1.434,92.2,1.00409
1589,133326.67,1,0.25455984473228455,0.32340118288993835,0.22585,0.2825370132923126,14.772,-5.629,-1.456,92.304,1.00445
1590,133410.0,1,0.25369325280189514,0.32144808769226074,0.22095,0.2563929855823517,14.875,-5.596,-1.482,92.483,1.0042
1591,133493.33,1,0.28488269448280334,0.3366542160511017,0.2101,0.16104550659656525,14.772,-5.605,-1.507,92.744,1.00421
1592,133576.67,1,0.2981417179107666,0.3283366858959198,0.2067,0.1360531449317932,14.756,-5.682,-1.452,92.716,1.00444
1593,133660.0,1,0.3064970076084137,0.31756797432899475,0.20685,0.12780927121639252,14.619,-5.679,-1.465,92.886,1.00385
1594,133743.33,1,0.30729424953460693,0.29745662212371826,0.21167,0.13149283826351166,14.508,-5.715,-1.488,92.804,1.00414
1595,133826.67,1,0.30893272161483765,0.29491254687309265,0.21062,0.13253015279769897,14.562,-5.739,-1.548,92.931,1.00378
1596,133910.0,1,0.3109847903251648,0.2866799831390381,0.21311,0.13534381985664368,14.522,-5.735,-1.607,92.871,1.00378
1597,133993.33,1,0.3122175633907318,0.28366464376449585,0.21369,0.13566450774669647,14.518,-5.745,-1.638,92.919,1.0038
1598,134076.67,1,0.327506422996521,0.3062870502471924,0.20632,0.13567830622196198,14.395,-5.756,-1.685,92.919,1.00437
1599,134160.0,1,0.3717048466205597,0.37608614563941956,0.18292,0.14674890041351318,14.12,-5.895,-1.775,92.944,1.00473
1600,134245.0,1,0.3842417895793915,0.36278432607650757,0.17675,0.12770457565784454,14.328,-5.856,-2.038,93.015,1.00383
1601,134328.33,1,0.44491249322891235,0.38569697737693787,0.15095,0.12969279289245605,14.551,-5.678,-2.246,93.001,1.00333
1602,134411.67,1,0.48632997274398804,0.4504007399082184,0.12132,0.12239231914281845,14.645,-5.502,-2.221,92.893,1.00242
1603,134495.0,1,0.5350216031074524,0.49176275730133057,0.09977,0.11095096915960312,14.857,-5.456,-1.971,92.752,1.00302
1604,134578.33,1,0.5379388928413391,0.4948318302631378,0.09941,0.11190132051706314,14.919,-5.483,-1.829,92.651,1.00379
1605,134661.67,1,0.5168868899345398,0.46402695775032043,0.11227,0.12334130704402924,14.914,-5.5,-1.829,92.641,1.00334
1606,134745.0,1,0.39654263854026794,0.3948652148246765,0.15793,0.1994073987007141,14.842,-5.622,-2.003,92.583,1.00341
1607,134828.33,1,0.33081287145614624,0.348203182220459,0.18436,0.23746569454669952,14.765,-5.59,-2.063,92.546,1.00339
1608,134911.67,1,0.3220113515853882,0.3477736711502075,0.19247,0.23484210669994354,14.581,-5.602,-2.08,92.511,1.00373
1609,134995.0,1,0.29964679479599,0.3361097574234009,0.20366,0.24319984018802643,14.285,-5.626,-2.083,92.545,1.00337
1610,135078.33,1,0.28972670435905457,0.3327481746673584,0.20914,0.2372397631406784,14.01,-5.685,-2.11,92.485,1.00308
1611,135161.67,1,0.29071399569511414,0.3378474712371826,0.20779,0.2150508165359497,13.669,-5.699,-2.082,92.481,1.00297
1612,135245.0,1,0.25806593894958496,0.29898756742477417,0.22355,0.19771192967891693,13.359,-5.786,-2.093,92.416,1.00202
1613,135328.33,1,0.2552969753742218,0.3013544976711273,0.22408,0.19469569623470306,13.241,-5.823,-2.093,92.367,1.00225
1614,135411.67,1,0.257167249917984,0.30220213532447815,0.22423,0.19383682310581207,13.257,-5.799,-2.103,92.347,1.00274
1615,135495.0,1,0.25846683979034424,0.3043971657752991,0.22414,0.19127343595027924,13.267,-5.778,-2.137,92.35,1.00221
1616,135578.33,1,0.2567993998527527,0.30411556363105774,0.22377,0.19105936586856842,13.303,-5.766,-2.17,92.326,1.00273
1617,135663.33,1,0.2623403072357178,0.3173935115337372,0.21997,0.19326385855674744,13.299,-5.762,-2.199,92.408,1.0025
1618,135746.67,1,0.26060619950294495,0.31188860535621643,0.22166,0.19637490808963776,13.301,-5.718,-2.232,92.431,1.00199
1619,135830.0,1,0.2656356990337372,0.3219289779663086,0.21843,0.19242660701274872,13.268,-5.686,-2.247,92.437,1.0021
1620,135913.33,1,0.267589807510376,0.3128376305103302,0.21964,0.1940324753522873,13.197,-5.652,-2.255,92.48,1.00198
1621,135996.67,1,0.2706615626811981,0.3057732880115509,0.21913,0.20008082687854767,13.261,-5.618,-2.219,92.585,1.00209
1622,136080.0,1,0.2787739336490631,0.30611148476600647,0.2173,0.19576145708560944,13.31,-5.578,-2.218,92.596,1.00239
1623,136163.33,1,0.28018924593925476,0.2998906075954437,0.21862,0.18638518452644348,13.278,-5.512,-2.19,92.623,1.00154
1624,136246.67,1,0.27925345301628113,0.2929009199142456,0.2203,0.17230087518692017,13.305,-5.471,-2.184,92.579,1.00176
1625,136330.0,1,0.28009033203125,0.29329144954681396,0.22137,0.16139140725135803,13.364,-5.463,-2.18,92.579,1.00099
1626,136413.33,1,0.2825430929660797,0.2936576008796692,0.22158,0.1592857986688614,13.39,-5.47,-2.186,92.55,1.00149
1627,136496.67,1,0.2878733277320862,0.2892491817474365,0.22168,0.15944670140743256,13.414,-5.468,-2.141,92.571,1.00059
1628,136580.0,1,0.29159680008888245,0.2896692454814911,0.2205,0.15978887677192688,13.409,-5.52,-2.139,92.564,1.00168
1629,136663.33,1,0.295775830745697,0.29193609952926636,0.21734,0.15433230996131897,13.426,-5.534,-2.103,92.623,1.00174
1630,136746.67,1,0.29380565881729126,0.2845003306865692,0.21865,0.15309934318065643,13.482,-5.561,-2.088,92.641,1.00192
1631,136830.0,1,0.2930118143558502,0.28644120693206787,0.21776,0.14879100024700165,13.469,-5.587,-2.071,92.66,1.00092
1632,136913.33,1,0.2932725250720978,0.28869765996932983,0.21658,0.1481330841779709,13.495,-5.599,-2.075,92.647,1.0007
1633,136998.33,1,0.29552149772644043,0.28932785987854004,0.2158,0.14805400371551514,13.478,-5.577,-2.113,92.619,1.00215
1634,137081.67,1,0.297213077545166,0.2915474772453308,0.2151,0.14632275700569153,13.441,-5.588,-2.097,92.583,1.0021
1635,137165.0,1,0.2997446358203888,0.2919918894767761,0.21383,0.14875833690166473,13.42,-5.574,-2.087,92.613,1.00136
1636,137248.33,1,0.6249452829360962,0.5553308725357056,0.07515,0.1404346376657486,13.56,-5.579,-2.174,92.647,1.00166
1637,137331.67,1,0.6518354415893555,0.5914301872253418,0.05822,0.1358075886964798,13.51,-5.57,-2.213,92.693,1.00202
1638,137415.0,1,0.5392130613327026,0.5042435526847839,0.10147,0.2031286507844925,13.88,-5.533,-2.271,92.671,1.00325
1639,137498.33,1,0.46730393171310425,0.47669708728790283,0.12097,0.2282060831785202,14.136,-5.471,-2.23,92.654,1.00225
1640,137581.67,1,0.6401583552360535,0.6270562410354614,0.04796,0.22365500032901764,14.367,-5.502,-2.244,92.674,1.00276
1641,137665.0,1,0.6355491876602173,0.6157277226448059,0.04814,0.2230348438024521,14.35,-5.482,-2.27,92.622,1.00252
1642,137748.33,1,0.5507990121841431,0.5471625924110413,0.08188,0.21840791404247284,14.165,-5.502,-2.24,92.554,1.00325
1643,137831.67,1,0.4967803657054901,0.4948667287826538,0.10646,0.2076013684272766,14.02,-5.497,-2.22,92.529,1.00256
1644,137915.0,1,0.6698698997497559,0.6624360084533691,0.03503,0.1958705484867096,13.764,-5.585,-2.303,92.605,1.00244
1645,137998.33,1,0.6984255313873291,0.6786651015281677,0.02776,0.1914871633052826,13.749,-5.587,-2.34,92.64,1.00248
1646,138081.67,1,0.27504539489746094,0.3000620901584625,0.20293,0.2031748741865158,13.44,-5.958,-2.249,92.48,1.00238
1647,138165.0,1,0.1632355898618698,0.14713788032531738,0.26992,0.20201224088668823,12.379,-6.063,-2.127,92.413,1.00117
1648,138248.33,1,0.17805181443691254,0.14584359526634216,0.27311,0.1981116384267807,12.211,-5.997,-2.119,92.4,1.00201
1649,138331.67,1,0.19788560271263123,0.1694163978099823,0.26211,0.19412241876125336,12.28,-5.877,-2.118,92.391,1.00196
1650,138416.67,1,0.6250832080841064,0.6006715297698975,0.06535,0.18960264325141907,12.363,-5.784,-2.235,92.451,1.00211
1651,138500.0,1,0.5575436949729919,0.5514857172966003,0.08319,0.19338177144527435,12.552,-5.755,-2.29,92.462,1.00128
1652,138583.33,1,0.4261534810066223,0.4202209711074829,0.14081,0.20094984769821167,12.582,-5.745,-2.307,92.443,1.00091
1653,138666.67,1,0.2703881561756134,0.28978589177131653,0.2183,0.2044762670993805,12.339,-5.82,-2.384,92.484,1.00148
1654,138750.0,1,0.17824962735176086,0.20090708136558533,0.26162,0.20182812213897705,12.292,-5.763,-2.306,92.494,1.00214
1655,138833.33,1,0.1592019498348236,0.17318688333034515,0.27596,0.20277807116508484,12.371,-5.739,-2.223,92.526,1.00059
1656,138916.67,1,0.1548813134431839,0.16230109333992004,0.28225,0.22014474868774414,12.431,-5.738,-2.173,92.517,1.00015
1657,139000.0,1,0.1517210155725479,0.1536475569009781,0.29011,0.22151286900043488,12.588,-5.673,-2.121,92.542,1.00069
1658,139083.33,1,0.14199036359786987,0.13998831808567047,0.29618,0.21107275784015656,12.733,-5.509,-2.005,92.485,1.00074
1659,139166.67,1,0.13875941932201385,0.14225366711616516,0.2965,0.19086197018623352,12.882,-5.489,-1.939,92.49,1.00095
1660,139250.0,1,0.15485073626041412,0.16149652004241943,0.28903,0.1839749664068222,13.318,-5.326,-1.755,92.397,1.00065
1661,139333.33,1,0.1572333574295044,0.17328953742980957,0.28521,0.1959141194820404,13.4,-5.294,-1.45,92.362,1.00086
1662,139416.67,1,0.16273292899131775,0.1709490865468979,0.28438,0.22007766366004944,13.272,-5.192,-1.186,92.34,1.00094
1663,139500.0,1,0.16790637373924255,0.16973868012428284,0.28401,0.23114848136901855,13.293,-5.068,-1.072,92.357,1.00008
1664,139583.33,1,0.17171987891197205,0.16338790953159332,0.28458,0.22835597395896912,13.239,-4.937,-0.959,92.297,1.0007
1665,139666.67,1,0.18266203999519348,0.18517716228961945,0.27453,0.20740897953510284,13.486,-4.776,-0.795,92.26,1.00097
1666,139751.67,1,0.20627431571483612,0.20310218632221222,0.26385,0.21312066912651062,13.456,-4.746,-0.723,92.234,1.00165
1667,139835.0,1,0.2207498848438263,0.19985659420490265,0.26258,0.21669450402259827,13.445,-4.775,-0.658,92.277,1.00148
1668,139918.33,1,0.23467104136943817,0.20817193388938904,0.25657,0.19796615839004517,13.364,-4.849,-0.672,92.284,1.00074
1669,140001.67,1,0.23089119791984558,0.21239274740219116,0.25478,0.173481747508049,13.361,-4.883,-0.683,92.329,1.00153
1670,140085.0,1,0.23146511614322662,0.21074934303760529,0.25418,0.1751514971256256,13.382,-4.871,-0.672,92.261,1.00169
1671,140168.33,1,0.23582856357097626,0.21966417133808136,0.25428,0.18022534251213074,13.183,-4.93,-0.644,92.297,1.00134
1672,140251.67,1,0.24052311480045319,0.22957845032215118,0.25149,0.1836947351694107,12.909,-5.106,-0.649,92.24,1.00143
1673,140335.0,1,0.2387751191854477,0.22917775809764862,0.25277,0.17194345593452454,12.925,-5.143,-0.649,92.186,1.00131
1674,140418.33,1,0.23537231981754303,0.2296576350927353,0.25271,0.17791451513767242,12.975,-5.151,-0.657,92.147,1.00205
1675,140501.67,1,0.22831590473651886,0.2240230143070221,0.25854,0.17806701362133026,12.935,-5.168,-0.645,92.146,1.00203
1676,140585.0,1,0.22238874435424805,0.22052322328090668,0.2602,0.18734848499298096,12.679,-5.232,-0.681,92.055,1.00107
1677,140668.33,1,0.22246220707893372,0.2200719118118286,0.26114,0.16731864213943481,12.699,-5.179,-0.751,92.095,1.00158
1678,140751.67,1,0.21455951035022736,0.21278108656406403,0.26214,0.13757164776325226,12.725,-5.186,-0.77,92.166,1.00197
1679,140835.0,1,0.20553982257843018,0.21473632752895355,0.26377,0.13232779502868652,12.87,-5.387,-0.782,92.255,1.00177
1680,140918.33,1,0.22726933658123016,0.24696628749370575,0.25448,0.1509980708360672,12.659,-5.345,-0.853,92.32,1.00145
1681,141001.67,1,0.2324528694152832,0.23875577747821808,0.25492,0.1792527288198471,12.721,-5.262,-0.715,92.445,1.00098
1682,141085.0,1,0.24099385738372803,0.2362021952867508,0.24665,0.1883140206336975,12.897,-5.254,-0.555,92.401,1.00104
1683,141170.0,1,0.25002342462539673,0.2397785484790802,0.24236,0.1829042136669159,13.0,-5.266,-0.482,92.396,1.00065
1684,141253.33,1,0.24357804656028748,0.23287810385227203,0.2476,0.15466980636119843,12.638,-5.444,-0.507,92.363,1.00095
1685,141336.67,1,0.24630454182624817,0.22822561860084534,0.24926,0.15161359310150146,12.558,-5.575,-0.664,92.338,1.00004
1686,141420.0,1,0.2418731451034546,0.2338809072971344,0.24734,0.14952221512794495,12.669,-5.583,-0.727,92.305,0.99966
1687,141503.33,1,0.25644510984420776,0.2433585226535797,0.24217,0.15546806156635284,12.716,-5.548,-0.761,92.37,0.99994
1688,141586.67,1,0.2744798958301544,0.27822351455688477,0.23234,0.17498181760311127,12.668,-5.572,-0.796,92.442,1.00031
1689,141670.0,1,0.261286199092865,0.3192524015903473,0.2309,0.1783139854669571,11.924,-5.97,-0.961,92.546,0.99972
1690,141753.33,1,0.21313107013702393,0.24506701529026031,0.25522,0.18120968341827393,11.956,-6.007,-0.616,92.58,0.99926
1691,141836.67,1,0.1807863712310791,0.2215031236410141,0.26357,0.17080728709697723,12.044,-6.087,-0.428,92.555,1.00005
1692,141920.0,1,0.17946118116378784,0.19720225036144257,0.26842,0.18378445506095886,12.183,-6.064,-0.234,92.501,1.00068
1693,142003.33,1,0.17682012915611267,0.18494178354740143,0.27657,0.18147233128547668,12.16,-5.96,-0.098,92.435,1.00026
1694,142086.67,1,0.16731616854667664,0.17294040322303772,0.28323,0.17967623472213745,12.01,-5.829,0.223,92.292,1.00013
1695,142170.0,1,0.1747652292251587,0.17284753918647766,0.28301,0.2148599475622177,12.033,-5.714,0.606,92.106,0.99952
1696,142253.33,1,0.1529368758201599,0.164707213640213,0.29081,0.24000667035579681,12.189,-5.517,0.629,91.874,0.99855
1697,142336.67,1,0.1598903387784958,0.1611301302909851,0.28946,0.2502461373806,12.75,-4.964,0.546,91.607,0.99905
1698,142420.0,1,0.15817832946777344,0.16661663353443146,0.29183,0.23892690241336823,12.602,-4.768,0.345,91.32,0.99893
1699,142503.33,1,0.16083070635795593,0.16478373110294342,0.29169,0.21333914995193481,12.621,-4.152,0.239,91.013,0.99742
1700,142588.33,1,0.17936134338378906,0.16906769573688507,0.28905,0.20952853560447693,12.26,-3.588,0.166,90.664,0.99729
1701,142671.67,1,0.23286734521389008,0.24199247360229492,0.25094,0.2005346268415451,12.448,-3.258,-0.016,90.44,0.99732
1702,142755.0,1,0.29198241233825684,0.2929821312427521,0.21878,0.20651844143867493,12.545,-3.081,0.162,90.268,0.99711
1703,142838.33,1,0.3243860900402069,0.31360548734664917,0.20278,0.20773404836654663,12.837,-3.13,0.255,90.33,0.99779
1704,142921.67,1,0.3126847445964813,0.30821773409843445,0.2038,0.18182705342769623,13.147,-3.231,0.404,90.273,0.99801
1705,143005.0,1,0.30621156096458435,0.30434465408325195,0.20786,0.1705462485551834,13.282,-3.332,0.53,90.313,0.99835
1706,143171.67,1,0.36480551958084106,0.3228510916233063,0.18664,0.1753557026386261,13.395,-3.786,0.707,90.178,0.99868
1707,143255.0,1,0.40210431814193726,0.3460771441459656,0.17321,0.19251033663749695,13.641,-4.05,0.716,90.351,0.99815
1708,143338.33,1,0.45596417784690857,0.3905870318412781,0.14446,0.18247315287590027,13.713,-4.191,0.653,90.32,0.99772
1709,143421.67,1,0.48349490761756897,0.41924798488616943,0.13097,0.16804596781730652,13.683,-4.379,0.346,90.496,0.99792
1710,143505.0,1,0.4817533493041992,0.4138506054878235,0.13356,0.17394009232521057,13.766,-4.536,0.055,90.755,0.9979
1711,143588.33,1,0.4845193922519684,0.4593702554702759,0.12619,0.18049293756484985,14.136,-4.667,-0.316,91.067,0.99949
1712,143671.67,1,0.4818730056285858,0.46497905254364014,0.12412,0.2024557739496231,14.274,-4.745,-0.423,91.079,0.99971
1713,143755.0,1,0.5577492117881775,0.5126244425773621,0.09927,0.17230260372161865,14.325,-4.823,-0.429,91.194,0.9994
1714,143838.33,1,0.6131693124771118,0.5901086926460266,0.06793,0.1666582077741623,14.296,-5.059,-0.426,91.149,0.99969
1715,143921.67,1,0.6312893629074097,0.5972397327423096,0.06156,0.17078959941864014,14.381,-5.211,-0.431,91.229,0.999
1716,144006.67,1,0.6222362518310547,0.5937718749046326,0.06462,0.17282278835773468,14.458,-5.223,-0.418,91.223,0.99943
1717,144090.0,1,0.5821331739425659,0.577836275100708,0.07655,0.1949787437915802,14.606,-5.25,-0.349,91.32,1.00015
1718,144173.33,1,0.561113715171814,0.5517578125,0.08633,0.23388728499412537,14.641,-5.2,-0.274,91.431,0.99941
1719,144256.67,1,0.5509073734283447,0.5320441722869873,0.094,0.23339606821537018,14.603,-5.212,-0.353,91.562,0.99906
1720,144340.0,1,0.5474653244018555,0.49713194370269775,0.1032,0.21947090327739716,14.541,-5.192,-0.347,91.668,0.99969
1721,144423.33,1,0.5308195352554321,0.46722397208213806,0.11185,0.2273445725440979,14.396,-5.064,-0.338,91.752,0.99961
1722,144506.67,1,0.5159132480621338,0.45021939277648926,0.11902,0.21399042010307312,14.298,-5.037,-0.343,91.746,0.99923
1723,144590.0,1,0.5037652254104614,0.4445416033267975,0.12361,0.2007823884487152,14.331,-4.991,-0.384,91.773,0.9996
1724,144673.33,1,0.4918747544288635,0.43663132190704346,0.12752,0.1737281084060669,14.345,-4.963,-0.43,91.746,1.00031
1725,144756.67,1,0.4958227872848511,0.4234388470649719,0.1307,0.17318621277809143,14.343,-4.99,-0.435,91.8,0.99994
1726,144840.0,1,0.49813586473464966,0.4242754876613617,0.12911,0.1811097413301468,14.332,-5.006,-0.442,91.778,0.99958
1727,144923.33,1,0.5079508423805237,0.4300616383552551,0.12681,0.177939772605896,14.549,-4.969,-0.468,91.828,0.99937
1728,145006.67,1,0.5131821036338806,0.43850797414779663,0.12355,0.1710791438817978,14.601,-4.993,-0.529,91.805,0.99907
1729,145090.0,1,0.5144472718238831,0.45813173055648804,0.11911,0.16083799302577972,14.647,-4.977,-0.554,91.804,0.9997
1730,145173.33,1,0.5183779001235962,0.45909708738327026,0.11861,0.16756339371204376,14.628,-4.974,-0.554,91.775,0.99959
1731,145256.67,1,0.5187075734138489,0.4691329300403595,0.11807,0.2013118714094162,14.934,-4.968,-0.646,91.755,0.99988
1732,145341.67,1,0.6185145378112793,0.5467260479927063,0.07954,0.206192284822464,15.134,-5.08,-0.73,91.78,0.99944
1733,145425.0,1,0.569941520690918,0.5195919275283813,0.09187,0.2101607471704483,15.05,-5.107,-0.724,91.708,0.99841
1734,145508.33,1,0.36881086230278015,0.37595435976982117,0.16903,0.21864064037799835,14.335,-5.131,-0.669,91.616,0.99914
1735,145591.67,1,0.3244352638721466,0.336821585893631,0.19844,0.21583887934684753,13.983,-5.19,-0.689,91.568,0.99962
1736,145675.0,1,0.27493783831596375,0.2897476851940155,0.22102,0.21869045495986938,13.646,-5.224,-0.67,91.529,0.99947
1737,145758.33,1,0.27030637860298157,0.2839796245098114,0.22696,0.219163715839386,13.566,-5.228,-0.674,91.505,0.99906
1738,145841.67,1,0.2654155492782593,0.2700341045856476,0.23174,0.22246108949184418,13.507,-5.249,-0.677,91.46,0.99899
1739,145925.0,1,0.2627738416194916,0.25777295231819153,0.23489,0.21894210577011108,13.527,-5.246,-0.679,91.396,0.99954
1740,146008.33,1,0.2650281488895416,0.2644691467285156,0.2338,0.21874672174453735,13.567,-5.234,-0.726,91.403,0.99917
1741,146091.67,1,0.26609525084495544,0.2618161141872406,0.23357,0.21828633546829224,13.539,-5.214,-0.76,91.49,0.99846
1742,146175.0,1,0.2696952521800995,0.26661190390586853,0.23238,0.21519874036312103,13.528,-5.233,-0.769,91.48,0.99873
1743,146258.33,1,0.2728447914123535,0.26648032665252686,0.23097,0.20950572192668915,13.523,-5.235,-0.777,91.51,0.99956
1744,146341.67,1,0.2769472897052765,0.2719270586967468,0.22843,0.20643369853496552,13.543,-5.228,-0.799,91.496,0.9998
1745,146425.0,1,0.2772912383079529,0.27459627389907837,0.22753,0.2081802636384964,13.58,-5.235,-0.798,91.553,0.99968
1746,146508.33,1,0.28123679757118225,0.2763440012931824,0.22563,0.21048974990844727,13.572,-5.23,-0.782,91.493,0.9994
1747,146591.67,1,0.28977060317993164,0.27970051765441895,0.22287,0.20933204889297485,13.551,-5.218,-0.759,91.559,0.99945
1748,146675.0,1,0.3044154942035675,0.28388383984565735,0.21726,0.20806770026683807,13.578,-5.214,-0.81,91.548,1.00041
1749,146760.0,1,0.6143032312393188,0.5375217795372009,0.08625,0.20628629624843597,13.78,-5.313,-1.0,91.668,0.99985
1750,146843.33,1,0.6230197548866272,0.5526696443557739,0.0764,0.2060956507921219,13.816,-5.287,-1.104,91.636,1.00058
1751,146926.67,1,0.48155078291893005,0.4392808973789215,0.13132,0.203988179564476,13.777,-5.273,-1.162,91.612,1.00026
1752,147010.0,1,0.3457739055156708,0.3137302100658417,0.19213,0.20298878848552704,13.726,-5.281,-1.167,91.6,1.00073
1753,147093.33,1,0.2984595000743866,0.26445433497428894,0.21445,0.2025630623102188,13.691,-5.273,-1.177,91.622,1.00094
1754,147176.67,1,0.2824302613735199,0.24814434349536896,0.22408,0.2027718424797058,13.658,-5.239,-1.162,91.595,1.0007
1755,147260.0,1,0.272095650434494,0.24041643738746643,0.22934,0.20238374173641205,13.651,-5.221,-1.17,91.631,1.00025
1756,147343.33,1,0.278434693813324,0.250016450881958,0.22724,0.20382556319236755,13.66,-5.211,-1.185,91.561,1.00022
1757,147426.67,1,0.2897275388240814,0.2617396414279938,0.22355,0.199180006980896,13.721,-5.204,-1.185,91.578,1.00006
1758,147510.0,1,0.29383987188339233,0.26895827054977417,0.22109,0.20037829875946045,13.757,-5.198,-1.192,91.529,1.00012
1759,147593.33,1,0.2965385913848877,0.2741295099258423,0.21827,0.20026181638240814,13.844,-5.186,-1.202,91.565,0.99952
1760,147676.67,1,0.3972892165184021,0.33486485481262207,0.17721,0.20292064547538757,14.02,-5.134,-1.227,91.592,1.00135
1761,147760.0,1,0.6486010551452637,0.5468120574951172,0.06739,0.19460538029670715,14.108,-5.155,-1.355,91.691,1.00155
1762,147843.33,1,0.6113805770874023,0.527653157711029,0.07688,0.19379660487174988,14.132,-5.093,-1.401,91.633,1.00115
1763,147926.67,1,0.5863440036773682,0.5104348659515381,0.08511,0.19522148370742798,14.174,-5.047,-1.359,91.647,1.00077
1764,148010.0,1,0.5375835299491882,0.45220452547073364,0.1052,0.19940175116062164,14.274,-5.042,-1.336,91.577,1.0007
1765,148095.0,1,0.5073469877243042,0.42611509561538696,0.11877,0.20413832366466522,14.271,-5.051,-1.336,91.546,1.00083
1766,148178.33,1,0.4960746765136719,0.41289210319519043,0.12554,0.20852433145046234,14.294,-5.086,-1.345,91.483,1.0008
1767,148261.67,1,0.49610772728919983,0.4191550314426422,0.12514,0.21300293505191803,14.326,-5.116,-1.351,91.48,1.00154
1768,148345.0,1,0.6585304737091064,0.5989623069763184,0.05751,0.25413763523101807,14.611,-5.531,-1.262,91.517,1.00126
1769,148428.33,1,0.6392958760261536,0.5791357755661011,0.0616,0.2917940020561218,14.729,-5.545,-1.189,91.446,1.00103
1770,148511.67,1,0.6550300717353821,0.6055713891983032,0.05109,0.2645975649356842,14.852,-5.568,-1.172,91.501,1.00097
1771,148595.0,1,0.6539502143859863,0.6127426624298096,0.04921,0.2543807029724121,14.944,-5.549,-1.231,91.599,1.00158
1772,148678.33,1,0.512399435043335,0.5067814588546753,0.1063,0.23974277079105377,14.894,-5.403,-1.201,91.584,1.00077
1773,148761.67,1,0.3466421961784363,0.37903913855552673,0.18197,0.4203590750694275,15.286,-5.239,-1.25,91.72,1.00022
1774,148845.0,1,0.315935879945755,0.33747199177742004,0.20571,0.4696418344974518,15.239,-5.208,-1.293,91.769,1.00053
1775,148928.33,1,0.31375572085380554,0.30924320220947266,0.21287,0.43427154421806335,14.774,-5.179,-1.287,91.771,1.00025
1776,149011.67,1,0.31398358941078186,0.2956833839416504,0.21526,0.3724353611469269,14.675,-5.121,-1.279,91.776,1.00004
1777,149095.0,1,0.3161605894565582,0.2947028577327728,0.21356,0.2844451665878296,14.373,-5.121,-1.284,91.79,0.99932
1778,149178.33,1,0.3227737843990326,0.2879386842250824,0.21395,0.23670902848243713,14.372,-5.119,-1.329,91.766,1.00014
1779,149261.67,1,0.3489551842212677,0.30970698595046997,0.20066,0.20096054673194885,14.497,-5.129,-1.418,91.72,0.99977
1780,149345.0,1,0.3675242066383362,0.31729111075401306,0.19623,0.17784488201141357,14.44,-5.226,-1.505,91.617,0.9998
1781,149428.33,1,0.375460684299469,0.3360178768634796,0.18756,0.17873474955558777,14.562,-5.321,-1.664,91.595,0.99945
1782,149513.33,1,0.40476149320602417,0.3654996156692505,0.17023,0.17785364389419556,14.606,-5.389,-1.835,91.578,1.00109
1783,149596.67,1,0.44818171858787537,0.3932076096534729,0.15091,0.16323816776275635,14.766,-5.426,-2.065,91.468,1.00038
1784,149680.0,1,0.48061487078666687,0.44977620244026184,0.1298,0.1559004783630371,14.86,-5.427,-2.089,91.328,1.0006
1785,149763.33,1,0.4845370948314667,0.46239230036735535,0.12345,0.1494620442390442,14.817,-5.527,-1.983,91.205,0.99937
1786,149846.67,1,0.48403385281562805,0.46213027834892273,0.12409,0.17689213156700134,14.785,-5.577,-1.878,91.298,0.99835
1787,149930.0,1,0.496227890253067,0.45523178577423096,0.12181,0.20638924837112427,14.592,-5.633,-1.692,91.453,0.99812
1788,150013.33,1,0.4919319748878479,0.4437117874622345,0.1281,0.20332512259483337,14.516,-5.402,-1.836,91.498,0.99859
1789,150096.67,1,0.47711512446403503,0.4267534911632538,0.13604,0.1920345574617386,14.607,-5.231,-1.831,91.499,0.99875
1790,150180.0,1,0.4468214511871338,0.397871732711792,0.15073,0.19280387461185455,14.472,-5.258,-1.89,91.475,0.99817
1791,150263.33,1,0.4418618083000183,0.40393924713134766,0.14943,0.190757617354393,14.092,-5.421,-1.723,91.44,0.99834
1792,150346.67,1,0.4593276381492615,0.4173869490623474,0.14115,0.19630014896392822,14.071,-5.466,-1.618,91.347,0.99856
1793,150430.0,1,0.46757742762565613,0.45084303617477417,0.13008,0.2227335125207901,14.098,-5.489,-1.489,91.315,0.99903
1794,150513.33,1,0.46790140867233276,0.44660434126853943,0.12796,0.22999483346939087,14.139,-5.479,-1.467,91.354,0.99901
1795,150596.67,1,0.47446519136428833,0.4504641592502594,0.12575,0.2528218924999237,14.17,-5.52,-1.472,91.43,0.99857
1796,150680.0,1,0.47076934576034546,0.4433361291885376,0.12624,0.27950987219810486,14.142,-5.56,-1.466,91.454,0.9982
1797,150763.33,1,0.45797619223594666,0.4423004686832428,0.13337,0.2574426829814911,14.027,-5.577,-1.5,91.493,0.99778
1798,150846.67,1,0.433592289686203,0.4259083569049835,0.14455,0.23915834724903107,13.907,-5.509,-1.58,91.461,0.99805
1799,150931.67,1,0.4223816990852356,0.42025336623191833,0.14783,0.23281307518482208,13.918,-5.446,-1.646,91.373,0.99877
1800,151015.0,1,0.41366684436798096,0.4283495545387268,0.14746,0.2561188042163849,14.066,-5.413,-1.673,91.339,0.9984
1801,151098.33,1,0.41284751892089844,0.4370265305042267,0.14685,0.26189517974853516,14.065,-5.3,-1.677,91.487,0.99762
1802,151181.67,1,0.40557268261909485,0.43270444869995117,0.14917,0.2662647068500519,13.98,-5.178,-1.635,91.475,0.99857
1803,151265.0,1,0.4193158447742462,0.4413605034351349,0.14308,0.27414029836654663,14.022,-5.177,-1.565,91.66,0.99837
1804,151431.67,1,0.4635046422481537,0.431435227394104,0.13399,0.24144737422466278,14.295,-5.079,-1.583,91.769,0.99807
1805,151515.0,1,0.6126903295516968,0.5604761242866516,0.0717,0.22525742650032043,14.255,-5.166,-1.515,92.013,0.99786
1806,151598.33,1,0.6458126306533813,0.570233941078186,0.06125,0.21354401111602783,14.286,-5.204,-1.591,91.964,0.99876
1807,151681.67,1,0.6200977563858032,0.5679811239242554,0.06646,0.21802310645580292,14.293,-5.183,-1.609,91.938,0.99896
1808,151765.0,1,0.558734118938446,0.4895631670951843,0.09913,0.21600687503814697,14.318,-5.184,-1.596,91.888,0.99887
1809,151848.33,1,0.5169755220413208,0.45146164298057556,0.11417,0.20682501792907715,14.39,-5.225,-1.59,91.875,0.99848
1810,151931.67,1,0.49742409586906433,0.4253634810447693,0.12397,0.20713399350643158,14.402,-5.217,-1.591,91.788,0.99809
1811,152015.0,1,0.48192253708839417,0.4162757396697998,0.12944,0.2049952745437622,14.418,-5.187,-1.591,91.788,0.99834
1812,152098.33,1,0.4772091209888458,0.4098820686340332,0.13216,0.20594048500061035,14.4,-5.161,-1.59,91.777,0.99908
1813,152181.67,1,0.46846216917037964,0.41220858693122864,0.13456,0.19302305579185486,14.413,-5.135,-1.624,91.717,0.99888
1814,152265.0,1,0.46590203046798706,0.4128705561161041,0.13522,0.19499851763248444,14.444,-5.122,-1.634,91.747,0.99886
1815,152350.0,1,0.4656412899494171,0.4215117394924164,0.13376,0.2019595503807068,14.449,-5.12,-1.63,91.74,0.99916
1816,152433.33,1,0.4771632254123688,0.4359308183193207,0.12805,0.21382315456867218,14.4,-5.057,-1.621,91.7,0.9999
1817,152516.67,1,0.49647706747055054,0.4528728425502777,0.11986,0.21661746501922607,14.424,-5.036,-1.616,91.673,0.99936
1818,152600.0,1,0.5097982287406921,0.4579032063484192,0.11513,0.214242085814476,14.427,-5.014,-1.641,91.669,0.99923
1819,152683.33,1,0.5164245963096619,0.46453365683555603,0.11272,0.2090790718793869,14.488,-4.99,-1.655,91.675,0.99911
1820,152766.67,1,0.5955682992935181,0.515186071395874,0.0858,0.20327244699001312,14.567,-5.016,-1.681,91.63,0.99934
1821,152850.0,1,0.639853835105896,0.5813696384429932,0.05987,0.1966904103755951,14.627,-5.121,-1.765,91.646,0.99893
1822,152933.33,1,0.6368246674537659,0.572847306728363,0.06111,0.200957790017128,14.603,-5.069,-1.767,91.568,0.99908
1823,153016.67,1,0.5292642116546631,0.4545070230960846,0.10994,0.20715709030628204,14.574,-5.093,-1.801,91.539,0.99934
1824,153100.0,1,0.44547879695892334,0.40658122301101685,0.13943,0.20576396584510803,14.547,-5.087,-1.812,91.481,0.99956
1825,153183.33,1,0.42198455333709717,0.3941343426704407,0.14964,0.20473995804786682,14.57,-5.077,-1.834,91.498,1.00051
1826,153266.67,1,0.4285033345222473,0.3981967568397522,0.14896,0.19932135939598083,14.646,-5.06,-1.837,91.463,0.99928
1827,153350.0,1,0.4357978105545044,0.4082624912261963,0.14466,0.19702310860157013,14.622,-5.046,-1.786,91.483,0.99976
1828,153433.33,1,0.44968995451927185,0.41788944602012634,0.13905,0.19593337178230286,14.616,-5.044,-1.768,91.47,0.99975
1829,153516.67,1,0.46303167939186096,0.4232547879219055,0.1347,0.19594033062458038,14.625,-5.056,-1.774,91.474,1.00037
1830,153600.0,1,0.46816444396972656,0.42827191948890686,0.132,0.19777345657348633,14.641,-5.038,-1.758,91.385,1.00115
1831,153685.0,1,0.4819486439228058,0.4369780719280243,0.1274,0.20133638381958008,14.727,-5.058,-1.779,91.461,1.00061
1832,153768.33,1,0.6034621000289917,0.5489249229431152,0.07536,0.19491301476955414,14.779,-5.138,-1.769,91.513,1.00145
1833,153851.67,1,0.6288508176803589,0.5795671939849854,0.05506,0.20287911593914032,14.815,-5.13,-1.851,91.516,1.00178
1834,153935.0,1,0.4922402501106262,0.47475722432136536,0.10947,0.20821517705917358,14.615,-5.08,-1.741,91.468,1.00097
1835,154018.33,1,0.35189342498779297,0.3640263080596924,0.17144,0.21504999697208405,14.176,-5.126,-1.681,91.397,0.99957
1836,154101.67,1,0.32264235615730286,0.3274472951889038,0.1911,0.21726864576339722,13.993,-5.168,-1.658,91.385,1.0002
1837,154185.0,1,0.2992859184741974,0.30557185411453247,0.20437,0.21541643142700195,13.957,-5.224,-1.646,91.427,0.99944
1838,154268.33,1,0.285889595746994,0.2926619052886963,0.21277,0.20717667043209076,13.969,-5.225,-1.622,91.428,0.99903
1839,154351.67,1,0.282048761844635,0.29146403074264526,0.21476,0.20570333302021027,13.982,-5.252,-1.633,91.454,1.00005
1840,154435.0,1,0.5181087255477905,0.4429532587528229,0.11984,0.20752254128456116,14.178,-5.286,-1.778,91.517,1.00022
1841,154518.33,1,0.6510040760040283,0.5746862888336182,0.05982,0.19202648103237152,14.166,-5.39,-1.879,91.568,1.00066
1842,154601.67,1,0.6566847562789917,0.5345942378044128,0.06784,0.180340975522995,14.148,-5.391,-1.931,91.494,1.00022
1843,154685.0,1,0.5402297973632812,0.4636225700378418,0.10725,0.19024617969989777,14.231,-5.444,-1.958,91.431,0.99976
1844,154768.33,1,0.47972241044044495,0.46576374769210815,0.11938,0.21276262402534485,14.314,-5.6,-1.946,91.358,0.9988
1845,154851.67,1,0.4792202413082123,0.45899394154548645,0.12101,0.23470257222652435,14.785,-5.665,-1.974,91.208,0.99793
1846,154935.0,1,0.4806704819202423,0.462814062833786,0.11952,0.24973814189434052,14.804,-5.681,-1.951,91.059,0.99753
1847,155018.33,1,0.4809149503707886,0.46197718381881714,0.11958,0.2579597234725952,14.791,-5.733,-1.889,90.921,0.99692
1848,155103.33,1,0.4834401309490204,0.46188515424728394,0.11994,0.2627018094062805,14.78,-5.766,-1.841,90.827,0.99759
1849,155186.67,1,0.4860408306121826,0.4618915319442749,0.11999,0.26478105783462524,14.802,-5.729,-1.774,90.817,0.99702
1850,155270.0,1,0.47864341735839844,0.45535969734191895,0.12286,0.26891040802001953,14.694,-5.692,-1.796,90.782,0.99739
1851,155353.33,1,0.47481346130371094,0.46345388889312744,0.12078,0.26594480872154236,14.76,-5.597,-1.898,90.806,0.99629
1852,155436.67,1,0.47454217076301575,0.46551328897476196,0.11925,0.26045799255371094,14.716,-5.565,-1.925,90.763,0.9966
1853,155520.0,1,0.46913042664527893,0.46680688858032227,0.12096,0.23951184749603271,14.675,-5.485,-1.96,90.809,0.99657
1854,155603.33,1,0.4751034080982208,0.4648803472518921,0.12205,0.20212993025779724,14.654,-5.433,-1.992,90.875,0.99672
1855,155686.67,1,0.4669935703277588,0.44482511281967163,0.12946,0.2504817247390747,14.672,-5.388,-1.992,91.01,0.99576
1856,155770.0,1,0.4579660892486572,0.4162248373031616,0.13943,0.26555195450782776,14.861,-5.398,-2.016,91.038,0.99632
1857,155853.33,1,0.45411741733551025,0.41057753562927246,0.14149,0.24502336978912354,14.608,-5.36,-1.987,91.151,0.99746
1858,155936.67,1,0.46021294593811035,0.42395907640457153,0.13958,0.20144447684288025,14.371,-5.379,-2.055,91.191,0.99737
1859,156020.0,1,0.46838685870170593,0.438158243894577,0.13376,0.20609715580940247,14.455,-5.373,-2.049,91.166,0.99732
1860,156103.33,1,0.4675680696964264,0.43720611929893494,0.13115,0.22377383708953857,14.492,-5.338,-2.045,91.122,0.99709
1861,156186.67,1,0.4993599057197571,0.4558064341545105,0.12009,0.22774146497249603,14.64,-5.303,-2.093,91.244,0.9963
1862,156270.0,1,0.5834762454032898,0.5245540142059326,0.08701,0.22807645797729492,14.726,-5.315,-2.107,91.187,0.99614
1863,156353.33,1,0.6742026805877686,0.611526608467102,0.0477,0.21663635969161987,14.929,-5.514,-2.16,91.318,0.9971
1864,156438.33,1,0.6857755184173584,0.6344408988952637,0.04044,0.20446544885635376,14.854,-5.504,-2.22,91.284,0.99773
1865,156521.67,1,0.6754650473594666,0.6191204190254211,0.04551,0.19299006462097168,14.882,-5.449,-2.241,91.333,0.99763
1866,156605.0,1,0.6681877374649048,0.6151633262634277,0.04718,0.17633962631225586,14.745,-5.312,-2.228,91.328,0.99739
1867,156688.33,1,0.6543493270874023,0.5834130048751831,0.05557,0.17036160826683044,14.619,-5.23,-2.219,91.289,0.99631
1868,156771.67,1,0.6246647238731384,0.5721848011016846,0.06331,0.18211719393730164,14.674,-5.247,-2.186,91.206,0.9969
1869,156855.0,1,0.6018273830413818,0.5662322640419006,0.06744,0.21820448338985443,14.911,-5.258,-2.129,91.157,0.9973
1870,156938.33,1,0.5998662710189819,0.5716726779937744,0.06714,0.24757519364356995,15.054,-5.264,-2.067,91.102,0.99724
1871,157021.67,1,0.6716169714927673,0.6519662141799927,0.03716,0.25481659173965454,15.151,-5.324,-2.102,91.151,0.99734
1872,157105.0,1,0.6663002967834473,0.6524717807769775,0.03764,0.2611181139945984,15.159,-5.316,-2.117,91.076,0.99743
1873,157188.33,1,0.5992788076400757,0.5825470685958862,0.06641,0.264711856842041,15.127,-5.272,-2.088,91.082,0.99687
1874,157271.67,1,0.5367673635482788,0.5176150798797607,0.09262,0.26789453625679016,15.136,-5.253,-2.121,91.039,0.99746
1875,157355.0,1,0.5219050049781799,0.5063110589981079,0.09804,0.2655313313007355,15.244,-5.224,-2.135,91.059,0.99766
1876,157438.33,1,0.5137317180633545,0.4930879771709442,0.10342,0.2536931335926056,15.282,-5.199,-2.127,91.046,0.99768
1877,157521.67,1,0.5950532555580139,0.5440908670425415,0.07577,0.24767427146434784,15.184,-5.248,-2.161,91.085,0.99719
1878,157605.0,1,0.6255284547805786,0.5971478819847107,0.05928,0.23584270477294922,15.309,-5.314,-2.172,91.068,0.99763
1879,157688.33,1,0.6251199245452881,0.5933160185813904,0.05996,0.23833635449409485,15.304,-5.304,-2.169,91.047,0.99713
1880,157771.67,1,0.6404871940612793,0.6114266514778137,0.05498,0.2492211014032364,15.286,-5.35,-2.159,91.03,0.99742
1881,157856.67,1,0.6424235105514526,0.6005591154098511,0.05691,0.2564097046852112,15.339,-5.371,-2.183,91.067,0.9975
1882,157940.0,1,0.6326965689659119,0.5956337451934814,0.05921,0.26033616065979004,15.32,-5.38,-2.172,91.071,0.99725
1883,158023.33,1,0.6256498098373413,0.5821191668510437,0.06233,0.2602479159832001,15.352,-5.351,-2.158,91.198,0.99754
1884,158106.67,1,0.6302460432052612,0.56678307056427,0.06485,0.19423839449882507,15.363,-5.398,-2.144,91.291,0.99793
1885,158190.0,1,0.6691453456878662,0.6156811714172363,0.04829,0.1991395205259323,15.321,-5.516,-2.084,91.383,0.99702
1886,158273.33,1,0.6681642532348633,0.6063024401664734,0.04969,0.18101400136947632,15.218,-5.597,-2.111,91.426,0.99774
1887,158356.67,1,0.6463993787765503,0.585930585861206,0.05866,0.1821734458208084,15.127,-5.56,-2.102,91.537,0.99786
1888,158440.0,1,0.6126546859741211,0.5604785680770874,0.07185,0.172499418258667,15.127,-5.543,-2.031,91.534,0.99851
1889,158523.33,1,0.5900276899337769,0.5382218360900879,0.08091,0.1765836626291275,15.16,-5.524,-2.006,91.519,0.99887
1890,158606.67,1,0.5844308137893677,0.5305861234664917,0.08403,0.1831764131784439,15.236,-5.531,-1.999,91.516,0.99784
1891,158690.0,1,0.5842612981796265,0.5292595624923706,0.08429,0.19056297838687897,15.305,-5.572,-2.007,91.662,0.99743
1892,158773.33,1,0.5787205696105957,0.5245438814163208,0.08656,0.17809037864208221,15.282,-5.582,-2.011,91.596,0.99843
1893,158856.67,1,0.5798090100288391,0.5236830115318298,0.08644,0.17095138132572174,15.297,-5.596,-2.028,91.659,0.99825
1894,158940.0,1,0.5770646333694458,0.5263020992279053,0.08472,0.16215531527996063,15.149,-5.585,-2.007,91.628,0.9984
1895,159023.33,1,0.5783663988113403,0.5231149792671204,0.08485,0.15417703986167908,15.117,-5.572,-1.993,91.597,0.99797
1896,159106.67,1,0.5808224678039551,0.5224981307983398,0.08468,0.14782224595546722,15.095,-5.552,-1.979,91.543,0.99749
1897,159190.0,1,0.5802004337310791,0.521579384803772,0.08502,0.14450009167194366,15.102,-5.538,-1.987,91.483,0.99792
1898,159275.0,1,0.5360035300254822,0.4666248559951782,0.10386,0.1569947451353073,14.977,-5.533,-2.055,91.425,0.99762
1899,159358.33,1,0.43096375465393066,0.3947312533855438,0.14659,0.1699283868074417,14.69,-5.586,-2.127,91.357,0.99779
1900,159441.67,1,0.37255603075027466,0.3489644527435303,0.17555,0.18771088123321533,14.292,-5.581,-2.173,91.286,0.99769
1901,159525.0,1,0.3375793993473053,0.332703173160553,0.18999,0.19589963555335999,14.248,-5.518,-2.209,91.219,0.99691
1902,159608.33,1,0.32004526257514954,0.3365754187107086,0.19907,0.20218689739704132,14.172,-5.508,-2.233,91.164,0.99683
1903,159691.67,1,0.2975882887840271,0.3192220628261566,0.20957,0.20341022312641144,14.146,-5.461,-2.25,91.135,0.99677
1904,159775.0,1,0.2959229648113251,0.3111068904399872,0.21387,0.20310916006565094,14.014,-5.452,-2.264,91.075,0.99708
1905,159858.33,1,0.2931113839149475,0.29688549041748047,0.21769,0.20109207928180695,14.028,-5.452,-2.359,91.034,0.997
1906,159941.67,1,0.3062637448310852,0.318914532661438,0.21016,0.2075270116329193,14.027,-5.426,-2.522,90.991,0.99697
1907,160025.0,1,0.3249356150627136,0.32325097918510437,0.20262,0.19567210972309113,14.052,-5.318,-2.547,91.003,0.9963
1908,160108.33,1,0.3375071883201599,0.3294260501861572,0.1988,0.16958631575107574,13.939,-5.215,-2.626,90.987,0.99699
1909,160191.67,1,0.35879454016685486,0.34859001636505127,0.18719,0.1645144522190094,13.906,-5.146,-2.729,91.015,0.99731
1910,160275.0,1,0.3625307083129883,0.34367287158966064,0.18777,0.16393578052520752,13.936,-5.083,-2.916,91.023,0.99738
1911,160358.33,1,0.40818169713020325,0.3503577709197998,0.17024,0.15833783149719238,14.062,-4.912,-2.924,91.057,0.99732
1912,160441.67,1,0.6455802917480469,0.5376008152961731,0.07208,0.14405229687690735,14.165,-4.906,-3.124,91.118,0.99747
1913,160525.0,1,0.6549661755561829,0.5528774261474609,0.06375,0.13694439828395844,14.286,-4.837,-3.169,91.126,0.99775
1914,160608.33,1,0.6232303380966187,0.5615023374557495,0.06596,0.203962504863739,14.479,-4.691,-3.169,91.028,0.99813
1915,160693.33,1,0.5633281469345093,0.5070125460624695,0.09302,0.17750093340873718,14.542,-4.568,-3.251,90.986,0.99737
1916,160776.67,1,0.5338732600212097,0.5101251602172852,0.10151,0.14939633011817932,14.534,-4.501,-3.355,90.896,0.99736
1917,160860.0,1,0.525784432888031,0.5007224678993225,0.10615,0.1551620066165924,14.586,-4.531,-3.311,90.843,0.99719
1918,160943.33,1,0.5222101211547852,0.48944589495658875,0.11025,0.18186162412166595,14.66,-4.599,-3.204,90.754,0.99677
1919,161026.67,1,0.5221678614616394,0.49553823471069336,0.10698,0.19540853798389435,14.774,-4.698,-3.077,90.765,0.99665
1920,161110.0,1,0.5278214812278748,0.49395883083343506,0.10442,0.19365431368350983,14.79,-4.72,-2.968,90.787,0.99665
1921,161193.33,1,0.5303298830986023,0.5073319673538208,0.09994,0.20171569287776947,14.827,-4.696,-2.876,90.997,0.99728
1922,161276.67,1,0.5332126617431641,0.5058094263076782,0.09753,0.2228120118379593,14.941,-4.668,-2.724,90.952,0.99759
1923,161360.0,1,0.5201054811477661,0.4919690489768982,0.10161,0.24431249499320984,15.052,-4.718,-2.601,91.033,0.99759
1924,161443.33,1,0.4316936433315277,0.4560483396053314,0.13096,0.25785383582115173,14.785,-4.723,-2.413,90.894,0.99791
1925,161526.67,1,0.391264408826828,0.4283297657966614,0.14975,0.23952803015708923,14.219,-4.81,-2.388,90.858,0.99783
1926,161610.0,1,0.3724691867828369,0.42214328050613403,0.15944,0.241338312625885,14.171,-4.894,-2.405,90.857,0.99842
1927,161693.33,1,0.37512701749801636,0.4214666187763214,0.16182,0.24387219548225403,14.05,-4.967,-2.513,90.862,0.9973
1928,161776.67,1,0.3772318959236145,0.42383190989494324,0.16245,0.25739794969558716,14.116,-4.963,-2.569,90.903,0.99812
1929,161860.0,1,0.36814743280410767,0.40932297706604004,0.17165,0.259806752204895,14.191,-4.878,-2.59,90.899,0.9978
1930,161943.33,1,0.3543059527873993,0.4023907482624054,0.17597,0.2656673192977905,14.238,-4.838,-2.598,90.907,0.99776
1931,162028.33,1,0.4444926679134369,0.46297043561935425,0.13892,0.2691977024078369,14.35,-4.678,-2.59,90.953,0.99743
1932,162111.67,1,0.6361364126205444,0.5939345359802246,0.06575,0.26523447036743164,14.532,-4.721,-2.765,91.057,0.99809
1933,162195.0,1,0.5889296531677246,0.5660940408706665,0.07736,0.24888046085834503,14.6,-4.606,-2.783,91.059,0.99767
1934,162278.33,1,0.44207221269607544,0.3981188237667084,0.14528,0.18743275105953217,14.322,-4.582,-2.701,91.072,0.99825
1935,162361.67,1,0.3670099377632141,0.3330036997795105,0.17945,0.17706550657749176,14.072,-4.684,-2.686,91.11,0.99776
1936,162445.0,1,0.43339720368385315,0.37484320998191833,0.15711,0.15505923330783844,14.132,-4.609,-2.615,91.132,0.99826
1937,162528.33,1,0.518573522567749,0.4250967502593994,0.12837,0.12598839402198792,14.24,-4.616,-2.617,91.156,0.99834
1938,162611.67,1,0.5208584070205688,0.4496569037437439,0.11956,0.1273423284292221,14.533,-4.592,-2.618,91.207,0.99788
1939,162695.0,1,0.534587025642395,0.46909940242767334,0.1123,0.14718228578567505,14.698,-4.652,-2.699,91.27,0.99697
1940,162778.33,1,0.5407009124755859,0.47671017050743103,0.10776,0.14982376992702484,14.897,-4.669,-2.737,91.312,0.99677
1941,162861.67,1,0.5624476671218872,0.5035764575004578,0.09634,0.14724725484848022,14.992,-4.72,-2.77,91.469,0.99758
1942,162945.0,1,0.5683161020278931,0.517441987991333,0.09221,0.14144495129585266,15.077,-4.706,-2.754,91.533,0.99882
1943,163028.33,1,0.5616461038589478,0.5181211829185486,0.09076,0.1513967365026474,15.174,-4.673,-2.699,91.671,0.99929
1944,163111.67,1,0.5578919649124146,0.517760157585144,0.09043,0.15669205784797668,15.237,-4.675,-2.671,91.696,0.99912
1945,163195.0,1,0.45842045545578003,0.4280259311199188,0.13775,0.1685159057378769,15.114,-4.698,-2.661,91.743,0.99881
1946,163278.33,1,0.36209917068481445,0.3584544360637665,0.18254,0.19360889494419098,14.95,-4.781,-2.666,91.695,0.99885
1947,163361.67,1,0.3359423577785492,0.3418942987918854,0.19259,0.2031371146440506,14.655,-4.939,-2.674,91.662,0.99908
1948,163530.0,1,0.30952611565589905,0.329677015542984,0.20801,0.16171695291996002,13.834,-5.094,-2.634,91.433,0.99701
1949,163613.33,1,0.2706303298473358,0.278468519449234,0.23396,0.14173276722431183,13.617,-5.072,-2.616,91.294,0.99708
1950,163696.67,1,0.31284216046333313,0.3140789568424225,0.21824,0.14902685582637787,13.376,-5.157,-2.585,91.211,0.99805
1951,163780.0,1,0.21687111258506775,0.23282909393310547,0.26172,0.1606990247964859,12.739,-5.323,-2.446,91.249,0.99778
1952,163863.33,1,0.1756448894739151,0.19179962575435638,0.28193,0.16122351586818695,12.47,-5.308,-2.305,91.089,0.99765
1953,163946.67,1,0.17249590158462524,0.18402457237243652,0.28377,0.18145857751369476,12.428,-5.142,-2.094,91.136,0.9971
1954,164030.0,1,0.17611856758594513,0.18426313996315002,0.28278,0.18177606165409088,12.215,-4.947,-1.613,91.075,0.99727
1955,164113.33,1,0.1535033881664276,0.15902216732501984,0.2926,0.18265315890312195,12.224,-4.929,-1.226,91.258,0.99557
1956,164196.67,1,0.16976696252822876,0.16030332446098328,0.29133,0.17315377295017242,11.935,-4.745,-1.354,91.639,0.9948
1957,164280.0,1,0.15800166130065918,0.15519507229328156,0.29029,0.19295479357242584,11.496,-4.231,-2.238,92.324,0.99354
1958,164363.33,1,0.13940110802650452,0.14392465353012085,0.28923,0.18731741607189178,11.323,-3.845,-3.189,92.57,0.99405
1959,164446.67,1,0.12078467011451721,0.15070846676826477,0.30532,0.2752723693847656,10.691,-3.097,-3.136,93.443,0.99462
1960,164530.0,1,0.12094879895448685,0.16052085161209106,0.29813,0.2590979337692261,10.424,-3.035,-3.705,93.724,0.99394
1961,164613.33,1,0.13803231716156006,0.1869296431541443,0.28886,0.24996677041053772,10.26,-3.032,-3.293,94.146,0.99499
1962,164696.67,1,0.1523040533065796,0.19314318895339966,0.28114,0.21491263806819916,10.747,-3.049,-2.325,94.201,0.99482
1963,164781.67,1,0.14275500178337097,0.17811228334903717,0.28026,0.20052854716777802,11.125,-3.455,-1.137,94.771,0.99532
1964,164865.0,1,0.1525523066520691,0.15775087475776672,0.27879,0.1786816120147705,11.228,-3.797,-0.581,95.076,0.9947
1965,164948.33,1,0.1384478509426117,0.17366337776184082,0.28483,0.16774317622184753,12.013,-3.555,0.542,95.317,0.99697
1966,165031.67,1,0.13325098156929016,0.14538447558879852,0.28652,0.15188872814178467,12.59,-4.144,0.859,95.213,0.99825
1967,165115.0,1,0.15983179211616516,0.16318601369857788,0.27977,0.12885929644107819,13.017,-4.42,0.815,95.424,0.99894
1968,165198.33,1,0.17263293266296387,0.16710759699344635,0.27987,0.15058714151382446,12.446,-4.599,0.149,95.212,0.99954
1969,165281.67,1,0.15604348480701447,0.18613800406455994,0.2825,0.2038084715604782,12.144,-4.774,-0.341,94.899,0.99901
1970,165365.0,1,0.14343219995498657,0.168153315782547,0.29761,0.24952466785907745,10.964,-5.208,-0.96,94.155,0.99797
1971,165448.33,1,0.1340961903333664,0.16712626814842224,0.29647,0.22317250072956085,11.085,-5.494,-1.606,94.104,0.99728
1972,165531.67,1,0.13191121816635132,0.17159788310527802,0.29637,0.16052791476249695,11.503,-5.786,-1.752,94.15,0.99854
1973,165615.0,1,0.14942647516727448,0.16522949934005737,0.29259,0.1478269398212433,11.668,-5.863,-1.771,94.519,1.00096
1974,165698.33,1,0.15436457097530365,0.1740841567516327,0.28501,0.1107083112001419,11.503,-5.184,-1.951,95.117,1.00312
1975,165781.67,1,0.15819838643074036,0.1927729696035385,0.28313,0.10443214327096939,11.458,-5.091,-2.633,95.651,1.00431
1976,165865.0,1,0.16366925835609436,0.20391413569450378,0.28213,0.1020389050245285,11.422,-4.933,-3.696,95.63,1.00277
1977,165948.33,1,0.16261428594589233,0.2008434236049652,0.28219,0.11645335704088211,11.339,-4.706,-4.219,95.425,1.00054
1978,166031.67,1,0.17168894410133362,0.20504850149154663,0.28183,0.11437708139419556,11.329,-4.184,-4.429,94.996,0.99756
1979,166115.0,1,0.14823058247566223,0.17885327339172363,0.28922,0.1410306692123413,11.514,-3.626,-4.345,94.597,0.99662
1980,166200.0,1,0.1684446483850479,0.18981969356536865,0.28139,0.18208052217960358,12.04,-2.097,-4.262,94.781,0.99723
1981,166283.33,1,0.15723910927772522,0.17017340660095215,0.28168,0.1591314822435379,12.222,-1.793,-3.56,95.36,0.99804
1982,166366.67,1,0.12756192684173584,0.1571681946516037,0.28829,0.21199682354927063,12.488,-1.799,-2.698,95.569,0.99879
1983,166450.0,1,0.5071358680725098,0.6305434107780457,0.08491,0.3055545687675476,14.132,-2.1,-1.927,95.698,1.00138
1984,166533.33,1,0.38125887513160706,0.5275832414627075,0.13821,0.321334570646286,15.015,-2.562,-1.834,95.275,1.00152
1985,166616.67,1,0.27043232321739197,0.3914879560470581,0.20928,0.2426791787147522,15.209,-3.735,-2.122,95.172,1.00171
1986,166700.0,1,0.13447557389736176,0.20887325704097748,0.30005,0.18737910687923431,13.96,-4.611,-2.102,95.13,1.00076
1987,166783.33,1,0.11255595088005066,0.17394603788852692,0.31113,0.24322833120822906,13.551,-5.044,-2.519,95.324,1.0003
1988,166866.67,1,0.12182176113128662,0.20376667380332947,0.30701,0.22224518656730652,13.533,-5.127,-2.81,95.589,1.00123
1989,166950.0,1,0.10563848912715912,0.19040828943252563,0.31034,0.2133374810218811,13.74,-4.825,-2.923,96.113,1.00159
1990,167033.33,1,0.13647641241550446,0.2376198172569275,0.28208,0.2013065218925476,13.325,-4.395,-2.729,96.214,1.0023
1991,167116.67,1,0.13050000369548798,0.22428791224956512,0.27641,0.22404785454273224,13.521,-4.376,-2.328,96.43,1.00201
1992,167200.0,1,0.1392953246831894,0.23244789242744446,0.26874,0.21687260270118713,14.011,-5.103,-2.104,96.379,1.00168
1993,167283.33,1,0.15606310963630676,0.21201784908771515,0.26787,0.20749683678150177,14.468,-5.669,-1.565,96.333,1.00183
1994,167366.67,1,0.1778111755847931,0.19903291761875153,0.26642,0.1709301471710205,13.855,-6.077,-0.857,96.11,1.0016
1995,167450.0,1,0.17809362709522247,0.17196907103061676,0.27108,0.15978370606899261,13.884,-6.124,-0.427,96.016,1.00179
1996,167533.33,1,0.1845991015434265,0.16628378629684448,0.27335,0.17878402769565582,13.811,-5.973,-0.701,95.858,1.0014
1997,167618.33,1,0.18245820701122284,0.16262249648571014,0.2753,0.16753728687763214,13.825,-5.823,-0.852,95.669,1.00189
1998,167701.67,1,0.16108547151088715,0.16254769265651703,0.28213,0.15293605625629425,14.024,-5.579,-0.857,95.542,1.00188
1999,167785.0,1,0.1641497015953064,0.17049458622932434,0.28298,0.16861774027347565,14.726,-5.163,-0.461,95.334,1.00086
2000,167868.33,1,0.15588870644569397,0.18830816447734833,0.28674,0.19398145377635956,14.817,-4.865,-0.044,94.977,1.00125
2001,167951.67,1,0.16375209391117096,0.19088906049728394,0.28362,0.24882851541042328,14.64,-4.794,0.403,94.739,1.00161
2002,168035.0,1,0.16411945223808289,0.1816844791173935,0.28544,0.2950631380081177,14.416,-4.785,0.902,94.567,1.00096
2003,168118.33,1,0.17535127699375153,0.16419221460819244,0.28818,0.2972901165485382,14.438,-4.052,1.603,94.12,0.99954
2004,168201.67,1,0.18175946176052094,0.15766705572605133,0.28937,0.27553343772888184,13.859,-2.936,2.205,93.424,0.99852
2005,168285.0,1,0.16037492454051971,0.18678054213523865,0.30591,0.22281840443611145,12.137,-2.125,2.447,92.718,0.99783
2006,168368.33,1,0.14697466790676117,0.17924630641937256,0.31026,0.15032482147216797,10.584,-1.109,2.886,91.836,0.99576
2007,168451.67,1,0.1389869600534439,0.173354372382164,0.30742,0.16474385559558868,9.736,-0.88,3.492,91.138,0.99344
2008,168535.0,1,0.14678797125816345,0.15208934247493744,0.30481,0.2285928726196289,9.175,-1.564,4.269,90.465,0.99313
2009,168618.33,1,0.16023531556129456,0.13024930655956268,0.30008,0.22210244834423065,8.907,-1.749,4.841,90.091,0.99146
2010,168701.67,1,0.15386220812797546,0.14769235253334045,0.29811,0.17166821658611298,8.652,-2.269,5.208,89.779,0.991
2011,168785.0,1,0.19950136542320251,0.19192691147327423,0.29356,0.11801126599311829,9.787,-3.207,4.029,89.726,0.99126
2012,168868.33,1,0.18953675031661987,0.19423501193523407,0.29216,0.11791308969259262,10.19,-4.027,2.873,89.61,0.99218
2013,168951.67,1,0.2062312364578247,0.20477207005023956,0.27563,0.14935989677906036,9.903,-4.916,2.121,89.881,0.99201
2014,169036.67,1,0.22942350804805756,0.2088126242160797,0.26709,0.19944298267364502,10.12,-5.233,1.395,90.225,0.9929
2015,169120.0,1,0.2947137653827667,0.22765523195266724,0.23963,0.19217954576015472,10.968,-5.432,0.458,90.79,0.99499
2016,169203.33,1,0.31589317321777344,0.25525304675102234,0.22339,0.1424793004989624,11.75,-4.769,-0.028,91.107,0.99491
2017,169286.67,1,0.2887038588523865,0.2971934974193573,0.21714,0.15585875511169434,11.595,-4.439,-0.564,91.468,0.99593
2018,169370.0,1,0.2727801501750946,0.34132444858551025,0.21268,0.2641528844833374,11.497,-4.343,-1.025,91.283,0.99579
2019,169453.33,1,0.27673935890197754,0.385194331407547,0.202,0.24054457247257233,11.71,-4.208,-1.161,91.192,0.99586
2020,169536.67,1,0.28140732645988464,0.3855361044406891,0.20069,0.22221916913986206,11.876,-4.136,-1.043,90.899,0.99545
2021,169620.0,1,0.2932377755641937,0.39349254965782166,0.1912,0.19485443830490112,11.837,-4.156,-0.954,90.814,0.99572
2022,169703.33,1,0.4555078148841858,0.486112117767334,0.12956,0.17461124062538147,12.425,-4.216,-0.453,90.689,0.99541
2023,169786.67,1,0.6007547378540039,0.5623562335968018,0.07515,0.20288467407226562,12.67,-4.286,-0.158,90.739,0.99572
2024,169870.0,1,0.625307559967041,0.5737278461456299,0.06476,0.21841521561145782,12.835,-4.478,0.002,90.646,0.99544
2025,169953.33,1,0.6787418127059937,0.6352798938751221,0.04355,0.24743416905403137,13.354,-4.78,0.046,90.679,0.99495
2026,170036.67,1,0.6361050605773926,0.5834585428237915,0.06362,0.24130548536777496,13.681,-4.794,0.152,90.599,0.99485
2027,170120.0,1,0.6572879552841187,0.6064791679382324,0.05658,0.25348782539367676,14.053,-4.788,0.104,90.582,0.995
2028,170203.33,1,0.7168205380439758,0.6655778884887695,0.03298,0.2487625628709793,14.26,-4.957,-0.198,90.591,0.99523
2029,170286.67,1,0.6663461327552795,0.6330592036247253,0.04876,0.25657668709754944,14.407,-4.797,-0.26,90.504,0.99524
2030,170371.67,1,0.6335159540176392,0.6183246374130249,0.0586,0.2627791464328766,14.414,-4.672,-0.302,90.437,0.99495
2031,170455.0,1,0.6203193664550781,0.5979219079017639,0.06543,0.26441681385040283,14.459,-4.607,-0.263,90.452,0.99532
2032,170538.33,1,0.6115392446517944,0.5769274234771729,0.07267,0.2311638742685318,14.425,-4.57,-0.204,90.499,0.99612
2033,170621.67,1,0.6200883984565735,0.5605658292770386,0.07275,0.2982550263404846,14.508,-4.554,-0.178,90.682,0.99618
2034,170705.0,1,0.6790215969085693,0.6278791427612305,0.04859,0.305582195520401,14.669,-4.643,-0.197,90.804,0.99565
2035,170788.33,1,0.669338047504425,0.5648505687713623,0.06414,0.28200963139533997,14.663,-4.593,-0.313,90.863,0.99622
2036,170871.67,1,0.5816947221755981,0.48351576924324036,0.09791,0.29391011595726013,14.451,-4.627,-0.303,90.833,0.99589
2037,170955.0,1,0.4707500636577606,0.40761497616767883,0.13881,0.2768629491329193,14.053,-4.555,-0.262,90.859,0.9957
2038,171038.33,1,0.4126948416233063,0.3660537004470825,0.16556,0.24555839598178864,13.988,-4.573,-0.296,90.822,0.9958
2039,171121.67,1,0.38153067231178284,0.35250237584114075,0.179,0.27590474486351013,13.831,-4.65,-0.227,90.747,0.99673
2040,171205.0,1,0.34527748823165894,0.33377376198768616,0.19553,0.26707637310028076,13.641,-4.661,-0.113,90.72,0.99675
2041,171288.33,1,0.34522777795791626,0.32411691546440125,0.20111,0.2615831196308136,13.564,-4.675,-0.069,90.886,0.99586
2042,171371.67,1,0.23572410643100739,0.22338370978832245,0.25489,0.2801838517189026,13.0,-4.788,-0.025,90.853,0.99608
2043,171455.0,1,0.2015494853258133,0.19449928402900696,0.27675,0.2667379677295685,12.712,-4.685,0.084,91.02,0.99527
2044,171538.33,1,0.19991834461688995,0.1938469558954239,0.28238,0.23349235951900482,12.376,-4.521,0.091,90.988,0.99516
2045,171705.0,1,0.19649790227413177,0.15724921226501465,0.28421,0.2149936705827713,12.085,-3.65,0.041,90.956,0.99576
2046,171790.0,1,0.18452252447605133,0.16603343188762665,0.28629,0.22737912833690643,12.081,-3.44,0.037,90.904,0.99588
2047,171873.33,1,0.19728994369506836,0.1798902153968811,0.2817,0.25709858536720276,12.073,-3.458,0.122,90.899,0.9964
2048,171956.67,1,0.19287900626659393,0.18125510215759277,0.28188,0.2787168622016907,11.924,-3.452,0.216,90.879,0.99675
2049,172040.0,1,0.1946311593055725,0.1849338710308075,0.28065,0.25994521379470825,11.912,-3.458,0.416,90.921,0.99592
2050,172123.33,1,0.19584332406520844,0.17829832434654236,0.27995,0.2796488404273987,12.053,-3.623,0.495,90.868,0.99659
2051,172206.67,1,0.1944900006055832,0.17983494699001312,0.27347,0.24724270403385162,12.323,-3.965,0.405,90.917,0.996
2052,172290.0,1,0.20918013155460358,0.17696408927440643,0.26524,0.16516225039958954,12.369,-4.289,0.346,90.916,0.99764
2053,172373.33,1,0.29754820466041565,0.24893437325954437,0.22428,0.17105494439601898,12.751,-4.458,0.384,90.925,0.99814
2054,172456.67,1,0.3405682444572449,0.2629169821739197,0.21415,0.17491558194160461,12.835,-4.615,0.407,90.919,0.99804
2055,172540.0,1,0.4079991281032562,0.3345540165901184,0.18365,0.18572984635829926,13.033,-4.57,0.427,90.891,0.99729
2056,172623.33,1,0.43076378107070923,0.3480514585971832,0.17577,0.18895649909973145,13.116,-4.549,0.441,90.846,0.99759
2057,172706.67,1,0.4322339594364166,0.3474465310573578,0.1739,0.19065678119659424,13.099,-4.565,0.45,90.857,0.99749
2058,172790.0,1,0.42689597606658936,0.35295185446739197,0.17249,0.22191472351551056,13.145,-4.59,0.38,90.848,0.99727
2059,172873.33,1,0.4305558204650879,0.37041398882865906,0.16522,0.22916476428508759,13.565,-4.558,0.263,90.853,0.99786
2060,172956.67,1,0.4568887948989868,0.40499991178512573,0.14766,0.24195116758346558,13.439,-4.555,0.259,90.834,0.99804
2061,173040.0,1,0.48637503385543823,0.453095018863678,0.13051,0.23653528094291687,13.361,-4.518,0.222,90.843,0.99752
2062,173125.0,1,0.46417000889778137,0.4140927791595459,0.14541,0.23271124064922333,13.34,-4.509,0.21,90.788,0.99824
2063,173208.33,1,0.45344215631484985,0.3970488905906677,0.15284,0.23407000303268433,13.369,-4.538,0.191,90.752,0.99772
2064,173291.67,1,0.43936091661453247,0.3993816077709198,0.15541,0.2280326634645462,13.26,-4.58,0.157,90.702,0.99678
2065,173375.0,1,0.4261537790298462,0.41041693091392517,0.15535,0.24485071003437042,13.108,-4.578,0.179,90.689,0.99725
2066,173458.33,1,0.41702350974082947,0.40885379910469055,0.15968,0.2527370750904083,12.983,-4.562,0.169,90.658,0.997
2067,173541.67,1,0.41697055101394653,0.4113289415836334,0.1588,0.2587954103946686,12.945,-4.532,0.147,90.678,0.99637
2068,173625.0,1,0.4191749095916748,0.41509702801704407,0.15982,0.27110904455184937,12.981,-4.474,0.133,90.679,0.99714
2069,173708.33,1,0.40962281823158264,0.42595937848091125,0.1629,0.2601924240589142,12.973,-4.43,0.09,90.655,0.99764
2070,173791.67,1,0.4862190783023834,0.49068915843963623,0.12091,0.2760867178440094,13.235,-4.403,-0.019,90.705,0.99804
2071,173875.0,1,0.6881359219551086,0.6518440246582031,0.04061,0.27236056327819824,13.335,-4.529,-0.135,90.882,0.99764
2072,173958.33,1,0.6335400342941284,0.6144417524337769,0.05654,0.27604925632476807,13.274,-4.514,-0.131,90.774,0.99773
2073,174041.67,1,0.5030925869941711,0.4649859666824341,0.11566,0.2637317180633545,13.286,-4.547,-0.048,90.906,0.99734
2074,174125.0,1,0.4259534776210785,0.35688287019729614,0.15718,0.2597297728061676,13.373,-4.606,0.025,90.838,0.99759
2075,174208.33,1,0.3704391419887543,0.28971153497695923,0.18721,0.28065213561058044,13.389,-4.655,0.082,90.85,0.99684
2076,174291.67,1,0.3649308979511261,0.29044637084007263,0.18989,0.2926501929759979,13.325,-4.655,0.132,90.804,0.99634
2077,174375.0,1,0.36343610286712646,0.29084905982017517,0.19284,0.29211610555648804,13.303,-4.703,0.154,90.84,0.99638
2078,174458.33,1,0.36179953813552856,0.2883250117301941,0.1953,0.2870936095714569,13.282,-4.719,0.194,90.8,0.99689
2079,174543.33,1,0.36233511567115784,0.2912570834159851,0.19521,0.2820327579975128,13.273,-4.772,0.207,90.84,0.99577
2080,174626.67,1,0.36249372363090515,0.30561473965644836,0.19365,0.27412790060043335,13.261,-4.805,0.197,90.838,0.9961
2081,174710.0,1,0.35919156670570374,0.323019802570343,0.19024,0.27318257093429565,13.221,-4.832,0.173,90.85,0.99487
2082,174793.33,1,0.4203958213329315,0.36649808287620544,0.16209,0.27710455656051636,13.325,-4.852,0.22,90.84,0.99599
2083,174876.67,1,0.47999143600463867,0.36462268233299255,0.14783,0.28418615460395813,13.606,-4.774,0.163,90.859,0.99692
2084,174960.0,1,0.49753865599632263,0.37651151418685913,0.13957,0.28317487239837646,13.599,-4.736,0.135,90.834,0.99645
2085,175043.33,1,0.515180230140686,0.3893299102783203,0.13188,0.27756938338279724,13.664,-4.716,0.121,90.827,0.99674
2086,175126.67,1,0.5363497734069824,0.41857728362083435,0.11913,0.2724071145057678,13.669,-4.673,0.093,90.77,0.99688
2087,175210.0,1,0.5441277623176575,0.4392135441303253,0.1133,0.2640896141529083,13.696,-4.59,0.022,90.777,0.9972
2088,175293.33,1,0.5579156875610352,0.4667625427246094,0.10433,0.2569916844367981,13.744,-4.562,-0.005,90.734,0.99742
2089,175376.67,1,0.5803605318069458,0.49019449949264526,0.09533,0.25423479080200195,13.812,-4.526,-0.001,90.766,0.99775
2090,175460.0,1,0.591560959815979,0.503463864326477,0.09181,0.26002952456474304,14.321,-4.512,-0.044,90.767,0.99829
2091,175543.33,1,0.5845725536346436,0.5142965316772461,0.09126,0.2558658719062805,14.385,-4.474,-0.059,90.749,0.99774
2092,175626.67,1,0.5896470546722412,0.5202585458755493,0.08964,0.2521899938583374,14.335,-4.446,-0.052,90.717,0.99758
2093,175710.0,1,0.5918741822242737,0.5205576419830322,0.089,0.2511212229728699,14.278,-4.422,-0.069,90.728,0.9974
2094,175793.33,1,0.6295361518859863,0.5640965700149536,0.0719,0.24310548603534698,14.251,-4.443,-0.109,90.718,0.99714
2095,175876.67,1,0.6748656034469604,0.6149073839187622,0.05053,0.2326926589012146,14.259,-4.463,-0.158,90.746,0.9977
2096,175961.67,1,0.6654742956161499,0.5753571391105652,0.06037,0.2442229986190796,14.199,-4.419,-0.223,90.699,0.99751
2097,176045.0,1,0.5956805944442749,0.5414013862609863,0.08181,0.27147069573402405,14.123,-4.332,-0.301,90.682,0.99734
2098,176128.33,1,0.5497547388076782,0.5284653902053833,0.09403,0.2873051166534424,14.075,-4.23,-0.317,90.659,0.99714
2099,176211.67,1,0.5342402458190918,0.5304010510444641,0.09698,0.28817737102508545,14.15,-4.228,-0.332,90.584,0.99804
2100,176295.0,1,0.5256198644638062,0.5215887427330017,0.0989,0.2913341820240021,14.105,-4.251,-0.274,90.531,0.99748
2101,176378.33,1,0.5287434458732605,0.48922187089920044,0.10351,0.2533939480781555,14.228,-4.337,-0.207,90.625,0.99723
2102,176461.67,1,0.5270471572875977,0.4765406847000122,0.10696,0.3145984709262848,14.387,-4.411,-0.205,90.508,0.99717
2103,176545.0,1,0.5255074501037598,0.47233107686042786,0.1099,0.3015032410621643,14.374,-4.397,-0.254,90.608,0.99626
2104,176628.33,1,0.5254939794540405,0.4711817800998688,0.11278,0.264687180519104,14.397,-4.38,-0.272,90.622,0.99682
2105,176711.67,1,0.5321990251541138,0.4718196392059326,0.11275,0.27702149748802185,14.648,-4.441,-0.236,90.646,0.99737
2106,176795.0,1,0.535550057888031,0.4686930775642395,0.11296,0.27456608414649963,14.643,-4.431,-0.189,90.614,0.99766
2107,176878.33,1,0.5380039811134338,0.45254847407341003,0.11609,0.2552897036075592,14.621,-4.424,-0.163,90.591,0.99647
2108,176961.67,1,0.5342363119125366,0.43223947286605835,0.12297,0.25130319595336914,14.592,-4.423,-0.229,90.562,0.99793
2109,177045.0,1,0.6297911405563354,0.5632144212722778,0.07371,0.2526748478412628,14.481,-4.515,-0.272,90.613,0.99777
2110,177211.67,1,0.5748288631439209,0.507994532585144,0.09317,0.23992937803268433,14.352,-4.43,-0.318,90.505,0.99742
2111,177295.0,1,0.5230770111083984,0.43135082721710205,0.11923,0.24802421033382416,14.255,-4.393,-0.342,90.501,0.99693
2112,177380.0,1,0.5165778994560242,0.42144685983657837,0.12746,0.2508358657360077,14.251,-4.319,-0.52,90.543,0.99662
2113,177463.33,1,0.6332929730415344,0.5642251968383789,0.07362,0.22416256368160248,14.223,-4.296,-0.803,90.619,0.99766
2114,177546.67,1,0.6666431427001953,0.6570361852645874,0.04519,0.19105280935764313,13.967,-4.165,-1.238,90.679,0.99855
2115,177630.0,1,0.6400504112243652,0.6578932404518127,0.04891,0.21149365603923798,13.881,-4.093,-1.301,90.635,0.99724
2116,177713.33,1,0.5610400438308716,0.5682007074356079,0.08521,0.2477627843618393,13.994,-4.115,-1.165,90.549,0.9959
2117,177796.67,1,0.5495744347572327,0.5229145288467407,0.09701,0.2862766683101654,14.347,-4.322,-0.855,90.588,0.99669
2118,177880.0,1,0.5337059497833252,0.48076489567756653,0.11101,0.520915150642395,15.257,-4.536,-0.59,90.587,0.99684
2119,177963.33,1,0.5219957828521729,0.4583670198917389,0.11752,0.531732976436615,15.377,-4.548,-0.481,90.552,0.99723
2120,178046.67,1,0.5268802642822266,0.4504876732826233,0.11767,0.4690553843975067,15.232,-4.524,-0.477,90.561,0.99734
2121,178130.0,1,0.5362658500671387,0.44665300846099854,0.1152,0.4237292408943176,15.114,-4.516,-0.46,90.624,0.99673
2122,178213.33,1,0.5466244220733643,0.4394533634185791,0.11531,0.3870224356651306,15.075,-4.492,-0.423,90.648,0.99725
2123,178296.67,1,0.5594490766525269,0.44042766094207764,0.11404,0.3314405381679535,14.966,-4.458,-0.354,90.734,0.99807
2124,178380.0,1,0.5746217966079712,0.46551862359046936,0.10796,0.31809505820274353,14.878,-4.454,-0.315,90.723,0.99693
2125,178463.33,1,0.5864572525024414,0.47255292534828186,0.10309,0.3266758918762207,14.865,-4.462,-0.303,90.785,0.99667
2126,178546.67,1,0.5937526822090149,0.48184144496917725,0.09884,0.31001758575439453,14.879,-4.422,-0.339,90.739,0.9973
2127,178630.0,1,0.6009852886199951,0.48222479224205017,0.09633,0.28917068243026733,14.88,-4.427,-0.31,90.735,0.99754
2128,178715.0,1,0.6007747650146484,0.48326772451400757,0.09516,0.2923482060432434,14.904,-4.423,-0.269,90.724,0.997
2129,178798.33,1,0.5961774587631226,0.47755303978919983,0.09717,0.28818413615226746,14.84,-4.412,-0.256,90.67,0.99717
2130,178881.67,1,0.5939542055130005,0.475664883852005,0.09791,0.2904992997646332,14.845,-4.4,-0.246,90.637,0.99832
2131,178965.0,1,0.5909937620162964,0.4734856188297272,0.09921,0.27689477801322937,14.868,-4.369,-0.273,90.743,0.99762
2132,179048.33,1,0.5884875059127808,0.472322940826416,0.10012,0.2723316550254822,14.869,-4.36,-0.278,90.669,0.99693
2133,179131.67,1,0.587873101234436,0.47236374020576477,0.0996,0.27136296033859253,14.846,-4.367,-0.277,90.735,0.99702
2134,179215.0,1,0.5866713523864746,0.4707028567790985,0.0999,0.27102020382881165,14.813,-4.365,-0.272,90.693,0.9975
2135,179298.33,1,0.5886627435684204,0.46972641348838806,0.09919,0.2665393650531769,14.831,-4.364,-0.287,90.7,0.99751
2136,179381.67,1,0.5905619263648987,0.46958401799201965,0.09857,0.2603095471858978,14.878,-4.324,-0.296,90.656,0.99662
2137,179465.0,1,0.5911276340484619,0.46950262784957886,0.09809,0.26008304953575134,14.9,-4.326,-0.304,90.672,0.99641
2138,179548.33,1,0.5908586978912354,0.4691341817378998,0.09788,0.25619977712631226,14.941,-4.311,-0.311,90.622,0.99698
2139,179631.67,1,0.5960855484008789,0.4705057740211487,0.09669,0.2558269202709198,14.943,-4.304,-0.317,90.668,0.99773
2140,179715.0,1,0.6006511449813843,0.47533875703811646,0.09467,0.24609661102294922,14.901,-4.265,-0.294,90.625,0.9979
2141,179798.33,1,0.6102102398872375,0.48591428995132446,0.09164,0.22054721415042877,14.916,-4.262,-0.308,90.681,0.99758
2142,179881.67,1,0.6266607046127319,0.49469536542892456,0.08998,0.20888344943523407,15.021,-4.256,-0.302,90.615,0.99788
2143,179965.0,1,0.6649967432022095,0.5655993223190308,0.06521,0.24929967522621155,15.058,-4.442,-0.316,90.608,0.99852
2144,180048.33,1,0.6763608455657959,0.5856793522834778,0.05572,0.23920650780200958,15.087,-4.464,-0.409,90.603,0.9991
2145,180133.33,1,0.6868534088134766,0.562638521194458,0.05338,0.26094111800193787,14.902,-4.494,-0.545,90.548,0.99841
2146,180216.67,1,0.6658769249916077,0.554458498954773,0.0619,0.25611042976379395,14.658,-4.52,-0.577,90.501,0.99787
2147,180300.0,1,0.6766823530197144,0.568458080291748,0.05719,0.24856731295585632,14.527,-4.515,-0.627,90.452,0.99591
2148,180383.33,1,0.6433207392692566,0.5565977096557617,0.06741,0.2507146894931793,14.233,-4.485,-0.629,90.358,0.99698
2149,180466.67,1,0.5312948226928711,0.44563817977905273,0.1149,0.25401628017425537,14.013,-4.453,-0.542,90.377,0.99725
2150,180550.0,1,0.4631803035736084,0.38780269026756287,0.14568,0.26277175545692444,13.903,-4.377,-0.498,90.34,0.99703
2151,180633.33,1,0.4483381509780884,0.3841617703437805,0.15521,0.2659406065940857,13.93,-4.344,-0.496,90.368,0.9973
2152,180716.67,1,0.4152005612850189,0.37075215578079224,0.16797,0.26024797558784485,13.937,-4.324,-0.475,90.35,0.99754
2153,180800.0,1,0.3936387002468109,0.36682188510894775,0.17543,0.2657542824745178,13.946,-4.348,-0.492,90.4,0.99723
2154,180883.33,1,0.367819219827652,0.35608771443367004,0.18492,0.26035836338996887,13.96,-4.34,-0.503,90.375,0.99716
2155,180966.67,1,0.35180383920669556,0.34447720646858215,0.19218,0.25932568311691284,13.93,-4.353,-0.506,90.458,0.99695
2156,181050.0,1,0.34511131048202515,0.34394198656082153,0.19439,0.25500720739364624,13.663,-4.424,-0.518,90.466,0.99747
2157,181133.33,1,0.338485449552536,0.33466020226478577,0.19832,0.25231993198394775,13.613,-4.404,-0.503,90.539,0.9971
2158,181216.67,1,0.3386281430721283,0.3336814045906067,0.19884,0.24685250222682953,13.608,-4.4,-0.52,90.531,0.99696
2159,181300.0,1,0.33472740650177,0.33124840259552,0.19978,0.24512307345867157,13.632,-4.389,-0.523,90.521,0.99795
2160,181383.33,1,0.33218687772750854,0.3285045623779297,0.20092,0.24018710851669312,13.656,-4.371,-0.521,90.489,0.99816
2161,181468.33,1,0.3309606909751892,0.32316067814826965,0.20257,0.23716580867767334,13.7,-4.317,-0.5,90.596,0.99747
2162,181551.67,1,0.3313452899456024,0.3193814754486084,0.20308,0.23823699355125427,13.726,-4.301,-0.497,90.607,0.99706
2163,181635.0,1,0.3314887583255768,0.3163086473941803,0.20372,0.23562803864479065,13.737,-4.299,-0.498,90.611,0.99629
2164,181718.33,1,0.3298766314983368,0.3140648603439331,0.20491,0.2353801280260086,13.781,-4.312,-0.516,90.574,0.99642
2165,181801.67,1,0.3310975134372711,0.3111798167228699,0.2048,0.2330971211194992,13.783,-4.316,-0.533,90.611,0.9969
2166,181885.0,1,0.32705727219581604,0.3041849136352539,0.20712,0.23211689293384552,13.77,-4.332,-0.532,90.583,0.99636
2167,181968.33,1,0.32306864857673645,0.2948984205722809,0.20972,0.22939354181289673,13.792,-4.305,-0.539,90.564,0.9966
2168,182051.67,1,0.3253331184387207,0.290713369846344,0.20999,0.2291312962770462,13.922,-4.249,-0.519,90.568,0.99726
2169,182135.0,1,0.3293445408344269,0.28819262981414795,0.20959,0.23178113996982574,13.915,-4.194,-0.486,90.578,0.99709
2170,182218.33,1,0.33106037974357605,0.2861649990081787,0.20987,0.22885732352733612,13.921,-4.178,-0.472,90.522,0.99695
2171,182301.67,1,0.33529046177864075,0.28084367513656616,0.21024,0.24058161675930023,13.931,-4.18,-0.453,90.583,0.99715
2172,182385.0,1,0.3416650593280792,0.274978905916214,0.20996,0.24815918505191803,13.951,-4.177,-0.445,90.555,0.99771
2173,182468.33,1,0.34030190110206604,0.2719832956790924,0.21068,0.25318634510040283,13.959,-4.177,-0.454,90.611,0.99785
2174,182551.67,1,0.34224629402160645,0.26815077662467957,0.2105,0.25566089153289795,13.919,-4.159,-0.469,90.573,0.99731
2175,182635.0,1,0.3699831962585449,0.304970383644104,0.20102,0.28363507986068726,13.833,-4.222,-0.51,90.594,0.99716
2176,182718.33,1,0.3195226192474365,0.2657698392868042,0.22344,0.2897912859916687,13.593,-4.247,-0.53,90.53,0.99636
2177,182801.67,1,0.278807133436203,0.24509744346141815,0.23911,0.29896488785743713,13.494,-4.286,-0.538,90.562,0.99602
2178,182886.67,1,0.24704740941524506,0.2278330773115158,0.25217,0.3072877526283264,13.391,-4.316,-0.539,90.498,0.99638
2179,182970.0,1,0.2289239764213562,0.21519804000854492,0.26534,0.3260343670845032,13.124,-4.301,-0.461,90.489,0.99606
2180,183053.33,1,0.21960391104221344,0.20067249238491058,0.27308,0.34810498356819153,12.948,-4.4,-0.434,90.439,0.99526
2181,183136.67,1,0.2171618938446045,0.20057012140750885,0.27267,0.373579204082489,12.949,-4.394,-0.574,90.492,0.99597
2182,183220.0,1,0.2118166983127594,0.19958728551864624,0.27022,0.35973691940307617,12.916,-4.343,-0.698,90.454,0.99565
2183,183303.33,1,0.1989383101463318,0.1815531700849533,0.27636,0.33814162015914917,12.774,-4.176,-0.728,90.43,0.99535
2184,183386.67,1,0.19465458393096924,0.1794511079788208,0.28014,0.3294748067855835,12.77,-3.992,-0.757,90.395,0.99541
2185,183470.0,1,0.19800253212451935,0.18093135952949524,0.27881,0.3382493257522583,12.72,-3.893,-0.775,90.387,0.99625
2186,183553.33,1,0.19882410764694214,0.18001823127269745,0.27946,0.33566445112228394,12.698,-3.777,-0.72,90.355,0.99638
2187,183636.67,1,0.20126816630363464,0.19450727105140686,0.27414,0.34224170446395874,12.645,-3.619,-0.669,90.351,0.99621
2188,183720.0,1,0.2047533392906189,0.17958498001098633,0.27704,0.3497945964336395,12.544,-3.59,-0.565,90.386,0.99589
2189,183803.33,1,0.189296156167984,0.16504372656345367,0.28629,0.36813417077064514,12.32,-3.695,-0.498,90.331,0.9955
2190,183886.67,1,0.1802075356245041,0.15926243364810944,0.29058,0.4147193133831024,12.15,-3.682,-0.382,90.293,0.99559
2191,183970.0,1,0.1685444414615631,0.14945602416992188,0.29456,0.41608887910842896,12.128,-3.639,-0.216,90.331,0.99491
2192,184053.33,1,0.15821924805641174,0.14581343531608582,0.30021,0.4510881006717682,12.21,-3.688,0.075,90.119,0.9943
2193,184136.67,1,0.1478937715291977,0.13719263672828674,0.30339,0.46022820472717285,12.2,-3.587,0.512,90.181,0.99478
2194,184220.0,1,0.15228350460529327,0.13051477074623108,0.30374,0.4467998147010803,12.183,-3.431,0.878,90.089,0.99536
2195,184305.0,1,0.14879769086837769,0.12149904668331146,0.3044,0.4576073884963989,12.105,-3.212,1.2,90.052,0.99545
2196,184388.33,1,0.14880415797233582,0.1163530945777893,0.30621,0.44089213013648987,12.012,-3.112,1.549,90.005,0.99572
2197,184471.67,1,0.13640303909778595,0.10200971364974976,0.30694,0.43539300560951233,12.033,-3.134,1.698,90.0,0.99442
2198,184555.0,1,0.14040839672088623,0.10787586122751236,0.30613,0.41937491297721863,11.997,-3.131,1.877,89.975,0.99508
2199,184638.33,1,0.16837692260742188,0.14408765733242035,0.28653,0.4553360342979431,11.897,-3.293,1.94,90.104,0.99575
2200,184721.67,1,0.6301596164703369,0.5505176782608032,0.0826,0.6096805334091187,13.542,-3.471,1.884,90.35,0.99694
2201,184805.0,1,0.6130219101905823,0.5451947450637817,0.0765,0.6171887516975403,13.461,-3.641,2.056,90.446,0.996
2202,184888.33,1,0.5778757929801941,0.4991241693496704,0.09131,0.6099965572357178,13.252,-3.786,2.153,90.42,0.99556
2203,184971.67,1,0.5681066513061523,0.4984922409057617,0.09233,0.5926275253295898,13.075,-3.829,2.08,90.504,0.9962
2204,185055.0,1,0.7205130457878113,0.6470648050308228,0.03651,0.5627621412277222,12.559,-3.609,1.641,90.628,0.99712
2205,185138.33,1,0.673393726348877,0.5943267345428467,0.05096,0.521000325679779,12.134,-3.796,1.353,90.719,0.99679
2206,185221.67,1,0.6227924823760986,0.5837516784667969,0.0694,0.4270345866680145,12.06,-4.017,1.117,90.605,0.99627
2207,185305.0,1,0.5744255781173706,0.5723347663879395,0.08582,0.40194782614707947,11.836,-4.239,0.935,90.613,0.99573
2208,185388.33,1,0.5553672909736633,0.5607246160507202,0.091,0.4013369083404541,11.581,-4.392,0.914,90.602,0.99487
2209,185471.67,1,0.5470373630523682,0.5481915473937988,0.09509,0.4130891263484955,11.812,-4.54,0.864,90.614,0.99541
2210,185555.0,1,0.5600171685218811,0.5344139933586121,0.0954,0.4378722012042999,12.768,-4.7,0.824,90.573,0.99578
2211,185638.33,1,0.5684288740158081,0.5229910612106323,0.09625,0.43265777826309204,13.209,-4.865,0.715,90.605,0.99612
2212,185723.33,1,0.5719034671783447,0.4994581937789917,0.09989,0.41951727867126465,13.365,-4.94,0.645,90.583,0.99581
2213,185806.67,1,0.5865045785903931,0.48329704999923706,0.09939,0.42168930172920227,13.634,-4.954,0.654,90.617,0.99509
2214,185890.0,1,0.5922147035598755,0.4956614673137665,0.09496,0.41019999980926514,13.84,-4.908,0.7,90.587,0.99558
2215,185973.33,1,0.604656994342804,0.5106828212738037,0.08832,0.39442598819732666,13.959,-4.939,0.729,90.537,0.99576
2216,186056.67,1,0.6112338304519653,0.516749382019043,0.0858,0.354400634765625,14.205,-4.975,0.684,90.513,0.99578
2217,186140.0,1,0.6189091205596924,0.5175652503967285,0.08281,0.3191779553890228,14.328,-4.835,0.655,90.588,0.99604
2218,186223.33,1,0.6679956912994385,0.5703263282775879,0.06989,0.27902698516845703,14.868,-5.228,0.461,90.765,0.99663
2219,186306.67,1,0.6348870992660522,0.539853572845459,0.08228,0.3669682741165161,15.234,-5.377,0.183,90.806,0.99652
2220,186390.0,1,0.5803250074386597,0.4591372013092041,0.11622,0.3721992075443268,14.975,-5.604,0.074,90.733,0.99687
2221,186473.33,1,0.5629678964614868,0.43061116337776184,0.12247,0.366400808095932,14.981,-5.689,-0.331,90.927,0.99684
2222,186556.67,1,0.5530703067779541,0.41740551590919495,0.12287,0.32755017280578613,14.993,-5.812,-0.477,90.94,0.99752
2223,186640.0,1,0.5470714569091797,0.3600068986415863,0.13578,0.31161007285118103,15.069,-5.963,-1.126,91.357,0.99731
2224,186723.33,1,0.5504905581474304,0.38585492968559265,0.12807,0.321498304605484,15.119,-6.029,-1.834,91.566,0.99749
2225,186806.67,1,0.5674009919166565,0.45818981528282166,0.09849,0.28337520360946655,15.24,-5.899,-2.239,91.808,0.99842
2226,186890.0,1,0.6464811563491821,0.5651935338973999,0.06494,0.2199452519416809,15.747,-5.778,-2.493,91.691,0.99881
2227,186973.33,1,0.6386475563049316,0.5699947476387024,0.06421,0.17741946876049042,16.057,-5.727,-2.382,91.647,1.00012
2228,187058.33,1,0.6433961391448975,0.6577826142311096,0.05015,0.2331385612487793,16.625,-5.781,-2.24,91.473,1.00015
2229,187141.67,1,0.6253707408905029,0.6245921850204468,0.05871,0.22969311475753784,16.736,-5.876,-2.3,91.368,0.99927
2230,187225.0,1,0.5805460810661316,0.589138925075531,0.07978,0.21864210069179535,16.785,-5.837,-2.363,91.249,0.99927
2231,187308.33,1,0.5398476123809814,0.5362777709960938,0.10261,0.18874403834342957,16.93,-5.783,-2.319,91.149,0.99954
2232,187391.67,1,0.5147572159767151,0.49067652225494385,0.11742,0.21244338154792786,16.965,-5.713,-2.185,91.049,1.00007
2233,187475.0,1,0.5046273469924927,0.4611806869506836,0.12401,0.23017176985740662,16.809,-5.783,-1.909,90.979,0.99974
2234,187558.33,1,0.50178462266922,0.46549105644226074,0.12232,0.24462659657001495,16.808,-5.805,-1.846,90.892,0.99997
2235,187641.67,1,0.5093119144439697,0.47719064354896545,0.11731,0.25834402441978455,16.764,-5.854,-1.822,90.856,0.9999
2236,187725.0,1,0.49599361419677734,0.46565622091293335,0.12349,0.26921218633651733,16.571,-5.915,-1.889,91.035,0.99991
2237,187808.33,1,0.4973018169403076,0.46693897247314453,0.12288,0.251762717962265,16.474,-5.81,-1.968,91.203,1.00022
2238,187891.67,1,0.5018484592437744,0.4594574272632599,0.1251,0.1838761270046234,16.032,-5.748,-1.895,91.078,1.00079
2239,187975.0,1,0.4833139181137085,0.4653927683830261,0.13194,0.14687365293502808,14.925,-5.81,-1.56,91.144,0.99976
2240,188058.33,1,0.2769312858581543,0.2872920334339142,0.24247,0.22500145435333252,13.235,-5.73,-1.102,91.176,0.99847
2241,188141.67,1,0.2253808230161667,0.2274618148803711,0.26471,0.2417738437652588,12.482,-5.64,-0.753,91.177,0.99738
2242,188225.0,1,0.2111651450395584,0.21986506879329681,0.26921,0.22032524645328522,12.47,-5.524,-0.604,91.22,0.99709
2243,188308.33,1,0.23302771151065826,0.2243092805147171,0.26143,0.2084917277097702,12.529,-5.599,-0.532,91.234,0.9974
2244,188391.67,1,0.24699141085147858,0.23426775634288788,0.25765,0.20008234679698944,12.309,-5.637,-0.453,91.229,0.99779
2245,188476.67,1,0.25338906049728394,0.2407616227865219,0.25427,0.20334336161613464,12.444,-5.663,-0.407,91.33,0.99718
2246,188560.0,1,0.25411540269851685,0.2423606812953949,0.25272,0.22511516511440277,12.523,-5.685,-0.475,91.32,0.99717
2247,188643.33,1,0.19256700575351715,0.18472030758857727,0.27919,0.23272329568862915,12.423,-5.783,-0.45,91.358,0.99668
2248,188726.67,1,0.1716761291027069,0.15969140827655792,0.29195,0.21915651857852936,12.22,-5.813,-0.45,91.334,0.99696
2249,188810.0,1,0.16136646270751953,0.1552809178829193,0.29378,0.22670578956604004,12.276,-5.805,-0.435,91.195,0.99748
2250,188893.33,1,0.15815244615077972,0.1332276165485382,0.30258,0.2615968585014343,12.104,-5.793,-0.376,91.296,0.9961
2251,188976.67,1,0.16128651797771454,0.12765099108219147,0.30481,0.2629762887954712,12.021,-5.526,-0.703,91.567,0.99542
2252,189060.0,1,0.15540027618408203,0.13597652316093445,0.30625,0.1825130581855774,12.042,-5.167,-0.849,91.861,0.99418
2253,189143.33,1,0.13372230529785156,0.1307966709136963,0.30894,0.10327441245317459,11.711,-4.713,-1.583,92.524,0.99447
2254,189226.67,1,0.17878101766109467,0.1565047651529312,0.28693,0.10621756315231323,10.291,-3.838,-2.205,93.294,0.99239
2255,189310.0,1,0.14536356925964355,0.13507407903671265,0.30054,0.14449642598628998,9.346,-3.432,-2.601,93.867,0.99136
2256,189393.33,1,0.13878455758094788,0.12721818685531616,0.3124,0.1558990180492401,9.253,-3.051,-3.197,93.846,0.99078
2257,189476.67,1,0.12362588196992874,0.12097299098968506,0.3157,0.23909948766231537,9.345,-2.876,-3.066,93.632,0.99269
2258,189560.0,1,0.11450688540935516,0.10820440202951431,0.33114,0.2710871994495392,9.676,-2.786,-2.736,93.279,0.99218
2259,189643.33,1,0.12335816025733948,0.15699030458927155,0.30926,0.15505634248256683,10.555,-2.811,-2.256,93.213,0.99218
2260,189726.67,1,0.14338207244873047,0.1788099855184555,0.29773,0.22008873522281647,11.294,-2.943,-1.841,92.808,0.99306
2261,189811.67,1,0.17523065209388733,0.2032928168773651,0.28766,0.20615452527999878,12.81,-2.725,-1.548,92.647,0.99314
2262,189895.0,1,0.16090422868728638,0.17876644432544708,0.28632,0.17665213346481323,13.426,-2.599,-1.423,92.642,0.99264
2263,189978.33,1,0.15906134247779846,0.19978930056095123,0.28466,0.15514397621154785,13.357,-2.759,-1.348,93.133,0.99363
2264,190061.67,1,0.1789071261882782,0.20597001910209656,0.28039,0.13148115575313568,13.348,-2.862,-1.391,93.515,0.99352
2265,190145.0,1,0.1515268087387085,0.18010017275810242,0.29825,0.135212704539299,12.687,-3.248,-1.228,93.973,0.99258
2266,190228.33,1,0.15082375705242157,0.15760675072669983,0.30185,0.18077556788921356,11.651,-3.66,-1.073,93.969,0.99336
2267,190311.67,1,0.15160267055034637,0.15403428673744202,0.30014,0.21716217696666718,11.497,-3.643,-0.856,94.147,0.99323
2268,190395.0,1,0.15935422480106354,0.16207963228225708,0.29977,0.26064425706863403,11.496,-3.53,-0.608,94.043,0.99346
2269,190478.33,1,0.25346213579177856,0.269722044467926,0.23134,0.2201918363571167,11.836,-3.647,-0.133,94.003,0.99381
2270,190561.67,1,0.31582000851631165,0.3086152672767639,0.20639,0.18149271607398987,11.966,-3.793,0.119,93.691,0.9941
2271,190645.0,1,0.2867140471935272,0.26294708251953125,0.22362,0.16914929449558258,12.282,-4.002,0.118,93.697,0.99366
2272,190728.33,1,0.24391163885593414,0.21897463500499725,0.24337,0.14375554025173187,12.285,-4.1,0.122,93.452,0.9939
2273,190811.67,1,0.23429808020591736,0.226257786154747,0.24777,0.14709004759788513,12.171,-4.286,0.167,93.304,0.99386
2274,190895.0,1,0.2362726777791977,0.23085355758666992,0.25011,0.15865059196949005,11.976,-4.453,0.0,93.207,0.99378
2275,190978.33,1,0.19739024341106415,0.2099766582250595,0.26954,0.148664191365242,11.402,-4.71,-0.095,93.168,0.99392
2276,191061.67,1,0.17896319925785065,0.176466703414917,0.28472,0.1629120260477066,11.171,-4.914,-0.102,93.135,0.99384
2277,191145.0,1,0.17839810252189636,0.17273664474487305,0.28826,0.17047254741191864,11.255,-4.955,0.006,93.133,0.99279
2278,191230.0,1,0.1841164231300354,0.164507195353508,0.28621,0.19052231311798096,11.266,-4.98,0.083,93.1,0.99203
2279,191313.33,1,0.18676233291625977,0.16009236872196198,0.28755,0.20059506595134735,11.432,-4.787,0.153,93.038,0.99327
2280,191396.67,1,0.18339252471923828,0.1573394536972046,0.28836,0.2007521539926529,11.356,-4.7,0.126,92.943,0.99436
2281,191480.0,1,0.18076646327972412,0.1519474983215332,0.29058,0.18453258275985718,11.245,-4.588,0.037,93.049,0.99386
2282,191563.33,1,0.18217135965824127,0.1562495082616806,0.29049,0.1917300820350647,11.175,-4.457,0.009,92.942,0.99385
2283,191646.67,1,0.18317006528377533,0.15728695690631866,0.28941,0.1974288374185562,11.209,-4.398,-0.014,92.987,0.99389
2284,191730.0,1,0.1823698878288269,0.15867961943149567,0.29038,0.20318706333637238,11.204,-4.304,-0.059,92.969,0.99391
2285,191813.33,1,0.1881507933139801,0.16390296816825867,0.28897,0.2047082930803299,11.263,-4.198,-0.042,92.979,0.99297
2286,191896.67,1,0.19256766140460968,0.17161372303962708,0.2837,0.2012893706560135,11.32,-4.206,-0.083,93.002,0.99347
2287,191980.0,1,0.18612810969352722,0.17261570692062378,0.28129,0.1816227287054062,11.271,-4.447,-0.101,93.031,0.99392
2288,192063.33,1,0.18328392505645752,0.17580382525920868,0.27908,0.17394450306892395,11.285,-4.562,-0.01,93.005,0.99363
2289,192146.67,1,0.19864973425865173,0.22452297806739807,0.2626,0.17341548204421997,11.396,-4.976,0.014,93.172,0.99393
2290,192230.0,1,0.2111106812953949,0.23365585505962372,0.25499,0.1688004583120346,11.173,-5.517,-0.079,93.149,0.9937
2291,192313.33,1,0.21817195415496826,0.23455649614334106,0.25265,0.1469094157218933,11.036,-5.872,0.03,93.326,0.99306
2292,192396.67,1,0.21216817200183868,0.23377998173236847,0.25529,0.15228509902954102,10.794,-6.24,0.073,93.179,0.99284
2293,192480.0,1,0.2061447948217392,0.22400538623332977,0.25654,0.15196332335472107,10.926,-6.339,0.132,93.268,0.99287
2294,192563.33,1,0.20157502591609955,0.22043775022029877,0.26003,0.14867471158504486,10.934,-6.499,0.096,93.189,0.99362
2295,192648.33,1,0.19719238579273224,0.21603162586688995,0.26407,0.14716310799121857,10.848,-6.644,0.033,93.195,0.99351
2296,192731.67,1,0.1829255223274231,0.19790413975715637,0.27084,0.14957046508789062,10.713,-6.703,-0.045,93.173,0.99301
2297,192815.0,1,0.17541064321994781,0.17383722960948944,0.275,0.13782016932964325,10.849,-6.738,-0.058,93.202,0.99198
2298,192898.33,1,0.1789904087781906,0.16999207437038422,0.2762,0.12863986194133759,10.902,-6.436,-0.308,93.186,0.99239
2299,192981.67,1,0.18302325904369354,0.16120989620685577,0.28074,0.14719678461551666,11.018,-5.629,-0.366,93.181,0.993
2300,193065.0,1,0.1668851673603058,0.16134825348854065,0.28455,0.1857086569070816,11.371,-5.011,-0.594,93.118,0.99262
2301,193148.33,1,0.15912219882011414,0.1578763723373413,0.28901,0.28235265612602234,11.428,-4.369,-0.68,93.114,0.99239
2302,193231.67,1,0.1614290177822113,0.1736382693052292,0.28901,0.3050823211669922,11.56,-4.027,-0.916,93.072,0.99295
2303,193315.0,1,0.16346481442451477,0.17709669470787048,0.29034,0.26726585626602173,11.891,-3.48,-0.804,93.009,0.99365
2304,193398.33,1,0.18998561799526215,0.1857026219367981,0.28548,0.3016771972179413,12.036,-3.087,-0.619,92.958,0.99344
2305,193481.67,1,0.20028571784496307,0.1945120096206665,0.28168,0.29941102862358093,11.963,-3.077,-0.687,92.912,0.99317
2306,193565.0,1,0.19574078917503357,0.1923026293516159,0.28146,0.29269662499427795,11.943,-3.023,-0.645,92.874,0.99366
2307,193648.33,1,0.19908836483955383,0.19138258695602417,0.28098,0.2943989634513855,11.95,-3.046,-0.65,92.848,0.9931
2308,193731.67,1,0.20260722935199738,0.18451933562755585,0.28163,0.2842264175415039,11.959,-3.07,-0.548,92.769,0.9939
2309,193815.0,1,0.20555894076824188,0.1737186759710312,0.28343,0.28157031536102295,12.063,-3.104,-0.416,92.691,0.99304
2310,193898.33,1,0.2426155060529709,0.23463694751262665,0.25613,0.26505106687545776,12.006,-3.168,-0.287,92.666,0.99368
2311,193981.67,1,0.5873945951461792,0.4924717843532562,0.10379,0.22678695619106293,12.437,-3.266,-0.282,92.841,0.99439
2312,194066.67,1,0.7189430594444275,0.6271728873252869,0.03104,0.2041841447353363,12.657,-3.578,-0.258,92.811,0.99426
2313,194150.0,1,0.6624504327774048,0.5713989734649658,0.05334,0.19320730865001678,12.73,-3.689,-0.234,92.802,0.99463
2314,194233.33,1,0.6012614965438843,0.5134871006011963,0.07986,0.18946345150470734,12.766,-3.771,-0.25,92.671,0.99383
2315,194316.67,1,0.5265617966651917,0.4512030780315399,0.1103,0.18231713771820068,12.786,-3.803,-0.21,92.725,0.9943
2316,194400.0,1,0.4604431986808777,0.4079211354255676,0.13262,0.18934056162834167,12.759,-3.877,-0.167,92.675,0.99496
2317,194483.33,1,0.4349215626716614,0.35727548599243164,0.15184,0.20192579925060272,12.736,-3.905,-0.133,92.68,0.99376
2318,194566.67,1,0.42851653695106506,0.3729524314403534,0.15303,0.21645960211753845,12.628,-3.993,-0.154,92.644,0.99474
2319,194650.0,1,0.28455767035484314,0.29431745409965515,0.21534,0.23043324053287506,12.355,-4.218,-0.118,92.604,0.99303
2320,194733.33,1,0.25774550437927246,0.25824159383773804,0.23465,0.2360030859708786,12.29,-4.387,-0.162,92.562,0.99319
2321,194816.67,1,0.24616986513137817,0.24643771350383759,0.24322,0.2342718243598938,12.176,-4.438,-0.15,92.577,0.99353
2322,194900.0,1,0.24091294407844543,0.2352636605501175,0.24839,0.2343374490737915,12.089,-4.535,-0.167,92.584,0.99353
2323,194983.33,1,0.2286870777606964,0.22113656997680664,0.25556,0.23367461562156677,12.064,-4.562,-0.176,92.6,0.99397
2324,195066.67,1,0.2222631871700287,0.2084246277809143,0.26117,0.23815661668777466,12.072,-4.596,-0.191,92.578,0.99447
2325,195150.0,1,0.22086456418037415,0.2070149928331375,0.26381,0.23446603119373322,12.104,-4.636,-0.205,92.605,0.99319
2326,195233.33,1,0.22247099876403809,0.2096697986125946,0.26395,0.2334553450345993,12.104,-4.654,-0.221,92.548,0.99331
2327,195316.67,1,0.22547338902950287,0.2162199169397354,0.26374,0.2247500717639923,12.106,-4.66,-0.247,92.588,0.99291
2328,195401.67,1,0.22562560439109802,0.2100088894367218,0.26632,0.22448627650737762,12.111,-4.657,-0.29,92.566,0.99455
2329,195485.0,1,0.22479473054409027,0.21032381057739258,0.26607,0.216051384806633,12.145,-4.702,-0.28,92.606,0.99444
2330,195568.33,1,0.2230808436870575,0.20948998630046844,0.26623,0.22214001417160034,12.078,-4.757,-0.264,92.537,0.99446
2331,195651.67,1,0.22875480353832245,0.21079538762569427,0.26363,0.2318260669708252,12.106,-4.765,-0.22,92.55,0.99395
2332,195735.0,1,0.24019064009189606,0.21675801277160645,0.25979,0.24131056666374207,12.203,-4.686,-0.169,92.525,0.99326
2333,195818.33,1,0.24292458593845367,0.22102904319763184,0.25853,0.24334029853343964,12.179,-4.699,-0.157,92.576,0.99357
2334,195901.67,1,0.24215079843997955,0.22084134817123413,0.25905,0.24992799758911133,12.208,-4.758,-0.163,92.532,0.99393
2335,195985.0,1,0.2421555519104004,0.22157691419124603,0.25945,0.24475567042827606,12.216,-4.76,-0.163,92.591,0.99392
2336,196068.33,1,0.24149826169013977,0.22059759497642517,0.26012,0.24008874595165253,12.18,-4.79,-0.155,92.538,0.99374
2337,196151.67,1,0.24179235100746155,0.22168022394180298,0.26052,0.23818592727184296,12.16,-4.85,-0.165,92.559,0.99311
2338,196235.0,1,0.22940632700920105,0.2155005782842636,0.26211,0.25008371472358704,12.247,-4.888,-0.214,92.562,0.99407
2339,196318.33,1,0.22961124777793884,0.20963835716247559,0.26137,0.253324031829834,12.236,-4.893,-0.224,92.485,0.9938
2340,196401.67,1,0.233449786901474,0.20993772149085999,0.26033,0.24458160996437073,12.241,-4.894,-0.202,92.49,0.99456
2341,196485.0,1,0.23841172456741333,0.2094472348690033,0.2595,0.24273373186588287,12.166,-4.879,-0.188,92.599,0.99426
2342,196568.33,1,0.2480863481760025,0.21998317539691925,0.25535,0.24821467697620392,12.194,-4.888,-0.228,92.534,0.99474
2343,196651.67,1,0.2478792816400528,0.2236902117729187,0.25424,0.24209879338741302,12.177,-4.895,-0.227,92.641,0.99414
2344,196735.0,1,0.24702319502830505,0.2211729884147644,0.2546,0.23722541332244873,12.171,-4.905,-0.208,92.578,0.99446
2345,196820.0,1,0.2484396994113922,0.22062212228775024,0.25506,0.2412332147359848,12.151,-4.936,-0.196,92.56,0.99357
2346,196903.33,1,0.24922475218772888,0.22480174899101257,0.25404,0.24196696281433105,12.173,-4.942,-0.21,92.57,0.99341
2347,196986.67,1,0.24797223508358002,0.22611220180988312,0.25442,0.24493637681007385,12.173,-4.971,-0.24,92.576,0.99307
2348,197070.0,1,0.24939171969890594,0.23383595049381256,0.25448,0.2303103804588318,12.117,-5.046,-0.303,92.553,0.99274
2349,197153.33,1,0.2453315705060959,0.23038093745708466,0.25644,0.23389814794063568,12.176,-5.064,-0.329,92.539,0.9938
2350,197236.67,1,0.24213968217372894,0.23328763246536255,0.25676,0.23465408384799957,12.258,-5.083,-0.382,92.506,0.99477
2351,197320.0,1,0.2387729287147522,0.2391885668039322,0.25739,0.22086024284362793,12.139,-5.076,-0.445,92.512,0.99357
2352,197403.33,1,0.23228353261947632,0.23797310888767242,0.25895,0.21924269199371338,12.119,-5.075,-0.451,92.469,0.99391
2353,197486.67,1,0.23051181435585022,0.23838025331497192,0.25941,0.22325105965137482,12.143,-5.055,-0.457,92.487,0.99373
2354,197570.0,1,0.22893966734409332,0.2382371872663498,0.25971,0.2217748910188675,12.147,-5.053,-0.465,92.444,0.99353
2355,197653.33,1,0.228528693318367,0.23734508454799652,0.25964,0.21970206499099731,12.151,-5.036,-0.483,92.439,0.9929
2356,197736.67,1,0.22804878652095795,0.23431742191314697,0.25966,0.2190719097852707,12.151,-5.036,-0.508,92.4,0.99363
2357,197820.0,1,0.22076208889484406,0.22780802845954895,0.26321,0.20688632130622864,12.186,-4.99,-0.557,92.39,0.99344
2358,197903.33,1,0.21985049545764923,0.22503133118152618,0.26365,0.19840694963932037,12.138,-4.955,-0.529,92.338,0.99439
2359,197986.67,1,0.21442100405693054,0.21249522268772125,0.26406,0.19223470985889435,12.23,-4.916,-0.533,92.347,0.99377
2360,198070.0,1,0.22607919573783875,0.21645884215831757,0.26115,0.18700926005840302,12.234,-4.878,-0.516,92.288,0.99288
2361,198155.0,1,0.23028497397899628,0.21854114532470703,0.25946,0.19302305579185486,12.164,-4.884,-0.455,92.295,0.99292
2362,198238.33,1,0.23035605251789093,0.21889019012451172,0.25957,0.19523334503173828,12.125,-4.913,-0.443,92.228,0.99349
2363,198321.67,1,0.2264460027217865,0.2154747098684311,0.25894,0.20809446275234222,12.203,-4.893,-0.437,92.252,0.99297
2364,198405.0,1,0.22992798686027527,0.21745960414409637,0.25915,0.19651560485363007,12.188,-4.886,-0.458,92.204,0.99399
2365,198488.33,1,0.23843896389007568,0.22815194725990295,0.25519,0.1936451643705368,12.225,-4.837,-0.441,92.269,0.99314
2366,198571.67,1,0.2398880422115326,0.2279289960861206,0.25523,0.18769875168800354,12.272,-4.815,-0.459,92.22,0.99375
2367,198655.0,1,0.23819929361343384,0.22713537514209747,0.2553,0.18308459222316742,12.301,-4.782,-0.467,92.235,0.99341
2368,198738.33,1,0.2438543289899826,0.23396459221839905,0.25381,0.16836418211460114,12.255,-4.793,-0.462,92.209,0.99284
2369,198821.67,1,0.24307487905025482,0.2311779260635376,0.25457,0.18198402225971222,12.336,-4.875,-0.502,92.183,0.9935
2370,198905.0,1,0.24072401225566864,0.23426103591918945,0.25495,0.18082116544246674,12.282,-4.947,-0.498,92.158,0.99354
2371,198988.33,1,0.23334455490112305,0.2281615287065506,0.25805,0.1821911484003067,12.28,-4.943,-0.482,92.269,0.99281
2372,199071.67,1,0.2329365760087967,0.22978602349758148,0.25825,0.17793622612953186,12.29,-4.94,-0.486,92.203,0.99269
2373,199155.0,1,0.23560990393161774,0.23806250095367432,0.25708,0.17218825221061707,12.259,-4.921,-0.496,92.324,0.99208
2374,199238.33,1,0.23315255343914032,0.2327435314655304,0.25788,0.17437247931957245,12.253,-4.896,-0.511,92.264,0.99285
2375,199321.67,1,0.23670504987239838,0.23918898403644562,0.25534,0.17496593296527863,12.19,-4.901,-0.508,92.293,0.99251
2376,199405.0,1,0.23815485835075378,0.2386689931154251,0.25438,0.1737908571958542,12.06,-4.939,-0.564,92.305,0.99317
2377,199488.33,1,0.2474910467863083,0.2597358524799347,0.24788,0.1722375452518463,12.109,-4.89,-0.6,92.297,0.99333
2378,199573.33,1,0.2539685070514679,0.26781100034713745,0.24806,0.18131788074970245,12.124,-4.904,-0.651,92.265,0.99229
2379,199656.67,1,0.24346062541007996,0.2593921422958374,0.25148,0.18528927862644196,11.994,-4.966,-0.671,92.217,0.99219
2380,199740.0,1,0.23015233874320984,0.23979546129703522,0.25835,0.1717524230480194,11.92,-4.958,-0.703,92.175,0.99249
2381,199823.33,1,0.21183374524116516,0.2252764105796814,0.26258,0.1692115217447281,12.032,-4.895,-0.747,92.311,0.99357
2382,199906.67,1,0.18245986104011536,0.2105618417263031,0.27681,0.13546015322208405,11.9,-5.067,-0.564,92.468,0.9932
2383,199990.0,1,0.1825433075428009,0.19173744320869446,0.28195,0.15804824233055115,11.899,-5.163,-0.536,92.618,0.9941
2384,200073.33,1,0.17879343032836914,0.1823536455631256,0.28532,0.20629706978797913,12.037,-5.32,-0.497,92.642,0.9929
2385,200156.67,1,0.16889792680740356,0.17509004473686218,0.28682,0.20493143796920776,12.184,-5.533,-0.482,92.681,0.99358
2386,200240.0,1,0.2105027288198471,0.20709456503391266,0.26378,0.1830926537513733,12.47,-5.551,-0.465,92.67,0.99418
2387,200323.33,1,0.26499179005622864,0.2532452642917633,0.23819,0.163125678896904,12.617,-5.378,-0.523,92.685,0.99413
2388,200406.67,1,0.2970271408557892,0.31231504678726196,0.22081,0.17652004957199097,12.661,-5.267,-0.839,92.761,0.99476
2389,200490.0,1,0.47210195660591125,0.44346314668655396,0.13893,0.22162571549415588,13.207,-5.181,-0.905,92.687,0.99494
2390,200573.33,1,0.6386394500732422,0.609471321105957,0.05915,0.21172884106636047,13.334,-5.136,-0.822,92.673,0.99508
2391,200656.67,1,0.5826231241226196,0.5524924993515015,0.08003,0.2039514034986496,13.732,-5.229,-0.893,92.668,0.99514
2392,200740.0,1,0.5471912026405334,0.528173565864563,0.09256,0.20027890801429749,13.718,-5.261,-0.893,92.592,0.99494
2393,200823.33,1,0.533257782459259,0.5225441455841064,0.09472,0.2033143788576126,13.732,-5.326,-0.916,92.62,0.99508
2394,200906.67,1,0.6576294898986816,0.6328529715538025,0.04265,0.200301855802536,13.704,-5.423,-0.991,92.612,0.99496
2395,200991.67,1,0.6590332984924316,0.6396186351776123,0.04021,0.21294793486595154,13.574,-5.5,-1.134,92.577,0.99489
2396,201075.0,1,0.6514722108840942,0.651362955570221,0.03773,0.24763061106204987,13.537,-5.587,-1.265,92.608,0.99606
2397,201158.33,1,0.6514556407928467,0.6579740047454834,0.03793,0.23679688572883606,13.676,-5.783,-1.361,92.554,0.99477
2398,201241.67,1,0.5740174055099487,0.6022863388061523,0.06421,0.25137826800346375,13.704,-5.8,-1.253,92.447,0.99529
2399,201325.0,1,0.6593061685562134,0.6566154956817627,0.03723,0.2491547018289566,13.85,-5.977,-1.271,92.51,0.99602
2400,201408.33,1,0.6333773732185364,0.6342039108276367,0.04602,0.2504461705684662,13.753,-5.917,-1.316,92.471,0.99465
2401,201491.67,1,0.46414458751678467,0.48275482654571533,0.11586,0.24349187314510345,13.353,-5.878,-1.264,92.65,0.99524
2402,201575.0,1,0.40335190296173096,0.38593849539756775,0.15336,0.2108582854270935,13.159,-5.795,-1.218,92.59,0.99589
2403,201658.33,1,0.3613208532333374,0.3373461961746216,0.17991,0.20288078486919403,13.117,-5.857,-1.271,92.694,0.9946
2404,201741.67,1,0.3429793417453766,0.32410353422164917,0.19023,0.21048864722251892,13.197,-5.865,-1.302,92.632,0.9954
2405,201825.0,1,0.32766181230545044,0.31057557463645935,0.19975,0.2038729041814804,13.289,-5.92,-1.349,92.633,0.99531
2406,201908.33,1,0.31211474537849426,0.30403631925582886,0.20725,0.19510389864444733,13.299,-5.965,-1.409,92.624,0.99571
2407,201991.67,1,0.31195518374443054,0.30251047015190125,0.20745,0.19719421863555908,13.418,-6.026,-1.454,92.562,0.99539
2408,202075.0,1,0.3079483211040497,0.2965151369571686,0.21457,0.22086292505264282,13.251,-6.036,-1.42,92.491,0.99477
2409,202158.33,1,0.34230318665504456,0.3329308331012726,0.20154,0.21642367541790009,12.806,-5.997,-1.312,92.476,0.99535
2410,202241.67,1,0.3466978371143341,0.3359443247318268,0.19753,0.20097117125988007,12.786,-5.955,-1.306,92.34,0.99514
2411,202325.0,1,0.37129440903663635,0.36983779072761536,0.18045,0.2052653282880783,12.848,-5.932,-1.293,92.283,0.99444
2412,202410.0,1,0.38733550906181335,0.38208723068237305,0.17181,0.20270372927188873,12.884,-5.933,-1.268,92.214,0.9944
2413,202493.33,1,0.4542716145515442,0.45011386275291443,0.135,0.2132699191570282,12.024,-6.017,-1.21,92.119,0.99346
2414,202576.67,1,0.2024071365594864,0.2223849892616272,0.25615,0.22319191694259644,11.084,-5.999,-1.06,92.076,0.99229
2415,202660.0,1,0.17724184691905975,0.17965258657932281,0.27969,0.23915347456932068,11.052,-5.919,-0.966,92.019,0.99315
2416,202743.33,1,0.16858695447444916,0.17274697124958038,0.28463,0.26017388701438904,11.063,-5.722,-0.707,91.946,0.99363
2417,202826.67,1,0.16995550692081451,0.1746130734682083,0.28487,0.2576019763946533,11.172,-5.544,-0.529,91.928,0.99301
2418,202910.0,1,0.17025107145309448,0.16807867586612701,0.28771,0.25415217876434326,10.779,-5.412,-0.562,91.858,0.99327
2419,202993.33,1,0.17081131041049957,0.17057816684246063,0.28785,0.252606064081192,10.827,-5.301,-0.587,91.897,0.99234
2420,203076.67,1,0.1763324737548828,0.16808000206947327,0.28663,0.2573225796222687,10.814,-5.238,-0.713,91.849,0.99205
2421,203160.0,1,0.17831435799598694,0.17515785992145538,0.28403,0.24902725219726562,10.772,-5.163,-0.7,91.896,0.99243
2422,203243.33,1,0.18351444602012634,0.18074548244476318,0.28149,0.24441859126091003,10.768,-5.101,-0.705,91.878,0.99329
2423,203326.67,1,0.1895589828491211,0.19515033066272736,0.27343,0.22706007957458496,10.919,-4.945,-0.674,91.849,0.99329
2424,203410.0,1,0.20557816326618195,0.2055794894695282,0.26642,0.2103804051876068,10.995,-4.845,-0.704,91.887,0.99386
2425,203493.33,1,0.21478693187236786,0.2202392965555191,0.26053,0.20626017451286316,11.063,-4.76,-0.69,91.899,0.9928
2426,203576.67,1,0.21484249830245972,0.21798428893089294,0.25874,0.22328399121761322,10.711,-4.952,-0.735,91.912,0.99299
2427,203660.0,1,0.19227473437786102,0.201120987534523,0.27035,0.22309432923793793,10.691,-4.961,-0.77,91.914,0.99341
2428,203745.0,1,0.17658911645412445,0.18563735485076904,0.27709,0.22103452682495117,10.725,-4.929,-0.758,91.856,0.99283
2429,203828.33,1,0.17646992206573486,0.17513594031333923,0.28002,0.22368784248828888,10.771,-4.89,-0.791,91.817,0.99286
2430,203911.67,1,0.17169560492038727,0.1846419870853424,0.28085,0.2375270426273346,10.799,-4.805,-0.934,91.79,0.993
2431,203995.0,1,0.1665239930152893,0.1898883879184723,0.28154,0.25851938128471375,10.726,-4.787,-1.043,91.941,0.99247
2432,204078.33,1,0.162661612033844,0.19110672175884247,0.28317,0.25722143054008484,10.773,-4.739,-1.102,91.902,0.99273
2433,204161.67,1,0.159788578748703,0.18674194812774658,0.28459,0.2534192204475403,10.903,-4.669,-1.079,91.978,0.99195
2434,204245.0,1,0.15913347899913788,0.18477217853069305,0.28518,0.2489272505044937,10.922,-4.649,-1.042,92.006,0.9933
2435,204328.33,1,0.16708503663539886,0.1893211454153061,0.28133,0.24412132799625397,10.903,-4.614,-1.007,92.034,0.99328
2436,204411.67,1,0.16486747562885284,0.18474051356315613,0.28196,0.24077914655208588,10.772,-4.717,-0.958,92.061,0.99297
2437,204495.0,1,0.16995197534561157,0.1843010038137436,0.2816,0.2254272848367691,10.777,-4.782,-0.927,92.176,0.99279
2438,204578.33,1,0.17174772918224335,0.18435855209827423,0.28345,0.2090316116809845,10.663,-4.872,-0.893,92.235,0.99256
2439,204661.67,1,0.17559285461902618,0.19268961250782013,0.28126,0.20766688883304596,10.503,-4.932,-0.829,92.309,0.99232
2440,204745.0,1,0.17919857800006866,0.19017590582370758,0.27892,0.20902839303016663,10.732,-4.925,-0.802,92.329,0.99307
2441,204828.33,1,0.17951469123363495,0.18551822006702423,0.27998,0.21472720801830292,11.02,-4.933,-0.744,92.36,0.99371
2442,204911.67,1,0.18404480814933777,0.18410389125347137,0.28107,0.2245662808418274,10.968,-5.031,-0.772,92.357,0.99316
2443,204995.0,1,0.18034307658672333,0.18332615494728088,0.28219,0.23134003579616547,11.082,-5.037,-0.791,92.344,0.99238
2444,205078.33,1,0.17227678000926971,0.1834891140460968,0.28401,0.22462473809719086,11.194,-5.048,-0.793,92.288,0.99215
2445,205163.33,1,0.182536780834198,0.19252759218215942,0.27879,0.2095515877008438,11.26,-5.063,-0.86,92.348,0.99229
2446,205246.67,1,0.19248223304748535,0.20576900243759155,0.27398,0.19998174905776978,11.212,-5.049,-0.884,92.343,0.99275
2447,205330.0,1,0.19622352719306946,0.20976530015468597,0.27129,0.16310660541057587,11.026,-5.136,-0.876,92.397,0.99262
2448,205413.33,1,0.21319493651390076,0.23097093403339386,0.25803,0.15942907333374023,11.209,-5.021,-0.804,92.332,0.99299
2449,205496.67,1,0.23272985219955444,0.2568732500076294,0.24635,0.15952308475971222,11.244,-4.978,-0.75,92.301,0.99361
2450,205580.0,1,0.2422783523797989,0.2666378617286682,0.24252,0.15390896797180176,11.291,-4.967,-0.763,92.303,0.99369
2451,205663.33,1,0.2615857720375061,0.2904761731624603,0.23404,0.1604926884174347,11.314,-4.974,-0.773,92.307,0.99381
2452,205746.67,1,0.26680445671081543,0.29718267917633057,0.2323,0.15789858996868134,11.303,-4.99,-0.773,92.317,0.99411
2453,205830.0,1,0.27090203762054443,0.304952472448349,0.22739,0.16760800778865814,11.442,-4.877,-0.738,92.371,0.9937
2454,205913.33,1,0.27817481756210327,0.3028252124786377,0.22751,0.15945681929588318,11.57,-4.98,-0.749,92.341,0.99409
2455,205996.67,1,0.28675416111946106,0.30497461557388306,0.22427,0.15394404530525208,11.364,-5.139,-0.774,92.384,0.99413
2456,206080.0,1,0.28813692927360535,0.3165159821510315,0.22316,0.14732973277568817,11.375,-5.238,-0.832,92.352,0.99395
2457,206163.33,1,0.28228768706321716,0.3156152665615082,0.22615,0.14252647757530212,11.333,-5.267,-0.824,92.314,0.99334
2458,206246.67,1,0.27815550565719604,0.31203100085258484,0.22787,0.14447185397148132,11.316,-5.285,-0.836,92.291,0.99363
2459,206330.0,1,0.2692113220691681,0.29802221059799194,0.23357,0.14155147969722748,11.225,-5.35,-0.844,92.208,0.99257
2460,206413.33,1,0.2517697811126709,0.2697579264640808,0.24614,0.15515924990177155,10.915,-5.443,-0.93,92.188,0.99229
2461,206498.33,1,0.24311941862106323,0.2653748691082001,0.24909,0.17096753418445587,10.795,-5.559,-0.936,92.278,0.9924
2462,206581.67,1,0.23408521711826324,0.26185327768325806,0.25122,0.16823989152908325,10.804,-5.553,-0.919,92.167,0.99288
2463,206665.0,1,0.23193390667438507,0.2575922906398773,0.25378,0.1609588861465454,10.837,-5.555,-0.944,92.283,0.99276
2464,206748.33,1,0.22754713892936707,0.2532738447189331,0.25613,0.16819289326667786,10.864,-5.622,-0.952,92.205,0.9923
2465,206831.67,1,0.22317659854888916,0.24075847864151,0.25967,0.1677493155002594,10.92,-5.647,-0.934,92.231,0.992
2466,206915.0,1,0.21940027177333832,0.23840680718421936,0.26067,0.1703108698129654,10.969,-5.705,-0.947,92.222,0.99187
2467,206998.33,1,0.21635980904102325,0.23515862226486206,0.26176,0.17429697513580322,10.985,-5.725,-0.953,92.24,0.9921
2468,207081.67,1,0.20624849200248718,0.22388769686222076,0.2659,0.17594078183174133,10.994,-5.741,-0.939,92.235,0.99222
2469,207165.0,1,0.20340026915073395,0.22039447724819183,0.26755,0.1815669685602188,11.021,-5.752,-0.945,92.216,0.99251
2470,207248.33,1,0.19715091586112976,0.21637998521327972,0.26997,0.17971022427082062,11.035,-5.748,-0.949,92.152,0.99267
2471,207331.67,1,0.19769622385501862,0.2143198549747467,0.27019,0.18403154611587524,11.035,-5.72,-0.952,92.138,0.99219
2472,207415.0,1,0.19443759322166443,0.2087024301290512,0.27213,0.17946623265743256,11.07,-5.697,-0.92,92.107,0.99317
2473,207498.33,1,0.19571331143379211,0.2081371694803238,0.27253,0.18262174725532532,11.051,-5.751,-0.924,92.099,0.99273
2474,207581.67,1,0.22135484218597412,0.22907251119613647,0.26216,0.18272694945335388,11.159,-5.679,-0.841,92.085,0.9932
2475,207665.0,1,0.22626246511936188,0.23173147439956665,0.26053,0.17799195647239685,11.193,-5.668,-0.846,92.142,0.99413
2476,207748.33,1,0.23195591568946838,0.23686595261096954,0.25961,0.16976208984851837,11.181,-5.617,-0.854,92.127,0.99328
2477,207831.67,1,0.2344880849123001,0.24098064005374908,0.25898,0.17127929627895355,11.199,-5.597,-0.85,92.165,0.9936
2478,207916.67,1,0.24018780887126923,0.25199559330940247,0.25432,0.1752922087907791,11.238,-5.594,-0.859,92.132,0.99252
2479,208000.0,1,0.2297169268131256,0.2392037957906723,0.25848,0.17832770943641663,11.261,-5.627,-0.864,92.141,0.99221
2480,208083.33,1,0.21976247429847717,0.23316963016986847,0.26233,0.18017317354679108,11.216,-5.688,-0.872,92.144,0.99213
2481,208166.67,1,0.21415650844573975,0.22273901104927063,0.26532,0.18191169202327728,11.298,-5.766,-0.893,92.165,0.9924
2482,208250.0,1,0.21347571909427643,0.22363147139549255,0.26615,0.1808197796344757,11.307,-5.771,-0.886,92.116,0.99224
2483,208333.33,1,0.20641493797302246,0.21793709695339203,0.26877,0.18676327168941498,11.293,-5.821,-0.908,92.128,0.99185
2484,208416.67,1,0.20264483988285065,0.2148388922214508,0.26941,0.1831507831811905,11.253,-5.848,-0.924,92.066,0.99195
2485,208500.0,1,0.19877715408802032,0.22095230221748352,0.27071,0.16353344917297363,11.131,-5.822,-0.915,92.081,0.99261
2486,208583.33,1,0.19578661024570465,0.22055254876613617,0.27131,0.16603422164916992,11.162,-5.855,-0.934,92.07,0.99227
2487,208666.67,1,0.19640599191188812,0.21956844627857208,0.27107,0.16385617852210999,11.176,-5.85,-0.932,92.088,0.9927
2488,208750.0,1,0.2004149705171585,0.22140571475028992,0.26929,0.16307389736175537,11.201,-5.862,-0.925,92.08,0.99316
2489,208833.33,1,0.3600834906101227,0.36817407608032227,0.19668,0.1676260083913803,11.376,-5.721,-0.917,92.014,0.99233
2490,208916.67,1,0.3975716233253479,0.39101898670196533,0.17949,0.1604175567626953,11.635,-5.523,-0.886,92.002,0.99255
2491,209000.0,1,0.41517266631126404,0.4071618914604187,0.16747,0.15279975533485413,11.738,-5.451,-0.871,92.091,0.9926
2492,209083.33,1,0.40824082493782043,0.4104534983634949,0.16769,0.14907971024513245,11.738,-5.443,-0.864,92.043,0.99221
2493,209166.67,1,0.40090903639793396,0.40886208415031433,0.16961,0.14047400653362274,11.609,-5.412,-0.859,92.043,0.99163
2494,209250.0,1,0.3150690793991089,0.35966408252716064,0.20491,0.1432870626449585,11.397,-5.511,-0.914,92.004,0.9916
2495,209335.0,1,0.2159569412469864,0.24893006682395935,0.2548,0.14310826361179352,11.315,-5.742,-0.95,92.036,0.99195
2496,209418.33,1,0.20448929071426392,0.233721524477005,0.26194,0.16029995679855347,11.328,-5.729,-0.922,92.025,0.99138
2497,209501.67,1,0.20244647562503815,0.2271185666322708,0.26387,0.16361482441425323,11.399,-5.759,-0.906,92.066,0.99124
2498,209585.0,1,0.2056436687707901,0.2306346744298935,0.26362,0.1584562361240387,11.431,-5.751,-0.893,92.088,0.99155
2499,209668.33,1,0.30661696195602417,0.31906697154045105,0.20792,0.15419559180736542,11.752,-5.634,-0.903,92.132,0.99224
2500,209751.67,1,0.4112611711025238,0.4025607407093048,0.16476,0.1362341195344925,11.784,-5.505,-0.825,92.109,0.99187
2501,209835.0,1,0.5399916172027588,0.4953189790248871,0.111,0.13731041550636292,11.929,-5.445,-0.83,92.151,0.99269
2502,209918.33,1,0.7136028409004211,0.6483887434005737,0.03455,0.11294058710336685,12.044,-5.486,-0.931,92.203,0.99239
2503,210001.67,1,0.7309051752090454,0.7033305168151855,0.02595,0.1528693586587906,12.151,-5.45,-0.95,92.266,0.99278
2504,210085.0,1,0.3346399664878845,0.4310532808303833,0.17382,0.2124754935503006,11.642,-5.469,-0.918,92.194,0.99184
2505,210168.33,1,0.1904330998659134,0.23582659661769867,0.26599,0.22091002762317657,11.313,-5.585,-0.903,92.161,0.9921
2506,210251.67,1,0.16674837470054626,0.20365777611732483,0.2852,0.22452256083488464,10.116,-5.78,-0.915,92.074,0.99218
2507,210335.0,1,0.15280617773532867,0.19684357941150665,0.29776,0.2092442810535431,9.368,-5.71,-0.869,92.133,0.99101
2508,210418.33,1,0.15046466886997223,0.18598146736621857,0.30116,0.21537943184375763,8.796,-5.9,-1.173,92.25,0.99102
2509,210501.67,1,0.1543096899986267,0.1902342438697815,0.29564,0.226288840174675,8.623,-5.869,-1.331,92.452,0.99087
2510,210585.0,1,0.17603817582130432,0.23245695233345032,0.2743,0.2291439324617386,8.69,-6.037,-1.413,92.61,0.99115
2511,210668.33,1,0.5818945169448853,0.6042577028274536,0.08408,0.2363707572221756,9.351,-6.164,-1.513,92.803,0.99017
2512,210753.33,1,0.5446767210960388,0.6254280805587769,0.0742,0.23020178079605103,9.73,-6.127,-1.658,92.535,0.99038
2513,210836.67,1,0.44184279441833496,0.5200361013412476,0.13478,0.25603970885276794,10.027,-6.409,-1.47,92.585,0.98905
2514,210920.0,1,0.2521437108516693,0.3024328947067261,0.22723,0.2474576085805893,10.2,-6.453,-1.357,92.736,0.98934
2515,211003.33,1,0.1864803284406662,0.22845368087291718,0.26854,0.2238224595785141,10.964,-6.181,-1.381,92.769,0.99043
2516,211086.67,1,0.6322680115699768,0.6877580285072327,0.04991,0.1838250309228897,11.451,-6.186,-1.128,92.761,0.99161
2517,211170.0,1,0.6976937651634216,0.6819693446159363,0.02559,0.1935543268918991,11.943,-6.317,-1.077,92.479,0.99232
2518,211253.33,1,0.6728229522705078,0.6596674919128418,0.0263,0.20784901082515717,12.486,-6.531,-1.068,92.291,0.99132
2519,211336.67,1,0.6285355091094971,0.6192756295204163,0.04331,0.220071479678154,12.449,-6.758,-0.847,92.111,0.99089
2520,211420.0,1,0.5827019214630127,0.5715982913970947,0.06873,0.20522361993789673,12.44,-6.664,-0.749,92.054,0.99203
2521,211503.33,1,0.541201651096344,0.5384749174118042,0.08824,0.1863929182291031,12.39,-6.612,-0.698,92.175,0.99192
2522,211586.67,1,0.506104588508606,0.51624596118927,0.10115,0.16507698595523834,12.518,-6.577,-0.691,92.11,0.99162
2523,211670.0,1,0.478127121925354,0.5072442293167114,0.11322,0.1561657339334488,12.565,-6.641,-0.799,92.174,0.99215
2524,211753.33,1,0.46295642852783203,0.5001566410064697,0.12087,0.15278349816799164,12.59,-6.605,-0.862,92.059,0.99232
2525,211836.67,1,0.46071919798851013,0.49828967452049255,0.12169,0.1571473479270935,12.641,-6.575,-0.899,92.043,0.99129
2526,211920.0,1,0.37938636541366577,0.43567344546318054,0.15745,0.16985642910003662,12.534,-6.54,-0.947,91.892,0.99177
2527,212003.33,1,0.28059816360473633,0.3401366174221039,0.20968,0.18371076881885529,12.384,-6.599,-0.899,91.873,0.99107
2528,212088.33,1,0.23458902537822723,0.2933480739593506,0.23521,0.18624036014080048,12.246,-6.615,-0.837,91.812,0.99129
2529,212171.67,1,0.21344785392284393,0.25392019748687744,0.25103,0.19536347687244415,12.09,-6.694,-0.831,91.797,0.9913
2530,212255.0,1,0.1969112604856491,0.23519082367420197,0.26317,0.20388363301753998,11.928,-6.705,-0.8,91.778,0.9917
2531,212338.33,1,0.18986061215400696,0.21933060884475708,0.27132,0.21392573416233063,11.732,-6.74,-0.778,91.818,0.99158
2532,212421.67,1,0.3529401123523712,0.3761582374572754,0.17777,0.2176090031862259,11.672,-6.658,-0.83,91.851,0.99102
2533,212505.0,1,0.49134865403175354,0.4872201085090637,0.10957,0.2226981818675995,11.771,-6.627,-0.916,91.892,0.99194
2534,212588.33,1,0.43122926354408264,0.4718904197216034,0.13117,0.23243720829486847,11.677,-6.65,-0.899,91.818,0.99162
2535,212671.67,1,0.34720566868782043,0.4415011703968048,0.16687,0.2263573557138443,11.339,-6.686,-0.847,91.795,0.99156
2536,212755.0,1,0.4698666036128998,0.4943806529045105,0.11996,0.20790688693523407,11.49,-6.757,-0.93,91.8,0.99251
2537,212838.33,1,0.603415310382843,0.5874733328819275,0.06544,0.2054218053817749,11.515,-6.82,-0.98,91.801,0.9919
2538,212921.67,1,0.5446146130561829,0.5590270757675171,0.08152,0.21232549846172333,11.422,-6.856,-1.103,91.749,0.99131
2539,213005.0,1,0.4711759388446808,0.4944209158420563,0.11364,0.20375148952007294,11.259,-6.828,-1.078,91.71,0.99093
2540,213088.33,1,0.40190640091896057,0.44912949204444885,0.14285,0.19123469293117523,11.112,-6.772,-1.123,91.783,0.99166
2541,213171.67,1,0.3644391894340515,0.4199139177799225,0.16108,0.19643497467041016,10.732,-6.481,-1.132,91.902,0.99195
2542,213255.0,1,0.34741294384002686,0.39444616436958313,0.17556,0.21891112625598907,10.097,-6.398,-1.102,91.942,0.99192
2543,213338.33,1,0.3175662159919739,0.34440532326698303,0.19898,0.23081113398075104,9.467,-6.332,-1.129,92.026,0.992
2544,213421.67,1,0.30971547961235046,0.33144134283065796,0.2058,0.24870073795318604,9.256,-6.314,-1.219,92.052,0.99219
2545,213506.67,1,0.3068106174468994,0.33176636695861816,0.20857,0.2508832514286041,9.163,-6.364,-1.245,92.017,0.9935
2546,213590.0,1,0.30132192373275757,0.32806840538978577,0.21286,0.2541535794734955,9.273,-6.393,-1.287,91.935,0.99317
2547,213673.33,1,0.29128298163414,0.33052101731300354,0.21155,0.2743190824985504,9.603,-6.52,-1.261,91.822,0.99319
2548,213756.67,1,0.3037078380584717,0.35705384612083435,0.19879,0.2860400080680847,10.417,-6.666,-1.346,91.791,0.99363
2549,213923.33,1,0.3011641800403595,0.36855822801589966,0.19533,0.2799542546272278,10.895,-6.677,-1.357,91.779,0.99189
2550,214006.67,1,0.31357887387275696,0.37639331817626953,0.18991,0.2665928304195404,10.986,-6.759,-1.327,91.78,0.99244
2551,214090.0,1,0.3198510408401489,0.39217713475227356,0.1852,0.2529371976852417,11.127,-6.836,-1.317,91.784,0.99243
2552,214173.33,1,0.3279585838317871,0.3955320417881012,0.18271,0.2567649185657501,11.196,-6.871,-1.262,91.779,0.99176
2553,214256.67,1,0.6251662373542786,0.6257545351982117,0.05769,0.2787732183933258,11.004,-6.919,-1.374,91.93,0.99229
2554,214340.0,1,0.6494752764701843,0.6564666032791138,0.0394,0.26343870162963867,10.965,-6.974,-1.354,91.838,0.99194
2555,214423.33,1,0.6132676601409912,0.6327694654464722,0.04821,0.2519918382167816,11.042,-6.971,-1.337,91.831,0.99193
2556,214506.67,1,0.5988259315490723,0.6254603266716003,0.05338,0.23668202757835388,11.146,-6.993,-1.329,91.829,0.99142
2557,214590.0,1,0.5876069068908691,0.6126556396484375,0.05997,0.2229142189025879,11.219,-7.008,-1.309,91.86,0.99096
2558,214673.33,1,0.5702676773071289,0.5902080535888672,0.06805,0.21155816316604614,11.333,-7.018,-1.335,91.892,0.9906
2559,214756.67,1,0.5349229574203491,0.54886794090271,0.09149,0.14667768776416779,10.627,-7.058,-1.34,91.94,0.99038
2560,214841.67,1,0.5083832740783691,0.5351334810256958,0.0991,0.1387384533882141,9.944,-6.99,-1.247,91.94,0.99026
2561,214925.0,1,0.5105695724487305,0.532209575176239,0.10135,0.16781949996948242,9.762,-6.697,-1.104,91.99,0.99023
2562,215008.33,1,0.4863032102584839,0.5296158790588379,0.10941,0.1636185497045517,9.679,-6.611,-1.0,92.034,0.98987
2563,215091.67,1,0.48845213651657104,0.49432456493377686,0.12055,0.15765558183193207,9.785,-6.617,-1.068,92.087,0.98943
2564,215175.0,1,0.42171424627304077,0.444794237613678,0.14515,0.1514510214328766,9.598,-6.754,-1.1,92.075,0.99004
2565,215258.33,1,0.4160453677177429,0.4356681704521179,0.14944,0.16994702816009521,9.528,-6.593,-1.013,92.119,0.99079
2566,215341.67,1,0.4615207016468048,0.48453229665756226,0.12663,0.16091269254684448,9.697,-6.329,-0.914,92.092,0.99044
2567,215425.0,1,0.4897761344909668,0.504746675491333,0.11699,0.15177471935749054,9.874,-6.2,-0.959,92.141,0.9909
2568,215508.33,1,0.5141463279724121,0.5305302143096924,0.10464,0.1496642678976059,9.987,-6.183,-0.961,92.095,0.99104
2569,215591.67,1,0.5129650831222534,0.5273895263671875,0.1048,0.14751257002353668,10.047,-6.183,-1.025,92.108,0.99128
2570,215675.0,1,0.5196532607078552,0.5387548804283142,0.10076,0.1577816754579544,10.225,-6.13,-1.006,92.046,0.99135
2571,215758.33,1,0.5269261002540588,0.5567313432693481,0.09277,0.20325593650341034,10.844,-6.22,-1.025,91.991,0.99191
2572,215841.67,1,0.5330339074134827,0.5479999780654907,0.09211,0.20871540904045105,11.592,-6.242,-1.029,91.899,0.99135
2573,215925.0,1,0.5305774211883545,0.549538254737854,0.09084,0.20593397319316864,11.681,-6.207,-1.016,91.86,0.99114
2574,216008.33,1,0.5354645848274231,0.5524613857269287,0.08877,0.20402048528194427,11.905,-6.133,-1.009,91.765,0.99142
2575,216091.67,1,0.5329229831695557,0.5515961647033691,0.08879,0.20022092759609222,11.903,-6.118,-1.006,91.757,0.99056
2576,216175.0,1,0.5384052991867065,0.55446457862854,0.08676,0.1945066899061203,11.933,-6.117,-1.025,91.728,0.99122
2577,216260.0,1,0.535933256149292,0.5499424934387207,0.08787,0.1873006820678711,11.902,-6.132,-0.993,91.738,0.99138
2578,216343.33,1,0.5430660843849182,0.5409293174743652,0.08829,0.1885956972837448,11.921,-6.133,-1.028,91.755,0.99138
2579,216426.67,1,0.5684994459152222,0.5559766292572021,0.07807,0.18707580864429474,11.865,-6.142,-1.072,91.739,0.99171
2580,216510.0,1,0.673529863357544,0.6577506065368652,0.03558,0.153207927942276,11.453,-6.216,-1.13,91.761,0.99201
2581,216593.33,1,0.6265827417373657,0.6185609102249146,0.05053,0.16713398694992065,11.393,-6.196,-1.201,91.787,0.99097
2582,216676.67,1,0.5060099959373474,0.522400975227356,0.09724,0.19053491950035095,11.263,-6.146,-1.221,91.744,0.99032
2583,216760.0,1,0.45399951934814453,0.48984622955322266,0.12109,0.20189401507377625,11.109,-6.145,-1.17,91.709,0.99083
2584,216843.33,1,0.38771307468414307,0.4552699029445648,0.14898,0.20155102014541626,11.047,-6.17,-1.115,91.627,0.99201
2585,216926.67,1,0.34929823875427246,0.3967992663383484,0.1756,0.1935965120792389,10.626,-6.166,-0.995,91.604,0.99152
2586,217010.0,1,0.32836416363716125,0.37455350160598755,0.18983,0.20143702626228333,10.359,-6.168,-0.874,91.592,0.99219
2587,217093.33,1,0.30700114369392395,0.36115768551826477,0.19805,0.2244267463684082,9.925,-6.209,-0.913,91.663,0.99118
2588,217176.67,1,0.23987866938114166,0.280962198972702,0.24263,0.2368069887161255,9.362,-6.092,-0.999,91.692,0.99046
2589,217260.0,1,0.20191167294979095,0.2259235382080078,0.26801,0.2145511955022812,9.163,-5.911,-0.985,91.793,0.99044
2590,217343.33,1,0.1843702346086502,0.21416327357292175,0.27619,0.1816704124212265,8.797,-5.917,-1.02,91.82,0.99062
2591,217426.67,1,0.19120711088180542,0.2151850163936615,0.27549,0.1803802102804184,8.81,-5.907,-1.09,91.919,0.98958
2592,217510.0,1,0.21637646853923798,0.25905635952949524,0.25519,0.1584375500679016,8.978,-5.836,-1.12,91.951,0.98961
2593,217593.33,1,0.25824669003486633,0.2977486252784729,0.23757,0.15733079612255096,8.99,-5.711,-1.192,92.032,0.99025
2594,217678.33,1,0.2904431223869324,0.3326375484466553,0.21706,0.1565481722354889,9.06,-5.657,-1.27,92.104,0.98994
2595,217761.67,1,0.3135760426521301,0.3525114953517914,0.20648,0.13747042417526245,9.087,-5.665,-1.291,92.156,0.99023
2596,217845.0,1,0.30078810453414917,0.3323195278644562,0.21429,0.12097814679145813,9.229,-5.565,-1.217,92.227,0.99114
2597,217928.33,1,0.3013457655906677,0.3109249174594879,0.21752,0.12908212840557098,9.617,-5.489,-1.232,92.285,0.9907
2598,218011.67,1,0.3099747896194458,0.3358168303966522,0.20891,0.13339322805404663,9.692,-5.598,-1.361,92.328,0.99016
2599,218095.0,1,0.3097813129425049,0.34514132142066956,0.20652,0.13939134776592255,9.617,-5.665,-1.406,92.356,0.99002
2600,218178.33,1,0.31342026591300964,0.3510301411151886,0.20111,0.14778301119804382,9.777,-5.614,-1.366,92.294,0.99062
2601,218261.67,1,0.32290345430374146,0.35761943459510803,0.19786,0.140041783452034,9.879,-5.645,-1.332,92.279,0.99013
2602,218345.0,1,0.3263191878795624,0.3567713499069214,0.19807,0.14089438319206238,9.852,-5.712,-1.306,92.252,0.98974
2603,218428.33,1,0.3239363729953766,0.35224834084510803,0.20091,0.1320301592350006,9.794,-5.753,-1.32,92.307,0.99059
2604,218511.67,1,0.3366808593273163,0.3645922839641571,0.19409,0.12511339783668518,9.755,-5.853,-1.371,92.296,0.99023
2605,218595.0,1,0.33060508966445923,0.36319077014923096,0.19536,0.1278950572013855,9.759,-5.837,-1.343,92.299,0.99069
2606,218678.33,1,0.3307180404663086,0.35871103405952454,0.19747,0.12108325958251953,9.75,-5.851,-1.352,92.255,0.99018
2607,218761.67,1,0.3411623537540436,0.3588142693042755,0.19642,0.1230945885181427,9.728,-5.863,-1.342,92.297,0.98978
2608,218845.0,1,0.3396607041358948,0.3540028929710388,0.19641,0.12144356966018677,9.71,-5.863,-1.332,92.264,0.99049
2609,218928.33,1,0.33880510926246643,0.35709893703460693,0.19536,0.12093319743871689,9.742,-5.874,-1.355,92.22,0.99115
2610,219011.67,1,0.3314397931098938,0.35319432616233826,0.1975,0.12522879242897034,9.723,-5.942,-1.381,92.177,0.99102
2611,219096.67,1,0.33632609248161316,0.3560832440853119,0.19626,0.127519428730011,9.721,-5.964,-1.371,92.251,0.99041
2612,219180.0,1,0.3359982669353485,0.3559802174568176,0.19529,0.12868279218673706,9.763,-5.966,-1.354,92.239,0.99044
2613,219263.33,1,0.3412174880504608,0.3594905734062195,0.19397,0.12271953374147415,9.843,-5.952,-1.35,92.28,0.99067
2614,219346.67,1,0.3471250534057617,0.3631734549999237,0.19228,0.1200004369020462,9.83,-5.928,-1.373,92.275,0.99087
2615,219430.0,1,0.3561677932739258,0.36992406845092773,0.18865,0.12122134119272232,9.826,-5.963,-1.392,92.292,0.99055
2616,219513.33,1,0.3608892261981964,0.3706868290901184,0.18799,0.11919449269771576,9.826,-5.971,-1.372,92.259,0.99044
2617,219596.67,1,0.3142055571079254,0.3490523397922516,0.20793,0.1268375664949417,9.666,-5.97,-1.409,92.277,0.99005
2618,219680.0,1,0.23503120243549347,0.25948262214660645,0.25031,0.1343991756439209,9.455,-6.012,-1.419,92.292,0.99035
2619,219763.33,1,0.20635895431041718,0.2319885939359665,0.26439,0.12939861416816711,9.449,-6.045,-1.406,92.294,0.99
2620,219846.67,1,0.19782745838165283,0.22246354818344116,0.26782,0.1299258917570114,9.442,-6.077,-1.386,92.288,0.99047
2621,219930.0,1,0.17764481902122498,0.20608511567115784,0.27912,0.1409527063369751,9.371,-6.157,-1.308,92.303,0.9899
2622,220013.33,1,0.16136516630649567,0.1810086965560913,0.28991,0.17960979044437408,9.091,-6.209,-1.238,92.351,0.98861
2623,220096.67,1,0.12291667610406876,0.1428936868906021,0.30582,0.15714944899082184,8.544,-6.253,-1.447,92.835,0.98767
2624,220180.0,1,0.13281583786010742,0.1550758332014084,0.28296,0.20708757638931274,8.08,-6.121,-2.279,93.605,0.98706
2625,220263.33,1,0.1458302140235901,0.13630132377147675,0.28462,0.1962854266166687,7.629,-5.633,-3.676,94.099,0.98655
2626,220346.67,1,0.18795263767242432,0.19457368552684784,0.27346,0.156541645526886,7.247,-4.579,-4.984,94.023,0.98592
2627,220431.67,1,0.15098516643047333,0.14064688980579376,0.29929,0.2277812659740448,7.207,-3.468,-5.521,93.72,0.9856
2628,220515.0,1,0.1440887302160263,0.16709944605827332,0.29356,0.2624683082103729,6.562,-2.57,-5.67,93.15,0.98493
2629,220598.33,1,0.14362414181232452,0.19879348576068878,0.28749,0.3326653242111206,6.18,-2.14,-5.548,92.544,0.98383
2630,220681.67,1,0.5189151763916016,0.5625996589660645,0.10967,0.2890716791152954,5.432,-2.147,-5.986,91.84,0.98348
2631,220765.0,1,0.645699143409729,0.7224717736244202,0.04277,0.24015578627586365,5.126,-2.166,-6.425,91.39,0.98334
2632,220848.33,1,0.6085401773452759,0.7457508444786072,0.04066,0.29448869824409485,5.302,-2.186,-6.657,91.069,0.98458
2633,220931.67,1,0.6482251882553101,0.7650458216667175,0.03151,0.27944111824035645,5.654,-2.068,-6.84,91.172,0.98589
2634,221015.0,1,0.5578130483627319,0.699852705001831,0.05527,0.2784090042114258,5.882,-2.684,-6.363,91.231,0.98599
2635,221098.33,1,0.5069845914840698,0.6148059368133545,0.08261,0.34310904145240784,6.749,-3.999,-5.907,91.355,0.98568
2636,221181.67,1,0.6086831092834473,0.7272775769233704,0.03075,0.297726571559906,7.392,-4.617,-5.179,91.24,0.98543
2637,221265.0,1,0.5929408669471741,0.6498532295227051,0.04764,0.26379117369651794,8.442,-5.628,-4.413,91.02,0.98484
2638,221348.33,1,0.5607173442840576,0.5279577970504761,0.08944,0.26730602979660034,8.962,-6.601,-3.874,87.736,0.98813
2639,221431.67,1,0.461050420999527,0.4132075309753418,0.13908,0.2685752809047699,8.828,-7.62,-3.615,86.227,0.99035
2640,221515.0,1,0.3665529191493988,0.41269952058792114,0.16353,0.30390802025794983,8.543,-8.357,-3.651,87.038,0.98869
2641,221598.33,1,0.3479079008102417,0.40216493606567383,0.16668,0.3092944324016571,8.722,-8.466,-3.584,86.543,0.98944
2642,221681.67,1,0.33024850487709045,0.3971187174320221,0.17067,0.3145497739315033,8.775,-8.545,-3.504,86.831,0.98915
2643,221765.0,1,0.32931363582611084,0.39623042941093445,0.16936,0.3017967939376831,8.882,-8.602,-3.448,87.169,0.98848
2644,221850.0,1,0.6306848526000977,0.6842731237411499,0.04333,0.2858690619468689,8.887,-8.626,-3.34,86.576,0.99005
2645,221933.33,1,0.6025233864784241,0.6226823329925537,0.06055,0.38122355937957764,9.953,-9.035,-3.715,86.11,0.98999
2646,222016.67,1,0.4658440351486206,0.46665769815444946,0.12444,0.5050702095031738,10.739,-9.203,-4.174,86.626,0.98988
2647,222100.0,1,0.3901110589504242,0.40900248289108276,0.15986,0.484619140625,10.588,-9.342,-4.557,87.617,0.9884
2648,222183.33,1,0.3562716245651245,0.4135792553424835,0.17209,0.44827187061309814,9.795,-9.368,-5.017,87.785,0.98754
2649,222266.67,1,0.3793582320213318,0.39079928398132324,0.16462,0.367110013961792,9.238,-8.67,-5.138,87.654,0.98792
2650,222350.0,1,0.3860200047492981,0.40870919823646545,0.15432,0.32968831062316895,9.134,-8.204,-5.289,87.859,0.98867
2651,222433.33,1,0.3385281562805176,0.4022563695907593,0.16912,0.2832639217376709,9.064,-7.821,-5.372,88.542,0.98871
2652,222516.67,1,0.30589401721954346,0.3631270229816437,0.18601,0.24530425667762756,9.313,-7.671,-5.563,89.464,0.98767
2653,222600.0,1,0.2836761176586151,0.36620354652404785,0.19449,0.2270238846540451,9.435,-7.566,-5.627,90.14,0.98805
2654,222683.33,1,0.2999473512172699,0.36006981134414673,0.19016,0.19809095561504364,9.61,-7.512,-5.711,90.595,0.98713
2655,222766.67,1,0.3175695240497589,0.35981103777885437,0.18608,0.20739461481571198,9.653,-7.484,-5.86,90.727,0.98695
2656,222850.0,1,0.3213600516319275,0.3447253406047821,0.19034,0.1916559636592865,9.711,-7.459,-5.896,90.72,0.98685
2657,222933.33,1,0.36923351883888245,0.40781161189079285,0.16098,0.20090420544147491,9.717,-7.417,-5.901,90.565,0.98786
2658,223016.67,1,0.6392818689346313,0.6935608386993408,0.03398,0.20091362297534943,10.094,-7.209,-5.877,90.28,0.98927
2659,223100.0,1,0.6007410287857056,0.650708794593811,0.04716,0.243414968252182,10.288,-7.304,-5.864,90.194,0.98918
2660,223185.0,1,0.4633798897266388,0.553451418876648,0.10131,0.2849220931529999,10.616,-7.332,-5.802,90.641,0.988
2661,223268.33,1,0.342538446187973,0.4511526823043823,0.15568,0.29946261644363403,10.642,-7.43,-5.615,90.686,0.98769
2662,223351.67,1,0.34821468591690063,0.41515466570854187,0.16511,0.31365326046943665,10.347,-7.389,-5.503,90.755,0.98651
2663,223435.0,1,0.3537368178367615,0.4152517020702362,0.16315,0.32338541746139526,10.034,-7.228,-5.301,90.919,0.98762
2664,223518.33,1,0.3532167375087738,0.4116297960281372,0.16279,0.29392150044441223,9.4,-7.163,-5.059,91.032,0.98652
2665,223601.67,1,0.33919665217399597,0.40084004402160645,0.16983,0.27710089087486267,8.633,-6.685,-4.622,91.197,0.98686
2666,223685.0,1,0.20003172755241394,0.24843116104602814,0.25121,0.21817240118980408,8.194,-5.915,-4.186,91.383,0.98748
2667,223768.33,1,0.15805092453956604,0.19291014969348907,0.27905,0.2130011022090912,8.34,-5.524,-3.945,91.477,0.98655
2668,223851.67,1,0.15035445988178253,0.18496698141098022,0.29176,0.29033148288726807,8.673,-4.885,-3.7,91.565,0.98566
2669,223935.0,1,0.14124834537506104,0.16406328976154327,0.29937,0.4486084580421448,8.827,-4.521,-3.17,91.576,0.98531
2670,224018.33,1,0.12567119300365448,0.15132611989974976,0.30829,0.44509875774383545,8.184,-3.939,-2.535,91.53,0.9857
2671,224101.67,1,0.11174560338258743,0.14836692810058594,0.31785,0.4421078562736511,7.722,-3.274,-2.28,91.605,0.98531
2672,224185.0,1,0.12535443902015686,0.15720012784004211,0.32012,0.3608991801738739,7.648,-2.832,-2.411,91.672,0.98507
2673,224268.33,1,0.13378991186618805,0.15222209692001343,0.30843,0.27167466282844543,7.637,-2.253,-2.813,92.039,0.98469
2674,224351.67,1,0.18335199356079102,0.22872529923915863,0.27404,0.2830030024051666,7.726,-1.231,-3.488,92.032,0.98325
2675,224435.0,1,0.2246726006269455,0.23987331986427307,0.2636,0.33296042680740356,6.733,-0.072,-4.472,91.948,0.98352
2676,224518.33,1,0.21356022357940674,0.25163552165031433,0.27289,0.39581412076950073,6.3,0.926,-5.221,91.346,0.98412
2677,224603.33,1,0.17594222724437714,0.19994166493415833,0.28951,0.42224377393722534,6.714,1.804,-5.792,90.857,0.98477
2678,224686.67,1,0.14151346683502197,0.19297917187213898,0.30214,0.4690469205379486,6.549,1.842,-5.432,90.323,0.98451
2679,224770.0,1,0.14452101290225983,0.20461973547935486,0.30662,0.45460548996925354,7.796,1.671,-4.524,89.981,0.98407
2680,224853.33,1,0.16376353800296783,0.21043537557125092,0.30689,0.4540847837924957,9.499,1.673,-3.66,89.418,0.98418
2681,224936.67,1,0.15328598022460938,0.19287119805812836,0.3079,0.4374200403690338,10.229,1.659,-3.207,88.875,0.98405
2682,225020.0,1,0.1670265942811966,0.2210337370634079,0.29974,0.42640015482902527,10.238,1.417,-3.222,88.136,0.98395
2683,225103.33,1,0.17114059627056122,0.22604459524154663,0.29372,0.3366975784301758,10.414,1.388,-2.495,87.735,0.98382
2684,225186.67,1,0.1655682474374771,0.21058183908462524,0.28921,0.3412171006202698,10.878,1.506,-2.099,87.387,0.9832
2685,225270.0,1,0.18378548324108124,0.18267542123794556,0.28435,0.41453447937965393,10.997,1.45,-1.967,87.364,0.9832
2686,225353.33,1,0.17860552668571472,0.1807606965303421,0.28378,0.45156562328338623,12.453,1.459,-1.743,86.968,0.98276
2687,225436.67,1,0.15877868235111237,0.18687297403812408,0.28637,0.31108346581459045,12.057,1.741,-1.838,86.983,0.98478
2688,225520.0,1,0.16791893541812897,0.18989934027194977,0.28483,0.262131929397583,11.402,2.201,-2.305,86.541,0.98572
2689,225603.33,1,0.18118713796138763,0.21395662426948547,0.2805,0.2571529150009155,11.056,2.644,-2.928,86.047,0.98627
2690,225686.67,1,0.16885796189308167,0.1940719485282898,0.28423,0.25623634457588196,10.796,2.918,-3.211,86.092,0.9856
2691,225770.0,1,0.14715886116027832,0.1868574172258377,0.29341,0.2467195838689804,10.743,3.375,-3.36,86.132,0.98579
2692,225853.33,1,0.17260892689228058,0.3254496157169342,0.24345,0.28446272015571594,11.046,3.228,-3.815,86.689,0.98068
2693,225936.67,1,0.1975826621055603,0.35529688000679016,0.2309,0.29047492146492004,11.95,2.723,-3.655,87.016,0.97839
2694,226021.67,1,0.20174019038677216,0.2988615334033966,0.23822,0.3131882846355438,10.202,1.724,-2.293,86.226,0.97664
2695,226105.0,1,0.15948398411273956,0.22517403960227966,0.26149,0.29397857189178467,9.21,1.651,-1.272,85.045,0.97543
2696,226188.33,1,0.1530763953924179,0.20721741020679474,0.26715,0.3065069019794464,8.081,0.921,-0.677,84.174,0.98206
2697,226271.67,1,0.13175375759601593,0.19670750200748444,0.28001,0.3596700429916382,6.937,0.874,0.37,84.656,0.98999
2698,226355.0,1,0.1276739537715912,0.17782607674598694,0.28684,0.2534180283546448,5.613,0.809,0.864,86.424,0.99757
2699,226438.33,1,0.15133219957351685,0.11752992123365402,0.30262,0.22503377497196198,5.557,0.685,1.412,79.778,0.98425
2700,226521.67,1,0.1823253482580185,0.15189354121685028,0.29145,0.23167574405670166,5.705,0.377,1.12,81.137,0.96475
2701,226605.0,1,0.22201651334762573,0.17987917363643646,0.27474,0.16412588953971863,5.653,0.369,0.871,81.813,0.96489
2702,226688.33,1,0.21971248090267181,0.17757801711559296,0.28593,0.29584676027297974,5.93,-0.374,0.632,82.082,0.96293
2703,226771.67,1,0.22184213995933533,0.18202674388885498,0.28287,0.2005910873413086,5.742,-1.038,0.198,82.412,0.96444
2704,226855.0,1,0.23201651871204376,0.17590908706188202,0.28456,0.29410383105278015,5.813,-1.048,-0.083,82.641,0.96358
2705,226938.33,1,0.2163325399160385,0.18794569373130798,0.27758,0.2893911898136139,6.242,-0.957,-0.356,83.2,0.96542
2706,227021.67,1,0.20502258837223053,0.19654878973960876,0.27851,0.2442348599433899,6.465,-1.306,-0.746,83.507,0.96504
2707,227105.0,1,0.2393302321434021,0.25325071811676025,0.24369,0.2485795021057129,5.166,-1.046,-0.744,83.461,0.96547
2708,227188.33,1,0.49109774827957153,0.5206940174102783,0.1247,0.25145223736763,3.834,-1.09,-0.957,83.328,0.96484
2709,227271.67,1,0.42297497391700745,0.48834550380706787,0.16291,0.28083130717277527,3.226,-1.532,-0.835,83.232,0.96528
2710,227355.0,1,0.37089136242866516,0.4140985906124115,0.18624,0.282598614692688,2.779,-1.67,-0.518,82.919,0.96501
2711,227440.0,1,0.6684259176254272,0.6722462177276611,0.04953,0.274136483669281,2.471,-2.055,-0.257,82.623,0.96561
2712,227523.33,1,0.5812588930130005,0.5703719258308411,0.09047,0.2641497552394867,2.306,-2.025,-0.106,82.12,0.96781
2713,227606.67,1,0.2675584852695465,0.2983359098434448,0.21795,0.24330227077007294,2.125,-1.807,0.091,81.486,0.9679
2714,227690.0,1,0.1754389852285385,0.208115354180336,0.26508,0.23489102721214294,2.148,-1.933,0.283,80.932,0.96974
2715,227773.33,1,0.1645510345697403,0.17581991851329803,0.28064,0.18520240485668182,2.16,-1.896,0.591,80.904,0.97155
2716,227856.67,1,0.1973678171634674,0.16466262936592102,0.27757,0.15870550274848938,2.659,-2.188,0.819,81.192,0.97236
2717,227940.0,1,0.2487756609916687,0.2409600466489792,0.25161,0.09056088328361511,3.948,-2.692,0.91,81.876,0.97372
2718,228023.33,1,0.28668856620788574,0.30541330575942993,0.22907,0.12232448160648346,4.569,-3.098,0.695,82.03,0.97424
2719,228106.67,1,0.33182477951049805,0.391508549451828,0.19199,0.2110118418931961,4.513,-3.335,0.421,82.222,0.97384
2720,228190.0,1,0.3208591341972351,0.3919004499912262,0.1908,0.21714869141578674,4.313,-3.56,0.013,82.153,0.97476
2721,228273.33,1,0.31388211250305176,0.40030357241630554,0.19397,0.20228566229343414,4.131,-3.541,-0.45,82.36,0.97451
2722,228356.67,1,0.3120099902153015,0.4028148353099823,0.1961,0.2009468376636505,4.276,-3.399,-0.601,82.301,0.97491
2723,228440.0,1,0.32140231132507324,0.3991715610027313,0.19384,0.20295703411102295,4.537,-3.302,-0.336,82.344,0.97646
2724,228523.33,1,0.3119020164012909,0.3833942115306854,0.19665,0.20408989489078522,4.609,-3.238,-0.097,82.319,0.97585
2725,228606.67,1,0.22186827659606934,0.24715928733348846,0.25855,0.22821848094463348,4.177,-3.112,0.101,82.414,0.9754
2726,228690.0,1,0.16850152611732483,0.17566567659378052,0.29544,0.23439857363700867,3.649,-2.853,0.151,82.457,0.97618
2727,228775.0,1,0.15642094612121582,0.15633606910705566,0.29983,0.16225683689117432,3.461,-2.647,0.302,82.548,0.97582
2728,228858.33,1,0.15482868254184723,0.15062232315540314,0.30393,0.16457800567150116,3.529,-2.401,0.311,82.624,0.97646
2729,228941.67,1,0.16585999727249146,0.1775309294462204,0.29528,0.2228589504957199,3.588,-2.093,0.073,82.72,0.97566
2730,229025.0,1,0.1585337519645691,0.18055659532546997,0.29548,0.24924206733703613,3.665,-1.928,-0.166,82.698,0.97651
2731,229108.33,1,0.16123884916305542,0.1899835467338562,0.29369,0.22407785058021545,3.575,-1.874,-0.122,82.712,0.97693
2732,229191.67,1,0.16108277440071106,0.1934717893600464,0.29184,0.21262621879577637,3.569,-1.766,-0.209,82.439,0.97642
2733,229275.0,1,0.15758807957172394,0.19209805130958557,0.29185,0.21767009794712067,3.653,-1.692,-0.244,82.29,0.97569
2734,229358.33,1,0.15465864539146423,0.18226571381092072,0.29314,0.21519523859024048,3.571,-1.353,-0.11,81.925,0.97594
2735,229441.67,1,0.15085485577583313,0.1764489710330963,0.29593,0.23527568578720093,3.459,-0.999,-0.245,81.734,0.97592
2736,229525.0,1,0.1513393372297287,0.17509596049785614,0.29455,0.22126927971839905,3.487,-1.005,-0.247,81.462,0.97616
2737,229608.33,1,0.2474754899740219,0.33459755778312683,0.2291,0.18822111189365387,3.245,-0.893,-0.3,81.381,0.97582
2738,229691.67,1,0.3242606520652771,0.4000082015991211,0.18899,0.18939724564552307,3.622,-1.118,-0.4,81.191,0.97563
2739,229775.0,1,0.4057236909866333,0.4576337933540344,0.1592,0.19032061100006104,4.344,-1.306,-0.273,81.058,0.97523
2740,229858.33,1,0.4103298485279083,0.45450204610824585,0.15662,0.1877882480621338,4.447,-1.312,-0.242,80.955,0.97579
2741,229941.67,1,0.40915805101394653,0.44931280612945557,0.15829,0.18056592345237732,4.503,-1.514,-0.479,80.837,0.97573
2742,230025.0,1,0.4149402976036072,0.4566003084182739,0.15317,0.17911148071289062,4.938,-1.549,-0.51,80.604,0.97564
2743,230108.33,1,0.3827294111251831,0.4296781122684479,0.1635,0.18346405029296875,5.184,-1.548,-0.698,80.308,0.97567
2744,230193.33,1,0.4038024842739105,0.41370829939842224,0.16526,0.1745373010635376,5.726,-1.474,-0.694,80.125,0.97603
2745,230276.67,1,0.41423311829566956,0.4428194463253021,0.15457,0.17878584563732147,6.047,-1.678,-0.626,79.97,0.975
2746,230360.0,1,0.4153323471546173,0.4532725512981415,0.15273,0.1795310527086258,5.983,-1.645,-0.639,79.924,0.97654
2747,230443.33,1,0.3798900246620178,0.44301626086235046,0.16173,0.19730277359485626,5.426,-1.449,-0.727,79.851,0.97539
2748,230526.67,1,0.33375048637390137,0.39406800270080566,0.18084,0.23123493790626526,5.116,-1.235,-0.874,79.932,0.97372
2749,230610.0,1,0.325130432844162,0.4046635031700134,0.1741,0.2536114454269409,4.62,-1.348,-0.693,80.608,0.96866
2750,230693.33,1,0.32633495330810547,0.4038594365119934,0.17017,0.2646762430667877,4.2,-1.295,-0.279,79.645,0.96608
2751,230776.67,1,0.35527610778808594,0.3803814947605133,0.16569,0.2995886206626892,4.057,-1.17,0.07,79.675,0.97393
2752,230860.0,1,0.3626228868961334,0.3748238682746887,0.16725,0.34224769473075867,4.65,-0.81,0.219,78.299,0.96982
2753,230943.33,1,0.45110413432121277,0.44549718499183655,0.12868,0.3071119487285614,5.389,-1.404,-0.234,78.925,0.96575
2754,231026.67,1,0.5889742374420166,0.621113657951355,0.05876,0.30976954102516174,5.574,-1.789,-0.928,80.257,0.9649
2755,231110.0,1,0.5327184200286865,0.6391379833221436,0.06795,0.2904030382633209,5.301,-1.75,-1.129,80.237,0.96727
2756,231193.33,1,0.4704359769821167,0.5590298175811768,0.10125,0.2822898030281067,5.329,-1.497,-0.877,79.12,0.96913
2757,231276.67,1,0.3686401844024658,0.43323105573654175,0.16713,0.16739560663700104,5.789,-1.078,-1.008,79.552,0.97149
2758,231360.0,1,0.29257047176361084,0.365027517080307,0.19869,0.32206544280052185,6.473,-0.825,-1.076,80.994,0.97428
2759,231443.33,1,0.2699047327041626,0.32120659947395325,0.21441,0.5675339698791504,6.48,-0.985,-0.865,82.711,0.97543
2760,231528.33,1,0.2119869589805603,0.2736063301563263,0.24257,0.7069817781448364,8.424,-1.688,-0.869,84.67,0.9769
2761,231611.67,1,0.18154588341712952,0.16822341084480286,0.30111,0.6280351281166077,10.121,-2.142,-0.788,86.874,0.98141
2762,231695.0,1,0.1463528871536255,0.1359196901321411,0.31371,0.4140609800815582,11.109,-2.097,-0.802,89.178,0.9856
2763,231778.33,1,0.1368168443441391,0.11506669968366623,0.32201,0.39032280445098877,11.181,-1.942,-0.585,92.002,0.99043
2764,231861.67,1,0.1607312113046646,0.12099435925483704,0.31091,0.38925328850746155,11.262,-2.514,-0.354,94.238,0.99532
2765,231945.0,1,0.12771934270858765,0.13040581345558167,0.30739,0.3203226625919342,11.936,-3.158,0.115,94.828,1.00298
2766,232028.33,1,0.13061033189296722,0.12063278257846832,0.3095,0.2477901130914688,13.278,-3.732,1.01,95.236,1.00676
2767,232111.67,1,0.14319255948066711,0.11617269366979599,0.30383,0.2757222056388855,14.151,-4.036,1.196,95.689,1.01132
2768,232195.0,1,0.18989473581314087,0.15174098312854767,0.28217,0.24544744193553925,14.409,-3.799,0.375,95.514,1.01422
2769,232278.33,1,0.20033815503120422,0.1831175833940506,0.28219,0.1340765506029129,15.323,-3.637,-0.38,95.167,1.01891
2770,232361.67,1,0.1914915293455124,0.18222609162330627,0.28273,0.14939816296100616,15.412,-3.304,-0.493,94.74,1.02101
2771,232445.0,1,0.18076220154762268,0.17491552233695984,0.28897,0.17485524713993073,15.319,-3.142,-0.159,94.669,1.02115
2772,232528.33,1,0.1935359239578247,0.18888598680496216,0.2867,0.1962263435125351,15.863,-3.085,-0.265,94.456,1.02114
2773,232611.67,1,0.17201587557792664,0.19149616360664368,0.29204,0.2108149379491806,16.75,-3.38,-0.091,94.361,1.02274
2774,232695.0,1,0.13986508548259735,0.1463305503129959,0.30967,0.14991986751556396,17.032,-3.885,-0.035,94.169,1.02307
2775,232778.33,1,0.15688252449035645,0.1668960601091385,0.30748,0.11361011117696762,17.86,-4.184,-0.086,94.025,1.02432
2776,232861.67,1,0.14351682364940643,0.1731288731098175,0.30651,0.1372336447238922,18.581,-4.257,-0.145,93.533,1.02375
2777,232946.67,1,0.14998233318328857,0.17140915989875793,0.30367,0.15562433004379272,18.849,-4.264,0.21,93.205,1.02393
2778,233030.0,1,0.13881123065948486,0.16907022893428802,0.30325,0.1645830273628235,18.756,-4.266,0.757,92.667,1.02318
2779,233113.33,1,0.1277467906475067,0.16044814884662628,0.30793,0.16992755234241486,18.825,-4.468,1.236,92.185,1.02139
2780,233196.67,1,0.09564542770385742,0.12471991032361984,0.32685,0.14554400742053986,19.825,-4.553,1.637,91.306,1.02063
2781,233280.0,1,0.12700368463993073,0.14175395667552948,0.31627,0.2077038288116455,20.122,-4.589,1.606,90.316,1.01732
2782,233363.33,1,0.14865802228450775,0.15349845588207245,0.31033,0.27045804262161255,19.141,-4.352,1.69,89.411,1.01533
2783,233446.67,1,0.15113845467567444,0.15651731193065643,0.30396,0.2873172163963318,19.098,-4.078,1.623,88.996,1.01282
2784,233530.0,1,0.1818360984325409,0.1653638333082199,0.29882,0.2826651334762573,20.485,-2.999,1.185,88.318,1.00992
2785,233613.33,1,0.17537511885166168,0.16982892155647278,0.2976,0.25822505354881287,20.404,-2.33,-0.115,87.718,1.00787
2786,233696.67,1,0.1861448585987091,0.19859911501407623,0.29378,0.23865750432014465,19.701,-1.723,-1.543,86.961,1.00633
2787,233780.0,1,0.17610114812850952,0.21549858152866364,0.29563,0.2568296790122986,18.416,-1.689,-2.527,86.596,1.00463
2788,233863.33,1,0.27361148595809937,0.37152454257011414,0.22695,0.2430921345949173,16.713,-2.202,-3.087,89.386,1.01922
2789,233946.67,1,0.5498321056365967,0.5354926586151123,0.11366,0.23221524059772491,16.489,-2.271,-3.207,95.24,1.04163
2790,234030.0,1,0.35230305790901184,0.3741108775138855,0.21915,0.12476685643196106,14.678,-2.664,-3.076,97.775,1.04557
2791,234113.33,1,0.1735253632068634,0.21627186238765717,0.2885,0.15199732780456543,13.72,-2.434,-2.903,97.424,1.04404
2792,234196.67,1,0.2019166797399521,0.2113216519355774,0.27329,0.18221604824066162,12.485,-3.022,-2.846,97.169,1.0436
2793,234280.0,1,0.414076030254364,0.5603848695755005,0.13364,0.207134410738945,12.09,-3.097,-2.593,96.954,1.04368
2794,234365.0,1,0.25807392597198486,0.37020841240882874,0.22097,0.18062743544578552,10.494,-3.621,-2.663,96.659,1.0445
2795,234448.33,1,0.1992732733488083,0.26458704471588135,0.25803,0.1604660153388977,10.638,-3.681,-2.662,96.511,1.04346
2796,234531.67,1,0.19651442766189575,0.2506658732891083,0.26838,0.25783294439315796,10.269,-3.46,-2.687,96.415,1.04271
2797,234615.0,1,0.19648070633411407,0.24189767241477966,0.27816,0.3314078152179718,10.772,-3.236,-2.732,96.63,1.0428
2798,234698.33,1,0.19330300390720367,0.21712349355220795,0.28891,0.4227149188518524,11.414,-2.826,-2.706,96.405,1.04302
2799,234781.67,1,0.5922120809555054,0.6690915822982788,0.06683,0.3426356613636017,12.734,-2.792,-2.796,96.425,1.04314
2800,234865.0,1,0.40062981843948364,0.40660539269447327,0.17852,0.35342198610305786,12.715,-3.034,-2.92,96.408,1.04271
2801,234948.33,1,0.18664801120758057,0.19778989255428314,0.27596,0.336326003074646,14.517,-3.089,-3.038,96.763,1.0423
2802,235031.67,1,0.0974740982055664,0.12127851694822311,0.32021,0.36561277508735657,15.786,-3.024,-2.646,97.683,1.04245
2803,235115.0,1,0.14889255166053772,0.1403300017118454,0.30959,0.29394328594207764,14.063,-3.142,-2.883,99.729,1.04532
2804,235198.33,1,0.17781873047351837,0.12887291610240936,0.30464,0.3812892436981201,13.333,-3.312,-2.795,94.034,1.02819
2805,235281.67,1,0.18150007724761963,0.13861648738384247,0.29383,0.3153461217880249,13.096,-3.548,-2.507,88.615,1.00508
2806,235365.0,1,0.20020461082458496,0.13148190081119537,0.28826,0.27555617690086365,13.538,-3.326,-2.479,89.14,1.00749
2807,235448.33,1,0.21140803396701813,0.1556217223405838,0.28795,0.2273312509059906,13.662,-2.878,-2.456,89.77,1.00949
2808,235531.67,1,0.20515403151512146,0.15466900169849396,0.29808,0.2334701120853424,14.125,-2.63,-2.128,90.132,1.01057
2809,235615.0,1,0.17447598278522491,0.14378991723060608,0.31154,0.2703782320022583,14.609,-2.582,-1.637,90.596,1.01191
2810,235698.33,1,0.17120979726314545,0.14217446744441986,0.30796,0.2953174114227295,15.071,-2.554,-0.89,90.812,1.01172
2811,235783.33,1,0.1816415786743164,0.16514626145362854,0.29561,0.22938400506973267,15.219,-2.82,-0.633,91.168,1.01345
2812,235866.67,1,0.18047507107257843,0.17467619478702545,0.28686,0.1283036321401596,15.819,-3.39,-0.58,91.306,1.01541
2813,235950.0,1,0.17769409716129303,0.14517800509929657,0.28329,0.14666801691055298,17.097,-4.449,-0.625,91.225,1.01751
2814,236033.33,1,0.1820240467786789,0.13771016895771027,0.28342,0.19055069983005524,16.718,-4.754,-0.193,90.947,1.01742
2815,236116.67,1,0.1950000375509262,0.14341409504413605,0.2851,0.18466268479824066,16.222,-5.706,0.67,90.622,1.01743
2816,236200.0,1,0.19720903038978577,0.132285937666893,0.27952,0.2638327181339264,16.757,-6.378,1.509,90.242,1.01653
2817,236283.33,1,0.17757287621498108,0.14317810535430908,0.28748,0.26804280281066895,16.258,-6.668,2.375,90.178,1.01598
2818,236366.67,1,0.16592901945114136,0.14098075032234192,0.29604,0.2832156717777252,16.301,-6.515,2.439,90.004,1.01578
2819,236450.0,1,0.16614334285259247,0.13702253997325897,0.29793,0.25371238589286804,15.99,-6.222,2.196,89.94,1.01505
2820,236533.33,1,0.16675619781017303,0.1487123668193817,0.29887,0.24785365164279938,15.926,-6.231,1.412,89.867,1.01555
2821,236616.67,1,0.17480504512786865,0.15906743705272675,0.29609,0.2835255563259125,15.737,-5.863,0.246,90.031,1.01446
2822,236700.0,1,0.1762082278728485,0.1385522484779358,0.30685,0.2558123469352722,15.244,-5.351,-0.114,90.05,1.01412
2823,236783.33,1,0.19866719841957092,0.17357009649276733,0.29815,0.2731338441371918,14.656,-5.188,-0.269,90.186,1.01386
2824,236866.67,1,0.18125343322753906,0.16569693386554718,0.30023,0.276234894990921,14.511,-5.1,-0.281,90.017,1.01433
2825,236950.0,1,0.1575927883386612,0.16119423508644104,0.30691,0.2519589364528656,13.719,-5.054,-0.158,90.165,1.01422
2826,237033.33,1,0.1593034863471985,0.1695919632911682,0.29833,0.22127209603786469,13.427,-4.973,-0.216,90.143,1.01374
2827,237118.33,1,0.15622833371162415,0.16802212595939636,0.29721,0.22102829813957214,13.207,-5.139,-0.158,90.335,1.01293
2828,237201.67,1,0.151810884475708,0.16315734386444092,0.29687,0.2070688158273697,13.097,-5.184,-0.015,90.383,1.01331
2829,237285.0,1,0.1504724770784378,0.1583261787891388,0.29627,0.19494640827178955,12.998,-5.435,0.044,90.396,1.01251
2830,237368.33,1,0.15838003158569336,0.15889333188533783,0.29343,0.200449600815773,12.928,-5.598,-0.044,90.347,1.0131
2831,237451.67,1,0.15792495012283325,0.1531090885400772,0.29629,0.20579347014427185,12.727,-5.656,-0.054,90.372,1.01266
2832,237535.0,1,0.1602737158536911,0.15379996597766876,0.29385,0.21578200161457062,12.751,-5.761,-0.06,90.259,1.01232
2833,237618.33,1,0.15620921552181244,0.14632320404052734,0.2974,0.2204166054725647,12.716,-5.744,-0.058,90.279,1.01261
2834,237701.67,1,0.15673793852329254,0.1501646786928177,0.29519,0.21504752337932587,12.613,-5.684,-0.124,90.238,1.01258
2835,237785.0,1,0.14979596436023712,0.15569989383220673,0.29511,0.22427262365818024,12.651,-5.414,-0.221,90.261,1.0115
2836,237868.33,1,0.15083162486553192,0.16010165214538574,0.29459,0.22562964260578156,12.59,-5.26,-0.354,90.299,1.01149
2837,237951.67,1,0.14786535501480103,0.15506230294704437,0.29247,0.24900442361831665,12.728,-4.818,-0.284,90.322,1.01114
2838,238035.0,1,0.14844845235347748,0.13062098622322083,0.29783,0.25750982761383057,12.694,-4.436,-0.124,90.399,1.01093
2839,238118.33,1,0.14558565616607666,0.13250517845153809,0.29445,0.2634155750274658,12.625,-4.135,-0.379,90.493,1.01071
2840,238201.67,1,0.15092727541923523,0.1299903690814972,0.29493,0.26709142327308655,12.663,-3.852,-0.447,90.454,1.01152
2841,238285.0,1,0.16527509689331055,0.13652901351451874,0.29285,0.26417091488838196,12.896,-3.737,-0.453,90.432,1.01101
2842,238368.33,1,0.22551512718200684,0.19165268540382385,0.25656,0.2825016379356384,13.412,-3.421,-0.241,90.456,1.01008
2843,238451.67,1,0.2903221845626831,0.21810509264469147,0.23606,0.24375657737255096,13.789,-3.52,0.122,90.478,1.01034
2844,238536.67,1,0.27893635630607605,0.21789517998695374,0.2362,0.188226580619812,13.938,-3.899,0.261,90.567,1.01216
2845,238620.0,1,0.2671991288661957,0.2058618813753128,0.24124,0.19758202135562897,13.98,-4.167,0.348,90.61,1.01226
2846,238703.33,1,0.27829787135124207,0.20141251385211945,0.24401,0.23396508395671844,13.826,-4.427,0.354,90.594,1.01132
2847,238786.67,1,0.23387934267520905,0.1969062238931656,0.26094,0.28246432542800903,13.312,-4.692,0.29,90.631,1.01161
2848,238870.0,1,0.21019014716148376,0.17756997048854828,0.27681,0.2894338071346283,13.079,-4.802,0.249,90.627,1.01144
2849,238953.33,1,0.1932278573513031,0.16988612711429596,0.28317,0.2862035632133484,13.096,-4.821,0.258,90.21,1.01183
2850,239036.67,1,0.19273357093334198,0.17148731648921967,0.28529,0.2996894419193268,12.987,-4.774,0.396,89.767,1.01173
2851,239120.0,1,0.18026398122310638,0.17442002892494202,0.2874,0.26518356800079346,12.765,-4.508,0.707,89.596,1.0109
2852,239203.33,1,0.15982161462306976,0.15645840764045715,0.29796,0.28051865100860596,11.919,-4.339,0.889,89.296,1.01016
2853,239286.67,1,0.1984449326992035,0.20143672823905945,0.27802,0.27245140075683594,11.323,-4.426,0.92,89.33,1.00967
2854,239370.0,1,0.5500534772872925,0.5570276379585266,0.09104,0.31055131554603577,11.25,-4.486,0.968,89.211,1.00884
2855,239453.33,1,0.29707252979278564,0.3598342835903168,0.21284,0.2798035442829132,9.891,-4.765,1.113,89.242,1.00769
2856,239536.67,1,0.17796625196933746,0.21098339557647705,0.28543,0.2723822593688965,9.401,-4.961,1.273,89.866,1.00761
2857,239620.0,1,0.14366288483142853,0.1434214562177658,0.31162,0.2695932984352112,9.204,-4.734,1.37,93.414,1.00739
2858,239703.33,1,0.133686825633049,0.13037808239459991,0.31121,0.27027904987335205,8.827,-4.843,1.117,93.375,1.00603
2859,239786.67,1,0.12242915481328964,0.11101578176021576,0.32195,0.270677387714386,8.832,-4.702,0.961,93.356,1.00336
2860,239871.67,1,0.12586253881454468,0.09833936393260956,0.32655,0.27793440222740173,8.944,-4.564,1.027,93.338,1.00178
2861,239955.0,1,0.13206158578395844,0.09679096192121506,0.3272,0.27402105927467346,9.127,-4.372,1.087,93.976,0.99913
2862,240038.33,1,0.13772539794445038,0.10310447961091995,0.32299,0.27146223187446594,9.326,-4.262,1.046,94.758,0.99712
2863,240121.67,1,0.13421785831451416,0.10630806535482407,0.32242,0.284005343914032,9.561,-4.194,1.017,95.138,0.99497
2864,240205.0,1,0.1281198263168335,0.10517383366823196,0.32502,0.2892165184020996,9.588,-4.236,0.976,95.315,0.99481
2865,240288.33,1,0.1297779679298401,0.10650812089443207,0.32462,0.3191792070865631,9.775,-4.298,0.962,95.564,0.99401
2866,240371.67,1,0.13283085823059082,0.10466225445270538,0.32443,0.31521913409233093,9.838,-4.323,0.937,95.633,0.99437
2867,240455.0,1,0.12336806207895279,0.10271108895540237,0.32368,0.29503580927848816,9.845,-4.434,0.884,95.872,0.99451
2868,240538.33,1,0.10757772624492645,0.09716285020112991,0.32615,0.2809709906578064,10.06,-4.49,0.82,95.935,0.99502
2869,240621.67,1,0.09501989930868149,0.09112673997879028,0.32961,0.2732369899749756,10.153,-4.508,0.797,96.058,0.99619
2870,240705.0,1,0.08924654871225357,0.09103215485811234,0.33157,0.2710495591163635,10.235,-4.473,0.886,96.03,0.99651
2871,240788.33,1,0.6354564428329468,0.555755615234375,0.07493,0.2066144496202469,11.394,-4.469,0.834,96.252,0.99787
2872,240871.67,1,0.4001103937625885,0.3798902630805969,0.16926,0.13548509776592255,11.688,-5.401,0.5,96.497,0.99749
2873,240955.0,1,0.2706253230571747,0.25960680842399597,0.23283,0.14493566751480103,11.546,-7.024,-0.052,96.725,0.99831
2874,241038.33,1,0.22775869071483612,0.22350428998470306,0.25127,0.1664968878030777,11.689,-7.553,-0.227,96.819,0.99778
2875,241121.67,1,0.2235969752073288,0.22584965825080872,0.25568,0.18896247446537018,11.755,-7.425,-0.277,96.955,0.99754
2876,241205.0,1,0.6452511548995972,0.6571422815322876,0.0604,0.19920916855335236,12.953,-7.688,-0.574,97.147,0.99758
2877,241290.0,1,0.5505920648574829,0.5998048186302185,0.09015,0.21583406627178192,13.271,-7.561,-0.796,97.184,0.99813
2878,241373.33,1,0.43839380145072937,0.46534523367881775,0.1478,0.22296752035617828,13.972,-6.987,-0.56,97.13,0.99789
2879,241456.67,1,0.3636014759540558,0.3912261724472046,0.18916,0.2315685898065567,14.075,-6.964,-0.434,97.113,0.99821
2880,241540.0,1,0.3811880350112915,0.3508518934249878,0.19632,0.2403653860092163,14.201,-6.68,-0.365,97.121,0.99844
2881,241623.33,1,0.3646344244480133,0.2955532371997833,0.22144,0.18320678174495697,14.048,-5.965,-0.13,97.297,0.9983
2882,241706.67,1,0.3217148780822754,0.2717287242412567,0.23703,0.21048089861869812,13.149,-5.453,0.078,97.231,0.99838
2883,241790.0,1,0.26910722255706787,0.2707137167453766,0.25472,0.23720982670783997,11.599,-5.354,0.267,97.317,0.99748
2884,241873.33,1,0.2395348995923996,0.2510776221752167,0.26811,0.24322901666164398,10.645,-5.133,0.706,97.187,0.9962
2885,241956.67,1,0.3230140507221222,0.28275179862976074,0.22548,0.2215595543384552,10.336,-4.76,0.993,97.257,0.99623
2886,242040.0,1,0.6238032579421997,0.534803032875061,0.08469,0.26774927973747253,10.611,-4.511,0.911,97.25,0.99608
2887,242123.33,1,0.5931724309921265,0.515046238899231,0.09676,0.2643630802631378,10.625,-4.48,0.905,97.227,0.99532
2888,242206.67,1,0.7063742280006409,0.6675765514373779,0.03501,0.261949747800827,10.885,-4.464,0.704,97.231,0.99557
2889,242290.0,1,0.7319320440292358,0.6841048002243042,0.02552,0.26481685042381287,11.361,-4.526,0.603,97.28,0.99521
2890,242373.33,1,0.6335158348083496,0.5563927888870239,0.07378,0.24198177456855774,11.578,-4.563,0.634,97.258,0.99596
2891,242456.67,1,0.5096932649612427,0.45556092262268066,0.12866,0.23854096233844757,11.683,-4.549,0.576,97.262,0.99549
2892,242540.0,1,0.4655122756958008,0.420834481716156,0.14816,0.24917638301849365,11.714,-4.528,0.622,97.248,0.99589
2893,242623.33,1,0.4385145306587219,0.3975311815738678,0.15975,0.2677212953567505,11.756,-4.475,0.637,97.156,0.99563
2894,242708.33,1,0.4251072406768799,0.38783353567123413,0.16382,0.26379045844078064,11.86,-4.445,0.639,97.029,0.99572
2895,242791.67,1,0.41139131784439087,0.38079366087913513,0.16989,0.2564004361629486,12.414,-4.392,0.592,96.957,0.99555
2896,242875.0,1,0.3968604505062103,0.3690423369407654,0.17762,0.2662853002548218,12.427,-4.391,0.536,96.873,0.99629
2897,242958.33,1,0.38615378737449646,0.3690635561943054,0.18035,0.2643048167228699,12.463,-4.382,0.491,96.892,0.99644
2898,243041.67,1,0.3925926387310028,0.376861572265625,0.17561,0.26669514179229736,12.467,-4.368,0.501,96.861,0.99785
2899,243125.0,1,0.3972087800502777,0.36876124143600464,0.1775,0.25875964760780334,12.482,-4.334,0.485,96.838,0.99797
2900,243208.33,1,0.40512382984161377,0.37415435910224915,0.17382,0.24851977825164795,12.497,-4.326,0.448,96.779,0.99774
2901,243291.67,1,0.41002315282821655,0.3979629874229431,0.16464,0.2593784034252167,12.592,-4.331,0.474,96.677,0.99676
2902,243375.0,1,0.40710029006004333,0.3948116600513458,0.16538,0.26447322964668274,12.654,-4.298,0.49,96.645,0.99766
2903,243458.33,1,0.409211128950119,0.38771340250968933,0.16727,0.24426209926605225,12.683,-4.232,0.489,96.675,0.99705
2904,243541.67,1,0.4120393693447113,0.4029238224029541,0.1727,0.2267630696296692,11.811,-4.354,0.472,96.657,0.99747
2905,243625.0,1,0.4037948250770569,0.41439443826675415,0.16493,0.2281593233346939,11.813,-4.42,0.344,96.685,0.99676
2906,243708.33,1,0.39539089798927307,0.3950691819190979,0.16931,0.23228086531162262,11.802,-4.362,0.371,96.591,0.99694
2907,243791.67,1,0.3407798111438751,0.3449775278568268,0.19663,0.2419990748167038,11.733,-4.276,0.376,96.562,0.99609
2908,243875.0,1,0.2941771447658539,0.31290948390960693,0.22179,0.24144746363162994,11.51,-4.274,0.239,96.539,0.9965
2909,243958.33,1,0.2652971148490906,0.32283660769462585,0.23371,0.228988915681839,11.171,-4.393,0.042,96.483,0.99687
2910,244041.67,1,0.2688122093677521,0.3364933431148529,0.23106,0.2241733968257904,11.129,-4.397,-0.079,96.513,0.99612
2911,244126.67,1,0.25830358266830444,0.33188149333000183,0.23395,0.23232319951057434,11.19,-4.387,-0.051,96.636,0.99702
2912,244210.0,1,0.5603956580162048,0.5757216215133667,0.09449,0.24705076217651367,11.432,-4.589,0.045,96.699,0.99671
2913,244293.33,1,0.629225492477417,0.5980084538459778,0.06683,0.25659966468811035,11.686,-4.695,0.018,96.799,0.99592
2914,244376.67,1,0.41842877864837646,0.4309636950492859,0.15188,0.2592499554157257,11.668,-4.697,0.086,96.761,0.99547
2915,244460.0,1,0.33417999744415283,0.3302548825740814,0.19878,0.2896476984024048,11.477,-4.58,0.085,96.821,0.99505
2916,244543.33,1,0.31232354044914246,0.307472288608551,0.21742,0.30947086215019226,11.498,-4.305,0.019,96.772,0.99564
2917,244626.67,1,0.2749280035495758,0.26502639055252075,0.23733,0.3192053735256195,11.391,-4.209,0.016,96.729,0.99602
2918,244710.0,1,0.26514142751693726,0.2563069462776184,0.24122,0.3084685802459717,11.221,-4.041,0.008,96.655,0.9961
2919,244793.33,1,0.25834453105926514,0.24586406350135803,0.24538,0.29566532373428345,11.318,-3.893,0.054,96.577,0.99623
2920,244876.67,1,0.25360724329948425,0.2422085404396057,0.2492,0.2781837582588196,11.302,-3.856,0.077,96.57,0.99596
2921,244960.0,1,0.24815067648887634,0.24265150725841522,0.25326,0.298746258020401,11.15,-3.919,0.065,96.597,0.99565
2922,245043.33,1,0.1921347677707672,0.19793500006198883,0.28147,0.2350214570760727,10.609,-4.25,-0.23,96.589,0.99506
2923,245126.67,1,0.17507247626781464,0.1884671151638031,0.29263,0.2225024253129959,9.886,-4.969,-0.509,96.676,0.99496
2924,245210.0,1,0.14442457258701324,0.1642277091741562,0.30162,0.21016815304756165,9.467,-5.32,-0.511,96.701,0.99473
2925,245293.33,1,0.14505596458911896,0.16573978960514069,0.3021,0.21289418637752533,8.956,-5.455,-0.532,96.669,0.99424
2926,245376.67,1,0.14563032984733582,0.1610293686389923,0.30223,0.21865743398666382,8.954,-5.711,-0.467,96.59,0.99424
2927,245461.67,1,0.1504397988319397,0.15936188399791718,0.30065,0.2191859632730484,8.966,-5.837,-0.328,96.553,0.9951
2928,245545.0,1,0.15884622931480408,0.1670367270708084,0.29397,0.22718113660812378,8.452,-6.154,-0.356,96.481,0.99471
2929,245628.33,1,0.1465941220521927,0.15368099510669708,0.29923,0.19901303946971893,8.574,-6.176,-0.183,96.499,0.99473
2930,245711.67,1,0.14325717091560364,0.15179766714572906,0.30052,0.189613476395607,8.575,-6.098,-0.134,96.431,0.99541
2931,245878.33,1,0.1542881280183792,0.14794301986694336,0.30193,0.2054472118616104,8.508,-5.728,-0.207,96.442,0.99434
2932,245961.67,1,0.15131361782550812,0.15050184726715088,0.29556,0.20749087631702423,8.464,-5.535,-0.125,96.45,0.99415
2933,246045.0,1,0.13173288106918335,0.13358765840530396,0.29783,0.21213659644126892,8.75,-4.619,0.042,96.346,0.99358
2934,246128.33,1,0.13334912061691284,0.1265958696603775,0.30041,0.18892747163772583,9.278,-3.207,0.416,96.089,0.993
2935,246211.67,1,0.7212685346603394,0.66162109375,0.035,0.24284440279006958,9.947,-2.403,0.49,96.105,0.99455
2936,246295.0,1,0.6601589918136597,0.6564792394638062,0.04832,0.175675630569458,12.429,-2.767,0.31,96.13,0.99432
2937,246378.33,1,0.5640767812728882,0.5649603605270386,0.08562,0.1834685057401657,13.404,-3.468,-0.61,96.094,0.99495
2938,246461.67,1,0.5687623620033264,0.5306675434112549,0.0901,0.2114241123199463,14.226,-3.865,-0.941,96.25,0.99499
2939,246545.0,1,0.5700259208679199,0.5174787044525146,0.09151,0.2131950408220291,14.543,-3.862,-1.081,96.27,0.99622
2940,246628.33,1,0.528328001499176,0.5197323560714722,0.09906,0.22018776834011078,14.341,-3.926,-1.095,96.115,0.99577
2941,246711.67,1,0.3962266147136688,0.36731192469596863,0.1738,0.21060025691986084,14.175,-3.958,-1.403,96.197,0.99595
2942,246795.0,1,0.3630819022655487,0.35253098607063293,0.18594,0.22744417190551758,13.45,-3.892,-1.628,95.946,0.99471
2943,246880.0,1,0.32186347246170044,0.3256464898586273,0.2049,0.25249430537223816,12.981,-3.471,-2.008,95.834,0.99446
2944,246963.33,1,0.3084239065647125,0.36384257674217224,0.20067,0.25603628158569336,12.858,-3.228,-2.256,95.712,0.99469
2945,247046.67,1,0.3079878091812134,0.3937309980392456,0.19139,0.250839501619339,12.956,-2.977,-2.243,95.761,0.99484
2946,247130.0,1,0.290193110704422,0.3793570399284363,0.20426,0.26521599292755127,12.721,-2.816,-2.027,95.618,0.99489
2947,247213.33,1,0.2807299792766571,0.3047139048576355,0.21892,0.28481659293174744,12.051,-2.107,-0.772,95.799,0.99442
2948,247296.67,1,0.1357986330986023,0.16203837096691132,0.29067,0.27830076217651367,10.658,-0.465,0.463,95.762,0.99449
2949,247380.0,1,0.1635560691356659,0.1739884912967682,0.29673,0.2644338607788086,10.35,1.153,0.946,95.664,0.99541
2950,247463.33,1,0.18530599772930145,0.20212750136852264,0.28054,0.3248280882835388,10.048,1.973,1.044,95.253,0.99573
2951,247546.67,1,0.1959182620048523,0.21336977183818817,0.27168,0.3600120544433594,9.978,2.285,1.056,95.155,0.99573
2952,247630.0,1,0.19925138354301453,0.20458468794822693,0.27416,0.36114582419395447,9.798,2.402,1.158,94.945,0.99539
2953,247713.33,1,0.1783587783575058,0.18977634608745575,0.28896,0.319902241230011,9.73,2.478,1.334,94.923,0.99547
2954,247796.67,1,0.1888432502746582,0.20019298791885376,0.28481,0.3010752201080322,9.886,2.595,1.314,94.762,0.99524
2955,247880.0,1,0.6819556951522827,0.6415513753890991,0.05488,0.23696720600128174,10.327,1.975,1.385,94.715,0.99611
2956,247963.33,1,0.5896971225738525,0.5729900598526001,0.07979,0.22436755895614624,12.371,-0.009,1.135,94.723,0.99553
2957,248046.67,1,0.3892839550971985,0.4304918050765991,0.15037,0.15919175744056702,13.549,-1.692,-0.109,94.871,0.99593
2958,248215.0,1,0.30367523431777954,0.3198324143886566,0.21553,0.1909942924976349,13.849,-3.089,-0.997,95.52,0.99667
2959,248298.33,1,0.3497404158115387,0.31568172574043274,0.2022,0.21359562873840332,14.341,-3.416,-0.847,96.185,0.99618
2960,248381.67,1,0.39373254776000977,0.3657931685447693,0.17349,0.2266993522644043,14.618,-3.425,-0.787,96.583,0.99645
2961,248465.0,1,0.4121907949447632,0.3965403735637665,0.16241,0.21180133521556854,14.876,-3.283,-1.026,98.607,1.0005
2962,248548.33,1,0.40572652220726013,0.37104105949401855,0.16686,0.1976453810930252,15.568,-3.196,-1.118,100.292,1.00329
2963,248631.67,1,0.5458471775054932,0.5086064338684082,0.09655,0.19737231731414795,16.702,-3.505,-0.997,101.084,1.00474
2964,248715.0,1,0.5924800634384155,0.6041280031204224,0.06921,0.16930148005485535,18.087,-4.28,-0.942,96.519,1.00155
2965,248798.33,1,0.6262637376785278,0.5953450798988342,0.0686,0.2210087925195694,18.0,-4.525,-0.996,95.439,1.0028
2966,248881.67,1,0.5556615591049194,0.5150917172431946,0.1061,0.2325931340456009,17.671,-4.504,-0.831,94.956,1.00261
2967,248965.0,1,0.47385892271995544,0.4186617434024811,0.14825,0.23654620349407196,17.282,-4.735,-0.859,94.668,1.00264
2968,249048.33,1,0.38609611988067627,0.3543839454650879,0.18275,0.24206410348415375,16.673,-4.922,-0.808,94.562,1.00202
2969,249131.67,1,0.3616577982902527,0.33348706364631653,0.19402,0.2711084187030792,16.262,-5.014,-0.751,94.261,1.00129
2970,249215.0,1,0.3777184784412384,0.36306032538414,0.18657,0.2659447491168976,15.731,-4.957,-0.625,93.906,1.00031
2971,249298.33,1,0.4209972321987152,0.4028412103652954,0.17134,0.2628701329231262,15.161,-4.688,-0.42,93.509,0.99936
2972,249381.67,1,0.39525213837623596,0.3888058066368103,0.17952,0.25435152649879456,14.768,-4.723,-0.435,93.128,0.9987
2973,249465.0,1,0.3909916281700134,0.37595346570014954,0.18486,0.25300368666648865,14.138,-4.541,-0.297,93.019,0.99834
2974,249548.33,1,0.3836100995540619,0.34733137488365173,0.18703,0.2604050040245056,14.064,-4.556,-0.196,92.864,0.9989
2975,249633.33,1,0.40761664509773254,0.3945460617542267,0.17127,0.2842305898666382,13.669,-4.621,0.039,92.691,0.99846
2976,249716.67,1,0.26145535707473755,0.29296520352363586,0.23481,0.29524582624435425,13.215,-4.638,0.189,92.201,0.99714
2977,249800.0,1,0.27389025688171387,0.29873353242874146,0.22987,0.2835198938846588,13.178,-4.418,0.091,91.73,0.99714
2978,249883.33,1,0.2881089150905609,0.30940061807632446,0.22261,0.28689804673194885,13.222,-3.645,0.105,91.325,0.99624
2979,249966.67,1,0.28158774971961975,0.3037789762020111,0.22444,0.2999194264411926,13.364,-3.065,0.174,91.108,0.99598
2980,250050.0,1,0.25149446725845337,0.27967485785484314,0.24077,0.3049451410770416,13.222,-2.647,0.31,91.107,0.99652
2981,250133.33,1,0.2422802895307541,0.24691656231880188,0.2502,0.32752156257629395,12.84,-2.671,0.153,91.181,0.99651
2982,250216.67,1,0.24254362285137177,0.24154624342918396,0.25127,0.37420132756233215,12.723,-2.773,0.068,91.223,0.99698
2983,250300.0,1,0.25338995456695557,0.266096830368042,0.24322,0.34048742055892944,12.757,-2.813,-0.004,91.298,0.9965
2984,250383.33,1,0.2458338439464569,0.25410929322242737,0.25195,0.3637178838253021,12.742,-2.78,-0.277,91.412,0.99655
2985,250466.67,1,0.22557128965854645,0.23955509066581726,0.25788,0.3166671693325043,12.427,-2.292,-0.574,91.512,0.99645
2986,250550.0,1,0.21456386148929596,0.21979321539402008,0.26123,0.3138505220413208,12.08,-1.922,-0.553,91.45,0.99597
2987,250633.33,1,0.2326398640871048,0.2079254388809204,0.25788,0.2905867099761963,12.261,-1.807,-0.467,91.276,0.9968
2988,250716.67,1,0.2553025186061859,0.19633756577968597,0.25611,0.20075623691082,12.298,-1.81,-0.277,91.029,0.99664
2989,250800.0,1,0.2591705024242401,0.21010559797286987,0.25042,0.19883638620376587,12.245,-1.851,-0.35,90.997,0.99672
2990,250883.33,1,0.24818763136863708,0.20575565099716187,0.25152,0.2175745666027069,12.083,-1.518,-0.413,90.89,0.99748
2991,250966.67,1,0.5693440437316895,0.47721171379089355,0.1214,0.24386800825595856,12.249,-1.244,-0.524,90.896,0.99667
2992,251051.67,1,0.5812808275222778,0.514307975769043,0.10302,0.2898867726325989,12.376,-1.313,-0.633,90.837,0.99704
2993,251135.0,1,0.43556639552116394,0.43596887588500977,0.14965,0.29548490047454834,12.305,-1.343,-0.627,90.772,0.99713
2994,251218.33,1,0.3048290014266968,0.373292475938797,0.19526,0.28915107250213623,12.096,-1.564,-0.569,90.78,0.99737
2995,251301.67,1,0.27730485796928406,0.34210675954818726,0.21123,0.2885371148586273,12.005,-1.632,-0.531,90.799,0.99713
2996,251385.0,1,0.25438836216926575,0.31815454363822937,0.22203,0.2814522683620453,11.972,-1.629,-0.497,90.748,0.99718
2997,251468.33,1,0.2558289170265198,0.3092864453792572,0.22401,0.29301905632019043,11.959,-1.68,-0.453,90.745,0.99688
2998,251551.67,1,0.26628440618515015,0.3135882616043091,0.22545,0.2885548174381256,11.859,-1.802,-0.341,90.704,0.99696
2999,251635.0,1,0.2712801992893219,0.29709020256996155,0.23384,0.26128286123275757,11.623,-2.05,-0.25,90.653,0.99723
3000,251718.33,1,0.2723939120769501,0.2893613278865814,0.23197,0.2401161640882492,11.462,-2.249,-0.239,90.629,0.99653
3001,251801.67,1,0.275032639503479,0.2739604115486145,0.23584,0.24465309083461761,11.208,-2.339,-0.218,90.742,0.99621
3002,251885.0,1,0.27884334325790405,0.2717079222202301,0.23507,0.2537287473678589,11.138,-2.31,-0.203,90.757,0.99592
3003,251968.33,1,0.2826772928237915,0.2779476046562195,0.23224,0.258758008480072,11.056,-2.328,-0.225,90.759,0.99591
3004,252051.67,1,0.27716490626335144,0.28551778197288513,0.23298,0.26584136486053467,10.98,-2.296,-0.319,90.76,0.99559
3005,252135.0,1,0.27635490894317627,0.2852437496185303,0.23394,0.27470695972442627,10.89,-2.312,-0.37,90.75,0.99534
3006,252218.33,1,0.5759546756744385,0.5592775344848633,0.08913,0.27699562907218933,11.04,-2.413,-0.469,90.82,0.99589
3007,252301.67,1,0.5918265581130981,0.5615593194961548,0.07829,0.2643296718597412,11.507,-2.699,-0.61,90.869,0.99653
3008,252385.0,1,0.3409971594810486,0.4078301191329956,0.175,0.26222532987594604,11.61,-3.107,-0.58,90.797,0.99616
3009,252470.0,1,0.22792646288871765,0.26946473121643066,0.24345,0.39766570925712585,11.977,-3.763,-0.556,90.973,0.99517
3010,252553.33,1,0.18931226432323456,0.1974402219057083,0.27933,0.5547599792480469,12.263,-4.162,-0.623,91.151,0.99492
3011,252636.67,1,0.17364321649074554,0.17660310864448547,0.29671,0.5438624620437622,11.867,-4.427,-0.565,91.268,0.99466
3012,252720.0,1,0.17565377056598663,0.18658354878425598,0.29165,0.5682174563407898,11.256,-4.637,-0.632,91.798,0.99572
3013,252803.33,1,0.192568838596344,0.20411580801010132,0.27803,0.5103941559791565,10.981,-4.659,-0.77,92.144,0.99562
3014,252886.67,1,0.2071523666381836,0.20856882631778717,0.27053,0.41336068511009216,10.625,-4.452,-0.628,92.192,0.99624
3015,252970.0,1,0.29238975048065186,0.2554455101490021,0.23695,0.3999377489089966,10.307,-4.217,-0.502,92.103,0.99589
3016,253053.33,1,0.2920205891132355,0.28184744715690613,0.23335,0.35122835636138916,10.371,-4.047,-0.462,91.655,0.99588
3017,253136.67,1,0.26914235949516296,0.27521494030952454,0.24237,0.23197610676288605,10.32,-3.757,-0.464,91.387,0.99582
3018,253220.0,1,0.23763474822044373,0.22462020814418793,0.25665,0.22065116465091705,10.698,-3.095,0.092,91.123,0.99433
3019,253303.33,1,0.20946116745471954,0.1814894676208496,0.27021,0.2880367934703827,10.987,-2.261,0.803,90.923,0.99432
3020,253386.67,1,0.1855611652135849,0.16194729506969452,0.27966,0.30387499928474426,10.863,-1.816,1.086,90.789,0.99413
3021,253470.0,1,0.1764502376317978,0.15573285520076752,0.28214,0.2954016327857971,10.843,-1.573,1.16,90.686,0.99479
3022,253553.33,1,0.1772925853729248,0.15374833345413208,0.28323,0.2971523702144623,10.765,-1.486,1.236,90.582,0.9947
3023,253636.67,1,0.17425331473350525,0.15272070467472076,0.28424,0.2816632390022278,10.695,-1.414,1.27,90.522,0.99372
3024,253720.0,1,0.1707836240530014,0.1555858850479126,0.28691,0.2606521248817444,10.669,-1.378,1.248,90.481,0.9937
3025,253805.0,1,0.16356413066387177,0.15545065701007843,0.29024,0.25526049733161926,10.549,-1.43,1.222,90.469,0.99398
3026,253888.33,1,0.16376203298568726,0.15846744179725647,0.29159,0.25861701369285583,10.487,-1.394,1.054,90.404,0.99416
3027,253971.67,1,0.1482163965702057,0.15190710127353668,0.29537,0.2625722587108612,10.534,-1.386,0.878,90.442,0.99409
3028,254055.0,1,0.14905253052711487,0.15750938653945923,0.29406,0.26031917333602905,10.525,-1.263,0.774,90.351,0.99408
3029,254138.33,1,0.14763133227825165,0.15373603999614716,0.29487,0.2603555917739868,10.45,-1.115,0.749,90.295,0.99425
3030,254221.67,1,0.14737023413181305,0.16481567919254303,0.29404,0.26808011531829834,10.589,-0.931,0.608,90.294,0.99496
3031,254305.0,1,0.15098048746585846,0.167341411113739,0.29461,0.2695995271205902,10.632,-0.775,0.456,90.406,0.99414
3032,254388.33,1,0.38966140151023865,0.4314776659011841,0.17262,0.2674983739852905,10.608,-0.751,0.304,90.578,0.99534
3033,254471.67,1,0.6809433698654175,0.6522610187530518,0.04943,0.41329848766326904,11.204,-0.505,-0.179,90.732,0.99514
3034,254555.0,1,0.6642107963562012,0.6133833527565002,0.05832,0.38579049706459045,12.414,-0.827,-0.247,90.775,0.99491
3035,254638.33,1,0.6163274049758911,0.5904722213745117,0.07267,0.3219977021217346,13.569,-1.378,-0.636,90.974,0.9957
3036,254721.67,1,0.5749062299728394,0.5584244132041931,0.08385,0.28453853726387024,14.415,-1.822,-0.986,91.29,0.99571
3037,254805.0,1,0.6246417164802551,0.549769401550293,0.0727,0.3070664405822754,14.85,-1.437,-1.174,90.932,0.99636
3038,254888.33,1,0.6090348958969116,0.5511182546615601,0.07776,0.29830047488212585,15.186,-0.553,-1.215,90.444,0.99778
3039,254971.67,1,0.5892587304115295,0.5694974064826965,0.08051,0.2310093194246292,14.961,-0.269,-1.218,90.062,0.99939
3040,255055.0,1,0.6097971200942993,0.5876861810684204,0.07262,0.22585918009281158,14.609,0.04,-1.423,89.912,0.99992
3041,255138.33,1,0.5300570726394653,0.5714815855026245,0.10095,0.2232152670621872,14.065,0.644,-1.479,90.017,1.00101
3042,255223.33,1,0.22334638237953186,0.2826560437679291,0.26058,0.2965480387210846,12.198,1.718,-1.392,89.908,1.00111
3043,255306.67,1,0.13191615045070648,0.1951957643032074,0.31867,0.26743730902671814,10.215,2.137,-1.353,90.011,0.99945
3044,255390.0,1,0.12623834609985352,0.18312613666057587,0.3111,0.28320831060409546,9.024,2.037,-1.526,90.15,0.99825
3045,255473.33,1,0.1349855214357376,0.19261348247528076,0.31084,0.18330909311771393,8.4,1.563,-1.511,90.153,0.99675
3046,255556.67,1,0.12052834779024124,0.15380655229091644,0.30702,0.24616174399852753,7.927,1.388,-1.086,90.486,0.99602
3047,255640.0,1,0.11922229826450348,0.16337506473064423,0.30366,0.24004597961902618,7.532,1.399,-1.248,90.283,0.99562
3048,255723.33,1,0.10959590971469879,0.1512112021446228,0.31103,0.27963563799858093,7.419,1.464,-1.07,90.55,0.99512
3049,255806.67,1,0.10203585773706436,0.16161571443080902,0.31241,0.2890821695327759,7.251,1.454,-1.054,91.261,0.99575
3050,255890.0,1,0.11601880937814713,0.176670640707016,0.30337,0.3135063350200653,7.387,1.436,-1.087,92.154,0.99576
3051,255973.33,1,0.10376628488302231,0.18612870573997498,0.30803,0.2928924858570099,8.127,1.427,-1.05,92.687,0.99775
3052,256056.67,1,0.09499429166316986,0.1766832023859024,0.30824,0.2877618670463562,9.031,1.134,-0.503,92.586,0.99757
3053,256140.0,1,0.11956419050693512,0.18948280811309814,0.30372,0.30357009172439575,9.194,1.198,-0.08,92.668,0.99815
3054,256223.33,1,0.14380359649658203,0.18785437941551208,0.29799,0.3337624967098236,9.243,1.571,0.101,93.126,0.99866
3055,256306.67,1,0.1940462440252304,0.2140236645936966,0.2827,0.3869401514530182,9.303,2.393,-0.179,93.209,0.99995
3056,256390.0,1,0.21320681273937225,0.26939427852630615,0.25602,0.38005197048187256,9.497,2.321,-0.344,93.188,1.00034
3057,256473.33,1,0.5633057355880737,0.6238216161727905,0.09227,0.3134955167770386,9.528,2.31,-0.395,93.15,1.00139
3058,256558.33,1,0.5443534851074219,0.5449818968772888,0.12316,0.36003708839416504,9.254,2.49,-0.47,92.893,1.00049
3059,256641.67,1,0.3369016647338867,0.29492560029029846,0.21586,0.34511828422546387,9.164,2.559,-0.505,92.626,1.0014
3060,256725.0,1,0.2664257287979126,0.21932946145534515,0.25062,0.31624919176101685,8.946,2.636,-0.504,92.333,1.00234
3061,256808.33,1,0.24744205176830292,0.20449477434158325,0.26185,0.27745410799980164,8.655,2.795,-0.535,92.321,1.00225
3062,256891.67,1,0.22327005863189697,0.21024511754512787,0.27089,0.2685355544090271,8.433,3.019,-0.772,92.16,1.00222
3063,256975.0,1,0.20440436899662018,0.21765094995498657,0.2762,0.2838340699672699,8.766,3.152,-1.105,92.008,1.00161
3064,257058.33,1,0.1882314383983612,0.2435915470123291,0.27043,0.24469158053398132,9.511,2.989,-1.452,91.819,1.00166
3065,257141.67,1,0.17992843687534332,0.2613782286643982,0.26917,0.2438564896583557,9.743,3.058,-1.639,91.967,1.00182
3066,257225.0,1,0.17670118808746338,0.2717745006084442,0.26839,0.2264063060283661,9.736,3.134,-1.81,92.124,1.00123
3067,257308.33,1,0.16970868408679962,0.2769604027271271,0.26741,0.24726909399032593,9.624,3.346,-1.991,92.425,1.00073
3068,257391.67,1,0.1686311513185501,0.2585824131965637,0.26356,0.2308751940727234,9.28,3.123,-1.825,92.368,0.99961
3069,257475.0,1,0.17116719484329224,0.22839130461215973,0.27017,0.22925648093223572,9.455,2.374,-1.343,91.906,0.9985
3070,257558.33,1,0.17970211803913116,0.22985433042049408,0.26469,0.21547704935073853,9.211,0.664,-1.392,91.695,0.99659
3071,257641.67,1,0.5315515398979187,0.6008657217025757,0.08635,0.18124188482761383,8.896,-0.815,-1.084,91.754,0.99572
3072,257725.0,1,0.610623300075531,0.6517667770385742,0.05151,0.13257959485054016,8.916,-1.609,-0.344,92.695,0.99552
3073,257808.33,1,0.5973005294799805,0.6183093786239624,0.05948,0.14075863361358643,8.66,-1.759,0.609,94.101,0.99689
3074,257891.67,1,0.5612318515777588,0.5666460394859314,0.07846,0.1083601713180542,9.175,-2.157,0.911,94.874,0.99809
3075,257976.67,1,0.6271522045135498,0.6031999588012695,0.05561,0.09903855621814728,9.377,-3.222,0.767,95.706,0.99863
3076,258060.0,1,0.6852943897247314,0.6338032484054565,0.03631,0.14370684325695038,9.774,-3.472,0.493,96.03,0.99845
3077,258143.33,1,0.5535421371459961,0.5102285146713257,0.0955,0.18499788641929626,9.388,-3.608,0.573,96.216,0.99816
3078,258226.67,1,0.34914228320121765,0.3784450888633728,0.17222,0.22421680390834808,9.401,-3.678,0.634,96.187,0.99893
3079,258310.0,1,0.35870361328125,0.37762701511383057,0.17315,0.24875983595848083,9.57,-3.814,0.558,96.097,0.99845
3080,258393.33,1,0.37161827087402344,0.3765519857406616,0.17458,0.24618899822235107,9.79,-3.728,0.595,95.753,0.9988
3081,258476.67,1,0.36398380994796753,0.354824036359787,0.18786,0.237621009349823,9.918,-3.691,0.766,95.603,0.998
3082,258560.0,1,0.3287578821182251,0.3470494747161865,0.19471,0.23622314631938934,10.257,-3.597,0.717,94.997,0.99666
3083,258643.33,1,0.2946408689022064,0.34620609879493713,0.20245,0.24818728864192963,10.194,-3.577,0.791,94.088,0.99505
3084,258726.67,1,0.2649626135826111,0.34087201952934265,0.21644,0.2685006558895111,10.126,-3.705,0.778,93.829,0.99462
3085,258810.0,1,0.27263376116752625,0.3565249741077423,0.20939,0.2931134104728699,10.365,-3.751,0.745,93.731,0.99508
3086,258893.33,1,0.2726486623287201,0.3567059636116028,0.21069,0.31181570887565613,10.408,-3.522,0.796,93.62,0.99505
3087,258976.67,1,0.24846388399600983,0.33743229508399963,0.22129,0.3113170862197876,10.615,-3.411,0.756,93.721,0.99478
3088,259060.0,1,0.23361527919769287,0.3158552646636963,0.23046,0.3101678788661957,10.809,-3.403,0.57,93.729,0.99504
3089,259143.33,1,0.23036828637123108,0.29539257287979126,0.23082,0.3103947639465332,10.927,-3.566,0.429,93.709,0.99586
3090,259226.67,1,0.19238044321537018,0.1868574619293213,0.27302,0.4144989252090454,12.195,-4.046,0.656,93.959,0.99654
3091,259310.0,1,0.1996215134859085,0.1758686751127243,0.27623,0.6134950518608093,12.16,-4.334,0.859,94.197,0.99598
3092,259395.0,1,0.2143586277961731,0.18754734098911285,0.27305,0.6210082769393921,12.105,-4.395,1.161,94.168,0.99602
3093,259478.33,1,0.24031904339790344,0.21330773830413818,0.26507,0.5901979804039001,12.012,-4.668,1.139,94.436,0.99594
3094,259561.67,1,0.24908746778964996,0.22239045798778534,0.25905,0.5588725805282593,11.595,-4.833,1.082,94.497,0.99521
3095,259645.0,1,0.23495055735111237,0.22311750054359436,0.25652,0.54258793592453,11.217,-5.136,0.951,94.424,0.99468
3096,259728.33,1,0.2452107071876526,0.2401612550020218,0.24806,0.4757963716983795,11.239,-5.006,0.826,94.189,0.99472
3097,259811.67,1,0.2706856429576874,0.2565751075744629,0.23324,0.3590708076953888,11.145,-4.679,0.602,93.7,0.99401
3098,259895.0,1,0.26341766119003296,0.2531416118144989,0.2349,0.3175162374973297,10.928,-4.333,0.512,93.472,0.99426
3099,259978.33,1,0.2701621353626251,0.2642601430416107,0.23456,0.29882004857063293,11.091,-4.058,0.494,93.311,0.99432
3100,260061.67,1,0.2599566876888275,0.2569830119609833,0.23896,0.28534096479415894,10.976,-3.801,0.622,93.192,0.99441
3101,260145.0,1,0.26284080743789673,0.2586277425289154,0.23781,0.27625754475593567,11.056,-3.583,0.665,93.167,0.99407
3102,260228.33,1,0.26264870166778564,0.2605935037136078,0.23757,0.2747718393802643,11.141,-3.478,0.679,93.104,0.99439
3103,260311.67,1,0.2733650505542755,0.27560973167419434,0.23261,0.28530994057655334,11.138,-3.405,0.687,93.071,0.9942
3104,260395.0,1,0.28700342774391174,0.28441375494003296,0.22794,0.28528982400894165,11.194,-3.397,0.736,93.015,0.99447
3105,260478.33,1,0.33945152163505554,0.32021328806877136,0.20772,0.27723705768585205,11.212,-3.328,0.733,92.971,0.99458
3106,260561.67,1,0.7470805644989014,0.644152820110321,0.03947,0.2884589731693268,11.264,-3.191,0.688,92.986,0.99426
3107,260645.0,1,0.6753208637237549,0.5915220975875854,0.05652,0.2827599346637726,11.39,-3.163,0.735,92.997,0.99461
3108,260728.33,1,0.3665339946746826,0.38778790831565857,0.17299,0.2745179533958435,11.144,-3.187,0.798,92.989,0.9956
3109,260813.33,1,0.2505227029323578,0.25446730852127075,0.23875,0.2648753523826599,10.654,-3.172,0.79,93.104,0.99563
3110,260896.67,1,0.2086450308561325,0.2039240002632141,0.2651,0.26638132333755493,10.224,-3.231,0.797,93.133,0.99474
3111,260980.0,1,0.2006404846906662,0.1887921839952469,0.27171,0.2679930031299591,10.01,-3.17,0.875,93.222,0.99521
3112,261063.33,1,0.20739643275737762,0.19249939918518066,0.27317,0.27756574749946594,9.833,-3.139,0.792,93.21,0.99515
3113,261146.67,1,0.21199463307857513,0.20743043720722198,0.26827,0.27341121435165405,9.694,-3.158,0.767,93.255,0.99592
3114,261230.0,1,0.21533840894699097,0.21154733002185822,0.26669,0.27137482166290283,9.687,-3.183,0.746,93.191,0.99561
3115,261313.33,1,0.21480202674865723,0.2233203649520874,0.26428,0.26931190490722656,9.694,-3.195,0.736,93.163,0.99597
3116,261396.67,1,0.21872955560684204,0.234775573015213,0.26007,0.2589377164840698,9.713,-3.18,0.742,93.109,0.99615
3117,261480.0,1,0.7156633138656616,0.6172423362731934,0.05011,0.24795113503932953,9.893,-3.199,0.65,93.175,0.99567
3118,261563.33,1,0.616661548614502,0.5524783730506897,0.07909,0.24011294543743134,9.949,-3.29,0.621,93.103,0.99565
3119,261646.67,1,0.32193315029144287,0.34706681966781616,0.19196,0.24316975474357605,9.882,-3.305,0.636,93.029,0.99576
3120,261730.0,1,0.24216583371162415,0.24844999611377716,0.23593,0.24507714807987213,9.869,-3.314,0.602,92.931,0.99624
3121,261813.33,1,0.23388943076133728,0.23067106306552887,0.24575,0.25499290227890015,9.991,-3.339,0.585,92.998,0.99553
3122,261896.67,1,0.23330605030059814,0.2228410542011261,0.25012,0.25705283880233765,10.066,-3.337,0.602,92.946,0.99585
3123,261980.0,1,0.2332710176706314,0.22648844122886658,0.25062,0.2582491636276245,10.056,-3.323,0.595,92.959,0.99565
3124,262063.33,1,0.231146901845932,0.22947722673416138,0.25111,0.2568545639514923,10.023,-3.345,0.558,92.891,0.99509
3125,262148.33,1,0.22736404836177826,0.23144672811031342,0.25239,0.2777644097805023,9.956,-3.364,0.544,92.84,0.99544
3126,262231.67,1,0.23189343512058258,0.250794917345047,0.24786,0.28244417905807495,10.044,-3.412,0.52,92.767,0.99516
3127,262315.0,1,0.6073120832443237,0.5188275575637817,0.09166,0.28391891717910767,10.459,-3.478,0.407,92.819,0.99498
3128,262398.33,1,0.682083249092102,0.6136814951896667,0.04435,0.3345690667629242,10.91,-3.735,0.533,92.825,0.99524
3129,262481.67,1,0.6052124500274658,0.5353342294692993,0.07827,0.325046181678772,10.839,-3.833,0.654,92.745,0.99511
3130,262565.0,1,0.6319957971572876,0.5508968830108643,0.06856,0.3201652467250824,10.794,-3.809,0.741,92.771,0.99533
3131,262648.33,1,0.6881011128425598,0.5780090093612671,0.05312,0.3234061896800995,10.974,-3.627,0.687,92.825,0.99503
3132,262731.67,1,0.32067692279815674,0.3580022156238556,0.19021,0.2918960750102997,10.856,-3.57,0.644,92.73,0.99528
3133,262815.0,1,0.21837708353996277,0.2324623465538025,0.24923,0.2781163454055786,10.727,-3.412,0.544,92.704,0.99531
3134,262898.33,1,0.18042868375778198,0.16956275701522827,0.28002,0.5809682607650757,12.125,-3.505,0.377,92.625,0.99369
3135,262981.67,1,0.16885468363761902,0.163312628865242,0.29048,0.6128410696983337,12.52,-3.16,0.331,92.771,0.99494
3136,263065.0,1,0.16395220160484314,0.16563895344734192,0.29136,0.5957249999046326,12.009,-3.227,0.225,92.776,0.99484
3137,263148.33,1,0.15000317990779877,0.17140580713748932,0.29071,0.4772105813026428,11.143,-3.022,0.153,92.742,0.99491
3138,263231.67,1,0.15286904573440552,0.16414357721805573,0.29016,0.330600768327713,10.902,-2.834,0.197,92.705,0.99465
3139,263315.0,1,0.1591128706932068,0.16807231307029724,0.28772,0.28314658999443054,10.764,-2.658,0.148,92.741,0.99518
3140,263398.33,1,0.16393433511257172,0.17678554356098175,0.28545,0.2707153558731079,10.743,-2.517,0.095,92.714,0.99548
3141,263481.67,1,0.17163822054862976,0.18298876285552979,0.2832,0.2699444890022278,10.686,-2.399,0.048,92.749,0.99546
3142,263566.67,1,0.1694735586643219,0.18515349924564362,0.28256,0.32090747356414795,10.505,-2.353,-0.019,92.741,0.99581
3143,263650.0,1,0.17136958241462708,0.18369516730308533,0.2834,0.3227507174015045,10.577,-2.244,0.038,92.707,0.99602
3144,263733.33,1,0.17131896317005157,0.1818154901266098,0.28293,0.3126993179321289,10.655,-2.203,0.053,92.68,0.99567
3145,263816.67,1,0.17056213319301605,0.17117224633693695,0.28715,0.2967698872089386,10.658,-2.141,-0.085,92.744,0.99546
3146,263900.0,1,0.15515753626823425,0.16890040040016174,0.29134,0.24733595550060272,10.875,-2.013,-0.22,92.725,0.99525
3147,263983.33,1,0.15380440652370453,0.16246071457862854,0.29269,0.2261938452720642,10.814,-1.755,-0.19,92.654,0.99481
3148,264066.67,1,0.14604011178016663,0.1498589962720871,0.29714,0.2257428616285324,10.947,-1.619,-0.12,92.458,0.99576
3149,264150.0,1,0.15462332963943481,0.15907429158687592,0.29223,0.2166135609149933,10.935,-1.62,-0.009,92.296,0.99521
3150,264233.33,1,0.1556895673274994,0.15288995206356049,0.2911,0.2150653451681137,10.918,-1.622,0.043,92.251,0.99623
3151,264316.67,1,0.16183532774448395,0.15356463193893433,0.28883,0.21681059896945953,10.92,-1.648,0.118,92.3,0.99528
3152,264400.0,1,0.1683231145143509,0.15719236433506012,0.28757,0.20867395401000977,10.857,-1.548,0.116,92.234,0.99512
3153,264483.33,1,0.16974204778671265,0.15890741348266602,0.28669,0.21156416833400726,10.899,-1.497,0.14,92.231,0.99529
3154,264566.67,1,0.1718471199274063,0.1601104885339737,0.28611,0.21630911529064178,10.94,-1.485,0.173,92.166,0.99639
3155,264650.0,1,0.1730530709028244,0.16329793632030487,0.28427,0.219142347574234,11.026,-1.414,0.178,92.204,0.99613
3156,264733.33,1,0.6213937997817993,0.5694445371627808,0.08551,0.2308126986026764,11.44,-1.409,0.218,92.286,0.99587
3157,264816.67,1,0.6439710855484009,0.57601398229599,0.07091,0.23597030341625214,11.73,-1.519,0.177,92.345,0.99632
3158,264901.67,1,0.41375473141670227,0.47423428297042847,0.14351,0.22972767055034637,11.594,-1.596,0.249,92.294,0.99623
3159,264985.0,1,0.4174308478832245,0.46328800916671753,0.14299,0.23041872680187225,11.591,-1.6,0.258,92.319,0.99561
3160,265068.33,1,0.6786500215530396,0.6285362243652344,0.04804,0.23814286291599274,11.737,-1.69,0.158,92.353,0.99597
3161,265151.67,1,0.47764644026756287,0.48779726028442383,0.11691,0.2331283688545227,11.639,-1.7,0.272,92.335,0.99626
3162,265235.0,1,0.34627875685691833,0.36870431900024414,0.17829,0.23616552352905273,11.406,-1.66,0.353,92.26,0.99663
3163,265318.33,1,0.31360986828804016,0.3315209448337555,0.19879,0.24353580176830292,11.321,-1.739,0.331,92.294,0.99696
3164,265401.67,1,0.5461840629577637,0.49943631887435913,0.09902,0.272165447473526,11.822,-2.055,0.151,92.793,0.99623
3165,265485.0,1,0.6097692251205444,0.5704774856567383,0.06519,0.28179648518562317,12.059,-2.247,-0.558,92.551,0.99705
3166,265568.33,1,0.6083590984344482,0.5813885927200317,0.07003,0.25888317823410034,12.448,-2.075,-1.014,91.75,0.99745
3167,265651.67,1,0.568619966506958,0.5635113716125488,0.08253,0.3505221903324127,12.704,-1.647,-0.781,91.118,0.99708
3168,265735.0,1,0.22685877978801727,0.322215735912323,0.24779,0.325115829706192,11.272,-1.393,-0.669,90.661,0.99679
3169,265818.33,1,0.2266341596841812,0.3273760676383972,0.24062,0.31501224637031555,8.379,-1.034,-0.552,90.326,0.99632
3170,265901.67,1,0.5300415754318237,0.5788668394088745,0.10794,0.2985062301158905,7.125,-0.92,-0.268,90.345,0.99648
3171,265985.0,1,0.24829795956611633,0.35491943359375,0.22499,0.3042577803134918,6.851,-0.842,-0.118,90.467,0.99766
3172,266068.33,1,0.16240639984607697,0.21654140949249268,0.27735,0.28419017791748047,7.335,-0.87,-0.072,90.505,0.99671
3173,266151.67,1,0.14288052916526794,0.19671399891376495,0.29078,0.2639714479446411,7.569,-0.78,-0.048,90.723,0.99632
3174,266235.0,1,0.1374605894088745,0.1888587921857834,0.293,0.2602844536304474,7.808,-0.525,-0.016,91.017,0.99763
3175,266320.0,1,0.1394009292125702,0.19255605340003967,0.29073,0.24653363227844238,7.648,-0.497,-0.075,91.199,0.99671
3176,266403.33,1,0.14602185785770416,0.1954498291015625,0.2897,0.2569938898086548,7.504,-0.513,-0.115,91.919,0.99733
3177,266486.67,1,0.13477839529514313,0.1832887977361679,0.2926,0.26525023579597473,7.467,-0.302,-0.489,92.741,0.99803
3178,266570.0,1,0.13545212149620056,0.18772633373737335,0.29185,0.26232612133026123,7.503,-0.12,-0.535,93.272,0.99859
3179,266653.33,1,0.14413219690322876,0.18089795112609863,0.29005,0.25494325160980225,7.54,-0.111,-0.556,93.255,0.99849
3180,266736.67,1,0.13558290898799896,0.16838833689689636,0.29169,0.22613707184791565,7.657,0.004,-0.14,92.965,0.99764
3181,266820.0,1,0.14896899461746216,0.18191543221473694,0.28698,0.232260599732399,7.391,-0.043,0.216,92.747,0.99766
3182,266903.33,1,0.15548430383205414,0.19625890254974365,0.2875,0.22162622213363647,6.989,-0.137,0.485,92.451,0.99708
3183,266986.67,1,0.17393282055854797,0.1979174017906189,0.28836,0.24094583094120026,6.634,-0.112,0.689,92.531,0.997
3184,267070.0,1,0.17677772045135498,0.21101988852024078,0.28605,0.2949185073375702,6.564,0.196,0.5,92.561,0.9966
3185,267153.33,1,0.16884268820285797,0.20570196211338043,0.28386,0.29642826318740845,6.406,0.263,0.258,92.807,0.99632
3186,267236.67,1,0.16483666002750397,0.20445606112480164,0.28385,0.29186496138572693,6.61,0.612,0.179,93.04,0.99664
3187,267320.0,1,0.15974651277065277,0.2028147429227829,0.28524,0.30518245697021484,6.662,0.819,0.149,93.171,0.99701
3188,267403.33,1,0.15518108010292053,0.2070285826921463,0.28567,0.2893562614917755,6.787,1.053,0.163,93.434,0.99628
3189,267486.67,1,0.15672795474529266,0.2160821408033371,0.27888,0.2358892261981964,7.3,0.674,-0.287,93.712,0.99528
3190,267570.0,1,0.16908815503120422,0.22627227008342743,0.26891,0.2684345841407776,7.287,-0.024,-0.073,93.572,0.99438
3191,267653.33,1,0.15574373304843903,0.20969858765602112,0.28338,0.2541269063949585,7.121,-0.086,0.199,93.611,0.99519
3192,267738.33,1,0.1605408638715744,0.20135891437530518,0.28539,0.25490644574165344,7.326,0.096,0.161,93.951,0.99575
3193,267821.67,1,0.16483338177204132,0.19896851480007172,0.28248,0.23763485252857208,7.483,-0.054,0.215,94.131,0.99611
3194,267905.0,1,0.17040076851844788,0.20219005644321442,0.28206,0.2461729645729065,7.512,-0.187,0.327,93.972,0.99623
3195,267988.33,1,0.16938775777816772,0.20109891891479492,0.28451,0.26187413930892944,7.525,-0.26,0.247,93.781,0.99568
3196,268071.67,1,0.16390471160411835,0.19796955585479736,0.28748,0.2691500186920166,7.482,-0.266,0.115,93.337,0.9943
3197,268155.0,1,0.1534934937953949,0.18925495445728302,0.29105,0.27502715587615967,7.563,-0.075,0.107,93.179,0.99427
3198,268238.33,1,0.1466073840856552,0.1850149929523468,0.28916,0.2789413034915924,7.456,-0.149,-0.1,92.981,0.99289
3199,268321.67,1,0.12601402401924133,0.1504121869802475,0.29854,0.3155865967273712,7.113,-0.556,0.032,94.385,0.99477
3200,268405.0,1,0.12713944911956787,0.16755256056785583,0.29511,0.32516756653785706,7.058,-0.516,0.289,94.833,0.99534
3201,268488.33,1,0.12536141276359558,0.18114271759986877,0.29442,0.34589070081710815,7.474,-0.667,0.423,95.351,0.99645
3202,268571.67,1,0.13129359483718872,0.19286054372787476,0.28975,0.3207273483276367,7.489,-0.527,0.514,95.531,0.99631
3203,268655.0,1,0.13276997208595276,0.1847311407327652,0.29135,0.32627037167549133,7.352,-0.347,0.501,95.746,0.99712
3204,268738.33,1,0.14271306991577148,0.19083508849143982,0.28744,0.3104521334171295,7.581,-0.134,0.408,95.841,0.99726
3205,268821.67,1,0.13932642340660095,0.18575257062911987,0.29048,0.28801050782203674,7.823,0.121,0.358,96.096,0.99808
3206,268905.0,1,0.14432577788829803,0.18634086847305298,0.28937,0.2861078381538391,8.068,0.291,0.289,96.125,0.99836
3207,268988.33,1,0.14774733781814575,0.17897412180900574,0.29234,0.27126261591911316,8.335,0.233,0.33,96.003,0.9981
3208,269071.67,1,0.15996572375297546,0.17432400584220886,0.28826,0.2640867829322815,8.711,0.084,0.459,95.155,0.99611
3209,269156.67,1,0.1794329285621643,0.18719974160194397,0.27916,0.20314279198646545,8.763,-0.089,0.668,94.636,0.9953
3210,269240.0,1,0.20442117750644684,0.22777682542800903,0.27007,0.1946765035390854,8.6,-0.322,0.582,94.206,0.99555
3211,269323.33,1,0.2095584273338318,0.2389814555644989,0.26546,0.24234242737293243,8.847,-0.673,0.409,94.168,0.9952
3212,269406.67,1,0.20718874037265778,0.2451295703649521,0.26435,0.27157917618751526,9.068,-0.774,0.335,94.014,0.99562
3213,269490.0,1,0.35070979595184326,0.4450339674949646,0.17238,0.2770189940929413,9.278,-0.881,0.336,94.222,0.99582
3214,269573.33,1,0.51846843957901,0.573569118976593,0.09966,0.25340354442596436,9.374,-0.849,0.337,94.26,0.9957
3215,269656.67,1,0.3205658793449402,0.3713177740573883,0.19659,0.26173728704452515,8.584,-0.992,0.298,94.281,0.99564
3216,269740.0,1,0.2245304435491562,0.2428636997938156,0.2505,0.2570249140262604,8.45,-0.891,0.292,94.279,0.99573
3217,269823.33,1,0.18434588611125946,0.20162050426006317,0.27336,0.2543361186981201,8.399,-0.836,0.302,94.224,0.99504
3218,269906.67,1,0.17586016654968262,0.1956450641155243,0.28039,0.25251534581184387,8.377,-0.81,0.326,93.995,0.99538
3219,269990.0,1,0.1748877465724945,0.19565944373607635,0.28165,0.2498784214258194,8.386,-0.754,0.363,93.783,0.99488
3220,270073.33,1,0.16674509644508362,0.19495607912540436,0.28728,0.24533118307590485,8.261,-0.723,0.389,93.605,0.99524
3221,270156.67,1,0.16146549582481384,0.18626165390014648,0.28934,0.2577424645423889,8.343,-0.739,0.421,93.513,0.99328
3222,270240.0,1,0.16238489747047424,0.1831347495317459,0.28956,0.2580784559249878,8.431,-0.694,0.442,93.357,0.99333
3223,270323.33,1,0.16537994146347046,0.1837363839149475,0.28767,0.26698437333106995,8.437,-0.677,0.485,93.312,0.99367
3224,270406.67,1,0.16644412279129028,0.1843852549791336,0.28745,0.2711782455444336,8.503,-0.631,0.502,93.235,0.99402
3225,270491.67,1,0.1685972809791565,0.18538667261600494,0.28524,0.2710719406604767,8.567,-0.549,0.581,93.179,0.99387
3226,270575.0,1,0.17035773396492004,0.18626776337623596,0.28414,0.2805546820163727,8.518,-0.54,0.625,93.13,0.99316
3227,270658.33,1,0.17451131343841553,0.1883527934551239,0.28249,0.28308555483818054,8.54,-0.487,0.595,93.088,0.99398
3228,270741.67,1,0.17178452014923096,0.18801452219486237,0.2822,0.2894393801689148,8.576,-0.394,0.601,92.968,0.99407
3229,270825.0,1,0.1708519607782364,0.19054904580116272,0.28231,0.2850382626056671,8.666,-0.322,0.577,92.952,0.99334
3230,270908.33,1,0.16909517347812653,0.1911367028951645,0.28245,0.2808949649333954,8.617,-0.308,0.558,92.859,0.99275
3231,270991.67,1,0.1592402458190918,0.18610411882400513,0.28566,0.26023897528648376,8.627,-0.28,0.573,92.847,0.99298
3232,271075.0,1,0.17124228179454803,0.19137607514858246,0.28217,0.2567799687385559,8.616,-0.292,0.552,92.797,0.99364
3233,271158.33,1,0.16877087950706482,0.19540643692016602,0.28256,0.25913217663764954,8.483,-0.267,0.567,92.713,0.99331
3234,271241.67,1,0.16917698085308075,0.1971353441476822,0.28318,0.2593914270401001,8.451,-0.225,0.596,92.695,0.99401
3235,271325.0,1,0.17281131446361542,0.20224882662296295,0.28169,0.2621959447860718,8.395,-0.293,0.621,92.729,0.99456
3236,271408.33,1,0.5038352012634277,0.5307907462120056,0.11758,0.25102198123931885,8.433,-0.276,0.746,92.699,0.99487
3237,271491.67,1,0.6102901697158813,0.6050347685813904,0.07778,0.23476654291152954,8.526,-0.385,0.854,92.801,0.99401
3238,271575.0,1,0.4429386258125305,0.45134392380714417,0.14715,0.25006261467933655,8.268,-0.527,0.762,92.715,0.99403
3239,271658.33,1,0.25269168615341187,0.2578728497028351,0.23683,0.2559388279914856,8.056,-0.495,0.718,92.639,0.99421
3240,271741.67,1,0.22072945535182953,0.21256832778453827,0.25934,0.26180294156074524,8.034,-0.513,0.649,92.587,0.99438
3241,271825.0,1,0.19389748573303223,0.1862906962633133,0.27359,0.26293855905532837,8.102,-0.469,0.647,92.683,0.99362
3242,271910.0,1,0.1742316633462906,0.1757739931344986,0.286,0.25834596157073975,7.923,-0.418,0.529,92.777,0.9942
3243,271993.33,1,0.1590111255645752,0.17780835926532745,0.29177,0.2693941295146942,7.946,-0.417,0.305,93.085,0.99366
3244,272076.67,1,0.15146012604236603,0.18345190584659576,0.29221,0.25250044465065,7.463,-0.558,-0.016,93.417,0.99444
3245,272160.0,1,0.1416339874267578,0.16457755863666534,0.29983,0.28306904435157776,7.237,-0.761,-0.143,93.87,0.99379
3246,272243.33,1,0.1865483671426773,0.23891820013523102,0.2636,0.3233290910720825,7.244,-1.043,-0.223,94.427,0.99353
3247,272326.67,1,0.4831298887729645,0.4979494512081146,0.12949,0.3573252260684967,6.735,-1.523,-0.595,95.367,0.99396
3248,272410.0,1,0.37299787998199463,0.48794683814048767,0.15213,0.38856399059295654,6.122,-2.213,-0.358,96.192,0.99321
3249,272493.33,1,0.2125547230243683,0.26703062653541565,0.24338,0.36007601022720337,6.229,-2.66,-0.049,97.013,0.99335
3250,272576.67,1,0.16781727969646454,0.20365476608276367,0.27672,0.2886468470096588,6.414,-2.668,0.072,97.441,0.99335
3251,272660.0,1,0.17451490461826324,0.1951141059398651,0.27661,0.2587359547615051,6.704,-2.863,-0.017,97.8,0.99466
3252,272743.33,1,0.17937195301055908,0.20338398218154907,0.27324,0.25338372588157654,7.064,-2.819,-0.204,98.034,0.99561
3253,272826.67,1,0.18856242299079895,0.22345967590808868,0.2621,0.2621054947376251,7.564,-2.586,-0.264,98.101,0.9965
3254,272910.0,1,0.18746787309646606,0.21797996759414673,0.26711,0.28337782621383667,7.724,-2.499,-0.118,98.09,0.99642
3255,272993.33,1,0.1775401085615158,0.19892126321792603,0.27067,0.2812994718551636,7.611,-2.46,0.482,98.023,0.99498
3256,273076.67,1,0.19524641335010529,0.1976870745420456,0.26745,0.22897177934646606,7.733,-2.392,0.742,97.872,0.99505
3257,273160.0,1,0.20578639209270477,0.2016066014766693,0.26467,0.19555392861366272,7.726,-2.546,0.967,97.659,0.99543
3258,273245.0,1,0.22322478890419006,0.22169466316699982,0.26115,0.17123104631900787,7.841,-2.574,0.982,97.301,0.99466
3259,273328.33,1,0.23355111479759216,0.23722709715366364,0.25857,0.15755681693553925,7.981,-2.756,0.889,97.158,0.99578
3260,273411.67,1,0.21912145614624023,0.23765231668949127,0.26149,0.2067917287349701,8.024,-2.782,0.79,97.063,0.99565
3261,273495.0,1,0.22289852797985077,0.2459535300731659,0.26051,0.24525770545005798,8.111,-2.802,0.689,97.027,0.99566
3262,273578.33,1,0.20863696932792664,0.23193615674972534,0.26663,0.2548166811466217,8.252,-2.788,0.694,96.995,0.99588
3263,273661.67,1,0.22405964136123657,0.23590980470180511,0.26483,0.25275859236717224,8.23,-2.811,0.672,96.988,0.99483
3264,273745.0,1,0.2181536853313446,0.2329539805650711,0.26483,0.27839332818984985,8.216,-2.724,0.619,96.975,0.99548
3265,273828.33,1,0.4562920928001404,0.46732330322265625,0.14248,0.26310205459594727,8.373,-2.66,0.577,97.07,0.99624
3266,273911.67,1,0.6563529968261719,0.6318747401237488,0.05419,0.2412738800048828,8.874,-2.519,0.449,97.055,0.996
3267,273995.0,1,0.382816344499588,0.38695889711380005,0.16538,0.2517145276069641,8.902,-2.374,0.431,96.946,0.9956
3268,274078.33,1,0.21796000003814697,0.22210781276226044,0.23625,0.25169244408607483,8.857,-2.14,0.512,96.841,0.99546
3269,274161.67,1,0.17003734409809113,0.17123542726039886,0.26248,0.24350140988826752,8.895,-2.045,0.508,96.736,0.9951
3270,274245.0,1,0.1545843482017517,0.1583065241575241,0.27441,0.23889711499214172,8.796,-2.027,0.512,96.586,0.9942
3271,274328.33,1,0.14739990234375,0.14881224930286407,0.28288,0.23829419910907745,8.791,-2.059,0.56,96.686,0.99544
3272,274411.67,1,0.14328092336654663,0.1457693874835968,0.28766,0.2409399002790451,8.799,-1.999,0.574,96.69,0.99571
3273,274495.0,1,0.14238789677619934,0.14572179317474365,0.28959,0.24205346405506134,8.773,-1.932,0.592,96.733,0.99516
3274,274578.33,1,0.14296592772006989,0.1476016491651535,0.29065,0.24293823540210724,8.729,-1.873,0.612,96.734,0.99559
3275,274663.33,1,0.1442795842885971,0.15102015435695648,0.29099,0.24461768567562103,8.72,-1.852,0.601,96.692,0.99587
3276,274746.67,1,0.14516054093837738,0.1542852520942688,0.29112,0.24555160105228424,8.735,-1.794,0.587,96.553,0.99596
3277,274830.0,1,0.1475466787815094,0.15774722397327423,0.29018,0.2465679943561554,8.855,-1.779,0.604,96.527,0.99676
3278,274913.33,1,0.14876121282577515,0.15864543616771698,0.28968,0.24671362340450287,8.889,-1.76,0.607,96.442,0.99627
3279,274996.67,1,0.1481637954711914,0.15895909070968628,0.2896,0.246794655919075,8.927,-1.781,0.586,96.458,0.99552
3280,275080.0,1,0.14817418158054352,0.15899647772312164,0.28975,0.2513970136642456,8.938,-1.744,0.524,96.328,0.99564
3281,275163.33,1,0.14909188449382782,0.16151998937129974,0.28868,0.2525148093700409,8.957,-1.665,0.477,96.187,0.99507
3282,275246.67,1,0.15568242967128754,0.16506794095039368,0.28705,0.25296127796173096,8.938,-1.643,0.427,96.012,0.99552
3283,275330.0,1,0.15662819147109985,0.1662515550851822,0.28728,0.2541363537311554,8.869,-1.533,0.452,95.888,0.99579
3284,275413.33,1,0.15728594362735748,0.16829872131347656,0.28719,0.2531585693359375,8.723,-1.511,0.426,95.779,0.99528
3285,275496.67,1,0.1585368663072586,0.1708669364452362,0.28661,0.2535299062728882,8.69,-1.523,0.418,95.748,0.99524
3286,275580.0,1,0.15860873460769653,0.1717091053724289,0.28648,0.2556964159011841,8.623,-1.482,0.409,95.705,0.99521
3287,275663.33,1,0.159836545586586,0.17332567274570465,0.28666,0.2565876543521881,8.589,-1.479,0.356,95.739,0.99478
3288,275746.67,1,0.16151544451713562,0.17800500988960266,0.28673,0.25681179761886597,8.572,-1.435,0.255,95.683,0.99528
3289,275913.33,1,0.15978778898715973,0.17800302803516388,0.28617,0.25604555010795593,8.587,-1.408,0.182,95.654,0.99454
3290,275996.67,1,0.1615772545337677,0.1818000078201294,0.28631,0.2546914219856262,8.563,-1.292,0.18,95.614,0.9954
3291,276081.67,1,0.16419677436351776,0.1851075440645218,0.28494,0.2559373676776886,8.584,-1.274,0.17,95.582,0.99521
3292,276165.0,1,0.6573705673217773,0.6259856224060059,0.07045,0.25911611318588257,8.651,-1.347,0.182,95.583,0.99475
3293,276248.33,1,0.614327609539032,0.5990147590637207,0.07732,0.2594597637653351,8.734,-1.382,0.21,95.564,0.9951
3294,276331.67,1,0.44614729285240173,0.5211732983589172,0.12501,0.26613909006118774,8.622,-1.411,0.257,95.475,0.99504
3295,276415.0,1,0.3149937391281128,0.38296544551849365,0.18094,0.27017641067504883,8.591,-1.435,0.29,95.492,0.99542
3296,276498.33,1,0.2602209448814392,0.3149110972881317,0.21125,0.27612507343292236,8.543,-1.42,0.271,95.497,0.9953
3297,276581.67,1,0.23566624522209167,0.2586979269981384,0.23269,0.27485719323158264,8.54,-1.405,0.217,96.08,0.99603
3298,276665.0,1,0.2064899355173111,0.22529317438602448,0.25115,0.2712385952472687,8.591,-1.377,0.195,96.478,0.99671
3299,276748.33,1,0.20272713899612427,0.2156546264886856,0.26083,0.24552562832832336,8.597,-1.317,0.172,96.782,0.99668
3300,276831.67,1,0.20789547264575958,0.21428976953029633,0.26004,0.2543891370296478,8.636,-1.323,0.187,96.926,0.99688
3301,276915.0,1,0.20840241014957428,0.20932675898075104,0.26364,0.2515084445476532,8.693,-1.37,0.183,97.202,0.9976
3302,276998.33,1,0.22047246992588043,0.21238768100738525,0.26407,0.23513458669185638,8.788,-1.332,0.145,97.287,0.99794
3303,277081.67,1,0.22560429573059082,0.22584180533885956,0.25842,0.24871349334716797,8.858,-1.332,0.115,97.4,0.99798
3304,277165.0,1,0.22159329056739807,0.24240952730178833,0.25632,0.2706477642059326,8.875,-1.298,0.061,97.375,0.99852
3305,277248.33,1,0.2185080498456955,0.24562743306159973,0.25689,0.2814106047153473,8.817,-1.258,0.082,97.412,0.99844
3306,277331.67,1,0.21415437757968903,0.24785050749778748,0.25838,0.27918174862861633,8.877,-1.199,0.075,97.336,0.99839
3307,277415.0,1,0.21248887479305267,0.24732641875743866,0.2601,0.2819623053073883,8.96,-1.118,0.109,97.37,0.99752
3308,277500.0,1,0.21036483347415924,0.2467775195837021,0.26125,0.2818041145801544,8.967,-1.111,0.112,97.302,0.99783
3309,277583.33,1,0.21036896109580994,0.24617958068847656,0.26268,0.2755906879901886,8.95,-1.104,0.109,97.323,0.99758
3310,277666.67,1,0.2115216851234436,0.24458491802215576,0.26348,0.26694414019584656,8.966,-1.096,0.103,97.266,0.99803
3311,277750.0,1,0.20995140075683594,0.24001066386699677,0.2634,0.2648506164550781,8.923,-1.095,0.059,97.265,0.99731
3312,277833.33,1,0.20468077063560486,0.23467108607292175,0.26548,0.2631547749042511,8.896,-1.067,0.056,97.177,0.99755
3313,277916.67,1,0.20355400443077087,0.2327307015657425,0.26579,0.26338550448417664,8.766,-1.035,0.062,97.191,0.99753
3314,278000.0,1,0.20391042530536652,0.2298496514558792,0.26647,0.2595599591732025,8.738,-0.987,0.057,97.097,0.99769
3315,278083.33,1,0.19944681227207184,0.22538861632347107,0.26874,0.2551792860031128,8.704,-1.04,0.008,97.127,0.99649
3316,278166.67,1,0.2005377560853958,0.2182951271533966,0.2698,0.244654580950737,8.775,-1.029,0.021,96.984,0.99728
3317,278250.0,1,0.19711185991764069,0.21248403191566467,0.27079,0.2437911182641983,8.756,-1.062,0.019,97.037,0.9967
3318,278333.33,1,0.1941598653793335,0.2108653038740158,0.27005,0.25670260190963745,8.786,-1.054,0.014,96.946,0.99709
3319,278416.67,1,0.19095535576343536,0.2076856791973114,0.2701,0.2729351222515106,8.876,-1.0,0.029,97.018,0.99658
3320,278500.0,1,0.19047491252422333,0.20631401240825653,0.26979,0.27507007122039795,8.853,-1.005,0.044,96.937,0.99677
3321,278583.33,1,0.1911427229642868,0.20857003331184387,0.26923,0.2719372510910034,8.784,-1.015,0.042,96.98,0.99668
3322,278666.67,1,0.19011907279491425,0.2097066193819046,0.26948,0.26957568526268005,8.759,-1.012,0.045,96.899,0.99757
3323,278750.0,1,0.1978103071451187,0.21765051782131195,0.27036,0.25919240713119507,8.823,-1.07,0.04,96.9,0.99715
3324,278835.0,1,0.14668910205364227,0.1924465298652649,0.29604,0.38160958886146545,7.116,-1.401,-0.215,96.953,0.99724
3325,278918.33,1,0.1816382110118866,0.2805766463279724,0.25838,0.5306159257888794,7.148,-1.744,-0.339,97.103,0.99674
3326,279001.67,1,0.5760952234268188,0.6329981088638306,0.08731,0.516753077507019,6.913,-1.919,-0.301,97.226,0.99691
3327,279085.0,1,0.6314265727996826,0.6631253957748413,0.05386,0.4467374384403229,6.031,-1.968,-0.405,97.22,0.99672
3328,279168.33,1,0.6737618446350098,0.6850616931915283,0.04059,0.31625163555145264,6.272,-2.29,-0.341,97.06,0.99568
3329,279251.67,1,0.6916544437408447,0.6820802688598633,0.03174,0.2726037800312042,6.804,-3.278,0.29,96.897,0.99669
3330,279335.0,1,0.6892969012260437,0.6687818765640259,0.03253,0.13536670804023743,8.777,-4.563,0.464,97.585,1.00242
3331,279418.33,1,0.5593304634094238,0.5604197978973389,0.0822,0.20068715512752533,8.736,-6.023,0.578,104.21,1.02854
3332,279501.67,1,0.3931553363800049,0.4235665500164032,0.1548,0.27475565671920776,9.617,-7.421,0.278,105.942,1.03559
3333,279585.0,1,0.23304405808448792,0.26941704750061035,0.23717,0.309124231338501,11.831,-9.176,-0.134,105.7,1.03521
3334,279668.33,1,0.21248647570610046,0.273040235042572,0.24085,0.19602252542972565,11.62,-9.621,-0.131,104.787,1.03329
3335,279751.67,1,0.5965738296508789,0.59568190574646,0.07392,0.20537959039211273,11.765,-9.695,-0.194,104.586,1.03483
3336,279835.0,1,0.5836027264595032,0.5625877380371094,0.09044,0.18185530602931976,11.73,-9.475,-0.376,100.334,1.03672
3337,279918.33,1,0.5397496223449707,0.5174789428710938,0.0985,0.15779966115951538,11.804,-9.565,-0.495,99.237,1.03989
3338,280001.67,1,0.5317666530609131,0.46942177414894104,0.1141,0.16776393353939056,11.67,-9.249,-0.641,98.836,1.04098
3339,280085.0,1,0.3957027792930603,0.3927575945854187,0.1689,0.16739045083522797,11.815,-8.804,-0.641,95.642,1.04586
3340,280168.33,1,0.5752630233764648,0.5757997035980225,0.08412,0.16995769739151,11.605,-8.627,-0.793,95.026,1.0511
3341,280253.33,1,0.4691212773323059,0.5333108901977539,0.10504,0.23229144513607025,11.881,-8.61,-0.931,94.612,1.04857
3342,280336.67,1,0.3891400098800659,0.4427761137485504,0.13772,0.2438427060842514,11.919,-8.507,-0.9,94.168,1.04767
3343,280420.0,1,0.5362221002578735,0.5980073809623718,0.07317,0.31250107288360596,12.077,-7.972,-0.661,93.997,1.04662
3344,280503.33,1,0.41977745294570923,0.5053197145462036,0.11529,0.30833137035369873,12.015,-7.564,-0.559,93.811,1.04645
3345,280586.67,1,0.32505589723587036,0.3769344687461853,0.16946,0.28343576192855835,12.296,-7.396,-0.661,93.881,1.04677
3346,280670.0,1,0.2775639593601227,0.3220144510269165,0.19792,0.3030358850955963,12.392,-7.171,-0.576,93.797,1.04659
3347,280753.33,1,0.5884268283843994,0.5854861736297607,0.07204,0.2720946967601776,12.59,-6.523,-0.826,94.497,1.04668
3348,280836.67,1,0.6219235062599182,0.5992281436920166,0.05133,0.30508899688720703,12.16,-6.529,-0.483,89.398,1.02967
3349,280920.0,1,0.37478744983673096,0.4175015389919281,0.14745,0.2844904363155365,11.691,-6.084,-0.146,83.062,0.99961
3350,281003.33,1,0.204209104180336,0.2301933765411377,0.23698,0.27360355854034424,11.291,-5.229,0.035,83.359,0.9997
3351,281086.67,1,0.17821767926216125,0.17724204063415527,0.26471,0.256499320268631,11.183,-4.082,0.227,83.733,0.99984
3352,281170.0,1,0.17720669507980347,0.17545539140701294,0.27091,0.2598735988140106,11.164,-3.596,0.317,84.047,1.00121
3353,281253.33,1,0.18395410478115082,0.19237519800662994,0.26836,0.27283334732055664,11.194,-3.354,0.342,84.187,1.00168
3354,281336.67,1,0.19037504494190216,0.20154467225074768,0.26358,0.27606773376464844,11.159,-3.239,0.462,84.252,1.00149
3355,281420.0,1,0.19751280546188354,0.20531339943408966,0.26171,0.2748448848724365,11.1,-3.136,0.484,84.359,1.00048
3356,281503.33,1,0.19404813647270203,0.19991306960582733,0.26654,0.2630860209465027,10.599,-3.048,0.493,84.313,1.00161
3357,281588.33,1,0.1823367476463318,0.19738195836544037,0.27307,0.25441843271255493,10.365,-3.031,0.47,84.358,1.00012
3358,281671.67,1,0.184834286570549,0.21074187755584717,0.27087,0.25324052572250366,10.297,-3.071,0.471,84.238,1.00018
3359,281755.0,1,0.20301896333694458,0.2321712225675583,0.26288,0.26687586307525635,10.214,-3.101,0.527,84.204,1.00245
3360,281838.33,1,0.20372635126113892,0.23385457694530487,0.2634,0.2650223970413208,10.159,-3.142,0.484,84.256,1.00535
3361,281921.67,1,0.20468316972255707,0.22953984141349792,0.26374,0.26265206933021545,10.098,-3.2,0.414,84.681,1.00496
3362,282005.0,1,0.19664178788661957,0.21671438217163086,0.26756,0.27217739820480347,10.101,-3.217,0.355,85.007,1.00713
3363,282088.33,1,0.19038976728916168,0.21541041135787964,0.26817,0.28055644035339355,10.115,-3.249,0.338,85.214,1.00926
3364,282171.67,1,0.18832337856292725,0.2152411788702011,0.26886,0.291640967130661,10.175,-3.294,0.311,85.234,1.01035
3365,282255.0,1,0.1940266638994217,0.2140544354915619,0.26911,0.29924488067626953,10.276,-3.363,0.331,85.321,1.01076
3366,282338.33,1,0.1834060698747635,0.2070922553539276,0.27079,0.2862178683280945,10.207,-3.406,0.32,85.24,1.01175
3367,282421.67,1,0.17314007878303528,0.1910535842180252,0.27542,0.2844439148902893,9.933,-3.424,0.34,85.227,1.01127
3368,282505.0,1,0.17240367829799652,0.19260439276695251,0.27444,0.28866472840309143,9.521,-3.451,0.382,85.024,1.01139
3369,282588.33,1,0.5664193630218506,0.5431919097900391,0.09527,0.2894051969051361,9.468,-3.378,0.433,84.465,1.01078
3370,282671.67,1,0.4975946843624115,0.5044779777526855,0.11539,0.2848486304283142,9.378,-3.397,0.397,83.964,1.01051
3371,282755.0,1,0.694514274597168,0.6358684301376343,0.04529,0.2855949401855469,9.423,-3.366,0.313,83.724,1.0097
3372,282838.33,1,0.6341272592544556,0.6018853783607483,0.06324,0.28604856133461,9.567,-3.39,0.258,83.558,1.01167
3373,282921.67,1,0.33311164379119873,0.4133792817592621,0.16691,0.2937214970588684,9.515,-3.448,0.244,83.114,1.01367
3374,283006.67,1,0.22838421165943146,0.27069592475891113,0.2285,0.29509177803993225,9.536,-3.464,0.263,82.668,1.01497
3375,283090.0,1,0.20182421803474426,0.23365862667560577,0.24886,0.29445379972457886,9.583,-3.472,0.294,81.916,1.01575
3376,283173.33,1,0.19820262491703033,0.22696037590503693,0.25356,0.2938652038574219,9.618,-3.443,0.312,81.017,1.01477
3377,283256.67,1,0.19117878377437592,0.22660136222839355,0.25721,0.290772408246994,9.598,-3.444,0.327,80.588,1.01447
3378,283340.0,1,0.19122561812400818,0.2488299459218979,0.25557,0.2637462913990021,9.398,-3.399,0.131,80.33,1.01427
3379,283423.33,1,0.1995181441307068,0.2739817798137665,0.24787,0.2666153907775879,8.834,-3.368,-0.221,80.198,1.0125
3380,283506.67,1,0.19101954996585846,0.23528949916362762,0.25839,0.27570000290870667,8.824,-3.375,-0.414,79.88,1.01155
3381,283590.0,1,0.1994955986738205,0.23836098611354828,0.25858,0.28085148334503174,8.821,-3.376,-0.356,79.583,1.01224
3382,283673.33,1,0.19736799597740173,0.2464902549982071,0.25889,0.2695367932319641,8.75,-3.396,-0.248,79.365,1.01266
3383,283756.67,1,0.19619107246398926,0.2497083693742752,0.25976,0.2572595477104187,8.694,-3.483,-0.272,79.115,1.01157
3384,283840.0,1,0.18820230662822723,0.25117751955986023,0.25935,0.25662779808044434,8.778,-3.337,-0.432,78.957,1.01109
3385,283923.33,1,0.1789015382528305,0.23204217851161957,0.26638,0.25365057587623596,9.069,-2.97,-0.573,78.876,1.01037
3386,284006.67,1,0.18074916303157806,0.229939267039299,0.26604,0.27704092860221863,9.291,-2.736,-0.515,78.815,1.01092
3387,284090.0,1,0.18747752904891968,0.25390318036079407,0.26034,0.27280861139297485,9.633,-2.606,-0.36,78.812,1.01017
3388,284173.33,1,0.5969777703285217,0.6138723492622375,0.07412,0.2815974950790405,10.142,-2.45,-0.214,78.784,1.01104
3389,284256.67,1,0.5376590490341187,0.5857279300689697,0.09107,0.2734486162662506,10.324,-2.422,-0.149,78.76,1.01107
3390,284340.0,1,0.31599628925323486,0.36718735098838806,0.19449,0.2524305582046509,9.94,-2.507,-0.139,78.712,1.01159
3391,284425.0,1,0.23909695446491241,0.26638051867485046,0.23882,0.2661573886871338,9.879,-2.58,-0.19,78.927,1.01189
3392,284508.33,1,0.22280701994895935,0.24327167868614197,0.25729,0.2397187352180481,9.979,-2.597,-0.176,78.936,1.0117
3393,284591.67,1,0.20852908492088318,0.21908864378929138,0.26938,0.22264747321605682,10.07,-2.594,-0.123,79.014,1.01104
3394,284675.0,1,0.19976690411567688,0.21001863479614258,0.27561,0.21078108251094818,10.135,-2.56,-0.107,78.939,1.01091
3395,284758.33,1,0.20097589492797852,0.21005767583847046,0.27609,0.19825083017349243,10.095,-2.566,-0.115,78.922,1.01185
3396,284841.67,1,0.20823998749256134,0.2183830589056015,0.27303,0.19290108978748322,10.067,-2.572,-0.121,78.856,1.01197
3397,284925.0,1,0.21238096058368683,0.2306477576494217,0.26949,0.19102683663368225,9.968,-2.579,-0.104,78.883,1.01133
3398,285008.33,1,0.21277356147766113,0.23201756179332733,0.26971,0.18963617086410522,9.887,-2.597,-0.093,78.786,1.01157
3399,285091.67,1,0.21361596882343292,0.23390480875968933,0.26901,0.19174449145793915,9.814,-2.602,-0.118,78.784,1.01128
3400,285175.0,1,0.21312542259693146,0.2376270890235901,0.26706,0.20366217195987701,9.807,-2.6,-0.114,78.695,1.01163
3401,285258.33,1,0.21548160910606384,0.23735946416854858,0.26709,0.20821969211101532,9.799,-2.587,-0.134,78.759,1.01081
3402,285341.67,1,0.21517235040664673,0.23684361577033997,0.26721,0.20805197954177856,9.805,-2.579,-0.139,78.666,1.01057
3403,285425.0,1,0.21598389744758606,0.23878560960292816,0.26632,0.20670415461063385,9.72,-2.593,-0.13,78.707,1.01047
3404,285508.33,1,0.21081849932670593,0.23261399567127228,0.26815,0.18619924783706665,9.616,-2.59,-0.112,78.603,1.01043
3405,285591.67,1,0.21287040412425995,0.23393385112285614,0.26767,0.16751284897327423,9.631,-2.63,-0.102,78.627,1.01032
3406,285675.0,1,0.2062312364578247,0.2306039184331894,0.26841,0.16393442451953888,9.705,-2.722,-0.126,78.558,1.01124
3407,285758.33,1,0.20327480137348175,0.22830599546432495,0.26802,0.15423063933849335,9.823,-2.894,-0.155,78.653,1.01164
3408,285843.33,1,0.2044752836227417,0.2301236242055893,0.26957,0.15055446326732635,9.967,-3.204,-0.27,78.588,1.01179
3409,285926.67,1,0.5109468698501587,0.44436466693878174,0.13539,0.16598176956176758,10.28,-3.844,-0.396,78.717,1.01111
3410,286010.0,1,0.6986346244812012,0.6241682171821594,0.04646,0.14133499562740326,10.415,-4.417,-0.481,78.693,1.01185
3411,286093.33,1,0.6147469282150269,0.5704874992370605,0.07455,0.13810411095619202,10.375,-4.572,-0.522,78.745,1.0113
3412,286176.67,1,0.5827652215957642,0.5195380449295044,0.09292,0.13756844401359558,10.278,-4.948,-0.767,78.688,1.01127
3413,286260.0,1,0.7187696099281311,0.6132990717887878,0.03975,0.11841081082820892,10.607,-5.211,-0.989,78.866,1.01251
3414,286343.33,1,0.6826678514480591,0.5953030586242676,0.04976,0.1358826607465744,10.51,-5.886,-1.963,78.866,1.01258
3415,286426.67,1,0.4531506299972534,0.3681550621986389,0.14953,0.11939410120248795,11.014,-8.479,-4.067,79.039,1.0122
3416,286510.0,1,0.3232004940509796,0.27065542340278625,0.20848,0.07808133959770203,11.356,-11.016,-7.203,79.31,1.01377
3417,286593.33,1,0.2590958774089813,0.21241286396980286,0.23978,0.0666668638586998,10.458,-12.425,-9.909,79.518,1.01438
3418,286676.67,1,0.2736993432044983,0.2524087727069855,0.2303,0.05980449914932251,9.461,-13.439,-12.222,79.617,1.01519
3419,286760.0,1,0.2591308653354645,0.2658636271953583,0.2405,0.052528154104948044,8.178,-14.82,-14.633,79.79,1.01628
3420,286843.33,1,0.24592475593090057,0.20760370790958405,0.265,0.04115840420126915,7.034,-16.086,-16.226,79.874,1.01733
3421,286926.67,1,0.2358161360025406,0.22332099080085754,0.27151,0.024948759004473686,6.558,-17.218,-17.483,80.074,1.01867
3422,287010.0,1,0.21179603040218353,0.1992010921239853,0.28749,0.021784311160445213,6.024,-18.591,-18.309,80.166,1.01835
3423,287093.33,1,0.28078344464302063,0.28476235270500183,0.24649,0.023239893838763237,6.496,-18.641,-17.827,80.165,1.01857
3424,287178.33,1,0.5599286556243896,0.630052387714386,0.09691,0.03365528956055641,7.763,-17.636,-15.862,80.202,1.01624
3425,287261.67,1,0.6827970743179321,0.7053577899932861,0.04439,0.054469142109155655,8.503,-14.593,-12.248,80.281,1.01331
3426,287345.0,1,0.7184050679206848,0.705775797367096,0.03633,0.11305892467498779,8.889,-10.916,-7.941,79.973,1.01095
3427,287428.33,1,0.7472261190414429,0.7273895740509033,0.02085,0.17768900096416473,8.449,-7.169,-3.427,79.544,1.01019
3428,287511.67,1,0.7309677004814148,0.6955831050872803,0.01828,0.20068421959877014,8.121,-4.578,-0.392,79.016,1.0093
3429,287595.0,1,0.7516710758209229,0.7150912284851074,0.01378,0.21208834648132324,7.902,-2.904,2.114,78.513,1.00873
3430,287678.33,1,0.7327615022659302,0.6783767342567444,0.02499,0.2269619107246399,8.108,-1.605,3.797,78.116,1.00919
3431,287761.67,1,0.7130596041679382,0.6694215536117554,0.03721,0.2304259091615677,8.106,-0.376,5.241,77.911,1.01019
3432,287845.0,1,0.6488865613937378,0.6576731204986572,0.05192,0.2250002920627594,8.422,0.503,6.735,77.686,1.00842
3433,287928.33,1,0.5983069539070129,0.6433352828025818,0.05819,0.2321958690881729,8.511,0.269,7.879,83.556,1.00904
3434,288011.67,1,0.3921844959259033,0.5532243251800537,0.12095,0.24911974370479584,8.236,-0.452,8.311,84.683,1.0081
3435,288095.0,1,0.3093050420284271,0.4744115471839905,0.159,0.25342419743537903,8.805,-2.113,7.84,85.056,1.00613
3436,288178.33,1,0.2987655997276306,0.4237942397594452,0.18272,0.3460536301136017,8.739,-3.596,7.068,86.404,1.00243
3437,288261.67,1,0.2792590856552124,0.39817333221435547,0.19812,0.47371846437454224,8.36,-4.774,6.183,87.083,1.01468
3438,288345.0,1,0.2380066066980362,0.3773290514945984,0.21589,0.5276392698287964,8.446,-5.172,5.795,87.357,1.017
3439,288428.33,1,0.2155693918466568,0.32942360639572144,0.23255,0.514303982257843,8.656,-5.559,5.531,87.299,1.01118
3440,288511.67,1,0.22334134578704834,0.28907737135887146,0.23574,0.499848872423172,8.684,-5.566,5.363,87.245,1.00861
3441,288596.67,1,0.23687025904655457,0.27342575788497925,0.23335,0.4721081554889679,8.696,-5.649,5.172,87.317,1.00685
3442,288680.0,1,0.2753603160381317,0.3162606656551361,0.2213,0.4128478467464447,8.499,-5.886,4.882,87.289,1.00693
3443,288763.33,1,0.2606489956378937,0.31649836897850037,0.22561,0.3509203791618347,8.42,-5.913,4.505,87.351,1.00625
3444,288846.67,1,0.29875263571739197,0.3527137339115143,0.20989,0.3072126507759094,8.401,-6.098,4.237,87.391,1.00731
3445,288930.0,1,0.2970302104949951,0.34524473547935486,0.21436,0.24796853959560394,8.424,-6.29,3.833,87.432,1.00832
3446,289013.33,1,0.29557740688323975,0.34817153215408325,0.21741,0.25137969851493835,8.459,-6.469,3.648,87.421,1.00929
3447,289096.67,1,0.2918049991130829,0.34516996145248413,0.21905,0.2550087869167328,8.599,-6.635,3.555,87.362,1.00924
3448,289180.0,1,0.29341059923171997,0.34426164627075195,0.21827,0.258960485458374,8.61,-6.717,3.509,87.262,1.00989
3449,289263.33,1,0.2970980703830719,0.3438583314418793,0.21742,0.265203595161438,8.665,-6.819,3.453,87.192,1.00943
3450,289346.67,1,0.2994251251220703,0.35012611746788025,0.21722,0.2682105600833893,8.606,-6.838,3.362,87.145,1.00833
3451,289430.0,1,0.3008643090724945,0.35069936513900757,0.21725,0.2661847770214081,8.609,-6.87,3.319,87.273,1.00817
3452,289513.33,1,0.30311888456344604,0.3539557158946991,0.21681,0.2626812756061554,8.623,-6.87,3.304,87.249,1.00856
3453,289596.67,1,0.30394959449768066,0.35496968030929565,0.21594,0.2525443136692047,8.595,-6.877,3.282,87.165,1.00782
3454,289680.0,1,0.30477389693260193,0.35100147128105164,0.21568,0.23662181198596954,8.578,-6.836,3.228,87.047,1.00707
3455,289763.33,1,0.30904462933540344,0.34400156140327454,0.21883,0.1916629672050476,8.309,-6.826,3.135,87.074,1.00781
3456,289846.67,1,0.3070959448814392,0.3313339650630951,0.22702,0.14486490190029144,8.111,-6.921,2.985,87.022,1.00765
3457,289931.67,1,0.30374106764793396,0.3128305971622467,0.23327,0.13051991164684296,8.128,-6.852,2.894,87.07,1.0078
3458,290015.0,1,0.29672369360923767,0.300540566444397,0.23836,0.11027443408966064,8.182,-6.83,2.868,87.034,1.00856
3459,290098.33,1,0.27718621492385864,0.285013347864151,0.24252,0.14680610597133636,8.335,-6.821,2.913,86.933,1.00761
3460,290181.67,1,0.27246299386024475,0.26833757758140564,0.24384,0.20606853067874908,8.476,-6.741,2.984,86.817,1.00772
3461,290265.0,1,0.26710227131843567,0.2682651877403259,0.24227,0.21586108207702637,8.415,-6.72,2.982,86.695,1.00793
3462,290431.67,1,0.22835764288902283,0.2572285234928131,0.24405,0.23234830796718597,8.651,-5.619,2.946,86.494,1.00619
3463,290598.33,1,0.22264227271080017,0.27809974551200867,0.23547,0.23810680210590363,9.368,-3.497,2.839,87.221,1.00943
3464,290681.67,1,0.20664982497692108,0.27013370394706726,0.24476,0.22642822563648224,9.59,-2.422,2.808,86.071,1.01021
3465,290765.0,1,0.20889954268932343,0.26545193791389465,0.25081,0.2316221296787262,9.76,-2.174,2.982,85.723,1.01106
3466,290848.33,1,0.21791832149028778,0.25824758410453796,0.25173,0.22652265429496765,9.937,-1.996,3.038,85.662,1.01231
3467,290931.67,1,0.22911782562732697,0.2567797303199768,0.25298,0.2466021329164505,10.077,-2.033,2.953,85.571,1.01208
3468,291015.0,1,0.23801010847091675,0.2572832405567169,0.24528,0.24937470257282257,10.198,-1.872,2.676,85.495,1.01201
3469,291098.33,1,0.22381876409053802,0.2352062463760376,0.25539,0.2514961063861847,10.399,-1.713,2.515,85.472,1.01257
3470,291181.67,1,0.2118435502052307,0.21812039613723755,0.26081,0.2524060308933258,10.535,-1.608,2.456,85.425,1.01198
3471,291265.0,1,0.20050576329231262,0.20300333201885223,0.26815,0.2662598490715027,10.517,-1.606,2.501,85.552,1.01243
3472,291350.0,1,0.1933593899011612,0.19306527078151703,0.27453,0.27202358841896057,10.484,-1.61,2.494,85.602,1.01344
3473,291433.33,1,0.19463026523590088,0.20918984711170197,0.26756,0.2548953592777252,10.417,-1.592,2.406,85.684,1.01363
3474,291516.67,1,0.19467850029468536,0.21029594540596008,0.26333,0.2763730585575104,10.41,-1.574,2.314,85.73,1.01454
3475,291600.0,1,0.231344074010849,0.2664293050765991,0.2449,0.28449586033821106,10.499,-1.39,2.05,85.741,1.01466
3476,291683.33,1,0.6735537052154541,0.7028275728225708,0.04248,0.3761681616306305,11.147,-0.946,1.877,85.716,1.01609
3477,291766.67,1,0.5733530521392822,0.6758071184158325,0.06403,0.3447680175304413,11.161,0.046,1.332,85.215,1.01953
3478,291850.0,1,0.3295019268989563,0.4869314730167389,0.18315,0.26755595207214355,11.133,0.937,0.766,84.76,1.0219
3479,291933.33,1,0.24749945104122162,0.35867780447006226,0.24379,0.2800782024860382,11.563,2.445,0.796,84.514,1.02384
3480,292016.67,1,0.26000961661338806,0.36051708459854126,0.24379,0.31371158361434937,11.5,2.602,0.879,84.315,1.02452
3481,292100.0,1,0.2770610749721527,0.295891672372818,0.25187,0.3266310393810272,11.375,2.654,0.983,84.384,1.0244
3482,292183.33,1,0.27301138639450073,0.25400710105895996,0.26124,0.31224197149276733,11.039,2.857,0.91,84.084,1.02428
3483,292266.67,1,0.24335157871246338,0.2252139002084732,0.2726,0.3361758589744568,10.766,2.968,0.864,84.023,1.02416
3484,292350.0,1,0.2111022174358368,0.2035456746816635,0.28249,0.33815327286720276,10.687,3.035,0.763,83.851,1.02469
3485,292433.33,1,0.18466052412986755,0.20162686705589294,0.28713,0.32241615653038025,10.687,3.055,0.742,83.826,1.02352
3486,292516.67,1,0.18360112607479095,0.22040773928165436,0.28372,0.31452855467796326,10.504,3.082,0.707,83.82,1.02419
3487,292600.0,1,0.1846228390932083,0.21942295134067535,0.28235,0.31328511238098145,10.48,3.08,0.704,83.875,1.02426
3488,292683.33,1,0.1804119497537613,0.21257729828357697,0.28731,0.31197884678840637,10.493,3.086,0.629,83.899,1.0231
3489,292768.33,1,0.17911504209041595,0.21178795397281647,0.28956,0.3121703863143921,10.406,3.094,0.663,83.903,1.02253
3490,292851.67,1,0.18018679320812225,0.21367157995700836,0.29065,0.3222969174385071,10.414,3.112,0.652,83.841,1.02296
3491,292935.0,1,0.17857390642166138,0.2129480093717575,0.29164,0.31740912795066833,10.346,3.077,0.648,83.887,1.02336
3492,293018.33,1,0.18415114283561707,0.21258313953876495,0.2888,0.3184088468551636,10.286,3.019,0.665,83.898,1.02377
3493,293101.67,1,0.18789339065551758,0.21716143190860748,0.28545,0.29914966225624084,10.289,2.983,0.613,83.956,1.02259
3494,293185.0,1,0.18923687934875488,0.2173091173171997,0.28328,0.2947554588317871,10.345,2.972,0.651,83.947,1.02196
3495,293268.33,1,0.20030170679092407,0.22022292017936707,0.27957,0.2909548282623291,10.31,2.938,0.637,83.999,1.0226
3496,293351.67,1,0.20250853896141052,0.23718780279159546,0.26944,0.2879759967327118,10.322,2.912,0.668,84.016,1.02315
3497,293435.0,1,0.23839864134788513,0.2775670289993286,0.25261,0.2847180664539337,10.356,2.876,0.575,84.052,1.02356
3498,293518.33,1,0.2572661340236664,0.29727527499198914,0.24475,0.2759447693824768,10.461,2.916,0.52,84.014,1.02374
3499,293601.67,1,0.2782374620437622,0.3226146697998047,0.23703,0.272058367729187,10.475,2.936,0.409,83.989,1.02295
3500,293685.0,1,0.28195688128471375,0.35108187794685364,0.22698,0.2905176877975464,10.504,2.902,0.144,83.908,1.0237
3501,293768.33,1,0.2895469069480896,0.368020236492157,0.21511,0.29923298954963684,10.716,2.912,0.063,83.847,1.02466
3502,293851.67,1,0.27998086810112,0.36499494314193726,0.21867,0.37850484251976013,11.951,3.19,0.014,83.759,1.02425
3503,293935.0,1,0.2876370847225189,0.3680676817893982,0.22538,0.3834960162639618,12.479,3.595,-0.005,83.771,1.02418
3504,294018.33,1,0.2905304729938507,0.3521031141281128,0.22755,0.33111658692359924,12.503,3.654,-0.09,83.736,1.0252
3505,294101.67,1,0.43272268772125244,0.5519838333129883,0.13605,0.30671802163124084,12.608,3.625,-0.085,83.837,1.02563
3506,294186.67,1,0.5836163759231567,0.670824408531189,0.0722,0.28356271982192993,12.601,3.594,-0.17,83.904,1.02591
3507,294270.0,1,0.47702398896217346,0.6344412565231323,0.10815,0.273131400346756,12.624,3.57,-0.344,83.898,1.0258
3508,294353.33,1,0.4261489510536194,0.49750152230262756,0.15351,0.283321350812912,12.592,3.672,-0.482,83.889,1.02538
3509,294436.67,1,0.4182276427745819,0.4196015000343323,0.17342,0.3394435942173004,12.663,3.646,-0.484,83.902,1.02619
3510,294520.0,1,0.3757965862751007,0.35308486223220825,0.20093,0.36957818269729614,12.771,3.632,-0.4,83.937,1.02435
3511,294603.33,1,0.33603328466415405,0.29888075590133667,0.22253,0.37370815873146057,12.824,3.599,-0.37,84.106,1.02583
3512,294686.67,1,0.3136199116706848,0.2767033278942108,0.23381,0.3700788915157318,12.8,3.609,-0.376,84.089,1.02589
3513,294770.0,1,0.30285313725471497,0.2778266668319702,0.23839,0.3623572885990143,12.787,3.601,-0.395,84.086,1.0253
3514,294936.67,1,0.27415230870246887,0.26489752531051636,0.24529,0.3709257245063782,12.839,3.486,-0.505,84.032,1.02629
3515,295103.33,1,0.2289411723613739,0.2463739663362503,0.26493,0.34330108761787415,12.831,3.538,-0.515,84.232,1.02732
3516,295186.67,1,0.2194012850522995,0.23974204063415527,0.26909,0.339672327041626,12.929,3.498,-0.507,84.235,1.02658
3517,295353.33,1,0.2133544683456421,0.23845605552196503,0.27096,0.33377009630203247,12.958,3.457,-0.509,84.281,1.02796
3518,295436.67,1,0.21066027879714966,0.23761862516403198,0.27228,0.3327588140964508,12.887,3.441,-0.517,84.221,1.0281
3519,295521.67,1,0.21076418459415436,0.23733274638652802,0.27261,0.33133459091186523,12.882,3.434,-0.521,84.341,1.02755
3520,295605.0,1,0.21043746173381805,0.23775522410869598,0.27331,0.33232587575912476,12.841,3.442,-0.53,84.417,1.02818
3521,295688.33,1,0.21003398299217224,0.23871681094169617,0.27371,0.329872190952301,12.834,3.433,-0.539,84.545,1.02763
3522,295855.0,1,0.605711817741394,0.6768027544021606,0.06786,0.3138480484485626,12.708,3.341,-0.454,84.655,1.02876
3523,295938.33,1,0.5203343629837036,0.6676992177963257,0.08711,0.30924105644226074,12.301,3.191,-0.583,84.607,1.02766
3524,296021.67,1,0.2759205996990204,0.3778936564922333,0.21472,0.30770230293273926,12.1,3.198,-0.621,84.483,1.02729
3525,296105.0,1,0.20716534554958344,0.27017322182655334,0.2586,0.3092342019081116,11.996,3.231,-0.605,84.405,1.0273
3526,296188.33,1,0.18517239391803741,0.2365545779466629,0.27643,0.3075812757015228,11.847,3.318,-0.555,84.279,1.02724
3527,296271.67,1,0.18344971537590027,0.2224852293729782,0.28287,0.31807464361190796,11.596,3.362,-0.533,84.279,1.02733
3528,296438.33,1,0.18751408159732819,0.21338015794754028,0.28801,0.3121914565563202,11.526,3.411,-0.55,83.947,1.02792
3529,296521.67,1,0.1776702105998993,0.1999092847108841,0.2945,0.31141337752342224,11.385,3.53,-0.543,83.851,1.02603
3530,296688.33,1,0.17482851445674896,0.19595664739608765,0.2964,0.3108014464378357,11.248,3.648,-0.525,83.433,1.0256
3531,296771.67,1,0.17196673154830933,0.19117888808250427,0.29837,0.3094486594200134,11.235,3.673,-0.538,83.388,1.02607
3532,296855.0,1,0.1724875420331955,0.19218885898590088,0.29826,0.3060138523578644,11.287,3.755,-0.531,83.298,1.02532
3533,296940.0,1,0.17522591352462769,0.1995132714509964,0.29758,0.2915817201137543,11.296,3.79,-0.546,83.222,1.02547
3534,297023.33,1,0.17297926545143127,0.1939317137002945,0.29958,0.28738316893577576,11.127,3.786,-0.578,83.095,1.02416
3535,297106.67,1,0.17355889081954956,0.20073911547660828,0.29857,0.2842474579811096,11.023,3.814,-0.598,83.138,1.02508
3536,297190.0,1,0.17417752742767334,0.1998944878578186,0.29838,0.28705069422721863,11.029,3.821,-0.576,83.051,1.02507
3537,297273.33,1,0.1755174696445465,0.1927323341369629,0.29945,0.29647594690322876,10.902,3.858,-0.577,83.157,1.02469
3538,297356.67,1,0.1760806292295456,0.19326286017894745,0.29874,0.29713425040245056,10.882,3.855,-0.608,83.15,1.0248
3539,297440.0,1,0.20145748555660248,0.21533548831939697,0.28635,0.2978228032588959,11.081,3.809,-0.664,83.228,1.02412
3540,297523.33,1,0.21009182929992676,0.22130782902240753,0.28168,0.29545098543167114,11.444,3.752,-0.664,83.161,1.02618
3541,297606.67,1,0.21715478599071503,0.22895748913288116,0.27857,0.29082900285720825,11.564,3.751,-0.694,83.326,1.02578
3542,297690.0,1,0.2200486958026886,0.22903059422969818,0.27907,0.2853779196739197,11.677,3.706,-0.692,83.334,1.02519
3543,297773.33,1,0.23188872635364532,0.23742204904556274,0.27382,0.292655885219574,11.723,3.756,-0.704,83.389,1.02488
3544,297856.67,1,0.23385316133499146,0.23882339894771576,0.27305,0.3051004409790039,11.767,3.798,-0.716,83.362,1.02534
3545,297940.0,1,0.23138722777366638,0.23901605606079102,0.27147,0.3083702623844147,11.84,3.792,-0.743,83.393,1.02528
3546,298023.33,1,0.22855553030967712,0.23992937803268433,0.27041,0.3118570148944855,11.857,3.802,-0.739,83.379,1.02481
3547,298106.67,1,0.2246350198984146,0.24034008383750916,0.27006,0.31684771180152893,11.855,3.824,-0.742,83.373,1.02428
3548,298190.0,1,0.2244684100151062,0.2395835667848587,0.27012,0.3240068256855011,11.943,3.846,-0.756,83.3,1.02559
3549,298275.0,1,0.2196945995092392,0.23544275760650635,0.27306,0.32447248697280884,12.053,3.838,-0.793,83.262,1.02425
3550,298358.33,1,0.22021065652370453,0.23759868741035461,0.27385,0.32232651114463806,12.114,3.79,-0.796,83.199,1.02376
3551,298448.33,1,0.2181992083787918,0.23885567486286163,0.2741,0.3236417770385742,12.118,3.769,-0.84,84.372,1.03135
3552,298538.33,1,0.21466182172298431,0.23553745448589325,0.2762,0.3253260552883148,12.078,3.756,-0.842,84.755,1.02695
3553,298628.33,1,0.21279989182949066,0.2337954342365265,0.27723,0.3239143490791321,12.065,3.741,-0.844,85.15,1.02699
3554,298718.33,1,0.21267370879650116,0.23409688472747803,0.27724,0.3208416700363159,12.092,3.755,-0.848,85.128,1.02618
3555,298808.33,1,0.21195371448993683,0.23496602475643158,0.2775,0.3211680054664612,12.108,3.779,-0.849,85.096,1.02488
3556,298898.33,1,0.21217374503612518,0.23546884953975677,0.27733,0.32142966985702515,12.195,3.801,-0.826,84.909,1.02418
3557,298990.0,1,0.20567740499973297,0.23202601075172424,0.27975,0.3209620714187622,12.164,3.796,-0.807,84.556,1.02241
3558,299080.0,1,0.1986822634935379,0.22521258890628815,0.28199,0.306435227394104,12.047,3.794,-0.81,84.036,1.02144
3559,299170.0,1,0.1989532858133316,0.2187505066394806,0.28345,0.2860393822193146,12.019,3.806,-0.792,83.726,1.01893
3560,299260.0,1,0.19603967666625977,0.21687333285808563,0.28517,0.27394214272499084,12.034,3.81,-0.767,83.518,1.01873
3561,299350.0,1,0.1989302635192871,0.21984700858592987,0.2842,0.27014803886413574,12.037,3.824,-0.748,83.456,1.01803
3562,299440.0,1,0.20517364144325256,0.2244136482477188,0.28133,0.26897209882736206,12.06,3.807,-0.721,83.356,1.01824
3563,299530.0,1,0.47032928466796875,0.5455749034881592,0.13308,0.27392396330833435,12.313,3.633,-0.765,83.686,1.01825
3564,299621.67,1,0.35924896597862244,0.4571712911128998,0.1845,0.275043785572052,12.272,3.645,-0.727,83.619,1.01926
3565,299711.67,1,0.2583114206790924,0.292864590883255,0.24573,0.27055907249450684,12.113,3.699,-0.743,83.748,1.01923
3566,299801.67,1,0.21047848463058472,0.23670028150081635,0.27206,0.27298060059547424,12.026,3.744,-0.701,83.694,1.02025
3567,299891.67,1,0.18978337943553925,0.21316936612129211,0.28537,0.2702755928039551,11.809,3.783,-0.693,83.882,1.02021
3568,299981.67,1,0.1685619354248047,0.18908284604549408,0.29573,0.26841914653778076,11.774,3.784,-0.678,84.042,1.02111
3569,300071.67,1,0.1664806604385376,0.18546821177005768,0.2967,0.2738410234451294,11.77,3.773,-0.695,84.313,1.02205
3570,300161.67,1,0.1647624522447586,0.18416616320610046,0.29652,0.2924976348876953,11.781,3.835,-0.73,84.485,1.02233
3571,300251.67,1,0.15701153874397278,0.1831071525812149,0.29854,0.3430463969707489,12.082,3.952,-0.806,84.72,1.0214
3572,300343.33,1,0.15191982686519623,0.18905198574066162,0.29604,0.38790589570999146,12.383,4.076,-0.898,84.863,1.02117
3573,300433.33,1,0.1913166046142578,0.25062665343284607,0.27082,0.37486451864242554,12.38,4.06,-1.019,85.179,1.02252
3574,300523.33,1,0.5945038795471191,0.6903741955757141,0.0629,0.33371561765670776,12.528,3.876,-0.979,85.424,1.02383
3575,300613.33,1,0.4894440770149231,0.5924492478370667,0.10745,0.3126828372478485,12.449,3.796,-0.997,85.581,1.02428
3576,300703.33,1,0.4094480574131012,0.47193923592567444,0.15489,0.2978103756904602,12.404,3.767,-1.023,85.603,1.02455
3577,300793.33,1,0.37251389026641846,0.39837512373924255,0.1916,0.30200034379959106,12.26,3.906,-1.033,85.746,1.02436
3578,300883.33,1,0.34154027700424194,0.3667481541633606,0.21,0.3100896179676056,12.28,3.939,-1.033,85.783,1.02434
3579,300975.0,1,0.3188943862915039,0.3359513580799103,0.22452,0.315066397190094,12.37,3.961,-1.013,85.889,1.02399
3580,301065.0,1,0.2695717215538025,0.3025675117969513,0.24457,0.3206421136856079,12.476,3.948,-1.02,85.927,1.02456
3581,301155.0,1,0.18940047919750214,0.21867956221103668,0.28433,0.33095166087150574,12.346,3.963,-0.964,85.981,1.0244
3582,301245.0,1,0.16914010047912598,0.1986415833234787,0.29671,0.33364465832710266,12.14,3.876,-0.97,85.942,1.02486
3583,301335.0,1,0.1624791920185089,0.18853701651096344,0.30204,0.33536696434020996,12.043,3.825,-0.977,85.999,1.02489
3584,301425.0,1,0.16095344722270966,0.1837063580751419,0.30322,0.34236547350883484,12.013,3.76,-1.005,85.961,1.02508
3585,301515.0,1,0.1613560914993286,0.1832984834909439,0.30386,0.34353727102279663,11.965,3.752,-1.013,85.993,1.02428
3586,301606.67,1,0.1633647233247757,0.18578453361988068,0.30396,0.3406377136707306,11.92,3.797,-1.012,85.93,1.02452
3587,301696.67,1,0.1661156564950943,0.1896795630455017,0.30222,0.34010422229766846,11.972,3.818,-1.054,86.007,1.0249
3588,301786.67,1,0.16782596707344055,0.19289669394493103,0.29989,0.3366013169288635,11.943,3.81,-1.05,85.923,1.02535
3589,301876.67,1,0.16596974432468414,0.19342288374900818,0.2993,0.32170072197914124,11.903,3.822,-1.059,86.008,1.02491
3590,301966.67,1,0.1684809774160385,0.19512826204299927,0.29805,0.3122662603855133,11.841,3.863,-1.048,85.894,1.02515
3591,302056.67,1,0.17197783291339874,0.19942398369312286,0.29518,0.30932360887527466,11.956,3.904,-1.014,85.943,1.02535
3592,302146.67,1,0.17267726361751556,0.1996684968471527,0.29557,0.3031804859638214,11.937,3.904,-1.002,85.796,1.02518
3593,302238.33,1,0.19203221797943115,0.2453378587961197,0.27646,0.2960902154445648,11.999,3.899,-0.971,85.871,1.02499
3594,302328.33,1,0.4393576681613922,0.5770364999771118,0.12896,0.2946391701698303,12.059,3.782,-1.036,85.788,1.02508
3595,302418.33,1,0.25942859053611755,0.3239296078681946,0.23921,0.29009634256362915,11.853,3.803,-1.066,85.79,1.02481
3596,302508.33,1,0.1559656858444214,0.21150422096252441,0.29131,0.2859622836112976,11.676,3.867,-0.976,85.674,1.0252
3597,302598.33,1,0.12973546981811523,0.17466343939304352,0.30645,0.28764626383781433,11.688,3.851,-0.895,85.75,1.02516
3598,302688.33,1,0.12788799405097961,0.1689315289258957,0.30988,0.2864084839820862,11.641,3.881,-0.9,85.634,1.02556
3599,302778.33,1,0.13042005896568298,0.16902849078178406,0.3103,0.28593379259109497,11.593,3.896,-0.893,85.662,1.02524
3600,302870.0,1,0.15219856798648834,0.1762761026620865,0.3039,0.2886752784252167,11.591,3.893,-0.938,85.617,1.02589
3601,302960.0,1,0.5525459051132202,0.6218917965888977,0.08665,0.2846236824989319,11.858,3.796,-1.005,85.808,1.02611
3602,303050.0,1,0.4338662624359131,0.5429269075393677,0.12567,0.29642701148986816,12.005,3.788,-1.212,85.682,1.02592
3603,303140.0,1,0.3196483850479126,0.4193660020828247,0.17639,0.3298425078392029,12.023,3.842,-1.329,85.662,1.02526
3604,303230.0,1,0.27117156982421875,0.3810758888721466,0.19911,0.3511333167552948,12.168,3.927,-1.442,85.614,1.02476
3605,303320.0,1,0.2513762414455414,0.35327011346817017,0.21536,0.3554418981075287,12.174,3.938,-1.451,85.58,1.02399
3606,303410.0,1,0.23913230001926422,0.3347577452659607,0.22807,0.34464845061302185,12.032,3.936,-1.395,85.518,1.02332
3607,303501.67,1,0.24354776740074158,0.31329235434532166,0.23595,0.30597561597824097,11.819,3.954,-1.349,85.55,1.02303
3608,303591.67,1,0.25711461901664734,0.3070715069770813,0.23866,0.3450486958026886,11.843,3.946,-1.234,85.572,1.02395
3609,303681.67,1,0.25496795773506165,0.30189111828804016,0.24202,0.37761569023132324,11.998,3.902,-1.183,85.616,1.02279
3610,303771.67,1,0.2801744341850281,0.3277035653591156,0.23114,0.39741384983062744,12.217,3.961,-1.124,85.606,1.02327
3611,303951.67,1,0.3197648525238037,0.39732494950294495,0.19873,0.3586510121822357,12.203,3.795,-1.139,85.347,1.02199
3612,304041.67,1,0.29523032903671265,0.35530397295951843,0.2156,0.34965333342552185,12.115,3.794,-1.192,85.177,1.0218
3613,304133.33,1,0.2657534182071686,0.31983962655067444,0.23057,0.33645227551460266,12.092,3.778,-1.193,85.089,1.02158
3614,304223.33,1,0.2508010268211365,0.29899802803993225,0.2374,0.3513202369213104,12.119,3.733,-1.235,85.021,1.02184
3615,304313.33,1,0.24347756803035736,0.29313284158706665,0.24285,0.3477109372615814,12.145,3.741,-1.283,84.957,1.02141
3616,304403.33,1,0.23626385629177094,0.28644776344299316,0.24736,0.34467586874961853,12.215,3.767,-1.297,84.859,1.02117
3617,304493.33,1,0.23152457177639008,0.28155919909477234,0.24994,0.33392971754074097,12.189,3.821,-1.294,84.603,1.01949
3618,304583.33,1,0.21736739575862885,0.2548536956310272,0.2618,0.3099873960018158,11.971,3.912,-1.288,83.964,1.01866
3619,304673.33,1,0.20891229808330536,0.23869648575782776,0.27064,0.28746432065963745,11.785,3.988,-1.239,83.705,1.01738
3620,304765.0,1,0.1979973018169403,0.23017336428165436,0.2759,0.2770179510116577,11.746,3.995,-1.241,83.393,1.01802
3621,304855.0,1,0.19185574352741241,0.22240418195724487,0.27841,0.27068892121315,11.743,3.977,-1.199,83.311,1.01789
3622,304945.0,1,0.19583280384540558,0.2252964973449707,0.27807,0.2726302146911621,11.712,3.969,-1.198,83.157,1.01753
3623,305035.0,1,0.20031018555164337,0.2316592037677765,0.27404,0.27384328842163086,11.715,3.944,-1.183,83.199,1.01726
3624,305125.0,1,0.20743538439273834,0.23995789885520935,0.27035,0.27514806389808655,11.678,3.972,-1.164,83.077,1.01755
3625,305215.0,1,0.2122003138065338,0.24723617732524872,0.26818,0.2744540274143219,11.64,4.02,-1.163,83.099,1.01684
3626,305305.0,1,0.216315358877182,0.2569045424461365,0.26574,0.2713744342327118,11.567,3.999,-1.187,82.959,1.01747
3627,305395.0,1,0.2154264748096466,0.2596505582332611,0.26387,0.2673362195491791,11.623,4.006,-1.224,83.028,1.01767
3628,305486.67,1,0.21729470789432526,0.2618331015110016,0.26225,0.2665151059627533,11.718,3.961,-1.237,82.926,1.01698
3629,305576.67,1,0.22960339486598969,0.27083683013916016,0.25574,0.2675233483314514,11.802,3.962,-1.235,82.903,1.01688
3630,305666.67,1,0.235295832157135,0.2805350422859192,0.25266,0.2671760022640228,11.87,3.964,-1.226,82.815,1.01785
3631,305756.67,1,0.24595491588115692,0.2961459159851074,0.2469,0.26491397619247437,11.885,3.978,-1.213,82.904,1.01736
3632,305846.67,1,0.24998021125793457,0.29843947291374207,0.24418,0.2617027163505554,11.885,3.971,-1.214,82.883,1.01752
3633,305936.67,1,0.2566501796245575,0.3065161406993866,0.2417,0.2578698992729187,11.878,3.967,-1.217,82.893,1.01688
3634,306026.67,1,0.2706071138381958,0.3219640851020813,0.23335,0.25252458453178406,11.879,3.954,-1.184,82.875,1.01694
3635,306118.33,1,0.2989637553691864,0.340573251247406,0.21645,0.2444448322057724,11.913,3.879,-1.094,82.919,1.01702
3636,306208.33,1,0.3039710521697998,0.3332478106021881,0.21467,0.24094414710998535,11.901,3.845,-1.029,82.876,1.01735
3637,306298.33,1,0.3248941898345947,0.33894771337509155,0.20903,0.23908241093158722,11.927,3.843,-1.007,82.967,1.01751
3638,306388.33,1,0.3263132572174072,0.3345114290714264,0.2095,0.2317710816860199,11.918,3.835,-0.997,83.028,1.01814
3639,306478.33,1,0.325722873210907,0.3325763940811157,0.20905,0.22989274561405182,11.937,3.77,-0.976,83.214,1.01797
3640,306568.33,1,0.3273783028125763,0.3330436646938324,0.20814,0.23222553730010986,11.976,3.731,-0.974,83.278,1.01893
3641,306658.33,1,0.3420499265193939,0.34831902384757996,0.20112,0.24106168746948242,12.029,3.704,-0.97,83.683,1.0195
3642,306750.0,1,0.27382615208625793,0.33013272285461426,0.22826,0.25256508588790894,11.881,3.738,-1.041,83.833,1.01929
3643,306840.0,1,0.2838653028011322,0.3375614881515503,0.22283,0.2593863010406494,11.912,3.712,-1.03,85.131,1.0224
3644,306930.0,1,0.5681589841842651,0.6072425842285156,0.08663,0.26922887563705444,12.095,3.692,-1.181,85.651,1.02378
3645,307020.0,1,0.34720465540885925,0.4392896890640259,0.17771,0.27790266275405884,12.071,3.773,-1.157,85.924,1.02569
3646,307110.0,1,0.2391638606786728,0.3155379593372345,0.23776,0.2822806239128113,12.251,3.773,-1.098,86.003,1.02682
3647,307200.0,1,0.20745085179805756,0.2727374732494354,0.25561,0.33229967951774597,12.52,3.737,-0.998,86.136,1.02753
3648,307290.0,1,0.19440005719661713,0.24606165289878845,0.26413,0.3656107783317566,12.461,3.693,-0.966,86.128,1.02663
3649,307471.67,1,0.19742165505886078,0.24012930691242218,0.26719,0.3397424519062042,12.58,3.834,-0.914,86.373,1.02622
3650,307561.67,1,0.20198199152946472,0.24605543911457062,0.26637,0.3311244249343872,12.617,3.874,-0.981,86.376,1.02633
3651,307651.67,1,0.21305599808692932,0.25114014744758606,0.26455,0.3011940121650696,12.247,3.909,-1.046,86.381,1.0255
3652,307741.67,1,0.22402909398078918,0.2566413879394531,0.26227,0.3159278631210327,12.357,3.896,-1.034,86.368,1.02499
3653,307831.67,1,0.2381625920534134,0.2592039406299591,0.25936,0.3323819935321808,12.409,3.873,-1.038,86.465,1.02472
3654,307921.67,1,0.25547727942466736,0.2719414234161377,0.25189,0.32691577076911926,12.42,3.845,-1.038,86.405,1.02549
3655,308013.33,1,0.25209102034568787,0.26259589195251465,0.25282,0.3310060203075409,12.477,3.774,-1.017,86.52,1.02513
3656,308103.33,1,0.2519964277744293,0.2583523690700531,0.25329,0.33828970789909363,12.489,3.732,-1.038,86.402,1.0253
3657,308193.33,1,0.24873055517673492,0.25234946608543396,0.25428,0.31814849376678467,12.465,3.725,-1.035,86.516,1.02532
3658,308283.33,1,0.24652419984340668,0.24694932997226715,0.25596,0.30239781737327576,12.441,3.711,-1.052,86.387,1.02532
3659,308373.33,1,0.24077938497066498,0.23542170226573944,0.25881,0.29714447259902954,12.422,3.716,-1.061,86.419,1.02535
3660,308463.33,1,0.2377992421388626,0.23512332141399384,0.25999,0.28853732347488403,12.366,3.733,-1.063,86.344,1.02532
3661,308553.33,1,0.5976464748382568,0.6199597716331482,0.0749,0.29095661640167236,12.399,3.592,-1.087,86.533,1.02577
3662,308645.0,1,0.5209702253341675,0.5675627589225769,0.1082,0.2885134220123291,12.316,3.562,-1.061,86.405,1.02538
3663,308735.0,1,0.33096250891685486,0.3550202548503876,0.20252,0.2809585630893707,12.24,3.598,-1.087,86.42,1.02532
3664,308825.0,1,0.26318004727363586,0.264190137386322,0.2423,0.2824903428554535,12.217,3.605,-1.099,86.371,1.02536
3665,308915.0,1,0.25453928112983704,0.2563930153846741,0.24712,0.28258833289146423,12.277,3.641,-1.08,86.381,1.02536
3666,309005.0,1,0.2618315815925598,0.26953446865081787,0.23726,0.27349868416786194,12.386,3.609,-1.045,86.327,1.02568
3667,309095.0,1,0.2877978980541229,0.2849932610988617,0.22735,0.2695966958999634,12.389,3.615,-1.032,86.343,1.02534
3668,309185.0,1,0.30440059304237366,0.2877746820449829,0.2229,0.26907268166542053,12.353,3.63,-1.063,86.269,1.02587
3669,309275.0,1,0.31270039081573486,0.29216495156288147,0.22041,0.2705364525318146,12.325,3.681,-1.055,86.314,1.02502
3670,309366.67,1,0.32961520552635193,0.30772048234939575,0.2126,0.2693028748035431,12.327,3.704,-1.058,86.218,1.0257
3671,309450.0,1,0.33853980898857117,0.322903037071228,0.20772,0.26872900128364563,12.403,3.77,-1.015,85.074,1.02466
3672,309533.33,1,0.33985358476638794,0.3265182375907898,0.2072,0.26789554953575134,12.35,3.83,-1.009,84.773,1.025
3673,309616.67,1,0.34004586935043335,0.32836344838142395,0.2067,0.268703430891037,12.363,3.839,-1.017,84.429,1.02742
3674,309700.0,1,0.3392992317676544,0.3317602872848511,0.20636,0.27397847175598145,12.427,3.842,-1.03,84.301,1.02556
3675,309783.33,1,0.33857154846191406,0.3353182375431061,0.20542,0.2752143442630768,12.431,3.846,-1.027,84.172,1.0246
3676,309866.67,1,0.34093642234802246,0.34082186222076416,0.20389,0.28084924817085266,12.306,3.885,-1.036,84.041,1.02529
3677,309950.0,1,0.34467121958732605,0.34742286801338196,0.20016,0.2907036244869232,12.309,3.871,-1.054,83.989,1.02531
3678,310035.0,1,0.4683850407600403,0.5389148592948914,0.11704,0.2928590476512909,12.391,3.821,-1.051,83.882,1.02524
3679,310118.33,1,0.6163893938064575,0.6761751174926758,0.05701,0.29623639583587646,12.4,3.812,-1.13,83.911,1.02435
3680,310201.67,1,0.5498021841049194,0.614045262336731,0.0802,0.2906271815299988,12.305,3.74,-1.165,83.766,1.02439
3681,310285.0,1,0.4318315386772156,0.46320924162864685,0.13927,0.2931083142757416,12.297,3.752,-1.085,83.793,1.02388
3682,310368.33,1,0.39178910851478577,0.4143294095993042,0.16117,0.2912820875644684,12.249,3.781,-1.068,83.731,1.02421
3683,310451.67,1,0.3706792891025543,0.39332273602485657,0.17301,0.2907116711139679,12.379,3.787,-1.037,83.818,1.02414
3684,310535.0,1,0.3788095712661743,0.4071257412433624,0.1672,0.3068166971206665,12.538,3.763,-1.028,83.773,1.02473
3685,310618.33,1,0.6344772577285767,0.6729257106781006,0.05361,0.3175845146179199,12.379,3.732,-1.125,83.945,1.02397
3686,310703.33,1,0.5219988822937012,0.5115574598312378,0.11222,0.3193530738353729,12.437,3.702,-1.053,83.898,1.02417
3687,310786.67,1,0.3224247395992279,0.3308927118778229,0.2012,0.31764915585517883,12.433,3.677,-1.04,83.958,1.02389
3688,310870.0,1,0.2751356363296509,0.2772289216518402,0.22746,0.31466609239578247,12.429,3.684,-1.026,83.954,1.02471
3689,310953.33,1,0.2634015381336212,0.26227110624313354,0.23678,0.3045632243156433,12.433,3.681,-1.009,83.981,1.02487
3690,311036.67,1,0.2556714713573456,0.24791179597377777,0.24334,0.28187865018844604,12.475,3.687,-0.985,83.939,1.02516
3691,311120.0,1,0.24794960021972656,0.24405676126480103,0.24713,0.2773458659648895,12.503,3.687,-0.977,84.062,1.02496
3692,311203.33,1,0.23093239963054657,0.21726883947849274,0.2628,0.2745930552482605,12.577,3.665,-0.97,84.085,1.02549
3693,311286.67,1,0.22559261322021484,0.20864251255989075,0.26823,0.2758582830429077,12.662,3.651,-0.943,84.122,1.02575
3694,311371.67,1,0.22373194992542267,0.20576119422912598,0.27005,0.2781071960926056,12.693,3.645,-0.921,84.112,1.02552
3695,311455.0,1,0.21553151309490204,0.1974824070930481,0.27444,0.2728725075721741,12.703,3.653,-0.917,84.144,1.02481
3696,311538.33,1,0.21338456869125366,0.19738061726093292,0.27491,0.2721209228038788,12.693,3.657,-0.909,84.132,1.02465
3697,311621.67,1,0.21370911598205566,0.19770319759845734,0.27447,0.2736206650733948,12.66,3.665,-0.9,84.192,1.02408
3698,311705.0,1,0.21088683605194092,0.19640471041202545,0.27484,0.26728081703186035,12.605,3.637,-0.901,84.102,1.02496
3699,311788.33,1,0.2093254178762436,0.1979551762342453,0.2736,0.2652345597743988,12.475,3.608,-0.935,83.974,1.02499
3700,311871.67,1,0.2277841717004776,0.21556080877780914,0.26496,0.2693822979927063,12.328,3.657,-1.006,83.868,1.02417
3701,311955.0,1,0.24100907146930695,0.24322253465652466,0.26593,0.2813219428062439,12.28,3.693,-1.084,83.777,1.02355
3702,312038.33,1,0.2394535094499588,0.24911032617092133,0.26423,0.28813499212265015,12.193,3.763,-1.163,83.676,1.02365
3703,312123.33,1,0.2377600520849228,0.25067025423049927,0.26401,0.2861035466194153,12.167,3.776,-1.204,83.614,1.02393
3704,312206.67,1,0.23615121841430664,0.2570754587650299,0.26333,0.2892255187034607,12.167,3.81,-1.217,83.55,1.02353
3705,312290.0,1,0.23831892013549805,0.2823636829853058,0.25679,0.29200154542922974,12.163,3.835,-1.217,83.532,1.0227
3706,312373.33,1,0.616369903087616,0.6363722681999207,0.069,0.29090604186058044,12.229,3.75,-1.225,83.543,1.02357
3707,312456.67,1,0.6038950681686401,0.6112880706787109,0.07057,0.28707945346832275,12.302,3.704,-1.204,83.539,1.02346
3708,312540.0,1,0.5920370817184448,0.5888410806655884,0.08266,0.28739476203918457,12.512,3.603,-1.125,83.416,1.02352
3709,312623.33,1,0.5316427946090698,0.5447196960449219,0.10124,0.28797614574432373,12.507,3.63,-1.036,83.459,1.02338
3710,312706.67,1,0.49251824617385864,0.5056240558624268,0.11731,0.2899269461631775,12.489,3.64,-0.984,83.431,1.02294
3711,312791.67,1,0.4543963372707367,0.47470685839653015,0.13264,0.2923157513141632,12.49,3.619,-0.953,84.126,1.02166
3712,312875.0,1,0.4359944462776184,0.4500936269760132,0.14248,0.29446884989738464,12.439,3.596,-0.959,84.355,1.02196
3713,312958.33,1,0.42442649602890015,0.44239476323127747,0.14774,0.2981290817260742,12.415,3.57,-0.94,84.54,1.02076
3714,313041.67,1,0.40433767437934875,0.44008561968803406,0.15381,0.3012622892856598,12.433,3.58,-0.934,84.584,1.02076
3715,313125.0,1,0.2822137475013733,0.3644348978996277,0.21348,0.3014686107635498,12.218,3.761,-1.027,84.781,1.01943
3716,313208.33,1,0.24300451576709747,0.31482815742492676,0.23905,0.3021170198917389,12.126,3.767,-1.067,84.739,1.01997
3717,313291.67,1,0.23393826186656952,0.3001137375831604,0.24702,0.30477383732795715,12.081,3.775,-1.057,84.799,1.02031
3718,313375.0,1,0.4196999967098236,0.5414161086082458,0.13506,0.3144652843475342,12.036,3.718,-1.055,84.72,1.02074
3719,313460.0,1,0.5021436810493469,0.6024582386016846,0.09645,0.3162594437599182,11.746,3.645,-1.089,84.672,1.01999
3720,313543.33,1,0.3248418867588043,0.4286278486251831,0.19059,0.32089921832084656,11.317,3.813,-1.07,84.512,1.0196
3721,313626.67,1,0.2514331638813019,0.3367878794670105,0.2317,0.32336822152137756,11.239,3.869,-1.053,84.585,1.01925
3722,313710.0,1,0.22647319734096527,0.29199180006980896,0.25006,0.3256304860115051,11.202,3.917,-1.032,84.603,1.0189
3723,313793.33,1,0.22869934141635895,0.2874244153499603,0.25367,0.3244110941886902,11.119,3.97,-1.054,84.58,1.01819
3724,313876.67,1,0.22381480038166046,0.28479400277137756,0.25373,0.3116344213485718,11.169,3.954,-1.08,84.593,1.01861
3725,313960.0,1,0.23223832249641418,0.29575106501579285,0.24984,0.30637267231941223,11.328,3.961,-1.091,84.631,1.01887
3726,314043.33,1,0.23760293424129486,0.30210891366004944,0.24474,0.30373987555503845,11.471,3.938,-1.104,84.621,1.01939
3727,314126.67,1,0.2994004487991333,0.35121652483940125,0.21495,0.2982465922832489,11.732,3.802,-1.093,84.669,1.01798
3728,314211.67,1,0.33261191844940186,0.360573947429657,0.19744,0.2861470580101013,11.909,3.69,-1.02,84.631,1.01876
3729,314295.0,1,0.3438015282154083,0.3691354990005493,0.19133,0.2811122536659241,11.962,3.639,-1.042,84.597,1.01799
3730,314378.33,1,0.34227365255355835,0.37534645199775696,0.18912,0.2788861393928528,11.975,3.581,-1.077,84.585,1.01791
3731,314461.67,1,0.37379011511802673,0.4064280092716217,0.17163,0.279304563999176,12.016,3.516,-1.108,84.568,1.01712
3732,314545.0,1,0.3891180753707886,0.41980287432670593,0.16318,0.28097110986709595,12.097,3.443,-1.13,84.815,1.01878
3733,314628.33,1,0.38593703508377075,0.4212665259838104,0.16097,0.28132686018943787,12.113,3.424,-1.123,83.755,1.01973
3734,314711.67,1,0.4082552492618561,0.431192010641098,0.15153,0.28437918424606323,12.184,3.347,-1.129,82.702,1.01912
3735,314795.0,1,0.4109250009059906,0.43552014231681824,0.14954,0.28692853450775146,12.311,3.273,-1.125,82.258,1.01922
3736,314880.0,1,0.412067711353302,0.4385724663734436,0.14889,0.2894049286842346,12.353,3.274,-1.115,82.019,1.01922
3737,314963.33,1,0.41029635071754456,0.438348650932312,0.14925,0.2892580032348633,12.302,3.26,-1.113,81.809,1.01999
3738,315046.67,1,0.5154070854187012,0.560046911239624,0.09787,0.2894727289676666,12.304,3.277,-1.109,81.694,1.01969
3739,315130.0,1,0.6017878651618958,0.6249909400939941,0.06497,0.28604450821876526,12.316,3.336,-1.124,81.572,1.01977
3740,315213.33,1,0.5920095443725586,0.6101168394088745,0.07101,0.28543585538864136,12.278,3.321,-1.127,81.427,1.01926
3741,315296.67,1,0.52615886926651,0.553948700428009,0.09634,0.2810021936893463,12.218,3.338,-1.115,81.328,1.01916
3742,315380.0,1,0.4950438439846039,0.5202867984771729,0.11001,0.27422159910202026,12.137,3.36,-1.098,81.238,1.01965
3743,315463.33,1,0.5589829683303833,0.6118273735046387,0.07961,0.26959338784217834,12.1,3.45,-1.084,81.328,1.01935
3744,315548.33,1,0.5939497947692871,0.6350094676017761,0.0636,0.2747573256492615,12.127,3.453,-1.103,81.254,1.01994
3745,315631.67,1,0.40351277589797974,0.4817306697368622,0.14815,0.2876788079738617,11.903,3.536,-1.143,81.3,1.01938
3746,315715.0,1,0.26890018582344055,0.32643672823905945,0.22492,0.29081615805625916,11.742,3.587,-1.136,81.199,1.01927
3747,315798.33,1,0.2518664002418518,0.2986334562301636,0.24047,0.2908928394317627,11.652,3.622,-1.113,81.211,1.01963
3748,315881.67,1,0.2559032440185547,0.30543801188468933,0.23966,0.2921665906906128,11.615,3.596,-1.163,81.111,1.01975
3749,315965.0,1,0.26367875933647156,0.3219234347343445,0.23375,0.3042275309562683,11.65,3.585,-1.182,81.112,1.01941
3750,316048.33,1,0.26591756939888,0.3349642753601074,0.23107,0.3169722259044647,11.681,3.649,-1.201,81.034,1.01841
3751,316131.67,1,0.24809984862804413,0.3172758221626282,0.23555,0.3227955996990204,11.817,3.662,-1.22,81.16,1.01864
3752,316215.0,1,0.23416022956371307,0.31485840678215027,0.23467,0.3270169496536255,11.841,3.674,-1.246,81.189,1.01853
3753,316300.0,1,0.24488361179828644,0.33382463455200195,0.22783,0.3226443827152252,11.817,3.669,-1.256,81.239,1.01921
3754,316383.33,1,0.3128339350223541,0.355435311794281,0.19959,0.30871322751045227,11.927,3.649,-1.214,81.272,1.01995
3755,316466.67,1,0.3476221263408661,0.3702206611633301,0.18852,0.27888134121894836,12.033,3.606,-1.145,81.331,1.01963
3756,316550.0,1,0.3443731665611267,0.3603958785533905,0.19139,0.2685163915157318,12.028,3.55,-1.134,81.332,1.01918
3757,316633.33,1,0.3430914878845215,0.3593680262565613,0.19364,0.2954578399658203,12.07,3.414,-1.119,81.351,1.01938
3758,316716.67,1,0.3366125226020813,0.35312366485595703,0.19728,0.2744837701320648,12.037,3.333,-1.12,81.332,1.02087
3759,316800.0,1,0.3316347301006317,0.35080036520957947,0.1972,0.25213372707366943,11.878,3.331,-1.132,82.985,1.01952
3760,316883.33,1,0.33529627323150635,0.3918609917163849,0.19323,0.2489597499370575,11.749,3.391,-1.198,83.597,1.01928
3761,316968.33,1,0.18274681270122528,0.2555570602416992,0.26967,0.2708434760570526,11.851,3.505,-1.168,83.893,1.0189
3762,317051.67,1,0.13543331623077393,0.1985902637243271,0.29633,0.286599725484848,11.956,3.631,-1.092,83.96,1.01912
3763,317135.0,1,0.12839609384536743,0.18815961480140686,0.30214,0.29250723123550415,12.0,3.731,-1.004,84.086,1.0195
3764,317218.33,1,0.1297094225883484,0.1815798133611679,0.30381,0.2912076413631439,12.036,3.766,-0.987,84.129,1.01974
3765,317301.67,1,0.1327471137046814,0.1814858317375183,0.30354,0.29514890909194946,11.956,3.831,-0.985,84.229,1.01988
3766,317385.0,1,0.1407976895570755,0.18730413913726807,0.2998,0.2986244261264801,11.948,3.836,-0.988,84.221,1.01978
3767,317468.33,1,0.14321903884410858,0.18699225783348083,0.29913,0.3008902370929718,12.047,3.878,-0.97,84.348,1.01954
3768,317551.67,1,0.1453428566455841,0.18946397304534912,0.29796,0.301738977432251,12.11,3.879,-0.98,84.301,1.02008
3769,317636.67,1,0.14748883247375488,0.18989621102809906,0.29726,0.30239614844322205,12.172,3.887,-0.97,84.4,1.01936
3770,317720.0,1,0.14927202463150024,0.19186460971832275,0.29639,0.30401137471199036,12.174,3.9,-0.96,84.295,1.01925
3771,317803.33,1,0.15226159989833832,0.198167622089386,0.29407,0.30893024802207947,12.191,3.914,-0.937,84.402,1.0191
3772,317886.67,1,0.5774239301681519,0.6023656129837036,0.08544,0.2969745099544525,12.388,3.751,-0.989,84.377,1.02052
3773,317970.0,1,0.5557687878608704,0.6061139106750488,0.08179,0.3254416584968567,12.293,3.68,-1.152,84.457,1.01944
3774,318053.33,1,0.44177597761154175,0.46507900953292847,0.14009,0.34016504883766174,12.064,3.781,-1.212,84.333,1.01833
3775,318136.67,1,0.33013588190078735,0.3685816526412964,0.18826,0.3391825556755066,12.051,3.831,-1.206,84.443,1.01723
3776,318220.0,1,0.2871358394622803,0.3115517497062683,0.21443,0.33680498600006104,12.037,3.849,-1.204,84.359,1.01801
3777,318303.33,1,0.27301207184791565,0.29565468430519104,0.22429,0.333434522151947,12.076,3.818,-1.207,84.517,1.01782
3778,318388.33,1,0.20757579803466797,0.27220964431762695,0.25664,0.3536178767681122,12.222,3.821,-1.166,84.476,1.0181
3779,318471.67,1,0.17389900982379913,0.2310674488544464,0.2741,0.36732420325279236,12.384,3.787,-1.204,84.536,1.01827
3780,318555.0,1,0.16205409169197083,0.21797068417072296,0.28198,0.3857320547103882,12.531,3.851,-1.153,84.51,1.01833
3781,318638.33,1,0.15708456933498383,0.2069217562675476,0.2865,0.38894104957580566,12.574,3.854,-1.143,84.613,1.01809
3782,318721.67,1,0.1588866114616394,0.20642589032649994,0.28693,0.3990098237991333,12.595,3.825,-1.141,84.635,1.01787
3783,318805.0,1,0.15779273211956024,0.20563818514347076,0.28813,0.3967879116535187,12.585,3.807,-1.15,84.629,1.01841
3784,318888.33,1,0.1700104922056198,0.21411673724651337,0.28041,0.381293922662735,12.487,3.73,-1.183,88.671,1.02306
3785,318971.67,1,0.18256628513336182,0.22512832283973694,0.27382,0.3541037440299988,12.23,3.713,-1.189,89.904,1.0247
3786,319056.67,1,0.1906893104314804,0.23812706768512726,0.26922,0.3475213646888733,12.196,3.703,-1.162,90.142,1.02505
3787,319140.0,1,0.2093532830476761,0.2584155797958374,0.26232,0.34643539786338806,12.117,3.705,-1.156,90.302,1.02483
3788,319223.33,1,0.22416551411151886,0.2659778594970703,0.25862,0.34626978635787964,12.108,3.709,-1.16,90.285,1.02629
3789,319306.67,1,0.22666561603546143,0.2764994502067566,0.25641,0.34203338623046875,11.996,3.759,-1.151,90.384,1.02681
3790,319390.0,1,0.22752916812896729,0.27718406915664673,0.25594,0.3378315567970276,11.955,3.772,-1.144,90.359,1.02589
3791,319473.33,1,0.22996403276920319,0.2771552801132202,0.25502,0.33363795280456543,11.951,3.759,-1.119,90.41,1.02715
3792,319556.67,1,0.2318209856748581,0.2796613276004791,0.2547,0.3318350315093994,11.915,3.766,-1.109,90.347,1.0268
3793,319646.67,1,0.23827508091926575,0.2893680930137634,0.25065,0.3306649923324585,11.864,3.766,-1.117,90.648,1.02779
3794,319738.33,1,0.2355000227689743,0.28956839442253113,0.25167,0.3250489830970764,11.883,3.791,-1.104,90.705,1.02745
3795,319828.33,1,0.237396702170372,0.2934671640396118,0.2508,0.3230448067188263,11.849,3.794,-1.082,90.863,1.02783
3796,319918.33,1,0.24294829368591309,0.3074001371860504,0.24663,0.32075393199920654,11.752,3.799,-1.082,90.834,1.02702
3797,320008.33,1,0.24081291258335114,0.3061239421367645,0.24754,0.3150591254234314,11.687,3.799,-1.075,90.992,1.02661
3798,320098.33,1,0.23951470851898193,0.3014375865459442,0.24979,0.319292277097702,11.603,3.789,-1.052,90.93,1.02749
3799,320188.33,1,0.2452903389930725,0.3076731562614441,0.24569,0.3228210508823395,11.609,3.771,-1.046,91.055,1.02691
3800,320280.0,1,0.24798958003520966,0.3057089149951935,0.24497,0.322879433631897,11.599,3.767,-1.022,90.968,1.02759
3801,320370.0,1,0.5637240409851074,0.6325591802597046,0.07813,0.3211546838283539,11.76,3.845,-1.017,91.206,1.02808
3802,320460.0,1,0.5644296407699585,0.632343053817749,0.0747,0.3369286358356476,12.119,3.88,-1.053,91.113,1.02822
3803,320550.0,1,0.39284464716911316,0.47369384765625,0.15412,0.3636859357357025,12.037,3.931,-1.104,91.144,1.02682
3804,320640.0,1,0.2895435094833374,0.3903118073940277,0.20121,0.36376169323921204,11.794,3.946,-1.115,91.026,1.02741
3805,320730.0,1,0.2680602967739105,0.3566454350948334,0.22254,0.3318219482898712,11.596,4.058,-1.087,91.146,1.02739
3806,320821.67,1,0.24583028256893158,0.31844228506088257,0.24006,0.30609333515167236,11.33,4.135,-1.082,91.1,1.02708
3807,320911.67,1,0.23807935416698456,0.30981776118278503,0.24515,0.2975519597530365,11.311,4.133,-1.055,91.246,1.02633
3808,321001.67,1,0.23593834042549133,0.3041166663169861,0.24737,0.2973741590976715,11.344,4.126,-1.05,91.196,1.02724
3809,321091.67,1,0.23453213274478912,0.29693081974983215,0.25062,0.30126047134399414,11.518,4.126,-1.008,91.245,1.02712
3810,321181.67,1,0.2337656170129776,0.28822723031044006,0.25336,0.31999650597572327,11.562,4.127,-1.0,91.202,1.0271
3811,321271.67,1,0.23515430092811584,0.2838248908519745,0.25395,0.33555927872657776,11.635,4.074,-0.991,91.326,1.02702
3812,321361.67,1,0.23572945594787598,0.2834830582141876,0.25428,0.34243446588516235,11.684,4.02,-0.994,91.271,1.02651
3813,321453.33,1,0.24741779267787933,0.29551613330841064,0.24969,0.34291312098503113,11.704,4.006,-0.999,91.304,1.02656
3814,321543.33,1,0.2614652216434479,0.30673858523368835,0.2446,0.3426283299922943,11.692,4.004,-1.001,91.245,1.02729
3815,321633.33,1,0.26285818219184875,0.30858972668647766,0.24367,0.3379828631877899,11.724,3.98,-0.972,91.253,1.02686
3816,321723.33,1,0.26396414637565613,0.31556105613708496,0.24045,0.3400067687034607,11.767,3.916,-0.973,91.18,1.02675
3817,321813.33,1,0.2657148540019989,0.31746166944503784,0.23821,0.34198981523513794,11.793,3.861,-0.964,91.266,1.0257
3818,321903.33,1,0.2661047875881195,0.321484237909317,0.23511,0.33608487248420715,11.821,3.803,-0.957,91.132,1.02657
3819,321995.0,1,0.2641734480857849,0.32187503576278687,0.23161,0.3203364610671997,11.841,3.779,-0.912,91.202,1.02646
3820,322085.0,1,0.2682870626449585,0.32314443588256836,0.22755,0.3115803301334381,11.888,3.753,-0.887,91.091,1.02753
3821,322175.0,1,0.312330424785614,0.36736056208610535,0.20048,0.3055904805660248,12.007,3.657,-0.873,91.188,1.02668
3822,322265.0,1,0.3166440725326538,0.37185412645339966,0.19253,0.3146141469478607,11.96,3.589,-0.77,91.085,1.02679
3823,322355.0,1,0.31252023577690125,0.3720207214355469,0.19074,0.3075707256793976,11.964,3.381,-0.723,91.171,1.02609
3824,322445.0,1,0.28291475772857666,0.35399797558784485,0.20474,0.29908305406570435,12.045,2.774,-0.736,91.215,1.02436
3825,322536.67,1,0.28619372844696045,0.3652227818965912,0.19724,0.2709621489048004,12.483,1.978,-0.658,91.064,1.02271
3826,322626.67,1,0.2726646661758423,0.3625454604625702,0.20238,0.26759031414985657,12.068,1.345,-0.612,90.474,1.01851
3827,322716.67,1,0.2842969298362732,0.34414559602737427,0.2078,0.29728710651397705,11.583,0.866,-0.534,90.266,1.01676
3828,322806.67,1,0.561659574508667,0.5513244271278381,0.09074,0.37248745560646057,11.724,0.6,-0.593,90.209,1.01608
3829,322896.67,1,0.5736771821975708,0.5828663110733032,0.07783,0.4124743640422821,11.471,0.186,-0.818,87.674,1.01494
3830,322986.67,1,0.4087091386318207,0.43940600752830505,0.14624,0.40584254264831543,11.277,-0.383,-0.999,84.745,1.01375
3831,323078.33,1,0.4418763816356659,0.45456042885780334,0.12947,0.4949958026409149,11.728,-0.631,-0.841,86.441,1.02916
3832,323168.33,1,0.408261775970459,0.46605750918388367,0.14647,0.5600764751434326,12.242,1.386,-1.442,92.493,1.05693
3833,323258.33,1,0.2908816933631897,0.4125523865222931,0.20524,0.6258912086486816,12.123,3.115,-1.958,91.214,1.06274
3834,323348.33,1,0.19280999898910522,0.3214264214038849,0.243,0.675816535949707,12.938,3.402,-1.884,89.596,1.06338
3835,323438.33,1,0.15434682369232178,0.29505711793899536,0.25896,0.6382981538772583,12.933,3.203,-1.724,89.439,1.06509
3836,323528.33,1,0.13810116052627563,0.22374878823757172,0.28571,0.6023908853530884,12.322,3.062,-1.185,89.185,1.06413
3837,323618.33,1,0.13275372982025146,0.17212894558906555,0.30506,0.5805186629295349,12.406,3.104,-0.728,89.094,1.06443
3838,323710.0,1,0.1378822773694992,0.15695926547050476,0.31368,0.59055095911026,12.79,3.173,-0.57,89.29,1.06356
3839,323800.0,1,0.1381666511297226,0.14609834551811218,0.31646,0.6021665930747986,12.717,3.197,-0.581,89.223,1.06444
3840,323890.0,1,0.13813869655132294,0.13122868537902832,0.32251,0.601157546043396,12.715,3.169,-0.568,89.096,1.06467
3841,323980.0,1,0.13967102766036987,0.12668868899345398,0.324,0.6094475984573364,13.099,3.18,-0.377,89.184,1.06344
3842,324070.0,1,0.14207127690315247,0.11733558028936386,0.32679,0.5836551189422607,12.634,3.776,-0.352,90.287,1.06241
3843,324160.0,1,0.15850995481014252,0.1388070285320282,0.31282,0.4850393831729889,12.08,3.432,-0.654,91.948,1.06126
3844,324251.67,1,0.17098493874073029,0.1654762178659439,0.29786,0.4698132276535034,11.148,2.969,-0.78,87.834,1.04345
3845,324341.67,1,0.21341097354888916,0.22523461282253265,0.26172,0.3997061848640442,10.666,2.161,-0.762,82.645,1.0182
3846,324431.67,1,0.5257858633995056,0.5559304356575012,0.1112,0.40976768732070923,11.11,1.666,-0.357,83.059,1.01709
3847,324521.67,1,0.3789845407009125,0.5003437995910645,0.15527,0.3159247934818268,11.473,0.778,-0.194,83.602,1.017
3848,324611.67,1,0.29739049077033997,0.43539535999298096,0.18936,0.30390724539756775,11.426,0.059,-0.055,83.871,1.01771
3849,324701.67,1,0.288638710975647,0.35491105914115906,0.20546,0.2931216359138489,11.626,-0.435,0.161,84.105,1.01762
3850,324793.33,1,0.2759864628314972,0.29455384612083435,0.21911,0.28995680809020996,11.621,-0.722,0.298,84.234,1.01731
3851,324883.33,1,0.6284265518188477,0.5850497484207153,0.06776,0.2677781283855438,11.994,-1.105,0.611,84.427,1.01782
3852,324973.33,1,0.6359590291976929,0.5664770007133484,0.06793,0.35785213112831116,12.268,-1.313,0.54,84.455,1.01754
3853,325063.33,1,0.37821149826049805,0.3739440143108368,0.16706,0.37703782320022583,12.042,-1.478,0.532,84.83,1.01759
3854,325153.33,1,0.3017829656600952,0.3115936815738678,0.21117,0.3609647750854492,11.974,-1.473,0.384,86.769,1.01871
3855,325243.33,1,0.26791998744010925,0.29331275820732117,0.23292,0.36634647846221924,11.881,-1.372,0.175,89.08,1.02173
3856,325335.0,1,0.25529882311820984,0.28802260756492615,0.24252,0.32355180382728577,11.679,-1.222,0.125,89.641,1.02183
3857,325425.0,1,0.2410818338394165,0.27079346776008606,0.24704,0.3179568946361542,11.526,-1.105,0.105,89.896,1.02126
3858,325515.0,1,0.23431529104709625,0.2661510407924652,0.25001,0.3228510022163391,11.221,-0.874,0.102,89.925,1.02183
3859,325605.0,1,0.23136289417743683,0.2603023052215576,0.25136,0.3364814817905426,11.124,-0.831,0.091,90.135,1.02199
3860,325695.0,1,0.22390994429588318,0.2524540424346924,0.25411,0.3405589163303375,11.012,-0.787,0.09,90.292,1.02256
3861,325785.0,1,0.21640226244926453,0.2331150621175766,0.2591,0.33687257766723633,10.951,-0.77,0.067,90.529,1.02172
3862,325875.0,1,0.20455583930015564,0.2181515097618103,0.2662,0.34166064858436584,10.978,-0.789,0.042,90.49,1.02194
3863,325966.67,1,0.19472599029541016,0.19323234260082245,0.27727,0.33902937173843384,10.936,-0.76,-0.045,90.658,1.02019
3864,326056.67,1,0.18058642745018005,0.1889917105436325,0.28173,0.3438756763935089,10.928,-0.721,-0.078,90.729,1.02121
3865,326146.67,1,0.21132570505142212,0.22042465209960938,0.26434,0.37312009930610657,10.694,-0.694,-0.169,90.95,1.02083
3866,326236.67,1,0.5691449046134949,0.5887138843536377,0.08562,0.3851756155490875,10.739,-0.66,-0.151,90.968,1.02207
3867,326326.67,1,0.3979294002056122,0.47324079275131226,0.15101,0.39364391565322876,10.07,-0.724,-0.213,91.05,1.02186
3868,326416.67,1,0.2332162708044052,0.26247337460517883,0.24058,0.4141720235347748,9.71,-0.578,-0.224,90.969,1.02269
3869,326508.33,1,0.1992115080356598,0.2015877217054367,0.26699,0.4182734489440918,9.581,-0.538,-0.262,90.997,1.02273
3870,326598.33,1,0.18437132239341736,0.18513523042201996,0.27575,0.42034250497817993,9.552,-0.501,-0.256,90.904,1.02315
3871,326688.33,1,0.18037249147891998,0.17981605231761932,0.27988,0.41850709915161133,9.493,-0.467,-0.298,90.994,1.02213
3872,326778.33,1,0.17526131868362427,0.17809031903743744,0.28371,0.42762959003448486,9.49,-0.448,-0.32,90.944,1.02232
3873,326868.33,1,0.17495197057724,0.180788055062294,0.28347,0.42798489332199097,9.477,-0.434,-0.342,90.96,1.02167
3874,326958.33,1,0.1720966398715973,0.17965923249721527,0.28493,0.42643606662750244,9.499,-0.377,-0.349,90.871,1.02139
3875,327050.0,1,0.16957704722881317,0.17978163063526154,0.28566,0.42181962728500366,9.519,-0.34,-0.33,90.901,1.02142
3876,327140.0,1,0.1709003746509552,0.18092122673988342,0.28559,0.4173065721988678,9.505,-0.32,-0.331,90.813,1.02067
3877,327230.0,1,0.1704198569059372,0.18070535361766815,0.28615,0.4163711667060852,9.51,-0.296,-0.328,90.915,1.02114
3878,327320.0,1,0.17030301690101624,0.1805233210325241,0.28694,0.4134175479412079,9.519,-0.291,-0.319,90.799,1.02123
3879,327410.0,1,0.1708926111459732,0.18125788867473602,0.28712,0.40826088190078735,9.55,-0.296,-0.302,90.912,1.02053
3880,327500.0,1,0.1721634864807129,0.1821151226758957,0.28721,0.40589699149131775,9.573,-0.306,-0.303,90.804,1.02028
3881,327591.67,1,0.17337371408939362,0.18422991037368774,0.28623,0.4053528904914856,9.583,-0.305,-0.304,90.875,1.01997
3882,327681.67,1,0.17394860088825226,0.1848185509443283,0.28583,0.4003787934780121,9.589,-0.302,-0.295,90.763,1.02088
3883,327771.67,1,0.17539066076278687,0.1860012263059616,0.28583,0.39177703857421875,9.578,-0.296,-0.299,90.882,1.02028
3884,327861.67,1,0.17451640963554382,0.18562519550323486,0.28643,0.38758498430252075,9.59,-0.299,-0.308,90.775,1.02074
3885,327951.67,1,0.173783540725708,0.18633383512496948,0.28557,0.38827264308929443,9.589,-0.301,-0.319,90.856,1.02016
3886,328041.67,1,0.4634295701980591,0.501061201095581,0.12867,0.37751173973083496,9.799,-0.281,-0.342,90.87,1.02098
3887,328131.67,1,0.5094654560089111,0.5331646203994751,0.10864,0.3696984052658081,9.899,-0.316,-0.364,90.934,1.02004
3888,328223.33,1,0.26100853085517883,0.2728019058704376,0.22641,0.3750041723251343,9.667,-0.275,-0.409,90.767,1.02093
3889,328313.33,1,0.1867065131664276,0.18703722953796387,0.27181,0.3811059296131134,9.516,-0.27,-0.432,90.813,1.02056
3890,328403.33,1,0.15896768867969513,0.16319581866264343,0.28977,0.3822205662727356,9.492,-0.257,-0.459,90.679,1.02051
3891,328493.33,1,0.14850138127803802,0.15826986730098724,0.29629,0.40001076459884644,9.509,-0.291,-0.467,90.737,1.02017
3892,328583.33,1,0.14918561279773712,0.15939582884311676,0.29496,0.4480864107608795,9.477,-0.325,-0.468,90.62,1.02113
3893,328673.33,1,0.14822545647621155,0.14595745503902435,0.29711,0.500960111618042,9.597,-0.41,-0.448,90.627,1.02
3894,328765.0,1,0.15289407968521118,0.14462701976299286,0.29445,0.5167348384857178,9.363,-0.451,-0.461,90.452,1.02032
3895,328855.0,1,0.1624646633863449,0.14613458514213562,0.29077,0.5178110003471375,8.975,-0.547,-0.454,90.48,1.01963
3896,328945.0,1,0.5339082479476929,0.5249708890914917,0.11333,0.5092535614967346,9.06,-0.53,-0.279,90.455,1.02119
3897,329035.0,1,0.5769774913787842,0.5703260898590088,0.08376,0.4798215329647064,9.422,-0.785,-0.102,90.522,1.02085
3898,329125.0,1,0.31301018595695496,0.34208276867866516,0.19804,0.461854487657547,9.415,-0.889,-0.028,90.454,1.01971
3899,329215.0,1,0.24867254495620728,0.22588784992694855,0.24011,0.385610967874527,9.494,-0.794,-0.137,90.617,1.01941
3900,329306.67,1,0.2125711292028427,0.18731242418289185,0.26425,0.3609761595726013,9.885,-0.589,-0.335,90.63,1.02011
3901,329396.67,1,0.19187062978744507,0.1830325871706009,0.27789,0.37627050280570984,10.243,-0.461,-0.475,90.764,1.01988
3902,329486.67,1,0.18308649957180023,0.1754927933216095,0.28437,0.4633946716785431,10.366,-0.384,-0.478,90.743,1.01959
3903,329576.67,1,0.17846252024173737,0.17385028302669525,0.28822,0.4506145417690277,10.351,-0.347,-0.472,90.772,1.02006
3904,329666.67,1,0.17550286650657654,0.17298033833503723,0.28914,0.4546276330947876,10.319,-0.313,-0.477,90.747,1.02018
3905,329756.67,1,0.16903401911258698,0.17159411311149597,0.28994,0.45911920070648193,10.294,-0.296,-0.5,90.831,1.01963
3906,329848.33,1,0.17170481383800507,0.17364956438541412,0.28758,0.45922380685806274,10.237,-0.288,-0.531,90.792,1.02033
3907,329938.33,1,0.1709630936384201,0.17658157646656036,0.28745,0.4439743757247925,10.195,-0.229,-0.577,90.87,1.02018
3908,330028.33,1,0.1774601936340332,0.17648987472057343,0.28592,0.4251415431499481,10.138,-0.223,-0.628,90.847,1.02045
3909,330118.33,1,0.17366373538970947,0.17551983892917633,0.28613,0.4159485995769501,10.162,-0.184,-0.617,90.916,1.01999
3910,330208.33,1,0.17610709369182587,0.18221546709537506,0.28293,0.40976154804229736,10.194,-0.165,-0.615,90.823,1.0206
3911,330298.33,1,0.17971274256706238,0.18433602154254913,0.28249,0.3941262364387512,10.22,-0.152,-0.574,90.889,1.02008
3912,330388.33,1,0.18483081459999084,0.1888183057308197,0.27939,0.3933885097503662,10.225,-0.147,-0.551,90.803,1.02136
3913,330480.0,1,0.18478937447071075,0.18642155826091766,0.27766,0.3902001976966858,10.327,-0.109,-0.475,90.877,1.02089
3914,330570.0,1,0.27115777134895325,0.27657583355903625,0.23145,0.3814212679862976,10.414,-0.154,-0.438,90.82,1.02123
3915,330653.33,1,0.6086493730545044,0.6172832250595093,0.06912,0.33273252844810486,10.998,-0.176,-0.321,90.74,1.01649
3916,330736.67,1,0.5641584396362305,0.5437961220741272,0.09583,0.3432706296443939,10.809,-0.215,-0.324,90.425,1.01874
3917,330820.0,1,0.3493798077106476,0.3568260967731476,0.18269,0.36415693163871765,10.611,-0.258,-0.314,90.44,1.02619
3918,330905.0,1,0.26973751187324524,0.2713809013366699,0.22684,0.3552355170249939,10.556,-0.229,-0.325,90.238,1.02244
3919,330988.33,1,0.23391002416610718,0.22196537256240845,0.25319,0.3558661937713623,10.538,-0.202,-0.362,90.223,1.02052
3920,331071.67,1,0.21790355443954468,0.2065403014421463,0.26209,0.3578537702560425,10.545,-0.189,-0.377,90.097,1.01958
3921,331155.0,1,0.2155371606349945,0.20223155617713928,0.26501,0.36794590950012207,10.532,-0.168,-0.399,90.119,1.01871
3922,331238.33,1,0.20683392882347107,0.1930565983057022,0.27036,0.369282066822052,10.523,-0.142,-0.421,89.992,1.01936
3923,331321.67,1,0.20263010263442993,0.18810805678367615,0.27264,0.37426891922950745,10.515,-0.116,-0.441,90.036,1.01844
3924,331406.67,1,0.20307067036628723,0.19044159352779388,0.27258,0.38104212284088135,10.466,-0.067,-0.46,89.943,1.01952
3925,331490.0,1,0.2033744752407074,0.19435572624206543,0.2723,0.3864951729774475,10.536,-0.011,-0.436,90.028,1.01915
3926,331573.33,1,0.20192062854766846,0.19426533579826355,0.27306,0.3859415352344513,10.543,-0.023,-0.441,89.954,1.01921
3927,331656.67,1,0.2038799673318863,0.1950991302728653,0.27298,0.38747045397758484,10.526,-0.023,-0.43,90.016,1.01974
3928,331740.0,1,0.20433871448040009,0.19818072021007538,0.27191,0.39006006717681885,10.527,0.03,-0.418,89.906,1.01863
3929,331825.0,1,0.2091771364212036,0.20317819714546204,0.26987,0.3732600510120392,10.412,0.029,-0.444,89.938,1.01945
3930,331908.33,1,0.21011558175086975,0.20305070281028748,0.27062,0.34765204787254333,10.454,0.097,-0.422,89.928,1.0199
3931,331991.67,1,0.21293216943740845,0.20308537781238556,0.26996,0.3529840111732483,10.381,0.12,-0.413,90.063,1.01943
3932,332075.0,1,0.21177835762500763,0.20632317662239075,0.26873,0.35030415654182434,10.418,0.14,-0.381,90.08,1.01981
3933,332158.33,1,0.21290220320224762,0.20863085985183716,0.26685,0.34522658586502075,10.403,0.124,-0.377,90.119,1.02012
3934,332241.67,1,0.21227312088012695,0.20970851182937622,0.26657,0.3486303389072418,10.376,0.132,-0.359,90.112,1.01956
3935,332326.67,1,0.5711625814437866,0.6041432619094849,0.08329,0.3424678444862366,10.736,0.124,-0.313,90.245,1.01985
3936,332410.0,1,0.5890913009643555,0.5927712321281433,0.07478,0.3187699019908905,10.804,0.107,-0.302,90.23,1.01967
3937,332493.33,1,0.49077314138412476,0.4597225785255432,0.12114,0.33117324113845825,10.706,0.121,-0.374,90.23,1.01943
3938,332576.67,1,0.3568703234195709,0.3510971963405609,0.17543,0.34357208013534546,10.585,0.144,-0.399,90.161,1.01885
3939,332660.0,1,0.30799904465675354,0.3015021085739136,0.20007,0.3438572883605957,10.507,0.121,-0.452,90.202,1.01903
3940,332743.33,1,0.2743838131427765,0.2706761360168457,0.21835,0.34358516335487366,10.47,0.141,-0.447,90.194,1.02036
3941,332828.33,1,0.2557535171508789,0.25248631834983826,0.23095,0.3524620532989502,10.426,0.146,-0.458,90.292,1.01897
3942,332911.67,1,0.24750956892967224,0.24758560955524445,0.23584,0.3547872006893158,10.448,0.164,-0.468,90.329,1.0203
3943,332995.0,1,0.2522869408130646,0.2535465657711029,0.23342,0.36009886860847473,10.421,0.209,-0.463,90.434,1.02001
3944,333078.33,1,0.6199816465377808,0.6011172533035278,0.07622,0.30984482169151306,10.494,0.144,-0.453,90.529,1.02064
3945,333161.67,1,0.563555121421814,0.5478016138076782,0.0915,0.32677337527275085,10.558,0.101,-0.456,90.698,1.01979
3946,333246.67,1,0.32663601636886597,0.35568180680274963,0.18381,0.327735960483551,10.5,0.159,-0.442,90.588,1.02002
3947,333330.0,1,0.27535101771354675,0.2894614040851593,0.21713,0.3192310929298401,10.424,0.16,-0.463,90.688,1.01974
3948,333413.33,1,0.2533692419528961,0.2567116916179657,0.23378,0.3107195198535919,10.5,0.14,-0.506,90.509,1.01934
3949,333496.67,1,0.22575686872005463,0.22106187045574188,0.25311,0.3037755489349365,10.535,0.139,-0.526,90.537,1.01931
3950,333580.0,1,0.22623756527900696,0.22858774662017822,0.25552,0.3013418912887573,10.483,0.137,-0.534,90.429,1.01964
3951,333663.33,1,0.5150988101959229,0.4911721646785736,0.12125,0.3176804780960083,10.741,0.104,-0.458,90.516,1.01864
3952,333748.33,1,0.7103873491287231,0.6749178171157837,0.03943,0.3114033639431,10.974,0.078,-0.373,90.462,1.01894
3953,333831.67,1,0.6509895920753479,0.6238236427307129,0.05731,0.3264797031879425,10.995,-0.087,-0.29,90.418,1.01838
3954,333915.0,1,0.4247327744960785,0.45906034111976624,0.13576,0.36900654435157776,10.546,-0.454,0.082,90.263,1.01905
3955,333998.33,1,0.2855873703956604,0.31230294704437256,0.20389,0.3803965449333191,10.467,-0.57,0.258,90.201,1.01802
3956,334081.67,1,0.24427898228168488,0.24568437039852142,0.22982,0.38688185811042786,10.308,-0.527,0.242,90.163,1.01766
3957,334166.67,1,0.23066243529319763,0.21704763174057007,0.24559,0.3749718964099884,10.429,-0.338,-0.019,90.204,1.01616
3958,334250.0,1,0.23439821600914001,0.23143108189105988,0.25192,0.3252372741699219,10.403,-0.127,-0.329,90.187,1.0163
3959,334333.33,1,0.2361045926809311,0.2246977537870407,0.25487,0.3904421925544739,10.699,-0.035,-0.469,90.113,1.01594
3960,334416.67,1,0.2346579134464264,0.2154177874326706,0.25796,0.44956639409065247,10.904,-0.01,-0.542,90.044,1.01588
3961,334500.0,1,0.23486442863941193,0.21559631824493408,0.25851,0.4550159275531769,10.917,-0.009,-0.578,90.135,1.01554
3962,334583.33,1,0.22240176796913147,0.22233043611049652,0.26017,0.4351072609424591,10.871,0.08,-0.625,90.127,1.01607
3963,334668.33,1,0.1249394565820694,0.15066756308078766,0.30743,0.39322322607040405,10.747,0.092,-0.734,90.223,1.01604
3964,334751.67,1,0.09900246560573578,0.12953560054302216,0.31931,0.3647095859050751,10.608,0.155,-0.896,90.136,1.01489
3965,334835.0,1,0.09618622064590454,0.12301729619503021,0.31975,0.3491142988204956,10.393,0.277,-1.048,90.068,1.01423
3966,334918.33,1,0.0842505395412445,0.11517101526260376,0.32426,0.31820571422576904,10.403,0.441,-1.017,89.955,1.01456
3967,335001.67,1,0.09083288908004761,0.12165196239948273,0.32175,0.3062112331390381,10.433,0.554,-0.957,89.866,1.01418
3968,335086.67,1,0.09353584796190262,0.12100733071565628,0.32226,0.2971544861793518,10.384,0.557,-0.907,89.779,1.01467
3969,335170.0,1,0.09512519091367722,0.11926635354757309,0.32136,0.3116007447242737,10.302,0.56,-0.799,89.771,1.01471
3970,335253.33,1,0.09386661648750305,0.1157347559928894,0.32279,0.2905946969985962,10.228,0.691,-0.776,89.84,1.01568
3971,335336.67,1,0.09143702685832977,0.1080639660358429,0.32578,0.31776753067970276,10.432,0.843,-0.606,89.904,1.01577
3972,335420.0,1,0.10229209810495377,0.12529948353767395,0.3158,0.31072357296943665,10.849,0.893,-0.35,89.857,1.01627
3973,335503.33,1,0.22727802395820618,0.2102789282798767,0.25392,0.351802259683609,11.433,0.33,-0.182,89.866,1.01596
3974,335588.33,1,0.34305086731910706,0.3037340044975281,0.19132,0.29014262557029724,11.763,-0.527,-0.123,89.93,1.01748
3975,335671.67,1,0.3986380398273468,0.3510078489780426,0.17076,0.24721014499664307,11.835,-1.172,-0.247,90.117,1.01881
3976,335755.0,1,0.36571162939071655,0.34552001953125,0.17766,0.25110122561454773,12.126,-1.502,-0.309,90.274,1.01756
3977,335838.33,1,0.33695438504219055,0.33241546154022217,0.18801,0.2249850183725357,12.221,-1.76,-0.425,90.444,1.01711
3978,335921.67,1,0.33095452189445496,0.3415724039077759,0.18445,0.21510829031467438,12.402,-2.008,-0.54,90.598,1.01801
3979,336005.0,1,0.41231071949005127,0.43187734484672546,0.14821,0.21361209452152252,12.521,-2.494,-0.498,91.104,1.02023
3980,336090.0,1,0.4766606390476227,0.46138235926628113,0.1252,0.2410096526145935,12.734,-3.016,-0.559,90.977,1.01978
3981,336173.33,1,0.506536602973938,0.4580288529396057,0.1201,0.25312089920043945,12.906,-3.269,-0.573,90.795,1.01984
3982,336256.67,1,0.4947490096092224,0.45605719089508057,0.11966,0.26555368304252625,12.809,-3.307,-0.641,90.73,1.01893
3983,336340.0,1,0.48944827914237976,0.4530237913131714,0.12195,0.2769160270690918,12.425,-3.36,-0.822,90.765,1.01806
3984,336423.33,1,0.491708368062973,0.4557017385959625,0.12081,0.25613442063331604,12.364,-3.214,-0.974,90.554,1.0176
3985,336508.33,1,0.5812098383903503,0.5275182127952576,0.08415,0.2807849943637848,12.39,-3.203,-1.057,90.374,1.01808
3986,336591.67,1,0.6878928542137146,0.6201375722885132,0.0443,0.2876579165458679,12.492,-3.305,-1.091,90.473,1.01833
3987,336675.0,1,0.6656145453453064,0.5956076979637146,0.05169,0.30348554253578186,13.008,-3.163,-1.073,90.659,1.01746
3988,336758.33,1,0.6515277624130249,0.5759449005126953,0.05735,0.2937330901622772,13.289,-2.923,-1.111,90.821,1.01791
3989,336925.0,1,0.6550524830818176,0.5728445053100586,0.0552,0.31228363513946533,14.102,-2.626,-1.261,91.375,1.01867
3990,337010.0,1,0.6124210953712463,0.5646386742591858,0.0696,0.30514100193977356,14.252,-2.605,-1.136,91.363,1.01978
3991,337093.33,1,0.5267448425292969,0.5113507509231567,0.09829,0.3000797927379608,14.291,-2.643,-1.062,91.502,1.01976
3992,337176.67,1,0.5014383792877197,0.48263001441955566,0.11366,0.3037032186985016,14.389,-2.879,-1.003,91.498,1.01831
3993,337260.0,1,0.5068943500518799,0.4560258388519287,0.11941,0.27721667289733887,14.457,-2.978,-1.024,91.403,1.01831
3994,337343.33,1,0.49736595153808594,0.457827091217041,0.11875,0.2734924554824829,14.497,-2.701,-1.272,91.365,1.01828
3995,337428.33,1,0.4661993384361267,0.45344316959381104,0.12937,0.42036232352256775,14.876,-2.321,-1.685,91.611,1.01948
3996,337511.67,1,0.41862455010414124,0.44860631227493286,0.14061,0.5271707773208618,14.671,-2.063,-1.934,92.076,1.01793
3997,337595.0,1,0.40604355931282043,0.44317761063575745,0.13908,0.5096882581710815,14.522,-2.205,-1.803,92.077,1.01768
3998,337678.33,1,0.4329501688480377,0.4274931252002716,0.13614,0.5492756366729736,14.445,-2.303,-1.61,92.065,1.01735
3999,337761.67,1,0.46334514021873474,0.4095032811164856,0.13379,0.46775391697883606,14.329,-2.291,-1.394,92.171,1.01809
4000,337845.0,1,0.49464160203933716,0.41990792751312256,0.12922,0.33941182494163513,14.047,-2.415,-1.08,92.161,1.01917
4001,337930.0,1,0.5096825361251831,0.47338569164276123,0.11352,0.3304140567779541,14.412,-2.962,-0.751,92.04,1.01979
4002,338013.33,1,0.6700557470321655,0.6140457987785339,0.05093,0.27000877261161804,14.254,-3.306,-0.655,91.977,1.01961
4003,338096.67,1,0.6626295447349548,0.5813920497894287,0.05759,0.2475905567407608,14.066,-3.534,-0.639,92.06,1.01866
4004,338180.0,1,0.6058963537216187,0.5395556688308716,0.08078,0.2575937509536743,13.04,-3.297,-0.532,91.947,1.01633
4005,338263.33,1,0.7288051843643188,0.6222494840621948,0.03424,0.24626030027866364,12.334,-3.177,0.015,91.614,1.0159
4006,338348.33,1,0.7256762981414795,0.6600559949874878,0.02876,0.26072821021080017,12.551,-3.236,0.285,91.136,1.01454
4007,338431.67,1,0.6930838227272034,0.6399648189544678,0.04847,0.2815515398979187,12.67,-3.067,0.383,90.672,1.0149
4008,338515.0,1,0.41007471084594727,0.4221709668636322,0.16043,0.24268169701099396,11.657,-2.322,-0.046,90.86,1.01282
4009,338598.33,1,0.26706433296203613,0.34005019068717957,0.2096,0.2430381178855896,8.607,-1.347,0.046,91.141,1.0116
4010,338681.67,1,0.29437756538391113,0.37125521898269653,0.20185,0.2779180407524109,9.23,-1.46,0.122,91.411,1.01168
4011,338765.0,1,0.35746297240257263,0.31153959035873413,0.20256,0.511773943901062,10.077,-1.078,0.329,91.456,1.01518
4012,338850.0,1,0.256292462348938,0.1863725781440735,0.2385,0.44289663434028625,10.519,-0.7,0.549,91.474,1.0158
4013,338933.33,1,0.2729511260986328,0.2642152011394501,0.22781,0.4338671565055847,10.674,0.049,0.684,91.583,1.01673
4014,339016.67,1,0.23821568489074707,0.2473757416009903,0.24761,0.3827998638153076,10.365,0.201,0.683,91.62,1.01723
4015,339100.0,1,0.2191474288702011,0.2460683137178421,0.24605,0.3740488290786743,10.597,0.224,0.758,91.478,1.01717
4016,339183.33,1,0.1977277398109436,0.2125958800315857,0.2605,0.34824907779693604,10.69,0.189,0.809,91.252,1.01655
4017,339268.33,1,0.2000991255044937,0.22184880077838898,0.25729,0.3773811161518097,10.724,0.075,0.911,90.985,1.01593
4018,339351.67,1,0.19200462102890015,0.23132555186748505,0.25723,0.38660719990730286,10.515,-0.134,0.897,90.673,1.015
4019,339435.0,1,0.2926831543445587,0.36290353536605835,0.19672,0.3695937693119049,10.289,-0.511,0.779,90.576,1.01532
4020,339518.33,1,0.3781014084815979,0.40975990891456604,0.16116,0.33772385120391846,10.439,-0.627,0.784,90.457,1.01456
4021,339601.67,1,0.39470580220222473,0.4090176820755005,0.15822,0.3360500931739807,10.441,-0.713,0.669,90.799,1.01546
4022,339685.0,1,0.3975120484828949,0.4405060112476349,0.15204,0.32785049080848694,10.388,-0.727,0.335,91.234,1.01464
4023,339770.0,1,0.37603142857551575,0.4289291799068451,0.16285,0.30727627873420715,9.603,-0.843,-0.478,92.118,1.01301
4024,339853.33,1,0.5889574885368347,0.6164603233337402,0.0896,0.3262116312980652,9.816,-1.049,-1.127,93.97,1.01362
4025,339936.67,1,0.5772616863250732,0.5334416627883911,0.08853,0.32680100202560425,9.522,-1.462,-0.743,95.859,1.01292
4026,340020.0,1,0.36880096793174744,0.39995405077934265,0.15564,0.30875521898269653,8.959,-1.327,-2.421,97.198,1.01123
4027,340103.33,1,0.27162107825279236,0.37216824293136597,0.19736,0.35692211985588074,9.488,-0.709,-3.934,98.116,1.01267
4028,340188.33,1,0.32840824127197266,0.4831705391407013,0.15301,0.32085832953453064,10.767,-0.23,-3.554,97.92,1.01396
4029,340271.67,1,0.4271364212036133,0.5659385919570923,0.09911,0.38942524790763855,11.163,-0.438,-3.301,97.546,1.01421
4030,340355.0,1,0.4517090320587158,0.550255537033081,0.09783,0.5278160572052002,11.862,-0.674,-2.359,96.947,1.01583
4031,340438.33,1,0.500458836555481,0.49675431847572327,0.11022,0.6860777139663696,13.264,-1.432,-1.343,96.821,1.01599
4032,340521.67,1,0.5300371646881104,0.5249965190887451,0.10123,0.6434770822525024,13.538,-1.746,-0.698,96.605,1.01621
4033,340605.0,1,0.5014827847480774,0.5091922283172607,0.10713,0.6060589551925659,13.672,-2.218,-0.381,96.535,1.01748
4034,340690.0,1,0.4806506931781769,0.4943585991859436,0.11333,0.4707278311252594,13.385,-2.419,-0.365,96.253,1.01832
4035,340773.33,1,0.631397008895874,0.582516074180603,0.06623,0.3016541004180908,13.161,-2.405,0.074,96.289,1.01918
4036,340863.33,1,0.7113147377967834,0.5910009145736694,0.04551,0.27167147397994995,13.278,-2.201,-0.203,96.772,1.02025
4037,340953.33,1,0.5577638149261475,0.5549923777580261,0.09703,0.32950207591056824,13.367,-2.008,-0.12,96.426,1.02041
4038,341043.33,1,0.3387890160083771,0.45043444633483887,0.16594,0.4048454165458679,13.44,-1.74,0.049,96.233,1.02084
4039,341133.33,1,0.30100715160369873,0.3713572025299072,0.19618,0.41692742705345154,13.361,-1.682,0.05,96.104,1.02135
4040,341225.0,1,0.28810063004493713,0.32868823409080505,0.21607,0.43506908416748047,13.452,-1.685,0.018,95.823,1.02178
4041,341315.0,1,0.28068169951438904,0.3069130778312683,0.2249,0.42089930176734924,13.582,-1.46,-0.007,95.65,1.02312
4042,341405.0,1,0.2763272523880005,0.2903886139392853,0.23132,0.39651012420654297,13.584,-1.196,-0.029,95.528,1.02274
4043,341495.0,1,0.2717635929584503,0.2857154905796051,0.23331,0.37080198526382446,13.524,-0.809,-0.05,95.521,1.02322
4044,341585.0,1,0.27040210366249084,0.28224995732307434,0.23425,0.34326624870300293,13.294,-0.475,0.025,95.505,1.02224
4045,341676.67,1,0.2682763934135437,0.2799367606639862,0.23464,0.34224751591682434,13.16,-0.398,0.078,95.459,1.02312
4046,341766.67,1,0.2818291187286377,0.30658650398254395,0.22066,0.33671385049819946,13.154,-0.37,0.181,95.382,1.02315
4047,341856.67,1,0.3821204900741577,0.357351154088974,0.17819,0.3384045362472534,13.242,-0.36,0.272,95.378,1.02377
4048,341946.67,1,0.4191202223300934,0.400441974401474,0.15695,0.3511515259742737,13.422,-0.475,0.316,95.286,1.02405
4049,342036.67,1,0.4356204867362976,0.41486552357673645,0.14758,0.35135895013809204,13.524,-0.454,0.365,95.247,1.02376
4050,342126.67,1,0.43376895785331726,0.40684443712234497,0.14964,0.35466641187667847,13.641,-0.537,0.368,95.208,1.02346
4051,342218.33,1,0.4301299452781677,0.39794427156448364,0.15353,0.37202057242393494,13.608,-0.557,0.315,95.333,1.02349
4052,342308.33,1,0.3969283998012543,0.3738219141960144,0.17061,0.36307352781295776,13.535,-0.66,0.366,95.334,1.02302
4053,342398.33,1,0.3807857632637024,0.36299368739128113,0.17851,0.3576054573059082,13.548,-0.757,0.344,95.285,1.02376
4054,342488.33,1,0.37415480613708496,0.3519884943962097,0.18236,0.31920915842056274,13.394,-0.802,0.333,95.204,1.02326
4055,342578.33,1,0.39142173528671265,0.3672366142272949,0.17165,0.2799692451953888,13.393,-0.828,0.325,95.237,1.0225
4056,342670.0,1,0.4084043800830841,0.3809302747249603,0.16409,0.3051232397556305,13.371,-0.872,0.318,95.179,1.02231
4057,342760.0,1,0.4212852120399475,0.3887101113796234,0.15787,0.31622493267059326,13.341,-0.888,0.351,95.258,1.0224
4058,342850.0,1,0.4256531298160553,0.38841450214385986,0.15627,0.31812435388565063,13.317,-0.872,0.316,95.19,1.02239
4059,342940.0,1,0.42592790722846985,0.38677340745925903,0.15594,0.3212064802646637,13.298,-0.864,0.29,95.244,1.02267
4060,343030.0,1,0.4234219491481781,0.3835955262184143,0.15677,0.31409934163093567,13.261,-0.859,0.271,95.113,1.02251
4061,343120.0,1,0.38452550768852234,0.3808906674385071,0.16643,0.30551794171333313,12.954,-0.929,0.235,95.202,1.0227
4062,343211.67,1,0.34559181332588196,0.34389424324035645,0.18843,0.2783547043800354,12.725,-0.874,0.253,95.073,1.02325
4063,343301.67,1,0.33152642846107483,0.3350386619567871,0.19615,0.3024144768714905,12.657,-0.924,0.205,95.176,1.0219
4064,343391.67,1,0.32546958327293396,0.32785388827323914,0.19864,0.3165642321109772,12.7,-0.931,0.197,95.093,1.02288
4065,343481.67,1,0.31541749835014343,0.3208821713924408,0.20383,0.33046120405197144,12.634,-0.932,0.197,95.156,1.02171
4066,343571.67,1,0.31234070658683777,0.3223661184310913,0.20466,0.32514989376068115,12.567,-0.918,0.206,95.05,1.02217
4067,343663.33,1,0.3220670223236084,0.3375568091869354,0.19867,0.31875079870224,12.539,-0.92,0.162,95.126,1.02123
4068,343753.33,1,0.30183708667755127,0.31866592168807983,0.20815,0.30462247133255005,12.522,-0.894,0.142,94.971,1.02249
4069,343843.33,1,0.2751026749610901,0.29185575246810913,0.22217,0.3106352388858795,12.478,-0.856,0.108,95.016,1.0219
4070,343933.33,1,0.25921115279197693,0.2771870195865631,0.23195,0.3063773512840271,12.419,-0.839,0.056,94.889,1.02159
4071,344023.33,1,0.22946299612522125,0.24409237504005432,0.24892,0.30894601345062256,12.263,-0.815,0.027,94.958,1.02163
4072,344113.33,1,0.2138567566871643,0.2329654097557068,0.2574,0.3088517189025879,12.205,-0.81,-0.031,94.839,1.02252
4073,344205.0,1,0.2053298056125641,0.22361870110034943,0.26022,0.3093084394931793,12.184,-0.793,-0.079,94.9,1.02158
4074,344295.0,1,0.2014445662498474,0.2210371345281601,0.26268,0.3088873028755188,12.093,-0.74,-0.107,94.794,1.022
4075,344385.0,1,0.19690446555614471,0.21967603266239166,0.26376,0.3520742654800415,12.23,-0.662,-0.173,94.822,1.02118
4076,344475.0,1,0.18558552861213684,0.2200864553451538,0.26582,0.40423351526260376,12.153,-0.563,-0.364,94.721,1.02194
4077,344565.0,1,0.18375591933727264,0.22290946543216705,0.26709,0.42615291476249695,12.116,-0.437,-0.522,94.796,1.02125
4078,344655.0,1,0.5515435338020325,0.574344277381897,0.09843,0.41829392313957214,12.519,-0.25,-0.602,94.825,1.02197
4079,344746.67,1,0.4872889220714569,0.5454995036125183,0.10693,0.38903817534446716,12.132,-0.383,-0.564,94.827,1.02218
4080,344836.67,1,0.31324800848960876,0.3929484188556671,0.18765,0.3489803373813629,11.739,-0.571,-0.342,94.628,1.02181
4081,344926.67,1,0.25928425788879395,0.28901609778404236,0.22811,0.33149176836013794,11.78,-0.703,-0.215,94.79,1.0208
4082,345016.67,1,0.24941405653953552,0.2750600576400757,0.23911,0.33388790488243103,11.942,-0.813,-0.11,94.754,1.02111
4083,345106.67,1,0.2455667406320572,0.25178465247154236,0.24839,0.32732638716697693,12.032,-0.855,-0.097,94.803,1.02046
4084,345198.33,1,0.23999914526939392,0.24394214153289795,0.25258,0.32470422983169556,12.087,-0.841,-0.046,94.776,1.02091
4085,345288.33,1,0.23956650495529175,0.23966529965400696,0.2546,0.32090628147125244,12.059,-0.855,-0.035,94.809,1.0206
4086,345378.33,1,0.23667846620082855,0.23514008522033691,0.25639,0.3259856402873993,12.052,-0.849,-0.017,94.78,1.02077
4087,345468.33,1,0.2322288453578949,0.21922682225704193,0.25993,0.3363130986690521,12.021,-0.903,-0.052,94.825,1.02004
4088,345558.33,1,0.22435685992240906,0.1997302621603012,0.26542,0.3831271827220917,12.039,-0.936,-0.141,94.8,1.0202
4089,345648.33,1,0.23762507736682892,0.22194458544254303,0.25974,0.4488040506839752,12.14,-0.913,-0.139,94.883,1.02024
4090,345740.0,1,0.21338848769664764,0.21288852393627167,0.2654,0.4363526403903961,12.047,-0.991,-0.038,94.726,1.02041
4091,345830.0,1,0.20762377977371216,0.19780021905899048,0.2672,0.41605278849601746,11.946,-1.178,0.233,94.614,1.01954
4092,345920.0,1,0.1887810379266739,0.19897407293319702,0.27085,0.3668985068798065,11.666,-1.794,0.172,94.444,1.01852
4093,346010.0,1,0.1894247978925705,0.20168720185756683,0.26799,0.2504105567932129,11.301,-2.352,-0.045,94.449,1.01831
4094,346100.0,1,0.1839713752269745,0.19492369890213013,0.26625,0.186861053109169,10.913,-3.035,-0.163,94.393,1.01846
4095,346191.67,1,0.18144990503787994,0.19989733397960663,0.26232,0.18541944026947021,10.68,-3.855,0.121,94.444,1.01885
4096,346281.67,1,0.19713973999023438,0.19915196299552917,0.25646,0.189316526055336,10.791,-4.473,0.354,94.396,1.01861
4097,346371.67,1,0.21287675201892853,0.23486332595348358,0.24975,0.23948176205158234,11.041,-4.597,0.637,94.413,1.01834
4098,346461.67,1,0.24414172768592834,0.24734564125537872,0.23684,0.23957857489585876,10.932,-4.725,0.724,94.376,1.0185
4099,346551.67,1,0.6118309497833252,0.5321518778800964,0.08783,0.2596825361251831,11.024,-4.941,0.606,94.475,1.01859
4100,346641.67,1,0.6238729953765869,0.5544936060905457,0.07361,0.2557761073112488,11.129,-4.977,0.601,94.46,1.01846
4101,346733.33,1,0.49042809009552,0.46166300773620605,0.1201,0.24727904796600342,10.969,-4.962,0.585,94.459,1.01782
4102,346823.33,1,0.6567128896713257,0.5844389200210571,0.05799,0.2540784180164337,11.034,-4.855,0.562,94.453,1.0185
4103,346913.33,1,0.4962261915206909,0.4979400932788849,0.11369,0.26314595341682434,10.989,-4.785,0.495,94.506,1.0185
4104,347003.33,1,0.23483291268348694,0.24743488430976868,0.23059,0.25785568356513977,10.805,-4.646,0.453,94.356,1.01829
4105,347093.33,1,0.18850408494472504,0.19354312121868134,0.26172,0.2588661015033722,10.667,-4.468,0.467,94.387,1.01787
4106,347185.0,1,0.1947493702173233,0.20553365349769592,0.26343,0.25404366850852966,10.533,-4.275,0.509,94.296,1.01832
4107,347275.0,1,0.19426600635051727,0.20900672674179077,0.26513,0.2506665289402008,10.578,-4.165,0.511,94.31,1.01766
4108,347365.0,1,0.18799638748168945,0.195112943649292,0.27016,0.25695401430130005,10.488,-4.118,0.533,94.217,1.01834
4109,347455.0,1,0.16731809079647064,0.17983409762382507,0.27952,0.26384884119033813,10.462,-3.871,0.534,94.267,1.01822
4110,347545.0,1,0.2114420086145401,0.22843419015407562,0.25249,0.2542399764060974,10.616,-3.169,0.515,94.29,1.01876
4111,347635.0,1,0.6276757717132568,0.5526379346847534,0.08182,0.2315354347229004,11.196,-2.672,0.559,94.524,1.01961
4112,347726.67,1,0.38861170411109924,0.38180187344551086,0.17659,0.22594797611236572,11.068,-2.467,0.599,94.419,1.01957
4113,347816.67,1,0.2613450288772583,0.24102051556110382,0.23377,0.25015202164649963,11.139,-2.19,0.577,94.424,1.01995
4114,347906.67,1,0.22587700188159943,0.20412614941596985,0.25325,0.23945651948451996,11.23,-2.05,0.512,94.35,1.0203
4115,347996.67,1,0.19454887509346008,0.2022966891527176,0.26063,0.2729112207889557,11.29,-1.917,0.539,94.175,1.02009
4116,348086.67,1,0.5861493945121765,0.5509637594223022,0.08764,0.305119127035141,11.389,-1.714,0.597,93.684,1.01954
4117,348178.33,1,0.35511377453804016,0.36915063858032227,0.16981,0.3633731007575989,11.046,-1.726,0.551,93.144,1.0185
4118,348268.33,1,0.1830524504184723,0.19192714989185333,0.24429,0.4730214774608612,10.528,-2.12,0.391,93.003,1.01805
4119,348358.33,1,0.14387759566307068,0.1318170577287674,0.28623,0.6914653182029724,12.299,-2.946,0.118,93.197,1.01716
4120,348448.33,1,0.14876829087734222,0.14554357528686523,0.29577,0.6491531133651733,11.293,-3.043,0.131,93.175,1.0163
4121,348538.33,1,0.14602012932300568,0.1612013280391693,0.30067,0.5584143400192261,11.118,-3.335,0.121,93.101,1.01574
4122,348628.33,1,0.15463322401046753,0.1790400743484497,0.2959,0.6009356379508972,11.37,-3.427,0.299,92.949,1.01569
4123,348720.0,1,0.1577184647321701,0.18312141299247742,0.29253,0.5876479744911194,11.539,-3.497,0.274,92.886,1.01489
4124,348810.0,1,0.17309381067752838,0.19379806518554688,0.28534,0.5988732576370239,11.203,-3.443,0.399,92.786,1.01537
4125,348900.0,1,0.17736545205116272,0.18590761721134186,0.28135,0.47519755363464355,10.67,-3.514,0.524,92.686,1.01486
4126,348990.0,1,0.17909085750579834,0.19381378591060638,0.27586,0.3426092267036438,10.201,-3.595,0.571,92.638,1.01518
4127,349080.0,1,0.20351117849349976,0.2238774448633194,0.26576,0.31751811504364014,10.066,-3.634,0.599,92.679,1.01538
4128,349171.67,1,0.22043374180793762,0.23478755354881287,0.26081,0.3188345432281494,10.111,-3.623,0.626,92.662,1.01567
4129,349261.67,1,0.24131111800670624,0.2674607038497925,0.24962,0.32350319623947144,10.299,-3.567,0.616,92.694,1.01531
4130,349351.67,1,0.6626405715942383,0.5878971815109253,0.06352,0.3406692445278168,10.653,-3.33,0.494,92.788,1.01702
4131,349441.67,1,0.6885614395141602,0.6233655214309692,0.04213,0.3618069291114807,11.22,-3.302,0.469,92.831,1.0175
4132,349531.67,1,0.6156580448150635,0.5870565176010132,0.06883,0.3424256443977356,11.122,-3.341,0.444,92.747,1.01672
4133,349621.67,1,0.4044440984725952,0.4879368841648102,0.13092,0.3149730861186981,11.103,-3.243,0.494,92.728,1.01767
4134,349713.33,1,0.3340742290019989,0.4249610900878906,0.16421,0.278353750705719,10.952,-3.156,0.529,92.633,1.01759
4135,349803.33,1,0.27217280864715576,0.3628982901573181,0.19871,0.26055267453193665,10.744,-2.955,0.569,92.702,1.0171
4136,349893.33,1,0.24769210815429688,0.3320649266242981,0.21495,0.2580776512622833,10.643,-2.858,0.594,92.609,1.01697
4137,349983.33,1,0.2335422933101654,0.3027636706829071,0.22505,0.2513028681278229,10.597,-2.81,0.619,92.699,1.01682
4138,350073.33,1,0.22928200662136078,0.29371389746665955,0.23058,0.24134181439876556,10.618,-2.766,0.623,92.63,1.01768
4139,350163.33,1,0.22901099920272827,0.291064590215683,0.2328,0.23636426031589508,10.609,-2.742,0.633,92.657,1.01837
4140,350255.0,1,0.22948822379112244,0.29626476764678955,0.23235,0.23230886459350586,10.614,-2.727,0.635,92.564,1.01801
4141,350345.0,1,0.6606279611587524,0.6328078508377075,0.05387,0.23768103122711182,11.175,-2.651,0.703,92.716,1.01777
4142,350435.0,1,0.5998563766479492,0.5915553569793701,0.07394,0.2817099690437317,11.615,-2.716,0.786,92.498,1.01759
4143,350525.0,1,0.37744227051734924,0.4456961750984192,0.15586,0.37250247597694397,11.578,-2.768,0.862,92.395,1.01665
4144,350615.0,1,0.21665087342262268,0.2521408498287201,0.24039,0.36928826570510864,11.529,-2.76,0.899,92.22,1.0162
4145,350706.67,1,0.16100840270519257,0.18564987182617188,0.27462,0.37088635563850403,11.591,-2.702,0.933,92.219,1.01592
4146,350796.67,1,0.14168773591518402,0.17075303196907043,0.28718,0.36495524644851685,11.467,-2.569,0.959,92.139,1.01621
4147,350886.67,1,0.15057416260242462,0.18532121181488037,0.28331,0.3357497453689575,11.236,-2.448,0.94,92.206,1.01667
4148,350976.67,1,0.5288764238357544,0.5410012006759644,0.10675,0.32561132311820984,11.201,-2.219,1.055,92.308,1.01763
4149,351066.67,1,0.31952473521232605,0.3646050691604614,0.19021,0.3129507601261139,10.866,-2.022,0.965,92.311,1.0173
4150,351156.67,1,0.2043692022562027,0.238760843873024,0.24536,0.29934442043304443,10.832,-1.752,0.917,92.232,1.01762
4151,351248.33,1,0.14647334814071655,0.17845098674297333,0.27871,0.2926677465438843,10.809,-1.551,0.908,92.212,1.01711
4152,351338.33,1,0.13560271263122559,0.16710226237773895,0.28788,0.29355016350746155,10.853,-1.462,0.874,92.095,1.01715
4153,351428.33,1,0.12966451048851013,0.16155008971691132,0.29386,0.2918613851070404,10.774,-1.338,0.896,92.093,1.01747
4154,351518.33,1,0.12579454481601715,0.15820294618606567,0.29882,0.30201563239097595,10.835,-1.241,0.884,92.007,1.018
4155,351608.33,1,0.12125690281391144,0.15691055357456207,0.30195,0.3025531768798828,10.811,-1.167,0.893,92.08,1.01751
4156,351700.0,1,0.12336009740829468,0.1569274663925171,0.30189,0.29899418354034424,10.849,-1.149,0.931,92.004,1.01829
4157,351790.0,1,0.12337591499090195,0.15623778104782104,0.30199,0.30320805311203003,10.845,-1.137,0.973,92.077,1.01729
4158,351873.33,1,0.12513676285743713,0.16104656457901,0.30034,0.2985800802707672,10.993,-1.131,1.017,91.633,1.01305
4159,351956.67,1,0.14200395345687866,0.17180243134498596,0.29432,0.29210636019706726,11.155,-1.174,1.057,91.616,1.01567
4160,352040.0,1,0.520641565322876,0.568688690662384,0.09941,0.29329273104667664,11.923,-1.194,1.195,91.714,1.02422
4161,352123.33,1,0.7050092816352844,0.6734519600868225,0.0363,0.25806599855422974,12.572,-1.592,1.535,91.705,1.02896
4162,352208.33,1,0.6751433610916138,0.6547948122024536,0.03904,0.23811647295951843,13.608,-2.628,1.329,91.582,1.03003
4163,352291.67,1,0.65714430809021,0.5938887596130371,0.05406,0.24847066402435303,14.125,-3.441,0.986,91.522,1.03
4164,352375.0,1,0.6375880241394043,0.5815659761428833,0.0592,0.2547697126865387,14.579,-4.375,0.752,91.456,1.03013
4165,352458.33,1,0.5910457372665405,0.5572770833969116,0.07179,0.26314589381217957,15.23,-4.454,0.405,91.317,1.03097
4166,352541.67,1,0.5790575742721558,0.5149012207984924,0.08507,0.2831600308418274,15.014,-4.265,-0.378,90.885,1.03181
4167,352626.67,1,0.5809474587440491,0.5279150009155273,0.08169,0.29119372367858887,14.731,-4.18,-0.744,90.53,1.03157
4168,352710.0,1,0.6242331266403198,0.5891836881637573,0.06244,0.3023782968521118,14.271,-3.962,-0.719,90.796,1.03078
4169,352793.33,1,0.3220501244068146,0.43678873777389526,0.16007,0.3286433219909668,12.795,-2.716,-0.836,90.991,1.03156
4170,352876.67,1,0.17720501124858856,0.23963266611099243,0.25534,0.325791597366333,12.311,-2.084,-1.081,91.186,1.03129
4171,352960.0,1,0.14575476944446564,0.21402396261692047,0.27386,0.29445186257362366,12.144,-1.906,-0.883,91.291,1.03193
4172,353043.33,1,0.15620525181293488,0.2371736615896225,0.26577,0.2779415547847748,11.989,-1.783,-0.663,91.171,1.03261
4173,353128.33,1,0.18271611630916595,0.24610181152820587,0.26179,0.30797797441482544,11.904,-1.732,-0.397,91.199,1.03124
4174,353211.67,1,0.2784960865974426,0.371859610080719,0.19799,0.31390511989593506,12.013,-1.663,-0.199,91.089,1.03102
4175,353295.0,1,0.6602607369422913,0.6143172979354858,0.0546,0.2683700621128082,12.236,-1.545,-0.012,91.128,1.03275
4176,353378.33,1,0.5523536205291748,0.5489861965179443,0.08583,0.2771788239479065,12.101,-1.541,-0.064,91.037,1.03219
4177,353461.67,1,0.3976055085659027,0.4372548460960388,0.14347,0.29203131794929504,11.96,-1.472,-0.076,90.985,1.03261
4178,353545.0,1,0.3114779591560364,0.3807726502418518,0.17905,0.29163849353790283,12.038,-1.399,-0.065,90.833,1.03275
4179,353630.0,1,0.40057283639907837,0.43037641048431396,0.14546,0.27039894461631775,12.3,-1.288,-0.074,90.728,1.0329
4180,353713.33,1,0.5156630873680115,0.49670183658599854,0.10551,0.24341420829296112,12.696,-1.142,0.014,90.614,1.03351
4181,353796.67,1,0.5652149319648743,0.5336265563964844,0.08941,0.24312074482440948,13.0,-1.111,0.045,90.508,1.03388
4182,353880.0,1,0.563004732131958,0.5277523994445801,0.09309,0.21419569849967957,12.962,-1.087,0.058,90.396,1.03414
4183,353963.33,1,0.5688992142677307,0.548163652420044,0.08754,0.21357353031635284,12.989,-1.097,0.01,90.364,1.0337
4184,354048.33,1,0.630427360534668,0.6124337911605835,0.06275,0.21995481848716736,12.967,-0.978,-0.178,90.368,1.03402
4185,354131.67,1,0.6118029356002808,0.5604442358016968,0.0743,0.22803403437137604,12.942,-0.969,-0.33,90.338,1.03333
4186,354215.0,1,0.5776628255844116,0.534256637096405,0.08472,0.27545079588890076,12.984,-0.902,-0.368,90.308,1.03428
4187,354298.33,1,0.5647308826446533,0.5387681722640991,0.08684,0.29118266701698303,13.323,-0.844,-0.382,90.36,1.03506
4188,354381.67,1,0.5558125972747803,0.5403305888175964,0.08784,0.2982065677642822,13.286,-0.792,-0.413,90.35,1.03499
4189,354465.0,1,0.5520597696304321,0.5531586408615112,0.08874,0.3002063035964966,13.194,-0.773,-0.505,90.322,1.0349
4190,354550.0,1,0.5548221468925476,0.552789568901062,0.08428,0.27395474910736084,13.25,-0.813,-0.409,90.215,1.03426
4191,354633.33,1,0.5485861897468567,0.5543662905693054,0.08456,0.26975110173225403,13.313,-0.83,-0.322,90.189,1.03416
4192,354716.67,1,0.5563950538635254,0.5610114336013794,0.08269,0.27587389945983887,13.228,-0.854,-0.332,90.172,1.03431
4193,354800.0,1,0.5914726257324219,0.6004505157470703,0.07515,0.28981539607048035,13.101,-0.84,-0.545,90.294,1.03491
4194,354883.33,1,0.4858175218105316,0.5537475943565369,0.10558,0.3334309756755829,12.793,-0.94,-0.706,90.318,1.03469
4195,354968.33,1,0.26224178075790405,0.3421390652656555,0.22066,0.3376173675060272,12.616,-0.708,-0.773,90.379,1.03406
4196,355051.67,1,0.1924189329147339,0.2287256270647049,0.26669,0.3264976441860199,12.722,-0.716,-0.842,90.353,1.03412
4197,355135.0,1,0.19542118906974792,0.24947695434093475,0.26268,0.33306634426116943,12.692,-0.654,-0.778,90.373,1.03414
4198,355218.33,1,0.5364525318145752,0.5834629535675049,0.09726,0.2971627712249756,12.683,-0.591,-0.576,90.347,1.03436
4199,355301.67,1,0.6028622388839722,0.6374646425247192,0.06435,0.26271456480026245,12.532,-0.57,-0.503,90.305,1.03484
4200,355385.0,1,0.6747908592224121,0.6780496835708618,0.04045,0.22254663705825806,12.232,-0.443,-0.426,90.203,1.03413
4201,355470.0,1,0.6958814859390259,0.6853526830673218,0.03596,0.19926324486732483,11.841,-0.461,-0.32,90.254,1.03374
4202,355553.33,1,0.6960004568099976,0.6888140439987183,0.03308,0.22028881311416626,11.524,-0.583,-0.232,90.239,1.0333
4203,355636.67,1,0.7008902430534363,0.6915395259857178,0.0299,0.21592585742473602,11.76,-0.684,-0.164,90.268,1.03361
4204,355720.0,1,0.601454496383667,0.6280337572097778,0.05596,0.23250074684619904,11.599,-0.626,-0.098,90.194,1.03359
4205,355803.33,1,0.3642076849937439,0.44989752769470215,0.15271,0.25233393907546997,11.096,-0.571,-0.16,90.162,1.03253
4206,355888.33,1,0.27972012758255005,0.38576650619506836,0.19596,0.2843712270259857,10.99,-0.609,-0.268,90.135,1.03242
4207,355971.67,1,0.2408134788274765,0.3290978670120239,0.2222,0.3026203215122223,11.065,-0.562,-0.324,90.189,1.03243
4208,356055.0,1,0.2099762260913849,0.24687381088733673,0.25643,0.3198639154434204,11.131,-0.59,-0.409,90.189,1.03171
4209,356138.33,1,0.1964872181415558,0.21873649954795837,0.2716,0.3185269832611084,11.154,-0.596,-0.527,90.722,1.03302
4210,356221.67,1,0.18551619350910187,0.24387341737747192,0.2686,0.3173231780529022,11.174,-0.558,-0.687,91.072,1.03431
4211,356305.0,1,0.1859477013349533,0.22259503602981567,0.27042,0.3042943775653839,11.263,-0.416,-0.761,91.385,1.03379
4212,356390.0,1,0.17748557031154633,0.2176729291677475,0.27507,0.3082227408885956,11.272,-0.27,-0.795,91.486,1.03377
4213,356473.33,1,0.16347244381904602,0.20123861730098724,0.28519,0.30604809522628784,11.2,-0.192,-0.857,91.64,1.03304
4214,356556.67,1,0.16371086239814758,0.20403914153575897,0.28413,0.3138025104999542,11.326,-0.13,-0.804,91.678,1.03327
4215,356640.0,1,0.1727164387702942,0.19211579859256744,0.28526,0.326154500246048,11.548,-0.098,-0.755,91.709,1.03379
4216,356723.33,1,0.1711588352918625,0.19516155123710632,0.28579,0.29653969407081604,11.462,-0.011,-0.749,91.642,1.03343
4217,356808.33,1,0.1538197249174118,0.19431859254837036,0.2906,0.2626584470272064,11.223,0.145,-0.731,91.58,1.03428
4218,356891.67,1,0.15410253405570984,0.18947374820709229,0.2881,0.28718098998069763,11.308,0.219,-0.582,91.479,1.0344
4219,356975.0,1,0.15790264308452606,0.17721740901470184,0.28898,0.32385143637657166,11.83,0.324,-0.271,91.383,1.03433
4220,357058.33,1,0.1588863581418991,0.18094195425510406,0.28947,0.2914101183414459,11.759,0.287,-0.278,91.272,1.03377
4221,357141.67,1,0.13751569390296936,0.18425044417381287,0.29747,0.2939765453338623,11.343,0.319,-0.302,91.162,1.03214
4222,357225.0,1,0.13341018557548523,0.1868310570716858,0.29784,0.2916699945926666,10.873,0.253,-0.047,91.046,1.03261
4223,357310.0,1,0.13588781654834747,0.18180562555789948,0.29696,0.29060080647468567,10.779,0.188,0.121,90.963,1.03241
4224,357393.33,1,0.13654954731464386,0.18385246396064758,0.29645,0.2919754385948181,10.678,0.067,0.19,90.846,1.03232
4225,357476.67,1,0.13787610828876495,0.18443721532821655,0.29564,0.2939469516277313,10.691,0.035,0.227,90.877,1.03245
4226,357560.0,1,0.13982288539409637,0.18480558693408966,0.2947,0.2938237488269806,10.625,-0.029,0.249,90.79,1.03293
4227,357643.33,1,0.14127697050571442,0.18993155658245087,0.29316,0.2944122850894928,10.621,-0.032,0.263,90.753,1.03308
4228,357728.33,1,0.14372581243515015,0.1958899199962616,0.29121,0.2953599989414215,10.59,-0.013,0.286,90.645,1.03317
4229,357811.67,1,0.1446678787469864,0.19735310971736908,0.29023,0.2891582250595093,10.586,0.008,0.305,90.622,1.03313
4230,357895.0,1,0.1397635042667389,0.18912513554096222,0.29092,0.29308101534843445,10.593,0.021,0.341,90.49,1.03189
4231,357978.33,1,0.14040632545948029,0.19093361496925354,0.2902,0.2957150638103485,10.654,0.028,0.388,90.548,1.03184
4232,358061.67,1,0.14074385166168213,0.18751899898052216,0.29101,0.29257383942604065,10.689,0.007,0.388,90.488,1.03214
4233,358145.0,1,0.1379394382238388,0.18808898329734802,0.29203,0.277759313583374,10.645,0.025,0.412,90.498,1.03261
4234,358230.0,1,0.14934945106506348,0.1886982023715973,0.28786,0.29415449500083923,10.382,0.015,0.383,90.399,1.03307
4235,358313.33,1,0.1598101705312729,0.19870401918888092,0.28278,0.2976129353046417,10.352,0.025,0.415,90.385,1.03312
4236,358396.67,1,0.1571960598230362,0.19687969982624054,0.28408,0.2963494062423706,10.378,0.052,0.457,90.303,1.03277
4237,358480.0,1,0.16399726271629333,0.20470857620239258,0.28114,0.29215121269226074,10.35,0.076,0.495,90.335,1.03253
4238,358563.33,1,0.5341717004776001,0.6067408323287964,0.09631,0.2775335907936096,10.301,0.012,0.63,90.387,1.03252
4239,358646.67,1,0.49746668338775635,0.5744926929473877,0.11237,0.2886045575141907,10.114,-0.115,0.566,90.385,1.03312
4240,358731.67,1,0.27442100644111633,0.34269943833351135,0.21421,0.29948529601097107,10.142,-0.059,0.485,90.31,1.03361
4241,358815.0,1,0.20492345094680786,0.25233376026153564,0.25229,0.3105625808238983,10.233,-0.075,0.435,90.419,1.03365
4242,358898.33,1,0.18410331010818481,0.22880685329437256,0.26558,0.3241429924964905,10.593,0.053,0.403,90.321,1.03323
4243,358981.67,1,0.16797375679016113,0.22479692101478577,0.27771,0.3510458469390869,10.879,0.061,0.213,90.393,1.03304
4244,359065.0,1,0.15378838777542114,0.21064724028110504,0.28712,0.36015981435775757,10.88,0.158,0.145,90.309,1.03301
4245,359150.0,1,0.1497197449207306,0.20692405104637146,0.28966,0.356941819190979,10.844,0.182,0.081,90.407,1.03278
4246,359233.33,1,0.1490759402513504,0.20364147424697876,0.28877,0.338275283575058,10.781,0.103,0.1,90.323,1.03239
4247,359316.67,1,0.15227468311786652,0.2031909078359604,0.28833,0.30029845237731934,10.83,0.04,0.147,90.451,1.0323
4248,359400.0,1,0.15285180509090424,0.19012859463691711,0.29196,0.40643444657325745,11.283,-0.121,0.162,90.54,1.03183
4249,359483.33,1,0.1657213717699051,0.18775629997253418,0.28902,0.4963492751121521,11.361,-0.202,0.185,90.737,1.03212
4250,359566.67,1,0.5680422782897949,0.5947238206863403,0.08687,0.5045727491378784,11.636,-0.3,0.349,90.851,1.0328
4251,359651.67,1,0.5804557204246521,0.6062300801277161,0.06915,0.41269341111183167,11.723,-0.617,0.551,90.93,1.03275
4252,359735.0,1,0.5819686055183411,0.5506107211112976,0.07858,0.2868208885192871,12.011,-1.251,0.591,91.033,1.0325
4253,359818.33,1,0.563399076461792,0.5149822235107422,0.09051,0.22744505107402802,12.488,-2.019,0.484,91.245,1.03307
4254,359901.67,1,0.6986216306686401,0.6345543265342712,0.04282,0.23387351632118225,12.31,-2.414,0.162,91.358,1.03335
4255,359985.0,1,0.6589546203613281,0.6442925333976746,0.0496,0.23268833756446838,12.266,-2.447,0.133,91.45,1.03319
4256,360070.0,1,0.24369268119335175,0.2915057837963104,0.23568,0.2300562560558319,11.77,-2.207,0.087,91.317,1.03286
4257,360153.33,1,0.15858174860477448,0.20135800540447235,0.27961,0.23351328074932098,11.528,-1.783,0.15,91.226,1.03287
4258,360236.67,1,0.142291858792305,0.1818733513355255,0.29276,0.23416011035442352,11.492,-1.49,0.211,91.143,1.0333
4259,360320.0,1,0.13643354177474976,0.1741381287574768,0.29827,0.23552000522613525,11.512,-1.23,0.284,91.052,1.03272
4260,360403.33,1,0.13736186921596527,0.17380301654338837,0.29981,0.2447381466627121,11.005,-1.157,0.288,90.603,1.03153
4261,360486.67,1,0.13762813806533813,0.17972593009471893,0.30696,0.24750226736068726,10.409,-0.938,0.344,90.634,1.0309
4262,360571.67,1,0.1309344470500946,0.16113199293613434,0.31051,0.28939247131347656,9.758,-0.928,0.427,90.626,1.0301
4263,360655.0,1,0.12604711949825287,0.1812000721693039,0.30801,0.2863999605178833,8.787,-0.63,0.515,91.528,1.03071
4264,360738.33,1,0.11830460280179977,0.1692943274974823,0.30687,0.2951911687850952,8.334,-0.217,0.459,92.379,1.0317
4265,360821.67,1,0.12792888283729553,0.1820608675479889,0.29908,0.3100980222225189,8.134,0.18,0.353,92.641,1.03324
4266,360905.0,1,0.13059140741825104,0.1766250878572464,0.29999,0.2985078692436218,8.114,0.402,0.217,92.721,1.03272
4267,360990.0,1,0.13435234129428864,0.1811898946762085,0.29685,0.28834354877471924,8.116,0.505,0.288,92.703,1.03268
4268,361073.33,1,0.13040561974048615,0.16757240891456604,0.29683,0.2877611517906189,8.293,0.82,0.134,92.453,1.0316
4269,361156.67,1,0.12116154283285141,0.16417008638381958,0.29938,0.2744132876396179,8.397,0.743,0.042,92.147,1.03167
4270,361240.0,1,0.12543997168540955,0.17295169830322266,0.29274,0.27200037240982056,8.41,0.618,0.135,91.843,1.03087
4271,361323.33,1,0.1556861400604248,0.19264857470989227,0.27992,0.2740879952907562,8.621,0.312,0.193,91.781,1.03108
4272,361406.67,1,0.17086875438690186,0.2083669751882553,0.27662,0.27513718605041504,8.826,0.124,0.296,91.746,1.03097
4273,361491.67,1,0.17529956996440887,0.21461047232151031,0.27487,0.2852170467376709,8.832,0.026,0.315,91.803,1.03013
4274,361575.0,1,0.1745603084564209,0.21688950061798096,0.27433,0.28661707043647766,8.87,0.015,0.321,91.821,1.03087
4275,361658.33,1,0.17508678138256073,0.22221329808235168,0.27276,0.29887768626213074,8.848,0.008,0.311,91.78,1.03127
4276,361741.67,1,0.17362956702709198,0.22212322056293488,0.27175,0.31682461500167847,8.827,0.057,0.282,91.71,1.0319
4277,361825.0,1,0.18411710858345032,0.2536698579788208,0.26227,0.33933383226394653,8.974,0.201,0.134,91.743,1.03238
4278,361908.33,1,0.18431009352207184,0.2743918299674988,0.25375,0.3693379759788513,9.212,0.283,-0.034,91.737,1.0329
4279,362000.0,1,0.1907491683959961,0.29967325925827026,0.24683,0.3698990046977997,9.227,0.397,-0.175,92.197,1.02685
4280,362090.0,1,0.1907215118408203,0.3074491620063782,0.24489,0.35811150074005127,9.408,0.35,-0.209,92.158,1.02446
4281,362180.0,1,0.19114969670772552,0.30238962173461914,0.24691,0.33674997091293335,9.534,0.174,-0.065,92.288,1.02129
4282,362270.0,1,0.1976832151412964,0.2935151755809784,0.24916,0.30323535203933716,9.623,0.025,0.056,92.322,1.02097
4283,362360.0,1,0.20239651203155518,0.28314849734306335,0.25392,0.28471872210502625,9.579,-0.152,0.109,92.432,1.02065
4284,362450.0,1,0.20933417975902557,0.2659846842288971,0.25532,0.3024846017360687,9.71,-0.274,0.196,92.364,1.01973
4285,362540.0,1,0.2087327092885971,0.25808098912239075,0.25942,0.2895166277885437,9.629,-0.266,0.254,92.402,1.01994
4286,362631.67,1,0.20070834457874298,0.24658779799938202,0.26212,0.3030831813812256,9.622,-0.27,0.289,92.305,1.02066
4287,362721.67,1,0.19536925852298737,0.24502137303352356,0.26191,0.3164508640766144,9.619,-0.266,0.309,92.375,1.01979
4288,362811.67,1,0.190068781375885,0.23619690537452698,0.26506,0.3131178319454193,9.634,-0.198,0.339,92.262,1.02003
4289,362901.67,1,0.5252532362937927,0.5974102020263672,0.09939,0.30606982111930847,9.717,-0.183,0.365,92.39,1.01995
4290,362991.67,1,0.44565990567207336,0.5256271362304688,0.13035,0.2995917797088623,9.35,-0.143,0.324,92.34,1.01979
4291,363081.67,1,0.2999841272830963,0.33851543068885803,0.20926,0.29754218459129333,9.12,-0.101,0.235,92.43,1.01973
4292,363171.67,1,0.1879640519618988,0.20001612603664398,0.26904,0.29944929480552673,8.866,0.024,0.186,92.442,1.02087
4293,363263.33,1,0.14864502847194672,0.1611129641532898,0.2964,0.29407671093940735,8.769,0.137,0.15,92.528,1.02042
4294,363353.33,1,0.14431646466255188,0.1591961532831192,0.29952,0.2988598048686981,8.77,0.201,0.12,92.505,1.02022
4295,363443.33,1,0.13866201043128967,0.1561947911977768,0.3025,0.29713013768196106,8.819,0.23,0.132,92.581,1.02018
4296,363533.33,1,0.13786572217941284,0.15600241720676422,0.30229,0.302845299243927,8.855,0.28,0.116,92.553,1.02072
4297,363623.33,1,0.14187686145305634,0.1575339287519455,0.30075,0.30536746978759766,8.877,0.296,0.164,92.575,1.02044
4298,363713.33,1,0.14508777856826782,0.16120748221874237,0.29877,0.30696460604667664,8.934,0.36,0.18,92.481,1.02069
4299,363803.33,1,0.14533987641334534,0.16372670233249664,0.29824,0.3065800666809082,9.162,0.418,0.223,92.464,1.02102
4300,363895.0,1,0.1571294069290161,0.18102537095546722,0.28704,0.30671703815460205,9.556,0.388,0.27,92.283,1.02099
4301,363985.0,1,0.163894921541214,0.186171755194664,0.28387,0.3076609671115875,9.759,0.379,0.305,92.293,1.02015
4302,364075.0,1,0.16294440627098083,0.18518491089344025,0.28458,0.30779871344566345,9.904,0.453,0.347,92.157,1.02076
4303,364165.0,1,0.16239064931869507,0.18450050055980682,0.28654,0.30620962381362915,9.949,0.512,0.379,92.194,1.02017
4304,364255.0,1,0.16241611540317535,0.18248459696769714,0.28736,0.3134844899177551,9.999,0.493,0.405,91.999,1.01984
4305,364345.0,1,0.1624230295419693,0.18134039640426636,0.28815,0.31423264741897583,10.061,0.422,0.394,92.001,1.01906
4306,364435.0,1,0.16114604473114014,0.18285034596920013,0.2868,0.3011394143104553,10.156,0.216,0.378,91.777,1.02024
4307,364526.67,1,0.15745209157466888,0.17766910791397095,0.28735,0.2990702986717224,10.125,0.131,0.387,91.818,1.01961
4308,364616.67,1,0.16130031645298004,0.18924497067928314,0.28437,0.30774375796318054,10.147,-0.042,0.432,91.773,1.02006
4309,364706.67,1,0.5548787117004395,0.567617654800415,0.09327,0.28848785161972046,10.318,-0.22,0.569,91.96,1.0201
4310,364796.67,1,0.5341927409172058,0.5075333714485168,0.11869,0.2573951482772827,10.318,-0.651,0.627,92.012,1.01977
4311,364886.67,1,0.29885876178741455,0.33404067158699036,0.20016,0.2463899701833725,10.386,-1.396,0.484,92.573,1.02082
4312,364976.67,1,0.20236310362815857,0.23117806017398834,0.23798,0.24680215120315552,10.75,-2.059,0.267,93.02,1.02178
4313,365066.67,1,0.17263825237751007,0.2126190960407257,0.25355,0.2656673192977905,10.822,-2.238,0.107,93.195,1.02283
4314,365248.33,1,0.16063520312309265,0.20020368695259094,0.26596,0.2612238824367523,10.971,-2.284,0.045,92.887,1.02224
4315,365338.33,1,0.16211043298244476,0.19879916310310364,0.26673,0.25644880533218384,11.013,-2.307,0.013,92.859,1.02229
4316,365428.33,1,0.17207218706607819,0.202368825674057,0.26606,0.22805988788604736,10.755,-2.351,-0.038,92.859,1.02234
4317,365518.33,1,0.1931506246328354,0.20910507440567017,0.26589,0.23130662739276886,10.753,-2.281,-0.181,92.933,1.02304
4318,365608.33,1,0.18882715702056885,0.2053307443857193,0.2665,0.23044468462467194,10.796,-2.276,-0.21,92.909,1.0233
4319,365698.33,1,0.2162761688232422,0.22366151213645935,0.25554,0.255634069442749,10.914,-2.122,-0.234,92.953,1.02397
4320,365790.0,1,0.33671221137046814,0.3517523407936096,0.19313,0.2660323679447174,11.061,-1.93,-0.166,92.892,1.02373
4321,365880.0,1,0.6260675191879272,0.5822583436965942,0.07682,0.2568076252937317,11.444,-1.723,-0.187,93.018,1.0242
4322,365970.0,1,0.4912238121032715,0.5572907328605652,0.10809,0.2702375650405884,11.373,-1.697,-0.218,92.943,1.02389
4323,366060.0,1,0.2677672505378723,0.33878248929977417,0.20856,0.2689058780670166,11.363,-1.66,-0.28,93.063,1.02325
4324,366150.0,1,0.19556736946105957,0.23974467813968658,0.24962,0.2646239697933197,11.325,-1.519,-0.327,93.071,1.02327
4325,366240.0,1,0.17766815423965454,0.21649830043315887,0.26511,0.2555445432662964,11.355,-1.447,-0.345,92.958,1.0228
4326,366330.0,1,0.15715615451335907,0.2056470364332199,0.27648,0.2483895719051361,11.362,-1.406,-0.288,92.784,1.02215
4327,366421.67,1,0.15669484436511993,0.2009934037923813,0.2797,0.25447070598602295,11.4,-1.378,-0.323,92.759,1.02147
4328,366511.67,1,0.16057349741458893,0.19597084820270538,0.28034,0.25985726714134216,11.46,-1.359,-0.346,92.706,1.02097
4329,366601.67,1,0.16021285951137543,0.19397962093353271,0.2819,0.2601107358932495,11.427,-1.351,-0.257,92.7,1.02064
4330,366691.67,1,0.16485613584518433,0.2029501050710678,0.2789,0.2677704393863678,11.357,-1.286,-0.194,92.555,1.02166
4331,366781.67,1,0.17065224051475525,0.20623627305030823,0.27809,0.2626725137233734,11.28,-1.237,-0.153,92.936,1.02067
4332,366871.67,1,0.17308378219604492,0.2121095210313797,0.27699,0.2562287449836731,11.007,-1.178,-0.121,92.982,1.02114
4333,366961.67,1,0.17356297373771667,0.21379075944423676,0.27514,0.2616315186023712,10.995,-1.147,-0.097,92.98,1.02007
4334,367051.67,1,0.1756143718957901,0.21722809970378876,0.27395,0.26295050978660583,10.971,-1.12,-0.086,92.843,1.02138
4335,367143.33,1,0.17736822366714478,0.2169715017080307,0.27331,0.26582789421081543,10.932,-1.12,-0.08,92.863,1.02089
4336,367233.33,1,0.1930302530527115,0.24302469193935394,0.26128,0.2758117616176605,10.863,-1.125,-0.082,92.751,1.02123
4337,367323.33,1,0.5722204446792603,0.6061990261077881,0.07731,0.26424458622932434,11.108,-1.14,-0.062,92.873,1.02138
4338,367413.33,1,0.4852960705757141,0.53461754322052,0.10808,0.2724359631538391,10.856,-1.151,-0.087,92.683,1.02134
4339,367503.33,1,0.4697050154209137,0.511883020401001,0.11922,0.2860640287399292,10.644,-1.154,-0.067,92.324,1.02035
4340,367593.33,1,0.6104643940925598,0.612776517868042,0.06729,0.3010580837726593,10.859,-1.007,-0.159,91.481,1.02194
4341,367683.33,1,0.3911847174167633,0.4750310480594635,0.1404,0.3686099946498871,10.24,-0.879,-0.359,90.694,1.02245
4342,367775.0,1,0.22154134511947632,0.2741943895816803,0.23666,0.3955979347229004,10.223,-0.846,-0.495,89.918,1.02189
4343,367865.0,1,0.1696002036333084,0.22801364958286285,0.26758,0.4149375557899475,10.31,-0.682,-0.587,89.493,1.02256
4344,367955.0,1,0.1609536111354828,0.21180807054042816,0.27814,0.44414177536964417,10.442,-0.696,-0.661,89.016,1.02202
4345,368045.0,1,0.15729334950447083,0.20481401681900024,0.28315,0.44608741998672485,10.554,-0.728,-0.698,88.665,1.02158
4346,368135.0,1,0.1536128968000412,0.19983839988708496,0.28662,0.4097188413143158,10.573,-0.897,-0.717,88.381,1.02058
4347,368225.0,1,0.14932428300380707,0.19455194473266602,0.28763,0.3547727167606354,10.544,-1.074,-0.41,88.266,1.0201
4348,368315.0,1,0.14947104454040527,0.18952153623104095,0.28774,0.31913045048713684,10.502,-1.169,-0.243,88.261,1.02003
4349,368406.67,1,0.16202165186405182,0.19183747470378876,0.28804,0.2604096531867981,10.45,-1.255,-0.213,88.335,1.0207
4350,368496.67,1,0.16615836322307587,0.1926567107439041,0.28882,0.2020108699798584,10.538,-1.248,-0.153,88.268,1.02165
4351,368586.67,1,0.1656775325536728,0.18689356744289398,0.29175,0.205209881067276,10.521,-1.218,-0.14,88.425,1.02034
4352,368676.67,1,0.16455337405204773,0.18384738266468048,0.2917,0.20257167518138885,10.493,-1.185,-0.104,88.42,1.02063
4353,368766.67,1,0.16372239589691162,0.18331199884414673,0.29188,0.21230895817279816,10.476,-1.164,-0.109,88.488,1.02125
4354,368856.67,1,0.16052275896072388,0.1801525354385376,0.2915,0.23185892403125763,10.463,-1.162,-0.119,88.496,1.02105
4355,368946.67,1,0.16038356721401215,0.17843684554100037,0.28998,0.24530495703220367,10.441,-1.169,-0.151,88.542,1.02169
4356,369038.33,1,0.1568029671907425,0.17629575729370117,0.29033,0.24839338660240173,10.412,-1.159,-0.186,88.504,1.02162
4357,369128.33,1,0.15777729451656342,0.1781846284866333,0.28872,0.2502160966396332,10.385,-1.103,-0.211,88.535,1.02129
4358,369218.33,1,0.16091321408748627,0.18234243988990784,0.28656,0.2534896433353424,10.371,-1.1,-0.202,88.449,1.02198
4359,369308.33,1,0.15955238044261932,0.18162433803081512,0.28595,0.2532167434692383,10.33,-1.039,-0.199,88.497,1.0214
4360,369398.33,1,0.1890188753604889,0.21489118039608002,0.27031,0.26370149850845337,10.237,-1.033,-0.25,88.436,1.02301
4361,369488.33,1,0.5419859886169434,0.5519082546234131,0.10256,0.252608060836792,10.309,-0.972,-0.169,88.537,1.02181
4362,369578.33,1,0.42778992652893066,0.5383219718933105,0.13188,0.2550894618034363,10.01,-0.951,-0.134,88.283,1.02236
4363,369670.0,1,0.3030017614364624,0.3661530315876007,0.1995,0.25747114419937134,9.808,-0.945,-0.19,88.042,1.02047
4364,369760.0,1,0.24583464860916138,0.2932613492012024,0.23091,0.25355976819992065,9.868,-0.906,-0.211,87.79,1.02055
4365,369850.0,1,0.23347413539886475,0.26580843329429626,0.24193,0.24088384211063385,10.014,-0.892,-0.216,87.706,1.01942
4366,369940.0,1,0.23440806567668915,0.2604505717754364,0.24584,0.22778485715389252,10.056,-0.903,-0.199,87.54,1.01939
4367,370030.0,1,0.23215244710445404,0.2570579946041107,0.2487,0.22227877378463745,10.04,-0.898,-0.203,87.519,1.01882
4368,370120.0,1,0.24687735736370087,0.3008481562137604,0.23198,0.2066570669412613,10.107,-0.879,-0.138,87.379,1.01904
4369,370210.0,1,0.2892267405986786,0.3429000675678253,0.21269,0.17793652415275574,10.327,-0.849,-0.095,87.421,1.0189
4370,370301.67,1,0.343833327293396,0.36627674102783203,0.19322,0.15420617163181305,10.77,-0.921,-0.081,87.309,1.01998
4371,370391.67,1,0.35862118005752563,0.36863386631011963,0.18885,0.1444082111120224,10.914,-1.056,-0.062,87.425,1.01851
4372,370481.67,1,0.35547375679016113,0.3676106333732605,0.18762,0.13032840192317963,10.953,-1.111,-0.089,87.468,1.01923
4373,370571.67,1,0.3977023959159851,0.39915862679481506,0.15595,0.12298933416604996,10.983,-1.518,-0.089,87.421,1.01731
4374,370661.67,1,0.41970619559288025,0.4025214910507202,0.14646,0.09656064957380295,10.517,-2.271,-0.292,86.92,1.01457
4375,370751.67,1,0.3944237530231476,0.44934943318367004,0.13396,0.16744178533554077,10.856,-2.823,-0.566,86.091,1.01164
4376,370841.67,1,0.35830384492874146,0.5025263428688049,0.14306,0.18362341821193695,10.731,-3.661,-1.098,85.083,1.00527
4377,370931.67,1,0.19836516678333282,0.34813159704208374,0.23773,0.1882680505514145,9.292,-3.821,-0.155,83.609,0.9976
4378,371023.33,1,0.1436159312725067,0.26702240109443665,0.2609,0.28052836656570435,7.416,-2.932,0.838,82.197,0.99203
4379,371113.33,1,0.14326918125152588,0.21814870834350586,0.27074,0.2889213263988495,3.889,-2.435,2.012,80.465,0.98983
4380,371203.33,1,0.12649178504943848,0.18091370165348053,0.29438,0.4128939211368561,3.607,-2.009,2.252,79.009,0.98894
4381,371293.33,1,0.10843609273433685,0.18618769943714142,0.30269,0.4807106852531433,2.848,-1.915,1.608,78.518,0.98954
4382,371383.33,1,0.1080697774887085,0.19816869497299194,0.30759,0.48014289140701294,2.366,-1.965,1.127,78.542,0.98905
4383,371473.33,1,0.1502709984779358,0.17290817201137543,0.29684,0.3027026355266571,3.042,-2.332,1.871,79.509,0.994
4384,371563.33,1,0.16774830222129822,0.21579097211360931,0.27326,0.19457988440990448,3.134,-2.55,1.695,81.017,0.99122
4385,371655.0,1,0.4277019202709198,0.37428590655326843,0.16883,0.08866115659475327,4.32,-3.052,0.777,81.418,0.98966
4386,371745.0,1,0.41066819429397583,0.37207189202308655,0.16065,0.16582131385803223,5.534,-4.019,-0.353,82.628,0.99149
4387,371835.0,1,0.38102009892463684,0.4129143953323364,0.15696,0.196732297539711,7.656,-5.027,-1.48,84.484,0.99831
4388,371925.0,1,0.43663591146469116,0.5078310966491699,0.12178,0.41650858521461487,9.67,-4.618,-2.593,85.776,1.00377
4389,372015.0,1,0.5982959270477295,0.6581662893295288,0.06145,0.3822488784790039,12.2,-4.248,-2.938,86.211,1.01066
4390,372105.0,1,0.5572953820228577,0.603144645690918,0.08754,0.3375661373138428,14.405,-4.06,-2.945,85.974,1.01805
4391,372195.0,1,0.5537806749343872,0.6036380529403687,0.08636,0.2387007474899292,15.111,-3.748,-2.171,85.658,1.02182
4392,372286.67,1,0.6194126605987549,0.6355170011520386,0.05969,0.22992359101772308,14.996,-3.718,-1.809,85.534,1.02307
4393,372376.67,1,0.6112417578697205,0.6143022179603577,0.06102,0.23299936950206757,14.38,-3.61,-1.742,85.546,1.02356
4394,372466.67,1,0.3505476415157318,0.4575802683830261,0.1585,0.2247825711965561,13.309,-3.529,-1.818,86.545,1.02456
4395,372556.67,1,0.2594917416572571,0.3302103877067566,0.21911,0.21022865176200867,12.733,-3.591,-1.817,86.831,1.02481
4396,372646.67,1,0.2620185613632202,0.3338505029678345,0.22949,0.28506729006767273,11.332,-3.456,-1.804,86.576,1.0245
4397,372736.67,1,0.15161478519439697,0.20896212756633759,0.29192,0.29334816336631775,10.63,-2.922,-1.213,86.604,1.02472
4398,372826.67,1,0.10508377104997635,0.16171203553676605,0.30853,0.20557719469070435,10.819,-2.346,-0.979,86.756,1.02523
4399,372918.33,1,0.12477067857980728,0.16598264873027802,0.3001,0.21183635294437408,10.954,-1.576,-0.847,86.815,1.02578
4400,373001.67,1,0.10663921386003494,0.1541399359703064,0.30708,0.2558352053165436,10.594,-0.265,-0.34,86.279,1.02768
4401,373085.0,1,0.10616862773895264,0.15089869499206543,0.31085,0.269381582736969,9.843,1.011,0.118,86.374,1.02145
4402,373168.33,1,0.11861439794301987,0.15635260939598083,0.31071,0.27322104573249817,9.67,1.657,0.237,86.436,1.01945
4403,373253.33,1,0.2409803569316864,0.2773292362689972,0.24927,0.2600414752960205,9.705,1.447,0.15,86.502,1.01929
4404,373336.67,1,0.28062063455581665,0.31834664940834045,0.21606,0.20308245718479156,10.242,0.588,-0.289,86.589,1.01877
4405,373420.0,1,0.3401374816894531,0.3558498024940491,0.18469,0.19448213279247284,11.019,-0.438,-0.648,86.563,1.01834
4406,373505.0,1,0.36674004793167114,0.3685094714164734,0.17184,0.18919120728969574,11.279,-1.349,-0.741,86.585,1.01772
4407,373588.33,1,0.33776137232780457,0.359478235244751,0.18203,0.19291527569293976,11.321,-1.589,-0.86,86.618,1.01792
4408,373671.67,1,0.3273085057735443,0.3595336377620697,0.18707,0.1969870775938034,11.217,-1.674,-0.862,86.559,1.01729
4409,373756.67,1,0.3205832839012146,0.34946638345718384,0.19335,0.20694242417812347,11.111,-1.723,-0.894,86.485,1.01706
4410,373840.0,1,0.26566505432128906,0.3352339267730713,0.21313,0.22611914575099945,11.03,-1.748,-0.833,86.462,1.01787
4411,373923.33,1,0.27202072739601135,0.3256523907184601,0.21376,0.23509584367275238,10.942,-1.751,-0.904,86.605,1.01808
4412,374006.67,1,0.2799650728702545,0.33424392342567444,0.20688,0.23090523481369019,10.976,-1.838,-0.904,86.592,1.01738
4413,374091.67,1,0.3101874589920044,0.3631893992424011,0.18679,0.22526520490646362,10.985,-2.029,-0.836,86.627,1.01707
4414,374175.0,1,0.3499389886856079,0.3794253170490265,0.17101,0.22051367163658142,11.133,-2.209,-0.612,86.457,1.01666
4415,374258.33,1,0.3461441099643707,0.37662360072135925,0.1763,0.22077427804470062,10.926,-2.325,-0.622,86.396,1.01632
4416,374343.33,1,0.3499539792537689,0.37765201926231384,0.17486,0.2259771227836609,10.722,-2.441,-0.646,86.159,1.01594
4417,374426.67,1,0.37205883860588074,0.40672755241394043,0.16403,0.2560409605503082,10.357,-2.394,-0.65,85.925,1.01451
4418,374510.0,1,0.2952207028865814,0.3765137195587158,0.19718,0.23463013768196106,10.103,-1.929,-0.325,85.608,1.01392
4419,374595.0,1,0.2576051950454712,0.2986138164997101,0.23139,0.3206956088542938,9.498,-0.394,0.478,85.319,1.01398
4420,374678.33,1,0.27325528860092163,0.3168535828590393,0.23023,0.31836557388305664,8.837,0.363,0.732,85.187,1.01339
4421,374761.67,1,0.17883725464344025,0.22169238328933716,0.28426,0.29359129071235657,8.44,1.142,0.846,85.116,1.01144
4422,374845.0,1,0.16976118087768555,0.20590664446353912,0.29253,0.3012281060218811,8.046,1.64,0.97,84.98,1.01139
4423,374930.0,1,0.16981090605258942,0.2112777978181839,0.29043,0.2942917048931122,7.965,2.16,0.9,84.945,1.01172
4424,375013.33,1,0.16010938584804535,0.2008429765701294,0.294,0.3130840063095093,7.837,2.276,0.949,84.855,1.01136
4425,375096.67,1,0.1579781323671341,0.20970863103866577,0.29484,0.2980404496192932,7.585,2.379,0.939,84.891,1.01133
4426,375181.67,1,0.1577652543783188,0.21115586161613464,0.2933,0.2899819612503052,7.678,2.416,1.02,84.885,1.01239
4427,375265.0,1,0.15224432945251465,0.20962373912334442,0.29235,0.29542276263237,7.728,2.464,1.02,84.997,1.0127
4428,375348.33,1,0.14580024778842926,0.1964455544948578,0.29532,0.3062126040458679,7.802,2.587,0.905,85.097,1.01131
4429,375433.33,1,0.13536857068538666,0.19336430728435516,0.29769,0.2970382273197174,7.792,2.67,0.927,85.084,1.01167
4430,375516.67,1,0.13298912346363068,0.19493775069713593,0.29821,0.2991817593574524,7.904,2.751,0.963,85.167,1.01088
4431,375600.0,1,0.13390514254570007,0.1872159093618393,0.30095,0.2915698289871216,7.969,2.762,0.892,85.272,1.01134
4432,375683.33,1,0.13546304404735565,0.1897146850824356,0.30386,0.2802004814147949,7.896,2.749,0.827,85.343,1.01154
4433,375768.33,1,0.13951441645622253,0.19182126224040985,0.30481,0.258754700422287,7.757,2.717,0.613,85.432,1.01086
4434,375851.67,1,0.13775914907455444,0.18364793062210083,0.30621,0.2785065174102783,7.362,2.788,0.533,85.37,1.01155
4435,375935.0,1,0.1386287361383438,0.18615631759166718,0.30621,0.2984061539173126,7.355,2.783,0.533,85.349,1.01131
4436,376020.0,1,0.14227023720741272,0.18607838451862335,0.30472,0.2885757386684418,7.419,2.862,0.545,85.356,1.01109
4437,376103.33,1,0.14298807084560394,0.18889980018138885,0.3039,0.2788967788219452,7.37,2.888,0.534,85.41,1.01128
4438,376186.67,1,0.14312441647052765,0.19003883004188538,0.30407,0.27576419711112976,7.308,2.975,0.499,85.406,1.01112
4439,376271.67,1,0.1422969549894333,0.18835274875164032,0.30399,0.26025325059890747,7.277,2.994,0.541,84.931,1.00945
4440,376355.0,1,0.14156422019004822,0.19202835857868195,0.30226,0.2529386579990387,7.359,2.944,0.68,83.875,1.00798
4441,376438.33,1,0.1422162652015686,0.2085450142621994,0.30103,0.24722996354103088,7.436,2.789,0.756,83.704,1.00732
4442,376521.67,1,0.11951175332069397,0.1870824098587036,0.31094,0.22411471605300903,6.914,2.262,0.356,83.912,1.0065
4443,376606.67,1,0.10058804601430893,0.17130698263645172,0.31625,0.21407411992549896,6.472,2.009,0.222,84.504,1.00665
4444,376690.0,1,0.1928461790084839,0.33174169063568115,0.25304,0.22957180440425873,5.4,1.989,-0.048,85.012,1.00571
4445,376773.33,1,0.32516568899154663,0.45255792140960693,0.18709,0.22538046538829803,5.249,1.949,0.045,84.945,1.00501
4446,376858.33,1,0.29965153336524963,0.4129868447780609,0.2138,0.2162604182958603,5.932,2.174,-0.114,84.712,1.00523
4447,376941.67,1,0.2535880506038666,0.32637566328048706,0.24181,0.218751460313797,6.453,2.465,-0.017,84.467,1.00524
4448,377025.0,1,0.22980692982673645,0.2629104256629944,0.25914,0.18133889138698578,6.58,2.917,-0.174,84.406,1.00484
4449,377110.0,1,0.20414045453071594,0.2140050083398819,0.27331,0.18300414085388184,6.527,3.317,-0.439,84.42,1.00575
4450,377193.33,1,0.1777876317501068,0.2228880226612091,0.282,0.21869905292987823,6.73,3.733,-0.557,84.393,1.00589
4451,377276.67,1,0.16395901143550873,0.22838090360164642,0.28146,0.20702287554740906,6.862,3.735,-0.618,84.609,1.00645
4452,377360.0,1,0.12988127768039703,0.20991644263267517,0.28245,0.218398779630661,6.674,2.935,-0.589,84.416,1.00433
4453,377445.0,1,0.10732784867286682,0.18621744215488434,0.29317,0.2705400288105011,5.997,2.582,-0.055,84.326,1.00257
4454,377528.33,1,0.09888988733291626,0.18714846670627594,0.3003,0.29578787088394165,5.424,2.335,-0.357,84.546,0.99931
4455,377611.67,1,0.1078835278749466,0.17479850351810455,0.30319,0.23370221257209778,5.013,2.159,-0.808,84.194,0.99546
4456,377696.67,1,0.1289508193731308,0.15597184002399445,0.30748,0.23203785717487335,4.877,2.133,-0.653,83.249,0.99171
4457,377780.0,1,0.12392819672822952,0.17229120433330536,0.30607,0.17653882503509521,5.829,1.726,-0.995,82.126,0.98727
4458,377863.33,1,0.13576553761959076,0.1746761053800583,0.31441,0.14800462126731873,6.499,1.583,-0.685,83.41,0.98369
4459,377948.33,1,0.24465197324752808,0.2640906870365143,0.26146,0.16013486683368683,7.011,1.934,-0.469,85.914,0.9827
4460,378031.67,1,0.2604697644710541,0.24394582211971283,0.25733,0.23637078702449799,7.682,1.862,-0.519,86.941,0.98355
4461,378115.0,1,0.3289576768875122,0.3594302833080292,0.2057,0.29314523935317993,9.767,0.798,-1.38,87.927,0.98618
4462,378198.33,1,0.2990230321884155,0.36220231652259827,0.20454,0.3970108926296234,11.448,-1.263,-1.611,87.887,0.98989
4463,378283.33,1,0.28527146577835083,0.37304437160491943,0.20157,0.2862977683544159,11.534,-3.02,-1.557,88.793,0.9945
4464,378366.67,1,0.3296840190887451,0.3758944571018219,0.17574,0.25325003266334534,11.556,-3.999,-1.487,90.433,0.99991
4465,378450.0,1,0.30334722995758057,0.34065741300582886,0.20403,0.28042471408843994,11.982,-3.615,-0.924,92.087,1.00634
4466,378535.0,1,0.20739372074604034,0.29034659266471863,0.23311,0.22745199501514435,12.482,-2.542,-0.213,92.552,1.00944
4467,378618.33,1,0.2874402701854706,0.4309639036655426,0.16791,0.3526410162448883,12.002,-1.158,-0.335,93.014,1.01195
4468,378701.67,1,0.4704952538013458,0.5935091972351074,0.09921,0.3140513300895691,11.785,0.055,-1.354,93.318,1.01283
4469,378786.67,1,0.3976614475250244,0.5176820755004883,0.13848,0.4236356317996979,12.406,0.389,-1.436,93.077,1.01405
4470,378870.0,1,0.30322936177253723,0.39753594994544983,0.193,0.4047732353210449,12.609,0.209,-1.058,92.644,1.0143
4471,378953.33,1,0.2591712176799774,0.28972604870796204,0.23153,0.35052981972694397,13.518,0.027,-0.876,92.385,1.01612
4472,379036.67,1,0.33649131655693054,0.4524223804473877,0.15745,0.3161002993583679,14.325,-0.173,-0.755,92.248,1.01499
4473,379121.67,1,0.5787146687507629,0.6079843044281006,0.07056,0.31342485547065735,14.246,-0.033,-0.652,92.354,1.01507
4474,379205.0,1,0.5094226598739624,0.5873161554336548,0.10571,0.26025843620300293,13.948,0.007,-0.536,92.271,1.01488
4475,379288.33,1,0.4437723457813263,0.5703402757644653,0.12372,0.25632476806640625,13.772,0.055,-0.534,92.57,1.01541
4476,379373.33,1,0.3489513695240021,0.4688858091831207,0.16264,0.3069041073322296,13.627,0.098,-0.619,92.694,1.01575
4477,379456.67,1,0.45324304699897766,0.5397743582725525,0.11969,0.3385719656944275,13.129,0.047,-0.515,93.059,1.0174
4478,379540.0,1,0.4932415187358856,0.5992361307144165,0.09421,0.34822067618370056,12.905,0.092,-0.49,92.976,1.01774
4479,379625.0,1,0.5484253168106079,0.6353994607925415,0.06904,0.3848104774951935,12.5,-0.013,-0.391,92.785,1.01631
4480,379708.33,1,0.4493368864059448,0.5752410888671875,0.09885,0.3220340311527252,12.022,-0.093,-0.156,92.546,1.01544
4481,379791.67,1,0.25521019101142883,0.372106671333313,0.19782,0.31703102588653564,11.912,-0.136,0.106,92.4,1.01494
4482,379875.0,1,0.24702689051628113,0.31643158197402954,0.22066,0.35271185636520386,12.791,-0.442,0.167,92.287,1.01458
4483,379960.0,1,0.1817074716091156,0.220916286110878,0.26453,0.6293156147003174,13.811,-0.923,0.819,92.36,1.01508
4484,380043.33,1,0.16288885474205017,0.20742319524288177,0.27618,0.7594558000564575,14.643,-0.772,0.333,92.281,1.01451
4485,380126.67,1,0.2053660899400711,0.3907181918621063,0.21834,0.6808252334594727,14.48,-0.677,-0.846,92.052,1.01605
4486,380211.67,1,0.29311060905456543,0.4069232642650604,0.18886,0.5598407983779907,14.8,-0.774,-0.58,91.853,1.01581
4487,380295.0,1,0.360513299703598,0.38000258803367615,0.17845,0.41493749618530273,14.994,-0.873,-0.155,91.82,1.01711
4488,380378.33,1,0.36002233624458313,0.3681669235229492,0.18363,0.3739710748195648,15.146,-0.961,-0.024,93.58,1.01917
4489,380463.33,1,0.32061415910720825,0.35797107219696045,0.19234,0.3654766082763672,15.173,-1.095,0.016,97.546,1.02329
4490,380546.67,1,0.2965008020401001,0.3296828866004944,0.20545,0.3508284389972687,15.141,-1.091,0.011,98.207,1.02376
4491,380630.0,1,0.28268250823020935,0.3265739381313324,0.21135,0.37569981813430786,14.984,-1.089,0.035,98.488,1.02439
4492,380713.33,1,0.2857891917228699,0.33051982522010803,0.20883,0.3786230981349945,14.846,-1.178,0.029,98.438,1.02473
4493,380798.33,1,0.23216454684734344,0.29254868626594543,0.23643,0.33133071660995483,14.491,-1.22,-0.101,98.474,1.02396
4494,380881.67,1,0.20771300792694092,0.25833860039711,0.25306,0.3126370310783386,13.669,-1.136,-0.035,98.431,1.02321
4495,380965.0,1,0.21555423736572266,0.28501492738723755,0.24564,0.34460434317588806,13.359,-1.071,0.16,98.481,1.0228
4496,381050.0,1,0.21715904772281647,0.32251977920532227,0.23654,0.4068681001663208,13.88,-1.222,0.385,98.349,1.02327
4497,381133.33,1,0.2358258068561554,0.29740631580352783,0.23155,0.39179152250289917,13.97,-1.225,0.651,98.275,1.02354
4498,381216.67,1,0.23168398439884186,0.29467758536338806,0.23564,0.3716146945953369,13.895,-1.197,0.666,98.212,1.02336
4499,381301.67,1,0.210752472281456,0.23618675768375397,0.2563,0.35854634642601013,13.286,-1.043,0.636,98.033,1.02318
4500,381385.0,1,0.23016150295734406,0.2762066125869751,0.23973,0.3824846148490906,13.059,-1.025,0.619,97.913,1.02292
4501,381468.33,1,0.23505693674087524,0.28149470686912537,0.23749,0.3814644515514374,13.09,-0.989,0.676,97.941,1.02231
4502,381551.67,1,0.2200997918844223,0.2604864239692688,0.24888,0.35157158970832825,12.921,-0.918,0.732,97.882,1.02157
4503,381636.67,1,0.2056477665901184,0.22320055961608887,0.2654,0.33273762464523315,12.313,-0.865,0.757,97.845,1.02194
4504,381720.0,1,0.21009410917758942,0.23732595145702362,0.26222,0.31984275579452515,12.256,-0.824,0.64,97.898,1.02248
4505,381803.33,1,0.2158317118883133,0.23732197284698486,0.25989,0.3503912389278412,12.601,-0.749,0.661,97.906,1.02244
4506,381888.33,1,0.21315336227416992,0.2371179163455963,0.2618,0.32927045226097107,12.585,-0.657,0.622,97.895,1.02223
4507,381971.67,1,0.19126510620117188,0.21637046337127686,0.27546,0.3239499628543854,12.327,-0.618,0.509,97.87,1.02138
4508,382055.0,1,0.17158156633377075,0.21132424473762512,0.27942,0.3386904299259186,12.277,-0.64,0.485,97.865,1.02149
4509,382140.0,1,0.17302924394607544,0.2107386291027069,0.27714,0.3545632064342499,12.328,-0.743,0.514,97.959,1.02165
4510,382223.33,1,0.1716369241476059,0.20443475246429443,0.27846,0.3799583911895752,12.351,-0.661,0.541,97.911,1.02167
4511,382306.67,1,0.1515217423439026,0.18476292490959167,0.29012,0.3976594805717468,12.135,-0.393,0.59,97.811,1.02153
4512,382390.0,1,0.1386803388595581,0.16948837041854858,0.29707,0.400145024061203,11.909,-0.362,0.664,97.623,1.02159
4513,382475.0,1,0.14495815336704254,0.1759808361530304,0.29521,0.38162946701049805,11.724,-0.289,0.695,97.613,1.02126
4514,382558.33,1,0.14844529330730438,0.17991022765636444,0.29404,0.3616962134838104,11.717,-0.25,0.71,97.578,1.02071
4515,382641.67,1,0.1556462049484253,0.19062849879264832,0.28945,0.3536094129085541,11.303,-0.267,0.614,97.618,1.02105
4516,382726.67,1,0.1664889007806778,0.19951720535755157,0.28796,0.3406934440135956,11.264,-0.219,0.626,97.642,1.02121
4517,382810.0,1,0.16716106235980988,0.205375537276268,0.2875,0.34486639499664307,11.3,-0.224,0.584,97.703,1.02122
4518,382893.33,1,0.17324647307395935,0.20620299875736237,0.2879,0.35254234075546265,11.308,-0.26,0.621,97.773,1.02117
4519,382978.33,1,0.5128781795501709,0.5766882300376892,0.10618,0.3479117751121521,11.348,-0.208,0.722,97.936,1.02098
4520,383061.67,1,0.43496590852737427,0.5079623460769653,0.12749,0.3433324992656708,11.377,-0.257,0.772,97.899,1.02087
4521,383145.0,1,0.3652374744415283,0.3840794265270233,0.17996,0.361766517162323,11.356,-0.365,0.837,97.906,1.02068
4522,383235.0,1,0.30322715640068054,0.33106353878974915,0.21056,0.31998100876808167,11.483,-0.709,0.747,98.222,1.02415
4523,383326.67,1,0.27242693305015564,0.31838083267211914,0.22492,0.3098408579826355,11.556,-1.334,0.447,98.476,1.02614
4524,383416.67,1,0.2530602812767029,0.29677489399909973,0.23556,0.28073880076408386,11.519,-2.02,0.246,98.454,1.02709
4525,383506.67,1,0.23289254307746887,0.27428972721099854,0.24157,0.30913200974464417,11.424,-2.345,0.074,98.564,1.02781
4526,383596.67,1,0.2162652313709259,0.24282610416412354,0.25092,0.30205193161964417,11.636,-2.409,0.077,98.579,1.02769
4527,383688.33,1,0.20866215229034424,0.23724551498889923,0.25371,0.29773184657096863,11.662,-2.297,0.114,98.629,1.02768
4528,383778.33,1,0.20247392356395721,0.23444941639900208,0.25561,0.29353561997413635,11.741,-2.2,0.11,98.576,1.02805
4529,383868.33,1,0.1933460384607315,0.23005720973014832,0.25684,0.2892903685569763,11.79,-2.149,0.085,98.57,1.02791
4530,383958.33,1,0.19103606045246124,0.22726218402385712,0.25598,0.28640225529670715,11.795,-2.124,0.084,98.537,1.02729
4531,384050.0,1,0.4643990695476532,0.512516975402832,0.12347,0.2970486879348755,11.546,-1.878,0.116,98.693,1.02715
4532,384140.0,1,0.5426144599914551,0.5522130727767944,0.09709,0.29168784618377686,11.496,-1.77,0.052,98.586,1.02746
4533,384230.0,1,0.4099249839782715,0.4932977557182312,0.13311,0.27463728189468384,11.605,-1.689,0.11,98.523,1.02777
4534,384320.0,1,0.5859422087669373,0.6348025798797607,0.06655,0.24987104535102844,12.439,-1.442,0.282,98.501,1.02871
4535,384411.67,1,0.6054476499557495,0.6086300611495972,0.06762,0.2500300109386444,12.779,-1.36,0.337,98.516,1.02821
4536,384501.67,1,0.38974007964134216,0.46136531233787537,0.15327,0.281046986579895,12.683,-1.438,0.31,98.382,1.0288
4537,384591.67,1,0.20874786376953125,0.24403789639472961,0.25178,0.25948694348335266,12.647,-1.317,0.285,98.415,1.02833
4538,384681.67,1,0.14563116431236267,0.1777513027191162,0.29433,0.2969570457935333,12.653,-1.21,0.371,98.336,1.02919
4539,384771.67,1,0.13123492896556854,0.16039347648620605,0.30397,0.3029199540615082,12.508,-1.142,0.388,98.297,1.02822
4540,384863.33,1,0.12449386715888977,0.15764279663562775,0.3075,0.2917712330818176,12.395,-1.034,0.419,98.14,1.02821
4541,384953.33,1,0.1261768341064453,0.1594916731119156,0.30713,0.29103580117225647,12.183,-0.996,0.421,98.165,1.02714
4542,385043.33,1,0.1250629723072052,0.15815407037734985,0.30806,0.29472124576568604,12.014,-0.937,0.422,98.041,1.02792
4543,385133.33,1,0.12881554663181305,0.16161055862903595,0.30705,0.3093537986278534,11.793,-0.872,0.413,98.067,1.02813
4544,385225.0,1,0.1326930671930313,0.1641511470079422,0.30561,0.31417474150657654,11.693,-0.796,0.385,97.955,1.02893
4545,385315.0,1,0.13300544023513794,0.16910682618618011,0.3048,0.33195924758911133,11.764,-0.614,0.294,98.019,1.02781
4546,385405.0,1,0.14389456808567047,0.19328463077545166,0.29049,0.38324859738349915,11.769,-0.35,0.094,97.97,1.02792
4547,385495.0,1,0.5586707592010498,0.6125980615615845,0.08982,0.377620667219162,11.706,-0.3,-0.218,98.201,1.02775
4548,385586.67,1,0.4345391094684601,0.5284244418144226,0.13273,0.3744492530822754,11.489,-0.228,-0.249,98.078,1.0284
4549,385676.67,1,0.36374711990356445,0.45775505900382996,0.1668,0.3771851360797882,11.321,-0.172,-0.166,98.188,1.02804
4550,385766.67,1,0.271138072013855,0.3417225480079651,0.21702,0.3353784680366516,11.145,-0.141,-0.1,98.176,1.02845
4551,385856.67,1,0.2277604192495346,0.2637344002723694,0.24743,0.29583433270454407,11.253,-0.189,0.008,98.324,1.02765
4552,385948.33,1,0.21405811607837677,0.24340805411338806,0.2557,0.33416837453842163,11.334,-0.199,0.09,98.239,1.02814
4553,386038.33,1,0.21410483121871948,0.24056178331375122,0.2581,0.33919697999954224,11.382,-0.221,0.113,98.317,1.02799
4554,386128.33,1,0.20864084362983704,0.23289214074611664,0.26128,0.34918203949928284,11.434,-0.222,0.151,98.245,1.02808
4555,386218.33,1,0.20282256603240967,0.23323863744735718,0.26213,0.34965741634368896,11.472,-0.219,0.158,98.396,1.02769
4556,386310.0,1,0.19836199283599854,0.2316514402627945,0.26321,0.35330039262771606,11.444,-0.205,0.145,98.411,1.02838
4557,386400.0,1,0.18966498970985413,0.2286960333585739,0.26733,0.3490779399871826,11.409,-0.224,0.106,98.556,1.02774
4558,386490.0,1,0.18909136950969696,0.23153266310691833,0.26854,0.34243014454841614,11.454,-0.158,0.107,98.488,1.02841
4559,386580.0,1,0.1910455822944641,0.24106383323669434,0.26567,0.33432361483573914,11.416,-0.17,0.074,98.561,1.02875
4560,386671.67,1,0.1897883415222168,0.2398681342601776,0.2652,0.3349415361881256,11.441,-0.137,0.048,98.561,1.02969
4561,386761.67,1,0.18911869823932648,0.23949307203292847,0.26615,0.3338484764099121,11.425,-0.123,0.061,98.619,1.02855
4562,386851.67,1,0.18730761110782623,0.23674921691417694,0.2671,0.3312358260154724,11.411,-0.097,0.059,98.536,1.02807
4563,386941.67,1,0.18484996259212494,0.23305544257164001,0.26918,0.3296973407268524,11.408,-0.086,0.062,98.556,1.0286
4564,387031.67,1,0.18434809148311615,0.22502264380455017,0.26978,0.3307463526725769,11.398,-0.09,0.052,98.472,1.02858
4565,387123.33,1,0.18081748485565186,0.2122185379266739,0.27411,0.33094489574432373,11.317,-0.085,0.031,98.495,1.02775
4566,387213.33,1,0.18311507999897003,0.2212723046541214,0.27285,0.33287253975868225,11.341,-0.092,0.023,98.387,1.02828
4567,387303.33,1,0.186651349067688,0.22690936923027039,0.26991,0.3331077992916107,11.432,0.004,0.072,98.445,1.02872
4568,387393.33,1,0.19645923376083374,0.2359200417995453,0.2653,0.3548257350921631,11.393,0.009,0.09,98.384,1.02869
4569,387485.0,1,0.19440697133541107,0.23253554105758667,0.2643,0.3725946247577667,11.209,0.127,0.156,98.439,1.02784
4570,387575.0,1,0.1970733106136322,0.250537246465683,0.25861,0.37010008096694946,11.263,0.13,0.089,98.346,1.02762
4571,387665.0,1,0.19907787442207336,0.26401227712631226,0.25412,0.36395931243896484,11.383,0.165,0.098,98.387,1.02854
4572,387755.0,1,0.20030564069747925,0.26112422347068787,0.2548,0.3683108985424042,11.364,0.241,0.095,98.278,1.02882
4573,387846.67,1,0.1974244862794876,0.25330379605293274,0.25656,0.3672606647014618,11.3,0.32,0.061,98.341,1.02849
4574,387936.67,1,0.2001791000366211,0.25714367628097534,0.25496,0.3589647710323334,11.234,0.367,0.067,98.247,1.02856
4575,388026.67,1,0.5541880130767822,0.6070061326026917,0.08878,0.33211982250213623,11.302,0.382,0.077,98.402,1.02894
4576,388116.67,1,0.4933605492115021,0.5638558864593506,0.09959,0.3119020164012909,11.081,0.386,0.11,98.299,1.02847
4577,388208.33,1,0.3169463872909546,0.4303918182849884,0.16808,0.2627182900905609,11.031,0.376,0.135,98.346,1.02814
4578,388298.33,1,0.2676818370819092,0.34673336148262024,0.19941,0.2642603814601898,10.995,0.325,0.162,98.259,1.02827
4579,388388.33,1,0.24720913171768188,0.3263087272644043,0.2103,0.26288148760795593,11.036,0.283,0.174,98.305,1.02778
4580,388478.33,1,0.24047471582889557,0.32792729139328003,0.21253,0.3221438229084015,10.963,0.27,0.147,98.209,1.02884
4581,388570.0,1,0.5478975772857666,0.5913845300674438,0.08943,0.3559352457523346,11.507,0.234,0.108,98.325,1.02873
4582,388660.0,1,0.5864906311035156,0.6322228908538818,0.07267,0.37334102392196655,11.635,0.251,0.029,98.182,1.02898
4583,388750.0,1,0.4684464931488037,0.5699983835220337,0.10227,0.3902486264705658,11.383,0.244,0.024,98.241,1.02815
4584,388840.0,1,0.5168052911758423,0.5768038034439087,0.09003,0.5650153160095215,11.718,0.233,-0.054,98.361,1.02784
4585,388931.67,1,0.45795759558677673,0.5240428447723389,0.11685,0.6006993055343628,11.861,0.193,-0.213,98.719,1.02711
4586,389021.67,1,0.4788314700126648,0.5511535406112671,0.10747,0.6267549991607666,11.576,0.201,-0.46,99.125,1.02796
4587,389111.67,1,0.5581165552139282,0.6429821848869324,0.06968,0.6104211807250977,12.009,0.313,-0.474,99.455,1.0277
4588,389201.67,1,0.5264058113098145,0.6026799082756042,0.0871,0.6287829875946045,12.07,0.277,-0.574,99.482,1.02697
4589,389291.67,1,0.31701794266700745,0.3646298944950104,0.19445,0.6085666418075562,11.777,0.374,-0.682,99.334,1.02681
4590,389383.33,1,0.22265291213989258,0.2502487301826477,0.25579,0.5117164850234985,11.515,0.396,-0.663,99.087,1.02677
4591,389473.33,1,0.19081096351146698,0.21913008391857147,0.27477,0.5042675733566284,11.404,0.363,-0.586,99.038,1.02598
4592,389563.33,1,0.1881791055202484,0.19461274147033691,0.27724,0.5859357714653015,12.23,0.181,-0.452,98.782,1.02672
4593,389653.33,1,0.16845491528511047,0.19218812882900238,0.28114,0.5896852016448975,12.263,0.01,-0.219,98.431,1.02693
4594,389745.0,1,0.17030343413352966,0.19052653014659882,0.27753,0.5766093730926514,12.332,-0.225,0.084,98.13,1.02682
4595,389835.0,1,0.17979857325553894,0.1847229152917862,0.27851,0.5063848495483398,12.384,-0.315,0.356,97.93,1.02645
4596,389925.0,1,0.1760779470205307,0.18023137748241425,0.28139,0.4868326783180237,12.243,-0.501,0.421,97.85,1.0257
4597,390015.0,1,0.17091785371303558,0.17525020241737366,0.28224,0.46220600605010986,12.05,-0.543,0.481,97.86,1.02574
4598,390106.67,1,0.17789216339588165,0.17383094131946564,0.27776,0.4185871481895447,11.84,-0.644,0.505,97.842,1.02534
4599,390196.67,1,0.17969779670238495,0.17072200775146484,0.27435,0.3825870752334595,11.872,-1.384,0.568,97.999,1.0259
4600,390286.67,1,0.1778292953968048,0.17181003093719482,0.27112,0.37577319145202637,11.804,-2.174,0.507,97.983,1.02471
4601,390376.67,1,0.182470440864563,0.18136225640773773,0.26494,0.36699262261390686,11.857,-2.469,0.366,98.234,1.0248
4602,390468.33,1,0.1818746030330658,0.18485963344573975,0.26711,0.3531036674976349,11.78,-2.871,0.279,98.397,1.0247
4603,390558.33,1,0.17883701622486115,0.18529033660888672,0.26744,0.3404688239097595,11.71,-3.253,0.173,98.544,1.02421
4604,390648.33,1,0.17818763852119446,0.2074199616909027,0.26278,0.294989675283432,11.559,-3.706,-0.214,98.7,1.02322
4605,390738.33,1,0.18572095036506653,0.2617940604686737,0.24831,0.32587021589279175,10.704,-4.01,-1.061,98.248,1.02061
4606,390830.0,1,0.20027759671211243,0.28097832202911377,0.23933,0.3370663523674011,10.005,-3.963,-1.777,98.111,1.02024
4607,390920.0,1,0.1981351226568222,0.2709023952484131,0.25074,0.3325819671154022,9.882,-4.255,-2.181,98.413,1.02388
4608,391010.0,1,0.20596636831760406,0.2757412791252136,0.24454,0.30225640535354614,10.213,-4.239,-2.429,96.604,1.02568
4609,391100.0,1,0.19004300236701965,0.21125011146068573,0.26582,0.2728452980518341,10.076,-4.054,-2.972,93.456,1.02629
4610,391191.67,1,0.368663489818573,0.32598698139190674,0.18643,0.32591909170150757,10.176,-2.913,-2.909,89.578,1.02732
4611,391281.67,1,0.647263765335083,0.668782114982605,0.03992,0.20763568580150604,11.188,-5.384,-3.013,87.173,1.0245
4612,391371.67,1,0.6352847814559937,0.6895639300346375,0.03573,0.15379659831523895,11.71,-8.898,-3.88,86.169,1.0194
4613,391461.67,1,0.6377456188201904,0.6681051254272461,0.04359,0.20827969908714294,10.448,-10.026,-3.891,86.085,1.01616
4614,391551.67,1,0.6606311798095703,0.695224404335022,0.02698,0.18089531362056732,10.491,-9.696,-3.781,86.028,1.01488
4615,391643.33,1,0.6508660316467285,0.6924247145652771,0.03398,0.25871360301971436,10.463,-9.867,-3.696,86.132,1.01371
4616,391733.33,1,0.5833449363708496,0.6516153812408447,0.05004,0.25791436433792114,9.187,-8.946,-2.914,86.405,1.01373
4617,391823.33,1,0.436443954706192,0.48625871539115906,0.12323,0.22219981253147125,9.552,-9.098,-3.26,87.477,1.01356
4618,391913.33,1,0.34415051341056824,0.39946433901786804,0.16758,0.21778379380702972,10.033,-9.262,-3.473,88.621,1.01397
4619,392005.0,1,0.3170118033885956,0.38574644923210144,0.18113,0.24356316030025482,9.945,-9.461,-3.622,88.843,1.01335
4620,392095.0,1,0.3069324195384979,0.37413352727890015,0.18255,0.20945827662944794,10.089,-9.61,-3.684,88.719,1.01174
4621,392185.0,1,0.2910487949848175,0.356204628944397,0.18952,0.1978296935558319,10.805,-9.766,-3.763,89.106,1.01222
4622,392275.0,1,0.2709346115589142,0.34902557730674744,0.19498,0.1703595519065857,11.392,-9.675,-3.944,89.203,1.01272
4623,392366.67,1,0.23802527785301208,0.300907701253891,0.21544,0.1836439073085785,11.596,-9.563,-4.093,89.498,1.0115
4624,392456.67,1,0.253951758146286,0.329506516456604,0.20829,0.1871667355298996,11.845,-9.533,-4.195,89.204,1.01079
4625,392546.67,1,0.2625826895236969,0.35256335139274597,0.19993,0.20285257697105408,11.591,-9.329,-4.055,89.004,1.01135
4626,392636.67,1,0.2589525878429413,0.3512042462825775,0.20238,0.2116789072751999,11.496,-9.249,-4.037,88.893,1.01199
4627,392728.33,1,0.257965624332428,0.3316131830215454,0.20767,0.21401679515838623,11.5,-9.097,-3.999,88.503,1.01149
4628,392818.33,1,0.2773415446281433,0.36343592405319214,0.19134,0.21829135715961456,11.608,-8.687,-4.0,88.023,1.01237
4629,392908.33,1,0.2865872383117676,0.35847771167755127,0.18501,0.19890780746936798,11.321,-8.58,-3.759,87.48,1.01253
4630,392998.33,1,0.2898654341697693,0.375491738319397,0.17551,0.22992269694805145,11.289,-8.399,-3.618,86.948,1.01191
4631,393090.0,1,0.28962433338165283,0.3766625225543976,0.17972,0.24227936565876007,11.447,-8.199,-3.517,86.391,1.01203
4632,393180.0,1,0.2953501343727112,0.39738479256629944,0.17364,0.263455331325531,11.593,-8.079,-3.517,85.759,1.01176
4633,393270.0,1,0.29375115036964417,0.39866504073143005,0.1741,0.2769736647605896,11.576,-8.034,-3.472,85.272,1.01245
4634,393360.0,1,0.29574814438819885,0.40450915694236755,0.17213,0.27555331587791443,11.593,-8.015,-3.447,84.86,1.0124
4635,393451.67,1,0.3277963101863861,0.419516921043396,0.15986,0.2823074162006378,11.812,-8.02,-3.357,84.633,1.01199
4636,393541.67,1,0.5773245096206665,0.6491237878799438,0.05826,0.2876117527484894,11.943,-7.903,-3.175,84.45,1.01177
4637,393631.67,1,0.610655665397644,0.6923425793647766,0.03842,0.287080854177475,12.195,-8.15,-3.115,84.374,1.01251
4638,393721.67,1,0.5748674273490906,0.6559625864028931,0.04762,0.2767682373523712,12.568,-8.42,-3.219,84.32,1.01248
4639,393811.67,1,0.47437146306037903,0.6092047691345215,0.08118,0.2909323573112488,12.55,-8.446,-3.203,84.165,1.01248
4640,393903.33,1,0.477599561214447,0.5874351263046265,0.08372,0.30442869663238525,12.691,-8.479,-3.131,83.86,1.01175
4641,393993.33,1,0.5588299632072449,0.674458384513855,0.05002,0.32457277178764343,12.802,-8.6,-3.049,83.614,1.01108
4642,394083.33,1,0.5868083834648132,0.70479416847229,0.0407,0.32576000690460205,12.841,-8.729,-2.678,83.715,1.01139
4643,394173.33,1,0.5842909812927246,0.659285306930542,0.05057,0.30004963278770447,12.777,-9.195,-2.427,84.147,1.01139
4644,394258.33,1,0.5815432667732239,0.6112020015716553,0.06068,0.19165031611919403,13.134,-9.895,-2.237,84.11,1.00995
4645,394341.67,1,0.5958614945411682,0.6687451601028442,0.04322,0.1694764494895935,13.72,-10.304,-1.987,84.513,1.01069
4646,394425.0,1,0.4562627077102661,0.587262749671936,0.08474,0.1474573016166687,13.738,-10.641,-1.842,84.352,1.00945
4647,394508.33,1,0.2677948772907257,0.379509836435318,0.19128,0.12594130635261536,13.378,-10.357,-1.635,83.82,1.01868
4648,394591.67,1,0.22820402681827545,0.33274731040000916,0.21157,0.18437707424163818,13.076,-9.918,-1.479,83.976,1.02188
4649,394676.67,1,0.22631651163101196,0.2884775996208191,0.22107,0.1773110181093216,12.504,-9.462,-1.708,84.139,1.0243
4650,394760.0,1,0.23407171666622162,0.3047654926776886,0.20787,0.20920506119728088,12.388,-8.095,-2.038,84.198,1.02382
4651,394843.33,1,0.20619907975196838,0.3209346532821655,0.21195,0.21278011798858643,12.048,-7.657,-2.601,84.233,1.02454
4652,394926.67,1,0.36370524764060974,0.3463003933429718,0.15447,0.22518591582775116,11.57,-7.09,-3.246,84.032,1.02587
4653,395010.0,1,0.5950319766998291,0.5407758951187134,0.07529,0.2894376218318939,11.937,-6.612,-4.277,83.872,1.02714
4654,395093.33,1,0.6546370983123779,0.6128101348876953,0.04957,0.2772206962108612,12.509,-5.765,-4.966,83.849,1.02793
4655,395178.33,1,0.625731885433197,0.6305732727050781,0.05135,0.2829549312591553,12.676,-5.236,-5.836,83.835,1.02758
4656,395261.67,1,0.6371546983718872,0.6669368147850037,0.04215,0.29256975650787354,12.739,-4.295,-6.22,83.849,1.02615
4657,395345.0,1,0.6728452444076538,0.6828209161758423,0.03305,0.27712738513946533,12.374,-3.777,-6.507,83.846,1.02641
4658,395428.33,1,0.6797006130218506,0.68778395652771,0.03131,0.2596668303012848,12.091,-3.573,-6.602,83.817,1.02668
4659,395511.67,1,0.6716691255569458,0.6898702383041382,0.03437,0.23391757905483246,11.903,-3.469,-6.787,83.8,1.02747
4660,395596.67,1,0.6482108235359192,0.674402117729187,0.04328,0.22451531887054443,11.798,-3.255,-6.772,83.748,1.02808
4661,395680.0,1,0.638643741607666,0.6724014282226562,0.04569,0.22753818333148956,11.675,-2.948,-6.793,83.619,1.02746
4662,395763.33,1,0.642646312713623,0.6711164116859436,0.04422,0.21839019656181335,11.692,-2.919,-6.793,83.36,1.02689
4663,395846.67,1,0.6567819118499756,0.6662781238555908,0.03952,0.19084319472312927,11.452,-3.282,-6.736,83.164,1.02672
4664,395930.0,1,0.6355103850364685,0.65071702003479,0.04351,0.20913442969322205,11.596,-3.568,-6.565,82.945,1.0264
4665,396013.33,1,0.5714684724807739,0.6282550096511841,0.06069,0.2262537181377411,11.219,-3.688,-6.405,82.873,1.02582
4666,396098.33,1,0.4578785300254822,0.5739056468009949,0.0997,0.24322032928466797,11.265,-3.8,-6.154,82.803,1.02604
4667,396181.67,1,0.42429977655410767,0.5415153503417969,0.11587,0.23025009036064148,11.316,-3.915,-6.137,82.878,1.02657
4668,396265.0,1,0.36747801303863525,0.4795052707195282,0.14138,0.22756466269493103,11.385,-3.921,-6.098,82.856,1.02621
4669,396348.33,1,0.2941572964191437,0.382720023393631,0.18451,0.2193640172481537,11.377,-3.952,-6.066,82.808,1.02576
4670,396431.67,1,0.2654002606868744,0.35542789101600647,0.20527,0.21637794375419617,11.203,-4.074,-6.023,82.725,1.02627
4671,396515.0,1,0.2626763582229614,0.374796062707901,0.20098,0.22382959723472595,11.066,-4.191,-5.867,82.698,1.02583
4672,396600.0,1,0.25946053862571716,0.3640079200267792,0.2053,0.21174825727939606,11.084,-4.217,-5.655,82.697,1.02487
4673,396683.33,1,0.268952876329422,0.35372287034988403,0.2058,0.17996056377887726,11.116,-4.109,-5.526,82.745,1.02471
4674,396766.67,1,0.6169846653938293,0.6104595065116882,0.07022,0.1995958387851715,11.958,-3.773,-5.455,82.913,1.02558
4675,396850.0,1,0.5615553855895996,0.5845851898193359,0.0819,0.16355659067630768,12.358,-3.768,-5.349,83.052,1.02659
4676,396933.33,1,0.5308644771575928,0.4997309446334839,0.11512,0.18792836368083954,12.238,-3.808,-5.156,83.122,1.02776
4677,397018.33,1,0.26774170994758606,0.3291856050491333,0.21827,0.17236551642417908,12.094,-3.853,-5.243,83.294,1.02726
4678,397101.67,1,0.2198791652917862,0.2835700809955597,0.24854,0.1959633231163025,11.875,-3.816,-5.264,83.547,1.02623
4679,397185.0,1,0.19595958292484283,0.3258563280105591,0.24392,0.2651568651199341,12.391,-3.73,-5.424,84.016,1.02732
4680,397268.33,1,0.2119145542383194,0.33754590153694153,0.23238,0.254930317401886,12.779,-3.907,-5.35,85.664,1.0291
4681,397351.67,1,0.18649163842201233,0.263910174369812,0.25892,0.21929365396499634,12.463,-4.156,-5.489,89.364,1.03477
4682,397435.0,1,0.21396289765834808,0.32591456174850464,0.24515,0.16453421115875244,10.99,-4.455,-5.571,92.902,1.03957
4683,397520.0,1,0.20306754112243652,0.29036274552345276,0.25313,0.16317830979824066,10.076,-4.79,-5.594,95.06,1.03835
4684,397603.33,1,0.20454339683055878,0.28011414408683777,0.25708,0.17833413183689117,9.97,-4.776,-5.53,95.701,1.03578
4685,397686.67,1,0.21195386350154877,0.28652310371398926,0.2509,0.20634189248085022,9.763,-4.41,-5.691,98.202,1.03597
4686,397770.0,1,0.2098688930273056,0.31248682737350464,0.24095,0.23433825373649597,9.751,-4.047,-5.939,100.847,1.03409
4687,397853.33,1,0.22096744179725647,0.32526546716690063,0.23627,0.2610223591327667,9.721,-3.337,-5.932,102.18,1.03085
4688,397938.33,1,0.22873654961585999,0.31691357493400574,0.23874,0.2685782313346863,10.122,-2.293,-5.669,97.318,1.01072
4689,398021.67,1,0.23938070237636566,0.32858791947364807,0.22981,0.2894008159637451,10.406,-1.65,-5.498,97.284,1.01187
4690,398105.0,1,0.24217969179153442,0.3334803879261017,0.22745,0.2702963948249817,10.632,-1.239,-5.339,97.357,1.00715
4691,398188.33,1,0.2358299195766449,0.3479177951812744,0.22088,0.289773166179657,10.941,-1.167,-5.213,96.523,1.00304
4692,398271.67,1,0.5990639925003052,0.6493793725967407,0.07056,0.3043549954891205,11.804,-1.086,-5.094,95.169,1.00047
4693,398355.0,1,0.6193649768829346,0.6959240436553955,0.04924,0.32227635383605957,12.326,-1.106,-4.999,93.165,1.00062
4694,398440.0,1,0.4411678910255432,0.6445449590682983,0.09531,0.32566705346107483,12.734,-0.637,-4.329,91.944,1.00062
4695,398523.33,1,0.3255947232246399,0.5608536601066589,0.1423,0.34046033024787903,12.611,-0.275,-3.787,91.486,1.00221
4696,398606.67,1,0.2880636751651764,0.4903457760810852,0.16884,0.39372366666793823,11.858,0.062,-3.159,91.073,1.00317
4697,398690.0,1,0.48625287413597107,0.5834678411483765,0.10561,0.3771226406097412,11.719,0.037,-2.555,91.019,1.00658
4698,398773.33,1,0.6607747077941895,0.6708791255950928,0.05076,0.34886619448661804,11.56,0.029,-1.959,91.109,1.00844
4699,398858.33,1,0.5546639561653137,0.5878311991691589,0.08409,0.3021605312824249,12.087,-0.441,-1.382,91.533,1.01137
4700,398941.67,1,0.43227389454841614,0.4694758653640747,0.13259,0.2373543679714203,12.668,-1.511,-1.179,91.994,1.01378
4701,399025.0,1,0.3749620318412781,0.4238418638706207,0.1589,0.19040285050868988,12.779,-2.4,-1.2,92.538,1.01454
4702,399108.33,1,0.33145296573638916,0.3718245327472687,0.17764,0.1629868596792221,12.53,-2.8,-0.961,92.639,1.01401
4703,399191.67,1,0.2586641311645508,0.35459405183792114,0.19666,0.17038366198539734,11.894,-3.088,-0.879,92.638,1.014
4704,399275.0,1,0.2529214322566986,0.34799715876579285,0.20112,0.2017909288406372,11.697,-3.166,-0.849,92.575,1.01322
4705,399360.0,1,0.25128233432769775,0.34202709794044495,0.20614,0.18578484654426575,11.658,-3.133,-0.828,92.647,1.01378
4706,399443.33,1,0.23740865290164948,0.3341694474220276,0.2121,0.1816977560520172,11.706,-3.202,-0.73,92.544,1.01304
4707,399526.67,1,0.23633059859275818,0.3098960220813751,0.21871,0.1835736781358719,11.72,-3.159,-0.502,92.452,1.01367
4708,399610.0,1,0.2692107558250427,0.3215501010417938,0.20664,0.20458662509918213,11.85,-3.176,-0.433,92.28,1.01385
4709,399693.33,1,0.6118460297584534,0.5481089353561401,0.08109,0.22758066654205322,12.408,-2.918,-0.678,92.327,1.01533
4710,399778.33,1,0.6794652938842773,0.615266740322113,0.04811,0.19560782611370087,12.964,-2.867,-1.127,92.144,1.01625
4711,399861.67,1,0.695565938949585,0.6305863261222839,0.04222,0.19123709201812744,13.19,-2.845,-1.04,92.05,1.015
4712,399945.0,1,0.6433063745498657,0.6040830016136169,0.05689,0.2615787386894226,13.158,-2.545,-0.985,91.707,1.01426
4713,400028.33,1,0.5768036842346191,0.6286927461624146,0.06893,0.2677875757217407,13.398,-1.7,-0.831,91.146,1.01489
4714,400111.67,1,0.5475345849990845,0.6292623281478882,0.07532,0.3191840946674347,13.621,-0.675,0.159,90.438,1.01452
4715,400195.0,1,0.6255604028701782,0.6649623513221741,0.05456,0.346970796585083,12.963,0.391,1.179,90.022,1.0158
4716,400280.0,1,0.5094939470291138,0.6257787942886353,0.09009,0.4050464332103729,12.434,0.981,1.251,89.983,1.01452
4717,400363.33,1,0.5619659423828125,0.62489253282547,0.07859,0.40547189116477966,12.087,1.055,1.264,90.211,1.01478
4718,400446.67,1,0.5819840431213379,0.6207531094551086,0.07151,0.358756422996521,12.203,1.01,1.163,90.268,1.01616
4719,400530.0,1,0.4774732291698456,0.5076096653938293,0.11989,0.352512389421463,12.291,0.629,0.862,90.292,1.01643
4720,400613.33,1,0.3174484968185425,0.3655277490615845,0.1916,0.35393619537353516,12.267,0.152,0.405,90.353,1.01613
4721,400698.33,1,0.22117598354816437,0.2937158942222595,0.23445,0.36889803409576416,12.386,0.486,-0.149,90.44,1.01646
4722,400781.67,1,0.18480633199214935,0.2561086416244507,0.25176,0.4096182584762573,11.948,1.188,0.02,90.344,1.01672
4723,400865.0,1,0.17920605838298798,0.2536458373069763,0.25334,0.4220322072505951,11.786,1.331,-0.029,90.209,1.01752
4724,400948.33,1,0.1773475706577301,0.2597863972187042,0.25267,0.41356542706489563,11.795,1.483,-0.037,90.07,1.01722
4725,401031.67,1,0.17872948944568634,0.2688753306865692,0.25221,0.4232461452484131,11.896,1.51,-0.009,90.023,1.01673
4726,401115.0,1,0.17017348110675812,0.2631649971008301,0.25883,0.4071628749370575,11.941,1.607,0.0,89.983,1.01705
4727,401200.0,1,0.1549385040998459,0.23269084095954895,0.26922,0.43111833930015564,12.212,1.729,0.012,89.951,1.01739
4728,401283.33,1,0.1539672613143921,0.23893021047115326,0.27295,0.47025051712989807,12.624,1.962,0.14,89.863,1.01787
4729,401366.67,1,0.15138225257396698,0.23890277743339539,0.27726,0.49279624223709106,12.777,2.104,0.161,89.863,1.01875
4730,401450.0,1,0.14744241535663605,0.24183185398578644,0.27831,0.47222498059272766,13.062,2.143,0.017,89.791,1.0182
4731,401533.33,1,0.14466208219528198,0.22968091070652008,0.28618,0.46556249260902405,13.347,2.065,0.109,89.768,1.0176
4732,401616.67,1,0.15495333075523376,0.22094190120697021,0.28615,0.42954108119010925,13.302,1.906,0.231,89.729,1.0177
4733,401701.67,1,0.16143332421779633,0.2052912563085556,0.28919,0.4897473454475403,13.372,1.761,0.457,89.946,1.01829
4734,401785.0,1,0.5175480246543884,0.6021315455436707,0.10336,0.4502158761024475,13.3,1.665,0.504,90.127,1.01927
4735,401868.33,1,0.5849494934082031,0.5861585140228271,0.08347,0.40146929025650024,13.157,1.439,0.433,90.244,1.01895
4736,401951.67,1,0.4774661958217621,0.5108077526092529,0.12488,0.3794850707054138,13.096,1.37,0.391,90.252,1.01889
4737,402035.0,1,0.4167603552341461,0.46795356273651123,0.15342,0.3549318313598633,13.138,1.347,0.324,90.346,1.01935
4738,402120.0,1,0.3804585933685303,0.4432881474494934,0.1706,0.3606296479701996,13.253,1.417,0.257,90.319,1.01928
4739,402203.33,1,0.35678842663764954,0.4243260622024536,0.17917,0.35171449184417725,13.404,1.417,0.134,90.312,1.01838
4740,402286.67,1,0.6200686693191528,0.6323133111000061,0.07139,0.3668075203895569,13.78,1.486,0.174,90.321,1.01966
4741,402370.0,1,0.579161524772644,0.6056358814239502,0.0823,0.4037677049636841,14.017,1.364,0.04,90.448,1.02052
4742,402453.33,1,0.4449312090873718,0.531766414642334,0.12259,0.41884177923202515,14.295,1.259,0.01,90.334,1.02007
4743,402536.67,1,0.29451850056648254,0.39529791474342346,0.18955,0.3601338863372803,13.929,1.315,-0.058,90.331,1.02023
4744,402621.67,1,0.2592329680919647,0.36219632625579834,0.20974,0.3606700599193573,13.708,1.301,-0.082,90.255,1.02018
4745,402705.0,1,0.40358445048332214,0.4960627555847168,0.15011,0.3726753294467926,13.588,1.299,-0.085,90.303,1.02016
4746,402788.33,1,0.572956383228302,0.6066765785217285,0.08524,0.3807664215564728,13.651,1.312,-0.111,90.291,1.02016
4747,402871.67,1,0.4694705605506897,0.525445818901062,0.12535,0.38775089383125305,13.592,1.322,-0.121,90.284,1.01962
4748,402955.0,1,0.2858967185020447,0.35338860750198364,0.20746,0.39345934987068176,13.595,1.345,-0.101,90.191,1.01957
4749,403040.0,1,0.2029319703578949,0.23805265128612518,0.25476,0.4011705219745636,13.637,1.37,-0.077,90.257,1.0194
4750,403123.33,1,0.1814236342906952,0.2109537124633789,0.27079,0.40341663360595703,13.584,1.392,-0.051,90.178,1.02029
4751,403206.67,1,0.16439087688922882,0.19292162358760834,0.28134,0.39679378271102905,13.541,1.404,-0.012,90.212,1.01923
4752,403290.0,1,0.15932302176952362,0.18661102652549744,0.28545,0.3797783851623535,13.396,1.407,-0.004,90.125,1.01975
4753,403373.33,1,0.1530260592699051,0.17989128828048706,0.28943,0.37411659955978394,13.303,1.43,0.022,90.166,1.01939
4754,403456.67,1,0.15358994901180267,0.18007013201713562,0.28944,0.36487480998039246,13.229,1.436,0.042,90.082,1.02033
4755,403541.67,1,0.15313759446144104,0.17717738449573517,0.29007,0.36736994981765747,13.175,1.418,0.051,90.115,1.02025
4756,403625.0,1,0.15713629126548767,0.18171091377735138,0.28783,0.3622085750102997,13.126,1.401,0.062,90.053,1.02041
4757,403708.33,1,0.15752752125263214,0.18441273272037506,0.28571,0.35183560848236084,13.017,1.467,0.081,90.1,1.02023
4758,403791.67,1,0.1604091227054596,0.18772010505199432,0.28442,0.3547426760196686,12.989,1.502,0.112,89.988,1.02071
4759,403875.0,1,0.16613447666168213,0.19782142341136932,0.28106,0.35491183400154114,12.981,1.512,0.113,90.032,1.01998
4760,403960.0,1,0.17040079832077026,0.19778650999069214,0.27936,0.3531592786312103,12.951,1.537,0.13,89.914,1.02019
4761,404043.33,1,0.1571502834558487,0.19250530004501343,0.28676,0.3640047013759613,12.86,1.587,0.11,89.943,1.01934
4762,404126.67,1,0.1561136394739151,0.19653207063674927,0.28873,0.3618219792842865,12.814,1.588,0.09,89.833,1.02004
4763,404210.0,1,0.1588922142982483,0.19578048586845398,0.28858,0.3607240319252014,12.723,1.578,0.099,89.893,1.01965
4764,404293.33,1,0.1568334400653839,0.19470714032649994,0.28934,0.35540732741355896,12.668,1.604,0.115,89.797,1.0195
4765,404376.67,1,0.15468457341194153,0.18863698840141296,0.29113,0.3567569851875305,12.539,1.626,0.09,89.792,1.01899
4766,404461.67,1,0.15606965124607086,0.18664225935935974,0.29156,0.3546965718269348,12.527,1.639,0.098,89.672,1.01949
4767,404545.0,1,0.15669409930706024,0.18317897617816925,0.29221,0.3531551659107208,12.532,1.636,0.108,89.71,1.01941
4768,404628.33,1,0.1566620022058487,0.18140889704227448,0.292,0.35164543986320496,12.576,1.598,0.105,89.624,1.01995
4769,404711.67,1,0.15701231360435486,0.18155160546302795,0.29184,0.35360491275787354,12.554,1.601,0.114,89.594,1.01936
4770,404795.0,1,0.1591569483280182,0.18532714247703552,0.28956,0.3521728813648224,12.51,1.573,0.105,89.52,1.01917
4771,404878.33,1,0.16693493723869324,0.1922065168619156,0.2864,0.3495088815689087,12.495,1.531,0.132,89.605,1.01971
4772,404963.33,1,0.42140886187553406,0.5142908096313477,0.14595,0.39832720160484314,12.363,1.42,0.069,89.594,1.01974
4773,405046.67,1,0.5394190549850464,0.6185097694396973,0.08891,0.3961903750896454,12.504,1.298,0.005,89.651,1.01894
4774,405130.0,1,0.36685657501220703,0.432475745677948,0.17257,0.377254843711853,12.34,1.333,-0.1,89.499,1.01894
4775,405213.33,1,0.31518349051475525,0.4106273949146271,0.18714,0.35876134037971497,12.127,1.408,-0.162,89.555,1.01896
4776,405296.67,1,0.612045168876648,0.6605139970779419,0.06367,0.34202873706817627,12.09,1.355,-0.206,89.652,1.0194
4777,405381.67,1,0.5482122898101807,0.6169117093086243,0.0828,0.335502952337265,11.811,1.253,-0.257,89.71,1.01888
4778,405465.0,1,0.4931812882423401,0.5356998443603516,0.11465,0.32046014070510864,11.643,1.238,-0.24,89.648,1.01963
4779,405548.33,1,0.39929071068763733,0.4544285237789154,0.15391,0.33301037549972534,11.822,1.217,-0.154,89.77,1.01861
4780,405631.67,1,0.3740418255329132,0.4065748453140259,0.16995,0.35188424587249756,12.274,1.265,-0.055,89.717,1.01928
4781,405715.0,1,0.33608803153038025,0.3577514588832855,0.19133,0.3590736985206604,12.334,1.245,-0.041,89.824,1.01866
4782,405798.33,1,0.3172798156738281,0.3243754506111145,0.20486,0.353672593832016,12.366,1.211,-0.052,89.771,1.019
4783,405883.33,1,0.28457432985305786,0.31365475058555603,0.21581,0.3767319321632385,12.311,1.176,-0.08,89.907,1.01889
4784,405966.67,1,0.20325858891010284,0.23039162158966064,0.26149,0.3558707535266876,12.071,1.127,-0.042,89.729,1.01839
4785,406050.0,1,0.18351534008979797,0.21357448399066925,0.27562,0.342134565114975,11.922,1.072,-0.104,89.726,1.01746
4786,406133.33,1,0.1782388687133789,0.20888696610927582,0.28111,0.33005982637405396,11.9,1.044,-0.054,89.61,1.01756
4787,406216.67,1,0.1858053058385849,0.21477913856506348,0.27701,0.3363969624042511,11.968,1.001,0.038,89.677,1.01798
4788,406301.67,1,0.18380498886108398,0.21628065407276154,0.27792,0.33539867401123047,12.009,0.94,0.066,89.621,1.01756
4789,406385.0,1,0.18480300903320312,0.21269512176513672,0.2787,0.3350220322608948,11.996,0.915,0.086,89.668,1.01717
4790,406468.33,1,0.18388308584690094,0.20836259424686432,0.27935,0.3416875898838043,11.97,0.902,0.071,89.585,1.01711
4791,406551.67,1,0.2079405039548874,0.25002723932266235,0.25853,0.36093229055404663,11.848,0.849,0.08,89.668,1.01624
4792,406635.0,1,0.22050181031227112,0.271859347820282,0.2443,0.353799968957901,11.81,0.802,0.029,89.622,1.01721
4793,406718.33,1,0.23259347677230835,0.2877359092235565,0.23578,0.35985133051872253,11.875,0.716,-0.054,89.752,1.01734
4794,406803.33,1,0.23499073088169098,0.2895008623600006,0.23671,0.3392791450023651,11.987,0.667,-0.076,89.721,1.01776
4795,406886.67,1,0.23226644098758698,0.27957576513290405,0.23878,0.34060436487197876,11.991,0.666,-0.064,89.828,1.0183
4796,406970.0,1,0.22962398827075958,0.27583083510398865,0.24015,0.34507179260253906,12.042,0.631,-0.069,89.768,1.01835
4797,407053.33,1,0.2278601974248886,0.2750266194343567,0.24092,0.3450028598308563,12.056,0.613,-0.064,89.828,1.01817
4798,407136.67,1,0.2302953004837036,0.2784239649772644,0.23931,0.3372548520565033,12.046,0.635,-0.083,89.727,1.01795
4799,407221.67,1,0.21043601632118225,0.2397383451461792,0.25928,0.3568422496318817,11.987,0.672,-0.12,89.735,1.01804
4800,407305.0,1,0.1987600177526474,0.22279220819473267,0.26816,0.34443938732147217,11.995,0.672,-0.135,89.626,1.01746
4801,407388.33,1,0.31460461020469666,0.41274115443229675,0.19358,0.3639221489429474,11.711,0.722,-0.12,89.725,1.01755
4802,407471.67,1,0.4301835000514984,0.5268643498420715,0.13799,0.3766840994358063,11.628,0.761,-0.124,89.621,1.01826
4803,407555.0,1,0.24126176536083221,0.28576117753982544,0.23726,0.37984228134155273,11.514,0.806,-0.156,89.609,1.01663
4804,407638.33,1,0.13884088397026062,0.16414326429367065,0.29992,0.3774451017379761,11.565,0.808,-0.106,89.45,1.01719
4805,407723.33,1,0.13499681651592255,0.15937848389148712,0.30469,0.3695532977581024,11.386,0.824,-0.061,89.5,1.01578
4806,407806.67,1,0.13535283505916595,0.16181378066539764,0.3053,0.3772929608821869,11.34,0.86,-0.036,89.423,1.01668
4807,407890.0,1,0.13175758719444275,0.1582442671060562,0.30699,0.3761078417301178,11.34,0.844,-0.036,89.484,1.01638
4808,407973.33,1,0.13281090557575226,0.16000458598136902,0.30712,0.3779265284538269,11.349,0.84,-0.036,89.417,1.01688
4809,408056.67,1,0.13545168936252594,0.159471794962883,0.30626,0.3794168531894684,11.397,0.791,-0.061,89.388,1.01679
4810,408148.33,1,0.1331857442855835,0.15602047741413116,0.30621,0.37654179334640503,11.457,0.772,-0.092,88.493,1.02096
4811,408238.33,1,0.13244709372520447,0.16863667964935303,0.30757,0.35986149311065674,11.382,0.634,-0.217,87.901,1.02144
4812,408328.33,1,0.13900703191757202,0.18616661429405212,0.29632,0.35813382267951965,11.517,0.362,-0.532,87.802,1.02094
4813,408418.33,1,0.3833848834037781,0.45654192566871643,0.15531,0.41812393069267273,12.349,-0.084,-0.841,87.671,1.02053
4814,408508.33,1,0.5073424577713013,0.5915365219116211,0.09736,0.30201613903045654,14.758,-0.28,-0.972,87.938,1.02044
4815,408598.33,1,0.5029318928718567,0.5765017867088318,0.09876,0.34929612278938293,15.375,-0.465,-1.045,87.719,1.02022
4816,408690.0,1,0.5809430480003357,0.6038626432418823,0.07312,0.3085455000400543,15.676,-0.102,-1.445,87.299,1.01946
4817,408780.0,1,0.678516685962677,0.6421844959259033,0.05125,0.29490765929222107,15.652,0.025,-2.551,87.185,1.0203
4818,408870.0,1,0.6129698753356934,0.6294516324996948,0.06233,0.2554273009300232,16.328,-0.24,-3.876,87.048,1.02143
4819,408960.0,1,0.6057500839233398,0.6063988208770752,0.06859,0.22168229520320892,16.504,-0.215,-4.217,87.021,1.02155
4820,409050.0,1,0.58549964427948,0.6159666776657104,0.06847,0.23189321160316467,17.633,-0.123,-5.577,87.169,1.02293
4821,409141.67,1,0.5569061636924744,0.6077176332473755,0.07333,0.26654061675071716,18.444,0.495,-6.392,87.228,1.02696
4822,409231.67,1,0.5188683867454529,0.58906090259552,0.08703,0.2786133587360382,18.88,0.866,-6.521,86.916,1.02779
4823,409321.67,1,0.5548951625823975,0.6098542213439941,0.08201,0.28259775042533875,18.483,0.498,-6.684,86.672,1.02781
4824,409411.67,1,0.4086149036884308,0.473857045173645,0.14863,0.2444239854812622,17.352,-1.152,-6.713,86.172,1.02495
4825,409501.67,1,0.3249138593673706,0.43774107098579407,0.17323,0.3011007010936737,16.235,-1.664,-6.442,86.006,1.02395
4826,409591.67,1,0.3025064766407013,0.3872664272785187,0.18577,0.2953662574291229,15.505,-1.866,-6.389,86.094,1.02338
4827,409683.33,1,0.31484466791152954,0.36190110445022583,0.19195,0.2608914077281952,15.126,-1.934,-6.505,86.154,1.02323
4828,409773.33,1,0.29733145236968994,0.36820319294929504,0.19542,0.23712489008903503,15.191,-1.936,-6.51,86.017,1.02366
4829,409863.33,1,0.28972065448760986,0.3720971345901489,0.1987,0.21302908658981323,15.189,-1.721,-6.603,85.589,1.0237
4830,409953.33,1,0.298204630613327,0.37030306458473206,0.19439,0.19675323367118835,15.491,-1.293,-6.44,85.936,1.03274
4831,410043.33,1,0.4454463720321655,0.5119679570198059,0.11632,0.18378101289272308,15.933,-1.18,-5.947,91.098,1.07107
4832,410133.33,1,0.5729551315307617,0.6073639392852783,0.06754,0.2689181864261627,16.489,-1.645,-5.395,95.822,1.0843
4833,410225.0,1,0.5448347926139832,0.5471820831298828,0.0782,0.11986467242240906,15.937,-1.857,-5.401,97.654,1.08873
4834,410315.0,1,0.4579373300075531,0.5839227437973022,0.10179,0.040712520480155945,15.148,-1.282,-5.974,97.011,1.09007
4835,410405.0,1,0.5941488742828369,0.6493711471557617,0.05556,0.029000429436564445,14.496,-1.447,-5.137,96.161,1.0899
4836,410495.0,1,0.7714345455169678,0.6813241243362427,0.01966,0.004226382821798325,14.15,-3.095,-4.754,96.058,1.09014
4837,410585.0,1,0.7588796019554138,0.6644026041030884,0.04662,0.0016406540526077151,10.406,-6.656,-7.104,95.875,1.0905
4838,410676.67,1,0.7569180727005005,0.7447870373725891,0.05842,0.0013001208426430821,1.621,-8.757,-7.137,95.597,1.09078
4839,410766.67,1,0.664760410785675,0.7581268548965454,0.05968,0.002131350804120302,-0.212,-6.186,-5.173,95.736,1.08971
4840,410856.67,1,0.6724061965942383,0.8141890168190002,0.03164,0.02280782349407673,1.494,-6.914,-6.438,97.978,1.08707
4841,410946.67,1,0.6977428197860718,0.800182044506073,0.03665,0.028825625777244568,3.86,-7.392,-5.996,98.692,1.07835
4842,411036.67,1,0.7539722323417664,0.7985411882400513,0.03656,0.038437217473983765,7.463,-12.776,-7.129,97.616,1.07455
4843,411126.67,1,0.7217544913291931,0.779471218585968,0.022,0.07545080035924911,11.147,-13.643,-7.867,97.59,1.07517
4844,411218.33,1,0.4309729337692261,0.5775723457336426,0.1353,0.22693388164043427,12.589,-13.563,-7.856,97.372,1.07542
4845,411308.33,1,0.2521493136882782,0.3934839963912964,0.22524,0.0747392401099205,13.433,-13.336,-8.451,97.629,1.07486
4846,411398.33,1,0.26676368713378906,0.42098933458328247,0.20487,0.07797222584486008,14.53,-12.863,-8.836,97.512,1.07405
4847,411488.33,1,0.4267843961715698,0.5242477655410767,0.15039,0.05217187479138374,16.632,-13.338,-9.715,97.571,1.07487
4848,411578.33,1,0.6596912145614624,0.6933398246765137,0.05475,0.04746254161000252,18.611,-13.237,-10.604,98.085,1.07739
4849,411670.0,1,0.5567775964736938,0.6297441720962524,0.06628,0.08663603663444519,21.365,-10.806,-8.517,97.845,1.079
4850,411760.0,1,0.6549070477485657,0.5289504528045654,0.09008,0.1553000956773758,23.557,-5.968,-6.105,93.493,1.06878
4851,411850.0,1,0.5246626138687134,0.6065865755081177,0.11194,0.18273019790649414,22.314,-3.679,-3.685,87.188,1.04522
4852,411940.0,1,0.429316908121109,0.5593175292015076,0.13458,0.2973189353942871,20.387,0.109,-1.41,85.951,1.03301
4853,412030.0,1,0.25713279843330383,0.3158542811870575,0.25374,0.3294834494590759,15.284,2.209,-1.191,85.74,1.03246
4854,412120.0,1,0.16530828177928925,0.20522716641426086,0.29102,0.370556116104126,13.237,3.234,-1.417,85.898,1.03302
4855,412211.67,1,0.12665410339832306,0.16412028670310974,0.30667,0.39659613370895386,12.349,3.938,-1.603,86.179,1.03294
4856,412301.67,1,0.10592631995677948,0.15065407752990723,0.31315,0.3687264323234558,11.847,4.659,-1.731,86.216,1.03253
4857,412391.67,1,0.09033383429050446,0.13820138573646545,0.32133,0.3565979599952698,11.149,5.405,-1.599,86.385,1.03239
4858,412481.67,1,0.09172123670578003,0.1355191171169281,0.32777,0.31520918011665344,10.38,5.89,-1.552,86.632,1.0311
4859,412571.67,1,0.08101853728294373,0.12975478172302246,0.33539,0.2977624237537384,10.036,6.196,-1.344,86.985,1.03154
4860,412663.33,1,0.08500099182128906,0.13059236109256744,0.33477,0.3501570224761963,10.013,6.38,-1.301,87.646,1.03194
4861,412753.33,1,0.09233647584915161,0.13839322328567505,0.32797,0.3578680753707886,10.193,6.277,-0.976,88.155,1.03212
4862,412843.33,1,0.14788417518138885,0.32626864314079285,0.26127,0.3668663799762726,11.216,5.759,-0.703,88.712,1.03388
4863,412933.33,1,0.5615700483322144,0.7549067735671997,0.0685,0.3318766951560974,12.719,4.456,-0.755,89.118,1.03338
4864,413023.33,1,0.5881989598274231,0.7454060316085815,0.06647,0.3237820267677307,14.755,2.206,-0.94,89.145,1.03341
4865,413113.33,1,0.5347481966018677,0.6916102170944214,0.07482,0.3722006678581238,15.013,-0.178,-1.428,88.951,1.03252
4866,413205.0,1,0.24567387998104095,0.4433818459510803,0.2055,0.3678404986858368,14.643,-1.368,-1.772,88.584,1.03106
4867,413295.0,1,0.13362480700016022,0.20895540714263916,0.29694,0.432757705450058,13.197,-1.846,-1.695,88.643,1.0295
4868,413385.0,1,0.13581541180610657,0.20213566720485687,0.29239,0.4253424108028412,12.442,-2.551,-1.205,88.534,1.02685
4869,413475.0,1,0.13696874678134918,0.19796697795391083,0.29205,0.4043094217777252,12.107,-2.997,-0.543,88.426,1.02575
4870,413565.0,1,0.12934741377830505,0.18788428604602814,0.28986,0.3583696484565735,12.034,-3.31,-0.097,88.324,1.02563
4871,413655.0,1,0.1422135829925537,0.18329547345638275,0.29088,0.2916163504123688,11.417,-3.463,-0.174,88.523,1.02467
4872,413746.67,1,0.12145804613828659,0.1597786247730255,0.29895,0.3081548511981964,10.737,-3.886,0.199,88.646,1.02354
4873,413836.67,1,0.07378078252077103,0.11846252530813217,0.32275,0.2730768918991089,10.358,-3.609,0.825,88.976,1.0242
4874,413926.67,1,0.07506751269102097,0.11252974718809128,0.32461,0.29704952239990234,10.419,-3.213,1.313,88.959,1.02458
4875,414016.67,1,0.09457611292600632,0.10884995013475418,0.3193,0.3523976802825928,9.96,-2.533,1.754,89.046,1.0237
4876,414106.67,1,0.11663661897182465,0.1341269314289093,0.30867,0.3810408115386963,10.035,-2.275,1.827,88.878,1.0231
4877,414198.33,1,0.14462751150131226,0.19625766575336456,0.28626,0.4137871265411377,10.045,-2.205,1.777,88.767,1.02308
4878,414288.33,1,0.6188448667526245,0.6516098380088806,0.0656,0.3811735212802887,10.113,-2.38,1.753,88.739,1.02308
4879,414378.33,1,0.5339733362197876,0.6174461841583252,0.08198,0.3637957274913788,9.938,-2.767,1.46,88.7,1.02257
4880,414468.33,1,0.4365067481994629,0.5538620352745056,0.12113,0.33689624071121216,10.074,-3.258,1.174,88.447,1.02195
4881,414558.33,1,0.36942464113235474,0.49771758913993835,0.14922,0.30424460768699646,10.294,-3.598,0.902,88.162,1.02182
4882,414648.33,1,0.35394230484962463,0.4696789085865021,0.15752,0.28518447279930115,10.529,-3.946,0.535,87.851,1.0222
4883,414740.0,1,0.3490409553050995,0.4494544565677643,0.16166,0.27970847487449646,10.646,-4.216,0.197,87.597,1.02149
4884,414830.0,1,0.3441784083843231,0.44061464071273804,0.16393,0.27099308371543884,10.808,-4.365,-0.018,87.377,1.02188
4885,414920.0,1,0.3798123300075531,0.4372446537017822,0.16087,0.2855404317378998,11.333,-4.287,-0.167,87.696,1.03123
4886,415010.0,1,0.40818044543266296,0.44837555289268494,0.14947,0.2660280168056488,12.325,-3.852,-0.18,91.669,1.07956
4887,415100.0,1,0.45368391275405884,0.4431709349155426,0.13552,0.10285690426826477,12.519,-4.064,-0.637,90.132,1.08268
4888,415191.67,0,nan,nan,nan,nan,nan,nan,nan,89.191,1.08046
4889,415281.67,1,0.6336499452590942,0.23638297617435455,0.14755,0.27465757727622986,3.472,-5.565,0.143,89.848,1.08162
4890,415371.67,1,0.4259352385997772,0.4473230242729187,0.17119,0.2636803686618805,3.753,-5.07,0.595,88.587,1.08113
4891,415461.67,1,0.4452819228172302,0.6552690267562866,0.13399,0.14164873957633972,3.007,-4.558,0.301,86.653,1.07215
4892,415551.67,1,0.5166813135147095,0.7289516925811768,0.08244,0.024290988221764565,3.885,-4.63,3.246,85.932,1.06841
4893,415641.67,0,nan,nan,nan,nan,nan,nan,nan,86.189,1.07015
4894,415733.33,1,0.6289213299751282,0.51921546459198,0.10916,0.03510579839348793,11.004,-10.159,7.435,86.751,1.07101
4895,415823.33,1,0.9669574499130249,0.9606790542602539,0.18951,0.03322833776473999,6.221,-16.552,6.733,86.916,1.07384
4896,415913.33,1,0.3410736918449402,0.6017336845397949,0.1681,0.0012833073269575834,-1.765,-16.584,6.631,88.622,1.07694
4897,416003.33,1,0.7286168336868286,0.7043684720993042,0.14429,0.0009327049483545125,-3.365,-18.27,4.575,90.275,1.07609
4898,416093.33,1,0.6977048516273499,0.7073391079902649,0.01986,0.042148154228925705,14.989,-11.055,1.455,94.64,1.08491
4899,416185.0,1,0.7134456634521484,0.6100713014602661,0.05116,0.1500130295753479,14.789,-10.077,2.24,89.14,1.06436
4900,416275.0,1,0.41309893131256104,0.4178394675254822,0.14503,0.19536149501800537,14.931,-7.339,1.574,85.387,1.02417
4901,416365.0,1,0.2259046584367752,0.2753496766090393,0.24205,0.3223199248313904,12.981,-3.676,0.565,86.084,1.02166
4902,416455.0,1,0.16597768664360046,0.20409762859344482,0.27467,0.3696165382862091,11.313,-0.977,0.289,86.861,1.02042
4903,416545.0,1,0.49566420912742615,0.568330705165863,0.10847,0.39362916350364685,10.689,0.861,-0.319,87.652,1.02248
4904,416635.0,1,0.2734634280204773,0.40333905816078186,0.21072,0.4859037697315216,9.311,2.059,-0.877,88.313,1.02253
4905,416726.67,1,0.18702757358551025,0.21639829874038696,0.28332,0.4572848081588745,8.802,2.546,-1.043,88.655,1.0235
4906,416816.67,1,0.13615448772907257,0.17240174114704132,0.30738,0.43240147829055786,8.42,3.186,-0.964,88.43,1.02408
4907,416906.67,1,0.12697847187519073,0.17861014604568481,0.30263,0.5088525414466858,8.353,3.641,-0.584,88.451,1.02608
4908,416996.67,1,0.0838339552283287,0.12289047241210938,0.32314,0.48594433069229126,8.632,3.623,-0.466,88.072,1.02667
4909,417086.67,1,0.05461142584681511,0.09370852261781693,0.34256,0.4583994448184967,9.068,3.232,-0.145,87.564,1.02688
4910,417178.33,1,0.060300808399915695,0.1108163371682167,0.33546,0.47209522128105164,9.354,3.126,0.03,87.378,1.02565
4911,417268.33,1,0.06877938657999039,0.11783304810523987,0.329,0.459153413772583,9.336,3.083,-0.013,87.558,1.02586
4912,417358.33,1,0.07413095235824585,0.12248577922582626,0.3265,0.44692233204841614,9.455,3.033,-0.065,87.591,1.02692
4913,417448.33,1,0.15796731412410736,0.2401725798845291,0.2701,0.4571262300014496,10.279,2.359,-0.2,87.744,1.02715
4914,417538.33,1,0.40327244997024536,0.5602558851242065,0.14045,0.4781040549278259,11.178,1.22,-0.117,87.656,1.02781
4915,417628.33,1,0.34060052037239075,0.438198983669281,0.18957,0.48004424571990967,11.162,0.975,0.052,87.588,1.02646
4916,417720.0,1,0.2202996462583542,0.3089026212692261,0.2442,0.4687073528766632,11.019,0.765,0.162,87.521,1.02592
4917,417810.0,1,0.20050090551376343,0.28221622109413147,0.25922,0.46051403880119324,10.953,0.727,0.129,87.599,1.02633
4918,417900.0,1,0.5441174507141113,0.6213658452033997,0.10135,0.43141603469848633,10.94,0.548,0.218,87.603,1.02736
4919,417990.0,1,0.34172937273979187,0.42320337891578674,0.18832,0.44863298535346985,10.96,0.527,0.035,87.435,1.02703
4920,418080.0,1,0.13095302879810333,0.2052396833896637,0.27597,0.49767518043518066,10.925,0.457,0.072,87.26,1.02653
4921,418171.67,1,0.08740133792161942,0.1572365164756775,0.30471,0.5002381205558777,11.06,0.399,0.052,87.308,1.0257
4922,418261.67,1,0.07605709880590439,0.14194582402706146,0.31298,0.4941793382167816,11.27,0.419,0.049,87.201,1.02653
4923,418351.67,1,0.07147049903869629,0.1352342814207077,0.31842,0.47792041301727295,11.276,0.465,0.036,87.285,1.02582
4924,418441.67,1,0.069343701004982,0.13050253689289093,0.32229,0.4572831988334656,11.27,0.465,0.016,87.3,1.02634
4925,418531.67,1,0.07053054124116898,0.1283542960882187,0.32212,0.45364436507225037,11.354,0.444,0.023,87.474,1.02652
4926,418621.67,1,0.07238554209470749,0.1246354877948761,0.32341,0.44021862745285034,11.382,0.382,0.05,87.444,1.0262
4927,418713.33,1,0.06668680906295776,0.11589997261762619,0.32908,0.4075870215892792,11.486,0.283,0.13,87.619,1.02559
4928,418803.33,1,0.06690891832113266,0.1144161969423294,0.32649,0.38171976804733276,11.441,0.116,0.261,87.601,1.02582
4929,418893.33,1,0.06772250682115555,0.11305677145719528,0.32611,0.3773515820503235,11.361,-0.198,0.395,87.723,1.02478
4930,418983.33,1,0.06953457742929459,0.10899411886930466,0.3267,0.36153703927993774,11.632,-0.381,0.483,87.621,1.02551
4931,419073.33,1,0.07374414801597595,0.10893764346837997,0.32439,0.3512366712093353,11.459,-0.748,0.488,87.697,1.02454
4932,419156.67,1,0.08708707988262177,0.11392286419868469,0.31981,0.3256961703300476,11.462,-0.933,0.556,88.705,1.02425
4933,419241.67,1,0.10310092568397522,0.11978858709335327,0.31694,0.34347185492515564,11.425,-1.618,0.799,89.101,1.01946
4934,419325.0,1,0.09932203590869904,0.11782339960336685,0.31623,0.3287089765071869,11.324,-2.002,0.864,89.304,1.02455
4935,419408.33,1,0.11155787855386734,0.13053885102272034,0.31901,0.34061235189437866,11.209,-2.48,0.946,89.663,1.03194
4936,419491.67,1,0.058796476572752,0.07687471061944962,0.35518,0.31022945046424866,11.185,-2.651,0.832,89.751,1.03301
4937,419575.0,1,0.058833733201026917,0.07427124679088593,0.36872,0.2946653366088867,11.038,-3.022,0.934,89.894,1.03384
4938,419658.33,1,0.05837491527199745,0.0703684613108635,0.37489,0.30312633514404297,10.435,-3.248,0.971,89.826,1.03314
4939,419743.33,1,0.05885882303118706,0.06705816835165024,0.37818,0.2920532822608948,9.93,-3.186,1.22,89.893,1.03286
4940,419826.67,1,0.06791500002145767,0.07921313494443893,0.37171,0.32877570390701294,9.489,-3.231,1.04,89.785,1.03139
4941,419910.0,1,0.06413698941469193,0.07910136133432388,0.37155,0.36461013555526733,9.377,-3.254,1.129,89.721,1.03054
4942,419993.33,1,0.08689486980438232,0.09624213725328445,0.33338,0.3268905580043793,8.679,-3.545,1.262,89.463,1.03106
4943,420076.67,1,0.10512018203735352,0.1019967570900917,0.32204,0.2549971342086792,8.746,-3.855,1.582,89.323,1.03075
4944,420160.0,1,0.09906657785177231,0.09911263734102249,0.32956,0.21224559843540192,8.871,-4.423,1.672,89.259,1.03034
4945,420245.0,1,0.15629231929779053,0.14973023533821106,0.29711,0.21104900538921356,9.246,-4.905,1.741,89.248,1.02984
4946,420328.33,1,0.5130819082260132,0.533576488494873,0.10711,0.22765308618545532,10.05,-5.433,1.701,89.177,1.03006
4947,420411.67,1,0.34420710802078247,0.3460823595523834,0.19426,0.21013957262039185,10.324,-5.712,1.885,89.005,1.0305
4948,420495.0,1,0.3130080997943878,0.3183958828449249,0.20986,0.22263267636299133,10.317,-5.918,2.073,88.809,1.02979
4949,420578.33,1,0.6581509113311768,0.6014576554298401,0.06396,0.23680783808231354,10.289,-6.341,1.877,88.913,1.02971
4950,420661.67,1,0.5556851625442505,0.5276799201965332,0.10367,0.22814354300498962,10.189,-6.476,1.937,88.913,1.03033
4951,420745.0,1,0.5423139929771423,0.47502586245536804,0.12462,0.23993074893951416,10.396,-6.564,1.962,89.196,1.0303
4952,420830.0,1,0.5125699043273926,0.45993614196777344,0.14071,0.24201923608779907,10.673,-6.619,1.942,89.355,1.03071
4953,420913.33,1,0.4335533082485199,0.4051099121570587,0.16999,0.26078328490257263,10.925,-6.668,1.927,89.517,1.03113
4954,420996.67,1,0.3605653643608093,0.37958407402038574,0.19004,0.28282520174980164,11.049,-6.762,1.894,89.53,1.03148
4955,421080.0,1,0.36059126257896423,0.3742942214012146,0.19198,0.2968021035194397,11.035,-6.776,1.878,89.565,1.03128
4956,421163.33,1,0.3489173948764801,0.3848024308681488,0.19097,0.3027248978614807,10.951,-6.781,1.864,89.406,1.03007
4957,421246.67,1,0.35393908619880676,0.3938082754611969,0.18567,0.2820751965045929,11.03,-6.836,2.114,89.368,1.03037
4958,421331.67,1,0.20457488298416138,0.22574038803577423,0.25678,0.3288106918334961,10.881,-6.778,2.262,89.185,1.02998
4959,421415.0,1,0.12761715054512024,0.1261807084083557,0.30965,0.3333432972431183,11.04,-6.494,2.319,89.151,1.02976
4960,421498.33,1,0.10229267925024033,0.10480273514986038,0.32287,0.3272606432437897,11.068,-6.389,2.273,89.009,1.03005
4961,421581.67,1,0.10028822720050812,0.10592945665121078,0.32515,0.3259657025337219,10.896,-6.313,2.227,88.777,1.02981
4962,421665.0,1,0.10240303725004196,0.10527180135250092,0.32277,0.33382463455200195,10.641,-6.104,2.295,88.333,1.03012
4963,421748.33,1,0.0940704345703125,0.10082374513149261,0.32496,0.3437720835208893,10.602,-5.965,2.342,87.976,1.02887
4964,421833.33,1,0.09076657891273499,0.09432833641767502,0.32825,0.3506394922733307,10.453,-5.87,2.313,87.709,1.02799
4965,421916.67,1,0.08370982855558395,0.08969882875680923,0.33298,0.3371433913707733,10.367,-5.87,2.272,87.728,1.02791
4966,422000.0,1,0.0853719636797905,0.08369998633861542,0.33045,0.3446348309516907,10.361,-5.83,2.13,87.759,1.02864
4967,422083.33,1,0.07278618216514587,0.07750705629587173,0.32633,0.2979530394077301,10.417,-5.585,1.797,87.987,1.02895
4968,422166.67,1,0.07053874433040619,0.07810087502002716,0.32425,0.28455793857574463,10.44,-5.319,1.672,88.022,1.02927
4969,422250.0,1,0.06855902820825577,0.07942681014537811,0.32537,0.2765180170536041,10.529,-5.259,1.625,88.1,1.02945
4970,422335.0,1,0.06482848525047302,0.07924913614988327,0.32821,0.2912622094154358,10.554,-5.151,1.671,88.025,1.02932
4971,422418.33,1,0.0655243918299675,0.0792585089802742,0.32859,0.28074920177459717,10.758,-5.024,1.671,88.059,1.02977
4972,422501.67,1,0.06636950373649597,0.08432642370462418,0.32656,0.2756074368953705,10.928,-4.908,1.712,87.917,1.02989
4973,422585.0,1,0.06748107075691223,0.09108045697212219,0.32622,0.274375855922699,10.998,-4.966,1.773,87.917,1.02911
4974,422668.33,1,0.09687431901693344,0.11890151351690292,0.31723,0.2777682840824127,11.186,-5.122,1.827,87.835,1.02954
4975,422751.67,1,0.10261683911085129,0.12519444525241852,0.31672,0.27521976828575134,11.187,-5.174,1.816,87.923,1.02937
4976,422835.0,1,0.1107710748910904,0.13147063553333282,0.31701,0.2800237536430359,11.204,-5.134,1.756,87.919,1.0296
4977,422920.0,1,0.11486519128084183,0.13566097617149353,0.31767,0.28558629751205444,11.203,-5.111,1.694,88.045,1.02853
4978,423003.33,1,0.1562119424343109,0.20498833060264587,0.28615,0.28582412004470825,11.063,-5.206,1.808,88.096,1.02999
4979,423086.67,1,0.48244690895080566,0.5557140111923218,0.11989,0.3277597725391388,11.18,-5.214,1.62,88.262,1.03017
4980,423170.0,1,0.30008724331855774,0.2559351921081543,0.21299,0.4387597441673279,11.421,-5.19,1.445,88.291,1.03003
4981,423253.33,1,0.14854483306407928,0.13747292757034302,0.27884,0.5678602457046509,12.041,-5.253,1.52,88.476,1.02916
4982,423336.67,1,0.10125374048948288,0.10040558874607086,0.30524,0.5951411724090576,12.259,-5.26,1.499,88.466,1.02961
4983,423421.67,1,0.08113245666027069,0.08698758482933044,0.31682,0.593991219997406,12.318,-5.259,1.56,88.557,1.02971
4984,423505.0,1,0.07732179015874863,0.0829232782125473,0.32115,0.5950043201446533,12.386,-5.211,1.564,88.504,1.02972
4985,423588.33,1,0.07724499702453613,0.08289070427417755,0.32215,0.5892189145088196,12.394,-5.207,1.569,88.666,1.02911
4986,423671.67,1,0.637444257736206,0.5920153856277466,0.07939,0.6109178066253662,12.012,-5.2,1.605,88.925,1.03066
4987,423755.0,1,0.6879184246063232,0.6583839058876038,0.04915,0.5637601613998413,10.53,-5.348,1.519,88.974,1.03049
4988,423838.33,1,0.6560791730880737,0.6625365018844604,0.05137,0.5582971572875977,10.432,-5.344,1.395,88.825,1.03061
4989,423923.33,1,0.5862184762954712,0.6242994666099548,0.07037,0.5866686701774597,10.316,-5.274,1.553,88.786,1.03108
4990,424006.67,1,0.42712676525115967,0.5112699270248413,0.12526,0.508591890335083,10.195,-5.378,1.692,88.549,1.03079
4991,424090.0,1,0.34468722343444824,0.3949970602989197,0.17453,0.5087808966636658,10.327,-5.549,1.697,88.571,1.03033
4992,424173.33,1,0.30790314078330994,0.35337501764297485,0.19621,0.47477030754089355,10.698,-5.571,1.753,88.418,1.0316
4993,424256.67,1,0.31101131439208984,0.3529849946498871,0.19863,0.40066400170326233,10.924,-5.571,1.738,88.453,1.03095
4994,424340.0,1,0.30503204464912415,0.32905593514442444,0.20593,0.3627365529537201,10.945,-5.526,1.773,88.358,1.03061
4995,424425.0,1,0.30617082118988037,0.31521764397621155,0.20799,0.3666119873523712,11.008,-5.53,1.819,88.414,1.03042
4996,424508.33,1,0.30258387327194214,0.30527815222740173,0.21119,0.356423020362854,11.042,-5.5,1.812,88.309,1.03087
4997,424591.67,1,0.29879266023635864,0.30383047461509705,0.21145,0.3590065538883209,11.03,-5.5,1.806,88.409,1.03012
4998,424675.0,1,0.2958277463912964,0.30582815408706665,0.2118,0.34439119696617126,10.975,-5.484,1.778,88.345,1.03042
4999,424758.33,1,0.2968211770057678,0.306174099445343,0.21123,0.34412917494773865,11.008,-5.499,1.803,88.401,1.03038
5000,424841.67,1,0.30471789836883545,0.30692794919013977,0.21039,0.34496161341667175,11.028,-5.506,1.838,88.293,1.03015
5001,424925.0,1,0.39366281032562256,0.3903685212135315,0.16867,0.3407677710056305,11.051,-5.525,1.862,88.377,1.02969
5002,425010.0,1,0.725245475769043,0.6589614152908325,0.03466,0.32899826765060425,11.161,-5.61,1.778,88.341,1.03051
5003,425093.33,1,0.7550329566001892,0.6845338344573975,0.01944,0.3227517008781433,11.209,-5.635,1.705,88.408,1.03042
5004,425176.67,1,0.750293493270874,0.6674203872680664,0.02428,0.29877758026123047,11.295,-5.601,1.649,88.287,1.03056
5005,425260.0,1,0.5238432884216309,0.48807311058044434,0.10709,0.2896113693714142,11.258,-5.582,1.724,88.302,1.02992
5006,425343.33,1,0.3821786642074585,0.3683965504169464,0.16701,0.28402605652809143,11.19,-5.554,1.727,88.203,1.03058
5007,425426.67,1,0.33405759930610657,0.3435550928115845,0.18678,0.27580687403678894,11.113,-5.549,1.712,88.232,1.03006
5008,425511.67,1,0.3340230882167816,0.3399428129196167,0.19026,0.2823149561882019,11.021,-5.511,1.737,88.229,1.03053
5009,425595.0,1,0.3400418758392334,0.3437402546405792,0.18948,0.29071876406669617,11.058,-5.48,1.752,88.2,1.03031
5010,425678.33,1,0.3377760052680969,0.34464773535728455,0.19107,0.3134383261203766,11.072,-5.46,1.755,88.158,1.02968
5011,425761.67,1,0.34138011932373047,0.3463488221168518,0.19007,0.31745684146881104,11.105,-5.429,1.761,88.245,1.03015
5012,425845.0,1,0.3487514853477478,0.34708812832832336,0.18833,0.3155052959918976,11.136,-5.421,1.753,88.175,1.03067
5013,425928.33,1,0.3471469283103943,0.34588000178337097,0.19003,0.31105557084083557,11.151,-5.406,1.758,88.233,1.03008
5014,426013.33,1,0.3629831075668335,0.35430899262428284,0.18484,0.31091663241386414,11.135,-5.395,1.771,88.193,1.02988
5015,426096.67,1,0.3631041646003723,0.35449549555778503,0.18414,0.31129682064056396,11.185,-5.364,1.779,88.234,1.02974
5016,426180.0,1,0.3632962703704834,0.3552830219268799,0.1836,0.3103950321674347,11.203,-5.372,1.763,88.162,1.03009
5017,426263.33,1,0.3610280156135559,0.35926902294158936,0.18374,0.3076706528663635,11.171,-5.379,1.727,88.212,1.02935
5018,426346.67,1,0.3583686947822571,0.3571133017539978,0.18465,0.3079976737499237,11.22,-5.36,1.711,88.156,1.02998
5019,426430.0,1,0.35202035307884216,0.3567284345626831,0.18632,0.3070967495441437,11.183,-5.343,1.665,88.242,1.02973
5020,426515.0,1,0.34978699684143066,0.3580556809902191,0.18806,0.3029780089855194,11.097,-5.255,1.685,88.186,1.03062
5021,426598.33,1,0.3546743392944336,0.360664963722229,0.18611,0.29758769273757935,11.104,-5.262,1.666,88.133,1.02928
5022,426681.67,1,0.3556986451148987,0.36211737990379333,0.18585,0.2917376756668091,11.07,-5.215,1.682,88.008,1.02924
5023,426765.0,1,0.39257165789604187,0.40117424726486206,0.1658,0.2892299294471741,11.053,-5.217,1.677,88.146,1.02953
5024,426848.33,1,0.6961065530776978,0.6243408918380737,0.05473,0.28619876503944397,11.07,-5.205,1.601,88.177,1.03024
5025,426931.67,1,0.6630768775939941,0.630707859992981,0.0512,0.3007073402404785,11.189,-5.205,1.417,88.27,1.02995
5026,427015.0,1,0.32548248767852783,0.3883116543292999,0.18016,0.30633988976478577,11.133,-5.238,1.43,88.143,1.0299
5027,427100.0,1,0.22905755043029785,0.2570969760417938,0.2377,0.2974837124347687,11.039,-5.233,1.395,88.188,1.03026
5028,427183.33,1,0.20269587635993958,0.21589511632919312,0.25704,0.2959485650062561,11.004,-5.197,1.386,88.166,1.03025
5029,427266.67,1,0.1888674795627594,0.19056403636932373,0.26833,0.2977874279022217,11.005,-5.19,1.361,88.201,1.03026
5030,427350.0,1,0.18160630762577057,0.1903262734413147,0.27164,0.2951986789703369,10.981,-5.191,1.387,88.186,1.03014
5031,427433.33,1,0.16836708784103394,0.1786649227142334,0.2797,0.2825852632522583,10.918,-5.171,1.393,88.219,1.03005
5032,427516.67,1,0.16537533700466156,0.1763252168893814,0.28277,0.27753087878227234,10.869,-5.136,1.398,88.194,1.03011
5033,427601.67,1,0.16727478802204132,0.17668834328651428,0.2818,0.28192275762557983,10.881,-5.14,1.402,88.253,1.0302
5034,427685.0,1,0.2625240385532379,0.31451311707496643,0.21988,0.2781156599521637,10.737,-5.135,1.408,88.219,1.03071
5035,427768.33,1,0.5790767669677734,0.5633206367492676,0.08308,0.27385836839675903,10.93,-5.149,1.339,88.349,1.03053
5036,427851.67,1,0.2885652184486389,0.3069614768028259,0.20432,0.2656572163105011,10.852,-5.156,1.326,88.224,1.03084
5037,427935.0,1,0.18710929155349731,0.19199664890766144,0.26232,0.2593171000480652,10.738,-5.18,1.295,88.257,1.031
5038,428018.33,1,0.16479359567165375,0.1592598706483841,0.28165,0.2597692310810089,10.732,-5.172,1.286,88.192,1.03088
5039,428103.33,1,0.1511581391096115,0.15164239704608917,0.29042,0.26046037673950195,10.708,-5.154,1.29,88.165,1.03103
5040,428186.67,1,0.2799825072288513,0.3468210995197296,0.2024,0.2643200159072876,10.358,-5.134,1.415,88.217,1.03027
5041,428270.0,1,0.7394154071807861,0.7050988674163818,0.02427,0.23894411325454712,10.231,-5.166,1.336,88.408,1.03038
5042,428353.33,1,0.7635220885276794,0.7157108783721924,0.01592,0.23793485760688782,10.417,-5.24,1.23,88.337,1.03043
5043,428436.67,1,0.6905233860015869,0.661868691444397,0.03298,0.24276351928710938,10.619,-5.229,1.152,88.367,1.03077
5044,428520.0,1,0.5033230781555176,0.5203506946563721,0.09877,0.24729709327220917,10.716,-5.241,1.195,88.256,1.0308
5045,428605.0,1,0.3774395287036896,0.39298298954963684,0.15482,0.2566227614879608,10.746,-5.246,1.173,88.292,1.03108
5046,428688.33,1,0.29145726561546326,0.34155771136283875,0.19394,0.25885429978370667,10.741,-5.248,1.214,88.207,1.03109
5047,428771.67,1,0.27494657039642334,0.3288888931274414,0.20478,0.2591747045516968,10.72,-5.297,1.157,88.258,1.03038
5048,428855.0,1,0.2595885097980499,0.3037683069705963,0.21447,0.2600843012332916,10.706,-5.299,1.153,88.194,1.03083
5049,428938.33,1,0.24539850652217865,0.28977668285369873,0.22108,0.2624388635158539,10.699,-5.254,1.135,88.262,1.03021
5050,429021.67,1,0.24221757054328918,0.27963829040527344,0.22478,0.26022493839263916,10.717,-5.183,1.137,88.21,1.03145
5051,429105.0,1,0.23238444328308105,0.27407506108283997,0.22885,0.2589448094367981,10.681,-5.154,1.119,88.28,1.03084
5052,429190.0,1,0.2307060956954956,0.27078256011009216,0.23109,0.25761741399765015,10.626,-5.105,1.115,88.21,1.03113
5053,429273.33,1,0.24048778414726257,0.283596396446228,0.22595,0.25920456647872925,10.678,-5.099,1.131,88.221,1.03069
5054,429363.33,1,0.23939289152622223,0.2799506187438965,0.22708,0.25952044129371643,10.679,-5.109,1.143,87.139,1.01913
5055,429453.33,1,0.24466508626937866,0.29245853424072266,0.2254,0.25820648670196533,10.602,-5.156,1.135,86.802,1.01779
5056,429543.33,1,0.24844582378864288,0.2951186001300812,0.22568,0.2499011904001236,10.569,-5.134,1.156,86.577,1.01767
5057,429633.33,1,0.25899842381477356,0.30505767464637756,0.22082,0.24314895272254944,10.548,-5.118,1.182,86.477,1.0169
5058,429725.0,1,0.26645171642303467,0.3072584271430969,0.21855,0.23925544321537018,10.551,-5.122,1.217,86.357,1.01797
5059,429815.0,1,0.2612588405609131,0.30514922738075256,0.21991,0.23714974522590637,10.485,-5.12,1.222,86.291,1.01773
5060,429905.0,1,0.2593967020511627,0.3092747926712036,0.21914,0.2380702793598175,10.442,-5.105,1.223,86.221,1.01778
5061,429995.0,1,0.26371222734451294,0.3131800889968872,0.21702,0.23742862045764923,10.45,-5.093,1.214,86.174,1.01705
5062,430085.0,1,0.42044755816459656,0.42822811007499695,0.14892,0.23577158153057098,10.506,-5.064,1.212,86.165,1.01749
5063,430175.0,1,0.7120301127433777,0.6572339534759521,0.03769,0.23534394800662994,10.687,-5.096,1.148,86.226,1.01748
5064,430265.0,1,0.7289639115333557,0.6759047508239746,0.02535,0.23420196771621704,10.797,-5.064,1.106,86.195,1.01787
5065,430355.0,1,0.7425788640975952,0.6881234049797058,0.01862,0.2356170415878296,10.788,-5.075,1.069,86.187,1.01749
5066,430446.67,1,0.6870465278625488,0.6305490136146545,0.0394,0.23796217143535614,10.797,-5.107,1.084,86.127,1.01769
5067,430536.67,1,0.7355703115463257,0.6950992345809937,0.01723,0.27389243245124817,10.726,-5.095,1.05,86.194,1.01762
5068,430626.67,1,0.7593756318092346,0.7578415274620056,0.01718,0.4462839961051941,9.947,-5.515,0.866,86.268,1.01864
5069,430716.67,1,0.6721028089523315,0.6702781915664673,0.04152,0.4588189423084259,9.778,-5.841,0.864,86.312,1.01802
5070,430806.67,1,0.4928734302520752,0.5313823819160461,0.11764,0.5428744554519653,9.896,-5.898,0.915,86.169,1.01765
5071,430896.67,1,0.40021756291389465,0.42462775111198425,0.17083,0.5590910911560059,9.778,-5.944,1.143,86.132,1.01643
5072,430986.67,1,0.3716614842414856,0.4090513586997986,0.17951,0.5184630155563354,9.521,-5.955,1.141,86.018,1.01671
5073,431078.33,1,0.34233930706977844,0.3990045189857483,0.18674,0.4994114637374878,9.37,-5.931,1.207,86.042,1.01645
5074,431168.33,1,0.33488163352012634,0.38945022225379944,0.19192,0.47039029002189636,9.319,-5.846,1.237,85.955,1.01601
5075,431258.33,1,0.36506617069244385,0.44167375564575195,0.17029,0.461438924074173,9.17,-5.772,1.209,86.063,1.01618
5076,431348.33,1,0.6743822693824768,0.6319717168807983,0.05772,0.3934341073036194,9.305,-5.689,1.132,86.03,1.01708
5077,431438.33,1,0.6365602612495422,0.6086397767066956,0.06633,0.3598273992538452,9.466,-5.62,1.09,86.118,1.017
5078,431528.33,1,0.4924984574317932,0.4870556592941284,0.12162,0.354184091091156,9.492,-5.627,0.935,86.032,1.01742
5079,431618.33,1,0.4161418676376343,0.4283098578453064,0.15218,0.32217827439308167,9.491,-5.599,0.879,86.096,1.01649
5080,431710.0,1,0.345917284488678,0.37481629848480225,0.18283,0.3008486032485962,9.482,-5.575,0.742,85.983,1.01701
5081,431800.0,1,0.3404403030872345,0.3683127760887146,0.18236,0.2589506208896637,9.326,-5.518,0.587,86.049,1.01677
5082,431890.0,1,0.3186590373516083,0.37108346819877625,0.18566,0.2482157200574875,9.333,-5.344,0.501,86.057,1.01764
5083,431980.0,1,0.30949637293815613,0.3720674514770508,0.18865,0.24314069747924805,9.576,-5.197,0.446,86.461,1.01752
5084,432070.0,1,0.3042464852333069,0.3583402633666992,0.19288,0.24138490855693817,9.998,-5.062,0.404,86.602,1.01771
5085,432160.0,1,0.3013836741447449,0.35672804713249207,0.19398,0.23243750631809235,10.292,-5.073,0.33,86.836,1.01809
5086,432250.0,1,0.30325114727020264,0.3542061746120453,0.19545,0.2171851396560669,10.339,-5.075,0.32,86.798,1.01863
5087,432341.67,1,0.5932176113128662,0.5983592867851257,0.08102,0.2454848736524582,10.25,-5.192,0.313,86.89,1.01811
5088,432431.67,1,0.6020179986953735,0.5886587500572205,0.07641,0.28108346462249756,9.773,-5.358,0.15,86.823,1.01868
5089,432521.67,1,0.19892820715904236,0.22690105438232422,0.25516,0.25938886404037476,9.225,-5.25,0.206,86.789,1.01889
5090,432611.67,1,0.13866771757602692,0.1751856505870819,0.29557,0.22514915466308594,9.119,-5.148,0.314,86.563,1.01863
5091,432701.67,1,0.1235286295413971,0.15931646525859833,0.30668,0.22383791208267212,8.047,-4.809,0.451,85.643,1.02278
5092,432791.67,1,0.10724932700395584,0.15530900657176971,0.31434,0.28341418504714966,7.296,-4.457,0.352,85.028,1.02234
5093,432881.67,1,0.09091228246688843,0.1428540199995041,0.31667,0.2743828296661377,7.018,-3.748,0.643,84.211,1.0218
5094,432973.33,1,0.10670729726552963,0.15640200674533844,0.31176,0.3070009648799896,6.692,-2.6,0.87,83.262,1.01701
5095,433063.33,1,0.11788513511419296,0.15798074007034302,0.31172,0.3009266257286072,6.584,-1.847,0.643,81.951,1.0133
5096,433153.33,1,0.11714634299278259,0.15541373193264008,0.30641,0.2899104952812195,6.079,-1.324,0.826,80.123,1.01155
5097,433243.33,1,0.12366637587547302,0.14866535365581512,0.30452,0.28016600012779236,6.674,-0.861,1.072,78.725,1.01297
5098,433333.33,1,0.3779166042804718,0.38410550355911255,0.16828,0.32516220211982727,7.044,-1.521,1.407,76.985,1.01731
5099,433423.33,1,0.6288022398948669,0.6257226467132568,0.05606,0.25512024760246277,8.103,-2.248,1.445,75.457,1.02071
5100,433513.33,1,0.6088621616363525,0.6218011975288391,0.05887,0.20108048617839813,8.542,-3.154,0.878,74.798,1.02318
5101,433595.0,1,0.5824613571166992,0.6080809831619263,0.06489,0.22834114730358124,9.272,-3.732,0.881,79.805,1.02673
5102,433675.0,1,0.5726903676986694,0.5840977430343628,0.07554,0.22943834960460663,8.917,-3.801,0.602,80.82,1.02743
5103,433755.0,1,0.5316998958587646,0.5593174695968628,0.09334,0.23677362501621246,8.832,-3.724,0.491,81.97,1.02458
5104,433835.0,1,0.6327594518661499,0.6402010917663574,0.06174,0.23351353406906128,7.968,-3.094,0.338,82.346,1.02393
5105,433915.0,1,0.3976772427558899,0.43822187185287476,0.16023,0.2522815465927124,6.108,-2.029,0.478,82.513,1.02383
5106,433995.0,1,0.1450415551662445,0.19460433721542358,0.28865,0.28502050042152405,5.697,-1.44,0.49,86.35,1.02419
5107,434075.0,1,0.1119881123304367,0.15191766619682312,0.30687,0.32133811712265015,5.809,-1.142,0.315,87.537,1.0229
5108,434155.0,1,0.11411582678556442,0.15690556168556213,0.30474,0.3243570029735565,5.809,-1.116,0.322,87.996,1.02179
5109,434235.0,1,0.1251731812953949,0.1563892811536789,0.29928,0.33849745988845825,5.943,-1.029,0.318,88.301,1.02288
5110,434395.0,1,0.11843804270029068,0.15038977563381195,0.30051,0.38580232858657837,5.777,-0.728,0.399,88.413,1.0225
5111,434476.67,1,0.11269868910312653,0.14839965105056763,0.3001,0.33923131227493286,5.665,-0.57,0.344,88.673,1.02216
5112,434556.67,1,0.11473476886749268,0.1482333540916443,0.30148,0.3401179909706116,5.609,-0.55,0.404,88.645,1.02223
5113,434636.67,1,0.1237354427576065,0.15872643887996674,0.30042,0.3386527895927429,5.857,-0.672,0.359,88.71,1.0223
5114,434716.67,1,0.1263233870267868,0.16179180145263672,0.30418,0.32673749327659607,5.94,-0.724,0.385,88.757,1.02278
5115,434796.67,1,0.13092248141765594,0.16449107229709625,0.30507,0.2955177128314972,5.682,-0.73,0.345,88.763,1.02198
5116,434876.67,1,0.13397404551506042,0.16537638008594513,0.30621,0.28547200560569763,5.42,-0.878,0.267,88.677,1.02127
5117,434956.67,1,0.12788720428943634,0.16941291093826294,0.30761,0.249659925699234,5.151,-1.119,0.121,88.939,1.02138
5118,435036.67,1,0.13426177203655243,0.1764729768037796,0.30576,0.25632888078689575,5.181,-1.326,-0.268,89.098,1.02014
5119,435116.67,1,0.13312770426273346,0.16859059035778046,0.30536,0.2605527937412262,5.297,-1.276,-0.426,88.95,1.01949
5120,435198.33,1,0.13560928404331207,0.1690877079963684,0.3009,0.25855037569999695,4.882,-1.059,-0.362,88.777,1.01822
5121,435278.33,1,0.12450394779443741,0.1563979834318161,0.30748,0.25428080558776855,4.355,-0.726,-0.32,88.774,1.01861
5122,435358.33,1,0.12241712212562561,0.1521165668964386,0.3101,0.24071042239665985,4.174,-0.574,-0.323,88.954,1.01787
5123,435438.33,1,0.12225046008825302,0.13485087454319,0.3198,0.2742016911506653,3.996,-0.407,-0.281,89.054,1.02065
5124,435518.33,1,0.08017487078905106,0.11013418436050415,0.33946,0.34910285472869873,3.625,-0.323,-0.367,89.066,1.02406
5125,435598.33,1,0.08901001513004303,0.1226019635796547,0.3338,0.34150996804237366,3.574,-0.379,-0.476,90.462,1.01636
5126,435678.33,1,0.5667902231216431,0.661662220954895,0.08236,0.36408552527427673,3.586,0.015,-0.335,91.614,1.01347
5127,435758.33,1,0.4335777759552002,0.5632649064064026,0.13434,0.3687571883201599,4.138,0.129,-0.293,91.786,1.01166
5128,435838.33,1,0.24957117438316345,0.35364603996276855,0.2375,0.37931469082832336,4.805,0.2,0.173,91.562,1.01134
5129,435918.33,1,0.1848209649324417,0.24426907300949097,0.28462,0.3251138925552368,5.606,0.611,0.347,91.164,1.00991
5130,435998.33,1,0.17274188995361328,0.2173558920621872,0.29105,0.3292839229106903,5.642,0.78,0.495,90.932,1.00819
5131,436080.0,1,0.1692056953907013,0.20729608833789825,0.29502,0.3190581798553467,5.657,0.731,0.387,91.02,1.00897
5132,436160.0,1,0.15195953845977783,0.1907089650630951,0.30199,0.3184628188610077,5.709,0.782,0.359,90.849,1.00772
5133,436240.0,1,0.1460365653038025,0.182969331741333,0.30357,0.3159772753715515,5.883,0.916,0.435,90.84,1.00689
5134,436320.0,1,0.14886298775672913,0.1792769432067871,0.3018,0.31520891189575195,5.934,1.037,0.421,90.667,1.00664
5135,436400.0,1,0.1494942158460617,0.18505962193012238,0.29961,0.3052709698677063,6.0,1.109,0.423,90.6,1.00728
5136,436480.0,1,0.15541057288646698,0.19663408398628235,0.29498,0.3041154444217682,6.007,1.193,0.452,90.51,1.00746
5137,436560.0,1,0.16754910349845886,0.21481625735759735,0.28886,0.3110902011394501,6.13,1.379,0.532,90.485,1.00724
5138,436640.0,1,0.17309324443340302,0.22244864702224731,0.28681,0.32151052355766296,6.104,1.443,0.492,90.424,1.00735
5139,436720.0,1,0.17124393582344055,0.22151851654052734,0.28722,0.31565380096435547,6.076,1.476,0.454,90.419,1.00767
5140,436801.67,1,0.16396254301071167,0.21699421107769012,0.28916,0.31066250801086426,6.186,1.506,0.4,90.379,1.00709
5141,436881.67,1,0.15793761610984802,0.2096075564622879,0.29192,0.3177907168865204,6.227,1.542,0.385,90.415,1.00686
5142,436961.67,1,0.1609426885843277,0.21257171034812927,0.29006,0.34985268115997314,6.333,1.524,0.384,90.377,1.00696
5143,437041.67,1,0.40968167781829834,0.5093523263931274,0.1538,0.34036579728126526,6.331,1.468,0.418,90.435,1.00758
5144,437121.67,1,0.6276432275772095,0.6818064451217651,0.06211,0.3080649971961975,6.363,1.468,0.302,90.462,1.00782
5145,437201.67,1,0.5168906450271606,0.6019312739372253,0.10036,0.31213468313217163,6.451,1.492,0.268,90.469,1.00777
5146,437281.67,1,0.3045218288898468,0.4027629792690277,0.19097,0.33332589268684387,6.396,1.496,0.106,90.427,1.00711
5147,437361.67,1,0.2123984545469284,0.3048005700111389,0.23868,0.35252857208251953,6.538,1.528,0.061,90.494,1.00698
5148,437441.67,1,0.18942710757255554,0.2666674256324768,0.26188,0.4500332474708557,7.065,1.545,0.005,90.576,1.00703
5149,437521.67,1,0.17278534173965454,0.23658053576946259,0.27794,0.542486310005188,7.309,1.672,0.04,90.673,1.00684
5150,437601.67,1,0.16264791786670685,0.22825944423675537,0.28678,0.4870143532752991,7.335,1.715,0.062,90.693,1.00692
5151,437683.33,1,0.1543337106704712,0.22209446132183075,0.29226,0.46441781520843506,7.287,1.821,0.058,90.756,1.00717
5152,437763.33,1,0.15047712624073029,0.21498540043830872,0.29514,0.4509553015232086,7.203,1.873,0.09,90.72,1.00636
5153,437843.33,1,0.1514083594083786,0.2162332385778427,0.29621,0.43748658895492554,7.093,1.904,0.101,90.717,1.00632
5154,437923.33,1,0.1484946459531784,0.211959108710289,0.29723,0.4359300434589386,7.045,1.94,0.109,90.676,1.00618
5155,438003.33,1,0.14979039132595062,0.21175695955753326,0.29713,0.42592111229896545,6.961,2.001,0.101,90.654,1.00625
5156,438083.33,1,0.5564432144165039,0.62982177734375,0.09661,0.40418630838394165,6.653,1.949,0.106,90.693,1.00689
5157,438163.33,1,0.5186312198638916,0.6043351292610168,0.10693,0.3877665400505066,6.588,1.907,0.1,90.686,1.00666
5158,438243.33,1,0.3637101352214813,0.4144015610218048,0.19077,0.3929014205932617,6.604,1.914,0.041,90.588,1.00661
5159,438323.33,1,0.24979251623153687,0.2841140031814575,0.2472,0.38301941752433777,6.677,1.948,0.014,90.545,1.00647
5160,438405.0,1,0.19599224627017975,0.23116622865200043,0.27135,0.38149628043174744,6.819,2.046,0.081,90.507,1.00747
5161,438485.0,1,0.17444093525409698,0.20989762246608734,0.28352,0.38750118017196655,6.827,2.056,0.089,90.669,1.00797
5162,438565.0,1,0.15983536839485168,0.19516615569591522,0.29063,0.38899895548820496,6.815,2.021,0.071,89.48,1.0065
5163,438645.0,1,0.160257950425148,0.19587966799736023,0.29036,0.39089134335517883,6.806,1.954,0.025,87.576,1.00417
5164,438725.0,1,0.15991324186325073,0.19773179292678833,0.29031,0.3844304084777832,6.794,1.883,-0.012,86.676,1.00402
5165,438805.0,1,0.159255251288414,0.19757768511772156,0.2907,0.3845556378364563,6.821,1.879,-0.023,86.3,1.0033
5166,438885.0,1,0.16008979082107544,0.19755050539970398,0.29146,0.37615931034088135,6.84,1.897,-0.01,86.097,1.003
5167,438965.0,1,0.16307024657726288,0.19899016618728638,0.29083,0.37955242395401,6.955,1.924,-0.023,85.92,1.00224
5168,439045.0,1,0.19106155633926392,0.22574318945407867,0.27861,0.3653143644332886,6.967,1.902,-0.119,85.792,1.00284
5169,439125.0,1,0.21357475221157074,0.24311187863349915,0.26258,0.36347725987434387,7.035,1.859,-0.192,85.705,1.0023
5170,439205.0,1,0.21845757961273193,0.25400325655937195,0.25453,0.35741543769836426,7.105,1.824,-0.172,85.602,1.00275
5171,439286.67,1,0.21117298305034637,0.25046080350875854,0.25401,0.3460982143878937,7.194,1.681,-0.121,85.569,1.00306
5172,439366.67,1,0.214177668094635,0.2654038965702057,0.24995,0.3409149944782257,7.319,1.52,-0.078,85.582,1.00433
5173,439446.67,1,0.21749146282672882,0.2665422558784485,0.24957,0.3480680286884308,7.32,1.328,-0.075,85.6,1.00387
5174,439526.67,1,0.22262582182884216,0.27710866928100586,0.24877,0.3518027067184448,7.276,1.193,-0.108,85.602,1.0028
5175,439606.67,1,0.22790060937404633,0.28693708777427673,0.24527,0.3567647337913513,7.258,1.082,-0.218,85.654,1.00334
5176,439686.67,1,0.572686493396759,0.617851734161377,0.08717,0.3195488750934601,7.583,0.881,-0.313,85.594,1.00431
5177,439766.67,1,0.5107468962669373,0.5842761397361755,0.10188,0.28203117847442627,7.56,0.637,-0.507,85.501,1.00298
5178,439846.67,1,0.1996951848268509,0.2685627043247223,0.2426,0.28798961639404297,7.283,0.549,-0.51,85.361,1.00374
5179,439926.67,1,0.13690385222434998,0.18811939656734467,0.28798,0.3021381199359894,7.542,0.674,-0.318,85.476,1.00376
5180,440008.33,1,0.1456833928823471,0.1897461861371994,0.2941,0.3212631046772003,7.778,0.852,-0.288,85.571,1.00315
5181,440088.33,1,0.14975672960281372,0.19642473757266998,0.29519,0.33430156111717224,7.966,1.087,-0.208,85.702,1.00337
5182,440168.33,1,0.15001671016216278,0.20278647541999817,0.29539,0.3426845669746399,7.96,1.186,-0.162,86.471,1.0046
5183,440248.33,1,0.14412632584571838,0.2023703008890152,0.29738,0.3526742160320282,7.928,1.115,-0.123,86.818,1.00543
5184,440328.33,1,0.14193090796470642,0.2028227299451828,0.29734,0.34997451305389404,7.922,1.114,-0.114,87.038,1.00518
5185,440408.33,1,0.13480888307094574,0.19376641511917114,0.30094,0.3502265214920044,7.704,1.068,-0.097,87.256,1.00537
5186,440488.33,1,0.13425737619400024,0.19589178264141083,0.30312,0.3567447066307068,7.642,1.116,-0.131,87.452,1.00565
5187,440568.33,1,0.12837117910385132,0.18994709849357605,0.30434,0.35132744908332825,7.526,1.219,-0.155,87.656,1.00612
5188,440648.33,1,0.13332711160182953,0.19232872128486633,0.30287,0.35675862431526184,7.464,1.304,-0.151,87.693,1.00569
5189,440728.33,1,0.14134854078292847,0.198869526386261,0.30015,0.36270150542259216,7.451,1.343,-0.223,87.635,1.00606
5190,440808.33,1,0.14516432583332062,0.1963655948638916,0.29926,0.35464248061180115,7.499,1.408,-0.252,87.408,1.00492
5191,440890.0,1,0.14812617003917694,0.19270603358745575,0.29865,0.34153714776039124,7.484,1.515,-0.363,87.348,1.00409
5192,440970.0,1,0.14474046230316162,0.19197127223014832,0.29656,0.3422919511795044,7.586,1.398,-0.391,87.301,1.00443
5193,441050.0,1,0.13657428324222565,0.18929480016231537,0.29662,0.29634538292884827,7.49,1.116,-0.393,87.497,1.00498
5194,441130.0,1,0.14018936455249786,0.19030311703681946,0.29627,0.2987816631793976,7.218,0.967,-0.315,87.636,1.00515
5195,441210.0,1,0.1353190690279007,0.1903877556324005,0.29646,0.30366599559783936,7.217,0.844,-0.266,87.744,1.00495
5196,441290.0,1,0.13553383946418762,0.1924344152212143,0.29605,0.2916918396949768,7.126,0.921,-0.105,87.941,1.00481
5197,441370.0,1,0.13389259576797485,0.20604035258293152,0.28828,0.3115834593772888,7.249,1.088,-0.291,88.418,1.00589
5198,441450.0,1,0.5678000450134277,0.6369479298591614,0.07307,0.2671842575073242,7.005,1.536,-0.281,88.61,1.00714
5199,441530.0,1,0.655612587928772,0.7065608501434326,0.03865,0.2676936686038971,7.158,1.68,-0.187,88.659,1.00813
5200,441611.67,1,0.6469824314117432,0.6887567043304443,0.04569,0.2545033097267151,7.259,1.906,-0.254,88.621,1.00788
5201,441691.67,1,0.6075850129127502,0.6604044437408447,0.06186,0.2530147433280945,7.074,2.168,-0.309,88.554,1.0078
5202,441771.67,1,0.6256237626075745,0.6757471561431885,0.05885,0.24580064415931702,7.033,2.162,-0.308,88.59,1.00793
5203,441851.67,1,0.592607855796814,0.6736934185028076,0.06705,0.23626385629177094,7.015,2.288,-0.35,88.494,1.00815
5204,441931.67,1,0.3274596035480499,0.4669456481933594,0.17589,0.24360816180706024,7.043,2.481,-0.259,87.966,1.0065
5205,442011.67,1,0.23037685453891754,0.34490129351615906,0.23561,0.25466859340667725,7.105,2.568,-0.19,87.746,1.00627
5206,442091.67,1,0.20121309161186218,0.2966073155403137,0.25608,0.26445692777633667,7.16,2.694,-0.22,87.651,1.00607
5207,442171.67,1,0.19016502797603607,0.2835371196269989,0.26211,0.27368825674057007,7.166,2.662,-0.198,89.376,1.00962
5208,442251.67,1,0.18762771785259247,0.2815679907798767,0.26593,0.2757059633731842,7.171,2.539,-0.156,90.896,1.01141
5209,442331.67,1,0.1784375160932541,0.2584168314933777,0.26989,0.2780262529850006,7.345,2.311,-0.003,90.811,1.01058
5210,442411.67,1,0.1726565808057785,0.24250152707099915,0.27515,0.3087577521800995,7.586,2.156,-0.06,87.822,1.00762
5211,442493.33,1,0.17228738963603973,0.23021872341632843,0.2799,0.3434491455554962,7.696,2.042,-0.01,87.102,1.00711
5212,442573.33,1,0.16933685541152954,0.22469499707221985,0.28327,0.3625958561897278,7.77,1.917,-0.037,86.879,1.00788
5213,442653.33,1,0.16633516550064087,0.2209291160106659,0.28531,0.36069178581237793,7.813,1.902,-0.016,86.747,1.00784
5214,442733.33,1,0.1640625298023224,0.22322793304920197,0.28476,0.36037588119506836,7.836,1.894,-0.038,86.616,1.00711
5215,442813.33,1,0.16333870589733124,0.22541439533233643,0.2841,0.3715956509113312,7.822,1.871,-0.094,86.528,1.00684
5216,442893.33,1,0.1685866117477417,0.2368321567773819,0.28079,0.3679076135158539,7.968,1.823,-0.226,86.431,1.00746
5217,442973.33,1,0.1702190786600113,0.2376718819141388,0.27994,0.35958531498908997,8.047,1.79,-0.285,86.392,1.00561
5218,443053.33,1,0.1792420893907547,0.2485894411802292,0.27547,0.365849107503891,8.124,1.748,-0.338,86.324,1.00672
5219,443133.33,1,0.22249916195869446,0.3408198058605194,0.24168,0.3646615743637085,8.142,1.704,-0.379,86.228,1.00627
5220,443215.0,1,0.5256591439247131,0.6449135541915894,0.09985,0.3398178517818451,8.178,1.655,-0.317,86.182,1.00752
5221,443295.0,1,0.34698861837387085,0.4476456642150879,0.18933,0.3433288335800171,8.02,1.625,-0.371,86.234,1.007
5222,443375.0,1,0.1844947636127472,0.2556989789009094,0.2665,0.3456217646598816,7.925,1.653,-0.378,86.166,1.0068
5223,443455.0,1,0.15259400010108948,0.21179932355880737,0.28851,0.3373933434486389,7.887,1.624,-0.372,86.22,1.00742
5224,443535.0,1,0.15606175363063812,0.20665743947029114,0.29455,0.32760757207870483,7.73,1.511,-0.441,86.242,1.00771
5225,443615.0,1,0.1553669273853302,0.1953093558549881,0.29863,0.35992640256881714,7.743,1.478,-0.437,86.342,1.00811
5226,443695.0,1,0.1504407376050949,0.19260777533054352,0.30249,0.3642149865627289,7.814,1.463,-0.448,86.356,1.00741
5227,443775.0,1,0.1415482461452484,0.18835708498954773,0.30685,0.35976743698120117,7.818,1.5,-0.491,86.402,1.00735
5228,443855.0,1,0.13831830024719238,0.1862010508775711,0.30874,0.3573126196861267,7.803,1.596,-0.483,86.382,1.00732
5229,443935.0,1,0.136765718460083,0.18630173802375793,0.3091,0.3593917489051819,7.776,1.654,-0.494,86.384,1.00796
5230,444015.0,1,0.13696791231632233,0.18649545311927795,0.30893,0.34956133365631104,7.754,1.716,-0.507,86.32,1.00844
5231,444096.67,1,0.13521909713745117,0.18723487854003906,0.3093,0.3565337657928467,7.766,1.718,-0.512,86.317,1.0084
5232,444176.67,1,0.13427506387233734,0.18641768395900726,0.30929,0.3642829656600952,7.768,1.72,-0.518,86.264,1.00806
5233,444256.67,1,0.13356271386146545,0.18455936014652252,0.30947,0.3726772665977478,7.776,1.721,-0.521,86.276,1.0081
5234,444336.67,1,0.13178710639476776,0.18280526995658875,0.30941,0.37450501322746277,7.767,1.754,-0.519,86.236,1.00798
5235,444416.67,1,0.13045544922351837,0.1818963587284088,0.30953,0.37575075030326843,7.776,1.768,-0.527,86.241,1.0078
5236,444496.67,1,0.13245777785778046,0.18319371342658997,0.3078,0.3657757639884949,7.787,1.757,-0.523,86.215,1.00795
5237,444576.67,1,0.1328669637441635,0.1827867180109024,0.3074,0.36229008436203003,7.775,1.741,-0.529,86.198,1.00809
5238,444656.67,1,0.13357076048851013,0.18350741267204285,0.30731,0.35743558406829834,7.761,1.718,-0.544,86.129,1.00854
5239,444736.67,1,0.1343982070684433,0.18524688482284546,0.30715,0.3516799509525299,7.732,1.713,-0.559,86.146,1.00805
5240,444818.33,1,0.1352733075618744,0.18488579988479614,0.30693,0.3474116921424866,7.725,1.727,-0.551,86.08,1.00799
5241,444898.33,1,0.13420456647872925,0.18175844848155975,0.30796,0.3388488292694092,7.713,1.745,-0.555,86.097,1.00931
5242,444978.33,1,0.13872744143009186,0.18391510844230652,0.30756,0.33009782433509827,7.723,1.742,-0.549,86.05,1.00842
5243,445058.33,1,0.1401834934949875,0.18288274109363556,0.30702,0.3364458978176117,7.755,1.756,-0.54,86.064,1.00823
5244,445138.33,1,0.1405409276485443,0.1818435937166214,0.30692,0.33296525478363037,7.77,1.73,-0.552,86.023,1.00791
5245,445218.33,1,0.14071500301361084,0.18176206946372986,0.30696,0.33194655179977417,7.75,1.734,-0.557,86.118,1.0086
5246,445298.33,1,0.1402042806148529,0.18054629862308502,0.30668,0.3337855041027069,7.76,1.723,-0.566,86.056,1.00885
5247,445378.33,1,0.13939116895198822,0.1809709370136261,0.30686,0.33429569005966187,7.751,1.683,-0.586,86.11,1.00874
5248,445458.33,1,0.159469872713089,0.20130428671836853,0.29574,0.33915117383003235,7.713,1.611,-0.636,86.032,1.00863
5249,445538.33,1,0.530400276184082,0.6123247146606445,0.10053,0.3041369616985321,7.799,1.47,-0.533,86.094,1.0093
5250,445618.33,1,0.441823810338974,0.5334566235542297,0.13427,0.3147190511226654,7.641,1.402,-0.621,85.974,1.00966
5251,445700.0,1,0.2587929666042328,0.3148822784423828,0.23433,0.33056727051734924,7.672,1.549,-0.649,86.034,1.00843
5252,445780.0,1,0.18366418778896332,0.23215296864509583,0.27512,0.3414665460586548,7.691,1.58,-0.681,85.978,1.009
5253,445860.0,1,0.15434521436691284,0.20654083788394928,0.28989,0.3388529419898987,7.773,1.644,-0.641,86.011,1.00867
5254,445940.0,1,0.14555740356445312,0.19904038310050964,0.29372,0.3231329619884491,7.798,1.701,-0.627,86.008,1.008
5255,446020.0,1,0.1455138921737671,0.19962316751480103,0.29482,0.32374244928359985,7.849,1.713,-0.616,86.046,1.00774
5256,446100.0,1,0.14700259268283844,0.195735901594162,0.30016,0.3382572531700134,8.047,1.652,-0.621,86.06,1.00759
5257,446180.0,1,0.15806661546230316,0.2108364999294281,0.28714,0.3477984666824341,8.205,1.588,-0.557,86.156,1.0077
5258,446260.0,1,0.3562610447406769,0.4299447238445282,0.16533,0.2137237936258316,9.313,0.822,-0.284,86.152,1.00759
5259,446340.0,1,0.4488593339920044,0.47339126467704773,0.13714,0.1707495152950287,10.317,0.135,-0.055,86.233,1.00715
5260,446421.67,1,0.4334775507450104,0.47793421149253845,0.13501,0.20611430704593658,10.201,-0.25,-0.244,86.243,1.00741
5261,446501.67,1,0.3928886950016022,0.4561882019042969,0.1534,0.28058329224586487,9.791,-0.385,-0.504,86.281,1.0073
5262,446581.67,1,0.357827752828598,0.4556064307689667,0.15828,0.30703791975975037,9.054,-0.609,-0.504,86.281,1.00599
5263,446661.67,1,0.28519871830940247,0.39284613728523254,0.1903,0.36243024468421936,8.089,-1.057,-0.465,86.389,1.0061
5264,446741.67,1,0.1355172097682953,0.21732670068740845,0.28826,0.3832293450832367,7.818,-0.769,0.065,86.276,1.00371
5265,446821.67,1,0.10150270909070969,0.15783898532390594,0.31221,0.31012728810310364,6.816,-0.175,0.916,85.869,1.00087
5266,446901.67,1,0.12314072251319885,0.2034522444009781,0.30404,0.23305688798427582,6.404,0.206,1.614,85.344,0.99916
5267,446981.67,1,0.1576337367296219,0.20999519526958466,0.28644,0.23478026688098907,6.04,0.932,1.535,85.016,0.99752
5268,447061.67,1,0.14576901495456696,0.1981617510318756,0.29396,0.24120011925697327,5.913,0.846,1.047,84.982,0.99677
5269,447221.67,1,0.6682522296905518,0.5555136799812317,0.09245,0.18422645330429077,5.86,0.782,0.681,85.281,0.99598
5270,447303.33,1,0.570911169052124,0.5127666592597961,0.113,0.18366551399230957,6.085,0.384,0.414,85.614,0.99678
5271,447383.33,1,0.4582526683807373,0.4829171597957611,0.13102,0.10255701094865799,6.604,-0.36,-0.568,85.907,0.99798
5272,447463.33,1,0.36918219923973083,0.3948361277580261,0.17364,0.15767470002174377,7.244,-1.172,-0.942,86.115,1.00014
5273,447543.33,1,0.3626767098903656,0.4272947609424591,0.15824,0.23954077064990997,7.862,-1.847,-0.902,86.088,1.00086
5274,447623.33,1,0.3165353536605835,0.3694908916950226,0.18801,0.30499792098999023,8.001,-2.245,-0.709,88.829,1.00236
5275,447703.33,1,0.29419854283332825,0.3731587827205658,0.19844,0.31803545355796814,8.196,-2.534,-0.629,91.062,1.00467
5276,447863.33,1,0.34826529026031494,0.42274975776672363,0.17064,0.3053628206253052,8.218,-2.589,-0.629,91.621,1.00507
5277,447943.33,1,0.6576080322265625,0.6341514587402344,0.06378,0.2980822026729584,8.258,-2.611,-0.65,91.779,1.00544
5278,448025.0,1,0.6221593618392944,0.6217641830444336,0.06933,0.3139159083366394,8.292,-2.589,-0.646,91.666,1.005
5279,448105.0,1,0.27505984902381897,0.33121874928474426,0.19899,0.3417110741138458,8.274,-2.585,-0.695,91.298,1.00684
5280,448185.0,1,0.16455300152301788,0.2132057249546051,0.26712,0.31440845131874084,7.969,-2.598,-0.731,91.062,1.00977
5281,448265.0,1,0.19652138650417328,0.30131134390830994,0.23841,0.3130345046520233,7.527,-2.681,-0.654,91.125,1.01077
5282,448345.0,1,0.5984734296798706,0.5669023990631104,0.0921,0.30567389726638794,7.668,-2.671,-0.632,91.064,1.01165
5283,448425.0,1,0.43605417013168335,0.45293742418289185,0.14534,0.29584789276123047,7.51,-2.765,-0.797,90.879,1.01336
5284,448505.0,1,0.24493329226970673,0.28400057554244995,0.23443,0.25083866715431213,7.41,-2.936,-1.026,90.608,1.01383
5285,448585.0,1,0.17357531189918518,0.23605789244174957,0.26915,0.26570752263069153,6.867,-2.938,-1.108,90.426,1.01445
5286,448665.0,1,0.1507384330034256,0.20717264711856842,0.29017,0.31667807698249817,6.659,-2.894,-1.093,90.296,1.01486
5287,448745.0,1,0.14591765403747559,0.17803877592086792,0.29419,0.3570170998573303,6.589,-2.653,-1.014,89.924,1.01791
5288,448825.0,1,0.13901777565479279,0.1669735461473465,0.29418,0.33669817447662354,6.593,-2.172,-0.948,89.649,1.01857
5289,448906.67,1,0.13946615159511566,0.16800899803638458,0.29425,0.3138521909713745,6.352,-1.839,-0.713,89.336,1.02111
5290,448986.67,1,0.13712497055530548,0.16854453086853027,0.29678,0.2860531806945801,6.124,-1.581,-0.476,89.197,1.02312
5291,449066.67,1,0.13641729950904846,0.17221936583518982,0.29669,0.3011188507080078,6.146,-1.485,-0.005,89.217,1.02771
5292,449146.67,1,0.1480545699596405,0.18022723495960236,0.2896,0.2709493041038513,6.573,-1.534,0.043,89.551,1.02841
5293,449226.67,1,0.1749258041381836,0.2341414988040924,0.2678,0.2596265375614166,7.019,-1.541,-0.215,89.749,1.03138
5294,449306.67,1,0.1719125658273697,0.21969814598560333,0.27295,0.297432005405426,7.97,-1.017,-0.235,89.633,1.02968
5295,449386.67,1,0.1612429916858673,0.21304631233215332,0.28133,0.29113662242889404,8.084,-0.631,-0.346,89.751,1.02933
5296,449466.67,1,0.1559782326221466,0.2065540850162506,0.28253,0.3100203275680542,8.035,-0.363,-0.208,89.641,1.02914
5297,449546.67,1,0.1547451764345169,0.2103414088487625,0.28361,0.36087366938591003,8.035,-0.311,-0.231,89.5,1.02822
5298,449628.33,1,0.1684945672750473,0.24325969815254211,0.26844,0.4290688633918762,7.892,-0.331,-0.255,89.391,1.02884
5299,449708.33,1,0.5850162506103516,0.6214618682861328,0.08481,0.4250059127807617,7.446,-0.256,-0.158,89.388,1.02895
5300,449788.33,1,0.598378598690033,0.6228834390640259,0.07418,0.3722071349620819,7.044,-0.262,-0.136,89.308,1.0279
5301,449868.33,1,0.5451428890228271,0.5971502661705017,0.08626,0.31348615884780884,7.008,-0.276,-0.054,89.252,1.02713
5302,449948.33,1,0.5203882455825806,0.5776669979095459,0.09628,0.26315760612487793,7.289,-0.268,0.068,89.159,1.02689
5303,450028.33,1,0.5705693960189819,0.5839490294456482,0.08007,0.24279554188251495,7.998,-0.671,0.102,89.3,1.02794
5304,450108.33,1,0.5841726064682007,0.5707942247390747,0.08028,0.23130089044570923,8.184,-1.026,-0.139,89.315,1.02831
5305,450188.33,1,0.6190646886825562,0.5912522077560425,0.06726,0.2346431016921997,8.496,-1.398,-0.338,89.242,1.02807
5306,450268.33,1,0.6851108074188232,0.6455343961715698,0.04161,0.2475411593914032,8.615,-1.426,-0.171,89.116,1.02798
5307,450348.33,1,0.6024110913276672,0.6286678314208984,0.06822,0.23637337982654572,8.447,-1.272,-0.287,88.894,1.02868
5308,450428.33,1,0.2577429711818695,0.4155191481113434,0.19419,0.30948227643966675,7.518,-0.924,-0.369,88.743,1.02886
5309,450510.0,1,0.16137780249118805,0.23348021507263184,0.26661,0.3140771687030792,7.397,-0.882,0.126,88.361,1.02831
5310,450670.0,1,0.1692972183227539,0.25918176770210266,0.2652,0.34590843319892883,8.12,-1.05,0.349,88.49,1.02682
5311,450750.0,1,0.17739799618721008,0.22241488099098206,0.27998,0.319062203168869,8.707,-1.01,0.723,88.941,1.02495
5312,450830.0,1,0.17274513840675354,0.20106522738933563,0.28078,0.3344334363937378,8.713,-0.917,0.829,89.271,1.01977
5313,450910.0,1,0.13957005739212036,0.1957780122756958,0.28833,0.35054531693458557,8.862,-0.807,0.54,89.571,1.01617
5314,450990.0,1,0.13363586366176605,0.1882576048374176,0.28978,0.36505502462387085,8.878,-0.764,0.326,89.686,1.01599
5315,451070.0,1,0.14474371075630188,0.20526331663131714,0.27868,0.37755200266838074,8.927,-0.741,0.339,89.893,1.01526
5316,451150.0,1,0.39691177010536194,0.48286107182502747,0.14435,0.29020705819129944,9.723,-0.808,0.417,90.025,1.01447
5317,451231.67,1,0.5275224447250366,0.5092555284500122,0.10529,0.33081531524658203,10.245,-1.325,0.423,90.3,1.014
5318,451311.67,1,0.5389575958251953,0.508120059967041,0.10124,0.315267413854599,10.533,-1.746,0.283,90.529,1.01363
5319,451391.67,1,0.5853536128997803,0.5328205227851868,0.08481,0.2534548342227936,10.79,-1.939,0.224,90.683,1.01418
5320,451471.67,1,0.6124262809753418,0.544822096824646,0.0754,0.25179579854011536,11.215,-2.078,0.251,90.751,1.01469
5321,451551.67,1,0.6202491521835327,0.5541901588439941,0.07291,0.2200101912021637,11.587,-2.138,0.193,90.851,1.01451
5322,451631.67,1,0.5956015586853027,0.5552960634231567,0.0784,0.21949315071105957,11.744,-2.1,0.164,90.803,1.01476
5323,451711.67,1,0.6803008317947388,0.6386231780052185,0.04463,0.2384708970785141,11.657,-2.038,0.222,90.793,1.01533
5324,451791.67,1,0.6387152671813965,0.6107486486434937,0.06966,0.24841633439064026,10.691,-1.728,0.412,90.699,1.01519
5325,451871.67,1,0.2703016698360443,0.3368527889251709,0.22771,0.30265098810195923,9.53,-1.246,0.69,90.56,1.0132
5326,451951.67,1,0.163044273853302,0.20249338448047638,0.28952,0.3001502454280853,8.796,-0.946,0.636,90.539,1.01321
5327,452031.67,1,0.13733011484146118,0.17539042234420776,0.30339,0.3011564612388611,8.679,-0.811,0.651,90.507,1.01265
5328,452113.33,1,0.1473235785961151,0.17393547296524048,0.30213,0.29183724522590637,8.639,-0.922,0.647,90.351,1.01158
5329,452193.33,1,0.13889232277870178,0.1724778562784195,0.30443,0.28309887647628784,8.66,-0.909,0.587,90.297,1.01089
5330,452273.33,1,0.14845488965511322,0.1809415966272354,0.29941,0.2733493447303772,8.667,-0.924,0.614,90.279,1.01164
5331,452353.33,1,0.15567681193351746,0.18221895396709442,0.2963,0.2582535445690155,8.662,-0.86,0.512,90.192,1.01254
5332,452433.33,1,0.15087555348873138,0.17982862889766693,0.29566,0.25910431146621704,8.636,-0.775,0.435,89.841,1.01451
5333,452513.33,1,0.15612927079200745,0.18772883713245392,0.29323,0.2538510262966156,8.766,-0.735,0.439,89.534,1.0157
5334,452593.33,1,0.15513010323047638,0.19124001264572144,0.29266,0.23111480474472046,8.796,-0.793,0.437,89.41,1.01714
5335,452673.33,1,0.15400156378746033,0.19517657160758972,0.29237,0.23760132491588593,8.764,-0.845,0.327,89.316,1.01829
5336,452753.33,1,0.1491708755493164,0.19981159269809723,0.29321,0.23340842127799988,8.703,-0.883,0.309,89.284,1.01945
5337,452835.0,1,0.17436029016971588,0.2302362322807312,0.27891,0.23989857733249664,8.554,-0.951,0.305,89.313,1.02053
5338,452915.0,1,0.5587246417999268,0.5766940116882324,0.10173,0.22820711135864258,8.626,-0.947,0.349,89.349,1.02161
5339,452995.0,1,0.48858562111854553,0.5756680965423584,0.11719,0.2415035367012024,8.456,-0.999,0.315,89.25,1.02139
5340,453075.0,1,0.2572593092918396,0.3191640079021454,0.23042,0.2487574964761734,8.172,-0.971,0.304,89.163,1.02271
5341,453155.0,1,0.17438487708568573,0.2269899845123291,0.27216,0.2546039819717407,7.983,-0.793,0.28,89.276,1.02222
5342,453235.0,1,0.1906772404909134,0.29318106174468994,0.24843,0.25213125348091125,7.713,-0.983,0.128,89.365,1.02092
5343,453315.0,1,0.2617572247982025,0.376738578081131,0.1961,0.22493992745876312,7.656,-1.277,-0.218,89.357,1.02043
5344,453395.0,1,0.2871170938014984,0.40118682384490967,0.18658,0.25117647647857666,7.275,-1.594,-0.209,89.128,1.0186
5345,453475.0,1,0.32431262731552124,0.4112541377544403,0.1746,0.28825148940086365,7.366,-1.629,-0.097,88.636,1.01505
5346,453555.0,1,0.3630645275115967,0.46341225504875183,0.1463,0.3090379536151886,6.951,-1.925,-0.281,88.827,1.00687
5347,453635.0,1,0.3953332304954529,0.49952226877212524,0.13016,0.3515821695327759,5.79,-2.471,0.145,89.657,0.99349
5348,453716.67,1,0.4124527871608734,0.49982523918151855,0.13835,0.335871160030365,5.556,-2.608,0.353,90.317,0.98447
5349,453796.67,1,0.35122939944267273,0.42636579275131226,0.16429,0.2545209228992462,4.903,-2.838,0.494,91.874,0.98608
5350,453876.67,1,0.289308100938797,0.3664429783821106,0.20062,0.2770520746707916,4.797,-3.077,0.32,93.761,0.98867
5351,453956.67,1,0.2603817582130432,0.33381199836730957,0.21896,0.32549750804901123,4.847,-2.621,0.079,94.785,0.99349
5352,454036.67,1,0.259333997964859,0.35976067185401917,0.21033,0.16773465275764465,4.591,-2.63,0.289,95.682,0.99423
5353,454116.67,1,0.38591670989990234,0.4911554753780365,0.14144,0.16842010617256165,4.946,-3.436,-0.068,97.024,0.99772
5354,454196.67,1,0.6842982769012451,0.7052103281021118,0.04232,0.31185370683670044,7.049,-5.39,-0.838,98.435,1.00025
5355,454276.67,1,0.6137316226959229,0.6773340702056885,0.04644,0.4291653633117676,9.057,-5.951,-0.719,99.727,1.00459
5356,454356.67,1,0.5836632251739502,0.6654152870178223,0.05275,0.47651025652885437,10.988,-5.672,-1.402,101.913,1.00961
5357,454438.33,1,0.6351221799850464,0.6765537261962891,0.03874,0.30725720524787903,12.66,-4.79,-0.497,103.484,1.01497
5358,454518.33,1,0.5162672996520996,0.584222674369812,0.08844,0.3162313401699066,12.957,-4.374,-0.086,98.602,1.01841
5359,454598.33,1,0.4535742402076721,0.5914362072944641,0.09977,0.31088757514953613,12.883,-3.937,0.012,98.188,1.02117
5360,454678.33,1,0.40424397587776184,0.5488240718841553,0.12106,0.30782172083854675,13.617,-3.369,-0.328,97.906,1.02391
5361,454758.33,1,0.3654397130012512,0.4931672513484955,0.14956,0.31453239917755127,14.29,-2.911,-0.6,97.562,1.02441
5362,454838.33,1,0.32707205414772034,0.4214168190956116,0.17671,0.31940847635269165,14.329,-3.001,-0.563,97.079,1.02472
5363,454998.33,1,0.3278983533382416,0.3790404498577118,0.1813,0.2551400065422058,13.988,-2.821,-0.429,96.31,1.02424
5364,455078.33,1,0.28046029806137085,0.37653812766075134,0.18641,0.2318587303161621,13.346,-2.781,-0.43,96.028,1.02343
5365,455158.33,1,0.24042825400829315,0.36428821086883545,0.19656,0.25723037123680115,13.029,-2.735,-0.507,95.652,1.0233
5366,455238.33,1,0.22297196090221405,0.35480639338493347,0.20211,0.243679940700531,12.97,-2.939,-0.574,95.105,1.02229
5367,455320.0,1,0.22107690572738647,0.3510449528694153,0.20031,0.22040805220603943,12.701,-3.237,-0.448,94.505,1.02312
5368,455400.0,1,0.24180476367473602,0.35308071970939636,0.19307,0.23001663386821747,12.248,-3.315,-0.466,94.275,1.02224
5369,455480.0,1,0.27502477169036865,0.3724895119667053,0.18774,0.20841647684574127,12.058,-3.299,-0.794,94.126,1.02106
5370,455560.0,1,0.2897592782974243,0.373081773519516,0.18465,0.21526357531547546,12.214,-3.271,-0.725,94.052,1.01855
5371,455640.0,1,0.3173300325870514,0.3843900263309479,0.17445,0.20618481934070587,12.113,-3.182,-0.494,94.262,1.01779
5372,455720.0,1,0.39331892132759094,0.3926182985305786,0.15226,0.19299542903900146,12.365,-2.96,-0.445,94.17,1.0167
5373,455800.0,1,0.42181962728500366,0.44095534086227417,0.13161,0.21236850321292877,12.887,-2.862,-0.452,94.102,1.01666
5374,455880.0,1,0.369236558675766,0.4308554530143738,0.13833,0.24027177691459656,13.428,-2.895,-0.43,93.916,1.01699
5375,455960.0,1,0.3615267872810364,0.4585960805416107,0.1327,0.25578176975250244,13.639,-3.268,-0.256,93.99,1.01725
5376,456041.67,1,0.3672584891319275,0.469273179769516,0.12766,0.26723694801330566,14.182,-4.003,-0.058,93.817,1.01754
5377,456121.67,1,0.3634212911128998,0.4725537598133087,0.12949,0.25940316915512085,14.108,-4.429,0.294,93.912,1.01804
5378,456201.67,1,0.3698746860027313,0.4701845049858093,0.13249,0.2528843581676483,14.135,-4.803,0.489,93.791,1.01834
5379,456281.67,1,0.3778557777404785,0.45513275265693665,0.13712,0.26517054438591003,14.188,-5.022,0.522,93.777,1.01751
5380,456361.67,1,0.3923916518688202,0.4498322308063507,0.13778,0.26492276787757874,14.149,-5.115,0.521,93.699,1.01797
5381,456441.67,1,0.5317527055740356,0.5401698350906372,0.09342,0.26660045981407166,14.157,-5.11,0.486,93.725,1.01783
5382,456521.67,1,0.6061257123947144,0.5807029008865356,0.06358,0.2573508322238922,14.264,-4.936,0.395,93.666,1.01893
5383,456601.67,1,0.3458603620529175,0.4269725978374481,0.14861,0.2642417848110199,13.728,-4.422,0.496,93.407,1.01829
5384,456681.67,1,0.21651093661785126,0.266396701335907,0.22678,0.2794317603111267,13.571,-3.718,0.491,93.199,1.01786
5385,456761.67,1,0.20039719343185425,0.2397201657295227,0.25481,0.2617756128311157,13.272,-3.27,0.483,93.081,1.01816
5386,456841.67,1,0.1888563483953476,0.2324259877204895,0.25848,0.2586190104484558,12.797,-3.107,0.693,92.92,1.01812
5387,456923.33,1,0.18694275617599487,0.22836627066135406,0.25916,0.2900330722332001,12.27,-2.895,0.824,92.808,1.01807
5388,457003.33,1,0.18147188425064087,0.2256234586238861,0.26272,0.32079237699508667,12.064,-2.667,0.867,92.727,1.0185
5389,457083.33,1,0.18110071122646332,0.2301965355873108,0.2636,0.3199522793292999,11.668,-2.48,0.793,92.723,1.0183
5390,457163.33,1,0.18301688134670258,0.2556450664997101,0.25833,0.34355422854423523,11.372,-2.447,0.729,92.549,1.0178
5391,457243.33,1,0.1775694340467453,0.24427643418312073,0.26018,0.3378176987171173,11.32,-2.414,0.599,92.534,1.01737
5392,457323.33,1,0.17830538749694824,0.231356680393219,0.26188,0.34271684288978577,11.257,-2.397,0.588,92.552,1.01714
5393,457403.33,1,0.17997463047504425,0.23066434264183044,0.26119,0.32883062958717346,11.098,-2.41,0.618,92.643,1.01672
5394,457483.33,1,0.17393368482589722,0.2068231701850891,0.26981,0.4009751081466675,11.016,-2.462,0.575,92.789,1.01667
5395,457563.33,1,0.15704017877578735,0.20679286122322083,0.2812,0.651620090007782,11.62,-2.89,0.117,93.145,1.01548
5396,457645.0,1,0.15698052942752838,0.1867530643939972,0.28527,0.6544729471206665,11.785,-3.048,0.219,93.274,1.01573
5397,457725.0,1,0.17701420187950134,0.16109026968479156,0.28405,0.6262329816818237,11.493,-3.223,0.674,93.04,1.01594
5398,457805.0,1,0.19088061153888702,0.18513759970664978,0.27331,0.5509510040283203,11.034,-3.224,0.747,93.006,1.01596
5399,457885.0,1,0.19622591137886047,0.1924576312303543,0.27005,0.4169887900352478,10.55,-3.082,0.768,93.059,1.01693
5400,457965.0,1,0.19888286292552948,0.1962367594242096,0.26927,0.3088738024234772,10.11,-2.986,0.741,93.081,1.01775
5401,458045.0,1,0.42507514357566833,0.43195948004722595,0.151,0.28820303082466125,10.139,-3.008,0.773,93.301,1.01766
5402,458125.0,1,0.6688695549964905,0.6065391302108765,0.05558,0.263151615858078,10.399,-2.905,0.713,93.362,1.01824
5403,458205.0,1,0.4254019856452942,0.5219550132751465,0.12465,0.2660161256790161,10.204,-3.026,0.666,93.3,1.01676
5404,458285.0,1,0.26081886887550354,0.32944583892822266,0.20876,0.2655862867832184,10.141,-3.094,0.628,93.169,1.01742
5405,458365.0,1,0.2104518711566925,0.25891992449760437,0.2392,0.2694690525531769,10.055,-3.199,0.62,93.156,1.01697
5406,458445.0,1,0.1995660811662674,0.23875685036182404,0.25122,0.27457094192504883,9.908,-3.322,0.612,93.069,1.01756
5407,458526.67,1,0.19317269325256348,0.22557619214057922,0.25785,0.2781691551208496,9.837,-3.373,0.619,93.09,1.01699
5408,458606.67,1,0.17396563291549683,0.20372818410396576,0.27067,0.28053587675094604,9.783,-3.393,0.617,93.052,1.01724
5409,458686.67,1,0.16628676652908325,0.19007152318954468,0.27865,0.28524360060691833,9.769,-3.394,0.648,93.048,1.0172
5410,458766.67,1,0.16379348933696747,0.18614622950553894,0.281,0.28604984283447266,9.764,-3.404,0.668,92.981,1.01689
5411,458846.67,1,0.16192053258419037,0.18445828557014465,0.28355,0.2831370234489441,9.669,-3.472,0.654,93.017,1.01699
5412,458926.67,1,0.16393336653709412,0.1875157356262207,0.28244,0.2781771123409271,9.639,-3.51,0.64,92.957,1.01718
5413,459006.67,1,0.16174429655075073,0.17914338409900665,0.28162,0.2678118944168091,9.612,-3.509,0.648,93.009,1.01735
5414,459086.67,1,0.16191230714321136,0.1810598075389862,0.28225,0.261545866727829,9.585,-3.512,0.642,92.924,1.01749
5415,459166.67,1,0.15954716503620148,0.17973771691322327,0.28271,0.2533654272556305,9.627,-3.508,0.657,93.024,1.01749
5416,459248.33,1,0.15786528587341309,0.17562037706375122,0.28379,0.2516559362411499,9.617,-3.498,0.654,92.907,1.01817
5417,459328.33,1,0.15736731886863708,0.17620114982128143,0.28424,0.24609817564487457,9.627,-3.512,0.636,92.993,1.01733
5418,459408.33,1,0.15670371055603027,0.1783510446548462,0.28393,0.2432379424571991,9.638,-3.516,0.662,92.89,1.01776
5419,459488.33,1,0.1546393185853958,0.17711661756038666,0.28432,0.2417660653591156,9.599,-3.488,0.667,92.943,1.01672
5420,459568.33,1,0.14912663400173187,0.17540191113948822,0.28535,0.24524474143981934,9.579,-3.491,0.673,92.84,1.01686
5421,459648.33,1,0.16169725358486176,0.19043341279029846,0.28037,0.26645880937576294,9.532,-3.494,0.617,92.92,1.01684
5422,459728.33,1,0.16093401610851288,0.18668042123317719,0.27982,0.2805593013763428,9.521,-3.457,0.576,92.825,1.0168
5423,459808.33,1,0.16241028904914856,0.18647174537181854,0.2793,0.2859346866607666,9.505,-3.437,0.566,92.911,1.01716
5424,459888.33,1,0.16250020265579224,0.18503189086914062,0.27892,0.2864271402359009,9.534,-3.379,0.566,92.862,1.01721
5425,459968.33,1,0.19870713353157043,0.23586924374103546,0.26015,0.2871074974536896,9.561,-3.351,0.553,92.982,1.01703
5426,460048.33,1,0.6599135398864746,0.6102170944213867,0.06129,0.2776910066604614,9.913,-3.333,0.53,92.994,1.01823
5427,460130.0,1,0.5711668133735657,0.5271093845367432,0.09545,0.2756536602973938,9.946,-3.358,0.495,93.041,1.01776
5428,460210.0,1,0.329382985830307,0.38637974858283997,0.18241,0.2804256081581116,9.912,-3.36,0.464,92.999,1.01775
5429,460290.0,1,0.23096513748168945,0.2826976180076599,0.22998,0.2816168963909149,9.905,-3.308,0.467,93.135,1.01813
5430,460370.0,1,0.2048390656709671,0.2607392966747284,0.24651,0.2814146876335144,9.919,-3.178,0.49,92.66,1.01798
5431,460450.0,1,0.19426020979881287,0.23652943968772888,0.25505,0.2968616783618927,9.917,-3.106,0.497,92.502,1.01714
5432,460530.0,1,0.18361859023571014,0.2174248993396759,0.262,0.3281109929084778,9.914,-3.037,0.456,92.3,1.01751
5433,460610.0,1,0.17448021471500397,0.2011919915676117,0.26871,0.33501046895980835,9.851,-2.992,0.352,92.493,1.01741
5434,460690.0,1,0.17085015773773193,0.19587749242782593,0.27213,0.34502288699150085,9.917,-2.949,0.308,92.621,1.01772
5435,460770.0,1,0.17043477296829224,0.19439630210399628,0.27315,0.3422272503376007,9.906,-2.945,0.284,92.782,1.01724
5436,460851.67,1,0.16735848784446716,0.1918496936559677,0.27506,0.317450612783432,9.756,-3.031,0.297,92.828,1.01693
5437,460931.67,1,0.16844479739665985,0.1949077844619751,0.27388,0.2984834611415863,9.626,-3.125,0.274,92.921,1.01711
5438,461011.67,1,0.1679730862379074,0.2014988660812378,0.27637,0.26319193840026855,9.495,-3.211,0.266,92.838,1.01741
5439,461091.67,1,0.1698148101568222,0.20096629858016968,0.27722,0.2517938017845154,9.578,-3.22,0.29,92.798,1.0166
5440,461171.67,1,0.16923578083515167,0.2018083781003952,0.27774,0.2525704801082611,9.572,-3.212,0.287,92.679,1.01656
5441,461251.67,1,0.16822122037410736,0.2014637142419815,0.27748,0.2549142837524414,9.56,-3.23,0.276,92.583,1.01622
5442,461331.67,1,0.16666199266910553,0.20045755803585052,0.27774,0.2569045424461365,9.541,-3.231,0.287,92.426,1.01546
5443,461411.67,1,0.1646638810634613,0.19825667142868042,0.27908,0.25994476675987244,9.535,-3.232,0.284,92.432,1.01536
5444,461491.67,1,0.163010373711586,0.1975327879190445,0.28033,0.26517534255981445,9.561,-3.197,0.267,92.36,1.0153
5445,461571.67,1,0.16414707899093628,0.19907833635807037,0.28127,0.2854550778865814,9.561,-3.212,0.199,92.438,1.01522
5446,461651.67,1,0.15919731557369232,0.19152440130710602,0.27976,0.2829548418521881,9.569,-3.145,0.19,92.345,1.01495
5447,461733.33,1,0.1526637077331543,0.18519362807273865,0.28098,0.2799161970615387,9.588,-3.056,0.158,92.096,1.01543
5448,461813.33,1,0.14971688389778137,0.1811601221561432,0.2827,0.27763986587524414,9.649,-2.971,0.15,91.873,1.01482
5449,461893.33,1,0.15511223673820496,0.18514913320541382,0.2814,0.2763955891132355,9.678,-2.932,0.126,91.805,1.01433
5450,461973.33,1,0.17968973517417908,0.204104483127594,0.26828,0.2704641819000244,9.741,-2.876,0.097,91.652,1.01514
5451,462053.33,1,0.19386541843414307,0.22585949301719666,0.25894,0.2612251937389374,9.849,-2.827,0.14,91.675,1.01509
5452,462133.33,1,0.20923025906085968,0.2607991695404053,0.24672,0.25526660680770874,9.946,-2.738,0.16,91.551,1.01541
5453,462213.33,1,0.20914950966835022,0.26461923122406006,0.24675,0.24988695979118347,10.044,-2.748,0.163,91.541,1.01489
5454,462293.33,1,0.20767909288406372,0.26166585087776184,0.24732,0.25233712792396545,10.054,-2.707,0.171,91.445,1.01541
5455,462373.33,1,0.20510290563106537,0.2587391436100006,0.24829,0.2542075216770172,10.044,-2.695,0.168,91.496,1.01512
5456,462455.0,1,0.2062101811170578,0.27175453305244446,0.2431,0.26711204648017883,10.033,-2.694,0.173,91.376,1.01537
5457,462535.0,1,0.18963953852653503,0.24376042187213898,0.25852,0.2769070863723755,9.964,-2.674,0.218,91.394,1.01495
5458,462615.0,1,0.19968286156654358,0.34598061442375183,0.23071,0.28970617055892944,9.773,-2.63,0.272,91.358,1.01508
5459,462695.0,1,0.5180276036262512,0.577378511428833,0.09644,0.2757395803928375,9.892,-2.601,0.302,91.394,1.01517
5460,462775.0,1,0.3510451912879944,0.45972251892089844,0.162,0.2722061276435852,9.768,-2.684,0.322,91.281,1.0148
5461,462855.0,1,0.22789177298545837,0.2708778977394104,0.23782,0.2700972855091095,9.654,-2.703,0.292,91.521,1.01492
5462,462935.0,1,0.19159500300884247,0.21869787573814392,0.26058,0.2692144215106964,9.699,-2.714,0.27,91.714,1.01557
5463,463015.0,1,0.18118268251419067,0.20260293781757355,0.2683,0.27016207575798035,9.731,-2.744,0.266,91.981,1.01594
5464,463095.0,1,0.17208200693130493,0.1941971331834793,0.27388,0.2713884711265564,9.741,-2.784,0.26,92.103,1.01649
5465,463175.0,1,0.16574759781360626,0.18871045112609863,0.2781,0.27267107367515564,9.685,-2.775,0.263,92.119,1.01652
5466,463255.0,1,0.16025155782699585,0.18556472659111023,0.28137,0.2741686999797821,9.674,-2.775,0.271,91.994,1.01678
5467,463336.67,1,0.15720218420028687,0.1829884946346283,0.28357,0.2785347104072571,9.682,-2.739,0.225,91.981,1.01682
5468,463416.67,1,0.15755972266197205,0.18314261734485626,0.28337,0.28921887278556824,9.706,-2.686,0.191,91.931,1.01585
5469,463496.67,1,0.14818760752677917,0.17989248037338257,0.28757,0.3550361394882202,9.757,-2.497,0.031,91.96,1.01604
5470,463576.67,1,0.14557212591171265,0.181963711977005,0.28601,0.3547194302082062,10.078,-2.284,-0.134,91.91,1.0153
5471,463656.67,1,0.15229375660419464,0.19065238535404205,0.28318,0.33875295519828796,10.225,-2.127,-0.196,91.926,1.01512
5472,463736.67,1,0.12049495428800583,0.17133662104606628,0.29064,0.3008086383342743,10.153,-1.841,0.027,91.86,1.01495
5473,463816.67,1,0.10581547021865845,0.1491795927286148,0.29855,0.28486475348472595,10.163,-1.682,0.233,91.924,1.01502
5474,463896.67,1,0.09627579152584076,0.1407412737607956,0.30447,0.2657904624938965,9.995,-1.528,0.331,91.877,1.01506
5475,463976.67,1,0.09263011813163757,0.13563720881938934,0.30991,0.2339712232351303,10.051,-1.555,0.335,91.952,1.01588
5476,464058.33,1,0.08905749768018723,0.13350452482700348,0.31166,0.23035995662212372,10.176,-1.533,0.338,91.956,1.01524
5477,464138.33,1,0.12507204711437225,0.1681949496269226,0.29233,0.2343062460422516,10.291,-1.585,0.353,92.015,1.01574
5478,464218.33,1,0.4831971228122711,0.5733151435852051,0.11465,0.24627432227134705,10.362,-1.635,0.471,92.024,1.0166
5479,464298.33,1,0.4558531939983368,0.5054178237915039,0.1399,0.2656421661376953,10.1,-1.836,0.488,91.965,1.01569
5480,464378.33,1,0.4225133955478668,0.4893814027309418,0.15551,0.2790120244026184,10.055,-1.984,0.567,91.92,1.0151
5481,464458.33,1,0.3875751495361328,0.44273072481155396,0.176,0.27706751227378845,10.05,-2.252,0.57,91.923,1.01555
5482,464538.33,1,0.37749695777893066,0.41714340448379517,0.18407,0.2605575621128082,9.856,-2.492,0.491,91.849,1.01565
5483,464618.33,1,0.3630404770374298,0.38954973220825195,0.19294,0.2503185272216797,9.729,-2.686,0.415,91.934,1.01593
5484,464693.33,1,0.30383655428886414,0.3609785735607147,0.20252,0.2335900217294693,9.77,-2.77,0.481,90.756,1.01547
5485,464768.33,1,0.2827832102775574,0.34277960658073425,0.20888,0.2229989916086197,9.853,-2.743,0.563,90.239,1.0156
5486,464843.33,1,0.2705911695957184,0.3398224115371704,0.21139,0.22968274354934692,9.727,-2.704,0.548,89.978,1.01585
5487,464918.33,1,0.2694017291069031,0.33886170387268066,0.21211,0.2361210137605667,9.692,-2.731,0.566,89.809,1.01683
5488,464993.33,1,0.27771809697151184,0.3594595491886139,0.2065,0.24106252193450928,9.773,-2.768,0.554,89.703,1.01683
5489,465068.33,1,0.2898400127887726,0.3876579999923706,0.19615,0.24542543292045593,9.987,-2.815,0.554,89.625,1.0176
5490,465143.33,1,0.2920323610305786,0.38683420419692993,0.19457,0.2592697739601135,10.14,-2.834,0.542,89.479,1.01726
5491,465218.33,1,0.2921219766139984,0.3856250047683716,0.19395,0.26687419414520264,10.17,-2.853,0.535,89.513,1.01681
5492,465293.33,1,0.28726086020469666,0.38417133688926697,0.19463,0.27259361743927,10.182,-2.852,0.527,89.429,1.01688
5493,465368.33,1,0.28587716817855835,0.3848627805709839,0.19493,0.27363336086273193,10.187,-2.834,0.563,89.319,1.01723
5494,465443.33,1,0.28513211011886597,0.3861258924007416,0.19481,0.27537772059440613,10.216,-2.796,0.573,89.233,1.0164
5495,465518.33,1,0.2782539427280426,0.38706231117248535,0.1967,0.27697715163230896,10.213,-2.779,0.576,89.202,1.01684
5496,465593.33,1,0.2730773389339447,0.3783037066459656,0.20043,0.28090283274650574,10.159,-2.768,0.569,89.132,1.01706
5497,465668.33,1,0.28381413221359253,0.3939257860183716,0.19457,0.2823261022567749,10.155,-2.775,0.559,89.113,1.01632
5498,465743.33,1,0.6800485849380493,0.6427619457244873,0.05006,0.27074378728866577,10.642,-2.609,0.529,89.15,1.01754
5499,465818.33,1,0.5964654684066772,0.6033029556274414,0.0713,0.26965776085853577,10.801,-2.676,0.508,89.116,1.01691
5500,465893.33,1,0.39806067943573,0.4673021137714386,0.13725,0.26877662539482117,10.687,-2.739,0.48,89.05,1.01698
5501,465968.33,1,0.31055906414985657,0.40573662519454956,0.17088,0.2677842676639557,10.676,-2.756,0.474,89.034,1.01805
5502,466043.33,1,0.27980732917785645,0.3909130394458771,0.18164,0.2878437936306,10.632,-2.756,0.395,88.993,1.01696
5503,466118.33,1,0.24345536530017853,0.3825927674770355,0.19034,0.3400793969631195,10.808,-2.79,0.219,88.93,1.0176
5504,466193.33,1,0.22978618741035461,0.3915679454803467,0.19182,0.3726951479911804,11.233,-2.826,0.072,88.868,1.01685
5505,466268.33,1,0.2428026646375656,0.41801929473876953,0.18656,0.3626226484775543,11.678,-2.802,-0.01,88.91,1.01793
5506,466343.33,1,0.3206208348274231,0.49425309896469116,0.15873,0.34993666410446167,12.074,-2.901,-0.071,88.919,1.01867
5507,466418.33,1,0.6568954586982727,0.7130478024482727,0.04254,0.3138713836669922,12.713,-2.812,-0.196,89.042,1.01945
5508,466493.33,1,0.674155592918396,0.6836665272712708,0.03243,0.3512978255748749,14.056,-3.176,0.032,89.089,1.01991
5509,466568.33,1,0.512935221195221,0.5716601610183716,0.0956,0.5364682674407959,15.004,-3.644,-0.184,89.332,1.01908
5510,466643.33,1,0.4163222908973694,0.5228723883628845,0.13815,0.5655760765075684,15.499,-3.917,-0.382,89.275,1.01855
5511,466718.33,1,0.3879775404930115,0.4785396158695221,0.15554,0.5005642175674438,15.232,-4.072,-0.308,89.246,1.0189
5512,466793.33,1,0.36335310339927673,0.4124271869659424,0.17196,0.4754932224750519,15.073,-4.293,-0.297,89.22,1.01935
5513,466868.33,1,0.3466019034385681,0.38565871119499207,0.17996,0.34629881381988525,14.895,-4.426,-0.453,89.211,1.02053
5514,466943.33,1,0.32552164793014526,0.365465372800827,0.18382,0.2656327486038208,14.837,-4.38,-0.488,89.123,1.02062
5515,467018.33,1,0.2990001142024994,0.35640981793403625,0.18768,0.23749151825904846,14.669,-4.288,-0.152,89.035,1.02101
5516,467093.33,1,0.29042425751686096,0.3309173285961151,0.19385,0.26307162642478943,14.673,-4.224,0.283,88.851,1.0205
5517,467168.33,1,0.28798213601112366,0.30368128418922424,0.20323,0.2725736200809479,14.648,-4.293,0.369,88.833,1.02094
5518,467243.33,1,0.30161795020103455,0.3099517226219177,0.201,0.2599632143974304,14.7,-4.304,0.337,88.761,1.02144
5519,467393.33,1,0.30504512786865234,0.3032020330429077,0.20281,0.290513277053833,14.753,-4.371,0.326,88.58,1.02085
5520,467468.33,1,0.3151991367340088,0.32320478558540344,0.19336,0.3079988956451416,14.791,-4.361,0.298,88.469,1.02229
5521,467543.33,1,0.6729521751403809,0.5722993612289429,0.06246,0.29638031125068665,14.747,-4.26,0.206,88.644,1.02259
5522,467618.33,1,0.6123634576797485,0.5270172357559204,0.07869,0.284884512424469,14.745,-4.263,0.238,88.499,1.02319
5523,467693.33,1,0.42940306663513184,0.4482773244380951,0.1278,0.26568102836608887,14.676,-4.328,0.278,88.413,1.02164
5524,467768.33,1,0.30210813879966736,0.3740547001361847,0.17391,0.2815227508544922,14.448,-4.43,0.346,88.355,1.02237
5525,467843.33,1,0.2867566645145416,0.3697379529476166,0.18241,0.32130950689315796,14.407,-4.528,0.427,88.271,1.02267
5526,467918.33,1,0.27566033601760864,0.35335230827331543,0.19345,0.3402453660964966,14.268,-4.532,0.431,88.142,1.02206
5527,467993.33,1,0.2613992393016815,0.31989431381225586,0.20408,0.33732664585113525,14.208,-4.528,0.38,88.078,1.02165
5528,468068.33,1,0.2632504403591156,0.32229670882225037,0.20615,0.3301713764667511,14.177,-4.502,0.383,87.963,1.02123
5529,468143.33,1,0.50074303150177,0.48929640650749207,0.11587,0.3580648899078369,14.231,-4.413,0.381,88.001,1.02148
5530,468218.33,1,0.6783618330955505,0.6054061651229858,0.05281,0.3559882640838623,14.392,-4.321,0.374,88.022,1.02131
5531,468293.33,1,0.6756459474563599,0.5987259149551392,0.05652,0.3577466905117035,14.361,-4.334,0.357,87.977,1.02154
5532,468368.33,1,0.4637018144130707,0.4735662043094635,0.11816,0.3419915437698364,14.447,-4.376,0.372,87.915,1.0225
5533,468443.33,1,0.3395642936229706,0.4096337854862213,0.15913,0.32801005244255066,14.265,-4.522,0.343,87.971,1.02142
5534,468518.33,1,0.2972663342952728,0.38451260328292847,0.17424,0.30989086627960205,14.124,-4.511,0.318,88.038,1.02195
5535,468593.33,1,0.28732287883758545,0.37683969736099243,0.18157,0.31447598338127136,14.112,-4.527,0.255,88.163,1.02207
5536,468668.33,1,0.2795209288597107,0.3659559488296509,0.18838,0.3110834062099457,14.122,-4.509,0.227,88.165,1.02198
5537,468743.33,1,0.2778472602367401,0.3597119450569153,0.19132,0.29751288890838623,14.211,-4.492,0.249,88.294,1.02207
5538,468818.33,1,0.2919606864452362,0.34250059723854065,0.1922,0.3033909201622009,14.341,-4.518,0.282,88.255,1.02226
5539,468893.33,1,0.29307079315185547,0.3327716290950775,0.19512,0.3151721954345703,14.463,-4.478,0.314,88.302,1.02135
5540,468968.33,1,0.29393064975738525,0.3208586275577545,0.1998,0.32763758301734924,14.42,-4.431,0.287,88.252,1.02115
5541,469043.33,1,0.29846513271331787,0.31956398487091064,0.20185,0.328673392534256,14.282,-4.389,0.283,88.348,1.02148
5542,469118.33,1,0.29795870184898376,0.31854283809661865,0.20296,0.3126251697540283,14.264,-4.397,0.239,88.343,1.02245
5543,469193.33,1,0.2945467531681061,0.3205518126487732,0.20312,0.31374719738960266,14.264,-4.379,0.205,88.46,1.02223
5544,469268.33,1,0.2907658517360687,0.3247818946838379,0.2026,0.29939717054367065,14.414,-4.355,0.188,88.401,1.02252
5545,469343.33,1,0.28588464856147766,0.3264046609401703,0.20314,0.29868873953819275,14.422,-4.347,0.145,88.476,1.02148
5546,469418.33,1,0.28579601645469666,0.3319900929927826,0.20212,0.3062431812286377,14.471,-4.349,0.112,88.399,1.02115
5547,469493.33,1,0.29016339778900146,0.3449699282646179,0.19817,0.30571630597114563,14.446,-4.347,0.098,88.488,1.02204
5548,469568.33,1,0.28544288873672485,0.34651991724967957,0.19773,0.3014623820781708,14.463,-4.339,0.085,88.43,1.02246
5549,469643.33,1,0.2849096953868866,0.3474458158016205,0.19726,0.2989432215690613,14.463,-4.345,0.07,88.41,1.02239
5550,469718.33,1,0.2876916825771332,0.348317950963974,0.19708,0.29811224341392517,14.433,-4.337,0.056,88.331,1.02249
5551,469793.33,1,0.2884909510612488,0.3480343818664551,0.19726,0.2944979667663574,14.428,-4.325,0.058,88.384,1.02202
5552,469868.33,1,0.2881481349468231,0.3490617275238037,0.19713,0.29107555747032166,14.427,-4.301,0.064,88.321,1.02143
5553,469943.33,1,0.29030391573905945,0.35159990191459656,0.19596,0.28821173310279846,14.414,-4.306,0.08,88.353,1.02215
5554,470018.33,1,0.5295702815055847,0.5287643671035767,0.09859,0.29024288058280945,14.49,-4.267,0.06,88.396,1.02194
5555,470093.33,1,0.691010057926178,0.6186618804931641,0.04722,0.29610154032707214,14.561,-4.24,-0.022,88.467,1.02268
5556,470168.33,1,0.6758377552032471,0.6145573854446411,0.05087,0.29264283180236816,14.584,-4.253,-0.02,88.383,1.02243
5557,470243.33,1,0.4608530104160309,0.4826772212982178,0.11764,0.29005831480026245,14.562,-4.274,-0.01,88.389,1.02238
5558,470318.33,1,0.35626381635665894,0.4116905927658081,0.15528,0.2914704382419586,14.568,-4.278,0.013,88.373,1.02275
5559,470393.33,1,0.3169763386249542,0.380353182554245,0.17349,0.29090410470962524,14.58,-4.277,0.028,88.384,1.02272
5560,470468.33,1,0.29684653878211975,0.3637147843837738,0.18486,0.2891179025173187,14.554,-4.288,0.043,88.36,1.02227
5561,470543.33,1,0.2928870618343353,0.3643617033958435,0.18665,0.28355589509010315,14.55,-4.279,0.056,88.374,1.02237
5562,470618.33,1,0.3122706413269043,0.37920883297920227,0.17486,0.27813324332237244,14.547,-4.283,0.061,88.303,1.0223
5563,470693.33,1,0.3134385645389557,0.38691601157188416,0.17208,0.2637612521648407,14.543,-4.287,0.061,88.327,1.02213
5564,470768.33,1,0.3066985607147217,0.38300496339797974,0.1745,0.26558011770248413,14.423,-4.3,0.065,88.259,1.02252
5565,470843.33,1,0.30811741948127747,0.38683345913887024,0.17361,0.27203646302223206,14.253,-4.219,0.087,88.307,1.02218
5566,470918.33,1,0.30579426884651184,0.385929137468338,0.17756,0.27576127648353577,14.075,-4.228,0.054,88.223,1.02187
5567,470993.33,1,0.30306681990623474,0.3853136897087097,0.18034,0.27956250309944153,13.99,-4.205,0.039,88.268,1.0224
5568,471068.33,1,0.2947438359260559,0.37785056233406067,0.1858,0.28387516736984253,13.83,-4.182,0.042,88.164,1.02184
5569,471143.33,1,0.28548160195350647,0.36158010363578796,0.19276,0.28557100892066956,13.68,-4.181,0.032,88.231,1.02153
5570,471218.33,1,0.2743869125843048,0.3516983389854431,0.19851,0.283757746219635,13.627,-4.136,0.057,88.096,1.02158
5571,471293.33,1,0.2675638794898987,0.34603485465049744,0.20152,0.28436049818992615,13.643,-4.148,0.044,88.161,1.02248
5572,471368.33,1,0.37011876702308655,0.4358642101287842,0.15487,0.28154391050338745,13.688,-4.156,0.016,88.085,1.02333
5573,471443.33,1,0.6297881007194519,0.6093872785568237,0.06048,0.2836158871650696,13.946,-4.133,-0.016,88.234,1.0222
5574,471518.33,1,0.6101484894752502,0.6112158298492432,0.06334,0.28411564230918884,13.961,-4.126,-0.019,88.084,1.02254
5575,471593.33,1,0.3955658972263336,0.4480055868625641,0.13423,0.2849161624908447,13.723,-4.192,-0.031,88.096,1.02154
5576,471668.33,1,0.2756615877151489,0.3628621995449066,0.18663,0.2871277332305908,13.516,-4.248,-0.039,88.002,1.02199
5577,471743.33,1,0.23101139068603516,0.3067179322242737,0.21428,0.2876972258090973,13.444,-4.28,-0.047,88.102,1.02116
5578,471818.33,1,0.21866214275360107,0.29273438453674316,0.22259,0.29426413774490356,13.32,-4.265,-0.084,88.032,1.01972
5579,471893.33,1,0.2140994668006897,0.3019256293773651,0.22315,0.29709985852241516,13.202,-4.268,-0.12,88.092,1.01974
5580,471968.33,1,0.22406360507011414,0.3153875768184662,0.22043,0.2928710877895355,13.036,-4.232,-0.119,88.07,1.02013
5581,472043.33,1,0.22830988466739655,0.3231642544269562,0.21926,0.28812462091445923,13.026,-4.241,-0.137,88.201,1.0201
5582,472118.33,1,0.23167918622493744,0.3280382454395294,0.21759,0.2811870276927948,13.054,-4.251,-0.165,88.203,1.01943
5583,472193.33,1,0.23298543691635132,0.3290829658508301,0.21636,0.27639493346214294,13.09,-4.228,-0.161,88.291,1.02003
5584,472268.33,1,0.23776553571224213,0.3370975852012634,0.2144,0.26551690697669983,13.128,-4.219,-0.154,88.314,1.01969
5585,472343.33,1,0.24638807773590088,0.34185972809791565,0.21203,0.25839126110076904,13.251,-4.21,-0.154,88.357,1.02075
5586,472418.33,1,0.2581285238265991,0.3435990512371063,0.20938,0.2610912322998047,13.323,-4.213,-0.159,88.358,1.02038
5587,472493.33,1,0.2671557366847992,0.34707966446876526,0.2063,0.26224473118782043,13.364,-4.229,-0.166,88.41,1.02048
5588,472568.33,1,0.27209222316741943,0.3519648015499115,0.20337,0.26931676268577576,13.39,-4.218,-0.172,88.38,1.02051
5589,472643.33,1,0.2729211151599884,0.3520980179309845,0.2035,0.27021855115890503,13.408,-4.208,-0.19,88.416,1.01996
5590,472718.33,1,0.2750103175640106,0.35513371229171753,0.20171,0.27092069387435913,13.408,-4.202,-0.188,88.393,1.0199
5591,472793.33,1,0.2804339826107025,0.3644554615020752,0.19717,0.26858726143836975,13.417,-4.214,-0.177,88.457,1.02102
5592,472868.33,1,0.28395935893058777,0.36595985293388367,0.19556,0.26833218336105347,13.422,-4.227,-0.184,88.392,1.02063
5593,472943.33,1,0.2837400436401367,0.36695396900177,0.19558,0.26499682664871216,13.404,-4.22,-0.202,88.437,1.02009
5594,473018.33,1,0.2970765233039856,0.3807256519794464,0.18668,0.25995585322380066,13.403,-4.21,-0.232,88.374,1.0199
5595,473093.33,1,0.6729974746704102,0.6404349207878113,0.05077,0.2608131468296051,13.636,-4.039,-0.235,88.557,1.02077
5596,473168.33,1,0.6577434539794922,0.6157609224319458,0.05499,0.2612350881099701,13.636,-4.006,-0.249,88.44,1.02026
5597,473243.33,1,0.49348562955856323,0.5271273851394653,0.10316,0.2574077844619751,13.562,-4.035,-0.271,88.431,1.01938
5598,473318.33,1,0.36721986532211304,0.4452449083328247,0.14611,0.2588810324668884,13.442,-4.046,-0.281,88.335,1.02013
5599,473468.33,1,0.296344518661499,0.3922184705734253,0.1766,0.2640776038169861,13.186,-4.019,-0.272,88.323,1.01953
5600,473543.33,1,0.2891126275062561,0.3883530795574188,0.18135,0.26876258850097656,13.073,-4.005,-0.247,88.222,1.02052
5601,473693.33,1,0.2940492033958435,0.39420828223228455,0.17949,0.2731720209121704,12.898,-4.01,-0.211,88.212,1.01967
5602,473768.33,1,0.3003034293651581,0.39750969409942627,0.17666,0.27612361311912537,12.883,-4.005,-0.184,88.142,1.0199
5603,473923.33,1,0.31041863560676575,0.39864277839660645,0.17427,0.270241379737854,13.041,-4.031,-0.164,89.996,1.02084
5604,474005.0,1,0.3230448365211487,0.4029029905796051,0.17037,0.27166345715522766,13.064,-4.04,-0.162,90.53,1.02009
5605,474085.0,1,0.6069846153259277,0.5744578838348389,0.07402,0.2770227789878845,13.368,-3.851,-0.183,90.981,1.02091
5606,474165.0,1,0.6606084704399109,0.5887367725372314,0.05862,0.2838800549507141,13.499,-3.841,-0.207,91.084,1.02107
5607,474245.0,1,0.7191630601882935,0.6697577238082886,0.03098,0.2710065543651581,13.556,-3.72,-0.165,91.31,1.02137
5608,474325.0,1,0.721907377243042,0.6548096537590027,0.03325,0.2689480781555176,13.549,-3.73,-0.187,91.269,1.0204
5609,474405.0,1,0.48150697350502014,0.5179852247238159,0.10221,0.2637108266353607,13.344,-3.799,-0.164,91.308,1.02107
5610,474485.0,1,0.39129409193992615,0.45252954959869385,0.13409,0.2639015316963196,13.306,-3.826,-0.135,91.279,1.02105
5611,474566.67,1,0.3855862617492676,0.44676607847213745,0.1368,0.27252063155174255,13.294,-3.825,-0.114,91.368,1.02021
5612,474646.67,1,0.3942070007324219,0.4514245092868805,0.13355,0.272109717130661,13.359,-3.797,-0.098,91.336,1.02016
5613,474726.67,1,0.6851333379745483,0.6577766537666321,0.04032,0.26774218678474426,13.499,-3.757,-0.098,91.509,1.02083
5614,474806.67,1,0.6723002195358276,0.6324238777160645,0.04622,0.25904226303100586,13.613,-3.713,-0.108,91.495,1.02064
5615,474886.67,1,0.5741576552391052,0.5802369117736816,0.07426,0.2589200735092163,13.575,-3.728,-0.11,91.499,1.0209
5616,474966.67,1,0.4509628415107727,0.5013841390609741,0.11284,0.2610305845737457,13.351,-3.781,-0.11,91.436,1.02062
5617,475048.33,1,0.3921774923801422,0.4649204909801483,0.13238,0.2610432207584381,13.219,-3.843,-0.098,91.445,1.02061
5618,475128.33,1,0.38300877809524536,0.4489513039588928,0.13693,0.267095148563385,13.18,-3.83,-0.093,91.404,1.02021
5619,475208.33,1,0.3809015154838562,0.44596540927886963,0.13901,0.2657466232776642,13.181,-3.815,-0.088,91.437,1.02033
5620,475288.33,1,0.3808542788028717,0.44775599241256714,0.1401,0.263395756483078,13.229,-3.804,-0.089,91.337,1.01957
5621,475368.33,1,0.6717305183410645,0.6232820749282837,0.05066,0.2692624628543854,13.557,-3.695,-0.114,91.517,1.02005
5622,475448.33,1,0.6484470367431641,0.6087782979011536,0.05442,0.2709478735923767,13.598,-3.738,-0.117,91.409,1.02042
5623,475530.0,1,0.4013923704624176,0.47977498173713684,0.12553,0.27056050300598145,13.478,-3.843,-0.102,91.457,1.02018
5624,475610.0,1,0.34702491760253906,0.4362424612045288,0.14655,0.26541316509246826,13.447,-3.913,-0.092,91.359,1.02013
5625,475690.0,1,0.32566502690315247,0.4142748713493347,0.15726,0.26511457562446594,13.433,-3.911,-0.081,91.453,1.01949
5626,475770.0,1,0.33151745796203613,0.40568798780441284,0.1619,0.2645833194255829,13.264,-3.932,-0.071,91.434,1.0194
5627,475850.0,1,0.3640986382961273,0.38618260622024536,0.15647,0.31817930936813354,13.266,-3.932,-0.02,91.57,1.01883
5628,475930.0,1,0.3845677375793457,0.37975549697875977,0.15501,0.34357893466949463,13.261,-3.913,-0.025,91.509,1.01903
5629,476011.67,1,0.3912721276283264,0.37660109996795654,0.1541,0.34179937839508057,13.271,-3.877,-0.037,91.599,1.0191
5630,476091.67,1,0.4014909267425537,0.375226229429245,0.15344,0.33345988392829895,13.238,-3.835,-0.055,91.542,1.01938
5631,476171.67,1,0.3969876170158386,0.3786220848560333,0.15344,0.32206496596336365,13.205,-3.817,-0.073,91.645,1.01907
5632,476251.67,1,0.400007039308548,0.38953351974487305,0.1497,0.32042819261550903,13.216,-3.819,-0.092,91.548,1.01988
5633,476331.67,1,0.3963538408279419,0.396821528673172,0.14775,0.3109472393989563,13.196,-3.815,-0.1,91.602,1.01922
5634,476411.67,1,0.4001106023788452,0.4117160141468048,0.14174,0.28702932596206665,13.203,-3.778,-0.104,91.5,1.01905
5635,476491.67,1,0.3994969427585602,0.4183306396007538,0.13929,0.2767835855484009,13.175,-3.746,-0.134,91.571,1.01963
5636,476573.33,1,0.38381803035736084,0.43157607316970825,0.13891,0.27001163363456726,13.011,-3.724,-0.147,91.45,1.01996
5637,476653.33,1,0.49934858083724976,0.5313020944595337,0.09567,0.2693237066268921,13.044,-3.649,-0.175,91.564,1.01909
5638,476733.33,1,0.5764333009719849,0.57744300365448,0.07248,0.2749803960323334,13.057,-3.597,-0.238,91.499,1.01897
5639,476813.33,1,0.3604017198085785,0.44300100207328796,0.14091,0.2828100025653839,12.852,-3.632,-0.254,91.446,1.01866
5640,476893.33,1,0.2329014092683792,0.3112708330154419,0.21049,0.2796541452407837,12.792,-3.639,-0.262,91.359,1.01964
5641,476973.33,1,0.20898878574371338,0.2869546413421631,0.22795,0.27938583493232727,12.751,-3.671,-0.292,91.424,1.01929
5642,477055.0,1,0.2101268172264099,0.28508153557777405,0.23212,0.2790761888027191,12.761,-3.707,-0.307,91.374,1.01974
5643,477135.0,1,0.20988307893276215,0.28837257623672485,0.23427,0.2776016294956207,12.763,-3.742,-0.306,91.384,1.01936
5644,477215.0,1,0.20677916705608368,0.2763557732105255,0.24019,0.2754354178905487,12.771,-3.761,-0.291,91.33,1.01953
5645,477295.0,1,0.209087073802948,0.2690054476261139,0.24322,0.2758382260799408,12.761,-3.777,-0.288,91.332,1.01946
5646,477375.0,1,0.20687760412693024,0.26710858941078186,0.24489,0.27460891008377075,12.822,-3.83,-0.286,91.3,1.01951
5647,477455.0,1,0.2046077847480774,0.26954513788223267,0.24451,0.2789570391178131,12.812,-3.828,-0.287,91.323,1.02008
5648,477536.67,1,0.2033410519361496,0.2714330852031708,0.24396,0.28048545122146606,12.799,-3.818,-0.291,91.328,1.02034
5649,477616.67,1,0.203182652592659,0.2756722867488861,0.24273,0.2798236608505249,12.754,-3.818,-0.299,91.337,1.02065
5650,477696.67,1,0.2036542445421219,0.27732235193252563,0.2424,0.27921733260154724,12.744,-3.785,-0.288,91.329,1.02039
5651,477776.67,1,0.2040482759475708,0.279306024312973,0.24258,0.2749839723110199,12.709,-3.783,-0.287,91.412,1.01991
5652,477856.67,1,0.20555748045444489,0.27828699350357056,0.24282,0.2655130624771118,12.614,-3.779,-0.271,91.473,1.01977
5653,477936.67,1,0.20560531318187714,0.27346527576446533,0.24485,0.26864543557167053,12.592,-3.789,-0.288,91.613,1.02003
5654,478018.33,1,0.2039862871170044,0.27188968658447266,0.24459,0.2629104256629944,12.6,-3.778,-0.313,91.594,1.0198
5655,478098.33,1,0.2040184736251831,0.2687363922595978,0.24574,0.2647867202758789,12.601,-3.768,-0.312,91.673,1.01959
5656,478178.33,1,0.20140999555587769,0.26509302854537964,0.24765,0.2664876878261566,12.605,-3.767,-0.306,91.54,1.01996
5657,478258.33,1,0.19751352071762085,0.24799573421478271,0.25248,0.26503029465675354,12.604,-3.741,-0.302,91.585,1.01969
5658,478338.33,1,0.18797974288463593,0.23051689565181732,0.26014,0.26418185234069824,12.571,-3.744,-0.304,91.463,1.0195
5659,478418.33,1,0.1823924332857132,0.22598828375339508,0.26282,0.2657569646835327,12.639,-3.755,-0.288,91.543,1.01962
5660,478498.33,1,0.17767871916294098,0.21058467030525208,0.26708,0.270012229681015,12.668,-3.743,-0.312,91.466,1.01987
5661,478580.0,1,0.17262065410614014,0.20454151928424835,0.26914,0.2609610855579376,12.613,-3.74,-0.334,91.583,1.01947
5662,478660.0,1,0.16986174881458282,0.20304745435714722,0.26888,0.2604256570339203,12.652,-3.774,-0.299,91.52,1.01929
5663,478740.0,1,0.17086577415466309,0.20294207334518433,0.26864,0.25562241673469543,12.659,-3.793,-0.301,91.625,1.01951
5664,478820.0,1,0.17192727327346802,0.20435789227485657,0.2678,0.26145312190055847,12.685,-3.844,-0.298,91.561,1.01926
5665,478900.0,1,0.32211872935295105,0.44630569219589233,0.16413,0.29945439100265503,12.579,-4.033,-0.235,91.728,1.01948
5666,478980.0,1,0.5682590007781982,0.5896527767181396,0.07981,0.34202590584754944,12.85,-4.15,-0.221,91.642,1.01998
5667,479061.67,1,0.32225191593170166,0.42933180928230286,0.15608,0.34598925709724426,12.921,-4.2,-0.268,91.63,1.01864
5668,479141.67,1,0.23883789777755737,0.30676859617233276,0.21257,0.32327666878700256,12.708,-4.214,-0.315,91.604,1.01907
5669,479221.67,1,0.2016095221042633,0.24598951637744904,0.23828,0.3060184717178345,12.679,-4.155,-0.336,91.641,1.01901
5670,479301.67,1,0.1836545169353485,0.2180938720703125,0.24886,0.2729591131210327,12.59,-3.985,-0.387,91.716,1.02001
5671,479381.67,1,0.17529301345348358,0.21055740118026733,0.25683,0.23990395665168762,12.477,-3.899,-0.393,91.866,1.01952
5672,479461.67,1,0.17469413578510284,0.21276359260082245,0.25789,0.216624453663826,12.435,-3.84,-0.372,91.869,1.01899
5673,479543.33,1,0.1768869310617447,0.2049713134765625,0.26118,0.22992868721485138,12.448,-3.798,-0.37,91.946,1.0191
5674,479623.33,1,0.17596133053302765,0.19947892427444458,0.26312,0.22400164604187012,12.52,-3.746,-0.358,91.916,1.01916
5675,479703.33,1,0.1737724095582962,0.19511283934116364,0.26643,0.23693452775478363,12.554,-3.694,-0.342,92.008,1.01885
5676,479783.33,1,0.17430447041988373,0.195907860994339,0.26642,0.24994127452373505,12.552,-3.664,-0.336,91.988,1.01874
5677,479863.33,1,0.1756875216960907,0.19708766043186188,0.26663,0.2638859152793884,12.534,-3.725,-0.359,92.015,1.01884
5678,479943.33,1,0.17715507745742798,0.198375403881073,0.2679,0.2696058452129364,12.475,-3.722,-0.389,92.013,1.0188
5679,480025.0,1,0.17685335874557495,0.19564810395240784,0.27048,0.2766396701335907,12.464,-3.731,-0.386,92.048,1.01856
5680,480105.0,1,0.1768149733543396,0.19296106696128845,0.27226,0.29142042994499207,12.495,-3.734,-0.371,91.993,1.01869
5681,480185.0,1,0.17731358110904694,0.18979476392269135,0.274,0.2936970889568329,12.508,-3.724,-0.358,92.055,1.0187
5682,480265.0,1,0.17809370160102844,0.1875511258840561,0.27501,0.2945319414138794,12.557,-3.708,-0.357,91.992,1.01947
5683,480345.0,1,0.17325854301452637,0.1793881356716156,0.27994,0.29337236285209656,12.585,-3.706,-0.324,92.108,1.01852
5684,480425.0,1,0.17235666513442993,0.1764640212059021,0.28282,0.29225021600723267,12.628,-3.702,-0.296,92.04,1.0201
5685,480505.0,1,0.1744253784418106,0.178338423371315,0.28335,0.29267269372940063,12.647,-3.689,-0.297,92.124,1.01912
5686,480586.67,1,0.17321237921714783,0.17999804019927979,0.28407,0.2869248390197754,12.64,-3.687,-0.32,92.032,1.0193
5687,480666.67,1,0.17013423144817352,0.1794990450143814,0.28471,0.28878068923950195,12.69,-3.68,-0.326,92.114,1.01906
5688,480746.67,1,0.16664236783981323,0.1776430457830429,0.28516,0.3052785396575928,12.711,-3.671,-0.33,92.008,1.01899
5689,480826.67,1,0.16073834896087646,0.1772093027830124,0.28472,0.29332658648490906,12.715,-3.684,-0.362,92.038,1.01949
5690,480906.67,1,0.15864615142345428,0.1807822585105896,0.28281,0.2799735367298126,12.707,-3.704,-0.376,91.926,1.01932
5691,480986.67,1,0.15572653710842133,0.18115176260471344,0.28174,0.2759866714477539,12.717,-3.695,-0.37,92.008,1.01914
5692,481068.33,1,0.16213580965995789,0.18660053610801697,0.27968,0.28310370445251465,12.702,-3.697,-0.388,91.904,1.01944
5693,481148.33,1,0.15310490131378174,0.18237830698490143,0.28267,0.27616289258003235,12.663,-3.681,-0.365,91.962,1.01846
5694,481228.33,1,0.1525326520204544,0.1846136599779129,0.28256,0.2763451635837555,12.562,-3.647,-0.344,91.86,1.01949
5695,481308.33,1,0.1540542095899582,0.18649370968341827,0.28128,0.2764667272567749,12.383,-3.598,-0.316,91.94,1.01892
5696,481388.33,1,0.6326735019683838,0.6143069267272949,0.06997,0.2836199104785919,12.583,-3.549,-0.306,91.973,1.01938
5697,481468.33,1,0.5535878539085388,0.5698432326316833,0.08578,0.277529776096344,12.489,-3.54,-0.318,92.04,1.01972
5698,481550.0,1,0.32117363810539246,0.44243669509887695,0.16318,0.27573278546333313,12.241,-3.639,-0.306,91.878,1.01938
5699,481630.0,1,0.22589156031608582,0.32008031010627747,0.21744,0.2663828432559967,12.256,-3.651,-0.317,91.755,1.0189
5700,481710.0,1,0.20357438921928406,0.2878148853778839,0.23135,0.26912978291511536,12.215,-3.675,-0.334,91.57,1.01848
5701,481790.0,1,0.18952584266662598,0.2592516839504242,0.24264,0.2774815261363983,12.253,-3.673,-0.341,91.573,1.01816
5702,481870.0,1,0.1826654076576233,0.23073074221611023,0.25085,0.3276183307170868,12.423,-3.685,-0.329,91.512,1.01833
5703,481950.0,1,0.18043385446071625,0.21514301002025604,0.25524,0.3852549195289612,12.599,-3.78,-0.376,91.532,1.01836
5704,482031.67,1,0.17995241284370422,0.20934489369392395,0.25735,0.40613895654678345,13.162,-3.891,-0.433,91.55,1.01823
5705,482111.67,1,0.18213404715061188,0.20959514379501343,0.25973,0.4844643473625183,13.811,-3.983,-0.509,91.635,1.01779
5706,482191.67,1,0.18173955380916595,0.20734629034996033,0.26295,0.5909284353256226,13.98,-3.946,-0.531,91.657,1.0183
5707,482271.67,1,0.17824441194534302,0.20174290239810944,0.26775,0.6384245157241821,13.955,-3.978,-0.523,91.704,1.01739
5708,482351.67,1,0.17521172761917114,0.19679586589336395,0.26976,0.5743739604949951,13.608,-4.009,-0.511,91.653,1.01832
5709,482431.67,1,0.17859642207622528,0.19447225332260132,0.26983,0.5706745386123657,12.785,-4.006,-0.461,91.65,1.01748
5710,482511.67,1,0.5798935890197754,0.559052586555481,0.0892,0.5127290487289429,12.86,-3.837,-0.373,91.716,1.01797
5711,482593.33,1,0.6707178354263306,0.5826539993286133,0.05931,0.4406031370162964,12.815,-3.769,-0.397,91.7,1.01837
5712,482673.33,1,0.44718819856643677,0.4538603723049164,0.12485,0.3996339738368988,12.788,-3.776,-0.405,91.568,1.01874
5713,482753.33,1,0.28382739424705505,0.3368327021598816,0.19429,0.36906081438064575,12.784,-3.793,-0.448,91.434,1.01862
5714,482833.33,1,0.22895805537700653,0.28171613812446594,0.22492,0.3235591948032379,12.801,-3.79,-0.431,91.389,1.01893
5715,482913.33,1,0.20946969091892242,0.24268729984760284,0.24144,0.291553795337677,12.801,-3.763,-0.457,91.371,1.01911
5716,482993.33,1,0.19829842448234558,0.22773557901382446,0.24885,0.2761880159378052,12.788,-3.753,-0.472,91.296,1.01913
5717,483075.0,1,0.19208893179893494,0.21840324997901917,0.25513,0.26586058735847473,12.717,-3.686,-0.48,91.289,1.01932
5718,483155.0,1,0.1866394579410553,0.21541649103164673,0.25892,0.2618269622325897,12.604,-3.657,-0.488,91.186,1.01951
5719,483235.0,1,0.18414418399333954,0.21628303825855255,0.26008,0.2609140872955322,12.577,-3.619,-0.494,91.201,1.01867
5720,483315.0,1,0.18461667001247406,0.22975102066993713,0.2562,0.2598237991333008,12.551,-3.625,-0.492,91.051,1.02028
5721,483395.0,1,0.18881918489933014,0.24744746088981628,0.25111,0.26165658235549927,12.531,-3.629,-0.489,91.099,1.02025
5722,483475.0,1,0.19701091945171356,0.2653747797012329,0.24341,0.26180851459503174,12.459,-3.634,-0.459,90.959,1.0197
5723,483556.67,1,0.20236122608184814,0.27539828419685364,0.23947,0.261739581823349,12.446,-3.657,-0.452,91.041,1.02009
5724,483636.67,1,0.20348788797855377,0.2776963710784912,0.23898,0.26123732328414917,12.433,-3.659,-0.446,91.083,1.01962
5725,483711.67,1,0.20364537835121155,0.2732851207256317,0.23991,0.2609177231788635,12.456,-3.645,-0.415,89.641,1.02015
5726,483786.67,1,0.2031092494726181,0.2713439464569092,0.24112,0.25935590267181396,12.418,-3.615,-0.397,89.068,1.01969
5727,483861.67,1,0.20134134590625763,0.26707398891448975,0.24259,0.26116642355918884,12.371,-3.603,-0.383,88.738,1.01914
5728,483936.67,1,0.20166532695293427,0.2682112753391266,0.24285,0.2607698440551758,12.335,-3.583,-0.357,88.537,1.01872
5729,484011.67,1,0.20116670429706573,0.259904682636261,0.24496,0.2593262493610382,12.386,-3.583,-0.347,88.398,1.01929
5730,484088.33,1,0.20162256062030792,0.2629654109477997,0.24564,0.25487735867500305,12.38,-3.606,-0.346,88.227,1.01966
5731,484163.33,1,0.20343969762325287,0.2664068043231964,0.24477,0.25490429997444153,12.37,-3.611,-0.342,88.309,1.01895
5732,484238.33,1,0.2007986605167389,0.26432734727859497,0.24647,0.25608155131340027,12.384,-3.63,-0.366,88.325,1.01869
5733,484313.33,1,0.18284007906913757,0.22719037532806396,0.26013,0.25446996092796326,12.376,-3.636,-0.361,88.385,1.01774
5734,484388.33,1,0.17702923715114594,0.21444161236286163,0.26506,0.2608262896537781,12.362,-3.626,-0.343,88.38,1.01799
5735,484463.33,1,0.17392034828662872,0.2106894999742508,0.26745,0.2604914605617523,12.354,-3.638,-0.343,88.449,1.01884
5736,484538.33,1,0.17282940447330475,0.20917169749736786,0.26838,0.2623017430305481,12.362,-3.638,-0.337,88.441,1.01906
5737,484615.0,1,0.17336906492710114,0.2081463634967804,0.26882,0.2693250775337219,12.271,-3.592,-0.318,88.467,1.01836
5738,484690.0,1,0.19171249866485596,0.2756076455116272,0.24653,0.2730376422405243,12.268,-3.588,-0.275,88.491,1.01892
5739,484765.0,1,0.6434761881828308,0.6024112701416016,0.06532,0.27620208263397217,12.72,-3.47,-0.305,88.621,1.01956
5740,484840.0,1,0.46171119809150696,0.5575845241546631,0.10255,0.27753564715385437,12.588,-3.524,-0.28,88.554,1.01895
5741,484915.0,1,0.259269118309021,0.2998969554901123,0.21057,0.27332937717437744,12.585,-3.516,-0.317,88.575,1.0187
5742,484990.0,1,0.1947893351316452,0.20622676610946655,0.25451,0.2712135314941406,12.437,-3.514,-0.36,88.512,1.01766
5743,485065.0,1,0.17157702147960663,0.19142071902751923,0.26935,0.2680487632751465,12.337,-3.523,-0.379,88.585,1.01792
5744,485141.67,1,0.1680833101272583,0.18361203372478485,0.27405,0.26581841707229614,12.146,-3.535,-0.402,88.496,1.01833
5745,485216.67,1,0.1652156114578247,0.1816946566104889,0.27747,0.26345187425613403,12.13,-3.544,-0.421,88.536,1.01842
5746,485291.67,1,0.1635962575674057,0.18332482874393463,0.27822,0.26333215832710266,12.107,-3.544,-0.42,88.45,1.01837
5747,485366.67,1,0.16315221786499023,0.18346776068210602,0.27886,0.2621535360813141,12.171,-3.564,-0.457,88.505,1.0189
5748,485441.67,1,0.16362114250659943,0.1854659616947174,0.27823,0.2647243142127991,12.178,-3.574,-0.466,88.431,1.01813
5749,485516.67,1,0.16311496496200562,0.18608050048351288,0.27776,0.2669680416584015,12.107,-3.582,-0.497,88.456,1.01756
5750,485591.67,1,0.16172683238983154,0.18536405265331268,0.27795,0.2643435001373291,12.013,-3.586,-0.488,88.342,1.01836
5751,485668.33,1,0.1612505167722702,0.18492303788661957,0.27779,0.26351505517959595,11.897,-3.557,-0.478,88.394,1.01798
5752,485743.33,1,0.1610642522573471,0.18443238735198975,0.27726,0.26283231377601624,11.907,-3.566,-0.476,88.303,1.01784
5753,485818.33,1,0.1602969765663147,0.18404099345207214,0.2767,0.2607996165752411,11.911,-3.55,-0.488,88.388,1.01799
5754,485893.33,1,0.15997911989688873,0.1840543895959854,0.27696,0.2610739767551422,11.885,-3.547,-0.483,88.283,1.01815
5755,485968.33,1,0.16135428845882416,0.18645036220550537,0.27634,0.25786110758781433,11.859,-3.533,-0.488,88.367,1.01775
5756,486043.33,1,0.16252776980400085,0.1881011724472046,0.27568,0.2563113570213318,11.835,-3.541,-0.489,88.292,1.01802
5757,486118.33,1,0.16228461265563965,0.18837399780750275,0.27599,0.2530316412448883,11.808,-3.553,-0.483,88.346,1.01725
5758,486193.33,1,0.1627289056777954,0.1888434737920761,0.27624,0.25045517086982727,11.813,-3.556,-0.466,88.282,1.01805
5759,486270.0,1,0.1638798713684082,0.18971852958202362,0.276,0.24901868402957916,11.807,-3.566,-0.465,88.277,1.01799
5760,486345.0,1,0.23536843061447144,0.312483549118042,0.22078,0.2513223886489868,11.917,-3.61,-0.364,88.239,1.01772
5761,486420.0,1,0.2642892599105835,0.35154446959495544,0.2029,0.25091779232025146,11.927,-3.602,-0.373,88.339,1.0178
5762,486495.0,1,0.2768087685108185,0.3532702326774597,0.20024,0.2515276074409485,11.935,-3.594,-0.375,88.276,1.01812
5763,486570.0,1,0.2700386941432953,0.3475772738456726,0.20357,0.25199952721595764,11.92,-3.599,-0.391,88.279,1.0179
5764,486645.0,1,0.2459200769662857,0.33531275391578674,0.21471,0.2544935941696167,11.958,-3.586,-0.409,88.193,1.01794
5765,486720.0,1,0.23057113587856293,0.2958753705024719,0.22798,0.2522304356098175,12.045,-3.528,-0.434,88.157,1.0178
5766,486796.67,1,0.22185960412025452,0.28476670384407043,0.2344,0.2522049844264984,12.036,-3.517,-0.436,88.078,1.01751
5767,486871.67,1,0.2158171832561493,0.27430203557014465,0.23983,0.2513619065284729,12.044,-3.505,-0.427,88.016,1.01763
5768,486946.67,1,0.21124739944934845,0.2657940983772278,0.24318,0.2536400258541107,12.05,-3.504,-0.423,87.897,1.01783
5769,487021.67,1,0.20520339906215668,0.2521068751811981,0.24916,0.2548382580280304,12.086,-3.492,-0.439,87.762,1.01782
5770,487096.67,1,0.20061136782169342,0.24505016207695007,0.25317,0.2507394254207611,12.059,-3.483,-0.455,87.64,1.01799
5771,487171.67,1,0.19948816299438477,0.24593262374401093,0.2537,0.24893596768379211,12.054,-3.47,-0.466,87.565,1.01739
5772,487246.67,1,0.1991025060415268,0.24529360234737396,0.25384,0.24815791845321655,12.037,-3.437,-0.467,87.505,1.01782
5773,487323.33,1,0.1974000781774521,0.2452073097229004,0.25415,0.24492304027080536,12.016,-3.412,-0.47,87.437,1.01828
5774,487398.33,1,0.19439001381397247,0.24194684624671936,0.25579,0.24465394020080566,11.993,-3.371,-0.453,87.573,1.01838
5775,487473.33,1,0.19762063026428223,0.24383020401000977,0.25572,0.239834263920784,11.972,-3.356,-0.441,87.997,1.01787
5776,487548.33,1,0.30027055740356445,0.4063182771205902,0.18964,0.24446424841880798,11.968,-3.348,-0.427,88.274,1.01938
5777,487623.33,1,0.6453927159309387,0.5986780524253845,0.06556,0.2545326054096222,12.28,-3.274,-0.427,88.51,1.02003
5778,487698.33,1,0.5385527610778809,0.5734045505523682,0.08602,0.2541031539440155,12.135,-3.316,-0.435,88.399,1.0204
5779,487773.33,1,0.282519668340683,0.3122572898864746,0.20091,0.25073567032814026,12.12,-3.335,-0.504,88.38,1.01946
5780,487850.0,1,0.19675865769386292,0.23199574649333954,0.25,0.24790920317173004,12.242,-3.447,-1.091,88.467,1.01908
5781,487925.0,1,0.1743512898683548,0.20794269442558289,0.26666,0.27127063274383545,12.06,-3.463,-1.653,88.492,1.01843
5782,488000.0,1,0.16201449930667877,0.19512566924095154,0.27448,0.2772771716117859,11.936,-3.429,-1.764,88.368,1.01737
5783,488075.0,1,0.15693826973438263,0.1984236091375351,0.28478,0.5030588507652283,12.982,-2.895,-1.936,88.59,1.01717
5784,488150.0,1,0.1507033258676529,0.260023295879364,0.26772,0.6567859649658203,13.734,-2.504,-2.44,88.767,1.01736
5785,488225.0,1,0.5219709873199463,0.5758985877037048,0.11219,0.6725547313690186,13.655,-2.525,-2.384,88.827,1.01723
5786,488300.0,1,0.45175108313560486,0.5429190397262573,0.12009,0.48159632086753845,13.015,-2.583,-1.668,88.715,1.01738
5787,488376.67,1,0.2597981095314026,0.306464284658432,0.22531,0.2757730185985565,12.309,-2.424,-1.477,88.818,1.01762
5788,488451.67,1,0.19696414470672607,0.196182981133461,0.27035,0.2606475055217743,11.668,-1.981,-1.649,88.919,1.01799
5789,488526.67,1,0.1793934851884842,0.18566220998764038,0.2834,0.24492467939853668,11.418,-2.025,-1.584,89.222,1.01786
5790,488601.67,1,0.15578702092170715,0.1855078637599945,0.28337,0.263808012008667,11.333,-2.071,-1.53,89.655,1.01816
5791,488676.67,1,0.15180300176143646,0.19520802795886993,0.27924,0.34432679414749146,11.295,-2.185,-1.6,90.054,1.01705
5792,488751.67,1,0.47757938504219055,0.5159299373626709,0.11945,0.3592987060546875,11.194,-2.333,-1.494,90.431,1.01745
5793,488826.67,1,0.5683503150939941,0.5832265615463257,0.0844,0.366229385137558,11.265,-2.458,-1.311,90.786,1.01785
5794,488903.33,1,0.3262854516506195,0.46650180220603943,0.15294,0.33914127945899963,11.029,-2.603,-1.098,90.896,1.01779
5795,488978.33,1,0.22660858929157257,0.3367553949356079,0.21366,0.3069116771221161,11.027,-2.617,-0.928,91.031,1.01834
5796,489053.33,1,0.2030269056558609,0.26578861474990845,0.24331,0.31960150599479675,10.982,-2.477,-0.991,91.05,1.01763
5797,489203.33,1,0.16840991377830505,0.22891615331172943,0.2725,0.26482847332954407,10.836,-2.183,-1.1,90.655,1.01847
5798,489278.33,1,0.15893304347991943,0.21423107385635376,0.2786,0.2780475914478302,10.824,-2.028,-1.039,90.542,1.01842
5799,489353.33,1,0.14889289438724518,0.2108260989189148,0.28262,0.29676324129104614,10.961,-1.819,-1.061,90.445,1.01772
5800,489428.33,1,0.15262514352798462,0.20231622457504272,0.28392,0.30108368396759033,11.006,-1.658,-1.084,90.39,1.0173
5801,489505.0,1,0.15653450787067413,0.1943163424730301,0.28479,0.2890649139881134,11.026,-1.59,-1.116,90.376,1.01652
5802,489580.0,1,0.15377140045166016,0.18355150520801544,0.28686,0.28060463070869446,10.996,-1.556,-1.119,90.307,1.01635
5803,489655.0,1,0.15268123149871826,0.18055197596549988,0.28665,0.26308387517929077,10.979,-1.552,-1.114,90.295,1.01767
5804,489730.0,1,0.1546766608953476,0.18274572491645813,0.28515,0.25920748710632324,10.953,-1.543,-1.099,90.27,1.01782
5805,489805.0,1,0.15564373135566711,0.18642666935920715,0.28206,0.2595227062702179,10.846,-1.712,-1.059,90.259,1.01854
5806,489880.0,1,0.1603180170059204,0.1934308260679245,0.27865,0.253729909658432,10.68,-1.915,-0.973,90.132,1.01801
5807,489955.0,1,0.1591329574584961,0.19820860028266907,0.27597,0.24598495662212372,10.685,-1.954,-0.888,90.035,1.01772
5808,490031.67,1,0.1636752039194107,0.21487505733966827,0.26793,0.250419557094574,10.555,-2.022,-0.881,90.063,1.01803
5809,490106.67,1,0.16804543137550354,0.2232155054807663,0.26571,0.2548500597476959,10.517,-2.06,-0.826,90.165,1.01884
5810,490181.67,1,0.1707375943660736,0.23581010103225708,0.26318,0.2615118622779846,10.51,-2.046,-0.838,90.008,1.01819
5811,490256.67,1,0.18705463409423828,0.25644004344940186,0.25055,0.2611108720302582,10.399,-2.021,-0.824,89.909,1.01841
5812,490331.67,1,0.19739624857902527,0.29258814454078674,0.22857,0.25396794080734253,10.321,-2.082,-0.764,89.775,1.01744
5813,490406.67,1,0.20163953304290771,0.31490373611450195,0.22333,0.26093795895576477,10.213,-2.202,-0.699,89.962,1.01747
5814,490481.67,1,0.22077514231204987,0.3169044852256775,0.21871,0.2614458501338959,10.263,-2.245,-0.603,90.067,1.01876
5815,490558.33,1,0.23269474506378174,0.31450551748275757,0.21748,0.25668826699256897,10.258,-2.301,-0.523,90.193,1.01871
5816,490633.33,1,0.23319323360919952,0.3268364667892456,0.21399,0.26008012890815735,10.315,-2.321,-0.515,90.226,1.01937
5817,490783.33,1,0.22959387302398682,0.32838523387908936,0.21264,0.25113195180892944,10.51,-2.372,-0.535,89.749,1.01796
5818,490858.33,1,0.23066093027591705,0.3294144868850708,0.21175,0.24803228676319122,10.584,-2.495,-0.56,89.553,1.01821
5819,490933.33,1,0.23108302056789398,0.3314715623855591,0.21107,0.24045322835445404,10.62,-2.504,-0.602,89.658,1.01784
5820,491008.33,1,0.23081959784030914,0.3336349427700043,0.21041,0.23662599921226501,10.745,-2.671,-0.606,89.578,1.01831
5821,491085.0,1,0.22738005220890045,0.3485211133956909,0.20599,0.2669002115726471,10.751,-2.562,-0.789,89.85,1.01806
5822,491160.0,1,0.22617796063423157,0.36870789527893066,0.19866,0.30974245071411133,10.882,-2.615,-0.951,89.747,1.0176
5823,491235.0,1,0.24957029521465302,0.3917536437511444,0.18719,0.3243047595024109,10.778,-2.61,-1.05,89.354,1.01748
5824,491310.0,1,0.2672136425971985,0.41372036933898926,0.17852,0.3176364302635193,10.892,-2.635,-1.07,89.448,1.01802
5825,491385.0,1,0.28961578011512756,0.4230566918849945,0.17419,0.2763735055923462,11.02,-2.683,-0.998,89.305,1.01761
5826,491460.0,1,0.32250094413757324,0.39984971284866333,0.17152,0.43492254614830017,11.492,-2.954,-0.778,89.47,1.01843
5827,491535.0,1,0.3394146263599396,0.39385074377059937,0.1696,0.4357694983482361,11.633,-3.064,-0.715,89.507,1.01779
5828,491611.67,1,0.3660242557525635,0.401406466960907,0.16145,0.41481131315231323,11.761,-3.08,-0.688,89.417,1.01823
5829,491686.67,1,0.6653779745101929,0.6432023048400879,0.04818,0.4107506275177002,11.939,-3.03,-0.684,89.547,1.01777
5830,491761.67,1,0.6018655300140381,0.6004694700241089,0.06296,0.40200209617614746,12.004,-3.077,-0.677,89.592,1.01874
5831,491836.67,1,0.3148617744445801,0.36627086997032166,0.16606,0.32820990681648254,11.669,-3.067,-0.701,89.571,1.01774
5832,491911.67,1,0.18824253976345062,0.21324022114276886,0.23266,0.2701684534549713,11.454,-3.024,-0.782,89.53,1.0177
5833,491986.67,1,0.15900342166423798,0.194263756275177,0.24994,0.252217561006546,11.395,-3.037,-0.811,89.568,1.01768
5834,492061.67,1,0.14807483553886414,0.1895233392715454,0.25828,0.24185623228549957,11.393,-3.018,-0.806,89.524,1.01655
5835,492138.33,1,0.156007319688797,0.20448921620845795,0.25507,0.24089685082435608,11.342,-3.028,-0.837,89.556,1.0167
5836,492213.33,1,0.16237865388393402,0.20781433582305908,0.25269,0.22963179647922516,11.327,-3.036,-0.818,89.519,1.01701
5837,492288.33,1,0.17239081859588623,0.21306762099266052,0.24775,0.23172436654567719,11.301,-3.068,-0.802,89.557,1.01598
5838,492363.33,1,0.18897645175457,0.22975800931453705,0.23954,0.23258237540721893,11.249,-3.134,-0.796,89.543,1.01621
5839,492438.33,1,0.1786210536956787,0.23177878558635712,0.25606,0.26163995265960693,11.185,-3.283,-0.837,89.592,1.01541
5840,492513.33,1,0.15700764954090118,0.20457321405410767,0.27227,0.26650288701057434,11.157,-3.299,-0.812,89.566,1.0158
5841,492588.33,1,0.15141427516937256,0.18603110313415527,0.28217,0.27617892622947693,11.065,-3.258,-0.787,89.626,1.01524
5842,492665.0,1,0.14827094972133636,0.1854432225227356,0.28585,0.28582894802093506,10.969,-3.196,-0.72,89.491,1.01529
5843,492740.0,1,0.14768901467323303,0.18340948224067688,0.28787,0.2915633022785187,10.756,-3.111,-0.685,89.537,1.01454
5844,492815.0,1,0.1469935029745102,0.1838415265083313,0.28948,0.28772714734077454,10.547,-3.046,-0.698,89.447,1.01495
5845,492895.0,1,0.15965823829174042,0.20276565849781036,0.28102,0.27644747495651245,10.435,-2.997,-0.665,91.354,1.01457
5846,492975.0,1,0.49686726927757263,0.5299012660980225,0.11958,0.27942031621932983,10.391,-2.972,-0.646,91.984,1.0148
5847,493055.0,1,0.3576020300388336,0.5049512386322021,0.14965,0.2767234146595001,10.282,-2.993,-0.656,92.287,1.01368
5848,493135.0,1,0.2273673713207245,0.3087458312511444,0.22341,0.28344815969467163,10.363,-2.972,-0.713,92.392,1.01469
5849,493215.0,1,0.19542072713375092,0.247431218624115,0.24652,0.2885704040527344,10.443,-2.969,-0.745,92.563,1.0144
5850,493296.67,1,0.17866218090057373,0.22494962811470032,0.25886,0.2871301472187042,10.474,-2.965,-0.752,92.619,1.01442
5851,493376.67,1,0.1721060872077942,0.21793581545352936,0.2639,0.281366765499115,10.463,-2.999,-0.745,92.756,1.01392
5852,493456.67,1,0.16628262400627136,0.2116241604089737,0.27212,0.25975510478019714,10.393,-2.984,-0.775,92.766,1.01478
5853,493536.67,1,0.17133229970932007,0.20130333304405212,0.2787,0.24623225629329681,10.125,-2.937,-0.787,92.822,1.01405
5854,493616.67,1,0.16078147292137146,0.19688332080841064,0.28698,0.2247932255268097,9.563,-2.871,-0.743,92.658,1.01233
5855,493696.67,1,0.14816102385520935,0.20461878180503845,0.28839,0.24284520745277405,9.218,-2.56,-0.682,92.318,1.00913
5856,493776.67,1,0.13583491742610931,0.2184910625219345,0.28285,0.3782748281955719,8.789,-2.341,-0.776,91.803,1.00336
5857,493858.33,1,0.15637719631195068,0.24600066244602203,0.25987,0.2626993656158447,8.95,-1.89,-0.308,90.689,0.99871
5858,493938.33,1,0.44408297538757324,0.5186761617660522,0.12249,0.33750298619270325,10.683,-1.213,0.263,88.759,0.99388
5859,494018.33,1,0.373539537191391,0.4119532108306885,0.15176,0.24125611782073975,11.411,-1.478,0.449,86.302,0.99218
5860,494098.33,1,0.3680204451084137,0.4175228774547577,0.15441,0.1800657957792282,11.841,-1.525,0.181,84.516,0.99052
5861,494178.33,1,0.33516111969947815,0.3830716013908386,0.17229,0.19187314808368683,11.106,-2.052,0.258,83.179,0.99537
5862,494258.33,1,0.36320745944976807,0.41059964895248413,0.16518,0.240589439868927,10.935,-2.767,0.124,82.958,0.99723
5863,494338.33,1,0.4489990174770355,0.5124449729919434,0.12146,0.2302524745464325,11.071,-3.167,-0.766,82.388,0.99859
5864,494420.0,1,0.667848527431488,0.6680123805999756,0.04338,0.22562231123447418,10.591,-3.548,-0.92,81.652,1.00055
5865,494500.0,1,0.6247079968452454,0.5180411338806152,0.0804,0.2790779173374176,10.32,-3.077,-0.239,81.474,1.00134
5866,494580.0,1,0.29266172647476196,0.3850562572479248,0.19011,0.3326855003833771,8.646,-1.989,-0.43,81.643,1.00007
5867,494660.0,1,0.19401749968528748,0.25967520475387573,0.26089,0.33965933322906494,7.356,-0.427,-0.935,81.623,1.00037
5868,494740.0,1,0.1809423714876175,0.23948538303375244,0.26636,0.31587737798690796,7.106,0.333,-1.413,81.325,0.99916
5869,494820.0,1,0.16967780888080597,0.25764691829681396,0.26374,0.31916138529777527,6.697,0.838,-1.232,80.978,0.99962
5870,494981.67,1,0.13439525663852692,0.17123720049858093,0.29951,0.294615775346756,6.625,0.691,-0.989,80.262,0.99884
5871,495141.67,1,0.15760375559329987,0.21464811265468597,0.27989,0.3052457571029663,6.706,0.303,-1.265,79.76,1.00092
5872,495221.67,1,0.15203770995140076,0.20228372514247894,0.28256,0.31471768021583557,6.773,0.241,-1.132,79.844,1.00047
5873,495301.67,1,0.15492954850196838,0.2014128714799881,0.28242,0.3212948143482208,6.623,0.291,-0.961,80.133,1.00065
5874,495381.67,1,0.15699777007102966,0.20144687592983246,0.28161,0.32703477144241333,6.488,0.334,-0.888,80.308,0.99977
5875,495461.67,1,0.1547185480594635,0.19682855904102325,0.28254,0.3367893099784851,6.469,0.358,-0.832,80.603,1.00062
5876,495543.33,1,0.15464596450328827,0.19409526884555817,0.28047,0.34459465742111206,6.385,0.367,-0.751,80.791,1.00165
5877,495623.33,1,0.15266865491867065,0.1941155642271042,0.2808,0.33433830738067627,6.423,0.283,-0.552,80.992,1.00204
5878,495703.33,1,0.16079767048358917,0.20157191157341003,0.28123,0.29693034291267395,6.849,0.254,-0.565,81.104,1.00281
5879,495783.33,1,0.17579835653305054,0.19492553174495697,0.28234,0.40003669261932373,7.405,0.019,-0.517,81.141,1.00295
5880,495863.33,1,0.1631155163049698,0.18604767322540283,0.28682,0.3896201252937317,7.454,-0.099,-0.554,81.172,1.00199
5881,495943.33,1,0.1617729663848877,0.19252367317676544,0.28565,0.38145866990089417,7.548,-0.184,-0.519,81.342,1.00233
5882,496023.33,1,0.16087576746940613,0.198431134223938,0.28544,0.3618050813674927,7.822,-0.246,-0.46,81.39,1.00346
5883,496105.0,1,0.1607009619474411,0.20037783682346344,0.28127,0.3106786906719208,7.803,-0.372,-0.355,81.581,1.00407
5884,496185.0,1,0.2805405855178833,0.3579225242137909,0.20404,0.29525840282440186,6.771,-0.405,-0.255,81.886,1.00239
5885,496265.0,1,0.4903058409690857,0.5309937596321106,0.11324,0.2581271827220917,5.815,-0.07,-0.005,82.381,1.00314
5886,496345.0,1,0.2729734182357788,0.3380984663963318,0.21842,0.284047931432724,6.03,-0.05,-0.298,82.297,1.00201
5887,496425.0,1,0.20119133591651917,0.2731943726539612,0.24824,0.2935805916786194,6.063,-0.046,-0.034,81.811,1.00231
5888,496505.0,1,0.1890239119529724,0.2488299459218979,0.26264,0.3043707609176636,6.007,-0.377,0.532,81.587,1.00108
5889,496585.0,1,0.1812126487493515,0.24436940252780914,0.26829,0.2908681631088257,5.683,-0.509,0.578,81.232,0.99963
5890,496666.67,1,0.16837148368358612,0.23145464062690735,0.27149,0.2736596465110779,5.306,-0.636,0.279,80.895,0.99808
5891,496746.67,1,0.16383011639118195,0.22314712405204773,0.27515,0.2479383498430252,5.175,-0.803,0.087,80.609,0.99818
5892,496826.67,1,0.18363654613494873,0.2200075089931488,0.2734,0.25211861729621887,4.893,-1.005,-0.024,80.466,0.99769
5893,496906.67,1,0.1706380695104599,0.21363721787929535,0.27503,0.26894044876098633,4.957,-1.022,-0.448,80.413,0.99707
5894,496986.67,1,0.18800446391105652,0.22727133333683014,0.26001,0.2598896920681,4.671,-0.595,-0.609,80.504,0.99565
5895,497066.67,1,0.6617251634597778,0.6094341278076172,0.06617,0.27076831459999084,4.647,-0.493,-0.949,80.674,0.99537
5896,497146.67,1,0.5233316421508789,0.5403212308883667,0.10607,0.27418866753578186,4.361,-0.789,-1.09,80.757,0.99539
5897,497228.33,1,0.24109873175621033,0.34396353363990784,0.21618,0.31301575899124146,4.127,-0.842,-0.34,80.777,0.9963
5898,497308.33,1,0.16696374118328094,0.2623559236526489,0.25494,0.30308443307876587,4.453,-0.574,0.319,80.708,0.99768
5899,497388.33,1,0.1414947807788849,0.18551023304462433,0.28632,0.298399418592453,5.061,-0.281,0.355,80.811,0.9992
5900,497468.33,1,0.11394128948450089,0.15154266357421875,0.30622,0.2942183315753937,6.123,-0.594,0.353,80.887,1.00079
5901,497548.33,1,0.13222093880176544,0.15632863342761993,0.30422,0.31134432554244995,6.458,-0.796,0.307,80.849,1.00243
5902,497628.33,1,0.13414731621742249,0.15271592140197754,0.30245,0.2833317816257477,6.486,-0.953,0.22,80.679,1.00346
5903,497708.33,1,0.13837870955467224,0.15694230794906616,0.30086,0.30577120184898376,6.361,-1.121,-0.067,80.587,1.00554
5904,497788.33,1,0.14023134112358093,0.1656343787908554,0.29783,0.28781622648239136,6.45,-1.328,-0.233,80.513,1.00503
5905,497870.0,1,0.1467549055814743,0.1746610403060913,0.29312,0.28465941548347473,6.317,-1.403,-0.281,80.501,1.00519
5906,497950.0,1,0.15374755859375,0.18890292942523956,0.28659,0.2673770487308502,6.24,-1.452,-0.469,80.361,1.00561
5907,498030.0,1,0.15391287207603455,0.20027591288089752,0.28257,0.3040015697479248,6.249,-1.529,-0.554,80.303,1.00564
5908,498110.0,1,0.1555144041776657,0.2019433081150055,0.28462,0.3132249414920807,6.127,-1.586,-0.693,80.263,1.00549
5909,498190.0,1,0.16610197722911835,0.21487675607204437,0.28192,0.33487600088119507,6.059,-1.511,-0.792,80.247,1.00513
5910,498270.0,1,0.16683603823184967,0.21044759452342987,0.28048,0.3445296585559845,6.029,-1.416,-0.996,80.247,1.00478
5911,498350.0,1,0.16448287665843964,0.21215589344501495,0.27869,0.34899765253067017,6.032,-1.316,-1.115,80.382,1.0053
5912,498431.67,1,0.16577602922916412,0.21956388652324677,0.27809,0.33638811111450195,6.019,-1.319,-1.156,80.412,1.00583
5913,498511.67,1,0.1672707051038742,0.2218732237815857,0.27639,0.32208168506622314,5.99,-1.157,-1.151,80.411,1.00629
5914,498591.67,1,0.17178957164287567,0.2256132960319519,0.27462,0.3042943775653839,5.871,-0.996,-1.132,80.301,1.00546
5915,498671.67,1,0.6392238736152649,0.5947568416595459,0.08136,0.3133957087993622,5.555,-0.745,-1.022,80.363,1.0059
5916,498751.67,1,0.629470705986023,0.5493291616439819,0.08898,0.323867529630661,5.071,-0.683,-1.045,80.281,1.00578
5917,498831.67,1,0.30801820755004883,0.32959458231925964,0.20333,0.3370306193828583,4.952,-0.629,-1.199,80.305,1.0048
5918,498911.67,1,0.2139129787683487,0.2733789384365082,0.24056,0.31323328614234924,4.974,-0.618,-1.219,80.297,1.005
5919,498993.33,1,0.19627808034420013,0.2530958354473114,0.25198,0.3138361871242523,5.03,-0.661,-1.258,80.408,1.00562
5920,499073.33,1,0.20030738413333893,0.25034216046333313,0.25923,0.37916699051856995,5.225,-0.643,-1.257,80.498,1.00502
5921,499153.33,1,0.1921146959066391,0.228666752576828,0.26915,0.42183730006217957,5.707,-0.843,-1.23,80.657,1.00514
5922,499233.33,1,0.1804884523153305,0.22594471275806427,0.27456,0.43302014470100403,5.859,-0.861,-1.294,80.641,1.00463
5923,499313.33,1,0.16297027468681335,0.20990918576717377,0.28645,0.3990767300128937,5.939,-0.823,-1.286,80.72,1.0055
5924,499393.33,1,0.163861945271492,0.21565337479114532,0.28703,0.3671761155128479,6.091,-0.762,-1.333,80.694,1.0055
5925,499473.33,1,0.1683744341135025,0.2128155678510666,0.28701,0.33900049328804016,6.142,-0.726,-1.184,80.714,1.00558
5926,499555.0,1,0.1609027087688446,0.21333636343479156,0.28963,0.34403565526008606,6.318,-0.658,-1.133,80.679,1.00539
5927,499635.0,1,0.16252624988555908,0.2127988487482071,0.28841,0.34067171812057495,6.324,-0.555,-1.131,80.713,1.00636
5928,499715.0,1,0.1660435050725937,0.22035130858421326,0.28599,0.33082738518714905,6.49,-0.527,-1.08,80.709,1.00529
5929,499795.0,1,0.17041246592998505,0.23038733005523682,0.28248,0.3189794421195984,6.541,-0.528,-1.052,80.803,1.00539
5930,499875.0,1,0.1833859533071518,0.24242834746837616,0.27557,0.31488391757011414,6.592,-0.541,-1.072,80.794,1.00509
5931,499955.0,1,0.1830730438232422,0.24826672673225403,0.27374,0.31846722960472107,6.74,-0.581,-1.127,80.848,1.00619
5932,500035.0,1,0.18020832538604736,0.24532239139080048,0.27504,0.3161659836769104,6.883,-0.532,-1.138,80.824,1.00621
5933,500116.67,1,0.19583463668823242,0.255045622587204,0.26722,0.30686578154563904,7.01,-0.521,-1.178,80.837,1.00689
5934,500276.67,1,0.19430169463157654,0.24996399879455566,0.2664,0.3169253170490265,6.971,-0.327,-1.346,80.592,1.00544
5935,500356.67,1,0.18717138469219208,0.24826809763908386,0.26517,0.2970624566078186,7.023,-0.093,-1.415,80.006,1.00479
5936,500436.67,1,0.18577396869659424,0.23577864468097687,0.2659,0.2873179018497467,7.007,-0.017,-1.569,79.637,1.00387
5937,500516.67,1,0.1836240291595459,0.2238367795944214,0.26866,0.2794824242591858,6.971,0.028,-1.652,79.488,1.00271
5938,500596.67,1,0.19418995082378387,0.2349136918783188,0.26352,0.2829171419143677,6.998,-0.0,-1.758,79.367,1.00418
5939,500678.33,1,0.2034876048564911,0.24983493983745575,0.25485,0.28707972168922424,7.007,-0.046,-1.724,79.223,1.00445
5940,500758.33,1,0.212893545627594,0.257601797580719,0.25292,0.2759379744529724,6.975,-0.008,-1.693,78.92,1.00334
5941,500838.33,1,0.2201024442911148,0.2698419988155365,0.248,0.26540490984916687,6.948,0.038,-1.634,80.544,1.00424
5942,500918.33,1,0.2230173796415329,0.2833664119243622,0.24448,0.27420946955680847,6.816,0.089,-1.652,81.046,1.00374
5943,500998.33,1,0.22489222884178162,0.2912641763687134,0.24113,0.2671535611152649,6.794,-0.018,-1.618,81.209,1.00267
5944,501078.33,1,0.22302229702472687,0.30923953652381897,0.23915,0.2651384770870209,6.926,0.206,-1.699,84.48,1.00392
5945,501158.33,1,0.5320974588394165,0.5847243070602417,0.10171,0.271535724401474,7.101,0.554,-1.573,87.726,1.00525
5946,501238.33,1,0.5770285129547119,0.608192503452301,0.08095,0.2608080804347992,6.596,0.615,-1.503,88.531,1.00589
5947,501320.0,1,0.25162649154663086,0.3290562033653259,0.22662,0.28851720690727234,5.937,0.464,-1.342,88.948,1.00372
5948,501400.0,1,0.1653987318277359,0.22285403311252594,0.27885,0.29575034976005554,5.68,0.32,-1.215,89.155,1.00462
5949,501480.0,1,0.15721310675144196,0.19791671633720398,0.29005,0.29624319076538086,5.657,0.435,-1.21,89.541,1.00479
5950,501560.0,1,0.16805581748485565,0.21068686246871948,0.28724,0.3182007670402527,5.595,0.481,-1.277,89.528,1.0046
5951,501640.0,1,0.1262943148612976,0.17647850513458252,0.30508,0.3982473611831665,5.752,0.356,-1.412,89.592,1.00532
5952,501720.0,1,0.11261914670467377,0.16691745817661285,0.30905,0.39319199323654175,6.038,0.325,-1.567,89.56,1.00543
5953,501800.0,1,0.11535867303609848,0.17557314038276672,0.30741,0.3680987060070038,6.175,0.285,-1.53,89.636,1.00523
5954,501881.67,1,0.12622228264808655,0.19110503792762756,0.29949,0.3620263338088989,6.356,0.299,-1.47,89.618,1.00391
5955,501961.67,1,0.13656820356845856,0.19600535929203033,0.29451,0.34084489941596985,6.544,0.329,-1.399,89.632,1.00479
5956,502041.67,1,0.16975653171539307,0.22956441342830658,0.2781,0.3306403160095215,7.167,0.164,-1.475,89.685,1.00458
5957,502121.67,1,0.38490575551986694,0.44000840187072754,0.16719,0.33176156878471375,9.627,-0.748,-0.97,90.023,1.00536
5958,502201.67,1,0.5268563032150269,0.5607376098632812,0.0996,0.34893572330474854,11.499,-1.78,-0.758,90.342,1.00527
5959,502281.67,1,0.6030996441841125,0.619197428226471,0.06647,0.2837880849838257,11.809,-2.357,-1.046,90.586,1.00616
5960,502361.67,1,0.745317280292511,0.6889306306838989,0.02528,0.32376956939697266,11.506,-2.348,-1.304,90.549,1.00578
5961,502443.33,1,0.6416628360748291,0.6046946048736572,0.07629,0.3424956500530243,9.956,-2.255,-1.351,90.52,1.00551
5962,502523.33,1,0.24815280735492706,0.37761250138282776,0.21248,0.39321786165237427,7.092,-1.872,-1.19,90.628,1.0052
5963,502603.33,1,0.16878806054592133,0.24630239605903625,0.27491,0.3717241585254669,6.027,-1.27,-0.914,91.179,1.00562
5964,502683.33,1,0.16268716752529144,0.22096844017505646,0.27812,0.29627665877342224,5.985,-0.984,-1.096,91.328,1.00546
5965,502763.33,1,0.1549089252948761,0.20493945479393005,0.28247,0.2848285734653473,5.997,-0.752,-1.329,91.338,1.00509
5966,502843.33,1,0.14193587005138397,0.19595345854759216,0.28836,0.28222566843032837,5.929,-0.376,-1.307,90.806,1.00456
5967,502923.33,1,0.13680604100227356,0.19313012063503265,0.29121,0.29342615604400635,5.962,-0.24,-1.27,90.636,1.00385
5968,503005.0,1,0.13624586164951324,0.19642919301986694,0.29038,0.28217169642448425,5.93,-0.157,-1.236,90.522,1.00427
5969,503085.0,1,0.13802389800548553,0.2005435675382614,0.29082,0.270120233297348,5.951,-0.136,-1.208,90.362,1.00451
5970,503165.0,1,0.1322460025548935,0.19244404137134552,0.29306,0.24798686802387238,5.877,-0.055,-1.217,90.223,1.00423
5971,503245.0,1,0.13485978543758392,0.19379806518554688,0.29247,0.245939701795578,5.761,-0.01,-1.255,90.296,1.00391
5972,503325.0,1,0.135525643825531,0.19252322614192963,0.29264,0.25182756781578064,5.694,-0.033,-1.176,90.12,1.00355
5973,503405.0,1,0.1366553157567978,0.1914862096309662,0.29143,0.25463610887527466,5.695,-0.054,-1.215,90.059,1.0028
5974,503485.0,1,0.1375207006931305,0.19287176430225372,0.29127,0.2544422745704651,5.694,-0.018,-1.258,89.992,1.00313
5975,503566.67,1,0.1450522541999817,0.2017400860786438,0.28882,0.2443547546863556,5.539,0.027,-1.245,90.027,1.00393
5976,503646.67,1,0.14587485790252686,0.19492274522781372,0.2898,0.25175905227661133,5.55,0.044,-1.245,89.967,1.00372
5977,503726.67,1,0.14753493666648865,0.20268066227436066,0.28692,0.26451948285102844,5.459,0.076,-1.191,89.954,1.0037
5978,503806.67,1,0.1500660628080368,0.20363792777061462,0.28671,0.26438993215560913,5.457,0.053,-1.218,89.827,1.00352
5979,503886.67,1,0.15249203145503998,0.20654042065143585,0.28558,0.26137620210647583,5.464,0.017,-1.358,89.755,1.00273
5980,503966.67,1,0.15214896202087402,0.2052111029624939,0.28439,0.2511114478111267,5.522,-0.006,-1.584,89.705,1.00231
5981,504046.67,1,0.15430113673210144,0.2056480199098587,0.28262,0.26201146841049194,5.438,-0.006,-1.692,89.639,1.00278
5982,504128.33,1,0.15312714874744415,0.2072162926197052,0.2816,0.26429927349090576,5.425,0.144,-1.715,89.565,1.00384
5983,504208.33,1,0.15450675785541534,0.2070281207561493,0.28231,0.2632693946361542,5.415,0.2,-1.692,89.509,1.00303
5984,504288.33,1,0.1561601608991623,0.20949451625347137,0.2817,0.2643645107746124,5.398,0.194,-1.77,89.548,1.00373
5985,504368.33,1,0.15692025423049927,0.20992697775363922,0.28088,0.25328704714775085,5.32,0.269,-1.794,89.567,1.0037
5986,504448.33,1,0.1569533497095108,0.210299551486969,0.28107,0.24963708221912384,5.382,0.336,-1.826,89.6,1.00311
5987,504528.33,1,0.1592903435230255,0.21227899193763733,0.28175,0.2499973028898239,5.375,0.371,-1.837,89.66,1.00316
5988,504608.33,1,0.1640573889017105,0.2159612625837326,0.27952,0.25044116377830505,5.394,0.369,-1.826,89.679,1.00339
5989,504690.0,1,0.45582592487335205,0.5277458429336548,0.13796,0.2806010842323303,5.089,0.309,-1.762,89.871,1.00404
5990,504770.0,1,0.4566560387611389,0.533228874206543,0.12812,0.2579082250595093,4.928,0.343,-1.842,89.963,1.00378
5991,504850.0,1,0.3038332760334015,0.3971623182296753,0.19141,0.3244161307811737,4.882,0.402,-2.032,89.93,1.00405
5992,504930.0,1,0.21940161287784576,0.3136065900325775,0.23654,0.32203415036201477,5.373,0.516,-2.086,89.954,1.00344
5993,505010.0,1,0.18479475378990173,0.27638545632362366,0.25487,0.31201013922691345,5.467,0.663,-2.089,89.973,1.00373
5994,505090.0,1,0.1632692813873291,0.2348264753818512,0.27422,0.49197694659233093,6.043,0.497,-2.258,90.044,1.00347
5995,505170.0,1,0.14847324788570404,0.20354394614696503,0.29045,0.5702626705169678,6.516,0.587,-2.18,90.183,1.00393
5996,505251.67,1,0.14327338337898254,0.19676505029201508,0.29666,0.5577735900878906,6.539,0.661,-2.173,90.052,1.00379
5997,505331.67,1,0.14617937803268433,0.1953129917383194,0.30094,0.5455528497695923,6.358,0.633,-2.113,89.949,1.00306
5998,505411.67,1,0.14906956255435944,0.18442988395690918,0.30298,0.4683321416378021,6.121,0.728,-2.07,89.937,1.00269
5999,505491.67,1,0.14737938344478607,0.18073026835918427,0.30241,0.3775082528591156,5.86,0.681,-2.032,89.896,1.00295
6000,505571.67,1,0.14767123758792877,0.18434007465839386,0.30165,0.3803078234195709,5.696,0.588,-2.056,89.931,1.00308
6001,505651.67,1,0.1466650813817978,0.20234575867652893,0.30306,0.37041449546813965,5.382,0.691,-1.865,90.198,1.0032
6002,505731.67,1,0.134794682264328,0.2171049863100052,0.29668,0.3416770398616791,4.871,0.547,-2.044,90.484,1.00248
6003,505811.67,1,0.1845572292804718,0.32445865869522095,0.24731,0.41769570112228394,4.907,0.552,-2.337,90.839,0.99992
6004,505893.33,1,0.16370876133441925,0.2660834491252899,0.26275,0.3955216407775879,4.456,0.633,-1.162,90.503,0.99699
6005,505973.33,1,0.13622628152370453,0.17326311767101288,0.29795,0.30871856212615967,3.879,1.006,-0.241,89.711,0.9942
6006,506053.33,1,0.16058140993118286,0.19346797466278076,0.30018,0.2630942463874817,3.17,0.851,-0.073,89.997,0.99108
6007,506133.33,1,0.15554367005825043,0.20940044522285461,0.29738,0.24863190948963165,4.069,0.26,0.128,91.96,0.99324
6008,506213.33,1,0.1680700182914734,0.2155075967311859,0.29636,0.3687586188316345,4.549,0.244,-0.107,95.021,0.99592
6009,506293.33,1,0.15280179679393768,0.2079096883535385,0.28402,0.33464697003364563,4.633,0.081,-0.434,96.587,0.99839
6010,506373.33,1,0.11715380847454071,0.18814240396022797,0.29595,0.25588569045066833,4.527,-0.649,-0.632,97.658,1.00046
6011,506455.0,1,0.13063648343086243,0.22099074721336365,0.27745,0.2641896605491638,5.853,-1.94,-1.058,99.099,1.00441
6012,506535.0,1,0.1433776617050171,0.2321624606847763,0.27533,0.31707069277763367,6.771,-1.847,-1.497,100.306,1.00863
6013,506615.0,1,0.17239028215408325,0.25089627504348755,0.28312,0.3819408714771271,8.55,-1.234,-1.171,107.027,1.03032
6014,506695.0,1,0.15301504731178284,0.2673397362232208,0.27707,0.2781243324279785,11.497,-1.762,-0.653,106.585,1.0461
6015,506775.0,1,0.12166457623243332,0.2449873983860016,0.271,0.14233486354351044,14.808,-1.911,-0.616,103.325,1.04911
6016,506855.0,1,0.4640491008758545,0.6871792078018188,0.08909,0.3488862216472626,21.558,-3.435,-0.969,100.483,1.05
6017,506935.0,1,0.260505735874176,0.5325602293014526,0.18152,0.20657983422279358,22.028,-3.671,-1.532,97.688,1.05058
6018,507096.67,1,0.0804111510515213,0.2641286551952362,0.29334,0.260797917842865,17.386,-5.194,-1.735,94.412,1.0534
6019,507176.67,1,0.05911705642938614,0.16238383948802948,0.32599,0.19885390996932983,15.328,-5.792,-1.363,92.911,1.05278
6020,507256.67,1,0.055176008492708206,0.14512084424495697,0.32711,0.1938762217760086,15.005,-6.669,-1.125,92.276,1.05379
6021,507336.67,1,0.0673469752073288,0.1549854427576065,0.31142,0.3110577464103699,15.2,-6.601,-0.772,93.028,1.05638
6022,507416.67,1,0.09391006082296371,0.1582459956407547,0.31437,0.27826398611068726,17.493,-6.939,-0.415,96.682,1.06166
6023,507496.67,1,0.6092572212219238,0.4794226884841919,0.08749,0.23834767937660217,15.888,-5.118,0.086,92.647,1.04825
6024,507578.33,1,0.7168244123458862,0.5703443288803101,0.04902,0.31508198380470276,15.19,-3.519,-0.404,86.924,1.02442
6025,507658.33,1,0.48515447974205017,0.37091895937919617,0.15366,0.31757208704948425,14.506,-2.511,-0.583,87.359,1.02563
6026,507738.33,1,0.3376137614250183,0.27800729870796204,0.21478,0.3112128674983978,14.079,-2.024,-0.555,87.782,1.0266
6027,507818.33,1,0.24417930841445923,0.24797366559505463,0.24426,0.3234410583972931,13.899,-2.01,-0.432,88.08,1.02682
6028,507898.33,1,0.19361479580402374,0.22141936421394348,0.26446,0.30718904733657837,13.517,-2.014,-0.273,88.115,1.02731
6029,507978.33,1,0.20476385951042175,0.22276490926742554,0.26694,0.30413737893104553,13.148,-2.193,-0.045,88.177,1.02781
6030,508058.33,1,0.18756292760372162,0.22758260369300842,0.27169,0.29100021719932556,12.278,-2.078,0.071,88.196,1.02648
6031,508140.0,1,0.19255772233009338,0.24221579730510712,0.26849,0.29374709725379944,11.778,-1.752,0.131,88.417,1.02665
6032,508220.0,1,0.19494588673114777,0.24849697947502136,0.26445,0.29689842462539673,11.572,-1.396,0.079,88.201,1.0274
6033,508300.0,1,0.19872404634952545,0.2374701052904129,0.26333,0.3082084655761719,11.526,-1.206,0.089,88.193,1.02633
6034,508380.0,1,0.19391800463199615,0.24329471588134766,0.25825,0.3372918963432312,11.447,-1.346,0.086,88.286,1.02672
6035,508460.0,1,0.20671969652175903,0.2361622303724289,0.25952,0.45131993293762207,12.051,-1.754,0.11,88.512,1.02544
6036,508540.0,1,0.19385160505771637,0.20971953868865967,0.26138,0.6366162300109863,12.684,-2.14,-0.054,88.706,1.02457
6037,508620.0,1,0.20040003955364227,0.21560555696487427,0.26102,0.6215016841888428,12.81,-2.356,-0.223,88.735,1.02442
6038,508701.67,1,0.18174734711647034,0.19870918989181519,0.27503,0.6372888684272766,12.274,-2.632,-0.269,88.582,1.02399
6039,508781.67,1,0.16596946120262146,0.16392426192760468,0.29007,0.5897952318191528,11.366,-2.674,-0.181,88.473,1.02306
6040,508861.67,1,0.16607199609279633,0.18766364455223083,0.28565,0.4382334053516388,10.661,-3.011,-0.142,88.257,1.02285
6041,508941.67,1,0.2023964822292328,0.2375430017709732,0.26605,0.3158561587333679,10.513,-2.707,0.011,88.054,1.02232
6042,509021.67,1,0.20974093675613403,0.25669947266578674,0.25658,0.3217715919017792,10.459,-2.603,0.057,87.983,1.02343
6043,509101.67,1,0.1982966810464859,0.2334255874156952,0.26274,0.33254167437553406,10.352,-2.489,0.005,87.9,1.02298
6044,509181.67,1,0.19066625833511353,0.21953026950359344,0.26689,0.3147754371166229,10.034,-2.378,-0.054,87.764,1.02275
6045,509261.67,1,0.18632417917251587,0.24824000895023346,0.25848,0.32772335410118103,9.756,-2.418,-0.035,87.741,1.02306
6046,509343.33,1,0.17244289815425873,0.22570602595806122,0.26589,0.32036104798316956,9.781,-2.361,0.078,87.68,1.02267
6047,509423.33,1,0.2134864330291748,0.3240567445755005,0.23308,0.3158724009990692,9.756,-2.328,0.144,87.766,1.02283
6048,509503.33,1,0.6437221765518188,0.6112292408943176,0.06332,0.2949676811695099,9.972,-2.278,0.201,87.782,1.02293
6049,509583.33,1,0.5633007287979126,0.5523803234100342,0.09319,0.2865661084651947,10.047,-2.331,0.239,87.737,1.02292
6050,509663.33,1,0.43871280550956726,0.5125089883804321,0.13225,0.30576667189598083,10.02,-2.364,0.282,87.657,1.02326
6051,509743.33,1,0.36090919375419617,0.43105122447013855,0.17507,0.33224087953567505,10.123,-2.389,0.267,87.687,1.02303
6052,509823.33,1,0.32399287819862366,0.398837685585022,0.19387,0.3649984300136566,10.295,-2.527,0.244,87.656,1.023
6053,509905.0,1,0.30804723501205444,0.38224145770072937,0.20269,0.3649897277355194,10.383,-2.584,0.241,87.61,1.02304
6054,509985.0,1,0.2985515892505646,0.37236711382865906,0.20821,0.34776943922042847,10.405,-2.606,0.225,87.431,1.02228
6055,510065.0,1,0.2913702428340912,0.3575214743614197,0.21613,0.3048524558544159,10.426,-2.623,0.19,87.308,1.02284
6056,510145.0,1,0.27619868516921997,0.33564019203186035,0.22458,0.29421892762184143,10.415,-2.654,0.183,87.215,1.02275
6057,510225.0,1,0.2592741847038269,0.3171677887439728,0.23276,0.2966482937335968,10.422,-2.692,0.169,87.185,1.02255
6058,510305.0,1,0.24669718742370605,0.31991350650787354,0.23381,0.3133143186569214,10.375,-2.694,0.147,87.116,1.02351
6059,510385.0,1,0.24125881493091583,0.3127196431159973,0.23754,0.3156459927558899,10.337,-2.736,0.146,87.076,1.02263
6060,510466.67,1,0.23395627737045288,0.31366491317749023,0.23747,0.30260324478149414,10.336,-2.787,0.136,86.921,1.0224
6061,510546.67,1,0.23181907832622528,0.3188035488128662,0.23472,0.3033145070075989,10.307,-2.799,0.144,86.948,1.02173
6062,510626.67,1,0.2384316623210907,0.32553911209106445,0.2294,0.2968810796737671,10.298,-2.818,0.14,86.87,1.02172
6063,510706.67,1,0.24149544537067413,0.3289486765861511,0.22699,0.30086034536361694,10.292,-2.796,0.141,86.873,1.02197
6064,510786.67,1,0.24501462280750275,0.3419002592563629,0.22413,0.303661048412323,10.271,-2.795,0.129,86.865,1.02249
6065,510866.67,1,0.24843116104602814,0.3537214696407318,0.22129,0.31283965706825256,10.263,-2.797,0.13,86.922,1.02187
6066,510946.67,1,0.24643968045711517,0.35610106587409973,0.22297,0.31705591082572937,10.26,-2.802,0.09,86.901,1.02271
6067,511028.33,1,0.24501076340675354,0.35481545329093933,0.22605,0.3198540210723877,10.331,-2.838,0.028,87.065,1.02193
6068,511108.33,1,0.2424095720052719,0.3511905074119568,0.22961,0.3190765380859375,10.373,-2.849,0.01,87.157,1.02268
6069,511188.33,1,0.23682059347629547,0.34159737825393677,0.23288,0.3156059682369232,10.414,-2.862,-0.009,87.348,1.0229
6070,511268.33,1,0.2346794456243515,0.33237218856811523,0.23463,0.30902165174484253,10.452,-2.869,-0.008,87.383,1.02283
6071,511348.33,1,0.23310834169387817,0.31877192854881287,0.23866,0.28088340163230896,10.519,-2.863,-0.013,87.478,1.02244
6072,511428.33,1,0.22162863612174988,0.2909126579761505,0.25072,0.2659107446670532,10.573,-2.87,-0.048,87.485,1.02238
6073,511508.33,1,0.21658390760421753,0.27836212515830994,0.25542,0.2582953870296478,10.606,-2.849,-0.054,87.513,1.02213
6074,511590.0,1,0.22987575829029083,0.2882672846317291,0.25054,0.25449293851852417,10.523,-2.84,-0.048,87.447,1.02177
6075,511670.0,1,0.6583787202835083,0.6251840591430664,0.06065,0.23605701327323914,10.956,-2.836,-0.004,87.596,1.02157
6076,511750.0,1,0.6455993056297302,0.6207528114318848,0.05817,0.22608238458633423,11.025,-2.88,0.036,87.486,1.02179
6077,511830.0,1,0.6037014722824097,0.5863250494003296,0.07527,0.25676393508911133,10.929,-2.921,0.067,87.536,1.02142
6078,511910.0,1,0.5694898962974548,0.5304527282714844,0.09307,0.25669121742248535,10.904,-2.946,0.08,87.428,1.02191
6079,511990.0,1,0.5067698955535889,0.4791800379753113,0.11682,0.2544773817062378,10.915,-2.965,0.066,87.442,1.02216
6080,512070.0,1,0.4555138945579529,0.43384337425231934,0.13567,0.2520899772644043,10.87,-2.955,0.053,87.324,1.02304
6081,512151.67,1,0.4213548004627228,0.4081978499889374,0.1482,0.24594499170780182,10.839,-2.943,0.04,87.305,1.02261
6082,512231.67,1,0.36747968196868896,0.39111292362213135,0.16323,0.24659696221351624,10.824,-2.936,0.039,87.205,1.02238
6083,512311.67,1,0.35629186034202576,0.3806535005569458,0.17015,0.24712519347667694,10.834,-2.918,0.027,87.21,1.02208
6084,512391.67,1,0.3576659560203552,0.38077205419540405,0.17068,0.24677352607250214,10.937,-2.884,0.048,87.042,1.02303
6085,512471.67,1,0.3525623381137848,0.37855109572410583,0.17275,0.2457873672246933,10.991,-2.876,0.074,87.177,1.02318
6086,512551.67,1,0.3535412549972534,0.3765757977962494,0.17322,0.2435143142938614,10.98,-2.892,0.075,87.073,1.02179
6087,512631.67,1,0.36118754744529724,0.38353994488716125,0.17038,0.24576516449451447,10.973,-2.885,0.071,87.292,1.02267
6088,512713.33,1,0.36430850625038147,0.38860321044921875,0.16947,0.24071504175662994,10.983,-2.859,0.058,87.304,1.02313
6089,512793.33,1,0.3562248647212982,0.38592907786369324,0.1738,0.23821982741355896,10.999,-2.821,0.06,87.432,1.02279
6090,512873.33,1,0.353196382522583,0.38514629006385803,0.17674,0.2206069827079773,10.824,-2.725,0.054,87.454,1.02329
6091,512953.33,1,0.34602436423301697,0.3765537738800049,0.18166,0.21374541521072388,10.844,-2.729,0.055,87.592,1.02233
6092,513033.33,1,0.34576135873794556,0.3768883943557739,0.18151,0.21336659789085388,10.881,-2.753,0.037,87.533,1.02274
6093,513113.33,1,0.35569337010383606,0.3788675367832184,0.17678,0.23466406762599945,11.195,-2.791,0.055,87.605,1.02305
6094,513193.33,1,0.3835027515888214,0.38068264722824097,0.16855,0.2875659763813019,11.495,-2.992,-0.042,87.638,1.02281
6095,513275.0,1,0.41206133365631104,0.3825647830963135,0.15892,0.2530725598335266,11.654,-3.564,-0.492,87.812,1.02217
6096,513355.0,1,0.45173460245132446,0.3704940974712372,0.1524,0.1710435152053833,12.262,-3.724,-1.685,87.813,1.02137
6097,513435.0,1,0.45950406789779663,0.31886592507362366,0.15645,0.14080676436424255,12.466,-3.845,-3.19,87.434,1.02074
6098,513515.0,1,0.4359937310218811,0.31569749116897583,0.1618,0.2272278070449829,12.434,-3.412,-4.504,87.272,1.01977
6099,513595.0,1,0.4026877284049988,0.3385414183139801,0.16547,0.20435373485088348,11.827,-2.941,-5.062,87.296,1.02093
6100,513675.0,1,0.3845432996749878,0.3433656692504883,0.16592,0.21368464827537537,11.957,-2.516,-4.823,87.205,1.02097
6101,513755.0,1,0.3421172797679901,0.30660349130630493,0.18265,0.2263658046722412,12.203,-2.016,-4.715,87.579,1.02388
6102,513835.0,1,0.36327752470970154,0.39260780811309814,0.14953,0.2837655246257782,12.416,-1.199,-5.048,88.399,1.0245
6103,513916.67,1,0.6367719173431396,0.6177184581756592,0.05835,0.3107702434062958,13.309,-0.259,-6.057,88.962,1.02824
6104,513996.67,1,0.5756182670593262,0.6289869546890259,0.06581,0.31105902791023254,14.189,0.043,-6.347,88.822,1.02821
6105,514076.67,1,0.49351435899734497,0.6036515235900879,0.09046,0.31631743907928467,14.567,0.057,-5.878,88.822,1.02825
6106,514156.67,1,0.43771952390670776,0.5220018625259399,0.13097,0.31931549310684204,15.058,-0.092,-5.492,88.534,1.02877
6107,514236.67,1,0.4112273156642914,0.4850749969482422,0.13765,0.3205973207950592,14.992,-0.491,-4.817,87.969,1.02759
6108,514316.67,1,0.43011271953582764,0.49884718656539917,0.12756,0.3054463863372803,14.61,-0.749,-4.467,87.474,1.02672
6109,514396.67,1,0.4353654384613037,0.48812538385391235,0.12897,0.30515608191490173,14.193,-0.869,-4.372,87.229,1.02516
6110,514478.33,1,0.4087657332420349,0.5072793364524841,0.12333,0.2848162055015564,13.969,-0.934,-4.123,87.229,1.02412
6111,514558.33,1,0.40207764506340027,0.4985658526420593,0.13179,0.2701321244239807,13.338,-0.948,-4.037,87.359,1.02402
6112,514638.33,1,0.40112605690956116,0.4650691747665405,0.14179,0.2542835474014282,12.771,-1.075,-3.993,87.487,1.024
6113,514718.33,1,0.42003679275512695,0.48787033557891846,0.13175,0.26952359080314636,12.562,-1.172,-3.834,87.729,1.02362
6114,514798.33,1,0.3641860783100128,0.4416927695274353,0.15287,0.27368637919425964,12.315,-1.559,-3.72,87.832,1.02426
6115,514878.33,1,0.3321303427219391,0.4066115617752075,0.17232,0.2207350879907608,11.697,-2.179,-3.589,87.857,1.0227
6116,514958.33,1,0.3489092290401459,0.414448618888855,0.16591,0.17317762970924377,11.367,-2.497,-3.068,87.802,1.02128
6117,515040.0,1,0.29706135392189026,0.3965434432029724,0.1741,0.15499454736709595,10.898,-3.165,-2.094,87.729,1.02118
6118,515120.0,1,0.25788795948028564,0.37112489342689514,0.19434,0.14244629442691803,10.406,-3.552,-1.315,87.601,1.01957
6119,515200.0,1,0.2492779940366745,0.3465854823589325,0.20489,0.14468781650066376,9.91,-3.841,-0.741,87.412,1.01922
6120,515280.0,1,0.237493097782135,0.330198734998703,0.21461,0.1313142627477646,9.508,-3.772,-0.347,87.433,1.01946
6121,515360.0,1,0.2341138869524002,0.3272548317909241,0.2188,0.14534437656402588,9.293,-4.005,-0.223,87.59,1.01925
6122,515440.0,1,0.2572954595088959,0.3275231420993805,0.21429,0.15324226021766663,9.357,-4.075,-0.17,87.539,1.01912
6123,515520.0,1,0.26613134145736694,0.33181214332580566,0.21508,0.15409085154533386,9.405,-4.142,-0.124,87.526,1.01927
6124,515601.67,1,0.2931860387325287,0.36063292622566223,0.20309,0.15654532611370087,9.521,-4.175,-0.032,87.415,1.01885
6125,515681.67,1,0.31226614117622375,0.3634260594844818,0.20043,0.16266269981861115,9.499,-4.144,0.042,87.327,1.01864
6126,515761.67,1,0.33655503392219543,0.3694787621498108,0.19282,0.1612498164176941,9.568,-4.136,0.093,87.179,1.01775
6127,515841.67,1,0.3898683488368988,0.4068762958049774,0.16903,0.15788963437080383,9.667,-4.101,0.15,87.111,1.01757
6128,515921.67,1,0.412464439868927,0.4261782765388489,0.16034,0.1609596610069275,10.015,-4.055,0.301,87.018,1.01836
6129,516001.67,1,0.4261396825313568,0.4343397319316864,0.15587,0.15495754778385162,10.332,-3.975,0.283,86.867,1.01813
6130,516081.67,1,0.4262440800666809,0.44099438190460205,0.15089,0.18719682097434998,10.405,-3.997,0.107,86.889,1.01741
6131,516163.33,1,0.4368651211261749,0.4716935455799103,0.13968,0.2221076935529709,10.511,-4.037,-0.084,87.006,1.01811
6132,516243.33,1,0.41316676139831543,0.46370241045951843,0.1445,0.222964808344841,10.545,-4.0,-0.163,86.91,1.01788
6133,516323.33,1,0.4034602642059326,0.45337530970573425,0.14613,0.2187584489583969,10.521,-4.016,-0.176,86.889,1.01786
6134,516403.33,1,0.39859846234321594,0.4471021890640259,0.14697,0.21378052234649658,10.522,-4.032,-0.172,86.947,1.01766
6135,516483.33,1,0.441999614238739,0.4578327238559723,0.13,0.1936458796262741,10.663,-4.106,-0.234,87.04,1.01867
6136,516563.33,1,0.4808029234409332,0.5039993524551392,0.10659,0.19283835589885712,10.662,-4.29,-0.148,86.833,1.01954
6137,516643.33,1,0.5936541557312012,0.5926454067230225,0.06243,0.1953277587890625,10.889,-4.642,0.106,86.836,1.01781
6138,516725.0,1,0.6766864061355591,0.6679074168205261,0.03352,0.19163230061531067,10.952,-4.708,0.049,86.706,1.01816
6139,516805.0,1,0.6699778437614441,0.6399351358413696,0.04599,0.1936754733324051,10.966,-4.829,0.165,86.628,1.01752
6140,516885.0,1,0.5663653612136841,0.5714684724807739,0.07718,0.19190292060375214,11.129,-4.973,0.156,86.517,1.01822
6141,516960.0,1,0.4872588813304901,0.5220286846160889,0.10457,0.18892885744571686,11.085,-4.964,0.171,85.568,1.01836
6142,517035.0,1,0.4461652636528015,0.48624947667121887,0.12203,0.18739837408065796,10.908,-4.902,0.152,84.926,1.01636
6143,517110.0,1,0.4339275360107422,0.4794003963470459,0.12498,0.1858626902103424,10.921,-4.884,0.132,84.782,1.017
6144,517185.0,1,0.4344101846218109,0.46124470233917236,0.13034,0.1858453005552292,10.843,-4.895,0.102,84.701,1.0173
6145,517260.0,1,0.4510679841041565,0.47473815083503723,0.12359,0.18760192394256592,10.825,-4.875,0.047,84.696,1.01741
6146,517335.0,1,0.7104506492614746,0.6412854194641113,0.03898,0.18899640440940857,10.768,-4.815,-0.14,84.744,1.01842
6147,517411.67,1,0.7132676839828491,0.6515108346939087,0.03321,0.19510704278945923,10.896,-4.761,-0.174,84.676,1.0177
6148,517486.67,1,0.4837783873081207,0.4982443153858185,0.10975,0.20327278971672058,10.722,-4.804,-0.131,84.609,1.01829
6149,517561.67,1,0.3958034813404083,0.4307866096496582,0.14258,0.20439974963665009,10.65,-4.844,-0.143,84.526,1.01746
6150,517711.67,1,0.34900808334350586,0.38713154196739197,0.16972,0.20703396201133728,10.318,-4.9,-0.184,84.408,1.01724
6151,517786.67,1,0.34949877858161926,0.38268715143203735,0.17229,0.20612499117851257,10.344,-4.911,-0.204,84.492,1.01827
6152,517861.67,1,0.34269484877586365,0.37103259563446045,0.1771,0.2057068794965744,10.256,-4.882,-0.242,84.416,1.01771
6153,517936.67,1,0.3443669080734253,0.3715813159942627,0.17784,0.2056591659784317,10.253,-4.869,-0.273,84.517,1.01676
6154,518011.67,1,0.3516588807106018,0.39047062397003174,0.17376,0.21367980539798737,10.472,-4.804,-0.275,84.512,1.01699
6155,518086.67,1,0.3527006506919861,0.40473809838294983,0.17261,0.25055351853370667,10.652,-4.808,-0.285,84.596,1.0186
6156,518161.67,1,0.5862992405891418,0.5844064950942993,0.07922,0.26982325315475464,10.771,-4.738,-0.408,84.724,1.01869
6157,518238.33,1,0.7124501466751099,0.6820787191390991,0.02707,0.26430031657218933,10.932,-4.674,-0.553,84.899,1.01862
6158,518313.33,1,0.6551966071128845,0.6650774478912354,0.03858,0.2675647735595703,10.973,-4.621,-0.538,84.866,1.01802
6159,518388.33,1,0.5147093534469604,0.5401194095611572,0.0931,0.2628192901611328,10.971,-4.608,-0.607,84.962,1.01772
6160,518463.33,1,0.44379040598869324,0.47511160373687744,0.12164,0.25833070278167725,10.973,-4.545,-0.641,85.048,1.01757
6161,518538.33,1,0.40522292256355286,0.44419020414352417,0.13709,0.2591794431209564,11.006,-4.524,-0.681,85.157,1.01803
6162,518613.33,1,0.3899592161178589,0.43849241733551025,0.1448,0.2551032602787018,11.28,-4.492,-0.689,85.221,1.01901
6163,518688.33,1,0.39215993881225586,0.4421241581439972,0.14556,0.2466050684452057,11.445,-4.463,-0.689,85.314,1.01885
6164,518763.33,1,0.4055548906326294,0.456174373626709,0.14006,0.23937387764453888,11.776,-4.36,-0.64,85.335,1.01889
6165,518838.33,1,0.41675063967704773,0.4617643356323242,0.13664,0.22286824882030487,11.998,-4.311,-0.656,85.392,1.01848
6166,518915.0,1,0.42490363121032715,0.46085554361343384,0.1355,0.22591739892959595,12.184,-4.219,-0.651,85.39,1.01922
6167,518990.0,1,0.44967222213745117,0.46247321367263794,0.12956,0.23977908492088318,12.347,-4.156,-0.724,85.427,1.01973
6168,519065.0,1,0.4582395851612091,0.4646678864955902,0.12778,0.2501138150691986,12.395,-4.107,-0.8,85.415,1.02022
6169,519140.0,1,0.4579228460788727,0.4626525342464447,0.12861,0.250881165266037,12.402,-4.078,-0.81,85.4,1.0195
6170,519215.0,1,0.45127108693122864,0.45989757776260376,0.13066,0.24281950294971466,12.43,-4.035,-0.849,85.292,1.01876
6171,519290.0,1,0.44805294275283813,0.4620111584663391,0.12895,0.23072470724582672,12.392,-3.975,-0.85,85.264,1.01881
6172,519365.0,1,0.4490722119808197,0.46266332268714905,0.12874,0.22846609354019165,12.369,-3.936,-0.884,85.209,1.01901
6173,519440.0,1,0.6418894529342651,0.6384983062744141,0.05238,0.229139044880867,12.39,-3.803,-0.894,85.299,1.0194
6174,519515.0,1,0.7096526026725769,0.6794509887695312,0.02759,0.22003842890262604,12.398,-3.75,-0.916,85.251,1.0187
6175,519590.0,1,0.7034800052642822,0.6768080592155457,0.0284,0.21970714628696442,12.48,-3.707,-0.845,85.227,1.01996
6176,519665.0,1,0.600999116897583,0.5926212072372437,0.06591,0.22022077441215515,12.507,-3.787,-0.778,85.1,1.01962
6177,519741.67,1,0.5252466797828674,0.5416474938392639,0.09236,0.2254406213760376,12.465,-3.894,-0.736,85.071,1.01937
6178,519816.67,1,0.4828190505504608,0.5178003311157227,0.10611,0.22017839550971985,12.436,-3.905,-0.729,85.024,1.01886
6179,519891.67,1,0.4527185261249542,0.5007627606391907,0.11569,0.22363001108169556,12.313,-3.958,-0.712,84.996,1.0193
6180,519966.67,1,0.44744670391082764,0.49370452761650085,0.11767,0.22387468814849854,12.271,-3.993,-0.667,84.872,1.01963
6181,520041.67,1,0.5142092704772949,0.5230263471603394,0.09844,0.2270210236310959,12.21,-4.014,-0.665,84.961,1.01943
6182,520116.67,1,0.7137724161148071,0.6687635183334351,0.03179,0.23046670854091644,12.248,-3.965,-0.757,84.938,1.01901
6183,520191.67,1,0.7059125304222107,0.6773946285247803,0.03004,0.23462915420532227,12.374,-3.991,-0.73,84.865,1.01908
6184,520266.67,1,0.5314457416534424,0.5281214714050293,0.09184,0.22981780767440796,12.366,-4.006,-0.718,84.75,1.019
6185,520341.67,1,0.40329375863075256,0.44332751631736755,0.13911,0.22139111161231995,12.232,-4.088,-0.707,84.73,1.01941
6186,520418.33,1,0.3529919385910034,0.4083717167377472,0.16099,0.22101977467536926,12.026,-4.161,-0.722,84.675,1.01958
6187,520493.33,1,0.3376397490501404,0.3992719352245331,0.16935,0.22058945894241333,11.918,-4.147,-0.717,84.724,1.01892
6188,520568.33,1,0.33570489287376404,0.3910399377346039,0.17309,0.22496168315410614,11.913,-4.149,-0.717,84.659,1.01885
6189,520643.33,1,0.34368643164634705,0.3930945098400116,0.17125,0.2256481945514679,11.886,-4.132,-0.731,84.76,1.01792
6190,520718.33,1,0.34487998485565186,0.39268243312835693,0.17186,0.22663967311382294,11.855,-4.114,-0.725,84.69,1.01829
6191,520793.33,1,0.3437119722366333,0.3914813697338104,0.1725,0.22689321637153625,11.868,-4.097,-0.739,84.748,1.01844
6192,520868.33,1,0.34773170948028564,0.3969404697418213,0.17103,0.23087924718856812,11.875,-4.073,-0.735,84.652,1.01856
6193,520943.33,1,0.3505590260028839,0.3959541916847229,0.17231,0.22211791574954987,11.815,-4.081,-0.752,84.671,1.01809
6194,521018.33,1,0.3061240017414093,0.3691723048686981,0.18951,0.23741014301776886,11.01,-4.174,-1.068,84.697,1.01749
6195,521093.33,1,0.219529390335083,0.2995019853115082,0.24824,0.29576727747917175,9.32,-4.531,-1.429,84.774,1.01755
6196,521168.33,1,0.21307897567749023,0.29249686002731323,0.25686,0.2823205292224884,7.938,-4.579,-1.469,85.194,1.01611
6197,521245.0,1,0.468418687582016,0.545903205871582,0.11229,0.273858904838562,6.734,-4.826,-1.862,85.878,1.01595
6198,521320.0,1,0.45276516675949097,0.5587261915206909,0.10575,0.2386733591556549,5.61,-5.071,-2.109,86.245,1.01461
6199,521395.0,1,0.28658464550971985,0.36617255210876465,0.20233,0.20120087265968323,5.243,-4.829,-2.276,86.238,1.01519
6200,521470.0,1,0.2190464437007904,0.2889499366283417,0.24597,0.18135090172290802,5.516,-4.975,-1.97,86.424,1.01609
6201,521545.0,1,0.18264444172382355,0.25495344400405884,0.26014,0.20728549361228943,5.606,-5.114,-1.709,86.826,1.01667
6202,521620.0,1,0.16955721378326416,0.24925512075424194,0.26067,0.272325724363327,5.769,-5.137,-1.587,86.985,1.01702
6203,521695.0,1,0.14904503524303436,0.22289644181728363,0.27338,0.2703778147697449,5.866,-5.099,-1.488,87.066,1.01813
6204,521770.0,1,0.1313665807247162,0.19907015562057495,0.2919,0.2765212059020996,5.508,-4.968,-1.396,87.098,1.01819
6205,521845.0,1,0.13045790791511536,0.19155772030353546,0.29685,0.2884313464164734,5.228,-4.88,-1.233,87.158,1.01798
6206,521921.67,1,0.12569274008274078,0.17679627239704132,0.302,0.28450340032577515,5.286,-4.828,-1.081,87.14,1.01779
6207,521996.67,1,0.1372479647397995,0.17111733555793762,0.3003,0.27202096581459045,5.338,-4.835,-0.926,87.258,1.0176
6208,522071.67,1,0.1217898353934288,0.1649046689271927,0.30247,0.24514709413051605,5.602,-4.871,-0.745,87.281,1.01896
6209,522146.67,1,0.1194925531744957,0.15445974469184875,0.30318,0.25991711020469666,6.261,-5.137,-0.389,87.399,1.01902
6210,522221.67,1,0.11604365706443787,0.14779478311538696,0.30583,0.2254585325717926,7.224,-5.345,-0.253,87.514,1.01806
6211,522296.67,1,0.1328083574771881,0.16200673580169678,0.29501,0.23140741884708405,6.887,-5.713,-0.415,87.662,1.01743
6212,522371.67,1,0.14462417364120483,0.18477539718151093,0.28739,0.22519078850746155,5.765,-6.012,-0.711,87.676,1.01681
6213,522446.67,1,0.13712148368358612,0.19561797380447388,0.28186,0.16357888281345367,5.171,-6.122,-0.404,87.541,1.01603
6214,522521.67,1,0.1456591784954071,0.18768227100372314,0.28815,0.14764028787612915,5.4,-6.297,-0.075,87.385,1.01646
6215,522596.67,1,0.15151271224021912,0.16028012335300446,0.30159,0.12954716384410858,6.223,-6.46,0.068,87.309,1.01636
6216,522671.67,1,0.1525762677192688,0.17420510947704315,0.30074,0.12908487021923065,6.27,-6.502,0.232,87.27,1.01625
6217,522748.33,1,0.1478239893913269,0.20317187905311584,0.30128,0.12034540623426437,5.092,-6.551,-0.008,87.336,1.01645
6218,522823.33,1,0.15361320972442627,0.2152010053396225,0.28824,0.10157547146081924,3.842,-6.63,0.115,87.282,1.01523
6219,522898.33,1,0.1582557111978531,0.20692375302314758,0.28847,0.10858264565467834,4.146,-6.689,0.146,87.253,1.01481
6220,522973.33,1,0.15858079493045807,0.19191347062587738,0.28892,0.1018039882183075,5.397,-6.707,0.2,87.241,1.01519
6221,523048.33,1,0.15992015600204468,0.1947200745344162,0.29109,0.09724748879671097,5.864,-6.782,0.276,87.246,1.01527
6222,523123.33,1,0.16405732929706573,0.19005826115608215,0.29479,0.10430372506380081,5.563,-6.738,0.171,87.189,1.01534
6223,523198.33,1,0.1579212248325348,0.18830974400043488,0.29688,0.1102478876709938,5.547,-6.763,0.219,87.251,1.01523
6224,523273.33,1,0.1506710797548294,0.18920651078224182,0.29704,0.11639532446861267,5.677,-6.752,0.161,87.181,1.01567
6225,523348.33,1,0.15508434176445007,0.19528312981128693,0.29497,0.12266723811626434,6.052,-6.613,0.142,87.254,1.01525
6226,523425.0,1,0.15561102330684662,0.1952144354581833,0.29475,0.1292089819908142,6.062,-6.519,0.144,87.284,1.01464
6227,523500.0,1,0.15355350077152252,0.19139522314071655,0.29794,0.12013605237007141,5.666,-6.434,0.132,87.316,1.01465
6228,523575.0,1,0.15183843672275543,0.1910121589899063,0.2971,0.1201171800494194,5.687,-6.394,0.134,87.312,1.01576
6229,523650.0,1,0.15519696474075317,0.18267442286014557,0.29767,0.11466064304113388,5.999,-6.24,0.177,87.298,1.01617
6230,523725.0,1,0.17312732338905334,0.19750559329986572,0.2899,0.1252293884754181,6.147,-6.167,0.139,87.264,1.01623
6231,523800.0,1,0.16967551410198212,0.19480043649673462,0.29107,0.1296471506357193,6.129,-6.153,0.119,87.294,1.01597
6232,523875.0,1,0.17214950919151306,0.2041873186826706,0.28572,0.22205565869808197,6.058,-6.196,0.112,87.265,1.01646
6233,523950.0,1,0.15764953196048737,0.2127096801996231,0.27058,0.24765025079250336,6.299,-5.988,0.253,87.192,1.01554
6234,524025.0,1,0.16962632536888123,0.24550460278987885,0.25639,0.25114455819129944,7.088,-5.094,0.55,87.033,1.01635
6235,524100.0,1,0.17814336717128754,0.23661725223064423,0.25582,0.2607209086418152,8.194,-3.226,0.996,86.819,1.01637
6236,524175.0,1,0.1786157339811325,0.23650464415550232,0.25857,0.3160751163959503,8.153,-2.157,1.326,86.659,1.0158
6237,524251.67,1,0.18448930978775024,0.2537018954753876,0.25449,0.29988840222358704,8.145,-1.585,1.49,86.604,1.01551
6238,524326.67,1,0.18869952857494354,0.25577613711357117,0.25494,0.30530160665512085,8.186,-1.345,1.42,86.461,1.01541
6239,524401.67,1,0.18376190960407257,0.24976429343223572,0.25834,0.3020927608013153,8.104,-1.18,1.378,86.388,1.01675
6240,524476.67,1,0.1871287226676941,0.24825698137283325,0.25754,0.3110043704509735,7.997,-1.163,1.439,86.277,1.01751
6241,524551.67,1,0.1699787676334381,0.20288994908332825,0.28709,0.3183528184890747,7.739,-1.426,1.525,86.343,1.0171
6242,524626.67,1,0.13578233122825623,0.16662724316120148,0.30699,0.3039950132369995,7.13,-2.214,1.364,86.365,1.01687
6243,524701.67,1,0.10048069059848785,0.13531498610973358,0.32384,0.2653959095478058,6.792,-2.952,1.157,86.354,1.0159
6244,524776.67,1,0.0969126895070076,0.12020469456911087,0.33155,0.24095548689365387,6.86,-3.349,1.237,86.337,1.01624
6245,524851.67,1,0.08026809245347977,0.0995669737458229,0.33779,0.20285780727863312,6.844,-3.667,1.485,86.396,1.01594
6246,524928.33,1,0.08019161224365234,0.09853477030992508,0.33552,0.19295692443847656,6.793,-4.055,1.789,86.421,1.01573
6247,525003.33,1,0.07289669662714005,0.08131718635559082,0.34186,0.18465971946716309,6.956,-4.533,2.051,86.522,1.01566
6248,525078.33,1,0.07987542450428009,0.07595693320035934,0.34478,0.19702239334583282,6.897,-4.479,2.262,86.5,1.01557
6249,525153.33,1,0.08672209829092026,0.10008104890584946,0.33557,0.20762225985527039,6.74,-4.499,2.25,86.686,1.01479
6250,525228.33,1,0.5153064131736755,0.5013095140457153,0.12485,0.20229104161262512,6.511,-4.694,1.687,86.792,1.01498
6251,525303.33,1,0.41730332374572754,0.456739604473114,0.15601,0.20030027627944946,6.399,-4.563,0.358,86.662,1.01575
6252,525378.33,1,0.2696390748023987,0.3719753623008728,0.21443,0.14202217757701874,7.53,-3.65,-0.472,86.549,1.01661
6253,525453.33,1,0.2536205053329468,0.3171691596508026,0.2324,0.14773273468017578,8.643,-2.938,-0.079,86.465,1.017
6254,525528.33,1,0.2377406656742096,0.29047033190727234,0.23829,0.27221325039863586,8.974,-2.089,0.301,86.296,1.01651
6255,525603.33,1,0.22351865470409393,0.2597537040710449,0.24924,0.32915258407592773,8.944,-1.183,0.899,86.2,1.01681
6256,525678.33,1,0.24397604167461395,0.3556883931159973,0.21873,0.30844858288764954,8.955,-0.369,1.417,86.057,1.01621
6257,525755.0,1,0.5235960483551025,0.6259117126464844,0.09301,0.2877013385295868,9.06,0.167,2.109,86.047,1.01778
6258,525830.0,1,0.5444955229759216,0.5961135625839233,0.09401,0.267311155796051,9.25,0.599,2.509,85.965,1.01825
6259,525905.0,1,0.5989177823066711,0.6144570112228394,0.07938,0.268132746219635,7.722,1.021,2.714,85.88,1.01767
6260,525980.0,1,0.6380105018615723,0.6407041549682617,0.06318,0.2779633700847626,7.153,1.101,3.12,85.747,1.01729
6261,526055.0,1,0.691062331199646,0.6456222534179688,0.04923,0.25572529435157776,6.944,1.227,3.976,85.67,1.01734
6262,526135.0,1,0.6979944109916687,0.6602639555931091,0.04487,0.24732480943202972,6.829,1.298,4.75,85.418,1.01725
6263,526215.0,1,0.6929256916046143,0.67171311378479,0.03979,0.14868564903736115,6.731,1.025,5.29,85.443,1.01717
6264,526295.0,1,0.7126874923706055,0.7010480165481567,0.02509,0.13775277137756348,6.975,0.821,5.357,85.247,1.01591
6265,526376.67,1,0.7346657514572144,0.7082907557487488,0.02233,0.15245312452316284,7.022,0.731,5.212,85.48,1.01682
6266,526456.67,1,0.732165515422821,0.7134808301925659,0.02099,0.19454815983772278,6.775,0.549,5.037,85.447,1.01594
6267,526536.67,1,0.7246858477592468,0.7081255912780762,0.02306,0.21581149101257324,6.541,0.379,4.965,85.572,1.01715
6268,526616.67,1,0.630433976650238,0.6675978302955627,0.0631,0.3745615780353546,5.208,-0.114,4.481,85.769,1.01701
6269,526696.67,1,0.13912351429462433,0.14464294910430908,0.31229,0.5029174089431763,4.413,-0.92,3.851,85.892,1.01654
6270,526776.67,1,0.13931018114089966,0.14974361658096313,0.32612,0.5037364959716797,4.153,-1.354,3.202,85.782,1.01548
6271,526856.67,1,0.2643478810787201,0.3430248498916626,0.23782,0.4081374406814575,3.757,-2.287,2.711,85.996,1.01666
6272,526938.33,1,0.6225380897521973,0.6368308067321777,0.08288,0.29081103205680847,3.84,-3.683,2.142,86.239,1.01616
6273,527018.33,1,0.5768560171127319,0.6263378858566284,0.07642,0.2110520452260971,4.113,-5.464,1.342,86.586,1.01585
6274,527098.33,1,0.4919584095478058,0.5839357376098633,0.10317,0.2332645207643509,4.258,-6.126,0.601,86.672,1.01539
6275,527178.33,1,0.442327618598938,0.5373542308807373,0.11982,0.2686804234981537,4.664,-6.736,-0.377,86.782,1.01643
6276,527258.33,1,0.4204787313938141,0.515454888343811,0.12937,0.26562654972076416,5.392,-7.02,-1.416,86.942,1.01546
6277,527338.33,1,0.3530273735523224,0.44757744669914246,0.17142,0.2221967875957489,5.994,-6.609,-1.775,87.109,1.01632
6278,527418.33,1,0.34361350536346436,0.42366382479667664,0.17907,0.22771038115024567,5.892,-6.414,-1.76,87.181,1.01649
6279,527500.0,1,0.3267459273338318,0.3948778510093689,0.19219,0.22266048192977905,6.01,-6.204,-1.891,87.076,1.01634
6280,527580.0,1,0.39509421586990356,0.4508223235607147,0.15926,0.2192060947418213,6.586,-5.968,-2.134,86.971,1.01683
6281,527660.0,1,0.6896756291389465,0.7291407585144043,0.02577,0.20618337392807007,6.951,-5.496,-2.236,87.038,1.01845
6282,527740.0,1,0.6152668595314026,0.6600614786148071,0.05449,0.2425546944141388,8.097,-4.708,-1.855,86.969,1.01768
6283,527820.0,1,0.5386934280395508,0.5632290840148926,0.10259,0.286711722612381,8.258,-4.234,-1.33,86.94,1.01865
6284,527900.0,1,0.515150249004364,0.4852599799633026,0.133,0.2768751382827759,8.619,-3.883,-0.945,86.993,1.01855
6285,527980.0,1,0.36073601245880127,0.40394020080566406,0.1795,0.2572341859340668,8.522,-3.832,-0.918,87.049,1.01876
6286,528061.67,1,0.289666086435318,0.36049920320510864,0.20197,0.2786192297935486,8.496,-3.799,-0.882,87.031,1.01912
6287,528141.67,1,0.275414377450943,0.30980804562568665,0.22803,0.23826469480991364,8.65,-3.672,-0.555,86.968,1.01869
6288,528221.67,1,0.2633180618286133,0.29117658734321594,0.23672,0.257245272397995,8.626,-3.641,-0.437,86.898,1.01864
6289,528301.67,1,0.2518751323223114,0.3065841495990753,0.23332,0.2739759385585785,8.822,-3.508,-0.357,86.884,1.0186
6290,528381.67,1,0.25554049015045166,0.32855093479156494,0.22863,0.29325374960899353,8.815,-3.465,-0.382,86.796,1.01825
6291,528461.67,1,0.2590149939060211,0.33259111642837524,0.22591,0.2943345606327057,8.779,-3.485,-0.374,86.816,1.01804
6292,528541.67,1,0.255893737077713,0.3271865248680115,0.22604,0.2907240092754364,8.832,-3.507,-0.349,86.803,1.01832
6293,528621.67,1,0.24243371188640594,0.31889966130256653,0.23004,0.29593029618263245,8.583,-3.502,-0.342,86.835,1.01898
6294,528703.33,1,0.24177831411361694,0.30834925174713135,0.23268,0.29506561160087585,8.691,-3.521,-0.293,86.757,1.01833
6295,528783.33,1,0.23731423914432526,0.3042132556438446,0.23389,0.2925201952457428,8.797,-3.549,-0.271,86.805,1.01844
6296,528863.33,1,0.24013486504554749,0.2954002916812897,0.23628,0.2902889549732208,8.835,-3.542,-0.186,86.729,1.01908
6297,528943.33,1,0.2420029193162918,0.2976677715778351,0.23495,0.2835094630718231,8.825,-3.526,-0.155,86.748,1.01799
6298,529023.33,1,0.24594324827194214,0.30553752183914185,0.23213,0.28024744987487793,8.671,-3.493,-0.16,86.661,1.01834
6299,529103.33,1,0.24976332485675812,0.3043169677257538,0.23171,0.27022337913513184,8.727,-3.495,-0.175,86.668,1.01817
6300,529183.33,1,0.2562621831893921,0.31001296639442444,0.22934,0.2633220851421356,8.678,-3.552,-0.201,86.57,1.01836
6301,529265.0,1,0.26182955503463745,0.3219512701034546,0.22616,0.2732279896736145,8.571,-3.555,-0.182,86.666,1.01852
6302,529345.0,1,0.26122352480888367,0.3255540132522583,0.22529,0.2760670781135559,8.684,-3.588,-0.164,86.585,1.019
6303,529425.0,1,0.2636004388332367,0.32266485691070557,0.22597,0.268126517534256,8.877,-3.569,-0.136,86.6,1.01813
6304,529505.0,1,0.26391324400901794,0.32077041268348694,0.22622,0.2708846926689148,8.874,-3.577,-0.145,86.546,1.01839
6305,529585.0,1,0.24277691543102264,0.3091815114021301,0.23061,0.28982013463974,8.214,-3.563,-0.148,86.533,1.01835
6306,529665.0,1,0.24570715427398682,0.3208150863647461,0.22794,0.29435545206069946,7.978,-3.562,-0.125,86.458,1.01895
6307,529745.0,1,0.25906428694725037,0.3438540995121002,0.21988,0.2779772877693176,8.29,-3.559,-0.089,86.436,1.01826
6308,529826.67,1,0.2561052739620209,0.34134945273399353,0.22028,0.278230220079422,8.29,-3.556,-0.078,86.385,1.01869
6309,529906.67,1,0.26015225052833557,0.3448140025138855,0.21761,0.27834463119506836,8.277,-3.569,-0.094,86.439,1.01847
6310,529986.67,1,0.25654950737953186,0.33864861726760864,0.21984,0.27835655212402344,8.293,-3.568,-0.115,86.353,1.01874
6311,530066.67,1,0.2573518753051758,0.33847302198410034,0.22051,0.283376008272171,8.288,-3.555,-0.111,86.415,1.01829
6312,530146.67,1,0.6465234756469727,0.6445850729942322,0.05667,0.2707422375679016,8.595,-3.516,-0.114,86.398,1.01918
6313,530226.67,1,0.6053519248962402,0.6065755486488342,0.06851,0.27158933877944946,8.61,-3.433,-0.143,86.49,1.01884
6314,530306.67,1,0.5456423759460449,0.5719683170318604,0.08936,0.2616981863975525,8.6,-3.397,-0.157,86.411,1.0187
6315,530388.33,1,0.5276162624359131,0.5430030822753906,0.10283,0.20667634904384613,9.212,-3.368,-0.058,86.466,1.01793
6316,530468.33,1,0.7235685586929321,0.6437733173370361,0.04012,0.17773990333080292,9.91,-3.042,0.114,86.351,1.01837
6317,530548.33,1,0.6776896715164185,0.5812749266624451,0.06855,0.17222276329994202,10.242,-2.487,0.467,86.273,1.01865
6318,530628.33,1,0.4107205271720886,0.43172428011894226,0.15591,0.16032354533672333,10.049,-1.863,0.548,86.133,1.01854
6319,530708.33,1,0.3416518270969391,0.39101749658584595,0.1814,0.17912931740283966,9.86,-1.465,0.541,86.142,1.01902
6320,530788.33,1,0.31007054448127747,0.39812055230140686,0.18282,0.34418636560440063,9.794,-1.155,0.49,86.082,1.01928
6321,530868.33,1,0.3808805048465729,0.4858464002609253,0.14661,0.4625035226345062,9.901,-0.839,0.208,86.095,1.01882
6322,530950.0,1,0.5327848196029663,0.6053189635276794,0.08923,0.44069865345954895,9.871,-0.668,0.118,86.065,1.02028
6323,531030.0,1,0.5650997161865234,0.6479239463806152,0.07122,0.4220900237560272,9.933,-0.513,0.139,86.062,1.01869
6324,531110.0,1,0.5861572623252869,0.6693726778030396,0.06319,0.40719109773635864,10.07,-0.337,0.163,85.95,1.01901
6325,531190.0,1,0.5412667989730835,0.6547437906265259,0.0818,0.3897620439529419,10.111,0.011,0.216,85.969,1.01852
6326,531270.0,1,0.3871098458766937,0.5272941589355469,0.13898,0.40637078881263733,10.152,0.41,0.282,85.849,1.01857
6327,531350.0,1,0.3136022090911865,0.45843684673309326,0.17219,0.446870356798172,10.103,0.706,0.276,85.938,1.01896
6328,531430.0,1,0.285009503364563,0.44605952501296997,0.18434,0.44032004475593567,9.944,0.812,0.205,85.843,1.01841
6329,531511.67,1,0.2703437805175781,0.4372367262840271,0.18939,0.4352971315383911,9.992,0.755,0.352,85.801,1.01811
6330,531591.67,1,0.2688349783420563,0.42587903141975403,0.19148,0.39434123039245605,9.991,0.689,0.451,85.796,1.01868
6331,531671.67,1,0.3232322931289673,0.45137766003608704,0.17201,0.3569273054599762,9.903,0.539,0.556,85.946,1.01849
6332,531751.67,1,0.4420478343963623,0.5161033272743225,0.12281,0.2982449531555176,10.154,0.14,0.61,86.023,1.01916
6333,531831.67,1,0.47647687792778015,0.4929458796977997,0.1215,0.20458532869815826,10.093,-1.621,0.157,86.327,1.01924
6334,531911.67,1,0.45163705945014954,0.42109307646751404,0.1425,0.133712500333786,10.563,-2.652,-0.541,86.425,1.01776
6335,531991.67,1,0.45371395349502563,0.421514630317688,0.1396,0.1258717179298401,10.115,-3.422,-1.171,86.35,1.01682
6336,532071.67,1,0.6446131467819214,0.5317190885543823,0.07552,0.16238602995872498,10.182,-3.608,-1.819,86.248,1.01576
6337,532153.33,1,0.6614865064620972,0.5831927061080933,0.06126,0.24397291243076324,9.96,-3.2,-2.156,86.358,1.01545
6338,532233.33,1,0.4269368648529053,0.44903334975242615,0.14137,0.2590177357196808,9.578,-2.802,-2.066,86.465,1.01588
6339,532313.33,1,0.3228171467781067,0.4088270664215088,0.17632,0.24763886630535126,9.404,-2.198,-1.9,86.566,1.01539
6340,532393.33,1,0.2561679184436798,0.38831567764282227,0.19771,0.28134530782699585,9.144,-1.847,-1.652,86.529,1.01556
6341,532473.33,1,0.23119643330574036,0.3620621860027313,0.21228,0.28222692012786865,8.74,-1.589,-1.462,86.558,1.01527
6342,532553.33,1,0.26119381189346313,0.38969340920448303,0.20045,0.2810688614845276,8.542,-1.455,-1.358,86.355,1.01422
6343,532633.33,1,0.2799208462238312,0.4031260311603546,0.193,0.28398945927619934,8.504,-1.39,-1.25,86.162,1.01385
6344,532715.0,1,0.27650317549705505,0.4023798704147339,0.19402,0.2829535901546478,8.398,-1.364,-1.158,86.044,1.01526
6345,532795.0,1,0.2623375952243805,0.3727445900440216,0.20732,0.2897990345954895,8.399,-1.314,-1.076,86.211,1.01537
6346,532875.0,1,0.27841588854789734,0.3850242495536804,0.19853,0.28574782609939575,8.565,-1.197,-1.12,86.245,1.01619
6347,532955.0,1,0.3225122094154358,0.3926870822906494,0.18689,0.3549047112464905,8.942,-1.097,-1.351,86.293,1.01668
6348,533035.0,1,0.3571155369281769,0.39913472533226013,0.17938,0.3583270311355591,9.495,-0.621,-1.422,86.366,1.01717
6349,533115.0,1,0.33971986174583435,0.38862624764442444,0.18549,0.30991804599761963,9.825,-0.313,-1.664,86.338,1.01789
6350,533195.0,1,0.32738879323005676,0.38601136207580566,0.19574,0.33395957946777344,9.781,0.035,-1.89,86.143,1.0179
6351,533276.67,1,0.38009968400001526,0.4138646125793457,0.17391,0.3280821144580841,9.709,0.752,-1.988,86.105,1.01854
6352,533356.67,1,0.3891623616218567,0.40415650606155396,0.17315,0.3240933120250702,9.501,1.496,-2.282,86.032,1.01871
6353,533436.67,1,0.3839057981967926,0.40637141466140747,0.17208,0.2915930151939392,9.4,1.957,-2.431,86.053,1.01837
6354,533516.67,1,0.3677884340286255,0.3961852490901947,0.17688,0.28077325224876404,9.369,2.247,-2.389,85.967,1.01892
6355,533596.67,1,0.37241125106811523,0.41045263409614563,0.1718,0.28232094645500183,9.29,2.305,-2.418,86.027,1.01882
6356,533676.67,1,0.39398717880249023,0.4412718415260315,0.16159,0.30810725688934326,9.303,2.381,-2.431,86.025,1.01951
6357,533756.67,1,0.40069660544395447,0.4622977375984192,0.14886,0.27373021841049194,9.409,2.41,-2.726,86.135,1.01905
6358,533838.33,1,0.4812409579753876,0.5153018236160278,0.11319,0.2941943407058716,9.643,3.36,-3.581,86.187,1.02038
6359,533918.33,1,0.4433290958404541,0.4753056764602661,0.13645,0.18485569953918457,9.661,5.078,-4.766,86.059,1.02305
6360,533998.33,1,0.6410492658615112,0.6248210668563843,0.06198,0.12566961348056793,10.371,6.3,-5.162,86.068,1.02376
6361,534078.33,1,0.536984920501709,0.6480682492256165,0.08649,0.28713181614875793,11.193,6.485,-5.24,86.084,1.02385
6362,534158.33,1,0.3697829246520996,0.5344197750091553,0.13989,0.28884029388427734,10.911,6.509,-5.016,86.001,1.02326
6363,534238.33,1,0.25936806201934814,0.4774450957775116,0.17686,0.3105918765068054,10.683,6.353,-4.779,86.017,1.02303
6364,534318.33,1,0.24090425670146942,0.47997692227363586,0.18349,0.3170032501220703,10.893,6.222,-4.524,86.05,1.02164
6365,534400.0,1,0.23364323377609253,0.4207793176174164,0.19827,0.2978055477142334,10.607,5.618,-4.365,86.178,1.02167
6366,534480.0,1,0.2164626270532608,0.3666684925556183,0.2157,0.2369377315044403,10.611,5.058,-4.06,86.071,1.02112
6367,534560.0,1,0.24145321547985077,0.36212605237960815,0.20598,0.21801958978176117,10.077,4.366,-3.766,86.054,1.01938
6368,534640.0,1,0.22935029864311218,0.35012564063072205,0.21559,0.31165656447410583,9.783,3.75,-3.615,85.963,1.01889
6369,534720.0,1,0.28645792603492737,0.5115439891815186,0.15187,0.28597292304039,10.157,3.642,-3.214,85.971,1.01964
6370,534800.0,1,0.5260041952133179,0.6228773593902588,0.08071,0.27268186211586,10.259,3.477,-3.151,86.049,1.01952
6371,534880.0,1,0.5245546102523804,0.5987582206726074,0.08977,0.31820613145828247,10.297,3.271,-3.054,86.075,1.01968
6372,534961.67,1,0.6077573299407959,0.6567596793174744,0.06165,0.3208085000514984,10.596,3.044,-3.078,86.07,1.01994
6373,535041.67,1,0.6013659238815308,0.6324490308761597,0.07007,0.36047476530075073,10.87,2.816,-2.952,86.105,1.01913
6374,535121.67,1,0.5423719882965088,0.6027891635894775,0.08647,0.4134831428527832,11.025,2.593,-2.96,85.99,1.01872
6375,535201.67,1,0.5519227981567383,0.631146252155304,0.07561,0.6671515703201294,11.659,2.029,-3.33,86.297,1.01964
6376,535281.67,1,0.5764420032501221,0.6410014629364014,0.0683,0.690865695476532,11.104,1.709,-3.322,86.242,1.01943
6377,535361.67,1,0.5536202192306519,0.6212167143821716,0.0808,0.6286779046058655,10.073,1.552,-3.299,86.102,1.01844
6378,535441.67,1,0.33212810754776,0.44755980372428894,0.17249,0.622612714767456,10.316,1.076,-3.197,85.97,1.01645
6379,535523.33,1,0.3756173253059387,0.44708624482154846,0.1509,0.6508587598800659,10.295,0.906,-2.873,85.883,1.01699
6380,535603.33,1,0.537316620349884,0.5419564247131348,0.09479,0.46419084072113037,10.2,0.672,-2.563,85.759,1.01701
6381,535683.33,1,0.4663768708705902,0.5327690243721008,0.10966,0.4716261327266693,9.699,0.602,-2.612,85.66,1.01636
6382,535763.33,1,0.40411847829818726,0.46671062707901,0.1439,0.4062471389770508,9.857,0.577,-2.6,85.645,1.01697
6383,535843.33,1,0.3669673502445221,0.418120414018631,0.16266,0.3876948058605194,10.149,0.367,-2.688,85.762,1.01641
6384,535918.33,1,0.35236984491348267,0.39619186520576477,0.17228,0.3769698143005371,10.339,0.31,-2.795,85.767,1.01587
6385,535993.33,1,0.31669288873672485,0.38259896636009216,0.18583,0.3734193742275238,10.591,0.486,-2.976,85.739,1.0114
6386,536068.33,1,0.29812729358673096,0.3718189299106598,0.19612,0.39175206422805786,10.677,0.766,-3.118,85.74,1.01837
6387,536143.33,1,0.29024538397789,0.37256067991256714,0.19642,0.38084539771080017,10.758,1.07,-3.126,85.755,1.02456
6388,536220.0,1,0.29253220558166504,0.3661092221736908,0.19753,0.3985041379928589,10.588,1.35,-3.245,85.834,1.02625
6389,536295.0,1,0.28519874811172485,0.3455584645271301,0.20665,0.40975114703178406,10.335,1.597,-3.344,85.929,1.02909
6390,536370.0,1,0.28330904245376587,0.34568512439727783,0.20538,0.41476544737815857,10.252,1.854,-3.373,85.935,1.02907
6391,536445.0,1,0.3150936961174011,0.3708985447883606,0.19408,0.44847482442855835,9.991,2.062,-3.462,86.234,1.02849
6392,536520.0,1,0.31171688437461853,0.400814950466156,0.18428,0.4136575162410736,9.743,2.316,-3.668,86.432,1.03067
6393,536595.0,1,0.3249823749065399,0.4357275664806366,0.17288,0.36680954694747925,9.512,2.212,-3.856,86.539,1.03005
6394,536670.0,1,0.32545170187950134,0.44000428915023804,0.17245,0.3619801700115204,9.347,2.306,-3.837,86.441,1.0302
6395,536745.0,1,0.3254883587360382,0.44980889558792114,0.17157,0.4247024655342102,9.691,2.22,-3.825,86.327,1.03087
6396,536820.0,1,0.3326370120048523,0.46287646889686584,0.16775,0.41546526551246643,9.843,2.255,-3.821,86.34,1.03032
6397,536895.0,1,0.36765557527542114,0.5094859600067139,0.14393,0.3898560106754303,9.823,2.279,-3.752,86.395,1.03059
6398,536971.67,1,0.6136813163757324,0.6628729104995728,0.05893,0.32141485810279846,10.115,1.914,-3.646,86.372,1.03027
6399,537046.67,1,0.6488361358642578,0.6669341325759888,0.04643,0.22033558785915375,9.685,0.826,-3.632,86.309,1.02884
6400,537121.67,1,0.4166787564754486,0.5599950551986694,0.12033,0.26130691170692444,9.016,0.021,-3.384,86.144,1.0271
6401,537196.67,1,0.2707791328430176,0.4514366388320923,0.17583,0.36049750447273254,8.07,-0.822,-3.124,86.112,1.02642
6402,537271.67,1,0.3922105133533478,0.49573102593421936,0.13249,0.39341655373573303,8.056,-1.518,-2.937,86.112,1.02694
6403,537346.67,1,0.4697912633419037,0.5349984169006348,0.10077,0.30038952827453613,7.579,-2.269,-2.631,86.172,1.02612
6404,537421.67,1,0.3725763261318207,0.5115089416503906,0.13076,0.20559203624725342,7.16,-2.61,-2.269,86.072,1.0261
6405,537496.67,1,0.18948985636234283,0.35214129090309143,0.22048,0.22302457690238953,6.762,-3.246,-1.837,86.037,1.0251
6406,537571.67,1,0.15714523196220398,0.2592015266418457,0.24941,0.2276039868593216,6.953,-3.701,-1.732,85.996,1.02575
6407,537646.67,1,0.20436951518058777,0.22661863267421722,0.24039,0.24961663782596588,6.908,-4.107,-1.416,86.091,1.02574
6408,537723.33,1,0.684220552444458,0.6736078262329102,0.0322,0.18759366869926453,7.511,-4.515,-0.919,86.146,1.02641
6409,537798.33,1,0.6263425350189209,0.6328456997871399,0.049,0.22488339245319366,9.033,-4.875,-0.827,86.178,1.02607
6410,537873.33,1,0.45395055413246155,0.516159176826477,0.1104,0.2695503234863281,9.951,-4.931,-0.865,86.11,1.02594
6411,537948.33,1,0.3603369891643524,0.45223942399024963,0.15067,0.2939780652523041,9.99,-5.112,-1.231,86.136,1.02682
6412,538023.33,1,0.361549973487854,0.4570198953151703,0.1465,0.29969093203544617,10.504,-5.159,-1.256,86.075,1.02615
6413,538098.33,1,0.4256893992424011,0.5208269357681274,0.11759,0.31514790654182434,10.907,-5.305,-1.219,86.12,1.02716
6414,538173.33,1,0.5205529928207397,0.6047583818435669,0.07722,0.30640754103660583,11.152,-5.422,-0.982,86.031,1.02788
6415,538248.33,1,0.6806624531745911,0.7044072151184082,0.02477,0.2874436378479004,11.367,-5.715,-0.975,86.128,1.02809
6416,538323.33,1,0.6577820777893066,0.6888701915740967,0.02685,0.27957385778427124,11.43,-5.846,-0.911,86.061,1.02902
6417,538398.33,1,0.6257224082946777,0.6481051445007324,0.04039,0.27664026618003845,11.42,-5.913,-0.81,86.059,1.02846
6418,538475.0,1,0.6251219511032104,0.6442632079124451,0.04525,0.25878822803497314,11.388,-6.053,-0.783,85.997,1.02812
6419,538550.0,1,0.5871996879577637,0.5921926498413086,0.06627,0.2046700119972229,11.352,-6.228,-0.881,85.866,1.0282
6420,538625.0,1,0.4807589650154114,0.4870437979698181,0.11184,0.15927086770534515,11.132,-6.541,-0.949,85.719,1.02668
6421,538700.0,1,0.38770827651023865,0.4209146797657013,0.15517,0.14101049304008484,10.342,-6.864,-1.236,85.879,1.02639
6422,538775.0,1,0.32221806049346924,0.36169564723968506,0.19199,0.18491210043430328,9.337,-6.828,-1.279,86.237,1.0253
6423,538850.0,1,0.2925824820995331,0.32391634583473206,0.21627,0.2337392121553421,8.432,-6.644,-1.58,86.544,1.02474
6424,538925.0,1,0.2537897527217865,0.3486824333667755,0.21826,0.15659199655056,7.959,-6.568,-1.562,86.462,1.02462
6425,539000.0,1,0.24347756803035736,0.366865873336792,0.22149,0.13446778059005737,7.373,-6.463,-1.116,86.419,1.02597
6426,539075.0,1,0.1932564526796341,0.3162190020084381,0.25212,0.17386110126972198,7.08,-6.246,-0.5,86.451,1.02709
6427,539150.0,1,0.17374467849731445,0.2653799057006836,0.26881,0.21109522879123688,6.594,-6.092,-0.111,86.818,1.02598
6428,539226.67,1,0.17057199776172638,0.24505168199539185,0.27496,0.21560782194137573,6.595,-5.801,-0.02,87.388,1.02581
6429,539301.67,1,0.18062350153923035,0.23427054286003113,0.26851,0.20639465749263763,6.873,-5.033,-0.152,87.993,1.02715
6430,539376.67,1,0.1723625659942627,0.2355739176273346,0.26407,0.18141663074493408,7.234,-4.892,-0.11,88.406,1.02894
6431,539451.67,1,0.1744767278432846,0.2045210599899292,0.26587,0.16944926977157593,7.996,-4.996,0.17,88.656,1.02989
6432,539526.67,1,0.16695909202098846,0.20436906814575195,0.26748,0.26297304034233093,8.046,-5.856,-0.033,88.637,1.02875
6433,539601.67,1,0.16712403297424316,0.21053527295589447,0.26059,0.285213440656662,7.984,-6.664,-0.132,88.653,1.02987
6434,539676.67,1,0.16909284889698029,0.20776250958442688,0.25765,0.2406073808670044,7.712,-7.755,-0.24,88.543,1.02961
6435,539751.67,1,0.15941637754440308,0.1986169070005417,0.2633,0.2547357678413391,7.281,-8.871,-0.329,88.384,1.0285
6436,539826.67,1,0.1660052388906479,0.19904707372188568,0.26761,0.2604134678840637,7.15,-9.42,-0.243,88.132,1.02903
6437,539901.67,1,0.16713039577007294,0.1957385390996933,0.26725,0.252884179353714,7.204,-9.654,-0.216,88.018,1.02771
6438,539978.33,1,0.17272621393203735,0.19860303401947021,0.2668,0.2508489191532135,7.025,-9.789,-0.175,87.899,1.02775
6439,540053.33,1,0.16565755009651184,0.2010398656129837,0.26708,0.23286202549934387,6.637,-9.984,-0.116,87.896,1.02815
6440,540128.33,1,0.1607816517353058,0.20241369307041168,0.26778,0.22087043523788452,6.559,-10.081,-0.177,87.868,1.02777
6441,540203.33,1,0.1603594720363617,0.1970885545015335,0.26771,0.22830650210380554,6.505,-10.071,-0.214,87.89,1.02769
6442,540278.33,1,0.1632673591375351,0.2022441029548645,0.26543,0.22718685865402222,6.483,-10.057,-0.16,87.895,1.02795
6443,540353.33,1,0.16332440078258514,0.20504222810268402,0.26507,0.22533616423606873,6.222,-10.025,-0.144,87.906,1.02837
6444,540428.33,1,0.15376915037631989,0.19352172315120697,0.26688,0.23294638097286224,6.177,-9.99,-0.172,87.819,1.02706
6445,540503.33,1,0.15462325513362885,0.19587227702140808,0.26692,0.23186244070529938,6.152,-9.979,-0.163,87.811,1.02706
6446,540578.33,1,0.15200644731521606,0.19980132579803467,0.26623,0.23968444764614105,6.115,-9.953,-0.187,87.731,1.02687
6447,540653.33,1,0.15255220234394073,0.18967047333717346,0.26659,0.24581977725028992,6.093,-9.931,-0.183,87.706,1.0262
6448,540730.0,1,0.15604957938194275,0.19176658987998962,0.26378,0.25263670086860657,5.918,-9.845,-0.215,87.619,1.02693
6449,540805.0,1,0.15598180890083313,0.17869068682193756,0.26669,0.2753923833370209,5.708,-9.654,-0.286,87.539,1.02693
6450,540880.0,1,0.15311750769615173,0.17638885974884033,0.26531,0.30335181951522827,5.565,-9.489,-0.352,87.482,1.02688
6451,540955.0,1,0.15136827528476715,0.17813774943351746,0.26534,0.317484050989151,5.594,-9.501,-0.392,87.583,1.02556
6452,541030.0,1,0.15322142839431763,0.18726113438606262,0.26338,0.3128288984298706,5.748,-9.229,-0.304,87.546,1.02622
6453,541105.0,1,0.16804547607898712,0.22961460053920746,0.2498,0.3141558766365051,6.04,-8.519,-0.345,87.479,1.0253
6454,541180.0,1,0.20560987293720245,0.27561554312705994,0.23618,0.275071382522583,6.884,-7.533,-0.49,87.315,1.02655
6455,541255.0,1,0.19440649449825287,0.23558835685253143,0.2551,0.22472229599952698,7.765,-6.428,-0.407,87.134,1.0276
6456,541330.0,1,0.16775158047676086,0.23101839423179626,0.26448,0.4923703968524933,8.25,-5.982,-0.369,87.213,1.02804
6457,541405.0,1,0.1772007942199707,0.23708796501159668,0.266,0.5547985434532166,9.006,-4.828,-0.376,87.244,1.02665
6458,541481.67,1,0.16466054320335388,0.2074713557958603,0.27934,0.5650001764297485,9.219,-3.976,-0.324,87.063,1.02735
6459,541556.67,1,0.20490780472755432,0.2889520227909088,0.25127,0.5412932634353638,9.166,-3.269,0.054,86.808,1.02754
6460,541631.67,1,0.2518547773361206,0.2968800663948059,0.24015,0.45518460869789124,8.872,-2.858,0.168,86.696,1.02805
6461,541706.67,1,0.25938430428504944,0.32153475284576416,0.23357,0.3396889567375183,8.786,-2.811,0.196,86.672,1.02926
6462,541781.67,1,0.6381927728652954,0.5927836298942566,0.0803,0.29775968194007874,8.87,-2.665,0.167,86.694,1.02938
6463,541931.67,1,0.3162527084350586,0.3853680193424225,0.18519,0.40760537981987,7.89,-2.914,-0.233,86.676,1.03073
6464,542006.67,1,0.21425274014472961,0.2736043632030487,0.24499,0.41167134046554565,7.797,-3.023,-0.201,86.575,1.02944
6465,542081.67,1,0.17181363701820374,0.2180158495903015,0.27468,0.39568090438842773,7.707,-3.227,-0.094,86.576,1.02968
6466,542156.67,1,0.15719524025917053,0.18879760801792145,0.28542,0.36447083950042725,7.694,-3.541,-0.027,86.476,1.03002
6467,542233.33,1,0.1468416452407837,0.17384716868400574,0.29328,0.3463034927845001,7.628,-3.689,0.04,86.456,1.02932
6468,542308.33,1,0.14717568457126617,0.1774866282939911,0.29577,0.2925950288772583,7.551,-3.769,0.055,86.387,1.02852
6469,542383.33,1,0.14659924805164337,0.17881445586681366,0.29994,0.2909983992576599,7.332,-3.877,0.037,86.383,1.0295
6470,542458.33,1,0.149226576089859,0.1853121668100357,0.29883,0.3112540543079376,7.029,-4.017,0.03,86.333,1.02969
6471,542533.33,1,0.15440380573272705,0.19352929294109344,0.29288,0.31150901317596436,6.821,-4.012,-0.018,86.312,1.02927
6472,542608.33,1,0.14949074387550354,0.18488991260528564,0.29024,0.3159899413585663,6.869,-3.992,0.058,86.287,1.02961
6473,542683.33,1,0.14822039008140564,0.18463055789470673,0.29116,0.3115095794200897,6.83,-3.993,0.056,86.282,1.02952
6474,542758.33,1,0.15183831751346588,0.18168553709983826,0.29023,0.30505216121673584,6.941,-4.001,0.049,86.239,1.02953
6475,542833.33,1,0.14995045959949493,0.1834811568260193,0.28943,0.2978462278842926,7.001,-3.967,0.029,86.238,1.02901
6476,542908.33,1,0.1517532467842102,0.1859787404537201,0.28826,0.3024202585220337,7.31,-3.967,-0.099,86.137,1.02901
6477,542985.0,1,0.1867358237504959,0.24197795987129211,0.27106,0.28775399923324585,8.226,-3.85,-0.504,86.115,1.02812
6478,543060.0,1,0.247462660074234,0.38203203678131104,0.20225,0.3451294004917145,9.597,-3.684,-1.12,86.068,1.02959
6479,543135.0,1,0.3867732584476471,0.5182399749755859,0.13522,0.6052417159080505,12.764,-3.406,-1.918,86.08,1.03058
6480,543210.0,1,0.5136232376098633,0.5711013078689575,0.09281,0.6292622089385986,13.74,-3.045,-2.31,86.117,1.03171
6481,543285.0,1,0.5274373888969421,0.5191913843154907,0.09595,0.6250137686729431,13.938,-2.746,-2.325,86.151,1.03253
6482,543360.0,1,0.5590178966522217,0.5107701420783997,0.0929,0.6036410331726074,14.279,-2.098,-2.126,85.928,1.03098
6483,543435.0,1,0.5143500566482544,0.47948014736175537,0.10418,0.5255009531974792,14.36,-1.892,-1.848,85.613,1.03204
6484,543510.0,1,0.6004559993743896,0.5465680360794067,0.07465,0.47728630900382996,14.394,-1.617,-1.776,85.492,1.03234
6485,543585.0,1,0.6590719819068909,0.5793001055717468,0.05713,0.38861018419265747,14.423,-1.62,-1.723,85.401,1.03339
6486,543660.0,1,0.6403355598449707,0.5712840557098389,0.06148,0.283658891916275,14.503,-1.748,-1.769,85.098,1.0312
6487,543736.67,1,0.6062000393867493,0.5579060316085815,0.07442,0.23194795846939087,13.796,-2.094,-1.55,85.105,1.03199
6488,543811.67,1,0.6370083093643188,0.567539632320404,0.0657,0.28960567712783813,13.616,-2.208,-1.408,85.336,1.03219
6489,543886.67,1,0.6592087745666504,0.6142644882202148,0.05237,0.2935037612915039,13.48,-2.286,-1.513,85.404,1.03208
6490,543961.67,1,0.6379150152206421,0.5985260009765625,0.06415,0.3088483214378357,13.214,-2.087,-1.529,85.28,1.03195
6491,544036.67,1,0.5705631971359253,0.5704648494720459,0.08789,0.27656641602516174,12.298,-1.581,-1.367,85.238,1.03051
6492,544111.67,1,0.561710000038147,0.5553721189498901,0.09577,0.26762068271636963,11.513,-1.082,-1.091,84.949,1.03037
6493,544186.67,1,0.5688847303390503,0.5866569876670837,0.09217,0.26839718222618103,10.78,-0.823,-1.035,84.905,1.0302
6494,544261.67,1,0.5797199010848999,0.6095987558364868,0.09151,0.2658558487892151,9.979,-0.489,-1.012,84.926,1.03052
6495,544336.67,1,0.4132845103740692,0.5271029472351074,0.14791,0.2923058867454529,8.247,-0.334,-1.038,84.937,1.03004
6496,544411.67,1,0.2291882038116455,0.3638845384120941,0.22915,0.30405566096305847,7.158,-0.485,-1.07,84.942,1.02913
6497,544488.33,1,0.15087181329727173,0.2377702295780182,0.28087,0.31756842136383057,6.301,-0.742,-1.249,85.05,1.02784
6498,544563.33,1,0.12837375700473785,0.2031010091304779,0.30177,0.29746752977371216,6.249,-0.526,-1.373,84.944,1.02744
6499,544638.33,1,0.12244118750095367,0.18158237636089325,0.30656,0.3044724464416504,6.354,-0.343,-1.297,84.892,1.02598
6500,544713.33,1,0.11300310492515564,0.17488588392734528,0.30571,0.3022159934043884,6.314,-0.249,-1.215,84.845,1.02457
6501,544788.33,1,0.10063942521810532,0.16538062691688538,0.30945,0.30945003032684326,6.399,-0.282,-1.245,84.773,1.0251
6502,544863.33,1,0.10558708012104034,0.1700335592031479,0.30905,0.29992911219596863,6.408,-0.299,-1.224,84.873,1.02573
6503,544938.33,1,0.10265565663576126,0.17734624445438385,0.30826,0.28261327743530273,6.515,0.121,-1.037,85.079,1.02584
6504,545013.33,1,0.11124280095100403,0.17265889048576355,0.30385,0.28639504313468933,6.6,0.304,-1.195,85.178,1.02579
6505,545093.33,1,0.11150794476270676,0.17629264295101166,0.30584,0.28398144245147705,6.822,0.606,-1.419,85.652,1.02739
6506,545173.33,1,0.1156897246837616,0.17952042818069458,0.29989,0.2814578115940094,6.92,1.056,-1.473,85.945,1.02954
6507,545253.33,1,0.11934931576251984,0.18904411792755127,0.30136,0.3321146070957184,6.664,1.413,-1.645,86.024,1.02105
6508,545335.0,1,0.13072985410690308,0.1821451336145401,0.30322,0.28546375036239624,6.606,1.652,-1.744,85.947,1.01885
6509,545415.0,1,0.13833148777484894,0.18131700158119202,0.30089,0.2670040726661682,6.592,1.699,-1.794,85.742,1.01802
6510,545495.0,1,0.13685770332813263,0.17386992275714874,0.30445,0.2804235816001892,6.354,2.016,-1.72,85.6,1.01734
6511,545575.0,1,0.13378527760505676,0.16997206211090088,0.30684,0.29204243421554565,6.291,2.117,-1.688,85.714,1.01782
6512,545655.0,1,0.1337803155183792,0.17058253288269043,0.30635,0.2857634425163269,6.256,2.193,-1.682,85.82,1.01797
6513,545735.0,1,0.13100679218769073,0.16728803515434265,0.30446,0.24996553361415863,6.164,2.274,-1.588,86.014,1.01757
6514,545815.0,1,0.13299985229969025,0.1670716106891632,0.30271,0.21227090060710907,5.858,2.171,-1.373,85.976,1.01739
6515,545895.0,1,0.1267295479774475,0.16528195142745972,0.30606,0.2184472382068634,5.752,2.333,-1.052,86.197,1.01788
6516,545975.0,1,0.1266993284225464,0.16967181861400604,0.30689,0.25643405318260193,5.797,2.349,-0.795,86.306,1.01772
6517,546055.0,1,0.09918854385614395,0.16478176414966583,0.31315,0.27397793531417847,5.592,2.475,-0.515,86.371,1.01621
6518,546135.0,1,0.09950876235961914,0.17261573672294617,0.31028,0.29060184955596924,5.394,2.52,-0.505,86.324,1.01574
6519,546215.0,1,0.10878868401050568,0.18082275986671448,0.30363,0.2752024531364441,5.366,2.46,-0.232,86.032,1.01575
6520,546295.0,1,0.0997428148984909,0.1817181259393692,0.3055,0.2706708312034607,5.195,2.453,-0.031,85.837,1.01456
6521,546375.0,1,0.10915031284093857,0.18360157310962677,0.30431,0.2732791006565094,5.333,2.485,-0.003,85.811,1.01517
6522,546455.0,1,0.11835481226444244,0.18676987290382385,0.30095,0.25739189982414246,5.401,2.47,-0.013,85.552,1.01492
6523,546535.0,1,0.12428157031536102,0.19070395827293396,0.29958,0.2559598982334137,5.66,2.242,-0.06,85.456,1.01497
6524,546615.0,1,0.12441965192556381,0.19403357803821564,0.30035,0.2747674584388733,5.763,2.23,-0.184,85.33,1.01565
6525,546696.67,1,0.1272096335887909,0.19474264979362488,0.30002,0.24810780584812164,5.778,2.254,-0.263,85.263,1.01623
6526,546776.67,1,0.13169676065444946,0.1967708319425583,0.30014,0.23107975721359253,5.819,2.256,-0.307,85.228,1.01612
6527,546856.67,1,0.13468749821186066,0.19798122346401215,0.30026,0.2476578950881958,5.808,2.26,-0.335,85.169,1.01582
6528,546936.67,1,0.1364188939332962,0.2014758437871933,0.29949,0.2574816346168518,5.753,2.299,-0.365,85.154,1.01641
6529,547016.67,1,0.1398540884256363,0.20007099211215973,0.29866,0.28139644861221313,5.86,2.424,-0.333,85.221,1.01672
6530,547096.67,1,0.14097344875335693,0.19953379034996033,0.29688,0.29292407631874084,5.888,2.471,-0.302,85.145,1.01654
6531,547176.67,1,0.1376255452632904,0.19440704584121704,0.29878,0.2722424268722534,5.893,2.467,-0.21,85.2,1.01588
6532,547256.67,1,0.1354723870754242,0.18966013193130493,0.29994,0.2861775755882263,5.848,2.515,-0.182,85.136,1.01587
6533,547336.67,1,0.1350959837436676,0.18622024357318878,0.29897,0.28855958580970764,5.799,2.508,-0.13,85.179,1.01718
6534,547416.67,1,0.1327066719532013,0.1908961534500122,0.29836,0.280263751745224,5.902,2.365,-0.089,85.173,1.01662
6535,547496.67,1,0.12401556968688965,0.1885233223438263,0.29937,0.24870665371418,5.718,2.29,-0.034,85.314,1.01772
6536,547576.67,1,0.15673528611660004,0.28431278467178345,0.27249,0.2535545825958252,5.377,1.865,-0.019,86.108,1.01776
6537,547656.67,1,0.579071044921875,0.5976170301437378,0.08791,0.24376614391803741,5.222,1.68,-0.316,86.566,1.01831
6538,547736.67,1,0.42646509408950806,0.5251309871673584,0.13793,0.3201838731765747,5.131,1.768,-0.39,86.494,1.01899
6539,547816.67,1,0.3340211510658264,0.43772032856941223,0.18678,0.33019962906837463,5.315,1.845,-0.312,86.138,1.0191
6540,547896.67,1,0.2968878149986267,0.3690481185913086,0.21107,0.3303019404411316,5.568,1.957,-0.086,85.945,1.01925
6541,547978.33,1,0.2526937425136566,0.29348036646842957,0.23501,0.3111688792705536,5.861,1.74,0.266,86.143,1.01817
6542,548058.33,1,0.21084505319595337,0.25764745473861694,0.25091,0.29280972480773926,5.927,1.728,0.36,86.138,1.01773
6543,548138.33,1,0.1957719475030899,0.23567698895931244,0.265,0.3077406585216522,5.996,1.725,0.457,86.153,1.01751
6544,548218.33,1,0.1839771270751953,0.22635610401630402,0.27474,0.3038502633571625,5.977,1.648,0.448,86.191,1.01748
6545,548298.33,1,0.184307262301445,0.22889502346515656,0.27692,0.28149768710136414,5.867,1.593,0.357,86.298,1.01757
6546,548378.33,1,0.1838642954826355,0.23067766427993774,0.28017,0.2503948509693146,5.835,1.502,0.286,86.305,1.01717
6547,548458.33,1,0.1832006722688675,0.22526806592941284,0.28049,0.2428760975599289,5.854,1.598,0.231,86.304,1.01747
6548,548538.33,1,0.18237395584583282,0.23408813774585724,0.27984,0.24718791246414185,5.846,1.675,0.086,86.281,1.01769
6549,548618.33,1,0.17890533804893494,0.23523329198360443,0.28221,0.2481435090303421,5.966,1.824,-0.057,86.298,1.01873
6550,548698.33,1,0.17335106432437897,0.23372888565063477,0.2827,0.24669526517391205,5.922,1.926,-0.072,86.222,1.01773
6551,548778.33,1,0.1746336668729782,0.23470182716846466,0.28111,0.2631531357765198,5.917,2.003,-0.057,86.197,1.01811
6552,548858.33,1,0.17277850210666656,0.2354370653629303,0.2818,0.26863014698028564,5.93,2.06,-0.037,86.124,1.01752
6553,548938.33,1,0.17300720512866974,0.23929128050804138,0.28094,0.25533390045166016,5.886,2.088,0.019,86.096,1.01792
6554,549018.33,1,0.16950833797454834,0.2336808443069458,0.28341,0.247513547539711,5.84,2.078,-0.004,86.148,1.01692
6555,549098.33,1,0.15986928343772888,0.22323331236839294,0.28563,0.27526891231536865,5.883,2.121,-0.085,86.238,1.01518
6556,549178.33,1,0.15466530621051788,0.2263372391462326,0.2859,0.26029303669929504,5.826,1.878,-0.192,86.306,1.01476
6557,549258.33,1,0.12817417085170746,0.19718565046787262,0.29771,0.2310284525156021,5.643,1.918,-0.022,86.476,1.01429
6558,549340.0,1,0.11872971057891846,0.18226702511310577,0.30249,0.2436547726392746,5.522,1.945,0.065,86.504,1.01538
6559,549420.0,1,0.11661121249198914,0.17587390542030334,0.30042,0.25505369901657104,5.672,1.924,0.041,86.645,1.01514
6560,549500.0,1,0.10581713914871216,0.18008047342300415,0.30227,0.2508010268211365,5.5,1.95,0.178,86.583,1.01611
6561,549580.0,1,0.1110038310289383,0.1860707849264145,0.30036,0.26045116782188416,5.531,1.918,0.211,86.665,1.01609
6562,549660.0,1,0.11878009140491486,0.1871682107448578,0.29968,0.27048325538635254,5.699,1.778,0.284,86.633,1.01562
6563,549740.0,1,0.123295359313488,0.19544315338134766,0.29719,0.266305148601532,5.795,1.804,0.169,86.634,1.01547
6564,549820.0,1,0.13023816049098969,0.20649763941764832,0.29817,0.2434820532798767,5.813,1.879,-0.067,86.51,1.01471
6565,549900.0,1,0.12917447090148926,0.20542308688163757,0.30261,0.25281721353530884,5.523,1.722,-0.446,86.202,1.01445
6566,549980.0,1,0.1372932493686676,0.1947130262851715,0.30309,0.2406001091003418,5.357,1.7,-0.593,85.796,1.01503
6567,550060.0,1,0.1405111849308014,0.1919664591550827,0.3001,0.20774807035923004,5.116,1.934,-0.726,85.617,1.01553
6568,550140.0,1,0.13289348781108856,0.19430972635746002,0.29936,0.25817352533340454,4.994,2.077,-0.7,85.24,1.01545
6569,550220.0,1,0.12669716775417328,0.20870427787303925,0.29513,0.28750935196876526,4.985,1.945,-0.692,84.861,1.01537
6570,550300.0,1,0.11966221779584885,0.21817722916603088,0.29637,0.31038323044776917,4.898,1.71,-0.565,84.503,1.01514
6571,550380.0,1,0.10706906020641327,0.1943211406469345,0.30917,0.26494303345680237,4.468,1.814,-0.111,84.463,1.01439
6572,550460.0,1,0.11922509223222733,0.21373774111270905,0.29732,0.2956852316856384,4.636,1.719,0.166,84.624,1.01465
6573,550540.0,1,0.13750874996185303,0.20881807804107666,0.29426,0.30131208896636963,4.967,1.538,0.2,84.734,1.01489
6574,550620.0,1,0.12848244607448578,0.20347361266613007,0.29679,0.302268385887146,5.112,1.612,0.224,84.802,1.0154
6575,550701.67,1,0.12322030961513519,0.20228451490402222,0.29592,0.31364038586616516,5.386,1.692,0.331,84.924,1.01582
6576,550781.67,1,0.12150944769382477,0.1989012062549591,0.29482,0.33073633909225464,5.39,1.83,0.449,84.885,1.01649
6577,550861.67,1,0.13155551254749298,0.2043740302324295,0.29132,0.3222793638706207,5.382,1.845,0.513,84.94,1.01678
6578,550941.67,1,0.13523131608963013,0.20642516016960144,0.29009,0.32631832361221313,5.354,1.855,0.524,84.835,1.01638
6579,551021.67,1,0.1439438909292221,0.21134474873542786,0.29104,0.33685702085494995,5.489,1.853,0.507,84.818,1.01664
6580,551101.67,1,0.1509886533021927,0.22059260308742523,0.28988,0.3555014133453369,5.591,1.801,0.511,84.839,1.01699
6581,551181.67,1,0.14939281344413757,0.22157631814479828,0.29095,0.36577704548835754,5.629,1.679,0.443,85.16,1.01666
6582,551261.67,1,0.14734089374542236,0.22040462493896484,0.29179,0.345822274684906,5.608,1.675,0.303,85.235,1.01658
6583,551341.67,1,0.13579663634300232,0.21828962862491608,0.29572,0.29540401697158813,5.406,1.715,0.178,85.368,1.01744
6584,551421.67,1,0.13658694922924042,0.21383078396320343,0.29428,0.23407524824142456,5.413,1.811,0.158,85.466,1.01714
6585,551501.67,1,0.13849882781505585,0.210824653506279,0.2953,0.21223509311676025,5.417,1.908,0.271,85.496,1.01669
6586,551581.67,1,0.1400585025548935,0.20806069672107697,0.29609,0.21775273978710175,5.378,1.843,0.301,85.506,1.01701
6587,551661.67,1,0.14210741221904755,0.20376072824001312,0.297,0.22629716992378235,5.444,1.8,0.296,85.523,1.01776
6588,551741.67,1,0.14369525015354156,0.2022753804922104,0.29561,0.24012574553489685,5.512,1.764,0.367,85.496,1.0166
6589,551821.67,1,0.3131769299507141,0.44182059168815613,0.19356,0.24571380019187927,5.139,1.624,0.357,85.785,1.01696
6590,551901.67,1,0.6007277965545654,0.6643126606941223,0.07961,0.22191941738128662,5.168,1.584,0.316,86.011,1.01746
6591,552063.33,1,0.30832526087760925,0.4290752708911896,0.19723,0.26420554518699646,5.231,1.405,0.269,86.887,1.01845
6592,552143.33,1,0.21015632152557373,0.3074911832809448,0.24596,0.26954638957977295,5.3,1.314,0.223,86.937,1.01735
6593,552223.33,1,0.1801517754793167,0.2609418034553528,0.26222,0.29377683997154236,5.402,1.176,0.359,87.058,1.01704
6594,552303.33,1,0.1674269437789917,0.22776149213314056,0.2764,0.3130801320075989,5.66,1.226,0.543,86.912,1.017
6595,552383.33,1,0.15133672952651978,0.1986662894487381,0.29362,0.3082866072654724,5.82,1.101,0.644,88.289,1.02708
6596,552463.33,1,0.12878909707069397,0.17885594069957733,0.3006,0.26563531160354614,6.146,1.303,0.761,98.66,1.06964
6597,552543.33,1,0.11039283871650696,0.1721557080745697,0.30613,0.2372480034828186,5.873,1.243,0.864,95.805,1.06834
6598,552623.33,1,0.34192758798599243,0.35044801235198975,0.18534,0.2702474892139435,1.189,0.236,0.96,90.065,1.06339
6599,552703.33,1,0.6622001528739929,0.5219475030899048,0.10837,0.415848970413208,-1.006,-1.379,-0.75,89.213,1.06593
6600,552783.33,1,0.5701057314872742,0.493177205324173,0.16487,0.5728338956832886,-3.069,-1.75,-0.06,89.369,1.06748
6601,552863.33,1,0.13479341566562653,0.3960916996002197,0.26362,0.3558313548564911,-2.372,-0.582,2.159,88.583,1.0664
6602,552943.33,1,0.13521277904510498,0.48512864112854004,0.26109,0.35056883096694946,-5.049,-0.527,1.504,87.394,1.06112
6603,553023.33,1,0.16212430596351624,0.5772683024406433,0.2387,0.17542661726474762,-8.371,-1.982,2.352,86.711,1.05847
6604,553103.33,1,0.14898821711540222,0.5209006667137146,0.2185,0.3168703019618988,-8.224,-1.299,3.43,86.305,1.06033
6605,553183.33,0,nan,nan,nan,nan,nan,nan,nan,86.381,1.0646
6606,553263.33,0,nan,nan,nan,nan,nan,nan,nan,86.902,1.06664
6607,553345.0,1,0.3969818353652954,0.48129093647003174,0.14382,0.0754125565290451,-2.818,-8.88,9.526,86.83,1.06624
6608,553425.0,0,nan,nan,nan,nan,nan,nan,nan,86.883,1.06274
6609,553505.0,1,0.10685191303491592,0.1630706787109375,0.25261,0.34889745712280273,-4.577,-6.952,4.003,88.815,1.05957
6610,553585.0,1,0.09360388666391373,0.09025853872299194,0.33915,0.28735968470573425,8.365,-3.689,3.189,93.647,1.06507
6611,553665.0,1,0.15308380126953125,0.14922234416007996,0.30012,0.27569979429244995,8.56,-3.921,2.764,98.296,1.07243
6612,553745.0,1,0.3168807327747345,0.40921664237976074,0.18787,0.22785961627960205,8.319,-1.353,1.94,93.563,1.05437
6613,553825.0,1,0.24555334448814392,0.22669123113155365,0.2645,0.30663323402404785,8.388,-0.132,1.108,87.849,1.02256
6614,553905.0,1,0.1903141885995865,0.18635214865207672,0.28264,0.3453499674797058,7.84,0.313,0.029,88.295,1.02147
6615,553985.0,1,0.1500602811574936,0.16946297883987427,0.30321,0.4017103314399719,7.993,1.459,-0.36,88.626,1.02303
6616,554065.0,1,0.12265432626008987,0.17617692053318024,0.30965,0.3600403368473053,8.027,1.743,-0.793,88.949,1.02334
6617,554145.0,1,0.4776260256767273,0.583371639251709,0.12147,0.3580891191959381,7.785,1.793,-1.066,89.078,1.02347
6618,554225.0,1,0.27734601497650146,0.5070998668670654,0.19222,0.4231749475002289,7.709,1.806,-1.187,88.832,1.02423
6619,554305.0,1,0.20022009313106537,0.3861202597618103,0.23453,0.423580139875412,7.886,1.841,-1.04,88.77,1.02425
6620,554385.0,1,0.15963423252105713,0.255127876996994,0.26916,0.42045360803604126,8.027,1.801,-0.744,88.628,1.02385
6621,554465.0,1,0.11600926518440247,0.17146123945713043,0.30543,0.3717031478881836,8.16,1.778,-0.43,88.512,1.02362
6622,554545.0,1,0.11113549768924713,0.16178017854690552,0.31397,0.36772558093070984,8.293,1.753,-0.286,88.389,1.02385
6623,554625.0,1,0.11590564250946045,0.16818146407604218,0.3114,0.37859535217285156,8.379,1.702,-0.184,88.459,1.02497
6624,554706.67,1,0.14228537678718567,0.21174614131450653,0.27612,0.3287604749202728,9.322,1.349,-0.205,88.549,1.02442
6625,554786.67,1,0.4109986126422882,0.5501043200492859,0.12589,0.331050306558609,9.824,1.002,-0.1,88.819,1.02561
6626,554860.0,1,0.3053681254386902,0.41091737151145935,0.18703,0.35711461305618286,9.811,0.857,-0.16,88.916,1.03255
6627,554935.0,1,0.2568332850933075,0.32700422406196594,0.22694,0.3601658344268799,9.764,0.933,-0.068,89.03,1.02811
6628,555010.0,1,0.21527071297168732,0.26514706015586853,0.25135,0.3587384521961212,9.657,0.896,-0.058,89.142,1.02714
6629,555085.0,1,0.6365235447883606,0.6913750171661377,0.05845,0.37066149711608887,9.891,0.594,-0.175,89.158,1.0257
6630,555160.0,1,0.6621831655502319,0.7003539800643921,0.04815,0.4047570824623108,9.85,0.504,-0.308,89.106,1.02599
6631,555235.0,1,0.5584001541137695,0.619280219078064,0.09202,0.4691367447376251,9.834,0.475,-0.352,89.133,1.02435
6632,555310.0,1,0.4576965272426605,0.5184230208396912,0.13874,0.4828525185585022,9.751,0.528,-0.376,89.047,1.02481
6633,555383.33,1,0.34377622604370117,0.37972018122673035,0.19475,0.4821326732635498,9.659,0.574,-0.375,89.016,1.02482
6634,555458.33,1,0.2615482807159424,0.2955528497695923,0.23143,0.4868353009223938,9.535,0.61,-0.292,88.955,1.02488
6635,555533.33,1,0.21598801016807556,0.27573707699775696,0.24753,0.4813600182533264,9.497,0.636,-0.298,89.01,1.02493
6636,555608.33,1,0.19453641772270203,0.25579386949539185,0.25629,0.508894681930542,9.803,0.728,-0.269,88.927,1.02528
6637,555683.33,1,0.1902804672718048,0.24391382932662964,0.26116,0.5273587107658386,9.959,0.703,-0.293,88.922,1.02495
6638,555758.33,1,0.18425777554512024,0.2379094809293747,0.26096,0.5189549922943115,10.029,0.676,-0.315,88.865,1.02523
6639,555833.33,1,0.18402865529060364,0.23689474165439606,0.26069,0.5003646612167358,10.038,0.665,-0.338,88.829,1.02475
6640,555908.33,1,0.1860102415084839,0.2397110015153885,0.25879,0.49107831716537476,10.086,0.653,-0.373,88.784,1.02476
6641,555981.67,1,0.18570148944854736,0.23900245130062103,0.25858,0.49875009059906006,10.205,0.629,-0.369,88.744,1.0255
6642,556056.67,1,0.18366025388240814,0.23794971406459808,0.25943,0.4995943307876587,10.265,0.673,-0.359,88.643,1.02517
6643,556131.67,1,0.1851627081632614,0.237718865275383,0.25984,0.5050098299980164,10.43,0.662,-0.349,88.584,1.02401
6644,556206.67,1,0.18834428489208221,0.23923282325267792,0.25867,0.4934597313404083,10.528,0.617,-0.346,88.495,1.02469
6645,556281.67,1,0.19540324807167053,0.2500874996185303,0.25533,0.49445053935050964,10.578,0.582,-0.358,88.472,1.02646
6646,556356.67,1,0.19650962948799133,0.2559652626514435,0.25514,0.4925076961517334,10.607,0.53,-0.368,88.382,1.02551
6647,556431.67,1,0.1959337741136551,0.25896233320236206,0.2555,0.5015687346458435,10.607,0.529,-0.358,88.388,1.02552
6648,556505.0,1,0.20453917980194092,0.26566100120544434,0.25233,0.5058038234710693,10.597,0.522,-0.379,88.319,1.02503
6649,556580.0,1,0.21362018585205078,0.28010866045951843,0.24615,0.5059577226638794,10.608,0.509,-0.403,88.343,1.02518
6650,556655.0,1,0.4766835868358612,0.5611763000488281,0.12787,0.48514825105667114,10.685,0.515,-0.347,88.29,1.02593
6651,556730.0,1,0.6668223142623901,0.7196180820465088,0.04704,0.45858529210090637,10.604,0.486,-0.36,88.383,1.02455
6652,556805.0,1,0.6075159311294556,0.6671938896179199,0.06461,0.4479604959487915,10.627,0.487,-0.343,88.219,1.02515
6653,556880.0,1,0.4589420557022095,0.5538398027420044,0.1221,0.4421159029006958,10.497,0.457,-0.383,88.23,1.02434
6654,556955.0,1,0.29215100407600403,0.35943567752838135,0.20301,0.42547544836997986,10.472,0.502,-0.415,88.11,1.02476
6655,557028.33,1,0.23870687186717987,0.28046712279319763,0.2375,0.417638897895813,10.431,0.526,-0.428,88.16,1.02393
6656,557103.33,1,0.22537106275558472,0.2773621082305908,0.24416,0.4056287705898285,10.364,0.578,-0.472,88.061,1.02427
6657,557178.33,1,0.21344318985939026,0.25922998785972595,0.25185,0.4061863124370575,10.353,0.573,-0.502,88.146,1.02463
6658,557253.33,1,0.2070906013250351,0.25700634717941284,0.255,0.4120989143848419,10.264,0.53,-0.512,88.085,1.02565
6659,557328.33,1,0.2094203233718872,0.26021185517311096,0.25491,0.41169220209121704,10.255,0.489,-0.538,88.121,1.02544
6660,557403.33,1,0.21295566856861115,0.26923662424087524,0.25185,0.41221123933792114,10.205,0.502,-0.55,88.049,1.02551
6661,557478.33,1,0.21450495719909668,0.27186208963394165,0.25099,0.41695576906204224,10.187,0.515,-0.545,88.129,1.02453
6662,557551.67,1,0.21747924387454987,0.2743881046772003,0.24985,0.42182204127311707,10.255,0.48,-0.549,88.099,1.02541
6663,557626.67,1,0.22351324558258057,0.28542351722717285,0.24641,0.42309021949768066,10.368,0.463,-0.555,88.096,1.02382
6664,557701.67,1,0.23247361183166504,0.30696606636047363,0.24043,0.4260126054286957,10.398,0.468,-0.566,88.058,1.02441
6665,557776.67,1,0.5840854644775391,0.6507406234741211,0.08815,0.4230364263057709,10.521,0.51,-0.524,88.19,1.02478
6666,557851.67,1,0.6286502480506897,0.6830176115036011,0.06739,0.41205909848213196,10.563,0.496,-0.558,88.172,1.02463
6667,557926.67,1,0.582843005657196,0.6786797046661377,0.07786,0.4111493229866028,10.596,0.489,-0.559,88.253,1.02497
6668,558001.67,1,0.39651525020599365,0.5123511552810669,0.14978,0.41277840733528137,10.586,0.524,-0.605,88.202,1.02523
6669,558075.0,1,0.29330211877822876,0.38790369033813477,0.2014,0.40662938356399536,10.563,0.542,-0.648,88.33,1.02534
6670,558150.0,1,0.2570684850215912,0.33281248807907104,0.21977,0.406382292509079,10.589,0.556,-0.668,88.301,1.02497
6671,558225.0,1,0.2460078001022339,0.31039994955062866,0.22808,0.4262888729572296,10.605,0.542,-0.692,88.417,1.02463
6672,558300.0,1,0.24065954983234406,0.3033352792263031,0.23116,0.4293813109397888,10.611,0.537,-0.694,88.373,1.025
6673,558375.0,1,0.23670250177383423,0.30626043677330017,0.23266,0.4321649968624115,10.602,0.545,-0.697,88.445,1.02418
6674,558450.0,1,0.23737837374210358,0.3099484443664551,0.23239,0.4336188733577728,10.604,0.545,-0.703,88.349,1.02475
6675,558525.0,1,0.23880243301391602,0.31285566091537476,0.23237,0.4364127516746521,10.537,0.537,-0.709,88.423,1.02401
6676,558598.33,1,0.2400791347026825,0.3143872320652008,0.2319,0.4341709017753601,10.515,0.531,-0.703,88.333,1.02467
6677,558673.33,1,0.241914302110672,0.31472814083099365,0.23155,0.41169580817222595,10.429,0.489,-0.668,88.397,1.02364
6678,558748.33,1,0.2472476065158844,0.314404159784317,0.22923,0.3915688991546631,10.415,0.458,-0.609,88.308,1.02441
6679,558823.33,1,0.2513176202774048,0.3133423626422882,0.22746,0.36365389823913574,10.573,0.448,-0.517,88.373,1.02379
6680,558898.33,1,0.25579237937927246,0.3108257055282593,0.22738,0.3789044916629791,10.625,0.427,-0.505,88.326,1.02457
6681,558973.33,1,0.34755587577819824,0.41120022535324097,0.18686,0.41956716775894165,10.917,0.454,-0.425,88.446,1.02353
6682,559048.33,1,0.618709921836853,0.656095027923584,0.07168,0.40205997228622437,11.198,0.471,-0.316,88.461,1.02481
6683,559121.67,1,0.612714409828186,0.6426742672920227,0.06683,0.40688350796699524,11.188,0.477,-0.318,88.547,1.02465
6684,559196.67,1,0.5019571185112,0.5589423179626465,0.10521,0.39666488766670227,11.033,0.389,-0.258,88.476,1.02415
6685,559271.67,1,0.47670620679855347,0.5040544867515564,0.12534,0.38245898485183716,10.823,0.385,-0.105,88.648,1.02483
6686,559346.67,1,0.44598111510276794,0.46712568402290344,0.1409,0.41972047090530396,10.72,0.271,-0.07,88.62,1.02552
6687,559421.67,1,0.3974370062351227,0.439037948846817,0.15914,0.4107285439968109,11.356,-0.269,-0.109,88.656,1.02555
6688,559496.67,1,0.37225908041000366,0.4240706264972687,0.16865,0.358470618724823,11.408,-0.404,-0.109,88.554,1.02539
6689,559571.67,1,0.34922656416893005,0.41785940527915955,0.17465,0.3171832263469696,11.545,-0.679,-0.078,88.512,1.02507
6690,559645.0,1,0.32807251811027527,0.40909186005592346,0.17289,0.2910727262496948,11.623,-0.916,-0.032,88.457,1.0259
6691,559720.0,1,0.31050217151641846,0.3883729875087738,0.17875,0.2925434410572052,11.656,-1.52,0.16,88.491,1.02506
6692,559795.0,1,0.3231651186943054,0.3831610679626465,0.1716,0.2749950885772705,11.545,-1.963,0.249,88.436,1.02472
6693,559870.0,1,0.3327714204788208,0.38450950384140015,0.16926,0.268000990152359,11.358,-2.321,0.25,88.436,1.02526
6694,559945.0,1,0.35847339034080505,0.39754295349121094,0.16154,0.26015663146972656,11.457,-2.522,0.257,88.324,1.02419
6695,560020.0,1,0.37639328837394714,0.409248948097229,0.15424,0.2558017373085022,11.443,-2.622,0.303,88.295,1.02398
6696,560095.0,1,0.39020854234695435,0.4130939543247223,0.15091,0.24947620928287506,11.43,-2.724,0.285,88.188,1.02341
6697,560170.0,1,0.42492809891700745,0.42899173498153687,0.1399,0.25669294595718384,11.46,-2.707,0.293,88.187,1.0237
6698,560243.33,1,0.43290889263153076,0.4397433400154114,0.13658,0.2550593912601471,11.47,-2.719,0.255,88.13,1.02398
6699,560318.33,1,0.45329293608665466,0.4538920819759369,0.12775,0.25830045342445374,11.58,-2.671,0.204,88.121,1.02334
6700,560393.33,1,0.45275646448135376,0.4584246575832367,0.12652,0.2566344141960144,11.719,-2.555,0.145,88.107,1.02425
6701,560468.33,1,0.45377224683761597,0.46415820717811584,0.1266,0.25542789697647095,11.669,-2.506,0.063,88.129,1.02432
6702,560543.33,1,0.45562389492988586,0.47044363617897034,0.12634,0.26628485321998596,11.682,-2.479,0.029,88.069,1.02455
6703,560618.33,1,0.4623236358165741,0.4790540039539337,0.12277,0.2687237560749054,11.688,-2.471,0.01,88.083,1.02389
6704,560693.33,1,0.4762089252471924,0.4979757070541382,0.11628,0.2729622721672058,11.759,-2.447,-0.037,87.979,1.02374
6705,560766.67,1,0.4721134901046753,0.5080866813659668,0.11542,0.27656328678131104,11.772,-2.488,-0.126,87.932,1.02396
6706,560841.67,1,0.47594505548477173,0.5201460123062134,0.11228,0.28374430537223816,11.826,-2.485,-0.197,87.864,1.0239
6707,560916.67,1,0.47513413429260254,0.5221825838088989,0.11175,0.2940270006656647,11.894,-2.584,-0.303,87.872,1.02322
6708,560991.67,1,0.46845197677612305,0.5020310878753662,0.11852,0.31889399886131287,11.829,-2.649,-0.485,87.728,1.02302
6709,561066.67,1,0.4673279821872711,0.504914402961731,0.1195,0.33154618740081787,11.799,-2.696,-0.64,87.589,1.02302
6710,561141.67,1,0.46641090512275696,0.4994504749774933,0.12036,0.3251146972179413,11.769,-2.751,-0.694,87.346,1.02315
6711,561216.67,1,0.4643983244895935,0.49280956387519836,0.12131,0.3054591417312622,11.729,-2.824,-0.734,87.336,1.02217
6712,561290.0,1,0.468111515045166,0.4840165972709656,0.12399,0.2450164258480072,11.274,-2.937,-0.915,87.38,1.02223
6713,561365.0,1,0.4948611855506897,0.4974348843097687,0.12098,0.2688555121421814,11.209,-3.154,-1.312,87.533,1.02079
6714,561440.0,1,0.4843614995479584,0.4924226701259613,0.12531,0.2563679814338684,10.54,-3.563,-1.553,87.585,1.02053
6715,561515.0,1,0.39377322793006897,0.46190720796585083,0.14164,0.25381287932395935,9.634,-3.842,-1.33,87.752,1.01955
6716,561590.0,1,0.3903498351573944,0.44733545184135437,0.14889,0.24452859163284302,9.003,-4.128,-1.143,87.722,1.01802
6717,561665.0,1,0.39977556467056274,0.4395713210105896,0.14958,0.24823987483978271,9.035,-4.133,-0.78,87.789,1.01872
6718,561740.0,1,0.313369482755661,0.39875859022140503,0.1861,0.2658327519893646,8.897,-4.179,-0.6,87.801,1.01887
6719,561813.33,1,0.2719649076461792,0.361418217420578,0.20726,0.2707948386669159,8.82,-4.188,-0.588,87.814,1.0187
6720,561888.33,1,0.2402143031358719,0.33946993947029114,0.22434,0.28428253531455994,8.59,-4.208,-0.574,87.798,1.01895
6721,561963.33,1,0.24819162487983704,0.3400198221206665,0.22704,0.27010342478752136,8.55,-4.118,-0.558,87.913,1.01799
6722,562038.33,1,0.25834575295448303,0.34692174196243286,0.22004,0.2716042697429657,8.546,-4.063,-0.594,87.862,1.01781
6723,562113.33,1,0.2629683315753937,0.35260245203971863,0.21992,0.27544429898262024,8.6,-3.901,-0.668,87.817,1.01839
6724,562188.33,1,0.2595996558666229,0.3533855974674225,0.22115,0.2715452015399933,8.642,-3.808,-0.683,87.717,1.01818
6725,562263.33,1,0.2598499655723572,0.35535430908203125,0.2235,0.27455899119377136,8.564,-3.729,-0.728,87.664,1.01803
6726,562336.67,1,0.2531852722167969,0.35206344723701477,0.22482,0.26363465189933777,8.525,-3.635,-0.771,87.608,1.01841
6727,562411.67,1,0.28436601161956787,0.37701064348220825,0.20796,0.2597557604312897,8.78,-3.505,-0.753,87.605,1.01902
6728,562486.67,1,0.3659651279449463,0.4195399284362793,0.17329,0.25802451372146606,9.275,-3.222,-0.689,87.633,1.01896
6729,562561.67,1,0.39970046281814575,0.4026416540145874,0.16931,0.26602259278297424,9.771,-3.025,-0.446,87.772,1.0198
6730,562636.67,1,0.371407687664032,0.3793095648288727,0.18412,0.24314896762371063,9.942,-2.87,-0.542,87.926,1.02073
6731,562711.67,1,0.37484750151634216,0.39932674169540405,0.17715,0.24300231039524078,10.09,-2.849,-0.551,87.914,1.02082
6732,562786.67,1,0.36616790294647217,0.3977261483669281,0.18,0.24559912085533142,10.066,-2.831,-0.569,88.075,1.02072
6733,562935.0,1,0.35570409893989563,0.3878389298915863,0.1844,0.2604243755340576,10.228,-2.431,-0.549,88.206,1.02071
6734,563010.0,1,0.34452715516090393,0.38370808959007263,0.18665,0.2699679732322693,10.231,-2.404,-0.616,88.241,1.02045
6735,563085.0,1,0.34007591009140015,0.3875265121459961,0.18589,0.2736891508102417,10.014,-2.411,-0.673,88.182,1.01927
6736,563160.0,1,0.33692917227745056,0.38731998205184937,0.18532,0.27564504742622375,9.956,-2.42,-0.684,87.858,1.01823
6737,563235.0,1,0.3254341185092926,0.39079955220222473,0.18374,0.29986855387687683,9.676,-2.51,-0.72,87.663,1.0188
6738,563310.0,1,0.32655447721481323,0.40017589926719666,0.17687,0.30953240394592285,9.875,-2.721,-0.887,87.735,1.01839
6739,563385.0,1,0.3238746225833893,0.3809955418109894,0.17901,0.2933599352836609,9.677,-2.982,-0.838,87.905,1.01799
6740,563458.33,1,0.34155645966529846,0.3832104206085205,0.16961,0.2874395549297333,9.683,-2.985,-0.758,88.078,1.01896
6741,563533.33,1,0.559406042098999,0.5317589044570923,0.09195,0.2740967869758606,9.512,-3.086,-0.678,88.524,1.02036
6742,563608.33,1,0.6297654509544373,0.583039402961731,0.06629,0.27754420042037964,9.258,-3.208,-0.81,88.536,1.01911
6743,563683.33,1,0.4492354691028595,0.5071209669113159,0.11748,0.3047615587711334,8.904,-3.382,-0.837,88.607,1.01911
6744,563758.33,1,0.410643994808197,0.4843418002128601,0.13088,0.2925649881362915,8.842,-3.379,-0.709,88.572,1.01824
6745,563833.33,1,0.6959891319274902,0.6883280873298645,0.03002,0.25348272919654846,9.006,-3.301,-0.451,88.569,1.01936
6746,563908.33,1,0.6864924430847168,0.6142566800117493,0.05255,0.23460884392261505,9.129,-3.301,-0.025,88.268,1.01948
6747,563981.67,1,0.4212267994880676,0.524186909198761,0.12689,0.23778025805950165,9.056,-3.386,0.328,88.033,1.01857
6748,564063.33,1,0.3993396759033203,0.502242922782898,0.13633,0.2521185874938965,8.855,-3.317,0.425,87.639,1.01737
6749,564143.33,1,0.6826729774475098,0.6667931079864502,0.04052,0.2286916822195053,8.898,-3.228,0.541,87.664,1.01839
6750,564223.33,1,0.6514798402786255,0.6071220636367798,0.05968,0.2432543784379959,9.637,-3.16,0.777,87.584,1.01908
6751,564303.33,1,0.5190301537513733,0.5247499942779541,0.10817,0.26995325088500977,9.828,-3.309,0.942,87.803,1.0207
6752,564383.33,1,0.2966359257698059,0.3703327178955078,0.18992,0.30257633328437805,9.312,-3.748,0.886,87.701,1.02123
6753,564463.33,1,0.1908380538225174,0.25643831491470337,0.24298,0.3205850422382355,9.09,-4.026,0.993,87.738,1.01947
6754,564545.0,1,0.18915510177612305,0.24150976538658142,0.24995,0.31886374950408936,8.736,-4.419,1.138,87.716,1.02082
6755,564625.0,1,0.20946644246578217,0.2551710903644562,0.24344,0.298320472240448,8.77,-4.746,1.174,87.86,1.02
6756,564705.0,1,0.22473041713237762,0.2689267694950104,0.23421,0.2892715632915497,8.917,-5.107,0.97,87.874,1.01993
6757,564785.0,1,0.2193281650543213,0.27459877729415894,0.24003,0.2706212103366852,8.663,-5.201,0.726,87.839,1.01973
6758,564865.0,1,0.2236226201057434,0.2915128171443939,0.23608,0.2770225405693054,8.659,-5.185,0.611,87.858,1.01919
6759,564945.0,1,0.19389069080352783,0.2915506064891815,0.24124,0.28389936685562134,9.331,-5.329,0.538,87.904,1.01969
6760,565025.0,1,0.19872397184371948,0.2899680733680725,0.24695,0.3030172288417816,9.278,-5.522,0.524,87.916,1.01929
6761,565106.67,1,0.21437375247478485,0.2996197044849396,0.24376,0.2674565613269806,9.376,-5.698,0.388,88.123,1.01842
6762,565186.67,1,0.20196036994457245,0.27115654945373535,0.2545,0.281494677066803,9.327,-5.832,0.414,88.311,1.0186
6763,565266.67,1,0.18923385441303253,0.22896067798137665,0.26354,0.3631827235221863,9.201,-5.836,0.479,88.668,1.01962
6764,565346.67,1,0.2009558230638504,0.22615864872932434,0.2626,0.4731447994709015,9.117,-5.903,0.654,88.798,1.01874
6765,565426.67,1,0.1787048578262329,0.20075735449790955,0.27866,0.5095235109329224,9.248,-5.96,0.759,88.921,1.01815
6766,565506.67,1,0.16955502331256866,0.1704685240983963,0.29318,0.5131953954696655,9.376,-6.049,0.779,88.915,1.01865
6767,565588.33,1,0.12132317572832108,0.12643012404441833,0.31877,0.518208384513855,9.883,-5.975,0.686,88.971,1.01749
6768,565668.33,1,0.07379283756017685,0.07975482195615768,0.34458,0.4845391511917114,10.187,-5.764,0.681,88.904,1.01717
6769,565748.33,1,0.07382812350988388,0.0696532353758812,0.35215,0.4507066607475281,10.694,-5.236,0.389,88.858,1.01684
6770,565828.33,1,0.07680389285087585,0.0703945904970169,0.35732,0.38439276814460754,11.099,-4.52,0.284,88.708,1.01798
6771,565908.33,1,0.05709854140877724,0.08921481668949127,0.36384,0.36765748262405396,11.301,-3.569,-0.074,88.456,1.01925
6772,565988.33,1,0.052013613283634186,0.08527480810880661,0.37294,0.2924676835536957,11.104,-2.605,-0.34,88.069,1.01907
6773,566070.0,1,0.057805050164461136,0.08342809975147247,0.37197,0.34470251202583313,10.923,-2.086,0.021,87.716,1.02002
6774,566150.0,1,0.06501226127147675,0.08084428310394287,0.36473,0.31268295645713806,10.653,-1.898,0.065,87.492,1.01993
6775,566230.0,1,0.06664319336414337,0.0727754607796669,0.36103,0.2741225063800812,10.594,-1.918,0.169,87.454,1.02145
6776,566310.0,1,0.07756571471691132,0.0851060077548027,0.33934,0.27698850631713867,10.166,-2.093,0.236,87.439,1.02081
6777,566390.0,1,0.11847732961177826,0.11599589139223099,0.31535,0.2705438733100891,9.835,-2.434,0.545,87.522,1.02173
6778,566470.0,1,0.13738742470741272,0.12865734100341797,0.30717,0.27155593037605286,10.049,-3.002,0.608,87.519,1.02119
6779,566551.67,1,0.14867722988128662,0.13174636662006378,0.30748,0.261697918176651,10.027,-3.394,0.467,87.462,1.02185
6780,566631.67,1,0.15866419672966003,0.14272333681583405,0.29955,0.2856667637825012,10.189,-3.704,0.387,87.388,1.02211
6781,566711.67,1,0.17372186481952667,0.1464274823665619,0.28775,0.27526775002479553,10.632,-3.893,0.069,87.497,1.02139
6782,566791.67,1,0.19650012254714966,0.165581613779068,0.27684,0.25801318883895874,10.716,-4.048,-0.155,87.452,1.02057
6783,566871.67,1,0.21963262557983398,0.19969972968101501,0.26148,0.26562008261680603,11.049,-4.282,-0.574,87.59,1.02109
6784,566951.67,1,0.651938796043396,0.6332897543907166,0.06,0.251708060503006,11.849,-4.729,-1.234,87.68,1.02173
6785,567031.67,1,0.5899960994720459,0.5941267013549805,0.07568,0.18394209444522858,12.255,-4.94,-1.759,87.762,1.02209
6786,567113.33,1,0.43409067392349243,0.4763931632041931,0.13515,0.1796075850725174,12.654,-5.24,-2.438,87.793,1.02244
6787,567193.33,1,0.4022518992424011,0.431616872549057,0.15282,0.19673621654510498,12.851,-5.454,-2.951,87.833,1.02389
6788,567273.33,1,0.39031755924224854,0.4181077182292938,0.15837,0.19356557726860046,13.326,-5.653,-3.307,87.843,1.02454
6789,567353.33,1,0.517865777015686,0.5232231616973877,0.10807,0.19945280253887177,14.384,-5.837,-3.724,88.03,1.0249
6790,567433.33,1,0.5964475870132446,0.6245115995407104,0.06873,0.21670764684677124,14.548,-6.046,-4.025,88.021,1.02455
6791,567513.33,1,0.5198431015014648,0.5900607109069824,0.08782,0.21318207681179047,14.506,-6.015,-4.051,88.038,1.02434
6792,567595.0,1,0.5005366802215576,0.5258004665374756,0.10791,0.22065116465091705,14.391,-6.004,-3.908,87.898,1.02413
6793,567675.0,1,0.44715097546577454,0.47496625781059265,0.13089,0.20598584413528442,14.388,-5.98,-3.806,87.905,1.02503
6794,567755.0,1,0.39006873965263367,0.41282522678375244,0.15451,0.21408513188362122,14.321,-5.946,-3.679,87.858,1.02363
6795,567835.0,1,0.38200896978378296,0.38934820890426636,0.1671,0.2096189558506012,14.548,-5.813,-3.54,87.83,1.02455
6796,567915.0,1,0.37864670157432556,0.38974860310554504,0.16537,0.22749677300453186,14.728,-5.58,-3.423,87.742,1.02466
6797,567995.0,1,0.36878231167793274,0.3711208701133728,0.17165,0.22276213765144348,14.973,-5.313,-3.37,87.699,1.02525
6798,568076.67,1,0.36998260021209717,0.36722877621650696,0.17282,0.2388254553079605,15.099,-5.241,-3.413,87.637,1.02575
6799,568156.67,1,0.3688092827796936,0.3719368577003479,0.17254,0.23818887770175934,14.992,-5.064,-3.398,87.627,1.02546
6800,568236.67,1,0.370443731546402,0.3799745440483093,0.17074,0.23727600276470184,14.885,-4.998,-3.34,87.524,1.02463
6801,568316.67,1,0.3857697546482086,0.4020063281059265,0.16168,0.23774731159210205,14.782,-4.87,-3.295,87.516,1.02494
6802,568396.67,1,0.463523805141449,0.503717839717865,0.12294,0.2415584772825241,14.72,-4.809,-3.218,87.405,1.02538
6803,568476.67,1,0.6394710540771484,0.6339249610900879,0.05774,0.2220354825258255,14.73,-4.881,-3.19,87.554,1.02541
6804,568558.33,1,0.6194287538528442,0.6125906705856323,0.05829,0.22240880131721497,14.584,-4.981,-3.175,87.52,1.02579
6805,568638.33,1,0.4904996454715729,0.4976089298725128,0.10847,0.2340558022260666,14.572,-4.994,-3.122,87.683,1.02534
6806,568718.33,1,0.45054197311401367,0.47308865189552307,0.12786,0.23691944777965546,14.395,-4.979,-3.187,87.79,1.02444
6807,568798.33,1,0.412278413772583,0.4454808235168457,0.14587,0.2355935275554657,14.075,-5.049,-3.294,88.009,1.02389
6808,568878.33,1,0.42513376474380493,0.4296039640903473,0.1462,0.24091091752052307,13.569,-4.981,-3.317,88.046,1.02333
6809,568958.33,1,0.4129357933998108,0.43050286173820496,0.1504,0.24051325023174286,13.388,-4.999,-3.225,88.083,1.02378
6810,569038.33,1,0.413319855928421,0.43471914529800415,0.14653,0.24301186203956604,13.382,-5.026,-3.003,87.931,1.02409
6811,569120.0,1,0.4318300187587738,0.4473733901977539,0.13741,0.26273372769355774,13.295,-5.038,-2.771,88.137,1.0235
6812,569200.0,1,0.4415915310382843,0.47146642208099365,0.13255,0.25996044278144836,13.173,-5.123,-3.088,88.277,1.02294
6813,569280.0,1,0.43455883860588074,0.4646531939506531,0.13562,0.24266500771045685,12.687,-5.153,-3.284,88.244,1.02136
6814,569360.0,1,0.4360387325286865,0.4303499460220337,0.14316,0.22900176048278809,12.695,-5.026,-3.157,88.045,1.02105
6815,569440.0,1,0.43212178349494934,0.45086681842803955,0.14199,0.23580887913703918,12.452,-4.902,-3.063,87.944,1.02045
6816,569520.0,1,0.4368341267108917,0.45264944434165955,0.13619,0.23435330390930176,12.219,-4.707,-2.99,87.768,1.01991
6817,569601.67,1,0.4501104950904846,0.45794591307640076,0.13221,0.2337983399629593,12.056,-4.493,-2.976,87.607,1.01904
6818,569681.67,1,0.43929433822631836,0.4528753459453583,0.13531,0.22555705904960632,11.884,-4.317,-2.869,87.524,1.01997
6819,569761.67,1,0.4319349527359009,0.44605621695518494,0.1387,0.22531358897686005,11.691,-4.176,-2.831,87.549,1.02054
6820,569841.67,1,0.4274161159992218,0.4414914548397064,0.14153,0.2225455939769745,11.414,-4.119,-2.777,87.439,1.01975
6821,569921.67,1,0.3610497713088989,0.39032790064811707,0.17466,0.2790246307849884,10.028,-4.135,-2.593,87.524,1.01906
6822,570001.67,1,0.28077468276023865,0.3548440635204315,0.20407,0.26408880949020386,9.189,-3.836,-2.234,88.129,1.01989
6823,570083.33,1,0.23233360052108765,0.33657950162887573,0.22689,0.2642371654510498,8.733,-3.704,-1.851,88.706,1.02063
6824,570163.33,1,0.2283206433057785,0.3211337625980377,0.23591,0.29386618733406067,8.53,-3.553,-1.079,89.061,1.02068
6825,570243.33,1,0.20076999068260193,0.31596294045448303,0.24548,0.2686261236667633,7.981,-3.76,-0.788,89.475,1.02274
6826,570323.33,1,0.19411788880825043,0.2799034118652344,0.25262,0.2509775161743164,7.368,-3.946,-0.666,89.582,1.02328
6827,570403.33,1,0.17761391401290894,0.2377760261297226,0.26555,0.26274147629737854,7.184,-4.056,-0.49,89.673,1.02315
6828,570483.33,1,0.13879700005054474,0.18171079456806183,0.29181,0.27371546626091003,7.319,-3.973,-0.272,89.657,1.0217
6829,570565.0,1,0.11913058161735535,0.15318778157234192,0.30765,0.28146085143089294,7.463,-3.953,-0.173,89.812,1.02174
6830,570645.0,1,0.09832976758480072,0.1290682554244995,0.32202,0.279399573802948,7.912,-3.489,-0.117,90.192,1.02174
6831,570725.0,1,0.0817120149731636,0.09002035111188889,0.3403,0.25276800990104675,8.322,-3.056,-0.209,90.956,1.0234
6832,570805.0,1,0.0878261923789978,0.09469323605298996,0.33543,0.2529088854789734,8.964,-2.641,-0.347,91.593,1.02516
6833,570885.0,1,0.388741672039032,0.42710134387016296,0.17663,0.29525133967399597,8.875,-2.099,-0.197,92.285,1.02851
6834,570965.0,1,0.29930150508880615,0.33428171277046204,0.21358,0.27014702558517456,9.503,-2.134,-0.34,92.825,1.02969
6835,571045.0,1,0.23920051753520966,0.23210671544075012,0.25017,0.18992072343826294,10.064,-2.707,-0.57,93.256,1.03094
6836,571126.67,1,0.20687898993492126,0.2145964652299881,0.25897,0.18307998776435852,10.378,-2.942,-0.897,93.466,1.03146
6837,571206.67,1,0.21025148034095764,0.21572718024253845,0.24633,0.2143719494342804,10.661,-3.126,-1.059,93.677,1.03257
6838,571286.67,1,0.24721327424049377,0.2634848654270172,0.22006,0.21867716312408447,11.166,-3.39,-1.045,93.604,1.03328
6839,571366.67,1,0.24794988334178925,0.2865637242794037,0.2152,0.2098410278558731,11.966,-4.244,-1.295,93.406,1.03431
6840,571446.67,1,0.2338254749774933,0.2681658864021301,0.22297,0.20484396815299988,12.85,-4.987,-1.39,93.215,1.03475
6841,571526.67,1,0.28324800729751587,0.332344114780426,0.19895,0.21828895807266235,13.401,-5.486,-1.332,93.113,1.03466
6842,571608.33,1,0.30436575412750244,0.3458792567253113,0.19579,0.2062692493200302,13.535,-5.739,-1.478,93.003,1.0345
6843,571688.33,1,0.29709017276763916,0.338278591632843,0.19949,0.21697679162025452,13.368,-5.801,-1.392,92.968,1.03361
6844,571768.33,1,0.2956254780292511,0.33477696776390076,0.20156,0.22110998630523682,13.074,-5.891,-1.424,92.865,1.03391
6845,571848.33,1,0.2807762324810028,0.3359641134738922,0.20406,0.2278817594051361,12.992,-5.905,-1.412,92.857,1.0332
6846,571928.33,1,0.25799891352653503,0.35929831862449646,0.20464,0.24314704537391663,12.535,-5.897,-1.235,92.708,1.03284
6847,572008.33,1,0.24287006258964539,0.3607631325721741,0.20755,0.25986146926879883,11.718,-5.922,-1.04,92.666,1.03262
6848,572090.0,1,0.23682816326618195,0.31747937202453613,0.21954,0.26576679944992065,10.901,-5.681,-0.727,92.569,1.03177
6849,572170.0,1,0.2784340977668762,0.31637752056121826,0.21021,0.28192320466041565,10.314,-5.209,-0.202,92.523,1.03121
6850,572250.0,1,0.2951928377151489,0.32370078563690186,0.20288,0.280425488948822,10.194,-4.815,0.2,92.535,1.03038
6851,572330.0,1,0.3133460283279419,0.3172558844089508,0.20209,0.25928449630737305,10.379,-4.67,0.425,92.604,1.03034
6852,572410.0,1,0.39084693789482117,0.3762407898902893,0.17251,0.35348406434059143,10.667,-4.372,0.573,92.608,1.03027
6853,572490.0,1,0.7558333873748779,0.676617443561554,0.02649,0.37096884846687317,11.025,-4.292,0.473,92.79,1.03089
6854,572571.67,1,0.6839375495910645,0.6010314226150513,0.05267,0.33797016739845276,11.289,-4.27,0.462,92.696,1.03019
6855,572651.67,1,0.5846540927886963,0.5273418426513672,0.0946,0.30256709456443787,11.322,-4.27,0.366,92.738,1.03112
6856,572731.67,1,0.5184726715087891,0.5030801892280579,0.11878,0.2920476496219635,11.393,-4.291,0.333,92.686,1.03188
6857,572811.67,1,0.454576313495636,0.45033514499664307,0.14184,0.3032599091529846,11.451,-4.346,0.273,92.726,1.03173
6858,572891.67,1,0.3924032151699066,0.42964667081832886,0.15804,0.2733887732028961,11.451,-4.397,0.102,92.587,1.03185
6859,572971.67,1,0.3536677062511444,0.4147576689720154,0.17005,0.2538014054298401,11.653,-4.473,-0.079,92.635,1.03154
6860,573051.67,1,0.3437151312828064,0.39885929226875305,0.1778,0.24761131405830383,11.819,-4.524,-0.283,92.616,1.03221
6861,573133.33,1,0.341839462518692,0.39017343521118164,0.18209,0.24525676667690277,11.94,-4.518,-0.406,92.723,1.03258
6862,573213.33,1,0.33175012469291687,0.3787595331668854,0.18752,0.23673391342163086,11.924,-4.498,-0.49,92.674,1.0311
6863,573293.33,1,0.3256315290927887,0.3671427071094513,0.19233,0.23687011003494263,11.949,-4.51,-0.548,92.802,1.03239
6864,573373.33,1,0.32685568928718567,0.3550735414028168,0.19334,0.2419295608997345,11.944,-4.528,-0.571,92.735,1.0326
6865,573453.33,1,0.5777871608734131,0.5241648554801941,0.09356,0.23187343776226044,12.137,-4.551,-0.585,92.908,1.03341
6866,573533.33,1,0.7009588479995728,0.6195920705795288,0.04572,0.21987920999526978,12.131,-4.621,-0.649,92.807,1.03386
6867,573615.0,1,0.6797142028808594,0.5685607194900513,0.05869,0.22932521998882294,12.136,-4.595,-0.684,92.845,1.03324
6868,573695.0,1,0.4883885383605957,0.4506675601005554,0.11863,0.22639557719230652,12.129,-4.601,-0.683,92.715,1.03358
6869,573775.0,1,0.35432329773902893,0.3703005313873291,0.16751,0.23017430305480957,12.1,-4.622,-0.668,92.639,1.03321
6870,573850.0,1,0.307780921459198,0.34063220024108887,0.18633,0.2309846132993698,11.978,-4.563,-0.657,92.375,1.03558
6871,573925.0,1,0.28584107756614685,0.33154556155204773,0.19616,0.2308165282011032,11.93,-4.542,-0.637,92.425,1.03924
6872,574000.0,1,0.27729716897010803,0.3194805979728699,0.20287,0.22960978746414185,11.805,-4.526,-0.619,92.322,1.03491
6873,574075.0,1,0.279097318649292,0.31662189960479736,0.2038,0.2255946695804596,11.777,-4.473,-0.587,92.337,1.03361
6874,574151.67,1,0.2700481712818146,0.3127557337284088,0.2067,0.2242506742477417,11.709,-4.46,-0.557,92.226,1.03366
6875,574226.67,1,0.26635482907295227,0.30761295557022095,0.20975,0.2245398908853531,11.714,-4.447,-0.5,92.233,1.03186
6876,574301.67,1,0.27487510442733765,0.31159210205078125,0.20705,0.2238253355026245,11.751,-4.475,-0.46,92.144,1.0323
6877,574376.67,1,0.2841455340385437,0.31693559885025024,0.20243,0.2252102494239807,11.764,-4.468,-0.402,92.166,1.03165
6878,574451.67,1,0.2900455594062805,0.31946828961372375,0.20143,0.22758814692497253,11.766,-4.487,-0.393,92.081,1.03227
6879,574526.67,1,0.2971811592578888,0.3230341672897339,0.19926,0.22921980917453766,11.823,-4.447,-0.39,92.127,1.03145
6880,574601.67,1,0.30301231145858765,0.31484657526016235,0.20015,0.22749149799346924,11.859,-4.392,-0.346,92.032,1.03146
6881,574676.67,1,0.2935347259044647,0.30912235379219055,0.20385,0.23081764578819275,11.785,-4.385,-0.35,92.111,1.03099
6882,574751.67,1,0.2945811450481415,0.305770605802536,0.2039,0.23194842040538788,11.759,-4.382,-0.37,92.008,1.03168
6883,574828.33,1,0.3016321361064911,0.31626203656196594,0.20097,0.2335020750761032,11.638,-4.358,-0.397,92.114,1.03097
6884,574903.33,1,0.2997443974018097,0.31380218267440796,0.20149,0.2324933111667633,11.544,-4.331,-0.405,92.06,1.03101
6885,574978.33,1,0.30091825127601624,0.31667497754096985,0.20075,0.23217856884002686,11.455,-4.347,-0.417,92.139,1.03124
6886,575053.33,1,0.4074990451335907,0.39038100838661194,0.15878,0.23251789808273315,11.535,-4.301,-0.408,92.091,1.03166
6887,575128.33,1,0.7018176913261414,0.652835488319397,0.03839,0.23900893330574036,11.674,-4.318,-0.481,92.273,1.03152
6888,575203.33,1,0.6260213851928711,0.6006615161895752,0.05948,0.2587614357471466,11.752,-4.367,-0.499,92.101,1.03151
6889,575278.33,1,0.44629430770874023,0.46962645649909973,0.11914,0.26629653573036194,11.616,-4.388,-0.488,92.133,1.03071
6890,575353.33,1,0.35803335905075073,0.40167349576950073,0.152,0.26493290066719055,11.597,-4.416,-0.474,92.034,1.03158
6891,575430.0,1,0.33624187111854553,0.3612937033176422,0.16975,0.26328885555267334,11.578,-4.43,-0.48,92.128,1.03164
6892,575505.0,1,0.3278230130672455,0.3452024757862091,0.1767,0.2597082555294037,11.63,-4.432,-0.499,92.071,1.03092
6893,575580.0,1,0.3222070038318634,0.34078723192214966,0.18052,0.2471826821565628,11.645,-4.429,-0.503,92.145,1.0308
6894,575655.0,1,0.32431772351264954,0.3377338647842407,0.18191,0.23351486027240753,11.678,-4.428,-0.516,92.078,1.03067
6895,575730.0,1,0.32263320684432983,0.3326731324195862,0.18507,0.22822587192058563,11.707,-4.421,-0.513,92.162,1.03069
6896,575805.0,1,0.3185461163520813,0.3307564854621887,0.18797,0.2215956598520279,11.684,-4.442,-0.527,92.062,1.03095
6897,575880.0,1,0.32106658816337585,0.3309690058231354,0.18904,0.2165047526359558,11.705,-4.447,-0.527,92.161,1.03092
6898,575955.0,1,0.3150770664215088,0.32918041944503784,0.19287,0.21150049567222595,11.627,-4.46,-0.518,92.086,1.02998
6899,576031.67,1,0.312320739030838,0.3255169987678528,0.19464,0.20653727650642395,11.622,-4.472,-0.482,92.101,1.0312
6900,576106.67,1,0.31194114685058594,0.32506710290908813,0.19565,0.20415277779102325,11.594,-4.502,-0.486,92.056,1.03176
6901,576181.67,1,0.31230688095092773,0.32445865869522095,0.19627,0.20538580417633057,11.595,-4.503,-0.484,92.094,1.03134
6902,576256.67,1,0.3116753101348877,0.32312944531440735,0.19708,0.20875217020511627,11.601,-4.503,-0.485,92.055,1.03112
6903,576331.67,1,0.4542136788368225,0.4632504880428314,0.13093,0.22399109601974487,11.695,-4.549,-0.491,92.111,1.03031
6904,576406.67,1,0.6047776341438293,0.5716552734375,0.07182,0.24959854781627655,11.693,-4.496,-0.575,92.055,1.03074
6905,576481.67,1,0.46688106656074524,0.4894048273563385,0.1223,0.2641139328479767,11.289,-4.406,-0.644,92.023,1.03059
6906,576556.67,1,0.2516650855541229,0.293539434671402,0.21992,0.24876898527145386,11.096,-3.9,-0.587,91.897,1.03051
6907,576631.67,1,0.20517879724502563,0.2149856686592102,0.25019,0.23714245855808258,11.021,-2.964,-0.521,91.821,1.02985
6908,576708.33,1,0.217344269156456,0.2566124200820923,0.23424,0.24002714455127716,11.073,-2.233,-0.543,91.775,1.0296
6909,576783.33,1,0.6183518171310425,0.5644021034240723,0.07689,0.24013346433639526,11.515,-1.732,-0.511,91.903,1.03075
6910,576858.33,1,0.5759554505348206,0.5715920925140381,0.07982,0.27324873208999634,11.304,-1.683,-0.638,91.832,1.03062
6911,576933.33,1,0.3335878849029541,0.41777029633522034,0.16265,0.3033806383609772,11.137,-1.709,-0.793,91.786,1.02982
6912,577008.33,1,0.22640344500541687,0.34098654985427856,0.20186,0.3221043050289154,11.156,-1.774,-0.836,91.823,1.02989
6913,577083.33,1,0.22271350026130676,0.34062835574150085,0.20907,0.3132964074611664,11.419,-1.867,-0.822,91.908,1.02966
6914,577158.33,1,0.22788582742214203,0.33763378858566284,0.21227,0.30313965678215027,11.407,-1.995,-0.732,91.867,1.02909
6915,577233.33,1,0.27027612924575806,0.346561461687088,0.20514,0.29019343852996826,11.502,-2.352,-0.617,91.963,1.03026
6916,577310.0,1,0.273019939661026,0.3315419852733612,0.2122,0.40693411231040955,12.199,-2.652,-0.667,92.092,1.03057
6917,577385.0,1,0.28674283623695374,0.3209609389305115,0.2137,0.44616958498954773,12.391,-2.862,-0.741,92.133,1.03071
6918,577460.0,1,0.28323134779930115,0.31677037477493286,0.21573,0.39639344811439514,12.339,-2.986,-0.688,92.092,1.03049
6919,577535.0,1,0.29917919635772705,0.3124215602874756,0.21455,0.4034487009048462,12.281,-3.076,-0.607,92.11,1.02985
6920,577610.0,1,0.3040076196193695,0.3105752468109131,0.21417,0.4007934033870697,12.186,-3.107,-0.575,92.042,1.0298
6921,577685.0,1,0.31527259945869446,0.31184956431388855,0.21073,0.38323086500167847,12.141,-3.085,-0.548,92.144,1.02994
6922,577760.0,1,0.23345643281936646,0.25185954570770264,0.24926,0.34907448291778564,11.992,-3.079,-0.539,92.146,1.0301
6923,577835.0,1,0.15255990624427795,0.16536137461662292,0.2876,0.33311018347740173,11.733,-2.805,-0.537,92.212,1.02996
6924,577911.67,1,0.12559407949447632,0.14570488035678864,0.29917,0.2851722836494446,11.778,-2.682,-0.478,92.129,1.03022
6925,577986.67,1,0.12161599844694138,0.14098119735717773,0.30352,0.2718973755836487,11.804,-2.585,-0.405,92.132,1.03002
6926,578061.67,1,0.11599203199148178,0.14210689067840576,0.30715,0.25760066509246826,11.756,-2.495,-0.392,91.993,1.02916
6927,578136.67,1,0.10991990566253662,0.1382739394903183,0.30886,0.25238606333732605,11.598,-2.302,-0.282,92.034,1.02961
6928,578211.67,1,0.10389202833175659,0.13976939022541046,0.30961,0.24566999077796936,11.475,-2.076,-0.201,91.912,1.0311
6929,578286.67,1,0.10708509385585785,0.14574603736400604,0.30813,0.24477577209472656,11.434,-1.953,-0.168,91.876,1.02995
6930,578361.67,1,0.1065545603632927,0.1517910659313202,0.30931,0.23936745524406433,11.54,-1.814,-0.163,91.761,1.03011
6931,578436.67,1,0.10822934657335281,0.15262877941131592,0.3083,0.24132142961025238,11.518,-1.728,-0.127,91.791,1.02924
6932,578511.67,1,0.11011556535959244,0.15388429164886475,0.30726,0.2475203275680542,11.525,-1.695,-0.127,91.709,1.02914
6933,578588.33,1,0.11412781476974487,0.15633134543895721,0.30519,0.2519059479236603,11.479,-1.656,-0.12,91.669,1.0293
6934,578663.33,1,0.11836069822311401,0.1587759256362915,0.30231,0.2522047460079193,11.481,-1.658,-0.124,91.591,1.029
6935,578738.33,1,0.1230914518237114,0.16101853549480438,0.29963,0.2498849481344223,11.468,-1.653,-0.09,91.617,1.02942
6936,578813.33,1,0.12596017122268677,0.16184566915035248,0.29834,0.2497200220823288,11.452,-1.629,-0.099,91.498,1.02931
6937,578888.33,1,0.12475787848234177,0.15892699360847473,0.2981,0.24875527620315552,11.431,-1.629,-0.087,91.48,1.02922
6938,578963.33,1,0.12559980154037476,0.15532998740673065,0.29761,0.24613896012306213,11.46,-1.615,-0.048,91.354,1.02914
6939,579038.33,1,0.1342177540063858,0.1573023498058319,0.29417,0.24545417726039886,11.473,-1.632,-0.05,91.312,1.02928
6940,579113.33,1,0.1643366813659668,0.18544018268585205,0.28092,0.23743870854377747,11.658,-1.73,-0.141,91.255,1.0293
6941,579190.0,1,0.41575372219085693,0.4387660622596741,0.15028,0.2550369203090668,12.282,-2.165,-0.366,91.199,1.03005
6942,579265.0,1,0.5670768618583679,0.5693925619125366,0.08581,0.2573819160461426,13.039,-2.478,-0.761,91.128,1.02951
6943,579340.0,1,0.5647190809249878,0.5605826377868652,0.08349,0.27037370204925537,14.136,-2.615,-0.962,91.001,1.0313
6944,579415.0,1,0.5702206492424011,0.5417757630348206,0.08085,0.2523405849933624,14.55,-2.345,-0.883,90.83,1.03001
6945,579490.0,1,0.5613407492637634,0.522305428981781,0.08567,0.2741073668003082,14.86,-2.017,-0.893,90.684,1.03169
6946,579565.0,1,0.5874011516571045,0.5307653546333313,0.08399,0.29213598370552063,14.822,-1.532,-1.077,90.44,1.03143
6947,579640.0,1,0.573609471321106,0.612411379814148,0.07286,0.302896648645401,14.126,-0.183,-1.539,90.034,1.03101
6948,579715.0,1,0.6133341789245605,0.6087880730628967,0.0713,0.24624530971050262,13.674,1.009,-2.018,89.747,1.03059
6949,579791.67,1,0.6094037890434265,0.5932140946388245,0.07395,0.1561133861541748,13.057,2.333,-2.496,89.355,1.0318
6950,579866.67,1,0.6240081787109375,0.6241258382797241,0.06367,0.188062846660614,12.34,3.051,-2.898,88.897,1.0316
6951,579941.67,1,0.5962966680526733,0.632843017578125,0.07693,0.275675505399704,12.013,3.185,-3.145,88.533,1.03243
6952,580016.67,1,0.3704627752304077,0.5086218118667603,0.1582,0.2815796136856079,10.562,3.295,-3.32,88.337,1.03258
6953,580091.67,1,0.19180186092853546,0.2482050657272339,0.2684,0.31451907753944397,10.146,3.352,-3.491,88.109,1.03248
6954,580166.67,1,0.14509987831115723,0.20802220702171326,0.29541,0.3301985263824463,10.084,3.404,-3.751,87.974,1.03199
6955,580241.67,1,0.14274531602859497,0.19504281878471375,0.29436,0.33310332894325256,9.918,3.62,-3.631,87.891,1.03195
6956,580316.67,1,0.12929654121398926,0.18211528658866882,0.29721,0.3489200174808502,9.909,3.856,-3.436,87.825,1.03212
6957,580391.67,1,0.1222359761595726,0.1757318526506424,0.30455,0.3435564637184143,9.937,4.056,-3.279,87.842,1.03186
6958,580468.33,1,0.14902767539024353,0.189977765083313,0.28873,0.3623550832271576,9.932,3.83,-3.102,87.733,1.03208
6959,580543.33,1,0.5276584029197693,0.6112191677093506,0.10521,0.2802903652191162,9.594,3.536,-3.013,87.801,1.03167
6960,580618.33,1,0.47513827681541443,0.5457731485366821,0.12888,0.3091057240962982,9.417,3.386,-3.102,87.766,1.03168
6961,580693.33,1,0.30468422174453735,0.3736233413219452,0.20807,0.3530952036380768,9.454,3.385,-3.074,87.799,1.03222
6962,580768.33,1,0.19419243931770325,0.283737450838089,0.2509,0.37276360392570496,9.975,3.441,-2.939,87.834,1.03179
6963,580843.33,1,0.15395469963550568,0.23523099720478058,0.27547,0.3480599522590637,10.093,3.503,-2.737,87.941,1.03293
6964,580918.33,1,0.13834166526794434,0.20181749761104584,0.28914,0.3434476852416992,10.065,3.564,-2.538,88.015,1.03224
6965,580993.33,1,0.1175118163228035,0.1744844615459442,0.30752,0.32210585474967957,9.779,3.643,-2.314,88.463,1.03284
6966,581070.0,1,0.12938496470451355,0.1893329620361328,0.29603,0.3463112413883209,9.322,3.883,-1.561,89.408,1.03241
6967,581145.0,1,0.14623616635799408,0.18398326635360718,0.28333,0.3378375768661499,8.961,4.128,-1.371,90.453,1.03298
6968,581220.0,1,0.1513396054506302,0.18066847324371338,0.28727,0.33992689847946167,8.908,4.507,-1.967,90.557,1.03365
6969,581295.0,1,0.1712561845779419,0.20895595848560333,0.27765,0.3607616424560547,9.409,4.813,-1.646,90.122,1.03461
6970,581370.0,1,0.14374186098575592,0.2318965345621109,0.26693,0.33166438341140747,10.426,4.287,-1.163,90.602,1.03423
6971,581445.0,1,0.15161284804344177,0.2083590030670166,0.27747,0.3694353401660919,10.582,3.411,-0.738,90.487,1.03249
6972,581520.0,1,0.16140492260456085,0.20232036709785461,0.28706,0.46715646982192993,10.45,3.343,-0.787,90.146,1.03113
6973,581595.0,1,0.1715116649866104,0.19948004186153412,0.29048,0.47452807426452637,10.345,3.243,-0.849,90.145,1.03082
6974,581671.67,1,0.18386438488960266,0.2138603776693344,0.28462,0.49511879682540894,10.075,3.321,-0.884,89.978,1.03236
6975,581746.67,1,0.1827511191368103,0.21813084185123444,0.28845,0.3730616271495819,9.951,3.442,-1.129,89.835,1.03347
6976,581821.67,1,0.17423392832279205,0.21681925654411316,0.29028,0.3312778174877167,9.936,3.704,-1.145,89.615,1.03255
6977,581896.67,1,0.17451027035713196,0.21332630515098572,0.28988,0.30393126606941223,9.51,4.187,-1.223,89.389,1.03313
6978,581971.67,1,0.17864283919334412,0.2314080148935318,0.28042,0.2845289409160614,9.302,4.621,-1.54,89.346,1.03377
6979,582046.67,1,0.6459347009658813,0.619537353515625,0.07869,0.26898548007011414,8.649,4.717,-1.816,89.354,1.03394
6980,582121.67,1,0.5258051156997681,0.5066685676574707,0.12154,0.2612772285938263,8.524,4.941,-1.694,89.274,1.03355
6981,582196.67,1,0.22215458750724792,0.3029848039150238,0.23312,0.2755082845687866,8.711,5.179,-1.438,89.265,1.03314
6982,582271.67,1,0.15056514739990234,0.21493278443813324,0.2821,0.2715364396572113,8.712,5.184,-1.406,89.176,1.03399
6983,582348.33,1,0.1384185552597046,0.19891153275966644,0.29386,0.2688291370868683,8.718,5.143,-1.36,89.195,1.03459
6984,582423.33,1,0.1382286250591278,0.19345401227474213,0.29635,0.26017192006111145,8.711,5.123,-1.363,89.137,1.03424
6985,582498.33,1,0.14806851744651794,0.1974267065525055,0.29943,0.2316514551639557,8.814,5.007,-1.256,89.175,1.03285
6986,582573.33,1,0.15995365381240845,0.19608888030052185,0.30194,0.2559334933757782,8.775,4.99,-1.165,89.267,1.0338
6987,582648.33,1,0.15318189561367035,0.1863892823457718,0.30416,0.29807838797569275,8.499,4.752,-1.399,89.307,1.03291
6988,582723.33,1,0.14503681659698486,0.1791589856147766,0.30664,0.3027639389038086,8.501,4.741,-1.293,89.284,1.03288
6989,582798.33,1,0.14814910292625427,0.1802886426448822,0.30407,0.2583322525024414,8.457,4.609,-1.203,89.215,1.03405
6990,582873.33,1,0.16368409991264343,0.20075587928295135,0.29649,0.2228587567806244,8.57,4.536,-1.003,89.121,1.03444
6991,582950.0,1,0.18016739189624786,0.21375171840190887,0.28999,0.1900700032711029,8.885,4.465,-0.92,89.194,1.03534
6992,583028.33,1,0.19067136943340302,0.21406805515289307,0.28594,0.1957406848669052,8.981,4.372,-0.95,89.287,1.03608
6993,583108.33,1,0.19140751659870148,0.22027082741260529,0.2851,0.21421976387500763,8.977,4.299,-1.118,89.375,1.03581
6994,583188.33,1,0.21020564436912537,0.24289116263389587,0.27426,0.24444162845611572,9.038,4.259,-1.241,89.421,1.0365
6995,583268.33,1,0.3422115445137024,0.4005257487297058,0.21014,0.2702201306819916,8.977,4.212,-1.33,89.329,1.03588
6996,583348.33,1,0.6164917349815369,0.5971167087554932,0.09124,0.24004720151424408,8.939,4.105,-1.399,89.301,1.03596
6997,583428.33,1,0.520588755607605,0.5668790340423584,0.11751,0.2347501814365387,8.802,4.104,-1.427,89.286,1.03581
6998,583508.33,1,0.3172140419483185,0.3589818477630615,0.20545,0.23559410870075226,8.755,4.176,-1.431,89.195,1.03632
6999,583588.33,1,0.27611106634140015,0.31394273042678833,0.22687,0.23210033774375916,8.677,4.252,-1.477,89.232,1.0361
7000,583668.33,1,0.2445513755083084,0.2740432918071747,0.24565,0.25270819664001465,8.925,4.391,-1.445,89.114,1.03599
7001,583748.33,1,0.2507738173007965,0.31173157691955566,0.23818,0.26480376720428467,8.899,4.466,-1.478,89.172,1.03646
7002,583828.33,1,0.6133334636688232,0.6061509251594543,0.08633,0.2846931219100952,9.063,4.46,-1.567,89.214,1.03635
7003,583908.33,1,0.5536941289901733,0.6149824857711792,0.09749,0.3322732150554657,8.966,4.561,-1.649,89.261,1.03614
7004,583988.33,1,0.3075574040412903,0.42352357506752014,0.1873,0.41183599829673767,8.924,4.645,-1.603,89.156,1.03603
7005,584068.33,1,0.1620502471923828,0.20699088275432587,0.26222,0.4977991580963135,9.514,4.568,-1.611,89.07,1.0363
7006,584148.33,1,0.10381811857223511,0.1768990010023117,0.28822,0.5219992399215698,9.92,4.607,-1.486,88.998,1.03736
7007,584228.33,1,0.1066150888800621,0.17508265376091003,0.29102,0.48124441504478455,9.913,4.629,-1.521,89.042,1.03685
7008,584308.33,1,0.11018888652324677,0.1855594366788864,0.29516,0.4071943759918213,9.764,4.758,-1.536,88.868,1.03586
7009,584388.33,1,0.10997539758682251,0.17755721509456635,0.29803,0.3944820463657379,9.751,4.891,-1.434,88.848,1.03571
7010,584468.33,1,0.19688193500041962,0.35660654306411743,0.23801,0.3645786941051483,9.14,4.927,-1.517,88.862,1.03667
7011,584548.33,1,0.4501517415046692,0.5959682464599609,0.12791,0.30064746737480164,8.746,4.883,-1.584,89.02,1.03573
7012,584628.33,1,0.373446524143219,0.4906338155269623,0.17332,0.3096853494644165,8.792,4.838,-1.508,89.11,1.03564
7013,584708.33,1,0.24222424626350403,0.28635019063949585,0.24333,0.32052719593048096,8.95,4.744,-1.589,89.157,1.03402
7014,584788.33,1,0.1832646280527115,0.2338448166847229,0.2722,0.33556216955184937,9.095,4.811,-1.572,89.147,1.03511
7015,584868.33,1,0.1930548995733261,0.26973286271095276,0.25801,0.3270181119441986,8.993,4.935,-1.652,89.191,1.03527
7016,584948.33,1,0.3669104278087616,0.5354690551757812,0.158,0.31875598430633545,8.662,4.97,-1.876,89.303,1.03627
7017,585028.33,1,0.18738913536071777,0.282428503036499,0.25309,0.3665209710597992,9.12,5.335,-1.783,89.493,1.03585
7018,585106.67,1,0.10264145582914352,0.1731174737215042,0.30728,0.5676398277282715,9.893,5.622,-1.751,89.664,1.0351
7019,585186.67,1,0.08148747682571411,0.1481151133775711,0.32939,0.587761640548706,10.561,5.903,-1.617,89.778,1.03543
7020,585266.67,1,0.07949856668710709,0.13583581149578094,0.33404,0.5919864177703857,10.547,5.861,-1.536,89.743,1.03432
7021,585346.67,1,0.08089912682771683,0.13716495037078857,0.33699,0.5587193369865417,10.403,5.717,-1.527,89.857,1.03485
7022,585426.67,1,0.07742065191268921,0.1389431208372116,0.33678,0.5574890375137329,10.387,5.659,-1.427,89.852,1.03439
7023,585506.67,1,0.08226928859949112,0.1341928243637085,0.33698,0.5455648899078369,10.345,5.686,-1.385,89.907,1.03357
7024,585586.67,1,0.10503474622964859,0.14274436235427856,0.32463,0.4353275001049042,10.133,5.525,-1.3,89.743,1.03381
7025,585666.67,1,0.4095831513404846,0.5329290628433228,0.16364,0.28678321838378906,9.511,4.927,-1.38,89.739,1.0337
7026,585746.67,1,0.3293219804763794,0.3918991684913635,0.2096,0.2315085381269455,9.219,4.855,-1.377,89.658,1.03444
7027,585826.67,1,0.17823629081249237,0.2303125411272049,0.2697,0.2374044805765152,8.97,4.885,-1.276,89.709,1.03457
7028,585906.67,1,0.12996508181095123,0.17076431214809418,0.29706,0.2280842363834381,8.732,4.844,-1.19,89.677,1.03439
7029,585986.67,1,0.12699244916439056,0.1627117395401001,0.30562,0.20901300013065338,8.612,4.77,-1.148,89.824,1.03454
7030,586066.67,1,0.0852172002196312,0.1189824789762497,0.32297,0.4049401879310608,9.321,4.616,-0.931,89.799,1.03529
7031,586146.67,1,0.07811903953552246,0.11025562882423401,0.32622,0.43208450078964233,9.511,4.494,-0.873,89.824,1.03443
7032,586226.67,1,0.07760164141654968,0.10787072777748108,0.3279,0.4000425934791565,9.523,4.583,-0.831,89.673,1.03394
7033,586306.67,1,0.07670855522155762,0.10710139572620392,0.32807,0.3921607434749603,9.325,4.797,-0.805,89.731,1.03337
7034,586386.67,1,0.07752925902605057,0.10669203102588654,0.32893,0.38203054666519165,9.273,4.858,-0.798,89.643,1.03425
7035,586466.67,1,0.07837371528148651,0.10842809081077576,0.32878,0.36857300996780396,9.194,4.923,-0.795,89.736,1.03441
7036,586546.67,1,0.07862582057714462,0.11016736924648285,0.3285,0.34954798221588135,9.122,4.958,-0.778,89.589,1.03361
7037,586626.67,1,0.10110121220350266,0.13185007870197296,0.31647,0.3424887955188751,8.9,4.913,-0.871,89.645,1.03464
7038,586706.67,1,0.30970925092697144,0.49104243516921997,0.19026,0.313530832529068,8.138,4.948,-0.977,89.512,1.03494
7039,586786.67,1,0.2856200933456421,0.4367295205593109,0.20049,0.28977352380752563,7.692,4.853,-1.003,89.481,1.03464
7040,586866.67,1,0.23222890496253967,0.35135263204574585,0.23135,0.28030478954315186,7.655,4.809,-0.861,89.309,1.03365
7041,586946.67,1,0.1746162474155426,0.2639668881893158,0.27029,0.27831193804740906,7.686,4.414,-0.708,89.252,1.03362
7042,587025.0,1,0.1438826322555542,0.23940294981002808,0.28,0.29055270552635193,7.707,4.064,-0.541,89.202,1.03398
7043,587105.0,1,0.17345088720321655,0.3319719135761261,0.24426,0.27342960238456726,7.756,3.622,-0.422,89.192,1.03384
7044,587185.0,1,0.46713706851005554,0.5875229835510254,0.1117,0.22256889939308167,7.453,3.338,-0.336,89.2,1.03366
7045,587265.0,1,0.304884135723114,0.408442884683609,0.19307,0.24945297837257385,7.547,3.367,-0.331,89.206,1.03385
7046,587345.0,1,0.2042025774717331,0.26751410961151123,0.25145,0.25955358147621155,7.53,3.357,-0.338,89.141,1.03238
7047,587425.0,1,0.17025765776634216,0.2197216898202896,0.27283,0.2833704948425293,7.59,3.353,-0.359,89.225,1.03237
7048,587505.0,1,0.16216351091861725,0.20634184777736664,0.28046,0.29944857954978943,7.7,3.321,-0.34,89.113,1.03243
7049,587585.0,1,0.15840855240821838,0.2093578279018402,0.28222,0.30855128169059753,7.743,3.335,-0.342,89.146,1.03289
7050,587665.0,1,0.5832381248474121,0.5917958617210388,0.08946,0.27995479106903076,7.775,3.281,-0.36,89.211,1.03386
7051,587745.0,1,0.5061057806015015,0.5181456804275513,0.12251,0.2732302248477936,7.723,3.312,-0.371,89.264,1.03245
7052,587825.0,1,0.30960261821746826,0.3260015547275543,0.21101,0.29150643944740295,7.838,3.368,-0.466,89.243,1.03189
7053,587905.0,1,0.2337944060564041,0.25918886065483093,0.24709,0.30115532875061035,7.848,3.336,-0.552,89.437,1.03096
7054,587985.0,1,0.2145177125930786,0.23815175890922546,0.26235,0.3260486423969269,7.906,3.32,-0.565,89.493,1.03076
7055,588065.0,1,0.18925456702709198,0.20822177827358246,0.28218,0.31133872270584106,8.297,3.26,-0.558,89.689,1.03224
7056,588145.0,1,0.19819897413253784,0.2740894556045532,0.26422,0.2771598994731903,9.03,3.056,-0.39,89.848,1.03219
7057,588225.0,1,0.5143365859985352,0.5410627126693726,0.1124,0.3069971203804016,11.445,1.408,-0.267,90.074,1.03316
7058,588305.0,1,0.4979177713394165,0.5500690937042236,0.09983,0.2124084234237671,13.618,-0.925,-0.903,89.965,1.03296
7059,588385.0,1,0.5500169992446899,0.5464323163032532,0.0877,0.2022806704044342,13.875,-2.001,-1.195,89.616,1.03416
7060,588465.0,1,0.599502444267273,0.548154354095459,0.07669,0.22395043075084686,13.893,-2.553,-1.296,89.44,1.0326
7061,588545.0,1,0.5690144896507263,0.509089469909668,0.09323,0.16727407276630402,13.52,-2.533,-1.149,89.396,1.03269
7062,588625.0,1,0.5559062957763672,0.49543526768684387,0.09871,0.17209240794181824,13.194,-2.652,-1.863,89.374,1.03244
7063,588705.0,1,0.549453854560852,0.5402751564979553,0.08218,0.16050685942173004,13.056,-2.477,-2.189,89.402,1.03404
7064,588785.0,1,0.6734998226165771,0.6336243152618408,0.04232,0.15485118329524994,12.798,-2.329,-2.222,89.415,1.0335
7065,588865.0,1,0.6580193042755127,0.6314607858657837,0.04349,0.14528915286064148,12.758,-2.304,-2.317,89.527,1.0332
7066,588945.0,1,0.36669644713401794,0.4717137813568115,0.14061,0.17529894411563873,11.946,-2.372,-2.237,89.371,1.03293
7067,589025.0,1,0.21378551423549652,0.3337920308113098,0.22509,0.17919482290744781,11.197,-2.328,-2.207,89.284,1.03137
7068,589103.33,1,0.4040066599845886,0.49412286281585693,0.13091,0.2171642929315567,11.261,-2.065,-1.807,89.277,1.03202
7069,589183.33,1,0.44930359721183777,0.5271105766296387,0.12098,0.23706203699111938,11.049,-1.433,-1.342,89.288,1.0312
7070,589263.33,1,0.25731161236763,0.4405762255191803,0.19138,0.23347565531730652,10.42,-0.53,-0.761,89.293,1.031
7071,589343.33,1,0.20398542284965515,0.35634124279022217,0.23238,0.22489872574806213,10.255,0.03,-0.059,89.455,1.0313
7072,589423.33,1,0.18159480392932892,0.3043022155761719,0.24647,0.19942507147789001,10.511,0.341,0.404,89.665,1.0311
7073,589503.33,1,0.1934278905391693,0.27933451533317566,0.24966,0.21074771881103516,10.775,0.569,0.58,90.017,1.03137
7074,589583.33,1,0.1921503245830536,0.26434990763664246,0.25418,0.26805999875068665,10.925,0.698,0.592,90.2,1.03086
7075,589663.33,1,0.1924494504928589,0.24675312638282776,0.25867,0.28438353538513184,11.371,0.55,0.726,90.427,1.03121
7076,589743.33,1,0.19534054398536682,0.24360942840576172,0.26114,0.3372277319431305,11.741,0.051,0.718,90.357,1.03123
7077,589823.33,1,0.18536591529846191,0.21876811981201172,0.26751,0.3491779565811157,11.701,-0.089,0.804,90.343,1.03168
7078,589903.33,1,0.174531489610672,0.2119200974702835,0.27295,0.3426385223865509,11.694,-0.141,0.772,90.229,1.03173
7079,589983.33,1,0.16705848276615143,0.20406347513198853,0.27606,0.33374473452568054,11.663,-0.201,0.827,90.12,1.03129
7080,590063.33,1,0.23306086659431458,0.3373197019100189,0.23122,0.3198944330215454,11.613,-0.224,0.694,90.04,1.03152
7081,590143.33,1,0.5487865209579468,0.5701251029968262,0.10665,0.2968914210796356,11.558,-0.359,0.778,90.134,1.0323
7082,590223.33,1,0.4621283710002899,0.5616087317466736,0.13139,0.28136304020881653,11.239,-0.349,0.83,90.061,1.0317
7083,590303.33,1,0.2350524514913559,0.28883111476898193,0.24291,0.26338422298431396,11.14,-0.352,0.767,90.009,1.03201
7084,590383.33,1,0.1466628760099411,0.18627841770648956,0.29291,0.24349582195281982,11.002,-0.24,0.785,89.92,1.03135
7085,590463.33,1,0.11838982999324799,0.16293451189994812,0.3114,0.2479119896888733,10.51,-0.122,0.786,89.966,1.03077
7086,590543.33,1,0.09461566060781479,0.13514775037765503,0.33541,0.266049325466156,10.404,-0.07,0.906,89.87,1.03067
7087,590623.33,1,0.08927452564239502,0.1128595694899559,0.3419,0.2716725766658783,10.167,-0.216,0.802,89.928,1.03022
7088,590703.33,1,0.08007906377315521,0.0977419763803482,0.34912,0.23761048913002014,10.221,-0.36,0.785,89.849,1.02932
7089,590783.33,1,0.20024198293685913,0.2477322816848755,0.27223,0.2606530785560608,9.964,-0.568,0.766,89.966,1.03076
7090,590863.33,1,0.4233259856700897,0.525675892829895,0.13841,0.1891152560710907,10.035,-0.734,0.967,89.952,1.03093
7091,590943.33,1,0.36977145075798035,0.40733441710472107,0.1784,0.1791362464427948,9.753,-1.406,1.233,89.914,1.03092
7092,591021.67,1,0.31943824887275696,0.34826818108558655,0.20517,0.2566729187965393,9.711,-2.297,1.335,89.838,1.03032
7093,591101.67,1,0.28805679082870483,0.3514147102832794,0.20009,0.25958532094955444,9.913,-2.984,1.585,89.846,1.03012
7094,591181.67,1,0.2759614586830139,0.35067641735076904,0.20062,0.24337108433246613,10.133,-3.441,1.806,89.742,1.02996
7095,591261.67,1,0.27966174483299255,0.3615337610244751,0.19748,0.262084037065506,10.127,-3.666,1.844,89.792,1.03011
7096,591341.67,1,0.2811194062232971,0.35420769453048706,0.20061,0.2775499224662781,10.145,-3.665,1.818,89.743,1.02966
7097,591421.67,1,0.2777178883552551,0.3539170026779175,0.20234,0.27293330430984497,10.089,-3.71,1.816,89.793,1.03036
7098,591501.67,1,0.30978935956954956,0.38186395168304443,0.18858,0.25231772661209106,10.122,-3.779,1.797,89.798,1.02978
7099,591581.67,1,0.3241448700428009,0.39094308018684387,0.18378,0.24624161422252655,10.156,-3.778,1.72,89.878,1.03046
7100,591661.67,1,0.3341384530067444,0.40604647994041443,0.17838,0.24587546288967133,10.233,-3.786,1.608,89.841,1.03054
7101,591741.67,1,0.28596216440200806,0.3793594241142273,0.19891,0.24502192437648773,10.138,-3.828,1.433,89.925,1.03006
7102,591821.67,1,0.2718467712402344,0.37422433495521545,0.20324,0.2332810014486313,10.087,-3.761,1.286,89.877,1.03073
7103,591901.67,1,0.2624657452106476,0.362356960773468,0.21147,0.22224289178848267,10.061,-3.735,1.163,89.985,1.03096
7104,591981.67,1,0.2546539008617401,0.3546645939350128,0.2181,0.18787378072738647,10.154,-3.713,1.034,89.924,1.03071
7105,592061.67,1,0.2752392590045929,0.3554074764251709,0.21452,0.1864369660615921,10.303,-3.604,0.702,89.885,1.02954
7106,592141.67,1,0.2657114863395691,0.36143189668655396,0.21408,0.20292428135871887,11.009,-3.433,0.215,89.951,1.03269
7107,592221.67,1,0.30526506900787354,0.4274604618549347,0.19119,0.202566996216774,12.932,-3.683,-0.231,95.54,1.05767
7108,592301.67,1,0.34633690118789673,0.4202503561973572,0.17285,0.09556619822978973,15.913,-4.472,-0.259,98.61,1.06871
7109,592381.67,1,0.2585970163345337,0.38344383239746094,0.20709,0.14090588688850403,17.736,-5.727,-0.245,97.125,1.06799
7110,592461.67,1,0.23105944693088531,0.35244566202163696,0.23519,0.11007402837276459,21.666,-6.869,-0.401,95.576,1.06653
7111,592541.67,1,0.21141374111175537,0.4198123514652252,0.23289,0.06846866011619568,20.282,-7.056,-1.219,94.497,1.06785
7112,592621.67,1,0.20801137387752533,0.33667197823524475,0.25208,0.05403587222099304,19.306,-7.717,-0.91,93.285,1.06902
7113,592701.67,1,0.22284065186977386,0.36140352487564087,0.24681,0.04344632104039192,19.248,-8.736,-0.831,92.224,1.07075
7114,592776.67,1,0.24793803691864014,0.3649194836616516,0.23889,0.037482161074876785,18.903,-10.256,-0.906,91.884,1.07245
7115,592851.67,1,0.5424093008041382,0.6577999591827393,0.08168,0.05956878513097763,18.018,-10.555,-1.579,91.785,1.07411
7116,592926.67,1,0.3783009350299835,0.5372480750083923,0.16942,0.05803283676505089,16.369,-10.803,-1.732,91.604,1.07654
7117,593003.33,1,0.1520574688911438,0.23692333698272705,0.29128,0.07207485288381577,15.1,-10.429,-1.074,92.006,1.08482
7118,593078.33,1,0.36888113617897034,0.4509224593639374,0.18185,0.4167756736278534,17.536,-10.145,0.242,94.006,1.08693
7119,593153.33,1,0.37434038519859314,0.3351938724517822,0.18796,0.4729820489883423,15.974,-10.339,1.437,96.728,1.08177
7120,593228.33,1,0.24235272407531738,0.2093861699104309,0.26986,0.5359107255935669,13.377,-9.715,1.203,91.682,1.05846
7121,593303.33,1,0.1531990021467209,0.15685611963272095,0.3001,0.6312710642814636,12.665,-9.269,0.117,89.95,1.04696
7122,593380.0,1,0.1256602555513382,0.16923707723617554,0.30999,0.4803686738014221,12.07,-9.451,-0.709,90.69,1.04522
7123,593455.0,1,0.14031043648719788,0.15492211282253265,0.30334,0.2184513658285141,11.83,-9.833,-0.981,91.374,1.04581
7124,593530.0,1,0.13426175713539124,0.12427031993865967,0.31093,0.18383385241031647,11.981,-10.154,-1.15,91.975,1.04563
7125,593605.0,1,0.13163311779499054,0.12531307339668274,0.31045,0.20714527368545532,12.949,-10.395,-1.365,92.344,1.04735
7126,593681.67,1,0.14142559468746185,0.12526555359363556,0.30419,0.2412818819284439,12.86,-10.387,-1.483,92.308,1.04684
7127,593756.67,1,0.15389931201934814,0.14597007632255554,0.29599,0.2318650186061859,13.07,-10.254,-1.399,92.376,1.04626
7128,593831.67,1,0.6385743618011475,0.667401909828186,0.04077,0.24961881339550018,13.137,-9.784,-1.407,92.512,1.04699
7129,593906.67,1,0.5761750936508179,0.6264321208000183,0.05502,0.2458687722682953,13.106,-9.357,-1.258,92.454,1.04701
7130,593981.67,1,0.4126887619495392,0.48488202691078186,0.12606,0.23972976207733154,13.599,-9.041,-1.147,92.285,1.04686
7131,594058.33,1,0.3265291452407837,0.39393308758735657,0.17059,0.2419719696044922,13.993,-8.77,-1.014,92.219,1.04697
7132,594133.33,1,0.2880870997905731,0.35745492577552795,0.18933,0.24664534628391266,13.995,-8.729,-0.953,92.189,1.04669
7133,594208.33,1,0.28632476925849915,0.3531305491924286,0.19342,0.24453549087047577,14.169,-8.733,-0.952,92.158,1.04656
7134,594283.33,1,0.2784091830253601,0.37459442019462585,0.19288,0.24876375496387482,14.262,-8.616,-1.088,92.11,1.04753
7135,594358.33,1,0.26927846670150757,0.36406409740448,0.20008,0.2541654407978058,14.384,-8.608,-1.227,92.148,1.04715
7136,594435.0,1,0.26605233550071716,0.35631921887397766,0.20604,0.26483476161956787,14.531,-8.496,-1.191,92.11,1.04664
7137,594510.0,1,0.27510783076286316,0.3662627935409546,0.20749,0.2765648066997528,14.477,-8.463,-1.11,92.153,1.04627
7138,594585.0,1,0.19631825387477875,0.22396691143512726,0.25946,0.2684185802936554,14.473,-8.569,-1.102,92.14,1.04618
7139,594660.0,1,0.24641653895378113,0.3646911680698395,0.21117,0.24769309163093567,14.286,-8.604,-1.086,92.127,1.04635
7140,594736.67,1,0.6178445816040039,0.6253966093063354,0.05679,0.22467176616191864,13.972,-8.488,-1.185,92.073,1.04596
7141,594811.67,1,0.5372920036315918,0.5565017461776733,0.08345,0.20133894681930542,14.002,-8.45,-1.045,92.136,1.0465
7142,594886.67,1,0.46559569239616394,0.48958417773246765,0.1264,0.20386484265327454,14.067,-8.394,-1.013,91.999,1.04654
7143,594961.67,1,0.39877888560295105,0.40510082244873047,0.16789,0.1853587031364441,14.017,-8.305,-0.983,91.985,1.04633
7144,595036.67,1,0.3732273280620575,0.3799495995044708,0.18448,0.17596851289272308,13.892,-8.24,-0.984,91.904,1.04596
7145,595113.33,1,0.35393470525741577,0.35865306854248047,0.19577,0.17356520891189575,13.84,-8.239,-0.977,91.948,1.04574
7146,595188.33,1,0.3356941044330597,0.3520599901676178,0.2005,0.17166347801685333,13.72,-8.202,-0.959,91.876,1.04509
7147,595263.33,1,0.3217720091342926,0.34778937697410583,0.20363,0.17084592580795288,13.639,-8.149,-0.903,91.932,1.04583
7148,595338.33,1,0.32350629568099976,0.3444380760192871,0.19726,0.17097574472427368,13.6,-8.024,-0.851,91.883,1.04607
7149,595415.0,1,0.20909656584262848,0.24978874623775482,0.23601,0.18779677152633667,13.519,-7.534,-0.364,91.881,1.04647
7150,595490.0,1,0.1689566671848297,0.2085229754447937,0.25205,0.19760781526565552,13.301,-6.799,-0.024,91.763,1.04568
7151,595565.0,1,0.15907230973243713,0.19758804142475128,0.2596,0.23191797733306885,13.097,-6.161,0.284,91.704,1.0451
7152,595640.0,1,0.16290119290351868,0.2038765698671341,0.26088,0.2376343309879303,12.581,-5.515,0.502,91.615,1.04504
7153,595715.0,1,0.1734037697315216,0.21397987008094788,0.26071,0.24498316645622253,12.378,-5.108,0.699,91.575,1.0448
7154,595791.67,1,0.17667236924171448,0.21721705794334412,0.25898,0.260617196559906,12.253,-4.829,0.744,91.493,1.04588
7155,595866.67,1,0.18676917254924774,0.22705070674419403,0.25238,0.2697327435016632,12.246,-4.575,0.737,91.476,1.04538
7156,595941.67,1,0.19127872586250305,0.23621995747089386,0.24786,0.2676449716091156,12.312,-4.501,0.728,91.358,1.04517
7157,596016.67,1,0.2009906768798828,0.24807710945606232,0.24501,0.2880989909172058,12.325,-4.379,0.704,91.292,1.04582
7158,596093.33,1,0.21500924229621887,0.2658039331436157,0.23632,0.27863383293151855,12.306,-4.275,0.729,91.176,1.04582
7159,596168.33,1,0.22593903541564941,0.2787381112575531,0.22886,0.2855079174041748,12.291,-4.275,0.736,91.106,1.04554
7160,596243.33,1,0.2315528839826584,0.2898062765598297,0.22454,0.28396153450012207,12.288,-4.27,0.704,90.987,1.04585
7161,596318.33,1,0.23100580275058746,0.2951328456401825,0.22458,0.28572216629981995,12.322,-4.235,0.69,90.99,1.04568
7162,596393.33,1,0.23331205546855927,0.3009588420391083,0.22359,0.28028610348701477,12.34,-4.222,0.701,90.895,1.04556
7163,596470.0,1,0.22625885903835297,0.2951035499572754,0.22806,0.27798375487327576,12.33,-4.193,0.696,90.904,1.04484
7164,596545.0,1,0.21624283492565155,0.28240346908569336,0.23327,0.27523231506347656,12.347,-4.181,0.692,90.806,1.04517
7165,596620.0,1,0.20311826467514038,0.27869006991386414,0.23809,0.271746426820755,12.336,-4.126,0.72,90.848,1.0459
7166,596695.0,1,0.20587831735610962,0.27566003799438477,0.23995,0.2695164680480957,12.295,-4.111,0.704,90.742,1.04642
7167,596771.67,1,0.2108761966228485,0.28515297174453735,0.23809,0.2792302370071411,12.35,-4.088,0.692,90.792,1.04518
7168,596846.67,1,0.21477752923965454,0.2904922664165497,0.2366,0.2760680913925171,12.31,-4.07,0.686,90.716,1.04541
7169,596921.67,1,0.6197826862335205,0.5693638920783997,0.07766,0.27910879254341125,12.472,-4.079,0.668,90.801,1.04627
7170,596996.67,1,0.6456099152565002,0.5888149738311768,0.06082,0.2706146836280823,12.593,-4.104,0.715,90.721,1.04694
7171,597071.67,1,0.5727007985115051,0.563758373260498,0.07902,0.26811861991882324,12.614,-4.118,0.774,90.767,1.04553
7172,597148.33,1,0.4757441580295563,0.4938778877258301,0.11071,0.2666917145252228,12.582,-4.142,0.841,90.719,1.0461
7173,597223.33,1,0.42419347167015076,0.45512762665748596,0.12777,0.2631426751613617,12.563,-4.151,0.855,90.768,1.04509
7174,597298.33,1,0.4163344204425812,0.4441382884979248,0.13312,0.25831130146980286,12.585,-4.124,0.884,90.73,1.04611
7175,597373.33,1,0.41789913177490234,0.44115036725997925,0.13476,0.25581467151641846,12.563,-4.128,0.915,90.836,1.04464
7176,597450.0,1,0.42182084918022156,0.4374781847000122,0.13514,0.2544699013233185,12.59,-4.107,0.931,90.785,1.04478
7177,597525.0,1,0.4237823784351349,0.43546369671821594,0.13577,0.2549557089805603,12.596,-4.092,0.927,90.922,1.04462
7178,597600.0,1,0.42806747555732727,0.4347689747810364,0.13559,0.2555408477783203,12.739,-4.086,0.91,90.891,1.04575
7179,597675.0,1,0.4256255328655243,0.435473769903183,0.13681,0.2536400258541107,12.751,-4.097,0.873,91.003,1.04451
7180,597750.0,1,0.427587628364563,0.4307829439640045,0.13677,0.2521400451660156,12.804,-4.096,0.859,90.974,1.04519
7181,597826.67,1,0.4241390824317932,0.43196573853492737,0.13682,0.25062426924705505,12.805,-4.097,0.836,91.097,1.04428
7182,597901.67,1,0.4415970742702484,0.4341982901096344,0.13184,0.2479015290737152,12.864,-4.108,0.829,91.063,1.04505
7183,597976.67,1,0.6875957250595093,0.6223286390304565,0.04306,0.2421259731054306,12.864,-4.137,0.628,91.244,1.04556
7184,598051.67,1,0.7183917760848999,0.6362284421920776,0.03295,0.24076558649539948,12.918,-4.172,0.515,91.154,1.04554
7185,598128.33,1,0.6872076988220215,0.574466347694397,0.04936,0.24212834239006042,12.938,-4.199,0.493,91.19,1.04467
7186,598203.33,1,0.5679651498794556,0.503995954990387,0.08448,0.24104370176792145,12.947,-4.209,0.493,91.103,1.04529
7187,598278.33,1,0.4777393639087677,0.45774707198143005,0.11219,0.2434140294790268,12.884,-4.197,0.51,91.193,1.04485
7188,598353.33,1,0.4452214539051056,0.43790170550346375,0.12518,0.24085558950901031,12.827,-4.195,0.472,91.107,1.04541
7189,598428.33,1,0.43662193417549133,0.43079662322998047,0.13092,0.23996078968048096,12.856,-4.17,0.461,91.169,1.04423
7190,598505.0,1,0.4295465052127838,0.4275670647621155,0.1345,0.24023035168647766,12.832,-4.164,0.477,91.08,1.04455
7191,598580.0,1,0.4242412745952606,0.4283583462238312,0.13653,0.2418915331363678,12.82,-4.161,0.503,91.137,1.04403
7192,598655.0,1,0.4235704243183136,0.4268544316291809,0.13794,0.24353669583797455,12.75,-4.117,0.533,91.054,1.04485
7193,598730.0,1,0.4249981939792633,0.4279986023902893,0.13857,0.24749766290187836,12.73,-4.081,0.567,91.118,1.04503
7194,598805.0,1,0.3704642653465271,0.41139158606529236,0.15492,0.2504490613937378,12.719,-4.066,0.559,90.986,1.04443
7195,598881.67,1,0.37113144993782043,0.4095291197299957,0.15604,0.253393292427063,12.708,-4.052,0.533,91.016,1.04372
7196,598956.67,1,0.6576546430587769,0.591263473033905,0.06037,0.25294336676597595,12.775,-4.008,0.378,90.982,1.04438
7197,599031.67,1,0.7020487785339355,0.626725435256958,0.04241,0.2486029714345932,12.876,-4.048,0.336,91.029,1.04426
7198,599106.67,1,0.6834847331047058,0.5874847769737244,0.05049,0.23836570978164673,12.925,-4.06,0.368,90.881,1.04463
7199,599183.33,1,0.5311378240585327,0.5124117732048035,0.09108,0.2381991446018219,12.85,-4.068,0.451,90.832,1.04407
7200,599258.33,1,0.44990578293800354,0.45112332701683044,0.12082,0.23390306532382965,12.76,-4.062,0.475,90.75,1.0444
7201,599333.33,1,0.4255131781101227,0.4347352981567383,0.1305,0.2289295196533203,12.677,-4.062,0.519,90.829,1.04378
7202,599408.33,1,0.4225625693798065,0.42575883865356445,0.13481,0.23079629242420197,12.683,-4.061,0.549,90.794,1.04257
7203,599483.33,1,0.4230196475982666,0.4239567518234253,0.13629,0.23216509819030762,12.666,-4.049,0.575,90.882,1.0429
7204,599560.0,1,0.41957348585128784,0.4211912155151367,0.13808,0.2298191636800766,12.67,-4.052,0.561,90.876,1.04406
7205,599635.0,1,0.4169884920120239,0.4201245903968811,0.13936,0.22994348406791687,12.688,-4.028,0.562,90.945,1.04414
7206,599710.0,1,0.4211606979370117,0.42181605100631714,0.13877,0.23093843460083008,12.679,-4.004,0.581,90.907,1.04422
7207,599785.0,1,0.4168741703033447,0.4233872592449188,0.13937,0.22689037024974823,12.698,-4.002,0.58,90.977,1.04457
7208,599861.67,1,0.41716569662094116,0.4248645007610321,0.13926,0.22419597208499908,12.654,-3.964,0.593,90.906,1.04508
7209,599936.67,1,0.4172990322113037,0.4259476661682129,0.13817,0.22868433594703674,12.542,-3.967,0.593,90.957,1.04457
7210,600011.67,1,0.42080557346343994,0.43016475439071655,0.13667,0.23041018843650818,12.491,-3.935,0.605,90.908,1.04519
7211,600086.67,1,0.4224547743797302,0.4302500784397125,0.13601,0.23362155258655548,12.456,-3.908,0.617,91.041,1.04467
7212,600161.67,1,0.4222036600112915,0.43233293294906616,0.13594,0.23351018130779266,12.452,-3.876,0.596,90.97,1.04471
7213,600238.33,1,0.4263104796409607,0.4332970082759857,0.13485,0.2332165688276291,12.476,-3.849,0.593,91.087,1.04417
7214,600313.33,1,0.43782636523246765,0.4372227191925049,0.13182,0.23312395811080933,12.495,-3.836,0.605,91.049,1.04458
7215,600388.33,1,0.45510777831077576,0.44128018617630005,0.12739,0.2326640784740448,12.574,-3.768,0.594,91.166,1.04458
7216,600463.33,1,0.4528006315231323,0.4414300322532654,0.12839,0.23165494203567505,12.552,-3.763,0.584,91.097,1.04474
7217,600540.0,1,0.4627467691898346,0.4438357651233673,0.12608,0.23072892427444458,12.568,-3.749,0.598,91.213,1.04353
7218,600615.0,1,0.47431591153144836,0.4487930238246918,0.12293,0.23100224137306213,12.582,-3.74,0.606,91.12,1.04486
7219,600690.0,1,0.4793492257595062,0.45010805130004883,0.12148,0.2320784628391266,12.601,-3.709,0.609,91.204,1.04457
7220,600765.0,1,0.48334410786628723,0.45105165243148804,0.12019,0.23421835899353027,12.69,-3.71,0.604,91.127,1.04475
7221,600840.0,1,0.4815472662448883,0.4511907696723938,0.12078,0.2328384965658188,12.675,-3.702,0.595,91.191,1.04372
7222,600916.67,1,0.4895152747631073,0.4533511996269226,0.11881,0.23091243207454681,12.691,-3.673,0.599,91.093,1.04421
7223,600991.67,1,0.49843981862068176,0.4680086076259613,0.11371,0.22975493967533112,12.706,-3.674,0.555,91.127,1.04402
7224,601066.67,1,0.49347344040870667,0.46732544898986816,0.11411,0.22537827491760254,12.64,-3.676,0.555,91.019,1.04473
7225,601141.67,1,0.4617801606655121,0.4619479179382324,0.12475,0.23397411406040192,12.515,-3.682,0.441,91.058,1.04371
7226,601218.33,1,0.3660595715045929,0.40954625606536865,0.15966,0.23563113808631897,12.352,-3.699,0.315,90.945,1.04342
7227,601293.33,1,0.37233611941337585,0.4152761697769165,0.15805,0.2322370409965515,12.339,-3.705,0.255,91.015,1.04325
7228,601368.33,1,0.6636701822280884,0.5897393226623535,0.06,0.2220599502325058,12.348,-3.636,0.203,90.975,1.0433
7229,601443.33,1,0.6434985399246216,0.5959617495536804,0.06138,0.2112734466791153,12.347,-3.631,0.181,90.923,1.04313
7230,601518.33,1,0.46103787422180176,0.5237069129943848,0.1105,0.20753222703933716,12.228,-3.594,0.202,90.75,1.04312
7231,601595.0,1,0.3219785988330841,0.41190382838249207,0.17154,0.2114642858505249,12.014,-3.628,0.163,90.783,1.04192
7232,601670.0,1,0.24772316217422485,0.34295493364334106,0.21478,0.2109447568655014,11.904,-3.633,0.16,90.691,1.04276
7233,601745.0,1,0.22775600850582123,0.2875240743160248,0.23596,0.20685705542564392,11.794,-3.671,0.16,90.695,1.04266
7234,601820.0,1,0.2217659056186676,0.28400370478630066,0.24152,0.20713530480861664,11.746,-3.667,0.153,90.602,1.0428
7235,601895.0,1,0.219212606549263,0.28288915753364563,0.24497,0.21225161850452423,11.722,-3.657,0.177,90.6,1.04187
7236,601976.67,1,0.21750539541244507,0.28670796751976013,0.24555,0.2198438197374344,11.7,-3.643,0.19,90.543,1.03291
7237,602056.67,1,0.21696235239505768,0.28383517265319824,0.24666,0.22901633381843567,11.687,-3.633,0.198,90.663,1.03225
7238,602136.67,1,0.2171231061220169,0.2792893946170807,0.24742,0.22996172308921814,11.696,-3.633,0.216,90.727,1.03331
7239,602216.67,1,0.21538354456424713,0.27333971858024597,0.24996,0.2352498173713684,11.673,-3.594,0.212,90.614,1.03147
7240,602296.67,1,0.21595792472362518,0.27696478366851807,0.24858,0.23083145916461945,11.595,-3.58,0.221,90.464,1.03172
7241,602376.67,1,0.22266478836536407,0.2780940532684326,0.24919,0.21604414284229279,11.506,-3.49,0.271,90.514,1.03045
7242,602458.33,1,0.22435198724269867,0.27024924755096436,0.25066,0.1947348713874817,11.48,-3.335,0.226,90.461,1.03019
7243,602538.33,1,0.22755032777786255,0.2615290582180023,0.25253,0.18745741248130798,11.386,-3.196,0.226,90.51,1.0306
7244,602618.33,1,0.2289775013923645,0.25839903950691223,0.2536,0.1854305863380432,11.331,-3.094,0.217,90.458,1.03061
7245,602698.33,1,0.23075030744075775,0.2600369155406952,0.25238,0.19741375744342804,11.299,-3.05,0.192,90.516,1.02991
7246,602778.33,1,0.2379688024520874,0.2608625292778015,0.24891,0.23759625852108002,11.28,-3.035,0.179,90.475,1.0299
7247,602858.33,1,0.24038682878017426,0.2710001766681671,0.24708,0.26647666096687317,11.492,-3.048,0.192,90.533,1.02974
7248,602940.0,1,0.2375374287366867,0.2807498574256897,0.24433,0.2766916751861572,11.599,-3.045,0.189,90.41,1.03037
7249,603020.0,1,0.2292012721300125,0.2831369936466217,0.24404,0.2681116461753845,11.631,-3.073,0.171,90.377,1.02917
7250,603100.0,1,0.22362130880355835,0.2835683822631836,0.2441,0.26094499230384827,11.626,-3.082,0.171,90.221,1.02983
7251,603180.0,1,0.21945995092391968,0.2850967049598694,0.2442,0.2557041049003601,11.622,-3.094,0.182,90.171,1.02985
7252,603260.0,1,0.21695907413959503,0.2809270918369293,0.24507,0.2513987123966217,11.498,-3.088,0.17,90.016,1.03017
7253,603340.0,1,0.217901811003685,0.2868107259273529,0.24351,0.24705854058265686,11.378,-3.103,0.136,90.044,1.02943
7254,603421.67,1,0.22137214243412018,0.293178915977478,0.24157,0.2387954443693161,11.351,-3.092,0.13,89.949,1.02999
7255,603501.67,1,0.22383423149585724,0.2981247901916504,0.23998,0.22722512483596802,11.342,-3.088,0.115,90.054,1.02864
7256,603581.67,1,0.22769585251808167,0.30025461316108704,0.23963,0.2151039093732834,11.304,-3.08,0.095,89.985,1.02874
7257,603661.67,1,0.22639453411102295,0.2970224916934967,0.23951,0.21873532235622406,11.381,-3.033,0.078,90.087,1.02893
7258,603741.67,1,0.22901268303394318,0.2898269593715668,0.24194,0.2301768958568573,11.444,-3.01,0.075,90.029,1.02946
7259,603821.67,1,0.22722956538200378,0.2851084768772125,0.24468,0.23837119340896606,11.56,-2.948,0.084,90.038,1.02933
7260,603901.67,1,0.22525598108768463,0.28050702810287476,0.24652,0.2372894287109375,11.574,-2.965,0.094,89.943,1.03018
7261,603983.33,1,0.22526533901691437,0.27772122621536255,0.24783,0.23803506791591644,11.571,-2.965,0.112,90.046,1.02938
7262,604063.33,1,0.22443027794361115,0.2739745080471039,0.24874,0.23495697975158691,11.584,-2.967,0.116,89.987,1.02899
7263,604143.33,1,0.20608626306056976,0.24877114593982697,0.26155,0.24172234535217285,11.586,-3.013,0.099,90.065,1.02957
7264,604223.33,1,0.16081097722053528,0.19756558537483215,0.28749,0.24261529743671417,11.696,-3.033,0.114,90.016,1.02962
7265,604303.33,1,0.14017705619335175,0.17267577350139618,0.29923,0.23878422379493713,11.701,-3.052,0.108,90.071,1.02963
7266,604383.33,1,0.12700314819812775,0.1553810089826584,0.30557,0.2387850284576416,11.703,-3.076,0.086,90.022,1.0303
7267,604465.0,1,0.12704652547836304,0.1524324119091034,0.3062,0.24587151408195496,11.778,-3.111,0.048,90.1,1.0296
7268,604545.0,1,0.11205772310495377,0.13600490987300873,0.31682,0.24721117317676544,11.814,-3.123,0.043,90.022,1.02944
7269,604625.0,1,0.10152051597833633,0.11863070726394653,0.32556,0.24368149042129517,11.823,-3.134,0.015,90.07,1.02928
7270,604705.0,1,0.09885719418525696,0.11227185279130936,0.32685,0.2513975203037262,11.842,-3.131,-0.016,89.968,1.02987
7271,604785.0,1,0.10641132295131683,0.1218574121594429,0.31294,0.23841118812561035,11.623,-3.103,-0.004,90.002,1.02967
7272,604865.0,1,0.11122135818004608,0.12763521075248718,0.30814,0.2335614264011383,11.586,-3.088,0.006,89.931,1.02966
7273,604946.67,1,0.11613217741250992,0.13106460869312286,0.30531,0.22985096275806427,11.527,-2.96,0.036,90.003,1.02991
7274,605026.67,1,0.12516750395298004,0.1400517076253891,0.30208,0.2352391481399536,11.484,-2.904,0.052,89.926,1.03033
7275,605106.67,1,0.12230586260557175,0.1390884667634964,0.30327,0.23531094193458557,11.352,-2.851,0.052,89.976,1.02961
7276,605186.67,1,0.12196450680494308,0.1386612355709076,0.30345,0.2397538721561432,11.229,-2.828,0.059,89.898,1.02995
7277,605266.67,1,0.1257840394973755,0.14550481736660004,0.30105,0.23421257734298706,11.168,-2.829,0.042,89.971,1.02973
7278,605346.67,1,0.12624552845954895,0.14997203648090363,0.29928,0.22116698324680328,11.207,-2.738,0.053,89.883,1.03061
7279,605428.33,1,0.13953863084316254,0.16797876358032227,0.29599,0.22684884071350098,11.162,-2.727,-0.017,89.94,1.03
7280,605508.33,1,0.1262267529964447,0.16177935898303986,0.30442,0.23485535383224487,11.114,-2.719,0.037,89.852,1.02994
7281,605588.33,1,0.10468551516532898,0.13655470311641693,0.31994,0.23128190636634827,11.159,-2.685,0.018,89.896,1.02941
7282,605668.33,1,0.09262383729219437,0.12625019252300262,0.32749,0.20941700041294098,11.128,-2.655,0.061,89.769,1.02915
7283,605748.33,1,0.09268917143344879,0.11775178462266922,0.32952,0.20162513852119446,11.208,-2.593,0.122,89.875,1.02825
7284,605828.33,1,0.0976901650428772,0.10799984633922577,0.32985,0.19758735597133636,11.322,-2.439,0.275,89.818,1.02849
7285,605908.33,1,0.10355405509471893,0.10591881722211838,0.32834,0.20967131853103638,11.317,-2.227,0.483,89.892,1.02865
7286,605990.0,1,0.10257374495267868,0.11329211294651031,0.32601,0.22692590951919556,11.21,-2.124,0.714,89.838,1.02834
7287,606070.0,1,0.11283406615257263,0.14690405130386353,0.32255,0.24848072230815887,10.393,-1.823,0.931,89.917,1.02842
7288,606150.0,1,0.10624637454748154,0.1394536793231964,0.33049,0.27222928404808044,8.887,-1.638,0.964,89.872,1.02732
7289,606230.0,1,0.08820515125989914,0.11355222016572952,0.35036,0.26973268389701843,7.874,-1.598,0.898,89.809,1.0279
7290,606310.0,1,0.08442442119121552,0.11405887454748154,0.34775,0.27148908376693726,7.167,-1.878,0.759,89.729,1.02684
7291,606390.0,1,0.07632555812597275,0.08560493588447571,0.35571,0.27367401123046875,6.457,-1.996,0.817,89.725,1.02572
7292,606471.67,1,0.07414034754037857,0.07860048115253448,0.35381,0.19365140795707703,5.637,-2.291,0.744,89.623,1.0246
7293,606551.67,1,0.06951229274272919,0.07523413747549057,0.35409,0.2380925863981247,5.105,-2.597,0.793,89.651,1.0249
7294,606631.67,1,0.07234472781419754,0.07816851139068604,0.34705,0.2720922529697418,5.191,-2.652,0.969,89.585,1.0246
7295,606711.67,1,0.07646547257900238,0.08476565033197403,0.34189,0.2807709276676178,5.271,-2.658,1.075,89.702,1.02494
7296,606791.67,1,0.07662150263786316,0.08746926486492157,0.34124,0.2757933437824249,5.383,-2.67,1.098,89.695,1.02489
7297,606871.67,1,0.07884592562913895,0.08641818910837173,0.34028,0.26134151220321655,5.452,-2.675,1.086,89.776,1.02527
