frame_idx,t_ms,face,eye_blink_l,eye_blink_r,ear,jaw_open,pitch,yaw,roll,bright_mean,warmth
0,0.0,1,0.24855270981788635,0.21320487558841705,0.25043,0.020449521020054817,6.883,-0.174,0.956,110.945,0.92204
1,64.03,1,0.23934954404830933,0.20492416620254517,0.25138,0.021197142079472542,6.817,-0.301,0.902,110.972,0.9215
2,128.0,1,0.22887255251407623,0.1988389492034912,0.25065,0.021359987556934357,6.917,-0.435,0.833,110.996,0.92236
3,192.13,1,0.226614311337471,0.19491885602474213,0.25118,0.02133001759648323,6.961,-0.507,0.81,110.954,0.92183
4,240.0,1,0.22347913682460785,0.19034159183502197,0.2515,0.0205486249178648,6.996,-0.561,0.788,111.08,0.92101
5,304.2,1,0.24424205720424652,0.20762518048286438,0.23825,0.020963113754987717,7.079,-0.574,0.814,111.054,0.92165
6,368.17,1,0.2430889904499054,0.19763822853565216,0.2384,0.02173340879380703,7.037,-0.628,0.84,110.977,0.92095
7,432.13,1,0.2586449980735779,0.20555716753005981,0.23317,0.021349821239709854,7.063,-0.633,0.818,111.079,0.92323
8,479.97,1,0.2592453956604004,0.2074698805809021,0.23272,0.020950712263584137,7.065,-0.707,0.832,111.087,0.92196
9,544.27,1,0.2654433846473694,0.20746630430221558,0.23173,0.020890027284622192,7.032,-0.709,0.791,111.008,0.9219
10,608.6,1,0.25476643443107605,0.2071574628353119,0.233,0.019288767129182816,7.101,-0.707,0.819,111.007,0.92222
11,672.3,1,0.2501866817474365,0.20046071708202362,0.234,0.01933494210243225,6.976,-0.684,0.825,111.046,0.92244
12,720.1,1,0.25059837102890015,0.2013104408979416,0.23424,0.019102007150650024,6.941,-0.677,0.861,111.01,0.92243
13,784.37,1,0.2560219168663025,0.20263206958770752,0.23272,0.019663257524371147,6.91,-0.663,0.811,111.046,0.92219
14,847.97,1,0.255129337310791,0.20605707168579102,0.23194,0.01921992562711239,6.917,-0.664,0.806,111.002,0.92292
15,912.2,1,0.2504890263080597,0.204424187541008,0.23292,0.01892923377454281,6.901,-0.622,0.754,110.984,0.92404
16,960.3,1,0.24862174689769745,0.204768106341362,0.23326,0.019333556294441223,6.913,-0.622,0.73,111.008,0.92317
17,1024.17,1,0.24739466607570648,0.20489288866519928,0.23363,0.019473986700177193,6.939,-0.618,0.75,111.019,0.92307
18,1088.2,1,0.25191035866737366,0.20958082377910614,0.23143,0.02026284858584404,6.952,-0.624,0.74,110.956,0.92441
19,1152.03,1,0.25204575061798096,0.20870932936668396,0.23145,0.02094206213951111,6.953,-0.603,0.728,111.085,0.92336
20,1199.93,1,0.2593560516834259,0.21880896389484406,0.22845,0.022349635139107704,6.988,-0.61,0.73,111.071,0.9225
21,1263.93,1,0.26978397369384766,0.22058019042015076,0.22758,0.02208154834806919,6.971,-0.675,0.756,110.991,0.9227
22,1327.9,1,0.2769516706466675,0.22088688611984253,0.22759,0.022287555038928986,6.994,-0.682,0.759,111.083,0.92355
23,1391.9,1,0.27015578746795654,0.22072908282279968,0.22825,0.021217377856373787,7.093,-0.643,0.761,111.111,0.92096
24,1439.97,1,0.27289173007011414,0.22032329440116882,0.22806,0.021901043131947517,7.053,-0.627,0.749,110.95,0.92374
25,1503.97,1,0.27415013313293457,0.2220117449760437,0.22757,0.021762210875749588,7.067,-0.632,0.757,111.033,0.92265
26,1568.2,1,0.27702534198760986,0.22725379467010498,0.22587,0.02193288691341877,7.053,-0.65,0.776,111.057,0.92353
27,1631.97,1,0.28070375323295593,0.22780419886112213,0.22532,0.022607523947954178,7.037,-0.669,0.777,110.941,0.92392
28,1680.0,1,0.2809984087944031,0.22901348769664764,0.22546,0.02260022796690464,7.04,-0.672,0.774,111.116,0.92278
29,1744.07,1,0.27945616841316223,0.22858867049217224,0.22583,0.02320544607937336,7.044,-0.69,0.756,110.933,0.92364
30,1808.0,1,0.2785339653491974,0.22241875529289246,0.22781,0.023570433259010315,7.103,-0.667,0.721,110.916,0.92173
31,1872.37,1,0.2707114517688751,0.21777397394180298,0.22906,0.023781688883900642,7.067,-0.595,0.729,110.986,0.9239
32,1920.33,1,0.25504225492477417,0.21576204895973206,0.23367,0.023087795823812485,7.098,-0.595,0.747,110.975,0.9228
33,1984.3,1,0.23551619052886963,0.19318288564682007,0.243,0.022574445232748985,7.12,-0.573,0.742,110.964,0.92406
34,2048.6,1,0.21583491563796997,0.17325815558433533,0.25174,0.02232491225004196,7.141,-0.572,0.739,111.018,0.92137
35,2112.0,1,0.20657579600811005,0.17072981595993042,0.25489,0.0218814704567194,7.189,-0.582,0.759,110.971,0.92228
36,2160.4,1,0.2072567194700241,0.16846589744091034,0.25505,0.02204638533294201,7.189,-0.566,0.745,111.013,0.92085
37,2224.33,1,0.20299023389816284,0.16565534472465515,0.25608,0.022052574902772903,7.165,-0.586,0.739,111.088,0.92131
38,2288.03,1,0.2018468677997589,0.16454195976257324,0.25631,0.021821675822138786,7.166,-0.564,0.753,111.062,0.92198
39,2352.37,1,0.20182660222053528,0.165865957736969,0.25575,0.021535227075219154,7.265,-0.557,0.745,110.972,0.92184
40,2400.3,1,0.20202955603599548,0.16444194316864014,0.25633,0.020976625382900238,7.265,-0.548,0.742,111.059,0.92174
41,2464.33,1,0.19515061378479004,0.16453155875205994,0.25906,0.02071457915008068,7.264,-0.54,0.76,111.089,0.92231
42,2528.43,1,0.18669889867305756,0.15838471055030823,0.26347,0.02111024782061577,7.264,-0.526,0.757,111.005,0.92311
43,2592.3,1,0.19031958281993866,0.16110917925834656,0.2618,0.02134304866194725,7.218,-0.542,0.746,111.087,0.92279
44,2640.07,1,0.19274182617664337,0.16295641660690308,0.26085,0.021137770265340805,7.245,-0.551,0.746,111.094,0.92238
45,2704.0,1,0.19409097731113434,0.160305917263031,0.26126,0.020997293293476105,7.257,-0.586,0.737,110.981,0.92367
46,2768.0,1,0.19512932002544403,0.16123782098293304,0.26048,0.021619044244289398,7.282,-0.576,0.73,111.416,0.92072
47,2832.37,1,0.1863148808479309,0.1587936133146286,0.26082,0.021490709856152534,7.512,-0.524,0.691,113.724,0.90661
48,2880.27,1,0.1830502301454544,0.15753476321697235,0.26249,0.021700195968151093,7.522,-0.532,0.682,113.899,0.90571
49,2944.03,1,0.18454524874687195,0.15774694085121155,0.26256,0.02204529568552971,7.583,-0.532,0.674,114.104,0.90509
50,3008.17,1,0.17900867760181427,0.15492382645606995,0.26367,0.02175522968173027,7.601,-0.545,0.668,114.138,0.90463
51,3071.97,1,0.178434357047081,0.1565728336572647,0.2641,0.022222574800252914,7.626,-0.541,0.655,114.901,0.89722
52,3120.07,1,0.1745537370443344,0.15443041920661926,0.26422,0.022416643798351288,7.655,-0.504,0.615,114.956,0.8977
53,3184.07,1,0.17415879666805267,0.15226523578166962,0.26398,0.02308332733809948,7.648,-0.516,0.623,114.957,0.89733
54,3248.43,1,0.17393985390663147,0.15112334489822388,0.26402,0.022955169901251793,7.637,-0.524,0.636,114.895,0.89907
55,3312.17,1,0.1720225065946579,0.14855468273162842,0.26519,0.022657692432403564,7.645,-0.533,0.639,114.915,0.89809
56,3360.4,1,0.17195604741573334,0.14733564853668213,0.26588,0.02206030860543251,7.655,-0.544,0.658,114.918,0.89861
57,3424.2,1,0.17666473984718323,0.14652149379253387,0.26588,0.021723151206970215,7.664,-0.563,0.696,114.934,0.89807
58,3488.23,1,0.17780356109142303,0.14844755828380585,0.2658,0.02172306925058365,7.686,-0.583,0.706,115.059,0.89825
59,3552.07,1,0.183481365442276,0.1504480093717575,0.26491,0.02201038971543312,7.679,-0.583,0.745,114.911,0.89864
60,3600.27,1,0.18611352145671844,0.15574467182159424,0.26374,0.021963616833090782,7.756,-0.61,0.748,114.323,0.92973
61,3664.37,1,0.19529928267002106,0.16735200583934784,0.2578,0.02249349094927311,7.847,-0.572,0.683,114.209,0.93167
62,3728.37,1,0.6571385860443115,0.5274105072021484,0.07351,0.02805185876786709,7.71,-0.27,0.509,114.21,0.93255
63,3792.37,1,0.5986897945404053,0.5141663551330566,0.06124,0.028252962976694107,7.99,-0.103,0.574,114.029,0.9385
64,3840.5,1,0.5593721866607666,0.4350028336048126,0.095,0.028172794729471207,7.933,-0.126,0.612,114.02,0.93908
65,3904.13,1,0.3340490460395813,0.2765793204307556,0.17565,0.02360869012773037,7.96,-0.118,0.606,114.015,0.93902
66,3968.5,1,0.25186026096343994,0.22221636772155762,0.21004,0.02124636247754097,8.018,-0.147,0.618,113.961,0.94115
67,4032.07,1,0.1927299201488495,0.1792200356721878,0.23837,0.02044244296848774,8.179,-0.197,0.653,114.027,0.94023
68,4080.1,1,0.1865706890821457,0.1674540787935257,0.24523,0.020229661837220192,8.122,-0.191,0.637,114.002,0.93965
69,4144.33,1,0.1876937448978424,0.1667010337114334,0.24869,0.01967409998178482,8.143,-0.212,0.658,113.996,0.93992
70,4208.17,1,0.1740741729736328,0.16105204820632935,0.25393,0.018775641918182373,8.094,-0.277,0.672,113.963,0.94032
71,4272.5,1,0.1739526242017746,0.15870033204555511,0.25627,0.01851300336420536,8.036,-0.32,0.659,114.014,0.93965
72,4320.43,1,0.1738978922367096,0.15736033022403717,0.25677,0.018609555438160896,8.028,-0.326,0.681,113.975,0.93883
73,4384.03,1,0.17217129468917847,0.15284737944602966,0.26099,0.01930909790098667,8.002,-0.356,0.706,113.98,0.93987
74,4448.63,1,0.1724766045808792,0.1506972461938858,0.26195,0.01939779706299305,7.979,-0.392,0.727,113.972,0.93972
75,4512.53,1,0.17541992664337158,0.14929932355880737,0.26342,0.020130334421992302,7.923,-0.405,0.748,113.973,0.93905
76,4560.47,1,0.17435862123966217,0.1483089029788971,0.26353,0.020123880356550217,7.944,-0.41,0.746,113.955,0.93989
77,4624.5,1,0.17439095675945282,0.14824824035167694,0.26419,0.020463230088353157,7.898,-0.452,0.738,113.947,0.93966
78,4688.47,1,0.17461396753787994,0.1466212123632431,0.26512,0.020932281389832497,7.883,-0.48,0.729,113.945,0.93846
79,4752.23,1,0.17454327642917633,0.1466793268918991,0.26527,0.021002240478992462,7.884,-0.48,0.727,113.94,0.93992
80,4800.27,1,0.16994608938694,0.1431451290845871,0.2677,0.02079884707927704,7.895,-0.478,0.728,113.954,0.93994
81,4864.33,1,0.16908587515354156,0.14219152927398682,0.26853,0.020465383306145668,7.963,-0.486,0.722,113.949,0.93932
82,4928.03,1,0.16968202590942383,0.14162799715995789,0.26987,0.020959069952368736,8.011,-0.477,0.727,113.976,0.93938
83,4992.1,1,0.17011874914169312,0.14230677485466003,0.26996,0.020721711218357086,8.028,-0.485,0.718,113.933,0.93943
84,5040.13,1,0.17330557107925415,0.14260414242744446,0.26995,0.02033946104347706,7.928,-0.509,0.723,113.921,0.94067
85,5104.37,1,0.17158952355384827,0.1423686444759369,0.26983,0.019797204062342644,8.018,-0.502,0.71,113.921,0.94084
86,5168.17,1,0.17200583219528198,0.1421324759721756,0.26978,0.020328981801867485,7.972,-0.502,0.724,113.942,0.93943
87,5232.03,1,0.17324869334697723,0.14244577288627625,0.2694,0.020964356139302254,7.946,-0.517,0.734,113.905,0.93921
88,5280.1,1,0.17795677483081818,0.14557915925979614,0.26663,0.02094326540827751,7.947,-0.508,0.727,114.064,0.93949
89,5344.07,1,0.20680972933769226,0.18398167192935944,0.24932,0.021498212590813637,7.908,-0.42,0.807,113.902,0.94105
90,5408.03,1,0.2124018371105194,0.17644858360290527,0.24646,0.02302391827106476,7.791,-0.407,0.742,113.885,0.94006
91,5472.1,1,0.2467600554227829,0.1967688500881195,0.23352,0.023018354550004005,7.909,-0.352,0.733,114.054,0.93998
92,5520.1,1,0.24270176887512207,0.1908206045627594,0.23606,0.02212117612361908,7.924,-0.363,0.744,114.051,0.94035
93,5584.37,1,0.24536433815956116,0.19351324439048767,0.23467,0.022768894210457802,7.866,-0.39,0.712,114.056,0.94034
94,5648.67,1,0.23582114279270172,0.18988056480884552,0.2371,0.021547218784689903,7.895,-0.425,0.753,114.043,0.939
95,5712.27,1,0.23152612149715424,0.18629077076911926,0.2397,0.022389374673366547,7.744,-0.425,0.776,114.009,0.93951
96,5760.5,1,0.23133793473243713,0.18268929421901703,0.2409,0.022205902263522148,7.719,-0.434,0.808,113.953,0.94063
97,5824.17,1,0.22945669293403625,0.18129827082157135,0.24188,0.021862300112843513,7.731,-0.451,0.854,113.972,0.94058
98,5888.03,1,0.2266845852136612,0.17971788346767426,0.24227,0.021381577476859093,7.731,-0.443,0.873,113.945,0.94115
99,5952.17,1,0.22460025548934937,0.17724013328552246,0.24264,0.02142704464495182,7.716,-0.438,0.88,113.954,0.94042
100,6000.1,1,0.22416375577449799,0.17709413170814514,0.24282,0.021190181374549866,7.711,-0.444,0.89,113.989,0.93985
101,6064.6,1,0.22139494121074677,0.17599637806415558,0.24332,0.02044723927974701,7.681,-0.447,0.89,113.975,0.94031
102,6128.33,1,0.22295178472995758,0.1760673075914383,0.24346,0.020969761535525322,7.671,-0.458,0.908,113.945,0.94084
103,6192.03,1,0.22221194207668304,0.17883364856243134,0.24268,0.020629700273275375,7.673,-0.475,0.902,113.872,0.9399
104,6240.2,1,0.2152324765920639,0.18130110204219818,0.24492,0.021030258387327194,7.745,-0.503,0.872,113.877,0.94017
105,6304.03,1,0.2048819214105606,0.17834047973155975,0.25185,0.020932745188474655,7.966,-0.511,0.833,113.845,0.93944
106,6368.13,1,0.18588149547576904,0.15546967089176178,0.26198,0.021243663504719734,7.969,-0.526,0.803,113.967,0.93942
107,6432.13,1,0.1848081648349762,0.15134896337985992,0.26537,0.020836660638451576,7.958,-0.533,0.788,113.954,0.93938
108,6480.17,1,0.18887893855571747,0.15249937772750854,0.26524,0.02087491564452648,7.956,-0.528,0.773,113.922,0.93788
109,6544.2,1,0.18870191276073456,0.1500149816274643,0.26564,0.021086372435092926,7.929,-0.544,0.763,112.641,0.94771
110,6608.13,1,0.18620046973228455,0.14954817295074463,0.26628,0.02092425338923931,7.776,-0.556,0.761,111.235,0.95771
111,6672.1,1,0.18428248167037964,0.14657239615917206,0.26786,0.02089628018438816,7.684,-0.548,0.8,110.943,0.95967
112,6720.2,1,0.18122538924217224,0.14484713971614838,0.26832,0.02066180482506752,7.673,-0.587,0.825,111.005,0.95569
113,6784.3,1,0.1778009533882141,0.14341892302036285,0.26861,0.020258793607354164,7.623,-0.564,0.826,111.001,0.95596
114,6848.13,1,0.17410121858119965,0.14491373300552368,0.26854,0.019471818581223488,7.579,-0.58,0.925,111.29,0.94275
115,6912.2,1,0.1731816977262497,0.14440514147281647,0.26883,0.019254140555858612,7.533,-0.62,0.936,111.427,0.94081
116,6960.13,1,0.174802765250206,0.1448589265346527,0.26855,0.01896113157272339,7.544,-0.597,0.949,111.447,0.94013
117,7024.4,1,0.17692172527313232,0.1452789604663849,0.2681,0.018956292420625687,7.542,-0.582,0.951,111.71,0.92484
118,7088.2,1,0.17610500752925873,0.14708970487117767,0.26799,0.019402403384447098,7.507,-0.61,0.953,111.885,0.92395
119,7152.17,1,0.17719660699367523,0.14696520566940308,0.26868,0.019969521090388298,7.491,-0.588,0.973,111.74,0.9233
120,7200.47,1,0.17948758602142334,0.14852450788021088,0.26865,0.02039872482419014,7.476,-0.613,0.981,111.864,0.92325
121,7264.2,1,0.17709213495254517,0.14598315954208374,0.26785,0.02072819136083126,7.567,-0.565,0.907,111.764,0.92271
122,7328.17,1,0.17826330661773682,0.14941535890102386,0.26578,0.020087052136659622,7.603,-0.574,0.935,111.744,0.92375
123,7392.13,1,0.18172205984592438,0.15755030512809753,0.26079,0.020124906674027443,7.545,-0.591,0.921,111.682,0.92362
124,7440.2,1,0.1933182328939438,0.16392667591571808,0.25552,0.020269174128770828,7.533,-0.595,0.886,111.733,0.92297
125,7504.17,1,0.20493361353874207,0.16945533454418182,0.25089,0.02009468711912632,7.526,-0.623,0.854,111.728,0.92323
126,7568.47,1,0.21513435244560242,0.16898956894874573,0.24866,0.020241957157850266,7.523,-0.608,0.779,111.736,0.92292
127,7632.13,1,0.21713416278362274,0.1728203445672989,0.248,0.020146382972598076,7.492,-0.6,0.749,111.753,0.92282
128,7680.43,1,0.2190527766942978,0.17484550178050995,0.24687,0.02021329291164875,7.545,-0.572,0.737,111.736,0.92332
129,7744.5,1,0.2210080474615097,0.17637203633785248,0.24679,0.020330308005213737,7.514,-0.581,0.754,111.734,0.92313
130,7808.13,1,0.22733721137046814,0.1794741451740265,0.24506,0.020450547337532043,7.467,-0.621,0.722,111.832,0.92299
131,7872.07,1,0.22826224565505981,0.18020369112491608,0.24472,0.020761171355843544,7.523,-0.631,0.716,111.782,0.92415
132,7920.4,1,0.23061423003673553,0.18662454187870026,0.24391,0.02048909291625023,7.473,-0.616,0.728,111.717,0.92173
133,7984.07,1,0.2313537746667862,0.1871510148048401,0.24365,0.02051592245697975,7.492,-0.613,0.712,111.807,0.92208
134,8048.57,1,0.23169371485710144,0.18688854575157166,0.24383,0.020723553374409676,7.498,-0.636,0.715,111.761,0.92402
135,8112.27,1,0.23774132132530212,0.18736475706100464,0.24255,0.020186740905046463,7.497,-0.617,0.706,111.663,0.92416
136,8160.23,1,0.2340075522661209,0.18782001733779907,0.2421,0.019636748358607292,7.526,-0.617,0.705,111.714,0.92404
137,8224.43,1,0.22840586304664612,0.1857128143310547,0.24334,0.019213419407606125,7.563,-0.621,0.722,111.659,0.92451
138,8288.1,1,0.2258533239364624,0.18285483121871948,0.24432,0.01926814205944538,7.591,-0.604,0.731,111.656,0.92507
139,8352.2,1,0.22417402267456055,0.18136541545391083,0.24501,0.020115258172154427,7.574,-0.595,0.744,111.73,0.92418
140,8400.17,1,0.22350837290287018,0.1814478486776352,0.24522,0.019980188459157944,7.611,-0.596,0.746,111.761,0.92411
141,8464.3,1,0.22134193778038025,0.1757732331752777,0.24751,0.019803429022431374,7.63,-0.6,0.759,111.663,0.92426
142,8528.6,1,0.22741767764091492,0.17717881500720978,0.24628,0.020173395052552223,7.59,-0.631,0.746,111.762,0.9242
143,8592.07,1,0.22736626863479614,0.17745353281497955,0.24603,0.02061723731458187,7.596,-0.652,0.73,111.775,0.92419
144,8640.13,1,0.22948044538497925,0.17891868948936462,0.24592,0.020787667483091354,7.569,-0.648,0.72,111.708,0.92241
145,8704.37,1,0.23307588696479797,0.1805972158908844,0.24306,0.020380860194563866,7.71,-0.587,0.695,111.786,0.9229
146,8768.07,1,0.23346959054470062,0.18210053443908691,0.24319,0.020236629992723465,7.656,-0.61,0.765,111.765,0.92429
147,8832.03,1,0.23571470379829407,0.18492083251476288,0.24216,0.020678486675024033,7.695,-0.636,0.764,111.672,0.9236
148,8880.1,1,0.2394043356180191,0.1867721527814865,0.24093,0.02077317051589489,7.679,-0.63,0.749,111.832,0.92269
149,8944.07,1,0.23999296128749847,0.19042542576789856,0.23941,0.020514925941824913,7.707,-0.624,0.772,111.634,0.92366
150,9008.27,1,0.23987479507923126,0.18923509120941162,0.23967,0.022259768098592758,7.703,-0.575,0.749,111.655,0.92411
151,9072.23,1,0.23492871224880219,0.18657174706459045,0.23961,0.02127084508538246,7.706,-0.633,0.739,111.742,0.92319
152,9120.37,1,0.22521276772022247,0.1812124401330948,0.24306,0.02092324197292328,7.714,-0.631,0.769,111.754,0.92355
153,9184.07,1,0.2248704582452774,0.18191450834274292,0.24287,0.0210129301995039,7.716,-0.634,0.77,111.658,0.92329
154,9248.27,1,0.22095610201358795,0.18000294268131256,0.24361,0.020687883719801903,7.745,-0.634,0.757,111.751,0.92289
155,9312.33,1,0.21562080085277557,0.1796846240758896,0.24478,0.020850930362939835,7.704,-0.633,0.771,111.746,0.92325
156,9360.7,1,0.2142675518989563,0.17932246625423431,0.24474,0.021098408848047256,7.678,-0.628,0.775,111.811,0.923
157,9424.13,1,0.213667094707489,0.17953519523143768,0.24498,0.0210622176527977,7.641,-0.617,0.771,111.824,0.92391
158,9488.3,1,0.21493372321128845,0.17888227105140686,0.24441,0.020486220717430115,7.634,-0.63,0.766,111.827,0.92374
159,9552.27,1,0.2151564210653305,0.18342874944210052,0.24417,0.0201388169080019,7.639,-0.666,0.779,111.816,0.92476
160,9600.27,1,0.21650424599647522,0.18377628922462463,0.24339,0.02032046765089035,7.686,-0.685,0.791,111.83,0.92416
161,9664.4,1,0.21595901250839233,0.18096785247325897,0.24446,0.020387183874845505,7.663,-0.665,0.795,111.849,0.92365
162,9728.27,1,0.2281850427389145,0.1898251324892044,0.24131,0.020951462909579277,7.644,-0.691,0.808,111.853,0.92328
163,9792.1,1,0.22917020320892334,0.1921963393688202,0.23939,0.020840341225266457,7.659,-0.679,0.813,111.88,0.92216
164,9840.23,1,0.22724094986915588,0.19125495851039886,0.23944,0.02001079171895981,7.659,-0.691,0.846,111.847,0.92365
165,9904.23,1,0.2324744462966919,0.19753943383693695,0.23831,0.020654713734984398,7.598,-0.687,0.83,111.884,0.92189
166,9968.27,1,0.23313738405704498,0.1990276575088501,0.23672,0.02109703980386257,7.522,-0.587,0.773,111.872,0.92276
167,10032.23,1,0.22836193442344666,0.19759108126163483,0.2375,0.02031339518725872,7.531,-0.548,0.777,111.876,0.92329
168,10080.4,1,0.2288976013660431,0.1952807754278183,0.2379,0.020021891221404076,7.533,-0.536,0.761,111.854,0.92327
169,10144.5,1,0.22827114164829254,0.188566192984581,0.23915,0.020117836073040962,7.538,-0.533,0.735,111.759,0.9231
170,10208.13,1,0.22866056859493256,0.18331970274448395,0.24115,0.020287930965423584,7.537,-0.519,0.699,111.779,0.92285
171,10272.13,1,0.21908745169639587,0.17714545130729675,0.24572,0.019864898175001144,7.567,-0.532,0.676,111.728,0.92369
172,10320.2,1,0.20720691978931427,0.1736767590045929,0.25154,0.019256705418229103,7.587,-0.543,0.692,111.803,0.92343
173,10384.47,1,0.2067851573228836,0.16682446002960205,0.25237,0.020150119438767433,7.526,-0.522,0.649,111.821,0.92355
174,10448.17,1,0.21089255809783936,0.17140381038188934,0.25112,0.020482011139392853,7.529,-0.527,0.645,111.712,0.92431
175,10512.17,1,0.5111055374145508,0.3949960470199585,0.12359,0.028415007516741753,7.728,-0.458,0.62,111.813,0.92423
176,10560.43,1,0.5117070078849792,0.38511207699775696,0.12677,0.028949400410056114,7.804,-0.397,0.707,111.787,0.92376
177,10624.4,1,0.4059027433395386,0.3297107517719269,0.15978,0.026411399245262146,7.696,-0.425,0.714,111.69,0.92414
178,10688.3,1,0.3254241347312927,0.27356433868408203,0.19042,0.02471805177628994,7.715,-0.449,0.695,111.826,0.92424
179,10752.07,1,0.29811108112335205,0.23977798223495483,0.21027,0.026255380362272263,7.694,-0.406,0.62,111.74,0.9243
180,10800.1,1,0.27031636238098145,0.22870361804962158,0.21985,0.02717108465731144,7.636,-0.415,0.636,111.877,0.92388
181,10864.1,1,0.25014492869377136,0.21510930359363556,0.22881,0.026382189244031906,7.672,-0.39,0.65,111.794,0.92443
182,10928.07,1,0.23792241513729095,0.20317183434963226,0.23579,0.02557971142232418,7.666,-0.399,0.634,111.817,0.92364
183,10992.07,1,0.22817714512348175,0.18494819104671478,0.24311,0.024931728839874268,7.742,-0.371,0.634,111.866,0.9236
184,11040.13,1,0.2150922566652298,0.17581412196159363,0.24857,0.023758525028824806,7.865,-0.41,0.608,115.676,0.90076
185,11104.33,1,0.20465560257434845,0.17005831003189087,0.25226,0.022175971418619156,7.892,-0.4,0.612,116.134,0.90007
186,11168.27,1,0.2023583948612213,0.166586771607399,0.25384,0.021725116297602654,7.913,-0.376,0.606,116.203,0.89811
187,11232.33,1,0.19765299558639526,0.1636623591184616,0.25558,0.021325696259737015,7.976,-0.417,0.592,116.222,0.89761
188,11280.23,1,0.1963328719139099,0.16192694008350372,0.25672,0.020917003974318504,8.008,-0.394,0.592,116.23,0.89766
189,11344.4,1,0.19410653412342072,0.16040393710136414,0.2572,0.020910101011395454,8.093,-0.406,0.606,116.192,0.8983
190,11408.47,1,0.1928068995475769,0.15913164615631104,0.25786,0.021019460633397102,8.082,-0.404,0.609,116.106,0.89969
191,11472.0,1,0.19125503301620483,0.1583944708108902,0.25822,0.021117867901921272,8.087,-0.397,0.599,115.954,0.89989
192,11520.3,1,0.19315749406814575,0.1599648892879486,0.25828,0.0217296089977026,7.979,-0.406,0.603,115.772,0.90011
193,11584.1,1,0.19135068356990814,0.16071203351020813,0.25833,0.021773071959614754,8.089,-0.403,0.575,115.601,0.901
194,11648.2,1,0.195223867893219,0.16397011280059814,0.2574,0.021707847714424133,8.08,-0.463,0.559,115.501,0.9014
195,11712.0,1,0.2147117406129837,0.17854730784893036,0.25006,0.02265346236526966,8.044,-0.488,0.542,115.368,0.90184
196,11760.23,1,0.2157849669456482,0.18298348784446716,0.24897,0.02254810556769371,8.061,-0.488,0.58,115.373,0.90206
197,11824.33,1,0.2119942307472229,0.1781770884990692,0.25002,0.02217581868171692,8.078,-0.489,0.588,115.421,0.90305
198,11888.0,1,0.21244868636131287,0.17826664447784424,0.24963,0.022537220269441605,8.048,-0.504,0.594,115.321,0.90284
199,11952.07,1,0.2130374163389206,0.1785581260919571,0.2485,0.02259666658937931,8.049,-0.498,0.599,115.388,0.90359
200,12000.07,1,0.21467670798301697,0.17880278825759888,0.24805,0.02267097681760788,8.037,-0.489,0.606,115.399,0.9029
201,12064.23,1,0.22865571081638336,0.18820782005786896,0.24389,0.02246761880815029,8.045,-0.441,0.615,115.264,0.90464
202,12128.07,1,0.22701209783554077,0.1883780062198639,0.24377,0.02188057266175747,8.062,-0.43,0.605,115.302,0.90486
203,12192.33,1,0.22704525291919708,0.18799720704555511,0.24377,0.02228184975683689,8.026,-0.427,0.597,115.298,0.9063
204,12240.13,1,0.2255372703075409,0.18532070517539978,0.24511,0.022655881941318512,8.011,-0.408,0.61,114.715,0.92663
205,12304.13,1,0.23641414940357208,0.18870964646339417,0.24235,0.02268872782588005,7.967,-0.392,0.599,114.689,0.92915
206,12368.17,1,0.23173218965530396,0.1883091926574707,0.24244,0.022064341232180595,8.026,-0.362,0.587,114.679,0.92864
207,12432.3,1,0.2287731170654297,0.1858770251274109,0.2438,0.021045174449682236,8.011,-0.368,0.594,114.482,0.93705
208,12480.03,1,0.22251591086387634,0.1812087893486023,0.24585,0.020426204428076744,8.036,-0.373,0.586,114.671,0.9359
209,12544.1,1,0.22394976019859314,0.18312302231788635,0.24575,0.020983878523111343,8.048,-0.361,0.593,114.494,0.9358
210,12607.97,1,0.22650739550590515,0.18470264971256256,0.24471,0.023157736286520958,7.996,-0.329,0.675,114.662,0.93458
211,12671.97,1,0.23050934076309204,0.18542534112930298,0.24382,0.023585433140397072,7.979,-0.328,0.666,114.564,0.93559
212,12720.03,1,0.22718414664268494,0.18440364301204681,0.24422,0.02329237014055252,8.002,-0.331,0.681,114.549,0.93471
213,12784.27,1,0.3239856958389282,0.2717008888721466,0.19798,0.02527889423072338,8.203,-0.203,0.703,114.535,0.93443
214,12848.47,1,0.5506144762039185,0.458558589220047,0.09924,0.030824651941657066,8.194,-0.022,0.597,114.575,0.93568
215,12912.3,1,0.48945125937461853,0.4356045126914978,0.11848,0.029307421296834946,8.094,0.016,0.669,114.56,0.93494
216,12960.33,1,0.3516678512096405,0.3341517150402069,0.16815,0.0264188963919878,8.049,-0.026,0.689,114.541,0.93495
217,13024.2,1,0.2739855647087097,0.2499496340751648,0.20787,0.02419940009713173,8.052,-0.058,0.676,114.532,0.93541
218,13088.0,1,0.23440971970558167,0.19765783846378326,0.229,0.02352978102862835,8.09,-0.094,0.674,114.548,0.93513
219,13151.97,1,0.218114972114563,0.17865364253520966,0.2398,0.02299290895462036,8.092,-0.116,0.688,114.496,0.93547
220,13200.0,1,0.2092532366514206,0.16782914102077484,0.24499,0.022334454581141472,8.076,-0.14,0.684,114.476,0.93505
221,13264.0,1,0.20038239657878876,0.157821923494339,0.25111,0.021887362003326416,8.069,-0.17,0.691,114.456,0.93412
222,13328.0,1,0.19436638057231903,0.15076078474521637,0.25543,0.022273186594247818,8.071,-0.168,0.672,114.203,0.9356
223,13392.03,1,0.18954983353614807,0.1468142569065094,0.25837,0.02198907546699047,8.066,-0.17,0.68,114.094,0.93613
224,13440.1,1,0.18755435943603516,0.14516690373420715,0.25974,0.021672310307621956,8.042,-0.18,0.694,113.443,0.94064
225,13504.03,1,0.18716691434383392,0.14720658957958221,0.26001,0.021800778806209564,8.007,-0.192,0.692,112.011,0.9504
226,13568.17,1,0.1827877014875412,0.1490754336118698,0.26121,0.021372107788920403,7.979,-0.257,0.735,112.04,0.95013
227,13632.0,1,0.18565340340137482,0.152724951505661,0.2603,0.022376390174031258,7.649,-0.33,0.756,112.103,0.94938
228,13680.2,1,0.18868009746074677,0.15556132793426514,0.26092,0.022208990529179573,7.672,-0.346,0.763,111.997,0.9487
229,13744.0,1,0.19072574377059937,0.15438580513000488,0.25832,0.022198569029569626,7.701,-0.329,0.727,112.003,0.95016
230,13808.03,1,0.1909904032945633,0.1555664986371994,0.26226,0.021057872101664543,7.696,-0.386,0.772,111.995,0.95046
231,13872.0,1,0.194602370262146,0.15903115272521973,0.25859,0.022039303556084633,7.693,-0.389,0.74,111.993,0.95051
232,13920.03,1,0.19519998133182526,0.16123542189598083,0.25838,0.021463124081492424,7.693,-0.374,0.7,112.097,0.94961
233,13984.13,1,0.21805661916732788,0.1737138330936432,0.25119,0.022873645648360252,7.76,-0.315,0.649,112.184,0.95027
234,14048.23,1,0.6219314336776733,0.5068889856338501,0.08151,0.028999146074056625,7.58,-0.09,0.418,112.229,0.9491
235,14111.93,1,0.5663644075393677,0.4847494065761566,0.08427,0.029077276587486267,7.607,-0.067,0.551,112.41,0.9477
236,14160.0,1,0.4260774254798889,0.3792380690574646,0.13714,0.025897447019815445,7.507,-0.059,0.642,112.424,0.94825
237,14223.93,1,0.3143937587738037,0.2812110185623169,0.18736,0.023830048739910126,7.486,-0.076,0.661,112.338,0.94812
238,14287.93,1,0.3003860116004944,0.2465372234582901,0.20373,0.02267754264175892,7.481,-0.076,0.568,112.501,0.94822
239,14351.93,1,0.29291027784347534,0.24507170915603638,0.2082,0.021338531747460365,7.445,-0.128,0.538,112.38,0.9481
240,14400.1,1,0.28585541248321533,0.23494480550289154,0.21627,0.021039051935076714,7.359,-0.131,0.53,112.558,0.94958
241,14464.03,1,0.2746550440788269,0.2166561782360077,0.22475,0.020839888602495193,7.097,-0.034,0.448,112.529,0.94722
242,14528.13,1,0.2682303786277771,0.22799727320671082,0.22456,0.020629240199923515,6.991,0.134,0.383,112.592,0.94713
243,14591.93,1,0.270571231842041,0.20953591167926788,0.23104,0.021922601386904716,6.625,0.339,0.259,112.548,0.94633
244,14639.93,1,0.270842581987381,0.218404620885849,0.22958,0.02021326869726181,6.639,0.505,0.217,112.602,0.94605
245,14704.17,1,0.27751579880714417,0.21761098504066467,0.22803,0.020256293937563896,6.487,0.607,0.117,112.627,0.94638
246,14767.9,1,0.28207674622535706,0.23474712669849396,0.22584,0.020154036581516266,6.347,0.787,-0.032,112.662,0.94621
247,14832.5,1,0.2901807725429535,0.23222199082374573,0.22611,0.01953197456896305,5.907,0.846,-0.242,112.718,0.94534
248,14880.17,1,0.28506985306739807,0.24407118558883667,0.22214,0.017348403111100197,5.956,0.883,-0.297,112.697,0.94582
249,14943.9,1,0.2851511240005493,0.24497532844543457,0.22574,0.018680885434150696,5.381,0.874,-0.449,112.612,0.94476
250,15007.93,1,0.278969943523407,0.23080791532993317,0.22746,0.01798192411661148,5.412,0.99,-0.648,112.615,0.94499
251,15071.9,1,0.26788634061813354,0.2233455628156662,0.2328,0.017046529799699783,5.379,1.102,-0.814,112.633,0.94451
252,15119.9,1,0.26277831196784973,0.21929074823856354,0.23415,0.016985205933451653,5.414,1.11,-0.966,112.638,0.94505
253,15183.93,1,0.2522261142730713,0.21869924664497375,0.2368,0.016688844189047813,5.421,1.088,-1.094,112.727,0.94617
254,15248.03,1,0.24777740240097046,0.21389560401439667,0.23862,0.01793038845062256,5.184,1.117,-1.292,112.843,0.94613
255,15312.17,1,0.24840427935123444,0.2127583771944046,0.24118,0.01875302754342556,4.896,1.425,-1.68,112.873,0.94625
256,15360.47,1,0.2668817639350891,0.2397858202457428,0.23846,0.021092738956212997,4.897,1.525,-1.949,113.011,0.948
257,15424.23,1,0.2993786036968231,0.2535628378391266,0.22953,0.02232123352587223,4.746,1.758,-2.35,113.072,0.94767
258,15488.1,1,0.3021313548088074,0.2625614106655121,0.22697,0.02324928715825081,4.778,1.927,-2.434,112.931,0.94862
259,15552.1,1,0.3014318346977234,0.2694125175476074,0.22512,0.021201448515057564,4.75,1.982,-2.541,112.94,0.95053
260,15600.07,1,0.30256086587905884,0.2668006122112274,0.2254,0.020118331536650658,4.996,1.908,-2.551,112.86,0.9499
261,15664.2,1,0.29695165157318115,0.26227429509162903,0.22647,0.021348681300878525,5.358,1.792,-2.514,112.656,0.95028
262,15728.37,1,0.2925778925418854,0.2700113356113434,0.22245,0.018476398661732674,5.762,1.572,-2.435,112.687,0.94955
263,15792.23,1,0.2608906626701355,0.238532155752182,0.2354,0.020046912133693695,6.04,1.461,-2.206,112.763,0.94761
264,15840.33,1,0.23900391161441803,0.219490647315979,0.24329,0.023513711988925934,6.443,1.207,-1.991,112.679,0.94863
265,15904.13,1,0.23239775002002716,0.20735804736614227,0.24613,0.028510678559541702,6.802,0.859,-1.829,112.77,0.94778
266,15968.07,1,0.23243297636508942,0.2046453207731247,0.24646,0.04531324654817581,6.931,0.47,-1.675,112.724,0.94813
267,16032.03,1,0.23346033692359924,0.1878722757101059,0.24861,0.06337868422269821,6.878,0.488,-1.641,112.643,0.94669
268,16080.27,1,0.2285039871931076,0.18372157216072083,0.24991,0.06686358153820038,6.994,0.5,-1.642,112.792,0.94659
269,16144.1,1,0.23065434396266937,0.20259007811546326,0.24621,0.11299353837966919,7.634,0.67,-1.494,112.667,0.94664
270,16208.03,1,0.24235321581363678,0.19976915419101715,0.24644,0.130573570728302,8.521,1.036,-1.326,112.631,0.9477
271,16272.07,1,0.24402867257595062,0.1996629536151886,0.24491,0.1173146441578865,8.564,1.173,-1.342,112.812,0.9469
272,16320.13,1,0.24924591183662415,0.2169990986585617,0.2418,0.05659276992082596,8.469,1.062,-1.527,112.71,0.94816
273,16384.07,1,0.24313296377658844,0.24883918464183807,0.23581,0.018506066873669624,7.67,0.447,-2.039,112.692,0.94734
274,16448.2,1,0.2422182410955429,0.2819920778274536,0.22979,0.014778131619095802,6.728,0.141,-2.403,112.714,0.94688
275,16512.37,1,0.24273273348808289,0.2869526147842407,0.22851,0.011462770402431488,6.239,-0.021,-2.547,112.712,0.94731
276,16560.37,1,0.23941351473331451,0.2870352864265442,0.22812,0.013330277055501938,6.057,0.021,-2.558,112.742,0.94743
277,16624.27,1,0.2292262315750122,0.28824737668037415,0.23386,0.015137292444705963,5.997,0.084,-2.502,112.754,0.94628
278,16688.1,1,0.23614978790283203,0.28640732169151306,0.23316,0.017431112006306648,5.901,0.079,-2.571,112.787,0.94685
279,16752.13,1,0.2303336262702942,0.27820685505867004,0.24038,0.018145963549613953,5.854,0.07,-2.498,112.78,0.94602
280,16800.13,1,0.24416109919548035,0.2806539833545685,0.23434,0.018350062891840935,5.672,0.143,-2.38,112.715,0.94579
281,16864.2,1,0.24348124861717224,0.26735419034957886,0.24049,0.020660758018493652,5.328,0.23,-2.145,112.75,0.94629
282,16928.03,1,0.25057482719421387,0.2550048232078552,0.23787,0.022498326376080513,5.319,0.237,-1.936,112.879,0.94627
283,16992.07,1,0.23893703520298004,0.25003623962402344,0.24135,0.02391241490840912,5.261,0.195,-1.717,113.01,0.94555
284,17040.3,1,0.24645477533340454,0.2631103992462158,0.24055,0.028462544083595276,5.179,0.178,-1.492,113.037,0.94516
285,17104.23,1,0.24662627279758453,0.2688058316707611,0.24035,0.04101729393005371,5.035,0.182,-1.403,112.935,0.94525
286,17168.63,1,0.2533726394176483,0.2681727111339569,0.23857,0.04861893132328987,4.908,0.169,-1.378,113.017,0.94504
287,17232.1,1,0.2478685975074768,0.26585274934768677,0.23745,0.05626770853996277,5.119,0.097,-1.361,113.005,0.94553
288,17280.13,1,0.25052130222320557,0.26830682158470154,0.2377,0.06240033358335495,5.221,-0.01,-1.366,112.937,0.94612
289,17344.33,1,0.24651458859443665,0.2582009732723236,0.2381,0.05521060526371002,5.181,-0.136,-1.343,113.0,0.94642
290,17408.23,1,0.24706611037254333,0.26291796565055847,0.23399,0.04402829706668854,4.924,-0.199,-1.292,113.015,0.94531
291,17472.43,1,0.2568953335285187,0.2588013708591461,0.23169,0.035748276859521866,4.773,-0.403,-1.188,112.919,0.94684
292,17520.07,1,0.2821524143218994,0.2637239098548889,0.22661,0.029297107830643654,4.795,-0.448,-1.192,113.002,0.94697
293,17584.5,1,0.29704993963241577,0.2749195098876953,0.22159,0.02032422088086605,5.154,-0.44,-1.104,113.0,0.94598
294,17648.07,1,0.3124782145023346,0.2776128947734833,0.21677,0.017473271116614342,5.533,-0.385,-1.045,112.917,0.9454
295,17712.13,1,0.31345608830451965,0.2837124764919281,0.21629,0.015278256498277187,5.755,-0.369,-1.044,113.033,0.94578
296,17760.47,1,0.31595468521118164,0.28826475143432617,0.21388,0.013729814440011978,5.891,-0.309,-1.006,113.01,0.94503
297,17824.2,1,0.3136601448059082,0.28868287801742554,0.21418,0.012749065645039082,6.026,-0.263,-0.988,112.937,0.94475
298,17888.13,1,0.3073628544807434,0.28180229663848877,0.21449,0.012059635482728481,6.003,-0.263,-0.981,113.092,0.94489
299,17952.1,1,0.29630136489868164,0.2715669572353363,0.21967,0.012291660532355309,5.91,-0.226,-0.945,112.961,0.94482
300,18000.07,1,0.3058062493801117,0.27115780115127563,0.22025,0.012447718530893326,5.909,-0.212,-0.967,112.96,0.94539
301,18064.2,1,0.29992714524269104,0.27381545305252075,0.22091,0.012574431486427784,5.875,-0.204,-1.006,113.008,0.94567
302,18128.2,1,0.634693443775177,0.5605039596557617,0.0759,0.01463235355913639,5.664,-0.082,-0.974,113.043,0.94583
303,18192.07,1,0.5908718705177307,0.553898811340332,0.0689,0.015502890571951866,5.472,-0.025,-0.954,113.058,0.94653
304,18240.43,1,0.5813839435577393,0.5616966485977173,0.0731,0.01586984284222126,5.413,-0.01,-0.912,113.078,0.94512
305,18304.53,1,0.5471946001052856,0.5245888233184814,0.0899,0.015960730612277985,5.291,-0.056,-0.879,113.063,0.94597
306,18368.3,1,0.5231982469558716,0.5004693269729614,0.10297,0.016436032950878143,5.355,0.016,-0.931,113.045,0.94559
307,18432.13,1,0.5043439865112305,0.4890426993370056,0.10898,0.016504747793078423,5.398,0.051,-1.018,112.956,0.94527
308,18480.3,1,0.4421677887439728,0.42357707023620605,0.13609,0.01644890196621418,5.489,-0.019,-1.084,112.93,0.94623
309,18544.47,1,0.40409955382347107,0.38288846611976624,0.15717,0.017369069159030914,5.681,-0.076,-1.133,112.873,0.9461
310,18608.5,1,0.3878271281719208,0.354865163564682,0.16899,0.01640869677066803,5.897,-0.049,-1.116,112.957,0.94627
311,18672.1,1,0.3701663315296173,0.33871108293533325,0.17988,0.015939896926283836,5.889,-0.036,-1.034,112.949,0.94602
312,18720.07,1,0.33185136318206787,0.31848466396331787,0.19628,0.016355380415916443,5.887,-0.036,-0.956,112.875,0.94567
313,18784.47,1,0.3221208155155182,0.3102365732192993,0.20071,0.015635591000318527,5.914,-0.055,-0.885,112.942,0.94641
314,18848.3,1,0.3082219064235687,0.2975862920284271,0.20741,0.015259954147040844,5.885,-0.076,-0.837,112.895,0.9468
315,18912.1,1,0.3086036443710327,0.2912028729915619,0.20972,0.015858953818678856,5.876,-0.072,-0.833,112.774,0.94729
316,18960.1,1,0.30124059319496155,0.27860942482948303,0.21325,0.015186617150902748,5.883,-0.079,-0.857,112.865,0.94797
317,19024.13,1,0.2728208005428314,0.27090755105018616,0.22334,0.01503138616681099,5.721,-0.017,-0.773,112.848,0.94777
318,19088.03,1,0.28414636850357056,0.280744343996048,0.21964,0.014271466061472893,5.701,0.034,-0.787,112.792,0.9475
319,19152.07,1,0.5952051877975464,0.526110053062439,0.09257,0.017421847209334373,5.456,0.18,-0.895,112.877,0.94637
320,19200.3,1,0.6633287668228149,0.5786346197128296,0.06003,0.01833299547433853,5.368,0.361,-0.965,112.897,0.94595
321,19264.47,1,0.672045111656189,0.6156731843948364,0.04437,0.02049415558576584,5.288,0.596,-1.036,112.822,0.94473
322,19328.27,1,0.4782019853591919,0.4174480140209198,0.13162,0.018580595031380653,4.755,0.633,-0.908,112.8,0.94638
323,19392.47,1,0.3689097762107849,0.34234246611595154,0.1781,0.017451344057917595,4.43,0.469,-0.779,112.848,0.94623
324,19440.5,1,0.3320975601673126,0.3081207275390625,0.2003,0.016110632568597794,3.722,0.378,-0.763,112.845,0.94546
325,19504.57,1,0.33281299471855164,0.3065442740917206,0.19753,0.013165995478630066,3.56,0.372,-0.773,112.944,0.9465
326,19568.73,1,0.3126932680606842,0.29964298009872437,0.20448,0.013742060400545597,3.255,0.39,-0.865,112.965,0.94669
327,19632.1,1,0.3307265043258667,0.3060934841632843,0.20504,0.013080138713121414,3.224,0.408,-0.961,112.822,0.94653
328,19680.1,1,0.3295194208621979,0.3143746852874756,0.20316,0.011729683727025986,3.212,0.384,-1.075,113.017,0.94664
329,19744.13,1,0.33331647515296936,0.3225060701370239,0.20178,0.01235975045710802,3.146,0.334,-1.086,112.884,0.94494
330,19808.7,1,0.3421629071235657,0.3335295617580414,0.19721,0.012981288135051727,3.163,0.322,-1.146,112.878,0.94607
331,19872.43,1,0.3407803177833557,0.33465245366096497,0.1967,0.012644805945456028,3.163,0.296,-1.155,112.899,0.9466
332,19920.4,1,0.33543601632118225,0.32717838883399963,0.19981,0.011755773797631264,3.307,0.221,-1.136,112.903,0.94675
333,19984.1,1,0.3211819529533386,0.31416061520576477,0.20415,0.012412919662892818,3.533,0.144,-1.125,112.818,0.94812
334,20048.23,1,0.30081087350845337,0.29423925280570984,0.21189,0.012103020213544369,3.781,0.072,-1.106,112.832,0.94646
335,20112.2,1,0.2967913746833801,0.29043707251548767,0.21481,0.012509551830589771,4.041,0.032,-1.047,112.831,0.94666
336,20160.23,1,0.2865854799747467,0.2863607704639435,0.21715,0.013443841598927975,4.329,-0.031,-1.019,112.749,0.94807
337,20224.5,1,0.29394087195396423,0.2844613790512085,0.21333,0.01489033829420805,4.703,-0.081,-0.976,112.855,0.94805
338,20288.2,1,0.2824057638645172,0.27376875281333923,0.21711,0.014160646125674248,4.89,-0.09,-0.983,112.849,0.94645
339,20352.43,1,0.2757628262042999,0.27056750655174255,0.22043,0.014629771001636982,5.023,-0.146,-0.929,112.807,0.9478
340,20400.23,1,0.316948264837265,0.2922837734222412,0.20542,0.01509409211575985,5.377,-0.163,-0.906,112.744,0.94792
341,20464.43,1,0.3054656386375427,0.2804689407348633,0.21074,0.015994124114513397,5.453,-0.171,-0.852,112.7,0.94725
342,20528.1,1,0.3087892532348633,0.2728133201599121,0.21044,0.016914404928684235,5.629,-0.18,-0.861,112.663,0.94753
343,20592.1,1,0.2960244119167328,0.27191421389579773,0.21703,0.016197239980101585,5.893,-0.223,-0.816,112.701,0.94784
344,20640.3,1,0.28080007433891296,0.26281943917274475,0.222,0.01726570911705494,5.93,-0.226,-0.814,112.713,0.94778
345,20704.53,1,0.2837727665901184,0.2550148367881775,0.22596,0.01777399703860283,6.008,-0.349,-0.649,112.584,0.94765
346,20768.2,1,0.28090277314186096,0.2525371015071869,0.22323,0.0192051213234663,6.245,-0.447,-0.711,112.679,0.94721
347,20832.2,1,0.27604687213897705,0.24722550809383392,0.2291,0.01997888647019863,6.314,-0.564,-0.634,112.652,0.94721
348,20880.17,1,0.2834204137325287,0.25351300835609436,0.22584,0.019528469070792198,6.393,-0.646,-0.734,112.562,0.94819
349,20944.23,1,0.2847316861152649,0.25343215465545654,0.22531,0.019298354163765907,6.448,-0.75,-0.717,112.608,0.94856
350,21008.17,1,0.28300416469573975,0.2534671425819397,0.22537,0.019070390611886978,6.435,-0.762,-0.674,112.576,0.9492
351,21072.3,1,0.2870355248451233,0.2512989640235901,0.22561,0.020231973379850388,6.37,-0.793,-0.661,112.492,0.94787
352,21120.27,1,0.2852542996406555,0.25011125206947327,0.22564,0.01971863955259323,6.405,-0.89,-0.665,112.581,0.94919
353,21184.53,1,0.2840360105037689,0.24804197251796722,0.22542,0.019404150545597076,6.411,-0.882,-0.638,112.573,0.9493
354,21248.23,1,0.27705150842666626,0.24468588829040527,0.22733,0.01968618854880333,6.329,-0.949,-0.599,112.442,0.94942
355,21312.43,1,0.27687394618988037,0.24608853459358215,0.22647,0.01943565346300602,6.349,-0.952,-0.623,112.463,0.94967
356,21360.3,1,0.2720215618610382,0.24572497606277466,0.2279,0.019458428025245667,6.312,-0.943,-0.618,112.439,0.95004
357,21424.57,1,0.27462685108184814,0.24805811047554016,0.22723,0.019386542961001396,6.238,-0.941,-0.609,112.434,0.94969
358,21488.6,1,0.27745795249938965,0.2489907145500183,0.22643,0.020107150077819824,6.159,-0.942,-0.647,112.61,0.94911
359,21552.17,1,0.27836522459983826,0.2494393289089203,0.22706,0.020728392526507378,6.201,-0.943,-0.641,112.467,0.9483
360,21600.2,1,0.2803916037082672,0.24878761172294617,0.22774,0.020062431693077087,6.16,-0.935,-0.613,112.379,0.94971
361,21664.43,1,0.2800004184246063,0.25021177530288696,0.22649,0.01998007297515869,6.191,-0.884,-0.635,112.506,0.94971
362,21728.17,1,0.2674054801464081,0.24508289992809296,0.22949,0.019657989963889122,6.103,-0.906,-0.617,112.495,0.94983
363,21792.4,1,0.2666906416416168,0.23814909160137177,0.23034,0.019192291423678398,6.073,-0.904,-0.615,112.407,0.95026
364,21840.57,1,0.2674228250980377,0.2409086972475052,0.22945,0.019209573045372963,6.061,-0.911,-0.622,112.497,0.94963
365,21904.5,1,0.26368048787117004,0.23877306282520294,0.23027,0.019641121849417686,6.006,-0.882,-0.631,112.534,0.94919
366,21968.57,1,0.26544371247291565,0.24275746941566467,0.23025,0.01967586949467659,5.979,-0.874,-0.605,112.563,0.94885
367,22032.33,1,0.26308274269104004,0.2424095720052719,0.23037,0.019213885068893433,6.018,-0.864,-0.59,112.573,0.94859
368,22080.4,1,0.2592811584472656,0.23973819613456726,0.23097,0.019115375354886055,5.978,-0.842,-0.564,112.525,0.9499
369,22144.2,1,0.2569518983364105,0.23914501070976257,0.23148,0.019207067787647247,5.971,-0.847,-0.544,112.524,0.95027
370,22208.23,1,0.2537975311279297,0.23786255717277527,0.23155,0.019207622855901718,5.948,-0.838,-0.503,112.419,0.9509
371,22272.17,1,0.25000816583633423,0.23801319301128387,0.23288,0.018865421414375305,5.823,-0.907,-0.518,112.406,0.94997
372,22320.6,1,0.252507746219635,0.23810680210590363,0.23281,0.018791014328598976,5.817,-0.903,-0.502,112.407,0.9493
373,22384.17,1,0.25593292713165283,0.23673999309539795,0.23308,0.01874813437461853,5.736,-0.96,-0.464,112.434,0.95069
374,22448.6,1,0.25534120202064514,0.23664404451847076,0.23376,0.018036384135484695,5.788,-0.915,-0.45,112.465,0.9497
375,22512.57,1,0.26305609941482544,0.23573537170886993,0.23291,0.019428322091698647,5.818,-0.911,-0.414,112.346,0.94923
376,22560.43,1,0.263590931892395,0.2365981787443161,0.23247,0.01980094611644745,5.829,-0.942,-0.4,112.429,0.94981
377,22624.23,1,0.26278042793273926,0.23752053081989288,0.23208,0.01975557953119278,5.846,-0.921,-0.349,112.443,0.9498
378,22688.57,1,0.2727244794368744,0.24350601434707642,0.23093,0.0211919117718935,5.716,-0.992,-0.359,112.35,0.95052
379,22752.2,1,0.2689891755580902,0.244951993227005,0.2303,0.021029293537139893,5.776,-0.968,-0.355,112.405,0.95035
380,22800.57,1,0.25795164704322815,0.24144573509693146,0.23313,0.020087795332074165,5.821,-0.99,-0.349,112.428,0.94986
381,22864.5,1,0.26090455055236816,0.24188843369483948,0.23238,0.01996312290430069,5.81,-0.985,-0.35,112.303,0.94975
382,22928.3,1,0.263504296541214,0.24186526238918304,0.23147,0.019370965659618378,5.813,-0.975,-0.353,112.394,0.95023
383,22992.2,1,0.25860652327537537,0.23773522675037384,0.23317,0.019518909975886345,5.759,-0.99,-0.35,112.382,0.95
384,23040.5,1,0.2591593861579895,0.2366701364517212,0.23317,0.019278209656476974,5.76,-1.05,-0.35,112.255,0.95205
385,23104.37,1,0.2581692636013031,0.2347777634859085,0.23329,0.019202126190066338,5.735,-1.081,-0.329,112.282,0.95152
386,23168.43,1,0.2522663176059723,0.23234885931015015,0.23482,0.01916859671473503,5.697,-1.118,-0.331,112.306,0.95105
387,23232.3,1,0.25512224435806274,0.23098719120025635,0.23598,0.01951214298605919,5.627,-1.176,-0.356,112.3,0.95173
388,23280.2,1,0.25352296233177185,0.2315053790807724,0.23561,0.019472092390060425,5.72,-1.148,-0.377,112.419,0.95054
389,23344.47,1,0.2526156008243561,0.22930662333965302,0.23652,0.01953388750553131,5.769,-1.145,-0.386,112.252,0.9507
390,23408.3,1,0.2607363760471344,0.2346101552248001,0.23527,0.01984585076570511,5.796,-1.17,-0.38,112.196,0.95166
391,23472.17,1,0.25832051038742065,0.23676462471485138,0.23424,0.019475331529974937,5.911,-1.083,-0.398,112.349,0.95117
392,23520.77,1,0.25599098205566406,0.23214371502399445,0.23608,0.01884397864341736,5.86,-1.114,-0.37,112.345,0.95162
393,23584.5,1,0.252826452255249,0.22607195377349854,0.23791,0.018747922033071518,5.815,-1.093,-0.35,112.266,0.95082
394,23648.73,1,0.25050169229507446,0.22391395270824432,0.23819,0.01844879798591137,5.801,-1.085,-0.332,112.346,0.95049
395,23712.63,1,0.2466205358505249,0.2203388661146164,0.23955,0.018137425184249878,5.795,-1.071,-0.321,112.362,0.95065
396,23760.2,1,0.24511173367500305,0.21811464428901672,0.23989,0.01809658482670784,5.789,-1.072,-0.319,112.393,0.95052
397,23824.17,1,0.2439008206129074,0.2176792323589325,0.23935,0.017954720184206963,5.795,-1.076,-0.327,112.298,0.95124
398,23888.5,1,0.24366281926631927,0.21626296639442444,0.23934,0.018426094204187393,5.741,-1.071,-0.333,112.302,0.95075
399,23952.4,1,0.24790917336940765,0.21899719536304474,0.23782,0.018152307718992233,5.776,-1.056,-0.346,112.269,0.9501
400,24000.43,1,0.2473050057888031,0.218557208776474,0.23813,0.018430352210998535,5.758,-1.055,-0.351,112.247,0.95139
401,24064.33,1,0.24608755111694336,0.21744094789028168,0.2381,0.018110156059265137,5.769,-1.031,-0.38,112.26,0.95141
402,24128.53,1,0.24114899337291718,0.21185512840747833,0.24126,0.017992746084928513,5.793,-1.032,-0.377,112.242,0.95087
403,24192.17,1,0.23813195526599884,0.20943701267242432,0.24173,0.018181931227445602,5.823,-1.028,-0.371,112.227,0.95161
404,24240.57,1,0.23450598120689392,0.2050342559814453,0.2438,0.017740560695528984,5.843,-1.048,-0.346,112.225,0.95164
405,24304.47,1,0.23824843764305115,0.20624656975269318,0.24398,0.018611116334795952,5.798,-1.07,-0.372,112.186,0.95203
406,24368.17,1,0.23664386570453644,0.20924033224582672,0.24355,0.018794311210513115,5.854,-1.089,-0.394,112.199,0.95151
407,24432.33,1,0.2337084859609604,0.20762617886066437,0.24422,0.018588922917842865,5.841,-1.102,-0.381,112.179,0.95136
408,24480.2,1,0.23003076016902924,0.20723161101341248,0.24496,0.019081372767686844,5.838,-1.111,-0.346,112.167,0.9523
409,24544.5,1,0.22970540821552277,0.20836448669433594,0.24444,0.018688999116420746,5.866,-1.103,-0.335,112.185,0.95182
410,24608.13,1,0.22549894452095032,0.20767994225025177,0.24547,0.018217913806438446,5.874,-1.097,-0.325,112.185,0.95282
411,24672.1,1,0.2224663943052292,0.20463985204696655,0.24658,0.018289435654878616,5.847,-1.098,-0.329,112.182,0.95111
412,24720.53,1,0.22269099950790405,0.20574265718460083,0.24615,0.018136393278837204,5.805,-1.122,-0.317,112.192,0.95081
413,24784.3,1,0.21349623799324036,0.20467033982276917,0.24847,0.01782924123108387,5.68,-1.163,-0.253,112.156,0.95226
414,24848.7,1,0.21671776473522186,0.20649856328964233,0.24794,0.017470406368374825,5.539,-1.194,-0.203,112.15,0.9516
415,24912.2,1,0.2136152982711792,0.2063971757888794,0.24997,0.01729184202849865,5.46,-1.222,-0.159,112.148,0.95161
416,24960.2,1,0.21469561755657196,0.2071913331747055,0.24988,0.017143849283456802,5.454,-1.229,-0.141,112.158,0.95184
417,25024.3,1,0.2197110652923584,0.20764145255088806,0.24929,0.01674812100827694,5.456,-1.24,-0.12,112.126,0.9525
418,25088.53,1,0.22283627092838287,0.2075817734003067,0.2478,0.01662139780819416,5.63,-1.272,-0.117,112.265,0.95075
419,25152.4,1,0.22314918041229248,0.20579685270786285,0.24739,0.016499150544404984,5.632,-1.261,-0.092,112.128,0.95122
420,25200.17,1,0.23084500432014465,0.20718032121658325,0.24639,0.01759648323059082,5.561,-1.219,-0.074,112.079,0.95265
421,25264.33,1,0.2346610426902771,0.21140018105506897,0.24427,0.017269186675548553,5.696,-1.282,-0.045,112.109,0.95178
422,25328.13,1,0.23508122563362122,0.20896786451339722,0.24456,0.01755565032362938,5.624,-1.253,-0.043,112.12,0.95166
423,25392.17,1,0.2350253462791443,0.2089373618364334,0.24435,0.017650282010436058,5.623,-1.257,-0.039,112.084,0.95233
424,25440.13,1,0.23479245603084564,0.20989137887954712,0.24457,0.01739875040948391,5.595,-1.263,-0.033,112.116,0.95217
425,25504.27,1,0.23187687993049622,0.20997582376003265,0.24497,0.01751117967069149,5.571,-1.234,-0.059,112.094,0.95246
426,25568.07,1,0.23101811110973358,0.20935802161693573,0.24529,0.01821482926607132,5.516,-1.207,-0.089,112.079,0.95277
427,25632.13,1,0.22995103895664215,0.20903511345386505,0.24532,0.018338127061724663,5.528,-1.224,-0.089,112.109,0.95215
428,25680.73,1,0.2296801507472992,0.20871108770370483,0.24567,0.01832606829702854,5.512,-1.232,-0.09,112.11,0.95159
429,25744.17,1,0.23107028007507324,0.20807982981204987,0.24565,0.018300700932741165,5.541,-1.238,-0.085,112.112,0.95232
430,25808.07,1,0.23799431324005127,0.21109269559383392,0.24274,0.017853068187832832,5.669,-1.231,-0.063,112.098,0.95239
431,25872.07,1,0.23464949429035187,0.2085258960723877,0.24394,0.01778140477836132,5.665,-1.247,-0.078,112.089,0.95155
432,25920.57,1,0.2326541543006897,0.20758821070194244,0.2448,0.01802031137049198,5.561,-1.279,-0.088,112.054,0.95225
433,25984.47,1,0.23161666095256805,0.2086515724658966,0.24537,0.01807073876261711,5.56,-1.277,-0.116,112.04,0.95332
434,26048.47,1,0.2288179248571396,0.2082650363445282,0.24618,0.017944853752851486,5.582,-1.27,-0.108,112.052,0.95277
435,26112.13,1,0.2270357310771942,0.2041492611169815,0.24657,0.018376072868704796,5.611,-1.278,-0.127,112.074,0.9525
436,26160.63,1,0.22620436549186707,0.20302952826023102,0.24715,0.018214119598269463,5.654,-1.278,-0.133,112.089,0.95222
437,26224.2,1,0.22453752160072327,0.20020893216133118,0.24792,0.018979869782924652,5.583,-1.282,-0.147,112.114,0.9519
438,26288.13,1,0.2244952917098999,0.1997997760772705,0.24804,0.01906493306159973,5.63,-1.257,-0.148,112.119,0.95131
439,26352.07,1,0.22377215325832367,0.19839051365852356,0.24818,0.01857881061732769,5.648,-1.288,-0.132,112.127,0.95201
440,26400.5,1,0.22559919953346252,0.19779305160045624,0.24767,0.01892511360347271,5.636,-1.28,-0.137,112.134,0.9512
441,26464.37,1,0.22469253838062286,0.19615621864795685,0.24836,0.01872110739350319,5.709,-1.318,-0.148,112.148,0.95073
442,26528.4,1,0.22218269109725952,0.19436238706111908,0.24955,0.01851305551826954,5.703,-1.324,-0.152,112.13,0.95252
443,26592.1,1,0.22104518115520477,0.19357633590698242,0.24987,0.018518982455134392,5.765,-1.335,-0.154,112.126,0.95159
444,26640.5,1,0.2200663834810257,0.19231083989143372,0.25043,0.018360713496804237,5.772,-1.331,-0.169,112.104,0.95214
445,26704.1,1,0.21860283613204956,0.19115450978279114,0.25054,0.018414638936519623,5.786,-1.335,-0.166,112.109,0.95189
446,26768.47,1,0.21717071533203125,0.18961986899375916,0.25135,0.018340187147259712,5.77,-1.325,-0.163,112.107,0.95163
447,26832.13,1,0.21756930649280548,0.18732964992523193,0.25254,0.01886303909122944,5.677,-1.328,-0.197,112.13,0.95078
448,26880.7,1,0.21982507407665253,0.1895560324192047,0.25147,0.018669912591576576,5.727,-1.314,-0.176,112.216,0.95214
449,26944.33,1,0.21939778327941895,0.18958744406700134,0.25192,0.01868651993572712,5.728,-1.31,-0.192,112.087,0.95279
450,27008.6,1,0.2243300825357437,0.1934320032596588,0.25205,0.01865643449127674,5.737,-1.406,-0.161,112.067,0.95093
451,27072.03,1,0.2257535457611084,0.19783668220043182,0.24908,0.0187463890761137,5.824,-1.377,-0.172,112.079,0.95183
452,27120.03,1,0.2248336523771286,0.19597716629505157,0.24949,0.018742678686976433,5.817,-1.384,-0.162,112.07,0.95169
453,27184.4,1,0.22129780054092407,0.19560420513153076,0.24898,0.018677810207009315,5.833,-1.38,-0.16,112.061,0.95234
454,27248.43,1,0.21624784171581268,0.19221921265125275,0.25033,0.01831715926527977,5.842,-1.384,-0.173,112.069,0.95186
455,27312.13,1,0.21385380625724792,0.19122952222824097,0.25143,0.018145045265555382,5.914,-1.357,-0.165,112.112,0.95045
456,27360.07,1,0.2129404991865158,0.19084861874580383,0.25162,0.018238773569464684,5.906,-1.335,-0.183,112.099,0.95087
457,27424.1,1,0.2118365466594696,0.19067677855491638,0.25227,0.018008653074502945,5.921,-1.332,-0.176,112.098,0.95065
458,27488.13,1,0.2122923582792282,0.19040295481681824,0.25215,0.018186286091804504,5.865,-1.322,-0.176,112.081,0.95036
459,27551.97,1,0.21184881031513214,0.19018729031085968,0.25236,0.01800082065165043,5.882,-1.293,-0.182,112.061,0.95071
460,27600.4,1,0.2123919576406479,0.1901863068342209,0.25203,0.018178539350628853,5.866,-1.304,-0.176,112.055,0.95097
461,27664.37,1,0.21412880718708038,0.19379375874996185,0.25173,0.01830582693219185,5.873,-1.291,-0.129,112.077,0.95075
462,27728.47,1,0.2197207659482956,0.19344019889831543,0.25109,0.018932463601231575,5.81,-1.295,-0.116,112.049,0.94992
463,27792.2,1,0.21914684772491455,0.1956908106803894,0.24984,0.01869836263358593,5.948,-1.288,-0.139,112.045,0.95039
464,27840.07,1,0.2166285514831543,0.19391916692256927,0.25072,0.01861921325325966,5.96,-1.306,-0.123,112.042,0.95105
465,27904.23,1,0.21525655686855316,0.19345664978027344,0.25178,0.018579108640551567,5.963,-1.331,-0.114,111.994,0.95202
466,27968.37,1,0.21137414872646332,0.19295546412467957,0.25212,0.01800817996263504,6.004,-1.351,-0.109,112.007,0.95203
467,28032.0,1,0.20944799482822418,0.19279195368289948,0.25273,0.017967186868190765,5.989,-1.343,-0.109,112.006,0.9519
468,28080.4,1,0.20955060422420502,0.19281817972660065,0.25275,0.01788291148841381,5.974,-1.349,-0.116,111.994,0.9518
469,28144.33,1,0.21010975539684296,0.19399158656597137,0.25239,0.01718609780073166,5.991,-1.33,-0.11,111.986,0.95161
470,28208.37,1,0.20791558921337128,0.193012535572052,0.25309,0.01714203506708145,5.976,-1.34,-0.092,111.966,0.95171
471,28271.97,1,0.21137410402297974,0.19483636319637299,0.25247,0.017626462504267693,5.937,-1.311,-0.096,111.927,0.9533
472,28320.07,1,0.20963478088378906,0.19475050270557404,0.25288,0.01760229468345642,5.89,-1.331,-0.118,111.926,0.95417
473,28384.47,1,0.21094022691249847,0.19517016410827637,0.2528,0.017595073208212852,5.895,-1.332,-0.122,111.937,0.95368
474,28448.33,1,0.2110450714826584,0.19359980523586273,0.25341,0.01816435717046261,5.875,-1.338,-0.121,111.884,0.95362
475,28512.13,1,0.21153517067432404,0.19467857480049133,0.25236,0.017955493181943893,5.948,-1.309,-0.149,111.903,0.95327
476,28560.5,1,0.20754079520702362,0.1902700960636139,0.25384,0.01791156642138958,5.929,-1.323,-0.131,111.864,0.95502
477,28624.3,1,0.20572607219219208,0.18934231996536255,0.2541,0.01806042715907097,5.923,-1.308,-0.148,111.848,0.95532
478,28688.27,1,0.20404645800590515,0.18720920383930206,0.25468,0.01757032796740532,5.925,-1.324,-0.167,112.021,0.95442
479,28751.97,1,0.20233683288097382,0.18442963063716888,0.25576,0.017269736155867577,5.954,-1.311,-0.192,111.884,0.95454
480,28800.33,1,0.2073480635881424,0.1877216100692749,0.25542,0.017938435077667236,5.96,-1.265,-0.167,111.837,0.95472
481,28864.33,1,0.21684832870960236,0.19098511338233948,0.25299,0.017804989591240883,5.969,-1.266,-0.197,111.986,0.9508
482,28928.03,1,0.2119462490081787,0.18936850130558014,0.25442,0.017360461875796318,6.015,-1.27,-0.16,111.982,0.94959
483,28992.43,1,0.21216917037963867,0.1892206221818924,0.25378,0.017889970913529396,6.057,-1.27,-0.142,112.409,0.93043
484,29040.5,1,0.21284382045269012,0.1900137960910797,0.25336,0.017976315692067146,6.032,-1.286,-0.138,112.489,0.92712
485,29104.1,1,0.2120084911584854,0.19139830768108368,0.25322,0.017754409462213516,5.984,-1.302,-0.159,112.534,0.92659
486,29168.17,1,0.21068885922431946,0.19203487038612366,0.25404,0.01769404672086239,5.94,-1.311,-0.161,112.816,0.91192
487,29232.1,1,0.21267370879650116,0.19502346217632294,0.25268,0.017438022419810295,5.958,-1.298,-0.175,112.818,0.91186
488,29280.5,1,0.2116405963897705,0.19427751004695892,0.25272,0.01734078675508499,5.981,-1.321,-0.185,112.793,0.9127
489,29344.27,1,0.21593821048736572,0.1946849673986435,0.25171,0.017171671614050865,6.017,-1.355,-0.217,112.774,0.91402
490,29408.57,1,0.2159508615732193,0.19777637720108032,0.25129,0.017274189740419388,6.158,-1.32,-0.231,112.761,0.91368
491,29472.17,1,0.21290463209152222,0.19521571695804596,0.25251,0.016963602975010872,6.164,-1.324,-0.216,112.755,0.91394
492,29520.23,1,0.21318000555038452,0.19519241154193878,0.25242,0.01710650697350502,6.168,-1.319,-0.232,112.791,0.91324
493,29584.37,1,0.2137586623430252,0.194184347987175,0.25236,0.017578456550836563,6.15,-1.292,-0.234,112.791,0.91354
494,29648.13,1,0.21236492693424225,0.19250498712062836,0.25353,0.017311397939920425,6.134,-1.294,-0.223,112.785,0.9135
495,29712.13,1,0.2106027752161026,0.19222719967365265,0.2543,0.017796019092202187,6.135,-1.315,-0.222,112.779,0.9134
496,29760.37,1,0.2100151777267456,0.19247202575206757,0.25413,0.01767352968454361,6.143,-1.32,-0.227,112.739,0.91329
497,29824.37,1,0.2097521424293518,0.1924876868724823,0.25427,0.017680950462818146,6.107,-1.339,-0.223,112.675,0.91268
498,29888.03,1,0.21306473016738892,0.19330862164497375,0.25438,0.01774614490568638,6.005,-1.379,-0.245,112.548,0.91359
499,29952.17,1,0.21543729305267334,0.19752094149589539,0.25254,0.017712440341711044,6.038,-1.365,-0.262,112.572,0.91193
500,30000.2,1,0.2139553278684616,0.1975357085466385,0.25326,0.017523935064673424,6.031,-1.384,-0.255,112.546,0.91284
501,30064.33,1,0.21210947632789612,0.1969648003578186,0.25289,0.01755315251648426,6.068,-1.383,-0.257,112.51,0.91274
502,30128.4,1,0.20833948254585266,0.19215382635593414,0.25465,0.017603302374482155,6.031,-1.362,-0.245,112.511,0.91245
503,30192.1,1,0.20800702273845673,0.1900729089975357,0.25504,0.017411164939403534,6.015,-1.386,-0.236,112.482,0.91327
504,30240.6,1,0.20764949917793274,0.1897079348564148,0.2552,0.017460275441408157,6.025,-1.409,-0.239,112.486,0.91168
505,30304.2,1,0.20557013154029846,0.18881723284721375,0.25562,0.01750885136425495,6.029,-1.419,-0.239,112.493,0.91175
506,30368.1,1,0.20438028872013092,0.18774385750293732,0.25614,0.017399199306964874,6.049,-1.419,-0.225,112.506,0.91147
507,30432.4,1,0.2077323943376541,0.18716582655906677,0.2564,0.018283577635884285,5.933,-1.42,-0.206,112.514,0.91236
508,30480.43,1,0.20937302708625793,0.1883080154657364,0.25535,0.018618181347846985,5.967,-1.418,-0.22,112.685,0.91184
509,30544.17,1,0.20238684117794037,0.18039479851722717,0.26028,0.01849929615855217,6.016,-1.433,-0.186,112.585,0.91208
510,30608.37,1,0.21016456186771393,0.18270324170589447,0.25861,0.019393259659409523,6.118,-1.421,-0.164,111.525,0.91872
511,30672.4,1,0.2088560312986374,0.1841137707233429,0.25902,0.01922181434929371,6.131,-1.39,-0.179,111.528,0.91954
512,30720.43,1,0.2071695476770401,0.1828523725271225,0.2594,0.01923774927854538,6.136,-1.395,-0.181,111.557,0.91867
513,30784.23,1,0.20524051785469055,0.17955940961837769,0.26071,0.019533436745405197,6.103,-1.385,-0.19,111.569,0.91741
514,30848.4,1,0.2034454196691513,0.17702364921569824,0.26139,0.019205709919333458,6.149,-1.368,-0.181,111.555,0.91887
515,30912.13,1,0.201936736702919,0.17465460300445557,0.2612,0.018884718418121338,6.159,-1.378,-0.176,111.564,0.91823
516,30960.4,1,0.1997428685426712,0.17200562357902527,0.26318,0.018439384177327156,6.187,-1.385,-0.173,111.54,0.9191
517,31024.2,1,0.1995985358953476,0.17264313995838165,0.26428,0.018414383754134178,6.196,-1.404,-0.147,111.669,0.91952
518,31088.13,1,0.19854070246219635,0.1712985783815384,0.26445,0.018580801784992218,6.175,-1.44,-0.138,111.756,0.91768
519,31152.0,1,0.19417615234851837,0.17187705636024475,0.266,0.018662191927433014,6.174,-1.45,-0.118,112.509,0.91307
520,31200.2,1,0.19289103150367737,0.17162412405014038,0.26626,0.018502401188015938,6.166,-1.444,-0.114,112.553,0.91245
521,31264.43,1,0.19230462610721588,0.17107731103897095,0.26648,0.018580764532089233,6.156,-1.445,-0.114,112.559,0.91187
522,31328.47,1,0.19114336371421814,0.17203369736671448,0.26656,0.018532462418079376,6.237,-1.436,-0.113,112.556,0.91199
523,31392.13,1,0.19028893113136292,0.17290137708187103,0.26644,0.018690060824155807,6.248,-1.44,-0.101,112.547,0.9119
524,31440.3,1,0.18938925862312317,0.1726343333721161,0.26633,0.018477696925401688,6.248,-1.451,-0.099,112.585,0.912
525,31504.13,1,0.187229722738266,0.1721198558807373,0.26673,0.018165787681937218,6.268,-1.448,-0.091,112.558,0.91249
526,31568.1,1,0.1858326941728592,0.1698041558265686,0.26704,0.0181099995970726,6.271,-1.456,-0.116,112.563,0.91165
527,31632.03,1,0.18513508141040802,0.17053161561489105,0.26705,0.018164463341236115,6.269,-1.446,-0.125,112.563,0.91145
528,31680.07,1,0.18386362493038177,0.16905558109283447,0.26733,0.01803145930171013,6.298,-1.416,-0.139,112.557,0.91148
529,31744.43,1,0.1827572137117386,0.1666518598794937,0.26799,0.017456717789173126,6.36,-1.392,-0.143,112.577,0.91133
530,31808.37,1,0.18190059065818787,0.16497866809368134,0.26907,0.01677323505282402,6.387,-1.392,-0.137,112.55,0.91215
531,31872.13,1,0.1816980540752411,0.16378790140151978,0.26961,0.016558712348341942,6.317,-1.435,-0.146,112.558,0.91182
532,31920.53,1,0.18145030736923218,0.16360703110694885,0.26956,0.01658293977379799,6.329,-1.432,-0.146,112.564,0.91222
533,31984.27,1,0.18057216703891754,0.1635870635509491,0.26992,0.016325192525982857,6.33,-1.445,-0.148,112.56,0.91278
534,32048.33,1,0.18339891731739044,0.1648702770471573,0.2684,0.01607629470527172,6.305,-1.443,-0.166,112.571,0.91343
535,32112.13,1,0.18470343947410583,0.16491812467575073,0.26804,0.016050143167376518,6.322,-1.441,-0.165,112.598,0.91312
536,32160.43,1,0.18477511405944824,0.16620253026485443,0.26777,0.01629565842449665,6.315,-1.451,-0.162,112.601,0.91243
537,32224.07,1,0.184736430644989,0.16475531458854675,0.26828,0.016545547172427177,6.339,-1.47,-0.152,112.595,0.91111
538,32288.33,1,0.18808382749557495,0.16466616094112396,0.26668,0.016533905640244484,6.348,-1.449,-0.154,112.747,0.91137
539,32352.2,1,0.1883794367313385,0.1654912382364273,0.26656,0.016664279624819756,6.338,-1.44,-0.164,112.588,0.91145
540,32400.1,1,0.19067974388599396,0.1663113534450531,0.26626,0.01700453832745552,6.484,-1.352,-0.176,112.578,0.91105
541,32464.27,1,0.1880466192960739,0.164815753698349,0.26648,0.017304617911577225,6.537,-1.299,-0.208,112.572,0.91186
542,32528.13,1,0.18678461015224457,0.16305610537528992,0.26741,0.017088986933231354,6.543,-1.305,-0.21,112.55,0.91195
543,32592.4,1,0.18593840301036835,0.16271743178367615,0.26783,0.016741838306188583,6.543,-1.314,-0.199,112.551,0.91205
544,32640.4,1,0.18596012890338898,0.16214945912361145,0.26798,0.01677296869456768,6.488,-1.337,-0.188,112.527,0.91213
545,32704.23,1,0.18525832891464233,0.1628974974155426,0.26829,0.01732901856303215,6.424,-1.368,-0.201,112.578,0.91179
546,32768.03,1,0.1810832917690277,0.16198430955410004,0.26978,0.017451483756303787,6.402,-1.354,-0.186,112.553,0.91234
547,32832.07,1,0.17990374565124512,0.161532461643219,0.27012,0.017353126779198647,6.386,-1.353,-0.186,112.579,0.91234
548,32880.47,1,0.1789015680551529,0.16119176149368286,0.27087,0.01706738956272602,6.358,-1.347,-0.173,112.581,0.91156
549,32944.0,1,0.17747528851032257,0.16106492280960083,0.27115,0.016613652929663658,6.364,-1.352,-0.18,112.587,0.91167
550,33008.67,1,0.17918670177459717,0.1615476906299591,0.27154,0.016669636592268944,6.325,-1.355,-0.142,112.617,0.91138
551,33072.2,1,0.1796405017375946,0.16164930164813995,0.27249,0.01658722572028637,6.29,-1.383,-0.074,112.613,0.91211
552,33120.47,1,0.18476109206676483,0.1615619659423828,0.27166,0.01761871948838234,6.152,-1.455,-0.067,112.555,0.91274
553,33184.47,1,0.1838151216506958,0.16020704805850983,0.27116,0.01752845011651516,6.191,-1.482,-0.035,112.576,0.91157
554,33248.5,1,0.18511098623275757,0.16050447523593903,0.27092,0.01734711043536663,6.176,-1.473,-0.036,112.57,0.9119
555,33312.13,1,0.18405048549175262,0.16066579520702362,0.2712,0.017373528331518173,6.102,-1.501,-0.039,112.588,0.91169
556,33360.13,1,0.18412429094314575,0.16188329458236694,0.27108,0.01743392087519169,6.082,-1.512,-0.046,112.561,0.91169
557,33424.53,1,0.183481365442276,0.16275246441364288,0.27047,0.017594465985894203,6.159,-1.52,-0.041,112.577,0.91214
558,33488.37,1,0.18311358988285065,0.16288277506828308,0.27017,0.017681198194622993,6.168,-1.538,-0.035,112.574,0.91206
559,33552.07,1,0.18299168348312378,0.1639423817396164,0.27011,0.01780170574784279,6.141,-1.556,-0.039,112.603,0.91161
560,33600.17,1,0.1829691380262375,0.1641727238893509,0.27025,0.01786099746823311,6.115,-1.56,-0.044,112.582,0.91187
561,33664.53,1,0.18655109405517578,0.16682560741901398,0.26996,0.018218398094177246,6.003,-1.553,-0.082,112.546,0.91315
562,33728.5,1,0.18803103268146515,0.1668381690979004,0.26858,0.01832413859665394,6.025,-1.539,-0.089,112.573,0.9112
563,33792.3,1,0.18822142481803894,0.16662181913852692,0.2684,0.018478725105524063,6.01,-1.557,-0.091,112.57,0.91209
564,33840.3,1,0.18835026025772095,0.166398823261261,0.26814,0.018458090722560883,6.021,-1.539,-0.095,112.571,0.91209
565,33904.5,1,0.18896111845970154,0.16756068170070648,0.26734,0.018187660723924637,6.1,-1.486,-0.116,112.573,0.91179
566,33968.27,1,0.18794108927249908,0.16471000015735626,0.2679,0.018374137580394745,6.261,-1.471,-0.086,112.56,0.91238
567,34032.43,1,0.19069324433803558,0.1644708663225174,0.26761,0.01840633898973465,6.235,-1.485,-0.074,112.515,0.91117
568,34080.43,1,0.18989308178424835,0.16431227326393127,0.26746,0.018338432535529137,6.236,-1.48,-0.071,112.701,0.91159
569,34144.4,1,0.18936455249786377,0.16397783160209656,0.26772,0.018218480050563812,6.242,-1.498,-0.057,112.539,0.91253
570,34208.37,1,0.1900089681148529,0.16212911903858185,0.26851,0.018362607806921005,6.21,-1.495,-0.034,112.51,0.91216
571,34272.27,1,0.18812470138072968,0.16109703481197357,0.26861,0.01795509085059166,6.272,-1.425,-0.037,112.577,0.91214
572,34320.23,1,0.18665817379951477,0.16120897233486176,0.2684,0.017901191487908363,6.287,-1.415,-0.038,112.553,0.91287
573,34384.3,1,0.18678978085517883,0.15988494455814362,0.26935,0.017992490902543068,6.298,-1.417,-0.034,112.541,0.91236
574,34448.2,1,0.18589487671852112,0.15894483029842377,0.26965,0.017997467890381813,6.295,-1.436,-0.02,112.565,0.91222
575,34512.2,1,0.18489126861095428,0.15818268060684204,0.26978,0.018256647512316704,6.309,-1.432,-0.018,112.561,0.91251
576,34560.53,1,0.18539029359817505,0.1583625227212906,0.26972,0.019037796184420586,6.328,-1.43,-0.03,112.53,0.91319
577,34624.5,1,0.18372152745723724,0.15774387121200562,0.27009,0.0192863792181015,6.326,-1.436,-0.029,112.55,0.9131
578,34688.43,1,0.18295595049858093,0.1561809629201889,0.2706,0.01941796764731407,6.278,-1.452,-0.039,112.549,0.91229
579,34752.03,1,0.18414561450481415,0.15617479383945465,0.27086,0.019206764176487923,6.342,-1.478,-0.028,112.552,0.91254
580,34800.23,1,0.1840197890996933,0.1556444764137268,0.27102,0.019121428951621056,6.363,-1.493,-0.024,112.518,0.91301
581,34864.47,1,0.18091897666454315,0.15789879858493805,0.27173,0.018318986520171165,6.375,-1.511,-0.012,112.532,0.91222
582,34928.03,1,0.17979051172733307,0.15672579407691956,0.27192,0.01840231567621231,6.356,-1.526,-0.009,112.521,0.91301
583,34992.23,1,0.1795581877231598,0.15723995864391327,0.2715,0.01862047053873539,6.363,-1.533,-0.01,112.502,0.91183
584,35040.33,1,0.1797916740179062,0.1563446819782257,0.27175,0.01843244396150112,6.384,-1.513,-0.01,112.518,0.9113
585,35104.53,1,0.18103913962841034,0.15840090811252594,0.27099,0.018178097903728485,6.393,-1.524,-0.002,112.515,0.91108
586,35168.3,1,0.17961354553699493,0.15759432315826416,0.27123,0.018164770677685738,6.406,-1.536,0.005,112.512,0.91228
587,35232.37,1,0.1785673350095749,0.15661683678627014,0.2717,0.018012167885899544,6.397,-1.546,0.009,112.519,0.91112
588,35280.17,1,0.1803283989429474,0.15822076797485352,0.27082,0.01808270439505577,6.354,-1.579,0.003,112.554,0.91164
589,35344.37,1,0.18035320937633514,0.15916717052459717,0.27021,0.018104301765561104,6.379,-1.552,0.004,112.555,0.91167
590,35408.53,1,0.1801830530166626,0.1595439910888672,0.27031,0.0179087296128273,6.392,-1.548,0.014,112.503,0.91193
591,35472.43,1,0.18174055218696594,0.16096031665802002,0.27011,0.018083536997437477,6.37,-1.557,0.016,112.449,0.91265
592,35520.47,1,0.1797671616077423,0.16252343356609344,0.26922,0.018171444535255432,6.317,-1.552,0.006,111.581,0.91949
593,35584.4,1,0.18016831576824188,0.16315887868404388,0.26903,0.01836860552430153,6.247,-1.557,0.025,111.491,0.92049
594,35648.37,1,0.18141935765743256,0.16339166462421417,0.26889,0.018557822331786156,6.242,-1.561,0.028,111.35,0.92157
595,35712.07,1,0.18005460500717163,0.16523584723472595,0.2693,0.018177881836891174,6.222,-1.572,0.057,111.319,0.92255
596,35760.5,1,0.17772845923900604,0.164971262216568,0.26973,0.018292205408215523,6.189,-1.59,0.062,111.348,0.92235
597,35824.43,1,0.17807918787002563,0.16464586555957794,0.27067,0.018516922369599342,6.151,-1.592,0.081,111.325,0.92252
598,35888.53,1,0.17731250822544098,0.16432346403598785,0.27065,0.018738538026809692,6.141,-1.602,0.091,111.452,0.92233
599,35952.43,1,0.17796696722507477,0.16536444425582886,0.27074,0.01887470670044422,6.139,-1.602,0.104,111.332,0.9214
600,36000.07,1,0.17759792506694794,0.16336849331855774,0.27177,0.019925953820347786,6.135,-1.567,0.061,110.244,0.93007
601,36064.17,1,0.1752346158027649,0.16121992468833923,0.27202,0.02011210285127163,6.205,-1.552,0.053,110.288,0.93135
602,36128.47,1,0.17651289701461792,0.1612710952758789,0.27159,0.020203376188874245,6.157,-1.529,0.045,110.303,0.93099
603,36192.47,1,0.17640812695026398,0.15849336981773376,0.27202,0.019806338474154472,6.164,-1.519,0.036,110.284,0.93188
604,36256.07,1,0.17244119942188263,0.15542282164096832,0.27335,0.019891755655407906,6.179,-1.522,0.047,110.332,0.93084
605,36304.17,1,0.17255383729934692,0.15620407462120056,0.27322,0.019889838993549347,6.136,-1.509,0.046,110.314,0.93019
606,36368.33,1,0.1726095974445343,0.15656960010528564,0.27255,0.019964268431067467,6.14,-1.51,0.036,110.333,0.93039
607,36432.1,1,0.17414724826812744,0.1581183522939682,0.27223,0.01990582048892975,6.138,-1.511,0.029,110.342,0.93108
608,36496.1,1,0.17478397488594055,0.15825524926185608,0.27186,0.019534938037395477,6.133,-1.515,0.04,110.312,0.93107
609,36544.4,1,0.177761048078537,0.15920229256153107,0.27109,0.019551776349544525,6.133,-1.511,0.05,110.326,0.93039
610,36608.73,1,0.17757569253444672,0.1601191759109497,0.27079,0.01963302120566368,6.094,-1.508,0.029,110.295,0.9308
611,36672.37,1,0.1808767467737198,0.16184136271476746,0.27103,0.020065302029252052,5.948,-1.552,0.034,110.282,0.93068
612,36736.3,1,0.17851471900939941,0.16291961073875427,0.27032,0.019494906067848206,5.967,-1.57,0.024,110.289,0.92985
613,36784.23,1,0.17849008738994598,0.16357111930847168,0.26965,0.019118869677186012,5.973,-1.575,0.03,110.278,0.93107
614,36848.5,1,0.17964313924312592,0.1642293632030487,0.2696,0.018811002373695374,5.987,-1.566,0.03,110.271,0.93055
615,36912.2,1,0.17852269113063812,0.16345658898353577,0.27001,0.01928386650979519,5.949,-1.534,0.058,110.274,0.92952
616,36976.07,1,0.17549867928028107,0.15922711789608002,0.27002,0.019317198544740677,5.939,-1.541,0.059,110.29,0.93083
617,37024.47,1,0.17521071434020996,0.15992121398448944,0.27024,0.01922481134533882,5.944,-1.534,0.087,110.303,0.93125
618,37088.07,1,0.17525316774845123,0.15547209978103638,0.27159,0.019101101905107498,5.849,-1.56,0.073,110.27,0.93224
619,37152.53,1,0.17452724277973175,0.1538344919681549,0.27173,0.018406709656119347,5.851,-1.547,0.055,110.287,0.93132
620,37216.17,1,0.173911452293396,0.15326648950576782,0.27222,0.018487829715013504,5.848,-1.569,0.056,110.315,0.93065
621,37264.2,1,0.17373643815517426,0.1524144560098648,0.27255,0.018473641946911812,5.824,-1.585,0.051,110.282,0.93101
622,37328.1,1,0.1738518625497818,0.1538732796907425,0.27297,0.01892510987818241,5.817,-1.614,0.033,110.309,0.93111
623,37392.17,1,0.1716976910829544,0.15477749705314636,0.27364,0.018710587173700333,5.806,-1.61,0.041,110.292,0.93086
624,37456.47,1,0.17141449451446533,0.15450572967529297,0.27332,0.01884484477341175,5.816,-1.606,0.005,110.292,0.93116
625,37504.43,1,0.17136172950267792,0.15563981235027313,0.27337,0.018808141350746155,5.821,-1.606,-0.004,110.3,0.9312
626,37568.33,1,0.17181728780269623,0.15642516314983368,0.273,0.01862368732690811,5.833,-1.589,-0.014,110.279,0.93105
627,37632.4,1,0.17312535643577576,0.15705646574497223,0.27351,0.01883174292743206,5.825,-1.589,-0.008,110.268,0.93225
628,37696.27,1,0.17114832997322083,0.15466581284999847,0.27351,0.018782654777169228,5.906,-1.594,-0.033,110.356,0.9315
629,37744.4,1,0.17633359134197235,0.15743660926818848,0.27182,0.0187297984957695,5.984,-1.582,-0.051,110.248,0.93314
630,37808.57,1,0.18100257217884064,0.16222459077835083,0.26994,0.018879123032093048,5.936,-1.561,-0.048,110.243,0.93176
631,37872.3,1,0.18706783652305603,0.16450245678424835,0.26826,0.018745573237538338,5.959,-1.556,-0.057,110.358,0.9322
632,37936.17,1,0.18605700135231018,0.16413824260234833,0.26824,0.01856273226439953,5.967,-1.567,-0.06,110.36,0.93115
633,37984.3,1,0.18846406042575836,0.1639828383922577,0.2679,0.019163666293025017,5.943,-1.563,-0.049,110.264,0.93026
634,38048.23,1,0.1861676275730133,0.1614430844783783,0.26757,0.018913941457867622,5.926,-1.526,-0.088,110.367,0.93095
635,38112.2,1,0.1851116120815277,0.160654217004776,0.26781,0.01884755864739418,5.953,-1.527,-0.078,110.349,0.93059
636,38176.13,1,0.18649441003799438,0.16260002553462982,0.26775,0.019267868250608444,6.031,-1.551,-0.1,110.255,0.93031
637,38224.33,1,0.1866530478000641,0.1625169962644577,0.26731,0.019164960831403732,6.155,-1.513,-0.098,110.35,0.93094
638,38288.43,1,0.18556559085845947,0.16049440205097198,0.26827,0.019018927589058876,6.106,-1.492,-0.086,110.355,0.93065
639,38352.1,1,0.1853301227092743,0.1581629067659378,0.2688,0.019322024658322334,6.034,-1.545,-0.077,110.299,0.93076
640,38416.2,1,0.1812935620546341,0.15730340778827667,0.26996,0.019286617636680603,5.962,-1.593,-0.082,110.358,0.93162
641,38464.07,1,0.18056952953338623,0.15762966871261597,0.26991,0.019427573308348656,6.041,-1.567,-0.069,110.365,0.93081
642,38528.03,1,0.1826653927564621,0.15952132642269135,0.27072,0.01997286081314087,5.953,-1.612,-0.066,110.277,0.93011
643,38592.07,1,0.1789296716451645,0.16035372018814087,0.27065,0.019408030435442924,6.016,-1.59,-0.087,110.355,0.93061
644,38656.1,1,0.18078507483005524,0.16048668324947357,0.27046,0.019838852807879448,5.854,-1.642,-0.098,110.379,0.92988
645,38704.33,1,0.18252211809158325,0.16189026832580566,0.26985,0.019417595118284225,5.845,-1.646,-0.094,110.281,0.93051
646,38768.2,1,0.18399178981781006,0.16368146240711212,0.26897,0.01864825002849102,5.894,-1.589,-0.09,110.346,0.93076
647,38832.13,1,0.18389208614826202,0.16196715831756592,0.26923,0.018729912117123604,5.932,-1.625,-0.066,110.352,0.93082
648,38896.07,1,0.18867309391498566,0.1624903380870819,0.26881,0.019032545387744904,5.961,-1.586,-0.057,110.223,0.93043
649,38944.07,1,0.18687517940998077,0.1637282520532608,0.2678,0.01894410140812397,6.047,-1.594,-0.087,110.358,0.93042
650,39008.47,1,0.18618939816951752,0.16318757832050323,0.26808,0.018804075196385384,6.036,-1.594,-0.08,110.36,0.92962
651,39072.03,1,0.18560609221458435,0.16484872996807098,0.26922,0.0190304946154356,6.018,-1.588,-0.088,110.265,0.93093
652,39136.13,1,0.1810196042060852,0.16380499303340912,0.2692,0.018359350040555,6.072,-1.561,-0.105,110.355,0.93115
653,39184.4,1,0.18739940226078033,0.16608349978923798,0.26835,0.018580419942736626,5.985,-1.579,-0.069,110.378,0.92951
654,39248.3,1,0.18832255899906158,0.16652335226535797,0.26761,0.018902840092778206,6.013,-1.583,-0.079,110.279,0.93025
655,39312.27,1,0.1844249665737152,0.16473890841007233,0.26871,0.019099516794085503,6.024,-1.57,-0.04,110.386,0.93017
656,39376.07,1,0.18257693946361542,0.1645008623600006,0.26843,0.018884625285863876,6.046,-1.58,-0.068,110.377,0.93072
657,39424.5,1,0.1860237866640091,0.16541364789009094,0.26925,0.019376207143068314,5.969,-1.604,-0.008,110.305,0.92929
658,39488.37,1,0.18430592119693756,0.1628420352935791,0.26975,0.018963487818837166,5.971,-1.597,-0.019,110.449,0.93031
659,39552.03,1,0.1855877935886383,0.1625615358352661,0.26883,0.018761612474918365,5.959,-1.614,-0.004,110.234,0.93119
660,39616.07,1,0.1855766624212265,0.16120083630084991,0.26836,0.019221995025873184,5.879,-1.67,0.025,110.233,0.93115
661,39664.4,1,0.18607310950756073,0.1622387021780014,0.26807,0.018779341131448746,5.867,-1.653,0.017,110.303,0.93184
662,39728.37,1,0.186063751578331,0.16154919564723969,0.26836,0.01939004473388195,5.846,-1.678,0.023,110.295,0.93136
663,39792.1,1,0.18921618163585663,0.1638103574514389,0.26775,0.01914219558238983,5.856,-1.688,0.023,110.225,0.93109
664,39856.17,1,0.1907046139240265,0.1652848869562149,0.26636,0.019329505041241646,5.891,-1.631,-0.026,110.353,0.9309
665,39904.47,1,0.19072012603282928,0.1642884761095047,0.2667,0.01926407404243946,5.878,-1.632,-0.008,110.3,0.93056
666,39968.47,1,0.19325339794158936,0.16529220342636108,0.26656,0.01966969668865204,5.863,-1.63,0.001,110.237,0.93008
667,40032.17,1,0.19088169932365417,0.16318824887275696,0.26723,0.019299034029245377,5.884,-1.604,-0.009,110.323,0.93088
668,40096.1,1,0.19094859063625336,0.16266237199306488,0.26732,0.019481053575873375,5.892,-1.604,-0.002,110.343,0.93108
669,40144.13,1,0.19216109812259674,0.1630495935678482,0.26719,0.019153624773025513,5.88,-1.628,0.005,110.239,0.9301
670,40208.4,1,0.1986430436372757,0.1668766438961029,0.2653,0.019171399995684624,5.879,-1.609,-0.004,110.32,0.93212
671,40272.13,1,0.19798707962036133,0.16585463285446167,0.26582,0.01873108744621277,5.878,-1.626,0.038,110.332,0.93116
672,40336.1,1,0.28706276416778564,0.24216696619987488,0.21418,0.025035925209522247,6.142,-1.637,0.143,110.279,0.9306
673,40384.4,1,0.6326694488525391,0.538098931312561,0.07224,0.029608920216560364,5.86,-1.577,0.06,110.397,0.93138
674,40448.33,1,0.5333062410354614,0.45923665165901184,0.1014,0.02735629491508007,5.844,-1.54,0.13,110.368,0.93072
675,40512.27,1,0.4308485984802246,0.34814968705177307,0.14903,0.024831127375364304,5.808,-1.528,0.131,110.231,0.93127
676,40576.1,1,0.35225799679756165,0.28143617510795593,0.18664,0.02355809509754181,5.85,-1.522,0.066,110.319,0.93201
677,40624.27,1,0.30521395802497864,0.25342655181884766,0.20668,0.022465521469712257,5.947,-1.511,0.091,110.258,0.93161
678,40688.33,1,0.2713504433631897,0.23197132349014282,0.2241,0.021679356694221497,5.926,-1.541,0.109,110.174,0.93186
679,40752.13,1,0.2532693147659302,0.21656252443790436,0.23281,0.020553261041641235,5.938,-1.539,0.108,110.266,0.93259
680,40816.1,1,0.24050234258174896,0.20620958507061005,0.2395,0.02008567377924919,5.976,-1.555,0.103,110.255,0.93166
681,40864.37,1,0.23655584454536438,0.2032051682472229,0.24309,0.02003007009625435,5.913,-1.594,0.144,110.176,0.93207
682,40928.13,1,0.23506282269954681,0.2044060379266739,0.24396,0.01947174221277237,5.961,-1.613,0.123,110.26,0.93211
683,40992.13,1,0.2315741330385208,0.19973182678222656,0.24713,0.019798731431365013,5.972,-1.615,0.143,110.255,0.93254
684,41056.1,1,0.5121045112609863,0.48134711384773254,0.10178,0.028997458517551422,6.036,-1.67,0.065,110.161,0.9329
685,41104.47,1,0.5964095592498779,0.5650028586387634,0.06226,0.029189100489020348,6.053,-1.603,0.061,110.28,0.93223
686,41168.53,1,0.5492152571678162,0.5243631601333618,0.08465,0.02749631367623806,6.028,-1.73,0.133,110.229,0.93201
687,41232.5,1,0.40762385725975037,0.3866991102695465,0.14402,0.02457580156624317,6.015,-1.716,0.118,110.135,0.93303
688,41296.03,1,0.3501449227333069,0.300081342458725,0.17793,0.022313164547085762,6.077,-1.668,0.074,110.285,0.93194
689,41344.17,1,0.31477436423301697,0.25941792130470276,0.20437,0.0214244294911623,5.924,-1.657,0.118,110.141,0.93193
690,41408.07,1,0.29823851585388184,0.24917630851268768,0.21329,0.021328868344426155,6.088,-1.593,0.121,110.137,0.93257
691,41472.37,1,0.2802870273590088,0.22630301117897034,0.2256,0.02094016969203949,6.116,-1.559,0.097,110.193,0.9327
692,41536.1,1,0.2538830041885376,0.2112760692834854,0.2356,0.020547635853290558,6.163,-1.559,0.085,110.224,0.93191
693,41584.43,1,0.25001490116119385,0.20470336079597473,0.23866,0.020665744319558144,6.168,-1.546,0.075,110.16,0.93048
694,41648.2,1,0.24251165986061096,0.20348183810710907,0.24098,0.02066085673868656,6.205,-1.542,0.043,110.143,0.9323
695,41712.3,1,0.589935839176178,0.5279608964920044,0.08664,0.025733694434165955,5.981,-1.497,0.013,110.15,0.9322
696,41776.2,1,0.617047905921936,0.5466756224632263,0.06809,0.02914443612098694,6.007,-1.449,-0.012,110.111,0.93266
697,41824.3,1,0.543313205242157,0.5001926422119141,0.09113,0.028517452999949455,6.09,-1.459,0.022,110.13,0.93274
698,41888.5,1,0.4029538333415985,0.3430984616279602,0.15347,0.02513144724071026,6.085,-1.45,0.023,110.125,0.93247
699,41952.43,1,0.29840850830078125,0.2628624439239502,0.20207,0.02316000498831272,6.134,-1.452,0.054,110.104,0.9314
700,42016.13,1,0.2559589445590973,0.229928120970726,0.22369,0.021528005599975586,6.205,-1.457,0.057,110.12,0.93248
701,42064.43,1,0.2378450632095337,0.20649653673171997,0.23642,0.020946873351931572,6.193,-1.476,0.062,110.126,0.933
702,42128.47,1,0.23152965307235718,0.19823633134365082,0.24205,0.020523516461253166,6.219,-1.457,0.016,110.159,0.93265
703,42192.2,1,0.2246285229921341,0.18840554356575012,0.24634,0.01963072642683983,6.237,-1.478,-0.01,110.14,0.93248
704,42256.47,1,0.22368009388446808,0.18575233221054077,0.24787,0.019571760669350624,6.245,-1.464,-0.033,110.129,0.93317
705,42304.43,1,0.22410613298416138,0.18401013314723969,0.24892,0.020414818078279495,6.231,-1.442,-0.071,110.077,0.93271
706,42368.03,1,0.22248291969299316,0.1848270744085312,0.2497,0.01948397234082222,6.279,-1.419,-0.065,110.217,0.93225
707,42432.13,1,0.22361686825752258,0.1853567361831665,0.24973,0.02009403705596924,6.275,-1.395,-0.076,110.23,0.93176
708,42496.03,1,0.22720222175121307,0.18679910898208618,0.24962,0.020224889740347862,6.242,-1.409,-0.046,110.143,0.93228
709,42544.3,1,0.22884666919708252,0.18818823993206024,0.2494,0.01993400976061821,6.251,-1.413,-0.037,110.142,0.93183
710,42608.1,1,0.2240169197320938,0.18697871267795563,0.25061,0.01980271190404892,6.269,-1.423,-0.027,110.124,0.9331
711,42672.4,1,0.22551614046096802,0.188771054148674,0.25077,0.01948116160929203,6.246,-1.459,-0.025,110.078,0.93201
712,42736.2,1,0.22645531594753265,0.18913759291172028,0.25105,0.019442707300186157,6.246,-1.479,-0.013,110.129,0.93234
713,42784.43,1,0.22525623440742493,0.1857384443283081,0.25194,0.019496889784932137,6.174,-1.476,-0.019,110.137,0.93286
714,42848.3,1,0.22329171001911163,0.1856509894132614,0.25257,0.0193833876401186,6.188,-1.511,-0.014,110.153,0.93172
715,42912.07,1,0.22264674305915833,0.1857360601425171,0.25353,0.018808115273714066,6.172,-1.512,0.003,110.148,0.93221
716,42976.23,1,0.21946167945861816,0.18440884351730347,0.25411,0.018204011023044586,6.192,-1.498,-0.001,110.137,0.93237
717,43024.37,1,0.22316119074821472,0.18285627663135529,0.25427,0.019807910546660423,6.132,-1.485,-0.017,110.132,0.9321
718,43088.43,1,0.21915511786937714,0.1828068345785141,0.25553,0.01910342462360859,6.168,-1.47,-0.017,110.281,0.93237
719,43152.37,1,0.21967382729053497,0.18322759866714478,0.25561,0.018989309668540955,6.166,-1.474,-0.013,110.1,0.93244
720,43216.0,1,0.21698206663131714,0.1814844310283661,0.25677,0.01928364858031273,6.175,-1.443,0.004,110.118,0.93259
721,43264.4,1,0.21373440325260162,0.17960821092128754,0.2577,0.0195477232336998,6.142,-1.424,-0.004,110.159,0.93139
722,43328.4,1,0.2115078717470169,0.17954206466674805,0.25783,0.019286464899778366,6.3,-1.432,-0.018,110.136,0.93184
723,43392.27,1,0.21366389095783234,0.17973174154758453,0.25809,0.019383836537599564,6.282,-1.412,-0.024,110.142,0.93142
724,43456.07,1,0.22182542085647583,0.19129161536693573,0.25382,0.019290396943688393,6.287,-1.411,0.003,110.147,0.93175
725,43504.47,1,0.5350046753883362,0.4307026267051697,0.12048,0.02513563074171543,6.22,-1.383,-0.104,110.109,0.93311
726,43568.3,1,0.47923773527145386,0.4002666473388672,0.13063,0.02580471895635128,6.258,-1.364,-0.004,110.139,0.93096
727,43632.17,1,0.45387953519821167,0.3484098017215729,0.14539,0.02505434677004814,6.194,-1.423,-0.005,110.174,0.93093
728,43696.17,1,0.3844740092754364,0.28461527824401855,0.17555,0.0237156692892313,6.17,-1.413,-0.004,110.144,0.93219
729,43744.33,1,0.32446661591529846,0.25504615902900696,0.2003,0.022131668403744698,6.151,-1.411,0.013,110.114,0.9327
730,43808.1,1,0.2765635550022125,0.22953316569328308,0.22035,0.021282901987433434,6.155,-1.401,0.008,110.104,0.93282
731,43872.03,1,0.2574508786201477,0.21141736209392548,0.2294,0.020303908735513687,6.198,-1.386,-0.021,110.095,0.93199
732,43936.07,1,0.24364835023880005,0.20044450461864471,0.23688,0.01995193213224411,6.187,-1.37,-0.012,110.087,0.93233
733,43984.37,1,0.23274178802967072,0.196282759308815,0.24074,0.01952112466096878,6.177,-1.366,-0.012,110.088,0.93209
734,44048.23,1,0.22766637802124023,0.1929321587085724,0.24463,0.01917099580168724,6.123,-1.349,-0.015,110.076,0.93303
735,44112.0,1,0.23350360989570618,0.19123674929141998,0.24671,0.01895207352936268,6.068,-1.361,-0.005,110.064,0.9326
736,44176.4,1,0.2302951216697693,0.18827255070209503,0.24766,0.019032109528779984,6.146,-1.384,-0.008,110.085,0.93355
737,44224.43,1,0.22878333926200867,0.18667951226234436,0.24889,0.01871953159570694,6.165,-1.402,-0.005,110.063,0.93368
738,44288.4,1,0.22911176085472107,0.18430213630199432,0.25007,0.018900619819760323,6.163,-1.413,-0.012,110.06,0.93268
739,44352.3,1,0.2249191850423813,0.1822943389415741,0.25175,0.018706275150179863,6.201,-1.423,-0.0,110.075,0.93268
740,44416.13,1,0.22580261528491974,0.18368463218212128,0.25266,0.018779387697577477,6.198,-1.413,-0.002,110.078,0.93271
741,44464.17,1,0.22418326139450073,0.18460096418857574,0.25429,0.019182587042450905,6.178,-1.436,0.045,110.063,0.93236
742,44528.47,1,0.22297810018062592,0.18603485822677612,0.25515,0.02067609317600727,6.262,-1.447,-0.048,110.069,0.93261
743,44592.1,1,0.21767596900463104,0.18136806786060333,0.25463,0.020835943520069122,6.305,-1.475,-0.082,110.093,0.93274
744,44656.17,1,0.21040445566177368,0.1691003292798996,0.25696,0.02112925425171852,6.378,-1.475,-0.14,110.045,0.93346
745,44704.33,1,0.2047557532787323,0.16468550264835358,0.25859,0.021302444860339165,6.434,-1.487,-0.169,110.052,0.93354
746,44768.03,1,0.20236796140670776,0.15801513195037842,0.26072,0.021689623594284058,6.276,-1.508,-0.193,110.072,0.93369
747,44832.03,1,0.20367923378944397,0.1576244980096817,0.26157,0.02223197929561138,6.318,-1.469,-0.224,110.068,0.93249
748,44896.03,1,0.2026369571685791,0.15779763460159302,0.26242,0.022798454388976097,6.383,-1.467,-0.243,110.248,0.93277
749,44944.0,1,0.20255011320114136,0.15568913519382477,0.26337,0.023286122828722,6.35,-1.493,-0.243,110.074,0.93332
750,45008.13,1,0.22562259435653687,0.17597569525241852,0.25263,0.023687954992055893,6.384,-1.485,-0.245,110.076,0.93159
751,45072.1,1,0.5605748891830444,0.4825524091720581,0.09709,0.030760854482650757,6.2,-1.418,-0.254,110.088,0.93352
752,45136.1,1,0.517291784286499,0.499650776386261,0.09198,0.030834361910820007,6.085,-1.344,-0.139,110.102,0.93389
753,45184.07,1,0.47441545128822327,0.4428195357322693,0.11742,0.029127255082130432,5.974,-1.404,-0.062,110.077,0.93414
754,45248.3,1,0.3734925091266632,0.33184805512428284,0.16454,0.02617482654750347,6.004,-1.379,-0.059,110.09,0.93357
755,45312.33,1,0.2868047058582306,0.2574719786643982,0.20697,0.024223923683166504,6.029,-1.401,-0.035,110.095,0.93294
756,45376.13,1,0.2672961950302124,0.23767009377479553,0.21998,0.02374196983873844,6.115,-1.36,-0.024,110.072,0.93252
757,45424.03,1,0.2567318379878998,0.2280544936656952,0.22689,0.02289486676454544,6.232,-1.341,-0.018,110.067,0.93318
758,45487.97,1,0.2427442967891693,0.21586160361766815,0.23639,0.02197786420583725,6.243,-1.377,-0.001,110.083,0.93314
759,45551.93,1,0.23544584214687347,0.20534543693065643,0.24318,0.02165624126791954,6.136,-1.36,0.022,110.046,0.93333
760,45616.07,1,0.23200814425945282,0.20110629498958588,0.24559,0.020643115043640137,6.157,-1.37,0.023,110.052,0.93303
761,45664.03,1,0.22863353788852692,0.19717343151569366,0.24864,0.020314684137701988,6.155,-1.389,0.025,110.058,0.93341
762,45728.27,1,0.22806493937969208,0.19360977411270142,0.25053,0.020809896290302277,6.165,-1.377,0.015,110.068,0.93319
763,45791.97,1,0.2247374951839447,0.190154030919075,0.25226,0.020769482478499413,6.164,-1.392,0.011,110.065,0.93345
764,45856.03,1,0.22165170311927795,0.18972747027873993,0.25319,0.02068515494465828,6.187,-1.398,-0.019,110.068,0.93223
765,45904.4,1,0.22009363770484924,0.186639666557312,0.2545,0.020205335691571236,6.205,-1.401,-0.027,110.013,0.93376
766,45968.37,1,0.2179424911737442,0.18481896817684174,0.25542,0.019647911190986633,6.214,-1.413,-0.028,110.047,0.93433
767,46032.37,1,0.2175750434398651,0.18389160931110382,0.25611,0.01969275437295437,6.197,-1.41,-0.05,110.053,0.93353
768,46096.07,1,0.21813973784446716,0.1816311925649643,0.25676,0.020162930712103844,6.183,-1.402,-0.045,110.039,0.93503
769,46144.37,1,0.21347713470458984,0.17522293329238892,0.25986,0.019825264811515808,6.22,-1.405,-0.025,110.02,0.93458
770,46208.03,1,0.2156231552362442,0.17520534992218018,0.25906,0.020015818998217583,6.202,-1.417,-0.004,110.017,0.93494
771,46272.07,1,0.2137470245361328,0.1745779663324356,0.25986,0.020224660634994507,6.199,-1.488,-0.005,110.003,0.93443
772,46336.0,1,0.20686006546020508,0.17350004613399506,0.26119,0.02032001130282879,6.187,-1.481,0.004,110.011,0.93497
773,46384.07,1,0.20652250945568085,0.1735830456018448,0.26104,0.020459972321987152,6.128,-1.494,0.005,110.027,0.93445
774,46448.17,1,0.21041147410869598,0.1752660870552063,0.26009,0.020767899230122566,6.104,-1.494,0.016,110.012,0.9344
775,46512.2,1,0.20866045355796814,0.1777450144290924,0.25941,0.019896790385246277,6.204,-1.457,0.006,110.017,0.93431
776,46576.13,1,0.21022619307041168,0.1776861548423767,0.25936,0.019901035353541374,6.2,-1.451,0.005,109.994,0.93488
777,46624.4,1,0.21299360692501068,0.17852221429347992,0.2584,0.019145827740430832,6.19,-1.461,-0.009,109.969,0.93446
778,46688.23,1,0.21130451560020447,0.1786041557788849,0.25826,0.018165122717618942,6.311,-1.434,-0.009,110.133,0.93477
779,46752.27,1,0.21595856547355652,0.17866627871990204,0.25786,0.017593886703252792,6.293,-1.446,-0.006,109.967,0.93331
780,46816.03,1,0.2060554176568985,0.1783333569765091,0.25928,0.017297370359301567,6.362,-1.392,0.0,110.024,0.93373
781,46864.33,1,0.2044145166873932,0.17677156627178192,0.25966,0.01757858879864216,6.342,-1.376,-0.008,110.117,0.93321
782,46928.03,1,0.20282046496868134,0.1737390160560608,0.26013,0.017778025940060616,6.33,-1.392,0.003,110.097,0.93317
783,46991.97,1,0.20456570386886597,0.1735943853855133,0.26013,0.018967466428875923,6.303,-1.376,-0.017,110.034,0.93202
784,47056.0,1,0.20236308872699738,0.17375507950782776,0.26054,0.019360557198524475,6.341,-1.372,-0.004,110.116,0.93288
785,47104.2,1,0.20103397965431213,0.17352072894573212,0.26082,0.019424770027399063,6.304,-1.377,-0.009,110.11,0.93295
786,47168.27,1,0.19886605441570282,0.17218393087387085,0.26212,0.019716603681445122,6.235,-1.41,0.008,110.014,0.93384
787,47232.0,1,0.1974906474351883,0.17154674232006073,0.26248,0.019598614424467087,6.255,-1.413,0.006,110.129,0.93325
788,47296.1,1,0.19863660633563995,0.17179468274116516,0.26286,0.019902296364307404,6.188,-1.421,-0.003,110.089,0.93341
789,47344.33,1,0.1992066651582718,0.16939887404441833,0.26318,0.02004076912999153,6.221,-1.454,0.002,109.962,0.93432
790,47408.6,1,0.19844508171081543,0.17022168636322021,0.2631,0.019433600828051567,6.311,-1.409,0.017,110.101,0.93301
791,47472.33,1,0.19745954871177673,0.16886182129383087,0.26288,0.019474904984235764,6.356,-1.411,0.015,110.08,0.93362
792,47536.0,1,0.2001400589942932,0.1668834090232849,0.26042,0.02029256708920002,6.357,-1.418,-0.045,110.014,0.93304
793,47584.37,1,0.19033795595169067,0.16001082956790924,0.26258,0.020275944843888283,6.398,-1.455,-0.061,110.114,0.93316
794,47648.5,1,0.1886778175830841,0.1577068418264389,0.26407,0.020354753360152245,6.415,-1.482,-0.076,110.119,0.93355
795,47712.03,1,0.19053789973258972,0.1566724181175232,0.2635,0.02075594663619995,6.372,-1.534,-0.064,110.044,0.93303
796,47776.13,1,0.19067557156085968,0.1584223210811615,0.26318,0.020936597138643265,6.382,-1.536,-0.069,110.123,0.93325
797,47824.37,1,0.25319889187812805,0.19356024265289307,0.23991,0.022326305508613586,6.519,-1.5,-0.093,110.161,0.93299
798,47888.03,1,0.6555392742156982,0.5810396671295166,0.06481,0.027460962533950806,6.035,-1.535,-0.133,110.068,0.93356
799,47952.0,1,0.6678603887557983,0.627547562122345,0.04588,0.027540622279047966,6.082,-1.479,-0.073,110.153,0.93288
800,48016.03,1,0.6220283508300781,0.5862779021263123,0.0527,0.027729419991374016,6.072,-1.442,-0.124,110.138,0.93254
801,48064.3,1,0.5591040849685669,0.4952540695667267,0.0833,0.02599915862083435,6.028,-1.493,-0.07,110.053,0.9323
802,48128.4,1,0.38794440031051636,0.3454110324382782,0.15037,0.02466568723320961,5.998,-1.481,-0.061,110.141,0.93246
803,48192.37,1,0.3058994710445404,0.2748105823993683,0.19036,0.022098679095506668,6.103,-1.508,-0.071,110.12,0.93345
804,48256.0,1,0.2759961187839508,0.2379509061574936,0.21061,0.0217049028724432,6.143,-1.46,-0.127,109.996,0.93288
805,48304.4,1,0.2588103711605072,0.21773935854434967,0.22003,0.021286750212311745,6.285,-1.44,-0.146,110.125,0.93271
806,48368.07,1,0.24947044253349304,0.20914097130298615,0.22716,0.021205278113484383,6.265,-1.462,-0.154,110.089,0.93284
807,48432.27,1,0.24934367835521698,0.20610544085502625,0.2311,0.021226169541478157,6.287,-1.485,-0.158,109.994,0.93275
808,48496.1,1,0.24717462062835693,0.20526161789894104,0.23266,0.021225590258836746,6.303,-1.506,-0.189,110.208,0.93341
809,48544.23,1,0.24374443292617798,0.20113974809646606,0.23688,0.02130751870572567,6.267,-1.522,-0.22,110.004,0.93256
810,48608.33,1,0.2407817840576172,0.1965474784374237,0.2391,0.022235115990042686,6.291,-1.526,-0.245,110.03,0.93321
811,48672.0,1,0.23266583681106567,0.19193390011787415,0.24223,0.022042492404580116,6.382,-1.519,-0.254,110.017,0.93376
812,48735.97,1,0.222892165184021,0.18310433626174927,0.24607,0.022615257650613785,6.372,-1.504,-0.26,110.034,0.93311
813,48784.0,1,0.21678853034973145,0.18043604493141174,0.24873,0.0227144006639719,6.292,-1.534,-0.263,110.002,0.93356
814,48848.13,1,0.2144867479801178,0.17731879651546478,0.25103,0.022171270102262497,6.334,-1.53,-0.276,110.044,0.93193
815,48912.03,1,0.20707441866397858,0.1724296361207962,0.25367,0.022285960614681244,6.43,-1.488,-0.28,109.992,0.93378
816,48975.9,1,0.20633429288864136,0.1699458509683609,0.2546,0.022903356701135635,6.411,-1.489,-0.272,109.973,0.93252
817,49024.2,1,0.2049967348575592,0.16990724205970764,0.25488,0.02218276634812355,6.413,-1.526,-0.255,109.994,0.93329
818,49088.03,1,0.20309679210186005,0.16750140488147736,0.25532,0.022429822012782097,6.444,-1.561,-0.222,109.994,0.9329
819,49151.93,1,0.20318180322647095,0.16871920228004456,0.25445,0.02200300246477127,6.537,-1.59,-0.235,109.954,0.93388
820,49216.03,1,0.2119518518447876,0.17752701044082642,0.25599,0.0208955779671669,6.591,-1.584,-0.152,109.984,0.93385
821,49264.4,1,0.21255573630332947,0.17746664583683014,0.25586,0.020500922575592995,6.574,-1.574,-0.116,109.998,0.93253
822,49328.3,1,0.21632331609725952,0.1766503006219864,0.25527,0.019880061969161034,6.579,-1.567,-0.05,109.979,0.93289
823,49391.97,1,0.2159494161605835,0.17631494998931885,0.25533,0.019354814663529396,6.597,-1.55,-0.033,109.978,0.93308
824,49455.97,1,0.21664077043533325,0.17628814280033112,0.25567,0.019393259659409523,6.61,-1.561,-0.034,109.978,0.93421
825,49504.3,1,0.2175656110048294,0.17686030268669128,0.25534,0.02016853541135788,6.61,-1.583,-0.044,109.985,0.93276
826,49568.0,1,0.21560417115688324,0.17704831063747406,0.25606,0.020215755328536034,6.605,-1.592,-0.043,110.015,0.93251
827,49631.97,1,0.21603386104106903,0.1768326759338379,0.25614,0.020077867433428764,6.628,-1.581,-0.058,109.991,0.93339
828,49695.93,1,0.2163132131099701,0.17676621675491333,0.25689,0.02033924125134945,6.617,-1.592,-0.055,109.987,0.93293
829,49744.03,1,0.21712912619113922,0.17624443769454956,0.25714,0.02001975104212761,6.593,-1.596,-0.043,109.998,0.93213
830,49808.27,1,0.21674413979053497,0.17608310282230377,0.25747,0.019832894206047058,6.582,-1.604,-0.049,109.994,0.93417
831,49871.97,1,0.21677644550800323,0.17695292830467224,0.25775,0.019890470430254936,6.587,-1.611,-0.054,109.974,0.9327
832,49936.33,1,0.21683438122272491,0.1776510775089264,0.2581,0.019648658111691475,6.592,-1.611,-0.057,109.974,0.9335
833,49984.3,1,0.21771973371505737,0.1777411848306656,0.25853,0.01927487924695015,6.566,-1.621,-0.062,109.974,0.933
834,50048.3,1,0.2178877592086792,0.17825596034526825,0.25926,0.01983451098203659,6.661,-1.617,-0.054,109.931,0.93366
835,50112.1,1,0.2173326313495636,0.17697201669216156,0.25933,0.019660718739032745,6.67,-1.595,-0.052,109.96,0.93291
836,50176.07,1,0.21928885579109192,0.17818348109722137,0.25862,0.019581379368901253,6.692,-1.579,-0.043,109.969,0.93259
837,50224.4,1,0.2197808474302292,0.17954084277153015,0.25838,0.01957482472062111,6.68,-1.581,-0.049,109.943,0.93319
838,50288.07,1,0.21955281496047974,0.1796073317527771,0.25806,0.019627762958407402,6.668,-1.58,-0.059,110.115,0.93254
839,50352.27,1,0.22140541672706604,0.17910444736480713,0.25837,0.019879739731550217,6.625,-1.604,-0.081,109.973,0.93302
840,50416.0,1,0.2179882973432541,0.180034339427948,0.25868,0.019833482801914215,6.638,-1.582,-0.1,109.988,0.93192
841,50464.3,1,0.21690011024475098,0.17992423474788666,0.25898,0.019819432869553566,6.651,-1.588,-0.101,110.003,0.93208
842,50528.43,1,0.21527409553527832,0.17928555607795715,0.25927,0.01968243159353733,6.65,-1.584,-0.09,110.003,0.93343
843,50591.97,1,0.2151629775762558,0.17903020977973938,0.25943,0.01993752270936966,6.633,-1.61,-0.102,110.009,0.93282
844,50656.07,1,0.21538671851158142,0.17950411140918732,0.25953,0.01973595842719078,6.591,-1.616,-0.107,110.003,0.93341
845,50704.3,1,0.2151961624622345,0.17884643375873566,0.25942,0.019652634859085083,6.599,-1.624,-0.101,110.03,0.93296
846,50768.27,1,0.2188471257686615,0.1784086376428604,0.25922,0.019810043275356293,6.545,-1.639,-0.071,109.988,0.9334
847,50832.37,1,0.21761520206928253,0.17780335247516632,0.25946,0.019492946565151215,6.561,-1.677,-0.087,109.995,0.93274
848,50896.0,1,0.2177582085132599,0.17664843797683716,0.26,0.019234435632824898,6.572,-1.663,-0.078,110.009,0.93275
849,50943.93,1,0.21829894185066223,0.1777440756559372,0.25989,0.01922393962740898,6.546,-1.664,-0.086,109.999,0.93268
850,51008.47,1,0.21813249588012695,0.17945833504199982,0.25908,0.019333167001605034,6.564,-1.665,-0.107,110.003,0.93291
851,51072.37,1,0.2185601443052292,0.18046994507312775,0.25941,0.019022371619939804,6.56,-1.651,-0.114,109.992,0.93317
852,51136.0,1,0.22695571184158325,0.1813931167125702,0.25862,0.018839582800865173,6.458,-1.676,-0.06,109.933,0.93306
853,51184.07,1,0.22451165318489075,0.18188345432281494,0.25869,0.018881123512983322,6.46,-1.679,-0.055,109.995,0.93316
854,51248.53,1,0.22150765359401703,0.18260431289672852,0.259,0.018692703917622566,6.466,-1.68,-0.053,109.988,0.93239
855,51311.93,1,0.2217932939529419,0.18405939638614655,0.25857,0.01921645551919937,6.416,-1.696,-0.082,109.989,0.93239
856,51375.97,1,0.22046014666557312,0.1849038302898407,0.25864,0.019117513671517372,6.415,-1.704,-0.086,109.994,0.93314
857,51423.97,1,0.21957793831825256,0.1843920350074768,0.2587,0.019144410267472267,6.433,-1.709,-0.077,109.995,0.93287
858,51488.0,1,0.21931764483451843,0.18351374566555023,0.25929,0.01924542896449566,6.451,-1.698,-0.079,109.982,0.93264
859,51551.97,1,0.21565836668014526,0.18330791592597961,0.25947,0.019069960340857506,6.517,-1.671,-0.089,109.971,0.9331
860,51616.03,1,0.21413491666316986,0.18234899640083313,0.25966,0.019568348303437233,6.551,-1.664,-0.095,109.971,0.93254
861,51664.27,1,0.21648117899894714,0.18218004703521729,0.25962,0.019902650266885757,6.533,-1.677,-0.088,109.943,0.93307
862,51728.37,1,0.20911189913749695,0.1826009303331375,0.25984,0.01933889649808407,6.593,-1.678,-0.147,109.971,0.9333
863,51792.0,1,0.20851419866085052,0.18125073611736298,0.26026,0.01912883296608925,6.575,-1.63,-0.153,109.937,0.93357
864,51856.3,1,0.2084864377975464,0.17922967672348022,0.26084,0.01908382587134838,6.596,-1.616,-0.159,109.947,0.93275
865,51904.27,1,0.2087898850440979,0.1796729862689972,0.2609,0.018780047073960304,6.605,-1.6,-0.164,109.957,0.93257
866,51968.3,1,0.209398090839386,0.1772543489933014,0.26113,0.019349727779626846,6.607,-1.608,-0.137,109.938,0.93361
867,52031.93,1,0.2122168242931366,0.17536227405071259,0.26095,0.019802972674369812,6.632,-1.651,-0.148,109.938,0.93314
868,52096.0,1,0.20783621072769165,0.17392075061798096,0.26114,0.019261959940195084,6.657,-1.647,-0.159,110.08,0.93315
869,52144.23,1,0.20766979455947876,0.17325949668884277,0.26169,0.01935260370373726,6.651,-1.64,-0.147,109.94,0.93313
870,52207.93,1,0.20605801045894623,0.17267227172851562,0.26128,0.01895974762737751,6.691,-1.63,-0.125,109.884,0.93276
871,52271.97,1,0.20547476410865784,0.17113280296325684,0.26099,0.018918771296739578,6.7,-1.566,-0.127,110.018,0.93331
872,52335.97,1,0.20826032757759094,0.17108969390392303,0.26078,0.018741536885499954,6.685,-1.563,-0.137,110.04,0.93268
873,52383.97,1,0.2093571424484253,0.1709509640932083,0.26046,0.018523266538977623,6.678,-1.547,-0.148,109.929,0.93234
874,52448.17,1,0.20779292285442352,0.17030881345272064,0.26071,0.018506305292248726,6.693,-1.536,-0.145,110.033,0.9328
875,52511.97,1,0.2066236138343811,0.16799017786979675,0.26084,0.018546538427472115,6.699,-1.546,-0.144,110.054,0.93227
876,52575.9,1,0.20812542736530304,0.16808058321475983,0.2607,0.018724290654063225,6.685,-1.545,-0.12,109.927,0.93364
877,52624.27,1,0.20826563239097595,0.16868756711483002,0.26052,0.018739281222224236,6.695,-1.539,-0.116,110.008,0.9328
878,52688.33,1,0.20710480213165283,0.16827906668186188,0.26119,0.0186826903373003,6.656,-1.519,-0.123,110.003,0.93331
879,52751.97,1,0.20761597156524658,0.1690148115158081,0.2611,0.01874026656150818,6.644,-1.516,-0.127,109.903,0.932
880,52816.0,1,0.20729567110538483,0.16927215456962585,0.26109,0.018573448061943054,6.665,-1.502,-0.126,109.992,0.93312
881,52864.17,1,0.20775485038757324,0.16959816217422485,0.26111,0.0186664666980505,6.717,-1.526,-0.119,109.987,0.93405
882,52927.93,1,0.20915347337722778,0.17023475468158722,0.26173,0.01898939348757267,6.752,-1.512,-0.111,109.911,0.93243
883,52991.97,1,0.2090173214673996,0.1693606674671173,0.26174,0.01925855129957199,6.766,-1.507,-0.1,110.0,0.93251
884,53056.07,1,0.20931734144687653,0.16952024400234222,0.26193,0.01928688772022724,6.775,-1.515,-0.091,110.031,0.93236
885,53104.37,1,0.20943404734134674,0.1697888970375061,0.26184,0.01930270902812481,6.843,-1.519,-0.072,109.913,0.93331
886,53168.27,1,0.21103116869926453,0.16912703216075897,0.26194,0.0191656444221735,6.866,-1.503,-0.049,109.995,0.93391
887,53232.0,1,0.21176029741764069,0.17119544744491577,0.26114,0.019134048372507095,6.845,-1.484,-0.049,109.975,0.93398
888,53295.93,1,0.21340662240982056,0.17286576330661774,0.26077,0.0187592301517725,6.827,-1.501,-0.033,109.876,0.93323
889,53344.27,1,0.21301595866680145,0.1727565973997116,0.26098,0.019198831170797348,6.852,-1.487,-0.033,109.962,0.93176
890,53408.3,1,0.21281525492668152,0.17326486110687256,0.26111,0.019157446920871735,6.855,-1.485,-0.042,109.958,0.93305
891,53472.27,1,0.2150408774614334,0.1746324896812439,0.2607,0.019575439393520355,6.813,-1.491,-0.06,109.883,0.93297
892,53535.97,1,0.21220745146274567,0.17491161823272705,0.26079,0.01959693431854248,6.83,-1.489,-0.071,109.974,0.93319
893,53584.1,1,0.2120356261730194,0.17383570969104767,0.261,0.01948990859091282,6.826,-1.48,-0.078,109.977,0.93303
894,53648.0,1,0.2123253345489502,0.17399729788303375,0.26049,0.019363312050700188,6.881,-1.489,-0.091,109.886,0.93193
895,53711.97,1,0.21113592386245728,0.17344693839550018,0.25997,0.018529973924160004,6.998,-1.478,-0.087,109.981,0.93295
896,53776.1,1,0.21196343004703522,0.17422065138816833,0.25982,0.018305620178580284,6.968,-1.502,-0.077,109.995,0.9338
897,53824.23,1,0.2113407403230667,0.17319199442863464,0.26107,0.018451441079378128,6.976,-1.504,-0.065,109.915,0.9333
898,53888.27,1,0.2111327350139618,0.17243172228336334,0.26134,0.018986159935593605,6.968,-1.507,-0.066,110.131,0.93268
899,53951.97,1,0.212489053606987,0.1736007034778595,0.26079,0.018941625952720642,7.023,-1.489,-0.062,109.886,0.93342
900,54016.1,1,0.21166320145130157,0.17174603044986725,0.26129,0.018850626423954964,6.96,-1.481,-0.086,109.933,0.93353
901,54064.0,1,0.21060004830360413,0.17298662662506104,0.26071,0.01871630735695362,6.985,-1.464,-0.087,109.949,0.93343
902,54128.37,1,0.20843155682086945,0.1722859889268875,0.26127,0.01886248029768467,6.969,-1.458,-0.09,109.905,0.93314
903,54191.97,1,0.20834802091121674,0.17261505126953125,0.26136,0.018729062750935555,7.002,-1.46,-0.066,109.917,0.93276
904,54256.0,1,0.20840603113174438,0.17200425267219543,0.26139,0.018753746524453163,7.016,-1.464,-0.057,109.918,0.93264
905,54304.07,1,0.20829489827156067,0.1722535789012909,0.26144,0.018686756491661072,7.017,-1.472,-0.06,109.92,0.93335
906,54368.23,1,0.20840731263160706,0.172463521361351,0.26158,0.018943829461932182,6.993,-1.448,-0.076,109.881,0.93281
907,54432.17,1,0.20866499841213226,0.17314517498016357,0.26155,0.018732164055109024,6.98,-1.452,-0.036,109.885,0.93335
908,54496.0,1,0.20911002159118652,0.17499414086341858,0.26089,0.018969310447573662,6.958,-1.464,-0.023,109.867,0.93433
909,54544.23,1,0.2088041454553604,0.17476557195186615,0.26092,0.018860843032598495,6.942,-1.467,0.004,109.864,0.93384
910,54607.97,1,0.20988591015338898,0.17348074913024902,0.26111,0.01863139308989048,6.961,-1.469,0.022,109.884,0.93489
911,54672.03,1,0.20941807329654694,0.17447181046009064,0.26098,0.018568258732557297,6.955,-1.476,0.043,109.898,0.93389
912,54735.93,1,0.21097233891487122,0.17408736050128937,0.26074,0.01886151172220707,6.95,-1.504,0.063,109.853,0.93643
913,54784.0,1,0.2106945514678955,0.17482605576515198,0.26006,0.01885850913822651,6.962,-1.489,0.066,109.872,0.93384
914,54848.0,1,0.2100289911031723,0.17385058104991913,0.26046,0.0189693421125412,6.943,-1.477,0.069,109.912,0.93329
915,54912.3,1,0.2095043659210205,0.17286904156208038,0.26148,0.019224664196372032,6.97,-1.474,0.089,109.883,0.93256
916,54975.93,1,0.20924261212348938,0.1730048656463623,0.26138,0.018935009837150574,6.99,-1.455,0.094,109.882,0.93347
917,55024.1,1,0.21041320264339447,0.1732812374830246,0.2609,0.018983079120516777,7.001,-1.454,0.088,109.909,0.93205
918,55088.0,1,0.21108956634998322,0.17433419823646545,0.26071,0.019290652126073837,7.004,-1.453,0.091,109.856,0.93445
919,55152.1,1,0.21054840087890625,0.1743324249982834,0.26081,0.018957627937197685,7.004,-1.453,0.088,109.867,0.93385
920,55216.0,1,0.21197660267353058,0.17560313642024994,0.26033,0.01878037489950657,7.003,-1.45,0.086,109.85,0.93573
921,55264.1,1,0.21086806058883667,0.174175426363945,0.26103,0.018762264400720596,7.014,-1.443,0.094,109.852,0.9342
922,55328.0,1,0.2102452516555786,0.17447113990783691,0.26124,0.018544945865869522,7.009,-1.451,0.096,109.872,0.934
923,55392.27,1,0.21033620834350586,0.17394571006298065,0.26145,0.018492665141820908,7.012,-1.476,0.095,109.856,0.93557
924,55455.97,1,0.21695074439048767,0.17685499787330627,0.26089,0.018460679799318314,6.977,-1.505,0.089,109.858,0.93375
925,55504.0,1,0.214980348944664,0.1769782304763794,0.26092,0.018591850996017456,6.972,-1.501,0.063,109.856,0.93372
926,55568.17,1,0.21646621823310852,0.17695343494415283,0.26001,0.018620451912283897,6.988,-1.503,0.039,109.849,0.9336
927,55632.03,1,0.21679730713367462,0.17497524619102478,0.26046,0.019174961373209953,6.968,-1.519,0.048,109.844,0.9328
928,55695.97,1,0.21566981077194214,0.17469578981399536,0.26069,0.018894867971539497,6.997,-1.508,0.046,109.993,0.93332
929,55744.23,1,0.3952644467353821,0.3023838400840759,0.17689,0.023931043222546577,7.108,-1.515,0.047,109.885,0.93413
930,55807.93,1,0.47489261627197266,0.4216826856136322,0.12726,0.02552434802055359,7.143,-1.454,0.059,109.843,0.9353
931,55872.23,1,0.45192477107048035,0.3893284797668457,0.1405,0.02567237801849842,7.156,-1.493,0.054,109.965,0.93368
932,55935.93,1,0.44166967272758484,0.35440680384635925,0.1499,0.025258976966142654,7.13,-1.494,0.031,109.974,0.93422
933,55983.97,1,0.3669199049472809,0.2994653284549713,0.17873,0.02382121980190277,7.188,-1.519,0.024,109.888,0.93354
934,56048.37,1,0.31113922595977783,0.26392999291419983,0.20264,0.022424176335334778,7.186,-1.526,0.004,109.96,0.93354
935,56112.03,1,0.28784504532814026,0.24493460357189178,0.21633,0.02134792134165764,7.179,-1.536,-0.012,109.945,0.93435
936,56175.9,1,0.2837270498275757,0.2405044287443161,0.22072,0.02142852358520031,7.161,-1.531,-0.066,109.861,0.9342
937,56224.27,1,0.2761251628398895,0.2305646389722824,0.2245,0.021434130147099495,7.197,-1.537,-0.087,109.924,0.93419
938,56288.43,1,0.24481111764907837,0.2139464020729065,0.23267,0.021799294278025627,7.19,-1.551,-0.084,109.925,0.93319
939,56352.37,1,0.2316388040781021,0.19282160699367523,0.23956,0.022161122411489487,7.173,-1.549,-0.11,109.845,0.93365
940,56416.0,1,0.22427880764007568,0.1825506091117859,0.24228,0.021512608975172043,7.183,-1.565,-0.113,109.943,0.9339
941,56464.1,1,0.21604496240615845,0.1758449822664261,0.24575,0.021172910928726196,7.18,-1.581,-0.107,109.934,0.93319
942,56528.0,1,0.21469461917877197,0.17150510847568512,0.24847,0.02075756900012493,7.145,-1.576,-0.123,109.846,0.93418
943,56591.97,1,0.2117127776145935,0.16905392706394196,0.25038,0.02051120065152645,7.126,-1.595,-0.127,109.936,0.93445
944,56656.07,1,0.21010877192020416,0.1679248809814453,0.25092,0.020167771726846695,7.122,-1.588,-0.135,109.967,0.93412
945,56704.03,1,0.2092045545578003,0.16688084602355957,0.25174,0.020293522626161575,7.1,-1.599,-0.132,109.8,0.93551
946,56768.2,1,0.20866656303405762,0.1661270260810852,0.25179,0.020393455401062965,7.096,-1.595,-0.134,109.919,0.93477
947,56832.07,1,0.2073841094970703,0.16439493000507355,0.25266,0.020436210557818413,7.055,-1.603,-0.134,109.91,0.93434
948,56896.0,1,0.20734275877475739,0.16099195182323456,0.25371,0.020673837512731552,7.062,-1.59,-0.138,109.835,0.93434
949,56944.03,1,0.2051733434200287,0.15940147638320923,0.25501,0.02082662098109722,7.044,-1.58,-0.137,109.936,0.93515
950,57008.47,1,0.2072087824344635,0.1622585505247116,0.25564,0.020690130069851875,7.047,-1.576,-0.117,109.929,0.93501
951,57072.0,1,0.22034379839897156,0.17419564723968506,0.25691,0.02028752490878105,7.011,-1.579,-0.071,109.852,0.93519
952,57136.03,1,0.2165633589029312,0.1769174039363861,0.25733,0.01983880251646042,6.948,-1.583,-0.041,109.95,0.9338
953,57184.4,1,0.2173060029745102,0.18014752864837646,0.25761,0.01962883584201336,6.932,-1.592,-0.009,109.945,0.93364
954,57248.53,1,0.2175692617893219,0.1789175122976303,0.25809,0.019236356019973755,6.904,-1.601,-0.021,109.866,0.93306
955,57312.23,1,0.21068939566612244,0.17678388953208923,0.26006,0.018559932708740234,6.925,-1.576,0.018,109.953,0.93451
956,57376.03,1,0.2113262414932251,0.17849703133106232,0.26008,0.018223358318209648,6.909,-1.555,0.024,109.951,0.9334
957,57424.37,1,0.21209384500980377,0.17738781869411469,0.26105,0.01781982183456421,6.872,-1.546,0.041,109.872,0.93397
958,57488.37,1,0.20888912677764893,0.17595717310905457,0.26177,0.01727040857076645,6.858,-1.532,0.035,110.107,0.93418
959,57552.0,1,0.2104802131652832,0.17585523426532745,0.26193,0.017775820568203926,6.85,-1.512,0.054,109.869,0.93596
960,57616.37,1,0.2105942815542221,0.17641058564186096,0.26186,0.017920903861522675,6.837,-1.509,0.041,109.851,0.93426
961,57664.03,1,0.2099614143371582,0.17580530047416687,0.26178,0.017983900383114815,6.81,-1.497,0.039,109.895,0.93382
962,57728.03,1,0.2109762579202652,0.1769809126853943,0.26206,0.018337266519665718,6.813,-1.499,0.037,109.881,0.93519
963,57792.0,1,0.21169811487197876,0.17757031321525574,0.262,0.01815054938197136,6.776,-1.497,0.037,109.867,0.93439
964,57856.07,1,0.21118062734603882,0.17699527740478516,0.26186,0.01821073144674301,6.732,-1.484,0.042,109.849,0.93483
965,57904.47,1,0.21019893884658813,0.17572425305843353,0.26246,0.018083063885569572,6.743,-1.482,0.05,109.868,0.93419
966,57968.17,1,0.2100503146648407,0.1733948290348053,0.26323,0.01804175414144993,6.773,-1.494,0.059,109.804,0.93416
967,58032.2,1,0.21229541301727295,0.17906326055526733,0.26162,0.018260754644870758,6.783,-1.526,0.068,109.83,0.93447
968,58096.1,1,0.21293002367019653,0.1788163036108017,0.26133,0.018251953646540642,6.794,-1.528,0.08,109.845,0.93362
969,58144.13,1,0.21522720158100128,0.18037532269954681,0.26031,0.018292434513568878,6.81,-1.54,0.081,109.847,0.93474
970,58208.03,1,0.21527643501758575,0.17957989871501923,0.26027,0.018070710822939873,6.746,-1.542,0.075,109.852,0.93366
971,58272.43,1,0.2150566130876541,0.1793787181377411,0.26032,0.018042616546154022,6.744,-1.553,0.069,109.855,0.93511
972,58336.1,1,0.21680746972560883,0.17953751981258392,0.25979,0.01834755577147007,6.74,-1.548,0.05,109.797,0.93387
973,58384.33,1,0.21557040512561798,0.1792534440755844,0.25969,0.018642619252204895,6.748,-1.547,0.04,109.827,0.93461
974,58448.47,1,0.21323704719543457,0.1773367077112198,0.2602,0.01844485104084015,6.831,-1.532,0.035,109.806,0.93407
975,58512.07,1,0.21179799735546112,0.1752150058746338,0.26158,0.01872423104941845,6.818,-1.5,0.011,109.778,0.93451
976,58576.03,1,0.21124789118766785,0.1751745641231537,0.2615,0.018983259797096252,6.837,-1.509,0.01,109.767,0.93361
977,58624.3,1,0.21325315535068512,0.17498935759067535,0.26097,0.018798446282744408,6.84,-1.525,0.017,109.767,0.93433
978,58688.03,1,0.21526780724525452,0.17421644926071167,0.26082,0.01858244650065899,6.823,-1.527,0.027,109.758,0.93394
979,58752.37,1,0.21485808491706848,0.17550848424434662,0.26019,0.018560418859124184,6.83,-1.526,0.021,109.794,0.93397
980,58816.03,1,0.21486853063106537,0.17455272376537323,0.26068,0.018517278134822845,6.841,-1.529,0.047,109.768,0.9338
981,58864.3,1,0.2143087238073349,0.1736995428800583,0.26106,0.018030278384685516,6.884,-1.542,0.055,109.747,0.93439
982,58928.03,1,0.2125619500875473,0.17351852357387543,0.26163,0.017893165349960327,6.905,-1.539,0.064,109.794,0.93376
983,58992.03,1,0.21213078498840332,0.1734730303287506,0.26184,0.01763848029077053,6.89,-1.557,0.063,109.806,0.93415
984,59056.0,1,0.2108285278081894,0.17362290620803833,0.26254,0.017685603350400925,6.912,-1.566,0.058,109.777,0.93399
985,59104.13,1,0.20988257229328156,0.1728222817182541,0.26231,0.017685091122984886,6.915,-1.568,0.05,109.787,0.93509
986,59168.0,1,0.4951854646205902,0.4168016016483307,0.12337,0.02576182596385479,6.98,-1.538,0.018,109.817,0.93353
987,59232.0,1,0.5387998223304749,0.5221757888793945,0.08444,0.02872447669506073,6.97,-1.502,0.081,109.803,0.9347
988,59296.07,1,0.517326831817627,0.499435156583786,0.09587,0.02859991043806076,6.933,-1.543,0.15,109.932,0.93477
989,59344.3,1,0.46238937973976135,0.4008867144584656,0.1308,0.026488380506634712,6.798,-1.593,0.067,109.752,0.93478
990,59408.43,1,0.39241060614585876,0.32374414801597595,0.16255,0.024930983781814575,6.81,-1.582,0.076,109.779,0.93334
991,59472.43,1,0.3143072724342346,0.2648143172264099,0.19763,0.0234995037317276,6.797,-1.566,0.072,109.761,0.93538
992,59536.1,1,0.2845939099788666,0.23800165951251984,0.21495,0.0229224544018507,6.788,-1.571,0.056,109.782,0.9345
993,59584.37,1,0.2577521800994873,0.22633440792560577,0.22567,0.02290932834148407,6.784,-1.571,0.068,109.735,0.93433
994,59648.53,1,0.25156641006469727,0.214568093419075,0.23024,0.022269276902079582,6.81,-1.546,0.038,109.77,0.93369
995,59712.1,1,0.24235941469669342,0.20948219299316406,0.23619,0.021377556025981903,6.812,-1.576,0.035,109.717,0.93328
996,59776.2,1,0.2367728352546692,0.20332497358322144,0.23955,0.02119027078151703,6.827,-1.601,0.026,109.709,0.93404
997,59824.37,1,0.23330840468406677,0.19592733681201935,0.24183,0.021015198901295662,6.873,-1.583,0.008,109.734,0.93399
998,59888.03,1,0.23120926320552826,0.19462119042873383,0.2435,0.020443351939320564,6.894,-1.568,0.003,109.748,0.93389
999,59952.07,1,0.23273895680904388,0.1952170729637146,0.24454,0.019909692928195,6.902,-1.572,0.004,109.729,0.93387
1000,60016.03,1,0.22622913122177124,0.19591403007507324,0.24747,0.02001497894525528,6.905,-1.585,0.012,109.74,0.9341
1001,60064.33,1,0.22564968466758728,0.19537124037742615,0.2481,0.020113250240683556,6.914,-1.59,0.008,109.736,0.93403
1002,60128.0,1,0.2243138700723648,0.19290198385715485,0.24971,0.020256374031305313,6.894,-1.594,0.02,109.709,0.93574
1003,60191.97,1,0.22168931365013123,0.19229651987552643,0.25054,0.019874563440680504,6.886,-1.582,0.034,109.746,0.93414
1004,60256.0,1,0.22171978652477264,0.19194023311138153,0.25077,0.01958858035504818,6.906,-1.583,0.047,109.753,0.93373
1005,60304.3,1,0.22001662850379944,0.19204756617546082,0.25209,0.019608857110142708,6.929,-1.59,0.07,109.745,0.93401
1006,60367.97,1,0.21709465980529785,0.1888343095779419,0.25394,0.020008837804198265,6.901,-1.609,0.069,109.763,0.93408
1007,60432.0,1,0.21704554557800293,0.18762238323688507,0.25417,0.019871681928634644,6.893,-1.595,0.082,109.733,0.9336
1008,60495.93,1,0.21669535338878632,0.18752674758434296,0.2544,0.01984429731965065,6.908,-1.58,0.069,109.74,0.93343
1009,60544.0,1,0.21614602208137512,0.18588446080684662,0.25507,0.019952045753598213,6.913,-1.581,0.077,109.727,0.93392
1010,60608.0,1,0.21736210584640503,0.1861254721879959,0.25515,0.01969026029109955,6.92,-1.587,0.083,109.739,0.93395
1011,60671.93,1,0.21951669454574585,0.18565267324447632,0.25485,0.01952044665813446,6.928,-1.585,0.08,109.721,0.93404
1012,60736.07,1,0.21746839582920074,0.18330930173397064,0.25653,0.019710494205355644,6.93,-1.593,0.093,109.722,0.93459
1013,60784.3,1,0.21656839549541473,0.1814284771680832,0.25696,0.019568946212530136,6.898,-1.579,0.088,109.746,0.93492
1014,60847.97,1,0.2189880907535553,0.18071700632572174,0.25717,0.019634505733847618,6.827,-1.644,0.098,109.682,0.93602
1015,60912.1,1,0.21905706822872162,0.17969411611557007,0.25754,0.019376246258616447,6.851,-1.649,0.108,109.716,0.93459
1016,60976.03,1,0.21741361916065216,0.18044903874397278,0.2579,0.019107870757579803,6.799,-1.63,0.094,109.71,0.93475
1017,61023.97,1,0.21880638599395752,0.18099923431873322,0.25746,0.01943233609199524,6.803,-1.631,0.1,109.677,0.93527
1018,61088.4,1,0.21785111725330353,0.18159304559230804,0.25737,0.019534338265657425,6.904,-1.601,0.095,109.834,0.93419
1019,61152.03,1,0.22016268968582153,0.18153832852840424,0.25716,0.019549857825040817,6.936,-1.592,0.089,109.646,0.93524
1020,61216.03,1,0.21987617015838623,0.17706574499607086,0.25682,0.01955314911901951,6.951,-1.575,0.046,109.664,0.93518
1021,61264.07,1,0.21923063695430756,0.17685802280902863,0.25678,0.019412359222769737,6.981,-1.533,0.046,109.757,0.93444
1022,61328.13,1,0.2192758172750473,0.17667722702026367,0.25686,0.01938818022608757,6.969,-1.554,0.064,109.733,0.93573
1023,61392.03,1,0.22126172482967377,0.17547033727169037,0.25723,0.01989525929093361,6.944,-1.557,0.076,109.625,0.93625
1024,61456.1,1,0.21761839091777802,0.17520859837532043,0.25773,0.019809963181614876,6.959,-1.557,0.061,109.756,0.9352
1025,61504.5,1,0.21721816062927246,0.17531174421310425,0.25798,0.01963316835463047,6.959,-1.557,0.066,109.721,0.93668
1026,61568.6,1,0.21917439997196198,0.1755433827638626,0.25805,0.019719848409295082,6.919,-1.583,0.064,109.657,0.93689
1027,61632.13,1,0.2158733308315277,0.17518989741802216,0.25806,0.019434573128819466,6.953,-1.604,0.078,109.759,0.93497
1028,61696.03,1,0.22026997804641724,0.1779123991727829,0.25763,0.019256193190813065,6.93,-1.602,0.085,109.768,0.93499
1029,61744.33,1,0.2195107489824295,0.17723508179187775,0.25823,0.019006310030817986,6.927,-1.622,0.094,109.641,0.93539
1030,61808.0,1,0.22011585533618927,0.1771124303340912,0.25801,0.01881001889705658,6.889,-1.658,0.087,109.758,0.93446
1031,61872.03,1,0.21708334982395172,0.17539526522159576,0.25934,0.018620207905769348,6.887,-1.66,0.083,109.763,0.93414
1032,61936.0,1,0.21358110010623932,0.17241999506950378,0.26109,0.01852230168879032,6.892,-1.661,0.087,109.636,0.93383
1033,61984.37,1,0.21270214021205902,0.17170824110507965,0.26128,0.01865505427122116,6.861,-1.653,0.075,109.735,0.93404
1034,62048.5,1,0.21243636310100555,0.17164592444896698,0.26125,0.018764281645417213,6.835,-1.634,0.066,109.742,0.93416
1035,62112.03,1,0.21392276883125305,0.1665320098400116,0.26205,0.019986862316727638,6.783,-1.606,0.025,109.658,0.93325
1036,62176.0,1,0.2128566950559616,0.1665852814912796,0.26219,0.019586296752095222,6.837,-1.6,0.034,109.722,0.9341
1037,62224.07,1,0.21046645939350128,0.166514053940773,0.26224,0.019452033564448357,6.824,-1.575,0.02,109.717,0.93506
1038,62287.97,1,0.21240033209323883,0.16628065705299377,0.26218,0.019708840176463127,6.831,-1.589,0.006,109.655,0.93478
1039,62352.4,1,0.20931483805179596,0.16585275530815125,0.26148,0.01982143335044384,6.821,-1.584,0.009,109.725,0.93477
1040,62416.07,1,0.21458591520786285,0.16910305619239807,0.25919,0.019558202475309372,6.816,-1.548,-0.004,109.726,0.93422
1041,62464.3,1,0.39505791664123535,0.3593055307865143,0.15947,0.026180963963270187,6.95,-1.514,0.041,109.642,0.9339
1042,62528.23,1,0.4871934652328491,0.45312219858169556,0.11255,0.0290616936981678,6.956,-1.495,0.109,109.75,0.93432
1043,62592.2,1,0.43515515327453613,0.43170449137687683,0.13164,0.029376348480582237,6.888,-1.567,0.165,109.766,0.93291
1044,62656.0,1,0.3718336522579193,0.350597620010376,0.16922,0.02704903855919838,6.72,-1.616,0.106,109.639,0.93364
1045,62704.33,1,0.3502736985683441,0.3076561391353607,0.18317,0.026010552421212196,6.772,-1.597,0.088,109.707,0.93503
1046,62768.63,1,0.3080645203590393,0.2625996768474579,0.20681,0.024087533354759216,6.822,-1.604,0.09,109.734,0.93503
1047,62832.07,1,0.29361268877983093,0.2405228167772293,0.21773,0.02272653765976429,6.802,-1.596,0.074,109.606,0.93575
1048,62896.07,1,0.2747168242931366,0.22990891337394714,0.22656,0.022216765210032463,6.797,-1.59,0.081,109.823,0.93412
1049,62944.0,1,0.2696158289909363,0.2237766981124878,0.23074,0.02204112336039543,6.79,-1.58,0.076,109.61,0.93439
1050,63008.4,1,0.2603391706943512,0.21729782223701477,0.2344,0.021395307034254074,6.819,-1.559,0.108,109.613,0.93486
1051,63072.03,1,0.2556045949459076,0.2129318118095398,0.23761,0.020815614610910416,6.834,-1.56,0.099,109.64,0.93466
1052,63136.07,1,0.24983659386634827,0.20737527310848236,0.24175,0.020500406622886658,6.82,-1.576,0.111,109.603,0.93607
1053,63184.33,1,0.2475871741771698,0.20616193115711212,0.24275,0.020734239369630814,6.792,-1.596,0.113,109.635,0.93556
1054,63248.23,1,0.24485839903354645,0.2039288431406021,0.24441,0.020145699381828308,6.784,-1.604,0.115,109.591,0.9357
1055,63312.23,1,0.24324746429920197,0.20411956310272217,0.24532,0.020163418725132942,6.778,-1.615,0.12,109.593,0.93666
1056,63376.0,1,0.243108332157135,0.2023850530385971,0.24633,0.019944148138165474,6.761,-1.592,0.123,109.559,0.93562
1057,63424.3,1,0.23864366114139557,0.20185044407844543,0.24741,0.01955879107117653,6.77,-1.584,0.13,109.637,0.93575
1058,63488.03,1,0.23616430163383484,0.19922560453414917,0.24789,0.01943819783627987,6.786,-1.56,0.129,109.639,0.93584
1059,63552.4,1,0.23107671737670898,0.19452059268951416,0.24984,0.019436849281191826,6.785,-1.546,0.132,109.626,0.93516
1060,63616.1,1,0.22975046932697296,0.19275741279125214,0.25019,0.01948024146258831,6.768,-1.532,0.123,109.649,0.93443
1061,63664.43,1,0.22770966589450836,0.19210107624530792,0.25095,0.01988489180803299,6.77,-1.544,0.121,109.658,0.93507
1062,63728.13,1,0.22895172238349915,0.1904234141111374,0.25106,0.019741754978895187,6.754,-1.537,0.128,109.645,0.93364
1063,63792.13,1,0.22609616816043854,0.1851150244474411,0.25261,0.019740857183933258,6.734,-1.519,0.102,109.65,0.93664
1064,63856.07,1,0.22661451995372772,0.18381012976169586,0.25386,0.01960168406367302,6.671,-1.538,0.089,109.654,0.93467
1065,63904.3,1,0.22836531698703766,0.1861242800951004,0.25386,0.019985564053058624,6.654,-1.504,0.075,109.628,0.93519
1066,63968.7,1,0.22669334709644318,0.18536697328090668,0.25417,0.02006867527961731,6.698,-1.481,0.064,109.633,0.93467
1067,64031.97,1,0.22273515164852142,0.18515075743198395,0.25512,0.019131246954202652,6.725,-1.534,0.075,109.642,0.93514
1068,64096.0,1,0.22161740064620972,0.18404212594032288,0.25666,0.01951233670115471,6.676,-1.624,0.111,109.622,0.93485
1069,64144.33,1,0.2184852808713913,0.1854577362537384,0.25613,0.019630081951618195,6.757,-1.629,0.128,109.633,0.93546
1070,64208.4,1,0.21549169719219208,0.18602949380874634,0.25629,0.0192558616399765,6.764,-1.625,0.138,109.625,0.93547
1071,64272.0,1,0.21445199847221375,0.18619629740715027,0.2571,0.01916479505598545,6.735,-1.644,0.129,109.61,0.936
1072,64336.17,1,0.21509869396686554,0.1890815943479538,0.25552,0.019263623282313347,6.792,-1.615,0.082,109.638,0.93515
1073,64384.4,1,0.21494118869304657,0.18860504031181335,0.25566,0.019322697073221207,6.808,-1.638,0.089,109.642,0.93473
1074,64448.4,1,0.21517141163349152,0.18752337992191315,0.25564,0.019054651260375977,6.818,-1.636,0.097,109.618,0.93377
1075,64512.07,1,0.21523050963878632,0.18752393126487732,0.25554,0.01891806349158287,6.818,-1.634,0.098,109.621,0.93516
1076,64576.13,1,0.21622724831104279,0.18771037459373474,0.25543,0.018899502232670784,6.824,-1.628,0.093,109.614,0.9359
1077,64624.23,1,0.21700656414031982,0.18790273368358612,0.25534,0.018785562366247177,6.869,-1.619,0.1,109.594,0.93651
1078,64688.1,1,0.21369193494319916,0.1843135952949524,0.25679,0.01854506880044937,6.874,-1.616,0.12,109.719,0.93606
1079,64752.27,1,0.2155231386423111,0.18008054792881012,0.25751,0.01854281686246395,6.819,-1.618,0.14,109.582,0.93576
1080,64816.03,1,0.21715857088565826,0.18056683242321014,0.2566,0.01900675520300865,6.787,-1.594,0.138,109.564,0.93544
1081,64864.3,1,0.21589462459087372,0.18009737133979797,0.25677,0.01901460997760296,6.815,-1.592,0.145,109.674,0.9348
1082,64928.03,1,0.21522514522075653,0.17906029522418976,0.25647,0.01896039955317974,6.837,-1.591,0.139,109.67,0.93537
1083,64992.37,1,0.2165130078792572,0.17922556400299072,0.25677,0.019094161689281464,6.829,-1.602,0.136,109.577,0.93532
1084,65056.1,1,0.21528980135917664,0.17935045063495636,0.25675,0.018926255404949188,6.856,-1.628,0.132,109.68,0.93514
1085,65104.47,1,0.2143525928258896,0.17875003814697266,0.25707,0.01904411055147648,6.845,-1.632,0.129,109.669,0.9356
1086,65168.23,1,0.21375247836112976,0.17997561395168304,0.25725,0.01853770948946476,6.871,-1.674,0.123,109.616,0.93443
1087,65232.17,1,0.21239443123340607,0.17899879813194275,0.25736,0.018179256469011307,6.904,-1.678,0.104,109.661,0.93543
1088,65296.4,1,0.21239782869815826,0.17943091690540314,0.25747,0.01806974783539772,6.908,-1.678,0.113,109.684,0.93493
1089,65344.33,1,0.22724808752536774,0.1976281851530075,0.24731,0.019029518589377403,7.117,-1.654,0.078,109.562,0.93592
1090,65408.2,1,0.5476985573768616,0.49783164262771606,0.09509,0.02523287758231163,7.016,-1.599,-0.012,109.703,0.93563
1091,65472.17,1,0.4814750850200653,0.45959463715553284,0.11159,0.02429470792412758,7.074,-1.586,0.037,109.69,0.93543
1092,65536.07,1,0.4057101607322693,0.3653310537338257,0.14657,0.02324310503900051,7.012,-1.578,0.037,109.626,0.93394
1093,65584.47,1,0.3717254400253296,0.31827878952026367,0.16611,0.02230377309024334,6.978,-1.589,0.043,109.655,0.93603
1094,65648.07,1,0.3099989593029022,0.2738852798938751,0.19627,0.021160246804356575,6.953,-1.613,0.068,109.661,0.93485
1095,65712.07,1,0.280647873878479,0.24841110408306122,0.21387,0.021129965782165527,6.924,-1.646,0.038,109.531,0.9356
1096,65776.13,1,0.26916101574897766,0.22721952199935913,0.22294,0.02055446058511734,6.931,-1.629,0.016,109.63,0.93569
1097,65824.43,1,0.2575888931751251,0.22110281884670258,0.22934,0.020411720499396324,6.915,-1.6,0.035,109.66,0.93572
1098,65888.3,1,0.25349974632263184,0.21169514954090118,0.23537,0.019910259172320366,6.869,-1.607,0.048,109.599,0.93542
1099,65952.07,1,0.24779607355594635,0.20477540791034698,0.23812,0.019860224798321724,6.831,-1.609,0.044,109.666,0.93573
1100,66016.13,1,0.24328039586544037,0.19432273507118225,0.24243,0.019825907424092293,6.816,-1.596,0.037,109.686,0.93544
1101,66064.37,1,0.23864451050758362,0.19248783588409424,0.24397,0.020024599507451057,6.777,-1.591,0.029,109.539,0.93766
1102,66128.43,1,0.2326434701681137,0.18935783207416534,0.24569,0.01994098350405693,6.777,-1.592,0.028,109.643,0.93726
1103,66192.1,1,0.2304195761680603,0.18789130449295044,0.24766,0.02033017948269844,6.764,-1.598,0.048,109.647,0.93517
1104,66256.07,1,0.23250813782215118,0.1885039359331131,0.24838,0.021246125921607018,6.778,-1.646,0.079,109.543,0.93668
1105,66304.13,1,0.23043109476566315,0.18510816991329193,0.24887,0.02098480798304081,6.806,-1.636,0.062,109.644,0.93526
1106,66368.37,1,0.22967368364334106,0.18358419835567474,0.24986,0.020777231082320213,6.799,-1.608,0.088,109.652,0.93485
1107,66432.03,1,0.2291622757911682,0.18052487075328827,0.25073,0.020430807024240494,6.787,-1.604,0.081,109.544,0.93508
1108,66496.13,1,0.22355832159519196,0.17953144013881683,0.2521,0.020184511318802834,6.848,-1.601,0.108,109.78,0.93496
1109,66544.23,1,0.2194254994392395,0.17997924983501434,0.25408,0.019891120493412018,6.88,-1.582,0.126,109.552,0.93538
1110,66608.33,1,0.21913911402225494,0.1811193823814392,0.25467,0.019687924534082413,6.814,-1.658,0.139,109.557,0.93638
1111,66672.3,1,0.21502992510795593,0.18180574476718903,0.2551,0.0196626428514719,6.854,-1.644,0.133,109.582,0.93583
1112,66736.2,1,0.21657875180244446,0.18589946627616882,0.25506,0.019193599000573158,6.849,-1.638,0.119,109.606,0.9348
1113,66784.17,1,0.21599836647510529,0.1856316328048706,0.25523,0.0193736981600523,6.874,-1.623,0.11,109.578,0.93639
1114,66848.23,1,0.21628735959529877,0.18607671558856964,0.25529,0.01910395547747612,6.888,-1.617,0.105,109.625,0.93573
1115,66912.2,1,0.21792052686214447,0.18724651634693146,0.25536,0.0189275573939085,6.887,-1.625,0.094,109.602,0.93556
1116,66976.2,1,0.2231372743844986,0.18866240978240967,0.25428,0.019388265907764435,6.886,-1.575,0.086,109.591,0.93584
1117,67024.53,1,0.22266575694084167,0.18834830820560455,0.25439,0.019390253350138664,6.894,-1.566,0.095,109.603,0.9355
1118,67088.27,1,0.22213836014270782,0.18816962838172913,0.25439,0.019283795729279518,6.893,-1.562,0.087,109.572,0.93594
1119,67152.1,1,0.2199518233537674,0.18774309754371643,0.25595,0.019976716488599777,6.901,-1.617,0.104,109.553,0.93577
1120,67216.13,1,0.21716775000095367,0.1856609731912613,0.2572,0.0200425386428833,6.889,-1.607,0.117,109.574,0.93558
1121,67264.43,1,0.21646180748939514,0.1857605278491974,0.2573,0.01995794102549553,6.869,-1.612,0.118,109.583,0.93519
1122,67328.53,1,0.2173973172903061,0.1863875687122345,0.25703,0.01970391534268856,6.799,-1.634,0.086,109.564,0.93533
1123,67392.4,1,0.2136775255203247,0.1841537207365036,0.25762,0.01973298005759716,6.808,-1.617,0.081,109.553,0.93514
1124,67456.27,1,0.2129058986902237,0.18345411121845245,0.25811,0.019234664738178253,6.763,-1.622,0.067,109.539,0.93622
1125,67504.2,1,0.21485687792301178,0.18312498927116394,0.25811,0.019600067287683487,6.715,-1.63,0.074,109.551,0.93539
1126,67568.5,1,0.21255332231521606,0.18380524218082428,0.25836,0.01934892125427723,6.75,-1.637,0.046,109.578,0.93657
1127,67632.43,1,0.21001867949962616,0.18182949721813202,0.25916,0.019415391609072685,6.74,-1.641,0.05,109.582,0.936
1128,67696.2,1,0.21282416582107544,0.18118232488632202,0.25886,0.019744830206036568,6.688,-1.628,0.032,109.555,0.93624
1129,67744.47,1,0.21185651421546936,0.18225574493408203,0.25847,0.019546082243323326,6.735,-1.601,0.038,109.537,0.93674
1130,67808.33,1,0.21231617033481598,0.1814991533756256,0.25846,0.01939707063138485,6.768,-1.573,0.045,109.566,0.9358
1131,67872.4,1,0.2128107249736786,0.1805001199245453,0.25864,0.019559668377041817,6.855,-1.55,0.058,109.574,0.93518
1132,67936.13,1,0.21237550675868988,0.17978504300117493,0.25886,0.019197974354028702,6.822,-1.555,0.073,109.56,0.93522
1133,67984.5,1,0.21023347973823547,0.1794966757297516,0.25933,0.01895769312977791,6.824,-1.556,0.081,109.556,0.93631
1134,68048.6,1,0.20739002525806427,0.17773865163326263,0.26082,0.01897784136235714,6.791,-1.573,0.083,109.524,0.93494
1135,68112.03,1,0.20237886905670166,0.17664667963981628,0.26195,0.019117582589387894,6.753,-1.588,0.082,109.533,0.9366
1136,68176.1,1,0.20133212208747864,0.17604763805866241,0.26213,0.019523225724697113,6.73,-1.597,0.083,109.53,0.93564
1137,68224.43,1,0.2013963758945465,0.17615756392478943,0.26214,0.019742295145988464,6.773,-1.575,0.074,109.517,0.93541
1138,68288.43,1,0.20069155097007751,0.1765214055776596,0.26206,0.01966198906302452,6.794,-1.58,0.078,109.678,0.9349
1139,68352.07,1,0.20678798854351044,0.17874585092067719,0.26131,0.019677583128213882,6.728,-1.568,0.081,109.511,0.93559
1140,68416.1,1,0.19672729074954987,0.17337408661842346,0.26351,0.019714420661330223,6.753,-1.581,0.075,109.551,0.93554
1141,68464.43,1,0.1932315230369568,0.17162269353866577,0.26393,0.019381757825613022,6.803,-1.597,0.076,109.534,0.93575
1142,68528.13,1,0.19901199638843536,0.17131716012954712,0.26258,0.019362038001418114,6.812,-1.593,0.072,109.56,0.93613
1143,68592.07,1,0.20136886835098267,0.17233037948608398,0.26231,0.018959473818540573,6.842,-1.628,0.111,109.554,0.93474
1144,68656.17,1,0.20079490542411804,0.17203201353549957,0.26283,0.01870599575340748,6.802,-1.618,0.102,109.524,0.93732
1145,68704.27,1,0.20108680427074432,0.1720878928899765,0.26277,0.01878625899553299,6.8,-1.615,0.102,109.529,0.9369
1146,68768.17,1,0.20082050561904907,0.1727895885705948,0.26306,0.01868162490427494,6.8,-1.613,0.1,109.485,0.93678
1147,68832.1,1,0.2002912312746048,0.172943577170372,0.26305,0.018601343035697937,6.831,-1.608,0.088,109.505,0.93722
1148,68896.1,1,0.20088045299053192,0.1728159487247467,0.26277,0.01874999701976776,6.821,-1.597,0.089,109.469,0.9376
1149,68944.03,1,0.20273298025131226,0.17342324554920197,0.26242,0.019154809415340424,6.83,-1.584,0.081,109.443,0.9381
1150,69008.37,1,0.20301194489002228,0.17391179502010345,0.26211,0.01925613358616829,6.84,-1.568,0.087,109.483,0.9375
1151,69072.37,1,0.2035653293132782,0.1730332374572754,0.26197,0.01936480589210987,6.811,-1.57,0.08,109.509,0.93655
1152,69136.07,1,0.20595933496952057,0.17385441064834595,0.26178,0.01941821351647377,6.767,-1.567,0.08,109.465,0.9378
1153,69184.07,1,0.20345622301101685,0.17380839586257935,0.26192,0.019326355308294296,6.769,-1.571,0.073,109.516,0.93693
1154,69248.03,1,0.2090817242860794,0.18289627134799957,0.25813,0.02010645531117916,6.843,-1.55,0.047,109.486,0.93745
1155,69312.07,1,0.6108940839767456,0.5046434998512268,0.08535,0.026534274220466614,6.709,-1.48,-0.103,109.495,0.93729
1156,69376.2,1,0.5736297369003296,0.5017072558403015,0.07667,0.028766199946403503,6.681,-1.438,-0.096,109.532,0.93696
1157,69424.5,1,0.5354424715042114,0.4773217737674713,0.09278,0.028976118192076683,6.573,-1.496,-0.085,109.529,0.93694
1158,69488.37,1,0.46431082487106323,0.35265499353408813,0.13147,0.02698330022394657,6.622,-1.491,-0.08,109.51,0.93531
1159,69552.1,1,0.3703039586544037,0.29220253229141235,0.16837,0.024944467470049858,6.602,-1.533,-0.037,109.51,0.93556
1160,69616.1,1,0.3027496635913849,0.25514301657676697,0.19922,0.02355753257870674,6.584,-1.533,-0.006,109.533,0.93607
1161,69664.37,1,0.2710607647895813,0.23676595091819763,0.21435,0.023154251277446747,6.64,-1.501,0.005,109.502,0.93444
1162,69728.13,1,0.2523009181022644,0.21848884224891663,0.22581,0.022269368171691895,6.611,-1.506,0.033,109.52,0.93502
1163,69792.1,1,0.23746834695339203,0.21512587368488312,0.23331,0.02203645184636116,6.6,-1.557,0.052,109.511,0.93622
1164,69856.2,1,0.23492220044136047,0.20068486034870148,0.2381,0.021876772865653038,6.558,-1.554,0.006,109.48,0.93523
1165,69904.17,1,0.2329876869916916,0.1928243190050125,0.24077,0.02158147096633911,6.575,-1.539,-0.002,109.509,0.93625
1166,69968.23,1,0.22593508660793304,0.19043827056884766,0.24387,0.02157060243189335,6.58,-1.541,0.023,109.482,0.93573
1167,70032.6,1,0.22900091111660004,0.19169950485229492,0.2444,0.021560411900281906,6.606,-1.558,0.032,109.445,0.93564
1168,70096.23,1,0.2294122874736786,0.1906883418560028,0.24431,0.0210226122289896,6.621,-1.54,0.039,109.639,0.9357
1169,70144.43,1,0.2295013964176178,0.1898844838142395,0.24498,0.02079719677567482,6.592,-1.565,0.043,109.45,0.93633
1170,70208.33,1,0.22542640566825867,0.18951384723186493,0.24616,0.020767008885741234,6.672,-1.573,0.066,109.456,0.93632
1171,70272.3,1,0.2915075719356537,0.21259567141532898,0.22351,0.022147146984934807,6.731,-1.508,-0.0,109.565,0.93603
1172,70336.13,1,0.6785058975219727,0.614194393157959,0.04955,0.0274663008749485,6.435,-1.524,0.022,109.618,0.93604
1173,70384.27,1,0.7404682636260986,0.6790018081665039,0.03329,0.02596055343747139,6.089,-1.474,0.078,109.505,0.93603
1174,70448.23,1,0.7164992690086365,0.6870476603507996,0.0288,0.025000613182783127,5.994,-1.503,0.087,109.587,0.93591
1175,70512.5,1,0.6815934181213379,0.6330291628837585,0.03096,0.025711236521601677,6.045,-1.498,0.085,109.562,0.93622
1176,70576.1,1,0.6341630220413208,0.6169052124023438,0.03705,0.028197720646858215,6.251,-1.386,0.111,109.441,0.93675
1177,70624.3,1,0.47447818517684937,0.42505550384521484,0.10981,0.026135308668017387,6.398,-1.464,0.114,109.532,0.93529
1178,70688.13,1,0.37183988094329834,0.3013566732406616,0.16919,0.023889921605587006,6.509,-1.524,0.093,109.525,0.93596
1179,70752.33,1,0.3581587076187134,0.27481746673583984,0.18495,0.023198049515485764,6.591,-1.564,0.069,109.438,0.93546
1180,70816.2,1,0.49856242537498474,0.409164696931839,0.12229,0.02626180276274681,6.605,-1.577,0.046,109.553,0.93652
1181,70864.37,1,0.6952508091926575,0.6219351887702942,0.04539,0.026871031150221825,6.31,-1.474,-0.038,109.543,0.93692
1182,70928.03,1,0.67577064037323,0.6383476853370667,0.03955,0.026819361373782158,6.332,-1.453,0.007,109.44,0.93771
1183,70992.13,1,0.6024584770202637,0.5774248838424683,0.05522,0.02807563543319702,6.45,-1.439,0.014,109.55,0.93642
1184,71056.2,1,0.39829015731811523,0.35888969898223877,0.1444,0.025474071502685547,6.534,-1.507,0.012,109.553,0.93566
1185,71104.43,1,0.2806074023246765,0.253659725189209,0.20521,0.02397502213716507,6.719,-1.572,-0.049,109.473,0.93497
1186,71168.37,1,0.23276066780090332,0.19392062723636627,0.23806,0.02257213182747364,6.738,-1.583,-0.061,109.563,0.93396
1187,71232.2,1,0.21912400424480438,0.19094060361385345,0.24693,0.02132507413625717,6.825,-1.592,-0.031,109.557,0.93515
1188,71296.4,1,0.22530807554721832,0.1797124147415161,0.25154,0.02259569615125656,6.719,-1.638,-0.022,109.463,0.93522
1189,71344.43,1,0.21685679256916046,0.17631877958774567,0.25458,0.021987317129969597,6.739,-1.63,-0.008,109.548,0.93569
1190,71408.57,1,0.21307173371315002,0.17574360966682434,0.25699,0.02161973901093006,6.723,-1.599,-0.006,109.518,0.93573
1191,71472.17,1,0.21562570333480835,0.17309878766536713,0.25784,0.02158895879983902,6.706,-1.594,-0.019,109.417,0.93797
1192,71536.13,1,0.21528980135917664,0.1728745549917221,0.25813,0.02112824097275734,6.708,-1.562,-0.015,109.502,0.93769
1193,71584.5,1,0.2129976749420166,0.1730382889509201,0.25869,0.02077430672943592,6.721,-1.564,-0.019,109.506,0.93666
1194,71648.5,1,0.21378974616527557,0.17426109313964844,0.25903,0.020966432988643646,6.689,-1.582,-0.017,109.424,0.93604
1195,71712.1,1,0.21257466077804565,0.17446978390216827,0.25902,0.020226700231432915,6.697,-1.58,-0.014,109.513,0.93652
1196,71776.13,1,0.21210114657878876,0.17326170206069946,0.25944,0.01987457275390625,6.654,-1.606,-0.003,109.5,0.93607
1197,71824.5,1,0.21266835927963257,0.17388395965099335,0.25945,0.01935512013733387,6.632,-1.646,-0.003,109.392,0.93632
1198,71888.53,1,0.21122005581855774,0.17362646758556366,0.25967,0.019232461228966713,6.633,-1.654,0.001,109.652,0.93465
1199,71952.07,1,0.21240587532520294,0.17505218088626862,0.25959,0.019560011103749275,6.623,-1.666,-0.015,109.466,0.93404
1200,72016.23,1,0.21128994226455688,0.1741035133600235,0.25949,0.01918650045990944,6.694,-1.591,0.001,109.43,0.93567
1201,72064.53,1,0.21132515370845795,0.1733395755290985,0.25925,0.01918095350265503,6.717,-1.575,0.01,109.519,0.93539
1202,72128.57,1,0.21470780670642853,0.17289677262306213,0.25877,0.019042428582906723,6.735,-1.57,0.013,109.53,0.93506
1203,72192.13,1,0.21690133213996887,0.17350903153419495,0.25868,0.01926058530807495,6.704,-1.559,0.008,109.44,0.93382
1204,72256.23,1,0.2138015478849411,0.17246443033218384,0.25945,0.01950671337544918,6.699,-1.577,0.003,109.53,0.93431
1205,72304.17,1,0.2160157710313797,0.17150403559207916,0.26019,0.019568035379052162,6.672,-1.588,0.016,109.525,0.93477
1206,72368.27,1,0.21684685349464417,0.17119301855564117,0.26033,0.019559020176529884,6.677,-1.59,0.025,109.428,0.93527
1207,72432.2,1,0.2159777730703354,0.1719864010810852,0.26008,0.019700342789292336,6.714,-1.578,0.031,109.528,0.93528
1208,72496.13,1,0.21646715700626373,0.1720440685749054,0.25995,0.019729169085621834,6.687,-1.583,0.034,109.531,0.93521
1209,72560.37,1,0.21688930690288544,0.17239758372306824,0.26013,0.020078634843230247,6.672,-1.578,0.034,109.418,0.93552
1210,72608.2,1,0.2165536880493164,0.17353831231594086,0.25962,0.019792411476373672,6.735,-1.562,0.046,109.542,0.93515
1211,72672.33,1,0.21561743319034576,0.17297396063804626,0.25991,0.019844790920615196,6.755,-1.555,0.066,109.524,0.93503
1212,72736.13,1,0.22006314992904663,0.17540931701660156,0.25934,0.020370617508888245,6.754,-1.588,0.081,109.425,0.93574
1213,72800.1,1,0.21540312469005585,0.1773701310157776,0.25912,0.020268002524971962,6.872,-1.533,0.046,109.503,0.93598
1214,72848.4,1,0.21530428528785706,0.17617623507976532,0.25913,0.020280426368117332,6.889,-1.531,0.064,109.539,0.93524
1215,72912.13,1,0.21910294890403748,0.17884035408496857,0.2578,0.020094215869903564,6.869,-1.486,0.052,109.426,0.93599
1216,72976.23,1,0.2175299972295761,0.1785062700510025,0.2579,0.019579211249947548,6.883,-1.496,0.055,109.509,0.93541
1217,73040.13,1,0.2174472063779831,0.1786339282989502,0.25787,0.019375359639525414,6.873,-1.482,0.064,109.511,0.93543
1218,73088.5,1,0.21792449057102203,0.17882603406906128,0.25757,0.019050266593694687,6.872,-1.481,0.062,109.417,0.93486
1219,73152.53,1,0.21565040946006775,0.17813339829444885,0.25777,0.018869435414671898,6.859,-1.477,0.041,109.519,0.93532
1220,73216.17,1,0.28921470046043396,0.21197912096977234,0.22871,0.02051612362265587,6.95,-1.514,0.018,109.522,0.93557
1221,73280.1,1,0.46073809266090393,0.482215940952301,0.11951,0.026514004915952682,6.962,-1.462,0.134,109.437,0.93658
1222,73328.13,1,0.4425342082977295,0.4389254152774811,0.13013,0.026222456246614456,6.927,-1.451,0.163,109.503,0.93506
1223,73392.6,1,0.4278034567832947,0.3953300416469574,0.14412,0.02544994466006756,6.873,-1.44,0.127,109.499,0.93555
1224,73456.23,1,0.4008580446243286,0.341398686170578,0.16453,0.024105435237288475,6.845,-1.479,0.136,109.393,0.93585
1225,73520.3,1,0.3478212356567383,0.2943381369113922,0.19042,0.022105276584625244,6.758,-1.535,0.116,109.457,0.93675
1226,73568.63,1,0.3031759560108185,0.2687118947505951,0.20944,0.02134082466363907,6.78,-1.554,0.135,109.487,0.93545
1227,73632.17,1,0.273286908864975,0.24620220065116882,0.22378,0.02093215472996235,6.83,-1.58,0.113,109.386,0.93499
1228,73696.23,1,0.2438836246728897,0.22890982031822205,0.23491,0.020195895805954933,6.854,-1.574,0.112,109.557,0.93535
1229,73760.23,1,0.23956181108951569,0.22400495409965515,0.23895,0.020044943317770958,6.861,-1.576,0.117,109.369,0.93531
1230,73808.4,1,0.23421798646450043,0.21897658705711365,0.24037,0.019838059321045876,6.842,-1.552,0.087,109.374,0.93535
1231,73872.2,1,0.23290042579174042,0.20965062081813812,0.24358,0.019632728770375252,6.806,-1.551,0.082,109.487,0.93474
1232,73936.2,1,0.2313850373029709,0.20417377352714539,0.24531,0.01959308236837387,6.761,-1.537,0.083,109.471,0.93495
1233,74000.4,1,0.22738060355186462,0.19814424216747284,0.24819,0.019916623830795288,6.812,-1.506,0.08,109.372,0.93476
1234,74048.27,1,0.22598862648010254,0.19668269157409668,0.24918,0.019975902512669563,6.817,-1.503,0.08,109.482,0.93482
1235,74112.23,1,0.22268226742744446,0.19152191281318665,0.25063,0.0198826864361763,6.822,-1.5,0.077,109.483,0.9361
1236,74176.17,1,0.22150054574012756,0.19042418897151947,0.25172,0.0200352780520916,6.805,-1.481,0.044,109.373,0.93561
1237,74240.5,1,0.22025981545448303,0.18974336981773376,0.25177,0.01971510611474514,6.836,-1.482,0.044,109.471,0.93601
1238,74288.37,1,0.2198561131954193,0.1877712607383728,0.25233,0.019606417044997215,6.849,-1.48,0.037,109.503,0.93587
1239,74352.1,1,0.2213589996099472,0.18680843710899353,0.25305,0.02000393345952034,6.847,-1.473,0.032,109.427,0.93523
1240,74416.5,1,0.22002385556697845,0.18633443117141724,0.25336,0.01940714567899704,6.849,-1.482,0.044,109.473,0.93604
1241,74480.17,1,0.21935056149959564,0.18633586168289185,0.25373,0.01934664137661457,6.862,-1.469,0.042,109.508,0.93526
1242,74528.57,1,0.21728810667991638,0.18419398367404938,0.2546,0.018962973728775978,6.898,-1.485,0.034,109.389,0.93475
1243,74592.57,1,0.2159041166305542,0.18355610966682434,0.25525,0.01849348470568657,6.861,-1.5,0.043,109.39,0.93517
1244,74656.23,1,0.21465207636356354,0.18236012756824493,0.25571,0.01844058930873871,6.837,-1.521,0.046,109.419,0.93456
1245,74720.4,1,0.2136293351650238,0.18210555613040924,0.256,0.01841072365641594,6.81,-1.519,0.037,109.414,0.93513
1246,74768.27,1,0.21391625702381134,0.18192251026630402,0.25617,0.01799832098186016,6.828,-1.534,0.043,109.401,0.93467
1247,74832.2,1,0.2151212990283966,0.18190595507621765,0.25652,0.018150802701711655,6.801,-1.535,0.046,109.406,0.93534
1248,74896.13,1,0.21869604289531708,0.18164612352848053,0.25666,0.018490713089704514,6.787,-1.522,0.029,109.393,0.93445
1249,74960.4,1,0.21651098132133484,0.18072699010372162,0.25733,0.018929215148091316,6.81,-1.523,0.047,109.403,0.93565
1250,75008.6,1,0.2166997641324997,0.1814074069261551,0.25701,0.01899123191833496,6.788,-1.497,0.03,109.439,0.93506
1251,75072.17,1,0.22209182381629944,0.18223491311073303,0.25699,0.02001054398715496,6.725,-1.578,0.085,109.388,0.9359
1252,75136.27,1,0.21760381758213043,0.18217730522155762,0.25706,0.019783634692430496,6.745,-1.578,0.059,109.445,0.93576
1253,75200.2,1,0.21692059934139252,0.18081143498420715,0.25735,0.019862638786435127,6.743,-1.581,0.064,109.423,0.93578
1254,75248.5,1,0.21367444097995758,0.17810581624507904,0.25799,0.019973337650299072,6.784,-1.548,0.03,109.395,0.93622
1255,75312.23,1,0.21107009053230286,0.17466239631175995,0.25895,0.02038775198161602,6.778,-1.537,0.047,109.422,0.93594
1256,75376.27,1,0.20901967585086823,0.17501775920391083,0.25978,0.02014191262423992,6.737,-1.532,0.055,109.43,0.93568
1257,75440.8,1,0.20571766793727875,0.17533791065216064,0.26087,0.019436072558164597,6.65,-1.538,0.05,109.432,0.93506
1258,75488.3,1,0.2031654268503189,0.17328377068042755,0.26142,0.019464032724499702,6.642,-1.535,0.049,109.576,0.93494
1259,75552.17,1,0.2045471966266632,0.17281527817249298,0.26126,0.01916966214776039,6.633,-1.545,0.065,109.436,0.93606
1260,75616.23,1,0.2046564668416977,0.17263546586036682,0.26084,0.019492214545607567,6.656,-1.528,0.073,109.404,0.93668
1261,75680.43,1,0.20542173087596893,0.17118151485919952,0.26053,0.01947695016860962,6.628,-1.534,0.081,109.497,0.93686
1262,75728.2,1,0.20505139231681824,0.17110008001327515,0.26073,0.019444141536951065,6.659,-1.531,0.08,109.499,0.93701
1263,75792.2,1,0.2051951140165329,0.17038366198539734,0.26069,0.019959039986133575,6.659,-1.538,0.084,109.399,0.93759
1264,75856.3,1,0.20506276190280914,0.1701483577489853,0.26096,0.01950960047543049,6.692,-1.542,0.094,109.486,0.93544
1265,75920.2,1,0.20519453287124634,0.1701485961675644,0.26069,0.019598843529820442,6.711,-1.514,0.089,109.478,0.9359
1266,75968.57,1,0.20841245353221893,0.16977167129516602,0.26048,0.019775085151195526,6.712,-1.479,0.119,109.406,0.93558
1267,76032.63,1,0.2055535763502121,0.17084267735481262,0.2602,0.019363801926374435,6.751,-1.476,0.111,109.486,0.93423
1268,76096.33,1,0.20523089170455933,0.16995520889759064,0.26035,0.019389471039175987,6.788,-1.49,0.102,109.488,0.93506
1269,76160.37,1,0.2046928107738495,0.16871553659439087,0.2607,0.019052401185035706,6.839,-1.495,0.106,109.378,0.93566
1270,76208.2,1,0.20499038696289062,0.16757693886756897,0.26093,0.019028199836611748,6.79,-1.506,0.095,109.476,0.9346
1271,76272.17,1,0.20460405945777893,0.1669749617576599,0.26099,0.01903250440955162,6.781,-1.51,0.081,109.468,0.93427
1272,76336.3,1,0.2045014500617981,0.166486918926239,0.26114,0.01939915493130684,6.742,-1.503,0.054,109.358,0.93477
1273,76400.5,1,0.2038317620754242,0.16642756760120392,0.26118,0.019095415249466896,6.751,-1.511,0.063,109.412,0.93444
1274,76448.27,1,0.20397214591503143,0.16670610010623932,0.26138,0.01907324232161045,6.753,-1.516,0.068,109.378,0.9348
1275,76512.23,1,0.2039458006620407,0.16728956997394562,0.26141,0.018884100019931793,6.778,-1.52,0.067,109.362,0.93397
1276,76576.23,1,0.2038717418909073,0.16790710389614105,0.2613,0.019134463742375374,6.787,-1.526,0.069,109.403,0.934
1277,76640.47,1,0.2029331475496292,0.16713231801986694,0.26183,0.019139274954795837,6.8,-1.524,0.076,109.387,0.93631
1278,76688.4,1,0.20540843904018402,0.16766560077667236,0.2614,0.019472302868962288,6.805,-1.545,0.086,109.382,0.93568
1279,76752.63,1,0.20302814245224,0.16724832355976105,0.26204,0.01903538964688778,6.81,-1.551,0.105,109.432,0.93428
1280,76816.23,1,0.20349156856536865,0.16823972761631012,0.26194,0.018651315942406654,6.845,-1.564,0.109,109.386,0.93515
1281,76880.23,1,0.20412062108516693,0.17015816271305084,0.26174,0.01907772198319435,6.837,-1.558,0.106,109.401,0.9342
1282,76928.27,1,0.20434769988059998,0.170742928981781,0.26142,0.019310148432850838,6.81,-1.544,0.092,109.373,0.93577
1283,76992.2,1,0.2023455947637558,0.16951541602611542,0.26235,0.019038312137126923,6.792,-1.554,0.076,109.374,0.93634
1284,77056.3,1,0.203141987323761,0.16873732209205627,0.26276,0.019213248044252396,6.744,-1.527,0.058,109.314,0.93638
1285,77120.53,1,0.20053066313266754,0.16873575747013092,0.26291,0.019486714154481888,6.747,-1.522,0.046,109.639,0.93574
1286,77168.63,1,0.19914692640304565,0.1680283546447754,0.26353,0.019575387239456177,6.731,-1.537,0.028,109.535,0.93509
1287,77232.6,1,0.2010159194469452,0.16903641819953918,0.26317,0.019291212782263756,6.735,-1.54,0.016,111.584,0.93085
1288,77296.23,1,0.20191140472888947,0.16916297376155853,0.26349,0.019602986052632332,6.712,-1.53,0.01,111.773,0.93027
1289,77360.2,1,0.2018672674894333,0.16813403367996216,0.26449,0.019860196858644485,6.692,-1.498,0.0,111.619,0.93066
1290,77408.6,1,0.20275793969631195,0.16801796853542328,0.26398,0.019286110997200012,6.824,-1.554,0.023,111.626,0.93275
1291,77472.67,1,0.20334342122077942,0.16598771512508392,0.26394,0.018717367202043533,6.822,-1.569,0.025,111.736,0.93085
1292,77536.27,1,0.20445100963115692,0.16562622785568237,0.26413,0.018540693446993828,6.842,-1.598,0.042,111.748,0.93153
1293,77600.27,1,0.20584529638290405,0.1666911542415619,0.26399,0.01845422387123108,6.837,-1.617,0.054,111.691,0.93155
1294,77648.33,1,0.20468556880950928,0.16677343845367432,0.2636,0.018444793298840523,6.835,-1.596,0.052,111.763,0.93182
1295,77712.33,1,0.2043934464454651,0.16685113310813904,0.26365,0.018668506294488907,6.886,-1.574,0.038,111.756,0.93218
1296,77776.3,1,0.20622272789478302,0.16788004338741302,0.2634,0.019537843763828278,6.841,-1.571,0.045,111.669,0.93225
1297,77840.17,1,0.20589645206928253,0.16824698448181152,0.26287,0.01967206969857216,6.816,-1.543,0.047,111.752,0.93228
1298,77888.23,1,0.20526032149791718,0.1665675789117813,0.26349,0.019749106839299202,6.83,-1.538,0.047,111.769,0.93173
1299,77952.53,1,0.2116411328315735,0.16989168524742126,0.26276,0.019620021805167198,6.834,-1.533,0.067,111.677,0.93137
1300,78016.3,1,0.2102687656879425,0.1697806417942047,0.26234,0.019489534199237823,6.778,-1.511,0.063,111.784,0.93163
1301,78080.2,1,0.20810849964618683,0.16982975602149963,0.2628,0.01923501305282116,6.768,-1.531,0.075,111.739,0.93314
1302,78128.43,1,0.21144172549247742,0.16947048902511597,0.26276,0.019817205145955086,6.736,-1.56,0.054,111.699,0.93239
1303,78192.17,1,0.20398421585559845,0.17037545144557953,0.26373,0.01923125796020031,6.778,-1.541,0.049,111.797,0.93096
1304,78256.2,1,0.20151352882385254,0.17003215849399567,0.26492,0.019671397283673286,6.786,-1.561,0.043,111.789,0.933
1305,78320.73,1,0.20279930531978607,0.17038694024085999,0.26466,0.020052608102560043,6.754,-1.546,0.03,111.691,0.93102
1306,78368.63,1,0.2032233029603958,0.17047905921936035,0.26455,0.019967593252658844,6.767,-1.541,0.037,111.776,0.93283
1307,78432.2,1,0.2030632346868515,0.1702146828174591,0.26452,0.019864864647388458,6.775,-1.542,0.041,111.826,0.9315
1308,78496.2,1,0.20547643303871155,0.17027783393859863,0.26425,0.019983632490038872,6.755,-1.537,0.061,111.708,0.9324
1309,78560.3,1,0.20327812433242798,0.17026685178279877,0.26433,0.019699132069945335,6.779,-1.542,0.056,111.741,0.93268
1310,78608.9,1,0.20331043004989624,0.16996924579143524,0.26422,0.019580930471420288,6.775,-1.54,0.06,111.746,0.93198
1311,78672.5,1,0.2070130705833435,0.16961702704429626,0.26422,0.019727343693375587,6.718,-1.568,0.062,111.738,0.93227
1312,78736.27,1,0.20384696125984192,0.1690647006034851,0.2647,0.02000785991549492,6.707,-1.559,0.05,111.736,0.93375
1313,78800.53,1,0.20273731648921967,0.16871456801891327,0.26425,0.01996823586523533,6.712,-1.573,0.032,111.717,0.93359
1314,78848.13,1,0.20398540794849396,0.16831806302070618,0.26383,0.020092036575078964,6.71,-1.559,0.026,111.718,0.93452
1315,78912.33,1,0.20036011934280396,0.16779205203056335,0.26426,0.019945597276091576,6.729,-1.571,0.028,111.717,0.93445
1316,78976.23,1,0.199553444981575,0.16553886234760284,0.26489,0.019246835261583328,6.701,-1.594,0.043,111.724,0.93382
1317,79040.7,1,0.20211122930049896,0.16611510515213013,0.26488,0.018944814801216125,6.667,-1.614,0.044,111.674,0.93513
1318,79088.43,1,0.20296238362789154,0.16822795569896698,0.26382,0.018945299088954926,6.672,-1.616,0.046,111.857,0.93395
1319,79152.1,1,0.20137591660022736,0.16742146015167236,0.26418,0.01930617354810238,6.62,-1.63,0.037,111.705,0.93363
1320,79216.17,1,0.20092828571796417,0.1668606549501419,0.26365,0.0196683369576931,6.571,-1.615,0.012,111.728,0.93444
1321,79280.1,1,0.2005133330821991,0.1663839966058731,0.2635,0.019575340673327446,6.571,-1.625,0.014,111.804,0.93402
1322,79328.1,1,0.2000754028558731,0.16315686702728271,0.26407,0.019282063469290733,6.609,-1.622,0.036,111.796,0.93415
1323,79392.07,1,0.19878648221492767,0.16161243617534637,0.26488,0.018951471894979477,6.614,-1.635,0.042,111.702,0.93509
1324,79456.1,1,0.1954500824213028,0.16263447701931,0.2654,0.018646234646439552,6.649,-1.631,0.033,111.804,0.93441
1325,79520.5,1,0.1948862373828888,0.1640644520521164,0.26514,0.018354006111621857,6.635,-1.663,0.045,111.789,0.93446
1326,79568.4,1,0.19825448095798492,0.16750875115394592,0.26395,0.018741583451628685,6.593,-1.68,0.033,111.683,0.93433
1327,79632.1,1,0.19679559767246246,0.16789397597312927,0.26415,0.01864936389029026,6.572,-1.694,0.031,111.782,0.93544
1328,79696.23,1,0.1959761381149292,0.16717280447483063,0.26487,0.018570322543382645,6.563,-1.696,0.039,111.804,0.93472
1329,79760.37,1,0.19743293523788452,0.16799139976501465,0.26468,0.018599702045321465,6.558,-1.699,0.046,111.684,0.9355
1330,79808.17,1,0.1952507197856903,0.16733774542808533,0.26515,0.018078763037919998,6.569,-1.689,0.03,111.776,0.93428
1331,79872.1,1,0.19430923461914062,0.1667848825454712,0.26569,0.018071413040161133,6.568,-1.69,0.03,111.781,0.93513
1332,79936.17,1,0.19389793276786804,0.16606548428535461,0.26562,0.017998339608311653,6.566,-1.689,0.004,111.677,0.93395
1333,80000.5,1,0.1922970414161682,0.16570191085338593,0.26583,0.018046950921416283,6.587,-1.661,-0.004,111.783,0.93428
1334,80048.33,1,0.19315937161445618,0.16615141928195953,0.26599,0.01818239688873291,6.577,-1.651,-0.007,111.799,0.93395
1335,80112.27,1,0.19500327110290527,0.16735361516475677,0.26586,0.018506724387407303,6.528,-1.644,-0.013,111.736,0.93487
1336,80176.13,1,0.19489553570747375,0.1677533984184265,0.26574,0.018769165500998497,6.521,-1.642,-0.014,111.771,0.93537
1337,80240.2,1,0.19431307911872864,0.16874921321868896,0.26548,0.018671367317438126,6.556,-1.598,-0.021,111.78,0.93498
1338,80288.43,1,0.1971641331911087,0.168794184923172,0.26515,0.018973110243678093,6.538,-1.614,-0.015,111.704,0.93415
1339,80352.53,1,0.19469685852527618,0.16825611889362335,0.26533,0.01885906234383583,6.563,-1.596,-0.03,111.699,0.93549
1340,80416.2,1,0.19388382136821747,0.16818316280841827,0.26539,0.018729843199253082,6.559,-1.602,-0.033,111.687,0.93609
1341,80480.5,1,0.19812636077404022,0.16919295489788055,0.26556,0.019202370196580887,6.608,-1.643,-0.024,111.66,0.93548
1342,80528.27,1,0.28440433740615845,0.24473153054714203,0.21816,0.024380842223763466,6.875,-1.606,-0.02,111.707,0.9353
1343,80592.17,1,0.6438160538673401,0.587395429611206,0.05827,0.029401440173387527,6.504,-1.513,-0.115,111.696,0.93603
1344,80656.1,1,0.5681944489479065,0.5251830816268921,0.07046,0.02779591828584671,6.551,-1.378,-0.08,111.67,0.9352
1345,80720.43,1,0.5365335941314697,0.4990251362323761,0.08336,0.028508510440587997,6.525,-1.411,-0.011,111.709,0.93537
1346,80768.47,1,0.4902026057243347,0.39856866002082825,0.1129,0.027306586503982544,6.604,-1.413,-0.016,111.658,0.93598
1347,80832.07,1,0.6546359658241272,0.5390908122062683,0.0548,0.02863290160894394,6.566,-1.405,-0.045,111.678,0.93546
1348,80896.17,1,0.673417329788208,0.593904972076416,0.04215,0.028568709269165993,6.489,-1.38,-0.048,111.827,0.93609
1349,80960.1,1,0.6260601282119751,0.5781739950180054,0.05296,0.02798880822956562,6.497,-1.382,0.012,111.622,0.93625
1350,81008.13,1,0.45634621381759644,0.4487764239311218,0.11172,0.02608747035264969,6.465,-1.478,0.086,111.653,0.93614
1351,81072.1,1,0.3828907012939453,0.31298941373825073,0.16022,0.02302021160721779,6.424,-1.491,0.053,111.766,0.93577
1352,81136.23,1,0.30995839834213257,0.24356189370155334,0.19978,0.021429941058158875,6.466,-1.489,0.045,111.715,0.93631
1353,81200.37,1,0.27721893787384033,0.22425150871276855,0.21772,0.020545821636915207,6.413,-1.528,0.06,111.612,0.93717
1354,81248.37,1,0.26193001866340637,0.2149379402399063,0.22682,0.019736040383577347,6.408,-1.531,0.097,111.898,0.93536
1355,81312.43,1,0.25232937932014465,0.2081901729106903,0.23486,0.019317081198096275,6.422,-1.534,0.083,111.986,0.93426
1356,81376.17,1,0.24312756955623627,0.20047467947006226,0.24061,0.019145766273140907,6.486,-1.536,0.079,112.648,0.92715
1357,81440.2,1,0.23422938585281372,0.19152364134788513,0.24493,0.019189724698662758,6.517,-1.528,0.076,112.846,0.92443
1358,81488.5,1,0.23195530474185944,0.1902901828289032,0.2468,0.01919000782072544,6.529,-1.545,0.085,112.868,0.92324
1359,81552.57,1,0.2253216803073883,0.1887955516576767,0.24981,0.019257623702287674,6.515,-1.553,0.085,113.063,0.91162
1360,81616.17,1,0.22570262849330902,0.18939153850078583,0.25,0.019381538033485413,6.516,-1.574,0.055,113.165,0.91178
1361,81680.13,1,0.22430174052715302,0.19117863476276398,0.25059,0.01923281140625477,6.479,-1.582,0.049,113.182,0.91131
1362,81728.47,1,0.2268471121788025,0.19080966711044312,0.25067,0.01924836076796055,6.412,-1.609,0.042,113.078,0.91179
1363,81792.4,1,0.22557909786701202,0.19594867527484894,0.2505,0.019070936366915703,6.456,-1.601,0.043,113.186,0.91163
1364,81856.17,1,0.2243022620677948,0.19668297469615936,0.25044,0.01941845752298832,6.462,-1.587,0.035,113.178,0.91093
1365,81920.07,1,0.22385123372077942,0.1962762475013733,0.25108,0.01924063265323639,6.358,-1.602,0.023,113.054,0.91066
1366,81968.13,1,0.22019609808921814,0.19507230818271637,0.25177,0.01912051998078823,6.422,-1.579,0.024,113.144,0.91098
1367,82032.13,1,0.2192733883857727,0.1926075965166092,0.25325,0.01907029002904892,6.413,-1.581,0.036,113.123,0.91158
1368,82096.1,1,0.21512597799301147,0.18988953530788422,0.25457,0.018737932667136192,6.467,-1.585,0.029,113.044,0.91218
1369,82160.1,1,0.21540625393390656,0.18899263441562653,0.25645,0.018584473058581352,6.494,-1.578,0.063,113.099,0.91206
1370,82208.2,1,0.2142120599746704,0.18699121475219727,0.25688,0.018698932603001595,6.491,-1.584,0.077,113.11,0.91126
1371,82272.03,1,0.21568982303142548,0.18371979892253876,0.2572,0.019160602241754532,6.492,-1.567,0.075,112.979,0.91222
1372,82336.13,1,0.2114536017179489,0.18128865957260132,0.25719,0.018906695768237114,6.54,-1.562,0.078,113.007,0.91203
1373,82400.13,1,0.21149365603923798,0.18148954212665558,0.2572,0.019116882234811783,6.505,-1.626,0.087,113.041,0.91142
1374,82448.67,1,0.21076269447803497,0.18110373616218567,0.25736,0.019295604899525642,6.515,-1.628,0.09,113.021,0.91217
1375,82512.4,1,0.21097029745578766,0.18063300848007202,0.25743,0.019368181005120277,6.512,-1.63,0.076,113.021,0.91165
1376,82576.17,1,0.21070291101932526,0.1809643805027008,0.25754,0.019322259351611137,6.521,-1.65,0.07,113.043,0.91123
1377,82640.1,1,0.21310777962207794,0.18185514211654663,0.25752,0.019793178886175156,6.528,-1.648,0.05,113.046,0.91121
1378,82688.53,1,0.2107422947883606,0.1859433650970459,0.25646,0.01974071003496647,6.566,-1.634,0.049,113.147,0.91181
1379,82752.5,1,0.21127137541770935,0.18723011016845703,0.2561,0.019436698406934738,6.585,-1.65,0.053,112.966,0.91138
1380,82816.13,1,0.20851320028305054,0.18734048306941986,0.25618,0.01924295723438263,6.579,-1.62,0.034,112.916,0.91145
1381,82880.47,1,0.21173158288002014,0.1863153725862503,0.25572,0.018751390278339386,6.561,-1.592,-0.005,113.046,0.91164
1382,82928.07,1,0.21247489750385284,0.1856604963541031,0.25587,0.018652701750397682,6.565,-1.587,-0.01,113.039,0.91269
1383,82992.2,1,0.2180967628955841,0.18671129643917084,0.25571,0.01882176660001278,6.51,-1.606,-0.002,112.941,0.913
1384,83056.2,1,0.21645638346672058,0.1859692633152008,0.25586,0.018801139667630196,6.516,-1.605,-0.006,113.058,0.91206
1385,83120.23,1,0.21627214550971985,0.18514174222946167,0.25564,0.018496112897992134,6.523,-1.628,0.005,113.049,0.91186
1386,83168.43,1,0.21804912388324738,0.18477749824523926,0.25551,0.018861990422010422,6.504,-1.612,0.009,112.942,0.91202
1387,83232.2,1,0.21684956550598145,0.18464010953903198,0.25536,0.018488839268684387,6.528,-1.619,-0.001,113.033,0.9118
1388,83296.07,1,0.21777749061584473,0.18414750695228577,0.25568,0.018550613895058632,6.537,-1.624,-0.003,113.035,0.91209
1389,83360.23,1,0.22332757711410522,0.18450067937374115,0.25419,0.018654923886060715,6.52,-1.632,-0.011,112.962,0.91091
1390,83408.6,1,0.221377432346344,0.18373717367649078,0.2545,0.018624525517225266,6.568,-1.617,-0.016,113.047,0.91157
1391,83472.1,1,0.2212342470884323,0.18224067986011505,0.25449,0.018639780580997467,6.584,-1.615,-0.004,113.038,0.91263
1392,83536.1,1,0.21899442374706268,0.18217608332633972,0.25574,0.018958045169711113,6.662,-1.65,0.001,112.93,0.91166
1393,83600.47,1,0.2167830914258957,0.18209585547447205,0.25647,0.01908990368247032,6.688,-1.66,0.008,113.016,0.91196
1394,83648.47,1,0.2140066921710968,0.18072614073753357,0.25708,0.018916310742497444,6.715,-1.647,-0.004,113.039,0.91143
1395,83712.1,1,0.21217399835586548,0.1813669353723526,0.25838,0.01890449784696102,6.77,-1.674,0.008,112.905,0.91304
1396,83776.43,1,0.2097993940114975,0.18042905628681183,0.25884,0.018711712211370468,6.739,-1.662,0.005,113.009,0.9129
1397,83840.4,1,0.21054460108280182,0.17995277047157288,0.25884,0.01863524504005909,6.72,-1.654,0.019,112.999,0.91291
1398,83888.43,1,0.21162757277488708,0.18014414608478546,0.25905,0.01871299557387829,6.666,-1.657,0.018,112.898,0.913
1399,83952.07,1,0.20919668674468994,0.17969591915607452,0.25969,0.01868903636932373,6.666,-1.654,0.026,112.98,0.91204
1400,84016.1,1,0.2081616222858429,0.1783306896686554,0.25988,0.018859822303056717,6.62,-1.645,0.035,112.979,0.91313
1401,84080.63,1,0.2136179804801941,0.1811225414276123,0.26026,0.01973063498735428,6.586,-1.651,0.072,112.91,0.91278
1402,84128.33,1,0.21098396182060242,0.1817203313112259,0.2602,0.019520679488778114,6.607,-1.655,0.055,112.944,0.91251
1403,84192.27,1,0.21111005544662476,0.1817065179347992,0.26017,0.01920802891254425,6.615,-1.657,0.065,112.965,0.91173
1404,84256.13,1,0.2123759388923645,0.18212519586086273,0.26002,0.019060280174016953,6.578,-1.682,0.065,112.964,0.91197
1405,84320.67,1,0.2092776894569397,0.18184080719947815,0.26001,0.018921632319688797,6.607,-1.679,0.055,112.944,0.91178
1406,84368.13,1,0.20801246166229248,0.18105372786521912,0.2604,0.01904240995645523,6.613,-1.655,0.061,112.936,0.91161
1407,84432.3,1,0.2068333923816681,0.1820167899131775,0.26129,0.019453300163149834,6.593,-1.66,0.052,112.924,0.91225
1408,84496.13,1,0.2048136591911316,0.18243803083896637,0.26153,0.019457750022411346,6.578,-1.656,0.059,113.069,0.91154
1409,84560.27,1,0.20815032720565796,0.18340158462524414,0.26126,0.02010469324886799,6.415,-1.704,0.039,112.91,0.91177
1410,84608.43,1,0.20807456970214844,0.18547360599040985,0.26055,0.019402237609028816,6.481,-1.712,0.044,112.892,0.9118
1411,84672.17,1,0.20670828223228455,0.1829959899187088,0.26031,0.01890620030462742,6.542,-1.679,0.077,112.984,0.91179
1412,84736.17,1,0.2075120061635971,0.18314993381500244,0.26,0.018585002049803734,6.583,-1.659,0.079,113.002,0.91131
1413,84800.4,1,0.2119031399488449,0.18458423018455505,0.2597,0.01863485760986805,6.608,-1.643,0.089,112.926,0.91134
1414,84848.47,1,0.20652124285697937,0.1817556768655777,0.26072,0.01839028298854828,6.678,-1.631,0.061,113.001,0.91071
1415,84912.13,1,0.20643927156925201,0.18146029114723206,0.2609,0.018519917502999306,6.68,-1.618,0.066,113.019,0.91167
1416,84976.13,1,0.20368574559688568,0.18141323328018188,0.26107,0.01853478141129017,6.701,-1.615,0.074,112.931,0.91072
1417,85040.4,1,0.23070064187049866,0.1924678385257721,0.24815,0.019180379807949066,6.87,-1.562,0.034,112.966,0.91218
1418,85088.5,1,0.5996447801589966,0.5410312414169312,0.08615,0.024587927386164665,6.56,-1.624,0.001,112.995,0.91153
1419,85152.07,1,0.5709574222564697,0.5251564383506775,0.07976,0.025386421009898186,6.554,-1.631,0.029,112.866,0.91311
1420,85216.17,1,0.5602586269378662,0.4876045882701874,0.08712,0.02636880986392498,6.577,-1.628,0.126,112.973,0.91284
1421,85280.5,1,0.5286995768547058,0.4213443696498871,0.10507,0.025957828387618065,6.597,-1.626,0.136,112.942,0.9123
1422,85328.1,1,0.4367462992668152,0.3562432527542114,0.13855,0.024541933089494705,6.631,-1.635,0.169,112.856,0.91247
1423,85392.33,1,0.36554136872291565,0.29454490542411804,0.1713,0.02280581369996071,6.687,-1.646,0.175,112.94,0.91219
1424,85456.2,1,0.3181237578392029,0.26616451144218445,0.19598,0.02141612023115158,6.722,-1.64,0.168,112.942,0.91219
1425,85520.2,1,0.28120601177215576,0.24020130932331085,0.21335,0.02074660174548626,6.739,-1.682,0.176,112.877,0.91292
1426,85568.53,1,0.2717282772064209,0.2268509864807129,0.21909,0.02032599225640297,6.717,-1.686,0.145,112.949,0.91247
1427,85632.5,1,0.25391682982444763,0.22185222804546356,0.22858,0.019571583718061447,6.693,-1.692,0.166,112.981,0.91084
1428,85696.17,1,0.24912647902965546,0.21509107947349548,0.23326,0.01896352507174015,6.62,-1.692,0.106,112.887,0.91238
1429,85760.47,1,0.2452274113893509,0.2146722376346588,0.23504,0.019016208127141,6.748,-1.599,0.074,112.941,0.91212
1430,85808.33,1,0.24304501712322235,0.2132023125886917,0.23631,0.01909731887280941,6.752,-1.599,0.087,112.957,0.91245
1431,85872.2,1,0.24408866465091705,0.21451212465763092,0.23772,0.019460031762719154,6.73,-1.591,0.058,112.858,0.91271
1432,85936.2,1,0.23706364631652832,0.20841750502586365,0.24049,0.01940326578915119,6.737,-1.592,0.049,112.903,0.91218
1433,86000.37,1,0.2349044531583786,0.20378254354000092,0.2431,0.019081389531493187,6.743,-1.595,0.041,112.88,0.91227
1434,86048.3,1,0.23555129766464233,0.19922679662704468,0.24397,0.019464755430817604,6.692,-1.637,0.069,112.869,0.91271
1435,86112.23,1,0.23241768777370453,0.194951593875885,0.24578,0.0189700648188591,6.755,-1.645,0.067,112.886,0.91047
1436,86176.3,1,0.23174579441547394,0.19265064597129822,0.24632,0.01864495314657688,6.761,-1.646,0.083,112.866,0.91249
1437,86240.13,1,0.22896461188793182,0.1906501203775406,0.24746,0.017764143645763397,6.773,-1.669,0.076,112.838,0.91241
1438,86288.4,1,0.22882133722305298,0.18985946476459503,0.24844,0.017797619104385376,6.761,-1.668,0.07,112.986,0.91144
1439,86352.17,1,0.2289118468761444,0.19064198434352875,0.24876,0.017603959888219833,6.787,-1.648,0.045,112.825,0.91224
1440,86416.33,1,0.2291046679019928,0.1867101937532425,0.25033,0.018216075375676155,6.757,-1.627,0.076,112.806,0.91303
1441,86480.47,1,0.22906796634197235,0.18525013327598572,0.25047,0.018676016479730606,6.795,-1.638,0.1,112.904,0.91228
1442,86528.57,1,0.22782501578330994,0.18353113532066345,0.25132,0.018824471160769463,6.787,-1.657,0.126,112.916,0.91241
1443,86592.17,1,0.22876937687397003,0.1835949718952179,0.25162,0.018988683819770813,6.745,-1.665,0.14,112.779,0.91272
1444,86656.33,1,0.22652895748615265,0.18227903544902802,0.25197,0.01882597617805004,6.717,-1.68,0.147,112.883,0.91279
1445,86720.27,1,0.2252412885427475,0.1821502447128296,0.25308,0.018550444394350052,6.757,-1.688,0.167,112.872,0.91288
1446,86768.37,1,0.22460658848285675,0.18150392174720764,0.25348,0.018543127924203873,6.749,-1.692,0.176,112.818,0.91223
1447,86832.6,1,0.22383838891983032,0.181327685713768,0.25345,0.018393609672784805,6.754,-1.697,0.174,112.902,0.91252
1448,86896.23,1,0.22154341638088226,0.1806938499212265,0.25417,0.018140148371458054,6.736,-1.695,0.163,112.937,0.91226
1449,86960.6,1,0.22333911061286926,0.18165457248687744,0.25372,0.018140846863389015,6.707,-1.681,0.164,112.888,0.91117
1450,87008.37,1,0.22219188511371613,0.1818898618221283,0.25371,0.01883082278072834,6.723,-1.643,0.127,112.949,0.91194
1451,87072.37,1,0.2209283709526062,0.18286190927028656,0.25402,0.019213654100894928,6.716,-1.676,0.099,112.939,0.91199
1452,87136.3,1,0.22031547129154205,0.18156932294368744,0.25426,0.01937730610370636,6.725,-1.646,0.091,112.868,0.91151
1453,87200.6,1,0.21866464614868164,0.1816069483757019,0.2546,0.018826020881533623,6.743,-1.676,0.105,112.925,0.91221
1454,87248.27,1,0.21791291236877441,0.18109676241874695,0.25511,0.018979886546730995,6.767,-1.679,0.123,112.937,0.91156
1455,87312.23,1,0.21795439720153809,0.18080854415893555,0.25529,0.019265802577137947,6.773,-1.688,0.139,112.866,0.91032
1456,87376.27,1,0.2126266211271286,0.17934073507785797,0.25653,0.019090738147497177,6.807,-1.676,0.168,112.944,0.91124
1457,87440.27,1,0.21117335557937622,0.17864646017551422,0.2572,0.019258512184023857,6.769,-1.686,0.192,112.954,0.91009
1458,87488.33,1,0.21176481246948242,0.17981621623039246,0.25772,0.018905596807599068,6.76,-1.709,0.197,112.86,0.91025
1459,87552.23,1,0.20711466670036316,0.17687618732452393,0.25936,0.018644820898771286,6.755,-1.688,0.18,112.918,0.91173
1460,87616.23,1,0.20643481612205505,0.17709267139434814,0.25938,0.01895967684686184,6.721,-1.726,0.171,112.964,0.91089
1461,87680.63,1,0.20464564859867096,0.17727656662464142,0.26013,0.01890687644481659,6.69,-1.721,0.161,112.82,0.91289
1462,87728.67,1,0.20424479246139526,0.1778656244277954,0.26035,0.019225044175982475,6.667,-1.686,0.162,112.882,0.91107
1463,87792.37,1,0.20476879179477692,0.17845313251018524,0.26038,0.019274070858955383,6.631,-1.686,0.173,112.864,0.91169
1464,87856.23,1,0.20868432521820068,0.17975720763206482,0.26002,0.019546078518033028,6.596,-1.662,0.168,112.831,0.91104
1465,87920.53,1,0.20908500254154205,0.18002957105636597,0.25998,0.019333401694893837,6.593,-1.663,0.171,112.849,0.91132
1466,87968.5,1,0.20858559012413025,0.17978248000144958,0.26045,0.019230036064982414,6.575,-1.674,0.167,112.871,0.91075
1467,88032.27,1,0.21288157999515533,0.18121998012065887,0.26013,0.020078402012586594,6.514,-1.665,0.153,112.835,0.91167
1468,88096.23,1,0.21157918870449066,0.18317076563835144,0.2595,0.019561605527997017,6.586,-1.626,0.162,113.018,0.9104
1469,88160.33,1,0.2124093621969223,0.18516673147678375,0.26007,0.020179089158773422,6.54,-1.666,0.195,112.838,0.91034
1470,88208.53,1,0.2084844708442688,0.18428941071033478,0.26042,0.020489081740379333,6.478,-1.698,0.215,112.818,0.912
1471,88272.27,1,0.2049136459827423,0.18340899050235748,0.26003,0.019983049482107162,6.491,-1.686,0.205,112.916,0.91179
1472,88336.4,1,0.20328262448310852,0.18159286677837372,0.26017,0.0196820218116045,6.497,-1.693,0.215,112.915,0.91179
1473,88400.13,1,0.20413359999656677,0.18054361641407013,0.26022,0.01930367760360241,6.606,-1.659,0.208,112.837,0.91105
1474,88448.67,1,0.20319299399852753,0.18130747973918915,0.26016,0.01887645572423935,6.673,-1.675,0.209,112.903,0.91125
1475,88512.23,1,0.20178720355033875,0.18142713606357574,0.26044,0.018622566014528275,6.693,-1.687,0.201,112.923,0.91087
1476,88576.23,1,0.20408937335014343,0.18345965445041656,0.25991,0.018667958676815033,6.642,-1.711,0.192,112.841,0.91093
1477,88640.53,1,0.202215775847435,0.1824142038822174,0.26069,0.01884688064455986,6.648,-1.708,0.195,112.92,0.91099
1478,88688.37,1,0.203281968832016,0.18416669964790344,0.26025,0.018834596499800682,6.648,-1.707,0.193,112.945,0.91146
1479,88752.27,1,0.20250000059604645,0.18355542421340942,0.26038,0.01880882866680622,6.658,-1.704,0.19,112.853,0.91098
1480,88816.33,1,0.2026328593492508,0.18325400352478027,0.26048,0.018956130370497704,6.66,-1.715,0.199,112.923,0.91162
1481,88880.23,1,0.2013639509677887,0.1821940839290619,0.26077,0.01886991411447525,6.681,-1.711,0.192,112.941,0.9107
1482,88928.17,1,0.20255298912525177,0.18238408863544464,0.26099,0.018962441012263298,6.647,-1.72,0.196,112.851,0.91129
1483,88992.23,1,0.20110101997852325,0.1816244125366211,0.26133,0.018868112936615944,6.59,-1.707,0.183,112.909,0.91038
1484,89056.23,1,0.202280655503273,0.1815737932920456,0.26117,0.019017303362488747,6.571,-1.718,0.18,112.887,0.91092
1485,89120.27,1,0.20453035831451416,0.18224984407424927,0.26081,0.01883837766945362,6.546,-1.728,0.195,112.795,0.9113
1486,89168.23,1,0.19794553518295288,0.17991065979003906,0.26114,0.018853841349482536,6.571,-1.709,0.187,112.905,0.91197
1487,89232.67,1,0.19792252779006958,0.17989462614059448,0.26112,0.018569573760032654,6.584,-1.724,0.188,112.88,0.91118
1488,89296.2,1,0.1984083652496338,0.17995783686637878,0.26094,0.01888839341700077,6.581,-1.738,0.183,112.787,0.91162
1489,89360.2,1,0.19822219014167786,0.17982859909534454,0.2608,0.018894942477345467,6.593,-1.723,0.18,112.791,0.91132
1490,89408.93,1,0.19922202825546265,0.17986667156219482,0.26063,0.01895192265510559,6.594,-1.717,0.169,112.787,0.91168
1491,89472.2,1,0.19988565146923065,0.17819465696811676,0.26099,0.01910320669412613,6.573,-1.722,0.179,112.791,0.91218
1492,89536.27,1,0.1978543996810913,0.1780344843864441,0.2612,0.018941866233944893,6.613,-1.702,0.165,112.785,0.91107
1493,89600.33,1,0.1973271369934082,0.17812862992286682,0.26125,0.018689028918743134,6.608,-1.701,0.157,112.815,0.91135
1494,89648.87,1,0.1992519646883011,0.1782827526330948,0.26122,0.019017083570361137,6.571,-1.711,0.156,112.793,0.91046
1495,89712.3,1,0.1974387764930725,0.17926503717899323,0.2612,0.019147055223584175,6.582,-1.687,0.127,112.823,0.91152
1496,89776.3,1,0.19695347547531128,0.1799071729183197,0.26183,0.019349897280335426,6.603,-1.671,0.101,112.827,0.91222
1497,89840.67,1,0.19691920280456543,0.17908960580825806,0.26346,0.019799256697297096,6.609,-1.68,0.1,112.784,0.91162
1498,89888.23,1,0.1939375251531601,0.1773470640182495,0.2647,0.019761953502893448,6.617,-1.698,0.08,113.052,0.91082
1499,89952.37,1,0.19376686215400696,0.1783866137266159,0.26474,0.02023874782025814,6.628,-1.685,0.053,112.797,0.91091
1500,90016.23,1,0.19524556398391724,0.17827053368091583,0.26549,0.02071940153837204,6.532,-1.612,0.006,112.813,0.91147
1501,90080.57,1,0.19240103662014008,0.17445959150791168,0.26589,0.02017701417207718,6.534,-1.575,-0.011,112.902,0.91116
1502,90128.57,1,0.19044435024261475,0.17166610062122345,0.2671,0.020048517733812332,6.555,-1.555,-0.039,112.899,0.91121
1503,90192.2,1,0.1923421174287796,0.16887015104293823,0.26715,0.020058495923876762,6.604,-1.556,0.011,112.791,0.91098
1504,90256.3,1,0.1890914887189865,0.16909989714622498,0.26756,0.019774334505200386,6.588,-1.549,0.066,112.888,0.91106
1505,90320.37,1,0.1894092559814453,0.16874021291732788,0.26677,0.019558433443307877,6.55,-1.583,0.062,112.883,0.91066
1506,90368.57,1,0.19719728827476501,0.1689404398202896,0.26598,0.01996655948460102,6.439,-1.615,0.125,112.805,0.9111
1507,90432.3,1,0.19325806200504303,0.1709582507610321,0.2671,0.01919764094054699,6.489,-1.65,0.111,112.906,0.9115
1508,90496.33,1,0.19040609896183014,0.17130011320114136,0.2684,0.01881597377359867,6.503,-1.697,0.122,112.93,0.911
1509,90560.6,1,0.19206291437149048,0.17207536101341248,0.26831,0.01965681090950966,6.439,-1.719,0.146,112.833,0.91048
1510,90608.63,1,0.18958032131195068,0.17236116528511047,0.26766,0.019918225705623627,6.467,-1.72,0.107,112.914,0.91084
1511,90672.57,1,0.18724843859672546,0.17328225076198578,0.26833,0.019878294318914413,6.482,-1.735,0.098,112.948,0.91068
1512,90736.3,1,0.18943950533866882,0.1712959259748459,0.26807,0.020682070404291153,6.462,-1.702,0.078,112.814,0.91128
1513,90800.23,1,0.18331775069236755,0.17087538540363312,0.26778,0.019369354471564293,6.455,-1.654,0.055,112.936,0.91081
1514,90848.2,1,0.1834220439195633,0.1703222095966339,0.26801,0.019160250201821327,6.46,-1.654,0.05,112.915,0.91148
1515,90912.37,1,0.18400973081588745,0.16886550188064575,0.26791,0.018905872479081154,6.401,-1.626,0.064,112.799,0.91193
1516,90976.23,1,0.1828784942626953,0.169264554977417,0.26786,0.018453557044267654,6.416,-1.652,0.069,112.9,0.91253
1517,91040.53,1,0.18488791584968567,0.16881731152534485,0.26749,0.0185285322368145,6.404,-1.651,0.068,112.876,0.91156
1518,91088.6,1,0.18869397044181824,0.16896097362041473,0.26683,0.01886451244354248,6.473,-1.661,0.104,112.819,0.91205
1519,91152.3,1,0.18227887153625488,0.16793601214885712,0.26941,0.018757425248622894,6.532,-1.61,0.106,112.854,0.91247
1520,91216.57,1,0.18121616542339325,0.1664687544107437,0.26973,0.018374716863036156,6.514,-1.673,0.162,112.852,0.91358
1521,91280.23,1,0.1858142912387848,0.1666775345802307,0.27011,0.019435282796621323,6.498,-1.681,0.163,112.745,0.91229
1522,91328.37,1,0.18240876495838165,0.16551494598388672,0.27154,0.01925746165215969,6.605,-1.66,0.162,112.761,0.91202
1523,91392.27,1,0.1832886040210724,0.1656133532524109,0.27157,0.019176997244358063,6.64,-1.662,0.173,112.777,0.91167
1524,91456.27,1,0.18814629316329956,0.16624650359153748,0.27073,0.01930535025894642,6.637,-1.678,0.197,112.772,0.9113
1525,91520.87,1,0.1805676817893982,0.1636633276939392,0.27025,0.019225606694817543,6.654,-1.661,0.188,112.794,0.91095
1526,91568.2,1,0.18124352395534515,0.163666233420372,0.27033,0.01923009380698204,6.638,-1.674,0.197,112.779,0.91134
1527,91632.27,1,0.18370451033115387,0.1633588820695877,0.27034,0.018946731463074684,6.518,-1.693,0.207,112.751,0.91138
1528,91696.23,1,0.18218038976192474,0.16282890737056732,0.27044,0.019048841670155525,6.431,-1.71,0.198,112.877,0.9119
1529,91760.57,1,0.18309341371059418,0.16158956289291382,0.27074,0.019356442615389824,6.41,-1.739,0.216,112.744,0.91089
1530,91808.4,1,0.18152713775634766,0.1621679812669754,0.27087,0.018757496029138565,6.439,-1.748,0.203,112.737,0.91089
1531,91872.2,1,0.18104903399944305,0.1631540060043335,0.2705,0.018187206238508224,6.469,-1.711,0.201,112.816,0.91169
1532,91936.27,1,0.18161560595035553,0.16252192854881287,0.27055,0.01792088709771633,6.496,-1.715,0.216,112.822,0.91268
1533,92000.37,1,0.1843780279159546,0.1658075451850891,0.27011,0.017641521990299225,6.536,-1.709,0.21,112.72,0.91312
1534,92048.5,1,0.18314042687416077,0.1654731035232544,0.27,0.01758328266441822,6.586,-1.709,0.194,112.818,0.9118
1535,92112.3,1,0.1823929250240326,0.16423249244689941,0.26998,0.017732584848999977,6.603,-1.726,0.196,112.824,0.91213
1536,92176.27,1,0.18255653977394104,0.16293327510356903,0.27061,0.01861732453107834,6.604,-1.708,0.206,112.753,0.91128
1537,92240.63,1,0.17989738285541534,0.162385031580925,0.27107,0.018445881083607674,6.62,-1.708,0.2,112.802,0.91129
1538,92288.57,1,0.18027886748313904,0.16258351504802704,0.27113,0.018516715615987778,6.611,-1.71,0.185,112.831,0.91129
1539,92352.17,1,0.18260346353054047,0.16372442245483398,0.27138,0.019175568595528603,6.596,-1.691,0.166,112.693,0.91163
1540,92416.27,1,0.18128947913646698,0.16381099820137024,0.27115,0.019142217934131622,6.583,-1.687,0.17,112.794,0.91119
1541,92480.17,1,0.18191289901733398,0.16401828825473785,0.27128,0.01885148696601391,6.608,-1.714,0.18,112.779,0.91162
1542,92528.6,1,0.18472786247730255,0.16363903880119324,0.27031,0.019401226192712784,6.548,-1.734,0.197,112.689,0.91113
1543,92592.47,1,0.1802007257938385,0.1601657271385193,0.27024,0.018973713740706444,6.525,-1.76,0.213,112.78,0.91166
1544,92656.4,1,0.1817370355129242,0.16101858019828796,0.27019,0.018229953944683075,6.527,-1.782,0.226,112.746,0.91207
1545,92720.4,1,0.18131893873214722,0.1603093147277832,0.27031,0.017817970365285873,6.598,-1.794,0.219,112.681,0.91108
1546,92768.4,1,0.18012525141239166,0.15953844785690308,0.27048,0.017863139510154724,6.629,-1.799,0.215,112.758,0.91096
1547,92832.33,1,0.18265224993228912,0.1592199206352234,0.2703,0.017725462093949318,6.663,-1.796,0.236,112.78,0.9114
1548,92896.23,1,0.18794257938861847,0.15913459658622742,0.27084,0.0179945919662714,6.47,-1.82,0.229,112.658,0.91133
1549,92960.6,1,0.18336839973926544,0.15968507528305054,0.27097,0.017792072147130966,6.503,-1.813,0.194,112.764,0.91112
1550,93008.7,1,0.18295863270759583,0.16007903218269348,0.27099,0.017275048419833183,6.527,-1.798,0.187,112.792,0.91097
1551,93072.57,1,0.18646344542503357,0.16006600856781006,0.27059,0.017670467495918274,6.5,-1.773,0.185,112.688,0.9111
1552,93136.3,1,0.18325908482074738,0.15910792350769043,0.27114,0.01750749722123146,6.551,-1.756,0.177,112.703,0.91146
1553,93200.23,1,0.18448379635810852,0.1596905142068863,0.27087,0.017842113971710205,6.548,-1.755,0.177,112.686,0.91168
1554,93248.33,1,0.18597938120365143,0.16022317111492157,0.2705,0.01769188605248928,6.589,-1.751,0.184,112.707,0.91189
1555,93312.63,1,0.18568165600299835,0.1601705104112625,0.27038,0.01743539236485958,6.578,-1.756,0.192,112.704,0.91107
1556,93376.27,1,0.18411394953727722,0.16008278727531433,0.27061,0.017270473763346672,6.606,-1.782,0.186,112.71,0.91145
1557,93440.67,1,0.18712809681892395,0.16000165045261383,0.26974,0.017932957038283348,6.573,-1.75,0.175,112.681,0.91111
1558,93488.23,1,0.18663138151168823,0.160451740026474,0.27009,0.01811680942773819,6.564,-1.741,0.175,112.826,0.91072
1559,93552.17,1,0.19338014721870422,0.16304555535316467,0.26918,0.01849077269434929,6.534,-1.745,0.198,112.68,0.9115
1560,93616.27,1,0.18653959035873413,0.164651557803154,0.26993,0.019040198996663094,6.493,-1.783,0.271,112.685,0.91008
1561,93680.3,1,0.18020077049732208,0.16201664507389069,0.2698,0.01858474314212799,6.477,-1.783,0.282,112.755,0.9118
1562,93728.23,1,0.18028657138347626,0.16087818145751953,0.26987,0.018486367538571358,6.487,-1.759,0.287,112.777,0.91101
1563,93792.17,1,0.18135295808315277,0.16089747846126556,0.2701,0.01833481155335903,6.442,-1.749,0.268,112.665,0.91071
1564,93856.33,1,0.17976528406143188,0.16158926486968994,0.27039,0.018182503059506416,6.425,-1.746,0.254,112.766,0.91106
1565,93920.67,1,0.17859788239002228,0.16058798134326935,0.27087,0.018131231889128685,6.435,-1.75,0.251,112.74,0.91172
1566,93968.4,1,0.17886707186698914,0.1607469767332077,0.27114,0.018055105581879616,6.485,-1.729,0.257,112.642,0.91222
1567,94032.27,1,0.18206696212291718,0.1626499593257904,0.27094,0.017766688019037247,6.52,-1.718,0.268,112.743,0.91174
1568,94096.3,1,0.18265822529792786,0.16406193375587463,0.27043,0.017857084050774574,6.533,-1.755,0.265,112.735,0.91003
1569,94160.47,1,0.18868523836135864,0.1652253270149231,0.26975,0.01833743415772915,6.518,-1.742,0.267,112.612,0.91128
1570,94208.57,1,0.1868191659450531,0.16467605531215668,0.27009,0.018081700429320335,6.541,-1.711,0.271,112.726,0.91098
1571,94272.2,1,0.18554368615150452,0.16357652842998505,0.27054,0.01818203553557396,6.547,-1.728,0.26,112.716,0.91093
1572,94336.23,1,0.1862654983997345,0.16236327588558197,0.27101,0.01896371692419052,6.523,-1.725,0.287,112.633,0.91078
1573,94400.37,1,0.18207864463329315,0.16216523945331573,0.27074,0.019033458083868027,6.569,-1.73,0.292,112.706,0.91105
1574,94448.53,1,0.18212121725082397,0.1624308079481125,0.2705,0.019121643155813217,6.543,-1.737,0.272,112.733,0.91184
1575,94512.27,1,0.18290002644062042,0.16344554722309113,0.27028,0.019323676824569702,6.529,-1.749,0.265,112.602,0.91169
1576,94576.3,1,0.1805764138698578,0.1638001650571823,0.27015,0.01941128820180893,6.536,-1.75,0.246,112.707,0.91159
1577,94640.6,1,0.18127551674842834,0.16385753452777863,0.2702,0.019366314634680748,6.554,-1.751,0.235,112.725,0.91138
1578,94688.57,1,0.1857825219631195,0.16672383248806,0.26941,0.019566616043448448,6.513,-1.762,0.235,112.622,0.91118
1579,94752.27,1,0.1839619129896164,0.1676473170518875,0.2689,0.019413862377405167,6.561,-1.692,0.252,112.712,0.91189
1580,94816.33,1,0.18434390425682068,0.16631059348583221,0.26946,0.018861742690205574,6.581,-1.677,0.236,112.713,0.91101
1581,94880.27,1,0.18470388650894165,0.16598305106163025,0.26919,0.0187635887414217,6.557,-1.691,0.237,112.626,0.91109
1582,94928.27,1,0.18361014127731323,0.16556648910045624,0.26936,0.018709126859903336,6.552,-1.694,0.238,112.612,0.91122
1583,94992.17,1,0.18205735087394714,0.16461046040058136,0.26946,0.018351610749959946,6.613,-1.715,0.236,112.621,0.91192
1584,95056.53,1,0.18605253100395203,0.16562935709953308,0.26878,0.019329607486724854,6.61,-1.682,0.221,112.586,0.91081
1585,95120.73,1,0.18198737502098083,0.16459693014621735,0.26928,0.01939123496413231,6.63,-1.685,0.214,112.602,0.91148
1586,95168.43,1,0.18189550936222076,0.16507719457149506,0.26929,0.019082235172390938,6.636,-1.692,0.219,112.601,0.91195
1587,95232.3,1,0.18282750248908997,0.16356699168682098,0.26976,0.018861765041947365,6.596,-1.68,0.244,112.582,0.91131
1588,95296.3,1,0.18038111925125122,0.16248033940792084,0.27036,0.01837165467441082,6.591,-1.686,0.235,112.704,0.91114
1589,95360.5,1,0.18744437396526337,0.162785604596138,0.26939,0.018971171230077744,6.514,-1.711,0.283,112.533,0.91174
1590,95408.57,1,0.1865934580564499,0.16456472873687744,0.26895,0.01862260140478611,6.544,-1.75,0.258,112.536,0.91168
1591,95472.43,1,0.18355143070220947,0.1657722443342209,0.26884,0.018558191135525703,6.579,-1.757,0.219,112.641,0.91188
1592,95536.27,1,0.18517090380191803,0.16685283184051514,0.26853,0.018604407086968422,6.579,-1.755,0.212,112.625,0.91264
1593,95600.53,1,0.18642781674861908,0.1668318212032318,0.26832,0.01871904917061329,6.569,-1.754,0.21,112.548,0.91208
1594,95648.67,1,0.18434220552444458,0.16640283167362213,0.26802,0.018585205078125,6.638,-1.725,0.212,112.658,0.9126
1595,95712.27,1,0.18288564682006836,0.16573746502399445,0.2686,0.01892193779349327,6.609,-1.708,0.203,112.644,0.9119
1596,95776.27,1,0.18972064554691315,0.16683603823184967,0.26906,0.019573353230953217,6.544,-1.688,0.266,112.558,0.91255
1597,95840.27,1,0.18481063842773438,0.1656922698020935,0.26876,0.019615044817328453,6.546,-1.689,0.247,112.655,0.91242
1598,95888.63,1,0.18513083457946777,0.1658943146467209,0.26873,0.019546937197446823,6.55,-1.698,0.257,112.621,0.91234
1599,95952.2,1,0.18926924467086792,0.1659785658121109,0.2688,0.02038380689918995,6.505,-1.76,0.245,112.549,0.91231
1600,96016.4,1,0.18454919755458832,0.16528792679309845,0.26939,0.019593635573983192,6.468,-1.715,0.24,112.676,0.91259
1601,96080.4,1,0.186629056930542,0.1663854420185089,0.26898,0.01977977715432644,6.426,-1.717,0.227,112.65,0.91315
1602,96128.33,1,0.18540789186954498,0.16531890630722046,0.26882,0.01981201581656933,6.409,-1.699,0.218,112.591,0.9127
1603,96192.27,1,0.1814599633216858,0.16441278159618378,0.26894,0.019395528361201286,6.42,-1.721,0.209,112.655,0.91257
1604,96256.37,1,0.18221621215343475,0.16403311491012573,0.26913,0.019246820360422134,6.411,-1.715,0.211,112.678,0.91243
1605,96320.63,1,0.1798555999994278,0.1635616272687912,0.2699,0.01885758899152279,6.43,-1.733,0.227,112.591,0.91212
1606,96368.8,1,0.1780213713645935,0.16418568789958954,0.26998,0.018410421907901764,6.449,-1.743,0.236,112.689,0.91321
1607,96432.27,1,0.17945118248462677,0.16621413826942444,0.2694,0.018856899812817574,6.405,-1.733,0.23,112.712,0.91237
1608,96496.43,1,0.18218405544757843,0.16839459538459778,0.26869,0.0192280113697052,6.39,-1.759,0.209,112.604,0.91431
1609,96560.3,1,0.17946293950080872,0.1684383600950241,0.26879,0.019023684784770012,6.438,-1.759,0.195,112.705,0.912
1610,96608.47,1,0.1786470264196396,0.16745758056640625,0.26918,0.019131556153297424,6.435,-1.765,0.191,112.701,0.91182
1611,96672.23,1,0.17830148339271545,0.16693514585494995,0.26971,0.01927846670150757,6.439,-1.74,0.185,112.62,0.91084
1612,96736.3,1,0.17929081618785858,0.16712312400341034,0.26998,0.019221624359488487,6.401,-1.766,0.187,112.618,0.91147
1613,96800.63,1,0.17953847348690033,0.1657012701034546,0.27034,0.019295552745461464,6.403,-1.77,0.17,112.62,0.91131
1614,96848.6,1,0.1833890676498413,0.16776080429553986,0.26994,0.01969752460718155,6.367,-1.759,0.173,112.55,0.91298
1615,96912.3,1,0.1810246706008911,0.16651499271392822,0.27034,0.01953546702861786,6.383,-1.764,0.172,112.596,0.91207
1616,96976.23,1,0.18168586492538452,0.16706795990467072,0.27053,0.019283555448055267,6.411,-1.753,0.179,112.589,0.91133
1617,97040.2,1,0.18859083950519562,0.16935858130455017,0.26905,0.019774774089455605,6.359,-1.754,0.171,112.552,0.91092
1618,97088.37,1,0.1890445202589035,0.16909708082675934,0.26737,0.019477244466543198,6.382,-1.755,0.173,112.706,0.91072
1619,97152.7,1,0.19184069335460663,0.1671583503484726,0.26719,0.02002634108066559,6.347,-1.796,0.205,112.559,0.91086
1620,97216.7,1,0.18757858872413635,0.16526168584823608,0.26809,0.019699933007359505,6.352,-1.777,0.211,112.57,0.91073
1621,97280.63,1,0.1874309778213501,0.16569620370864868,0.26839,0.019633786752820015,6.327,-1.769,0.203,112.646,0.91182
1622,97328.27,1,0.18786412477493286,0.16734592616558075,0.26818,0.019646381959319115,6.351,-1.769,0.203,112.658,0.91035
1623,97392.67,1,0.19023513793945312,0.16655173897743225,0.26827,0.020068205893039703,6.368,-1.76,0.206,112.56,0.91023
1624,97456.3,1,0.18853282928466797,0.16650421917438507,0.26819,0.01955241896212101,6.453,-1.756,0.224,112.659,0.91085
1625,97520.5,1,0.18781529366970062,0.16514767706394196,0.26858,0.019632622599601746,6.46,-1.752,0.22,112.649,0.91064
1626,97568.47,1,0.19096951186656952,0.16634601354599,0.26804,0.01982981152832508,6.438,-1.748,0.226,112.565,0.90923
1627,97632.23,1,0.18245738744735718,0.1639581173658371,0.26873,0.019105853512883186,6.464,-1.734,0.221,112.657,0.91104
1628,97696.4,1,0.18358172476291656,0.16480259597301483,0.26793,0.019086504355072975,6.448,-1.729,0.209,112.64,0.91145
1629,97760.23,1,0.18560470640659332,0.16359460353851318,0.26811,0.019412143155932426,6.429,-1.709,0.243,112.533,0.91119
1630,97808.63,1,0.1816781610250473,0.16237886250019073,0.26873,0.019890831783413887,6.455,-1.701,0.236,112.634,0.91067
1631,97872.63,1,0.1811211109161377,0.16195428371429443,0.26934,0.019517214968800545,6.499,-1.728,0.228,112.613,0.91142
1632,97936.3,1,0.183610737323761,0.16195474565029144,0.26925,0.019716273993253708,6.485,-1.727,0.216,112.533,0.9115
1633,98000.6,1,0.1829887181520462,0.16191986203193665,0.26926,0.019671844318509102,6.519,-1.728,0.212,112.623,0.91065
1634,98048.53,1,0.18313592672348022,0.16213378310203552,0.2699,0.01924004592001438,6.541,-1.744,0.216,112.637,0.91074
1635,98112.23,1,0.1856788694858551,0.16259989142417908,0.2699,0.019141240045428276,6.56,-1.767,0.245,112.533,0.91135
1636,98176.5,1,0.18351612985134125,0.16457787156105042,0.26996,0.019063707441091537,6.562,-1.762,0.242,112.624,0.91073
1637,98240.73,1,0.187368705868721,0.16575443744659424,0.26893,0.019000573083758354,6.559,-1.764,0.241,112.633,0.91123
1638,98288.3,1,0.19198884069919586,0.1661326140165329,0.26842,0.019814686849713326,6.521,-1.758,0.237,112.502,0.91181
1639,98352.27,1,0.18848168849945068,0.1658274233341217,0.2684,0.019953975453972816,6.508,-1.733,0.234,112.634,0.9108
1640,98416.33,1,0.189979687333107,0.16637614369392395,0.26857,0.020360643044114113,6.486,-1.72,0.227,112.603,0.91077
1641,98480.23,1,0.1953035593032837,0.1695883423089981,0.26734,0.02070881985127926,6.426,-1.698,0.235,112.529,0.9112
1642,98528.37,1,0.19584506750106812,0.16978752613067627,0.26638,0.020601598545908928,6.403,-1.721,0.243,112.516,0.91167
1643,98592.33,1,0.19136977195739746,0.16891390085220337,0.267,0.02052663080394268,6.376,-1.709,0.242,112.523,0.91116
1644,98656.23,1,0.19351035356521606,0.16846498847007751,0.26873,0.020777428522706032,6.34,-1.703,0.261,112.495,0.91121
1645,98720.3,1,0.19007742404937744,0.16706807911396027,0.26905,0.020151717588305473,6.402,-1.677,0.27,112.513,0.91189
1646,98768.57,1,0.18807755410671234,0.1667092740535736,0.26947,0.01972365565598011,6.469,-1.66,0.259,112.504,0.9113
1647,98832.3,1,0.1951441615819931,0.16925638914108276,0.26909,0.020108189433813095,6.484,-1.676,0.277,112.476,0.91198
1648,98896.4,1,0.19124293327331543,0.16830985248088837,0.26884,0.01998268999159336,6.496,-1.679,0.267,112.652,0.91049
1649,98960.3,1,0.19495059549808502,0.1706356257200241,0.26899,0.02005787380039692,6.443,-1.731,0.26,112.517,0.91112
1650,99008.23,1,0.19535280764102936,0.16781769692897797,0.26972,0.020970148965716362,6.41,-1.719,0.299,112.52,0.9105
1651,99072.57,1,0.1893792748451233,0.16618375480175018,0.27068,0.020802106708288193,6.418,-1.719,0.321,112.573,0.91131
1652,99136.37,1,0.18730725347995758,0.1648198366165161,0.27162,0.02015245333313942,6.424,-1.707,0.316,112.606,0.91
1653,99200.6,1,0.18660560250282288,0.16379481554031372,0.27212,0.02005288004875183,6.399,-1.72,0.337,112.474,0.91088
1654,99248.93,1,0.18643930554389954,0.16394191980361938,0.27184,0.019792726263403893,6.387,-1.715,0.341,112.599,0.91032
1655,99312.33,1,0.1861841082572937,0.16276243329048157,0.27175,0.019689401611685753,6.378,-1.739,0.325,112.59,0.91046
1656,99376.27,1,0.18713484704494476,0.16408267617225647,0.27132,0.019565897062420845,6.387,-1.719,0.327,112.493,0.91009
1657,99440.8,1,0.18785037100315094,0.164885014295578,0.271,0.0195979792624712,6.399,-1.721,0.335,112.603,0.91019
1658,99488.33,1,0.1874770224094391,0.16334973275661469,0.27127,0.019518526270985603,6.368,-1.727,0.328,112.577,0.91082
1659,99552.4,1,0.1900227963924408,0.1626814305782318,0.27058,0.02003549598157406,6.355,-1.732,0.331,112.482,0.91114
1660,99616.37,1,0.18530350923538208,0.16049659252166748,0.27081,0.01895468309521675,6.396,-1.745,0.31,112.556,0.91072
1661,99680.63,1,0.18554937839508057,0.1612658053636551,0.27054,0.018758149817585945,6.385,-1.745,0.295,112.586,0.91063
1662,99728.37,1,0.1873103529214859,0.16160644590854645,0.27103,0.018885288387537003,6.382,-1.74,0.308,112.455,0.91023
1663,99792.37,1,0.18790742754936218,0.16211874783039093,0.26931,0.0188608281314373,6.413,-1.697,0.296,112.572,0.91005
1664,99856.3,1,0.18520651757717133,0.16203337907791138,0.26981,0.01899220049381256,6.439,-1.703,0.284,112.548,0.91127
1665,99920.63,1,0.18383318185806274,0.1603829711675644,0.2699,0.01991792768239975,6.464,-1.683,0.279,112.474,0.91111
1666,99968.83,1,0.18214309215545654,0.16038212180137634,0.26986,0.020047428086400032,6.479,-1.668,0.27,112.566,0.91038
1667,100032.53,1,0.18144765496253967,0.1604255586862564,0.26945,0.01971939578652382,6.449,-1.667,0.281,112.558,0.91091
1668,100096.3,1,0.18427881598472595,0.15890498459339142,0.2705,0.02008235454559326,6.311,-1.739,0.321,112.469,0.91009
1669,100160.4,1,0.18194817006587982,0.15797260403633118,0.27062,0.019593888893723488,6.324,-1.749,0.332,112.553,0.91056
1670,100208.33,1,0.18004103004932404,0.15798301994800568,0.27092,0.019238580018281937,6.356,-1.773,0.342,112.542,0.91069
1671,100272.67,1,0.18971960246562958,0.16136987507343292,0.27037,0.019962310791015625,6.18,-1.866,0.373,112.434,0.91113
1672,100336.37,1,0.17877160012722015,0.160527765750885,0.27124,0.01929258555173874,6.324,-1.779,0.322,112.46,0.91115
1673,100400.6,1,0.17837683856487274,0.160279780626297,0.27145,0.0190066397190094,6.345,-1.775,0.327,112.457,0.91064
1674,100448.87,1,0.17870736122131348,0.16015774011611938,0.27157,0.019099166616797447,6.36,-1.772,0.322,112.431,0.91103
1675,100512.33,1,0.17828136682510376,0.16073857247829437,0.2715,0.01904711313545704,6.41,-1.761,0.331,112.437,0.91277
1676,100576.57,1,0.17852020263671875,0.1617584377527237,0.27145,0.018906407058238983,6.419,-1.755,0.324,112.416,0.91217
1677,100640.3,1,0.18154358863830566,0.163633793592453,0.27141,0.018879951909184456,6.421,-1.731,0.324,112.389,0.9129
1678,100688.63,1,0.17993851006031036,0.16406841576099396,0.27089,0.018665749579668045,6.46,-1.729,0.312,112.573,0.9113
1679,100752.3,1,0.1833839863538742,0.16491007804870605,0.27084,0.019574834033846855,6.307,-1.74,0.298,112.43,0.91257
1680,100816.27,1,0.1807195097208023,0.164469376206398,0.27012,0.019319450482726097,6.477,-1.77,0.324,112.391,0.91215
1681,100880.57,1,0.180997833609581,0.16389484703540802,0.2702,0.019212719053030014,6.483,-1.792,0.327,112.517,0.91177
1682,100928.23,1,0.18019674718379974,0.16433492302894592,0.27024,0.018931854516267776,6.495,-1.805,0.317,112.504,0.91284
1683,100992.53,1,0.185257688164711,0.16561241447925568,0.26965,0.01831931620836258,6.424,-1.852,0.323,112.437,0.91204
1684,101056.3,1,0.18177460134029388,0.16426847875118256,0.26811,0.017797579988837242,6.477,-1.833,0.3,112.482,0.9134
1685,101120.37,1,0.17926938831806183,0.163117453455925,0.26966,0.017870068550109863,6.505,-1.82,0.281,112.48,0.91343
1686,101168.37,1,0.18125960230827332,0.16317307949066162,0.26964,0.017867157235741615,6.512,-1.822,0.29,112.376,0.91303
1687,101232.43,1,0.18107961118221283,0.16272826492786407,0.27007,0.018193690106272697,6.527,-1.806,0.296,112.476,0.91236
1688,101296.37,1,0.18139153718948364,0.16227924823760986,0.27059,0.018463347107172012,6.547,-1.826,0.288,112.431,0.91286
1689,101360.3,1,0.18302401900291443,0.1626800000667572,0.27071,0.018569020554423332,6.522,-1.807,0.295,112.357,0.91403
1690,101408.43,1,0.18265125155448914,0.16350355744361877,0.27044,0.018395407125353813,6.493,-1.819,0.303,112.463,0.9136
1691,101472.33,1,0.18179208040237427,0.16386257112026215,0.27116,0.01783698797225952,6.465,-1.82,0.308,112.455,0.91312
1692,101536.23,1,0.18554465472698212,0.16704463958740234,0.27048,0.01800147071480751,6.452,-1.818,0.327,112.387,0.91273
1693,101600.3,1,0.18596263229846954,0.1673755943775177,0.27056,0.018017128109931946,6.461,-1.826,0.335,112.484,0.91264
1694,101648.9,1,0.18571650981903076,0.16725197434425354,0.27059,0.018046466633677483,6.46,-1.822,0.331,112.487,0.91195
1695,101712.67,1,0.18545019626617432,0.16683264076709747,0.27035,0.018066328018903732,6.464,-1.837,0.335,112.362,0.91284
1696,101776.37,1,0.18448881804943085,0.16719597578048706,0.27038,0.017786428332328796,6.469,-1.85,0.335,112.476,0.9131
1697,101840.37,1,0.1860107034444809,0.1672637015581131,0.26977,0.017736904323101044,6.572,-1.82,0.348,112.483,0.91228
1698,101888.77,1,0.19011707603931427,0.16998043656349182,0.26871,0.017988352105021477,6.566,-1.798,0.353,112.424,0.9126
1699,101952.67,1,0.18629324436187744,0.17077039182186127,0.26854,0.017471959814429283,6.641,-1.79,0.338,112.482,0.91166
1700,102016.4,1,0.1839415580034256,0.1716345250606537,0.2691,0.018020030111074448,6.676,-1.748,0.321,112.519,0.9124
1701,102080.87,1,0.6409108638763428,0.5568051338195801,0.07223,0.02627665549516678,6.511,-1.755,0.157,112.429,0.9137
1702,102128.77,1,0.547417402267456,0.5152376890182495,0.07981,0.027910038828849792,6.462,-1.695,0.244,112.442,0.91263
1703,102192.33,1,0.5036012530326843,0.4358658492565155,0.10642,0.028135009109973907,6.297,-1.794,0.302,112.405,0.91283
1704,102256.53,1,0.36141905188560486,0.3173721730709076,0.16111,0.02618659846484661,6.303,-1.853,0.306,112.348,0.91363
1705,102320.8,1,0.34023940563201904,0.27999716997146606,0.17591,0.02506311424076557,6.333,-1.842,0.276,112.381,0.91307
1706,102368.73,1,0.29949134588241577,0.24723856151103973,0.19835,0.023739812895655632,6.342,-1.842,0.26,112.373,0.91323
1707,102432.27,1,0.27797383069992065,0.2344970852136612,0.21109,0.023693779483437538,6.342,-1.838,0.248,112.377,0.91241
1708,102496.3,1,0.2683735489845276,0.22428996860980988,0.21839,0.022934511303901672,6.364,-1.806,0.245,112.531,0.91212
1709,102560.57,1,0.2549540102481842,0.21927200257778168,0.22852,0.022526510059833527,6.357,-1.814,0.273,112.374,0.91231
1710,102608.5,1,0.24923399090766907,0.20783472061157227,0.23316,0.021801777184009552,6.361,-1.793,0.241,112.341,0.91303
1711,102672.37,1,0.24608589708805084,0.20670610666275024,0.23548,0.02103991061449051,6.426,-1.775,0.258,112.422,0.91322
1712,102736.43,1,0.24146030843257904,0.20318661630153656,0.23905,0.020645402371883392,6.396,-1.726,0.254,112.415,0.91343
1713,102800.63,1,0.2432500123977661,0.20383577048778534,0.24058,0.020725086331367493,6.379,-1.75,0.262,112.27,0.91322
1714,102848.93,1,0.242036834359169,0.20465320348739624,0.24083,0.020685797557234764,6.412,-1.713,0.258,112.388,0.91381
1715,102912.47,1,0.23296402394771576,0.20361757278442383,0.24435,0.02085448056459427,6.372,-1.743,0.279,112.393,0.91366
1716,102976.53,1,0.23562432825565338,0.20685940980911255,0.24427,0.02088584564626217,6.356,-1.731,0.292,112.27,0.91368
1717,103040.57,1,0.2343810349702835,0.2076888084411621,0.24465,0.020788662135601044,6.365,-1.721,0.296,112.375,0.91329
1718,103088.4,1,0.23145021498203278,0.20437993109226227,0.24622,0.020729145035147667,6.376,-1.732,0.312,112.363,0.91209
1719,103152.43,1,0.23127292096614838,0.20226003229618073,0.24794,0.021102260798215866,6.32,-1.804,0.337,112.275,0.91195
1720,103216.4,1,0.22798356413841248,0.2015584409236908,0.2488,0.020717062056064606,6.344,-1.796,0.319,112.348,0.91352
1721,103280.53,1,0.2267749309539795,0.20023319125175476,0.25012,0.02011304348707199,6.312,-1.777,0.31,112.354,0.91259
1722,103328.53,1,0.22951363027095795,0.1996968686580658,0.25069,0.020338380709290504,6.293,-1.77,0.311,112.289,0.91248
1723,103392.47,1,0.22702926397323608,0.19960357248783112,0.25098,0.0198210459202528,6.323,-1.738,0.318,112.365,0.91292
1724,103456.37,1,0.22660693526268005,0.19618575274944305,0.25197,0.019561834633350372,6.32,-1.743,0.311,112.376,0.91232
1725,103520.37,1,0.22850368916988373,0.19577696919441223,0.25197,0.01957457698881626,6.293,-1.745,0.333,112.258,0.91351
1726,103568.73,1,0.22559334337711334,0.1934022456407547,0.25311,0.019292796030640602,6.36,-1.769,0.338,112.36,0.91205
1727,103632.4,1,0.2241322547197342,0.19236895442008972,0.25384,0.01922372728586197,6.358,-1.765,0.316,112.365,0.91273
1728,103696.43,1,0.22707173228263855,0.19148939847946167,0.25301,0.0192556269466877,6.367,-1.764,0.293,112.264,0.91163
1729,103760.93,1,0.22736325860023499,0.19022633135318756,0.253,0.01884300634264946,6.37,-1.786,0.291,112.284,0.9116
1730,103808.47,1,0.2261546552181244,0.18963560461997986,0.25342,0.018706578761339188,6.38,-1.796,0.286,112.275,0.91317
1731,103872.53,1,0.22662781178951263,0.19028325378894806,0.25357,0.0184968039393425,6.428,-1.82,0.285,112.265,0.91302
1732,103936.43,1,0.2252589613199234,0.18969513475894928,0.25403,0.01856064796447754,6.478,-1.83,0.299,112.245,0.91315
1733,104000.4,1,0.2240309864282608,0.18833927810192108,0.25471,0.01891237311065197,6.492,-1.843,0.287,112.244,0.91349
1734,104048.73,1,0.22526852786540985,0.18832670152187347,0.25468,0.018874723464250565,6.5,-1.87,0.304,112.238,0.91289
1735,104112.47,1,0.2218494862318039,0.1867617815732956,0.2553,0.01901458390057087,6.498,-1.863,0.303,112.327,0.91347
1736,104176.43,1,0.22023142874240875,0.1863531768321991,0.25563,0.01871875859797001,6.499,-1.868,0.319,112.344,0.91268
1737,104240.5,1,0.2220207154750824,0.18631964921951294,0.25681,0.01963360793888569,6.466,-1.875,0.337,112.239,0.91347
1738,104288.47,1,0.21925799548625946,0.18675096333026886,0.25702,0.019460251554846764,6.455,-1.88,0.34,112.4,0.91224
1739,104352.47,1,0.21857577562332153,0.18895912170410156,0.25742,0.019936315715312958,6.389,-1.893,0.356,112.25,0.91293
1740,104416.43,1,0.2174324095249176,0.18914289772510529,0.2573,0.020036708563566208,6.386,-1.852,0.356,112.249,0.91345
1741,104480.63,1,0.21163612604141235,0.18860305845737457,0.25793,0.018956564366817474,6.471,-1.773,0.369,112.327,0.91356
1742,104528.77,1,0.21159657835960388,0.1880938559770584,0.2583,0.019135555252432823,6.486,-1.784,0.351,112.332,0.91317
1743,104592.37,1,0.21233060956001282,0.18954582512378693,0.25854,0.018999900668859482,6.519,-1.729,0.345,112.253,0.91215
1744,104656.77,1,0.2112174779176712,0.18806397914886475,0.25943,0.01901877112686634,6.513,-1.748,0.342,112.341,0.91318
1745,104720.6,1,0.21003705263137817,0.18691380321979523,0.2602,0.01896994560956955,6.489,-1.742,0.35,112.332,0.91289
1746,104768.73,1,0.21286801993846893,0.18620795011520386,0.25996,0.019182775169610977,6.412,-1.816,0.355,112.29,0.91215
1747,104832.47,1,0.20858705043792725,0.18398486077785492,0.26129,0.01878267340362072,6.453,-1.798,0.351,112.338,0.91274
1748,104896.47,1,0.20522679388523102,0.18207675218582153,0.26176,0.01877470128238201,6.468,-1.801,0.364,112.341,0.91248
1749,104960.33,1,0.20601524412631989,0.18139144778251648,0.2616,0.01840704120695591,6.464,-1.794,0.367,112.259,0.91214
1750,105008.83,1,0.20502448081970215,0.18122026324272156,0.26139,0.017714887857437134,6.474,-1.799,0.373,112.346,0.91299
1751,105072.43,1,0.20525212585926056,0.18124675750732422,0.26171,0.017530977725982666,6.472,-1.803,0.37,112.351,0.91292
1752,105136.4,1,0.20515412092208862,0.18010744452476501,0.26172,0.01747123897075653,6.469,-1.794,0.349,112.282,0.91237
1753,105200.77,1,0.2065911740064621,0.18076525628566742,0.2618,0.017449406906962395,6.438,-1.805,0.353,112.368,0.91331
1754,105248.47,1,0.2054651379585266,0.1798846572637558,0.26198,0.017565442249178886,6.418,-1.789,0.349,112.365,0.91347
1755,105312.6,1,0.21243765950202942,0.18005439639091492,0.26211,0.018889393657445908,6.321,-1.756,0.363,112.246,0.91383
1756,105376.5,1,0.21278002858161926,0.18265141546726227,0.26099,0.01856064796447754,6.35,-1.769,0.369,112.334,0.91308
1757,105440.6,1,0.20837020874023438,0.1829361617565155,0.26194,0.018025269731879234,6.399,-1.781,0.363,112.353,0.91321
1758,105488.37,1,0.20748476684093475,0.18415381014347076,0.26227,0.018205737695097923,6.408,-1.788,0.355,112.245,0.91327
1759,105552.43,1,0.20380790531635284,0.18341390788555145,0.26237,0.018148280680179596,6.41,-1.804,0.328,112.266,0.91333
1760,105616.53,1,0.2019384503364563,0.1813659369945526,0.26319,0.017770014703273773,6.466,-1.823,0.321,112.224,0.91308
1761,105680.73,1,0.20159846544265747,0.17945432662963867,0.26334,0.017811929807066917,6.36,-1.872,0.34,112.169,0.91344
1762,105728.7,1,0.1995145082473755,0.17903666198253632,0.26292,0.017739122733473778,6.359,-1.865,0.343,112.225,0.91355
1763,105792.4,1,0.19958588480949402,0.17788325250148773,0.26274,0.01750396192073822,6.368,-1.879,0.336,112.21,0.91356
1764,105856.4,1,0.20334486663341522,0.17767657339572906,0.26298,0.018902573734521866,6.35,-1.878,0.37,112.196,0.91429
1765,105920.5,1,0.20160558819770813,0.17732398211956024,0.26316,0.018749089911580086,6.338,-1.87,0.383,112.245,0.91421
1766,105968.33,1,0.20179155468940735,0.1768997460603714,0.26294,0.018665572628378868,6.354,-1.865,0.39,112.248,0.91345
1767,106032.4,1,0.20410560071468353,0.1763802021741867,0.26284,0.018384424969553947,6.312,-1.857,0.382,111.966,0.91259
1768,106096.4,1,0.20215845108032227,0.17533539235591888,0.26283,0.017789818346500397,6.368,-1.858,0.409,111.991,0.91229
1769,106160.73,1,0.2035776674747467,0.17620503902435303,0.2629,0.018437230959534645,6.402,-1.887,0.393,111.812,0.9125
1770,106208.6,1,0.2025841921567917,0.17529664933681488,0.26256,0.01821771450340748,6.397,-1.893,0.384,111.781,0.9128
1771,106272.4,1,0.19837194681167603,0.17615126073360443,0.26279,0.017880313098430634,6.426,-1.894,0.355,111.883,0.91295
1772,106336.4,1,0.2017432600259781,0.17933768033981323,0.26221,0.018768010661005974,6.496,-1.88,0.305,111.893,0.91247
1773,106400.4,1,0.5990505814552307,0.5206085443496704,0.08458,0.026870494708418846,6.297,-1.828,0.115,111.822,0.91215
1774,106448.77,1,0.5339075326919556,0.519828200340271,0.09015,0.026164542883634567,6.323,-1.813,0.119,111.921,0.91161
1775,106512.43,1,0.5228767395019531,0.4834398925304413,0.10223,0.026091020554304123,6.305,-1.809,0.204,111.877,0.91158
1776,106576.3,1,0.4876788258552551,0.4376412630081177,0.11943,0.025425665080547333,6.304,-1.847,0.215,111.78,0.91182
1777,106640.47,1,0.4512328803539276,0.3759597837924957,0.14015,0.024203531444072723,6.394,-1.853,0.214,111.741,0.9138
1778,106688.4,1,0.39978206157684326,0.34538131952285767,0.1583,0.02348043955862522,6.413,-1.854,0.234,111.693,0.91449
1779,106752.43,1,0.3545035421848297,0.3093726336956024,0.18118,0.02296190895140171,6.333,-1.837,0.253,110.635,0.92759
1780,106816.4,1,0.33253929018974304,0.2792171239852905,0.19569,0.02207026071846485,6.527,-1.786,0.203,110.688,0.92866
1781,106880.47,1,0.30166390538215637,0.2623516917228699,0.21013,0.021051719784736633,6.536,-1.82,0.21,110.671,0.92981
1782,106928.3,1,0.2944735288619995,0.2551674246788025,0.21489,0.021603437140583992,6.564,-1.856,0.215,110.406,0.93731
1783,106992.43,1,0.28471639752388,0.24368789792060852,0.22006,0.02125917747616768,6.555,-1.859,0.177,110.518,0.93741
1784,107056.47,1,0.2714309096336365,0.23639288544654846,0.22438,0.021271679550409317,6.558,-1.876,0.166,110.484,0.93869
1785,107120.9,1,0.262367308139801,0.233811616897583,0.22877,0.022211432456970215,6.566,-1.908,0.177,110.418,0.93708
1786,107168.4,1,0.26076170802116394,0.23374709486961365,0.22981,0.022380631417036057,6.545,-1.889,0.175,110.642,0.93646
1787,107232.4,1,0.2562420070171356,0.22878098487854004,0.23256,0.022120658308267593,6.536,-1.891,0.164,110.701,0.93647
1788,107296.3,1,0.24922101199626923,0.22326542437076569,0.23609,0.021755684167146683,6.571,-1.892,0.175,111.336,0.93028
1789,107360.77,1,0.2434913069009781,0.22074303030967712,0.23802,0.021723106503486633,6.538,-1.935,0.177,111.512,0.92942
1790,107408.63,1,0.24187368154525757,0.22072768211364746,0.23865,0.021332085132598877,6.551,-1.93,0.162,111.484,0.92943
1791,107472.43,1,0.2412009984254837,0.21315421164035797,0.24036,0.021293284371495247,6.583,-1.957,0.148,111.395,0.92908
1792,107536.37,1,0.23600566387176514,0.2132362574338913,0.24098,0.02064715325832367,6.603,-1.944,0.157,111.446,0.92821
1793,107600.37,1,0.23315031826496124,0.21074026823043823,0.24176,0.02047087624669075,6.581,-1.894,0.189,111.429,0.9289
1794,107648.4,1,0.23803742229938507,0.2103680968284607,0.242,0.020364224910736084,6.5,-1.961,0.217,111.411,0.9288
1795,107712.7,1,0.23594625294208527,0.21413056552410126,0.2421,0.0201110877096653,6.47,-1.954,0.189,111.465,0.92962
1796,107776.63,1,0.23528122901916504,0.21327555179595947,0.24259,0.020248815417289734,6.458,-1.939,0.177,111.494,0.92929
1797,107840.6,1,0.23489779233932495,0.21410372853279114,0.2433,0.01986781693994999,6.46,-1.991,0.169,111.484,0.92977
1798,107888.6,1,0.23105905950069427,0.20971953868865967,0.24468,0.019607089459896088,6.484,-2.003,0.14,111.703,0.9282
1799,107952.4,1,0.23319147527217865,0.2106991559267044,0.24483,0.020082594826817513,6.434,-1.98,0.125,111.548,0.92872
1800,108016.33,1,0.2249370664358139,0.20936304330825806,0.24594,0.020294472575187683,6.502,-1.979,0.184,111.537,0.92966
1801,108080.77,1,0.22078007459640503,0.20666395127773285,0.24721,0.02002294920384884,6.482,-1.979,0.192,111.641,0.92854
1802,108128.53,1,0.21904636919498444,0.20547997951507568,0.24796,0.020097067579627037,6.469,-1.988,0.21,111.669,0.92697
1803,108192.7,1,0.21966537833213806,0.2048284113407135,0.24837,0.0201229527592659,6.479,-1.977,0.214,111.582,0.92748
1804,108256.37,1,0.21494539082050323,0.20218883454799652,0.24975,0.019925924018025398,6.436,-1.997,0.221,111.665,0.92852
1805,108320.87,1,0.21233850717544556,0.20145945250988007,0.25044,0.019606713205575943,6.483,-1.965,0.223,111.633,0.92872
1806,108368.6,1,0.21568331122398376,0.2046462595462799,0.25286,0.01972687430679798,6.447,-1.996,0.265,111.53,0.92866
1807,108432.3,1,0.21357695758342743,0.20513316988945007,0.25296,0.01963363215327263,6.483,-1.985,0.246,111.618,0.92851
1808,108496.63,1,0.2143036127090454,0.20496949553489685,0.25298,0.019395999610424042,6.507,-2.016,0.247,111.625,0.92851
1809,108560.27,1,0.2184266746044159,0.20433776080608368,0.25258,0.019473673775792122,6.47,-2.01,0.263,111.513,0.92999
1810,108608.87,1,0.21824102103710175,0.2054823935031891,0.25229,0.01943526603281498,6.46,-2.016,0.26,111.589,0.92895
1811,108672.33,1,0.21819908916950226,0.20528317987918854,0.25225,0.019459037110209465,6.438,-2.018,0.247,111.594,0.92836
1812,108736.4,1,0.21975618600845337,0.2059263437986374,0.25252,0.019964812323451042,6.422,-2.029,0.231,111.495,0.92909
1813,108800.23,1,0.21424858272075653,0.20521755516529083,0.25323,0.019548820331692696,6.463,-2.027,0.239,111.622,0.92779
1814,108864.17,1,0.21382389962673187,0.2026628851890564,0.25405,0.01974526047706604,6.445,-2.025,0.245,111.626,0.92784
1815,108912.17,1,0.2144276648759842,0.2011622190475464,0.25414,0.02022983878850937,6.447,-2.016,0.244,111.503,0.92871
1816,108976.27,1,0.21549484133720398,0.19893302023410797,0.2525,0.019622938707470894,6.497,-1.965,0.22,111.631,0.92819
1817,109040.57,1,0.21574534475803375,0.1999291479587555,0.25322,0.019279828295111656,6.58,-1.947,0.237,111.624,0.92734
1818,109104.17,1,0.2180526703596115,0.20038694143295288,0.25364,0.018991580232977867,6.574,-1.96,0.24,111.51,0.9275
1819,109152.5,1,0.21466709673404694,0.20012474060058594,0.25364,0.018474454060196877,6.583,-1.966,0.226,111.612,0.92672
1820,109216.23,1,0.2155299186706543,0.20024944841861725,0.25362,0.0184829942882061,6.567,-1.989,0.22,111.615,0.92739
1821,109280.37,1,0.2171010822057724,0.20022499561309814,0.25426,0.0190289206802845,6.483,-2.015,0.178,111.507,0.92773
1822,109344.53,1,0.21651561558246613,0.20335055887699127,0.25374,0.01833439990878105,6.546,-2.0,0.162,111.499,0.92808
1823,109392.2,1,0.3914501667022705,0.35098206996917725,0.16618,0.023550281301140785,6.699,-1.961,0.183,111.51,0.92877
1824,109456.3,1,0.4977884888648987,0.5134947299957275,0.09895,0.02573254704475403,6.677,-1.93,0.281,111.45,0.92913
1825,109520.6,1,0.4709908962249756,0.47518014907836914,0.11249,0.025220178067684174,6.569,-1.908,0.309,111.476,0.92888
1826,109584.33,1,0.44799715280532837,0.4343694746494293,0.12789,0.025118371471762657,6.507,-1.873,0.243,111.453,0.93051
1827,109632.23,1,0.3928198516368866,0.3993655741214752,0.14821,0.02397814579308033,6.463,-1.921,0.263,111.472,0.92925
1828,109696.23,1,0.3593296408653259,0.34210386872291565,0.17046,0.02236587181687355,6.442,-1.904,0.23,111.595,0.93014
1829,109760.3,1,0.3328973352909088,0.30869418382644653,0.18709,0.021117307245731354,6.432,-1.884,0.223,111.472,0.93009
1830,109824.47,1,0.31594333052635193,0.2792648673057556,0.20003,0.02074425108730793,6.451,-1.895,0.174,111.428,0.93004
1831,109872.17,1,0.29823851585388184,0.2625928521156311,0.21005,0.020526306703686714,6.462,-1.899,0.139,111.553,0.92928
1832,109936.23,1,0.2851724922657013,0.2503264248371124,0.21797,0.020120400935411453,6.523,-1.913,0.116,111.524,0.93009
1833,110000.2,1,0.27465376257896423,0.24439971148967743,0.2253,0.01925075240433216,6.476,-1.952,0.112,111.41,0.92974
1834,110064.43,1,0.26896655559539795,0.23029622435569763,0.23088,0.019276058301329613,6.397,-1.955,0.043,111.526,0.9299
1835,110112.27,1,0.2662515342235565,0.23283061385154724,0.23192,0.019092513248324394,6.478,-1.933,0.01,111.513,0.92984
1836,110176.23,1,0.2585923671722412,0.23213277757167816,0.23531,0.01924479380249977,6.491,-1.948,0.025,111.408,0.92963
1837,110240.7,1,0.2500120997428894,0.22881291806697845,0.23726,0.018930763006210327,6.5,-1.948,0.017,111.493,0.92931
1838,110304.33,1,0.24856548011302948,0.22634437680244446,0.23826,0.01860218122601509,6.512,-1.939,0.002,111.494,0.92989
1839,110352.23,1,0.2401033639907837,0.225490003824234,0.2411,0.018382864072918892,6.497,-1.965,0.022,111.419,0.92979
1840,110416.3,1,0.23858897387981415,0.22443075478076935,0.24162,0.018256261944770813,6.494,-1.955,0.016,111.486,0.93001
1841,110480.7,1,0.23462289571762085,0.22317244112491608,0.24263,0.018063433468341827,6.496,-1.966,0.016,111.514,0.92975
1842,110544.17,1,0.23404981195926666,0.22218286991119385,0.24385,0.01850227639079094,6.476,-1.963,0.014,111.421,0.92803
1843,110592.53,1,0.2309739738702774,0.222249835729599,0.24413,0.018141115084290504,6.458,-1.977,0.006,111.518,0.92826
1844,110656.27,1,0.23075655102729797,0.22039848566055298,0.24528,0.01811789534986019,6.449,-1.98,0.005,111.505,0.92871
1845,110720.43,1,0.23282359540462494,0.2225312441587448,0.24524,0.018931955099105835,6.402,-2.023,-0.004,111.408,0.92899
1846,110784.43,1,0.23219504952430725,0.22486092150211334,0.24441,0.018744172528386116,6.428,-2.015,-0.016,111.48,0.92925
1847,110832.4,1,0.22835379838943481,0.22412973642349243,0.2454,0.018535824492573738,6.432,-2.02,-0.0,111.501,0.92925
1848,110896.17,1,0.23316623270511627,0.2251684069633484,0.24503,0.01859246753156185,6.427,-2.032,0.005,111.388,0.92844
1849,110960.53,1,0.23214496672153473,0.2266640067100525,0.24497,0.01844319887459278,6.433,-2.033,-0.001,111.464,0.92975
1850,111024.47,1,0.22900664806365967,0.22615811228752136,0.24483,0.01840105839073658,6.509,-2.022,-0.026,111.476,0.92857
1851,111072.17,1,0.22888322174549103,0.22530397772789001,0.24602,0.018966464325785637,6.482,-2.003,-0.02,111.385,0.92965
1852,111136.23,1,0.22616374492645264,0.2225426286458969,0.24627,0.01888994500041008,6.545,-1.983,-0.068,111.391,0.92956
1853,111200.23,1,0.22222472727298737,0.22103510797023773,0.24808,0.019366858527064323,6.515,-1.963,-0.055,111.354,0.9298
1854,111264.17,1,0.22710846364498138,0.22274667024612427,0.24713,0.01981429196894169,6.516,-1.959,-0.068,111.343,0.92954
1855,111312.23,1,0.22594785690307617,0.22270740568637848,0.24702,0.01931736432015896,6.491,-1.962,-0.069,111.348,0.93082
1856,111376.23,1,0.22723641991615295,0.22323796153068542,0.247,0.01950785703957081,6.419,-1.984,-0.06,111.328,0.92986
1857,111440.63,1,0.22830142080783844,0.2241717278957367,0.24672,0.019527506083250046,6.397,-1.997,-0.05,111.34,0.92982
1858,111504.47,1,0.2299955040216446,0.22495119273662567,0.24613,0.019289657473564148,6.391,-1.999,-0.032,111.484,0.93031
1859,111552.33,1,0.23181070387363434,0.22323715686798096,0.24621,0.019560107961297035,6.425,-2.0,-0.049,111.321,0.93092
1860,111616.4,1,0.22826750576496124,0.22271117568016052,0.24724,0.019050348550081253,6.41,-1.984,-0.016,111.312,0.93084
1861,111680.13,1,0.22549231350421906,0.21800954639911652,0.24856,0.018632939085364342,6.34,-2.025,0.001,111.423,0.92994
1862,111744.47,1,0.225180521607399,0.21592609584331512,0.24883,0.01900240033864975,6.354,-2.029,0.007,111.424,0.93056
1863,111792.17,1,0.24151650071144104,0.2379332035779953,0.24044,0.019298531115055084,6.212,-2.083,0.019,111.31,0.93069
1864,111856.2,1,0.30308571457862854,0.29701781272888184,0.2097,0.020079853013157845,6.212,-2.081,0.034,111.407,0.93096
1865,111920.2,1,0.3160191476345062,0.3391897976398468,0.19552,0.020249953493475914,6.181,-2.048,0.051,111.404,0.93066
1866,111984.27,1,0.3217250406742096,0.34846144914627075,0.19266,0.01995585486292839,6.2,-2.076,0.059,111.328,0.93061
1867,112032.17,1,0.32826292514801025,0.3594427704811096,0.18759,0.019919710233807564,6.232,-2.082,0.075,111.4,0.93011
1868,112096.17,1,0.3299318253993988,0.3584243059158325,0.18725,0.01979733631014824,6.213,-2.069,0.109,111.378,0.93058
1869,112160.3,1,0.3346234858036041,0.3597351908683777,0.18828,0.019714033231139183,6.205,-2.06,0.176,111.286,0.92958
1870,112224.5,1,0.3243904113769531,0.33884045481681824,0.19433,0.018767468631267548,6.383,-2.004,0.186,111.364,0.93053
1871,112272.2,1,0.38115614652633667,0.413627028465271,0.15473,0.01944652572274208,6.565,-1.956,0.276,111.37,0.92976
1872,112336.27,1,0.4783402681350708,0.4872210919857025,0.10047,0.021438071504235268,6.948,-1.761,0.292,111.281,0.93021
1873,112400.53,1,0.47982802987098694,0.48461246490478516,0.10128,0.01877705752849579,7.038,-1.791,0.392,111.381,0.93006
1874,112464.23,1,0.4308588206768036,0.41786259412765503,0.12617,0.016309186816215515,7.034,-1.796,0.438,111.368,0.93097
1875,112512.23,1,0.3955079913139343,0.34781354665756226,0.15175,0.014208406209945679,7.082,-1.793,0.44,111.244,0.9317
1876,112576.6,1,0.3582724332809448,0.3160344958305359,0.17086,0.012619731947779655,7.147,-1.808,0.372,111.211,0.93154
1877,112640.53,1,0.3185017704963684,0.28871285915374756,0.18845,0.011280301958322525,7.178,-1.799,0.385,111.218,0.93242
1878,112704.43,1,0.29780885577201843,0.2760673463344574,0.1996,0.010412003844976425,7.191,-1.836,0.387,110.273,0.93973
1879,112752.17,1,0.2832030653953552,0.2705560624599457,0.20703,0.009724815376102924,7.226,-1.851,0.393,110.345,0.93936
1880,112816.17,1,0.2744300067424774,0.26121315360069275,0.21482,0.009206738322973251,7.205,-1.868,0.37,110.351,0.94038
1881,112880.17,1,0.27292704582214355,0.25384408235549927,0.22172,0.008321895264089108,7.026,-1.93,0.353,110.253,0.93906
1882,112944.6,1,0.27250435948371887,0.2550300359725952,0.22246,0.007605894468724728,6.933,-1.944,0.344,110.317,0.94074
1883,112992.2,1,0.2707482874393463,0.2532908022403717,0.22449,0.007112068124115467,6.821,-1.934,0.348,110.307,0.9396
1884,113056.33,1,0.28129842877388,0.25683537125587463,0.22454,0.007395862601697445,6.708,-1.925,0.344,110.189,0.94056
1885,113120.63,1,0.2773466110229492,0.2602172791957855,0.22482,0.006688079331070185,6.678,-1.889,0.335,110.207,0.94059
1886,113184.3,1,0.27700042724609375,0.2560110092163086,0.2265,0.006135443225502968,6.643,-1.851,0.378,110.233,0.94012
1887,113232.5,1,0.2773701846599579,0.254999041557312,0.22685,0.00583965890109539,6.624,-1.821,0.376,110.169,0.93972
1888,113296.17,1,0.27501338720321655,0.2567576467990875,0.22682,0.005645526107400656,6.568,-1.781,0.358,110.307,0.94038
1889,113360.43,1,0.2809949219226837,0.25673171877861023,0.2264,0.00547525892034173,6.473,-1.758,0.373,110.201,0.93948
1890,113424.43,1,0.27681270241737366,0.2611066699028015,0.22483,0.005771344993263483,6.459,-1.772,0.312,110.145,0.94158
1891,113472.17,1,0.2730259597301483,0.2557623088359833,0.22624,0.005563508719205856,6.372,-1.817,0.322,110.277,0.94009
1892,113536.17,1,0.2680623531341553,0.25234416127204895,0.22847,0.00536093395203352,6.377,-1.805,0.343,110.274,0.93996
1893,113600.47,1,0.26880010962486267,0.25141826272010803,0.2291,0.005360496696084738,6.354,-1.792,0.364,110.142,0.94085
1894,113664.47,1,0.26868748664855957,0.2527855634689331,0.22856,0.005421983078122139,6.337,-1.789,0.358,110.246,0.9407
1895,113712.1,1,0.26549866795539856,0.25252845883369446,0.22833,0.005310875363647938,6.315,-1.794,0.372,110.235,0.9402
1896,113776.1,1,0.2746909260749817,0.2556364834308624,0.22752,0.005547136068344116,6.248,-1.77,0.348,110.131,0.94166
1897,113840.5,1,0.27004674077033997,0.25944310426712036,0.22663,0.005602088291198015,6.274,-1.781,0.302,110.225,0.94085
1898,113904.43,1,0.2732294499874115,0.256752073764801,0.22832,0.005630700383335352,6.172,-1.75,0.303,110.204,0.94103
1899,113952.17,1,0.27247047424316406,0.25457367300987244,0.22836,0.005736988037824631,6.143,-1.761,0.3,110.106,0.94122
1900,114016.17,1,0.26692166924476624,0.2523653209209442,0.22914,0.0055720992386341095,6.124,-1.798,0.303,110.205,0.94172
1901,114080.4,1,0.2655612826347351,0.25116807222366333,0.23004,0.0054329331032931805,6.077,-1.782,0.309,110.224,0.94101
1902,114144.1,1,0.26707324385643005,0.25342777371406555,0.22928,0.005365751218050718,6.07,-1.782,0.288,110.118,0.94154
1903,114192.53,1,0.26501166820526123,0.25367122888565063,0.22916,0.0052432711236178875,6.086,-1.789,0.258,110.201,0.94053
1904,114256.27,1,0.2664092779159546,0.2542640268802643,0.22936,0.0052519068121910095,6.063,-1.776,0.249,110.188,0.93997
1905,114320.4,1,0.2668839991092682,0.2628891170024872,0.22747,0.0053147003054618835,6.08,-1.787,0.234,110.075,0.94102
1906,114384.5,1,0.2656513452529907,0.26154088973999023,0.2276,0.005235602147877216,6.083,-1.788,0.204,110.201,0.94111
1907,114432.2,1,0.2650752365589142,0.2591949999332428,0.22823,0.005005285143852234,6.104,-1.812,0.165,110.198,0.94137
1908,114496.17,1,0.2707103490829468,0.25992777943611145,0.22844,0.005196130368858576,6.053,-1.863,0.177,110.168,0.94025
1909,114560.2,1,0.26819121837615967,0.2613234519958496,0.22857,0.005249684676527977,6.073,-1.886,0.158,110.254,0.94161
1910,114624.43,1,0.26804715394973755,0.26282238960266113,0.22824,0.005093014799058437,6.038,-1.903,0.156,110.256,0.94096
1911,114672.17,1,0.2729317545890808,0.26408445835113525,0.22771,0.005214584991335869,6.051,-1.873,0.125,110.162,0.94109
1912,114736.2,1,0.27189624309539795,0.26521626114845276,0.22812,0.0051938993856310844,6.055,-1.889,0.121,110.146,0.9422
1913,114800.57,1,0.2711105942726135,0.2653346359729767,0.22778,0.005105904769152403,6.077,-1.876,0.114,110.165,0.94134
1914,114864.4,1,0.27831870317459106,0.2656254768371582,0.22758,0.005170106887817383,6.057,-1.875,0.109,110.146,0.94246
1915,114912.23,1,0.3147539794445038,0.2918512225151062,0.20881,0.005621080752462149,6.153,-1.87,0.08,110.249,0.94211
1916,114976.27,1,0.5871619582176208,0.5653975009918213,0.08347,0.006888698320835829,5.943,-1.928,0.051,110.285,0.94267
1917,115040.33,1,0.5631477236747742,0.5506616830825806,0.07737,0.006665836554020643,6.151,-1.824,0.076,110.152,0.94316
1918,115104.5,1,0.5386382341384888,0.5240048170089722,0.08601,0.0062637231312692165,6.145,-1.831,0.112,110.288,0.94225
1919,115152.17,1,0.4911715090274811,0.4866222143173218,0.10533,0.005976391490548849,6.121,-1.798,0.157,110.143,0.94175
1920,115216.23,1,0.43301939964294434,0.43510690331459045,0.12997,0.005661880597472191,6.314,-1.684,0.163,110.175,0.94195
1921,115280.13,1,0.3960459232330322,0.4124548137187958,0.14516,0.005159019026905298,6.295,-1.676,0.148,110.234,0.94286
1922,115344.23,1,0.38106048107147217,0.38817742466926575,0.1553,0.004874777048826218,6.386,-1.671,0.125,110.237,0.94198
1923,115392.6,1,0.3759992718696594,0.37881410121917725,0.16363,0.0048977769911289215,6.246,-1.721,0.158,110.089,0.94352
1924,115456.13,1,0.36168187856674194,0.3637024462223053,0.17073,0.0048260740004479885,6.331,-1.723,0.149,110.177,0.94319
1925,115520.4,1,0.3530829846858978,0.35638856887817383,0.17784,0.004649104550480843,6.33,-1.724,0.157,110.198,0.94252
1926,115584.4,1,0.35420918464660645,0.3532707691192627,0.18114,0.004683760926127434,6.344,-1.758,0.155,110.078,0.94239
1927,115632.2,1,0.34603065252304077,0.34844017028808594,0.18392,0.004611478187143803,6.363,-1.761,0.133,110.197,0.94149
1928,115696.13,1,0.3398514986038208,0.3383606970310211,0.18867,0.004545654635876417,6.321,-1.773,0.124,110.198,0.94279
1929,115760.2,1,0.33687058091163635,0.32920920848846436,0.19231,0.004532546270638704,6.337,-1.743,0.101,110.116,0.94155
1930,115824.3,1,0.32410740852355957,0.3147345185279846,0.19687,0.004373133648186922,6.399,-1.758,0.077,110.224,0.94089
1931,115872.57,1,0.32002750039100647,0.31146475672721863,0.19953,0.0043448894284665585,6.338,-1.769,0.099,110.188,0.94157
1932,115936.1,1,0.3164135217666626,0.3071233630180359,0.20225,0.004503571894019842,6.284,-1.781,0.114,110.098,0.94115
1933,116000.57,1,0.30816441774368286,0.3050999343395233,0.20358,0.004277227446436882,6.39,-1.792,0.082,110.152,0.94115
1934,116064.47,1,0.3054101765155792,0.3044399321079254,0.20491,0.004259207285940647,6.36,-1.776,0.085,110.148,0.94118
1935,116112.2,1,0.30842146277427673,0.30414044857025146,0.20639,0.004376756027340889,6.349,-1.758,0.066,110.039,0.94179
1936,116176.17,1,0.31004878878593445,0.3098149597644806,0.20409,0.004417655523866415,6.427,-1.779,0.079,110.124,0.94189
1937,116240.77,1,0.3075025975704193,0.3013233244419098,0.20693,0.004460606258362532,6.256,-1.825,0.159,110.153,0.94138
1938,116304.33,1,0.30357614159584045,0.30120325088500977,0.2077,0.004591156262904406,6.239,-1.831,0.179,110.054,0.94142
1939,116352.43,1,0.3035954535007477,0.3006165325641632,0.20828,0.004634581506252289,6.221,-1.855,0.187,110.097,0.94302
1940,116416.1,1,0.29967057704925537,0.29810628294944763,0.20947,0.004701582249253988,6.201,-1.861,0.178,110.121,0.94221
1941,116480.17,1,0.30624252557754517,0.29886746406555176,0.21059,0.004742860794067383,6.086,-1.906,0.198,110.041,0.94235
1942,116544.1,1,0.30243396759033203,0.30055543780326843,0.20999,0.004700770135968924,6.141,-1.917,0.167,110.033,0.94233
1943,116592.1,1,0.30300769209861755,0.2991621196269989,0.21069,0.004820498637855053,6.125,-1.915,0.169,110.047,0.94162
1944,116656.13,1,0.30522653460502625,0.30319732427597046,0.20989,0.004906059708446264,6.298,-1.922,0.133,110.042,0.94125
1945,116720.23,1,0.3014576733112335,0.30396732687950134,0.2093,0.004902648273855448,6.322,-1.925,0.116,110.155,0.94044
1946,116784.3,1,0.29868024587631226,0.2988867163658142,0.21133,0.0048528024926781654,6.308,-1.909,0.115,110.134,0.94095
1947,116832.1,1,0.3006322383880615,0.297725111246109,0.2115,0.004826632793992758,6.301,-1.865,0.112,110.06,0.93917
1948,116896.17,1,0.29877060651779175,0.2969543933868408,0.21142,0.004837658256292343,6.284,-1.881,0.097,110.149,0.94151
1949,116960.2,1,0.3003254532814026,0.29376161098480225,0.21281,0.004852731712162495,6.293,-1.853,0.076,110.027,0.94178
1950,117024.37,1,0.29966211318969727,0.2951178252696991,0.21273,0.004954829346388578,6.309,-1.852,0.08,110.049,0.94007
1951,117072.43,1,0.29479163885116577,0.29050448536872864,0.21328,0.004921799059957266,6.35,-1.855,0.109,110.117,0.94153
1952,117136.1,1,0.29062750935554504,0.2856503427028656,0.21516,0.0045465645380318165,6.34,-1.857,0.165,110.101,0.94066
1953,117200.03,1,0.29276710748672485,0.2843831479549408,0.21594,0.004692879039794207,6.346,-1.825,0.176,109.99,0.94113
1954,117264.4,1,0.28563058376312256,0.2813820540904999,0.21655,0.004570777993649244,6.368,-1.834,0.143,110.068,0.94186
1955,117312.03,1,0.2829389274120331,0.2835841774940491,0.2166,0.004569475073367357,6.324,-1.851,0.144,110.102,0.94129
1956,117376.13,1,0.2868078052997589,0.2875939905643463,0.21583,0.004562868271023035,6.328,-1.856,0.157,109.963,0.94141
1957,117440.17,1,0.28199532628059387,0.2875654697418213,0.21541,0.004429632797837257,6.341,-1.854,0.144,110.082,0.94095
1958,117504.4,1,0.2814646363258362,0.28799986839294434,0.21553,0.004262221977114677,6.264,-1.873,0.158,110.098,0.9414
1959,117552.03,1,0.5382988452911377,0.47891759872436523,0.10616,0.00629339599981904,6.165,-1.839,0.05,110.044,0.94161
1960,117616.1,1,0.5813417434692383,0.5382479429244995,0.0782,0.0060701933689415455,6.232,-1.778,0.043,110.104,0.94125
1961,117680.3,1,0.556873083114624,0.5166686773300171,0.08544,0.005990688223391771,6.221,-1.789,0.094,110.049,0.94243
1962,117744.03,1,0.5064921379089355,0.49059972167015076,0.09985,0.005771832074970007,6.216,-1.752,0.147,109.938,0.94201
1963,117792.13,1,0.45677414536476135,0.4321712553501129,0.12315,0.005419927183538675,6.184,-1.743,0.115,110.039,0.94147
1964,117856.23,1,0.42281702160835266,0.4000546634197235,0.14004,0.005121702328324318,6.196,-1.82,0.12,110.009,0.94291
1965,117920.33,1,0.4033163785934448,0.3818293809890747,0.15356,0.004939614329487085,6.12,-1.794,0.152,109.851,0.94359
1966,117984.4,1,0.36685609817504883,0.36548760533332825,0.1646,0.004821038339287043,6.21,-1.808,0.149,109.965,0.94311
1967,118032.17,1,0.3543248772621155,0.35706812143325806,0.17029,0.004718875978142023,6.197,-1.803,0.156,109.987,0.94182
1968,118096.27,1,0.3440466821193695,0.340456485748291,0.17831,0.004843942821025848,6.225,-1.778,0.146,109.902,0.94115
1969,118160.27,1,0.33975526690483093,0.33672040700912476,0.18006,0.0045606461353600025,6.268,-1.811,0.147,110.022,0.94063
1970,118224.23,1,0.3298022150993347,0.3296944499015808,0.18473,0.004385799635201693,6.263,-1.828,0.163,110.019,0.9402
1971,118272.07,1,0.32965710759162903,0.33029136061668396,0.18719,0.004730508662760258,6.262,-1.919,0.207,109.945,0.93944
1972,118336.17,1,0.31785476207733154,0.3255425989627838,0.19066,0.0047181094996631145,6.418,-1.963,0.19,109.952,0.9398
1973,118400.3,1,0.3031950294971466,0.3211957514286041,0.19573,0.004612667020410299,6.41,-1.968,0.2,109.978,0.94064
1974,118464.3,1,0.3024347722530365,0.31371238827705383,0.20048,0.004518616944551468,6.302,-1.963,0.173,109.945,0.93955
1975,118512.5,1,0.2993490695953369,0.3103276193141937,0.20278,0.004433876369148493,6.276,-1.975,0.169,109.977,0.94019
1976,118576.1,1,0.2829943895339966,0.2965496778488159,0.21347,0.004649223759770393,5.968,-1.941,0.23,109.994,0.94027
1977,118640.53,1,0.29481032490730286,0.29211708903312683,0.21404,0.005684807430952787,5.789,-1.926,0.256,109.976,0.94118
1978,118704.1,1,0.2893599569797516,0.2739455997943878,0.2159,0.0069617475382983685,5.643,-1.859,0.179,110.116,0.93995
1979,118752.37,1,0.2758199870586395,0.2587270438671112,0.22505,0.01149686612188816,5.265,-1.79,0.204,109.955,0.94005
1980,118816.13,1,0.2623172998428345,0.2388649582862854,0.23604,0.020197048783302307,4.941,-1.816,0.071,110.001,0.93984
1981,118880.43,1,0.2606342136859894,0.24976958334445953,0.23485,0.028350073844194412,4.666,-1.784,0.034,110.086,0.94016
1982,118944.0,1,0.2472606897354126,0.25139927864074707,0.23595,0.03318377584218979,4.71,-1.767,0.053,110.068,0.94019
1983,118992.37,1,0.2459779679775238,0.2510318160057068,0.23757,0.03976519778370857,4.818,-1.773,0.063,110.009,0.94053
1984,119056.07,1,0.24735789000988007,0.25048530101776123,0.23699,0.04908423125743866,4.953,-1.686,0.125,110.139,0.93963
1985,119120.03,1,0.24613264203071594,0.24588201940059662,0.23706,0.05284644663333893,5.064,-1.635,0.188,110.137,0.93995
1986,119184.17,1,0.2479819655418396,0.2507496476173401,0.2344,0.05717853829264641,5.161,-1.573,0.223,110.049,0.94088
1987,119232.17,1,0.24634113907814026,0.2497926652431488,0.23545,0.05906050279736519,5.135,-1.556,0.221,110.128,0.94062
1988,119296.23,1,0.2337665855884552,0.23990830779075623,0.23641,0.07778477668762207,5.112,-1.533,0.242,110.157,0.93956
1989,119360.03,1,0.22196327149868011,0.23124372959136963,0.23923,0.10037103295326233,5.175,-1.506,0.244,110.06,0.94007
1990,119424.07,1,0.22151921689510345,0.23488767445087433,0.23939,0.10005274415016174,5.171,-1.496,0.215,110.152,0.94009
1991,119472.1,1,0.2215706706047058,0.23437564074993134,0.23975,0.09783485531806946,5.16,-1.488,0.199,110.138,0.94064
1992,119536.07,1,0.2179969698190689,0.23615941405296326,0.24015,0.0998491644859314,5.213,-1.483,0.162,110.01,0.94235
1993,119600.27,1,0.21787352859973907,0.2377680093050003,0.23973,0.10038269311189651,5.243,-1.446,0.159,110.149,0.94084
1994,119664.13,1,0.2117779552936554,0.23391450941562653,0.23976,0.1195007786154747,5.395,-1.412,0.166,110.149,0.94154
1995,119712.07,1,0.2112453728914261,0.2320014387369156,0.23956,0.11776040494441986,5.689,-1.355,0.205,110.033,0.94061
1996,119776.17,1,0.21100373566150665,0.2338184267282486,0.23818,0.11599190533161163,5.673,-1.352,0.188,110.137,0.94045
1997,119840.2,1,0.21002539992332458,0.22971060872077942,0.2387,0.11328054964542389,5.586,-1.296,0.207,110.116,0.93963
1998,119904.2,1,0.21483951807022095,0.23208554089069366,0.23726,0.10421641170978546,5.622,-1.281,0.209,110.047,0.93917
1999,119952.13,1,0.21787305176258087,0.23192109167575836,0.23659,0.09648336470127106,5.583,-1.278,0.216,110.115,0.94036
2000,120016.23,1,0.22309701144695282,0.22979621589183807,0.23722,0.08839564770460129,5.577,-1.29,0.191,110.12,0.94103
2001,120080.07,1,0.23369379341602325,0.24118489027023315,0.23277,0.08449170738458633,5.493,-1.239,0.175,110.042,0.94175
2002,120144.5,1,0.4694156348705292,0.4711951017379761,0.11034,0.10153871774673462,4.86,-1.239,0.019,110.18,0.94156
2003,120192.3,1,0.5449934005737305,0.560997724533081,0.06847,0.0910637155175209,4.8,-1.206,0.026,110.183,0.94135
2004,120256.33,1,0.5141176581382751,0.52729332447052,0.07913,0.07012059539556503,4.867,-1.242,0.055,110.079,0.94163
2005,120320.8,1,0.4911617040634155,0.507926881313324,0.08764,0.05776991695165634,5.066,-1.237,0.083,110.112,0.94004
2006,120384.37,1,0.458686888217926,0.4696008861064911,0.10363,0.04636243358254433,5.344,-1.351,0.041,110.081,0.94139
2007,120432.2,1,0.4125736653804779,0.41338759660720825,0.12895,0.03790554031729698,5.559,-1.353,0.047,110.056,0.94083
2008,120496.27,1,0.3801487982273102,0.38078323006629944,0.14654,0.02665548212826252,5.589,-1.431,0.071,110.23,0.94212
2009,120560.27,1,0.3615526556968689,0.3736240267753601,0.16334,0.0172255989164114,5.4,-1.576,0.094,109.984,0.94321
2010,120624.17,1,0.35514575242996216,0.35790422558784485,0.17339,0.015780162066221237,4.984,-1.669,0.089,109.986,0.94272
2011,120672.23,1,0.34934699535369873,0.34701210260391235,0.17722,0.01409670989960432,4.905,-1.744,0.123,110.055,0.94302
2012,120736.2,1,0.3450792133808136,0.33586105704307556,0.18132,0.013934755697846413,4.706,-1.8,0.182,110.06,0.94307
2013,120800.13,1,0.34493669867515564,0.3323972225189209,0.1853,0.013696175999939442,4.765,-1.821,0.201,109.988,0.94275
2014,120864.3,1,0.3440793752670288,0.3315610885620117,0.18815,0.011868092231452465,4.821,-1.876,0.229,110.115,0.94189
2015,120912.53,1,0.33542943000793457,0.32671499252319336,0.19185,0.010723674669861794,4.928,-1.89,0.219,110.113,0.9416
2016,120976.17,1,0.33205440640449524,0.3249366283416748,0.19481,0.00995002780109644,4.874,-1.891,0.273,109.996,0.94226
2017,121040.23,1,0.3258155584335327,0.32336488366127014,0.19675,0.009030126966536045,4.845,-1.924,0.25,110.092,0.94256
2018,121104.2,1,0.3124798536300659,0.3199118971824646,0.20178,0.007940458133816719,4.723,-1.952,0.222,110.106,0.94201
2019,121152.07,1,0.3043425679206848,0.30512261390686035,0.20783,0.012159381061792374,4.594,-1.984,0.169,109.97,0.94205
2020,121216.23,1,0.29565921425819397,0.29600104689598083,0.21088,0.016122739762067795,4.688,-2.015,0.177,110.063,0.94189
2021,121280.7,1,0.2791242301464081,0.2826709747314453,0.2143,0.021963687613606453,4.71,-2.099,0.222,109.989,0.94154
2022,121344.37,1,0.27735722064971924,0.2766004800796509,0.21456,0.027908645570278168,4.713,-2.132,0.275,109.884,0.94073
2023,121392.27,1,0.2785273790359497,0.2730921506881714,0.2152,0.028823966160416603,4.694,-2.146,0.303,109.994,0.94097
2024,121456.17,1,0.2790995240211487,0.26666590571403503,0.21756,0.026565182954072952,4.675,-2.181,0.358,109.992,0.94097
2025,121520.13,1,0.2809312343597412,0.26217371225357056,0.21954,0.01822276972234249,4.769,-2.186,0.39,109.974,0.94077
2026,121584.47,1,0.2904261648654938,0.26089993119239807,0.21624,0.013675486668944359,5.069,-2.13,0.351,110.092,0.94131
2027,121632.33,1,0.2822844982147217,0.257141649723053,0.21974,0.012419773265719414,5.227,-2.142,0.332,110.083,0.94199
2028,121696.13,1,0.2796306908130646,0.25588375329971313,0.22164,0.011629249900579453,5.462,-2.016,0.234,109.971,0.94225
2029,121760.13,1,0.27718353271484375,0.25836294889450073,0.22171,0.01093915943056345,5.718,-1.944,0.232,110.046,0.94215
2030,121824.17,1,0.27918314933776855,0.26330363750457764,0.22123,0.010804847814142704,5.755,-1.908,0.229,110.072,0.94235
2031,121872.33,1,0.2823755741119385,0.26677465438842773,0.2196,0.010169685818254948,5.854,-1.89,0.212,109.964,0.94336
2032,121936.23,1,0.28285232186317444,0.268166184425354,0.21909,0.009437395259737968,5.896,-1.873,0.205,110.089,0.94118
2033,122000.47,1,0.2842074930667877,0.2707759141921997,0.22076,0.008962835185229778,5.852,-1.87,0.236,110.096,0.94153
2034,122064.53,1,0.2853236198425293,0.2676909863948822,0.2238,0.009128526784479618,5.799,-1.877,0.225,109.985,0.94103
2035,122112.23,1,0.2850323021411896,0.27026474475860596,0.22234,0.008713336661458015,5.839,-1.878,0.232,110.017,0.94085
2036,122176.23,1,0.27759432792663574,0.2693103551864624,0.22385,0.008891687728464603,5.651,-1.828,0.302,110.041,0.94068
2037,122240.6,1,0.28386881947517395,0.27036941051483154,0.22334,0.00844163540750742,5.602,-1.811,0.331,110.012,0.94072
2038,122304.1,1,0.281220942735672,0.270916610956192,0.22333,0.008258180692791939,5.634,-1.824,0.308,110.235,0.94176
2039,122352.17,1,0.28418147563934326,0.27175500988960266,0.22317,0.008125691674649715,5.533,-1.862,0.315,109.959,0.9416
2040,122416.23,1,0.2825298607349396,0.2729349434375763,0.22404,0.008155027404427528,5.47,-1.879,0.235,109.961,0.94114
2041,122480.43,1,0.2775881588459015,0.271236389875412,0.22381,0.007871376350522041,5.531,-1.9,0.206,110.041,0.94021
2042,122544.53,1,0.27173230051994324,0.27024561166763306,0.22547,0.007500709965825081,5.537,-1.92,0.24,110.008,0.94081
2043,122592.1,1,0.2754996120929718,0.2735520899295807,0.22541,0.0068669794127345085,5.388,-1.961,0.256,109.914,0.9407
2044,122656.3,1,0.2706770896911621,0.27503788471221924,0.22477,0.006006177049130201,5.516,-1.962,0.222,110.015,0.94109
2045,122720.2,1,0.26797929406166077,0.27664944529533386,0.22552,0.0055203987285494804,5.485,-1.959,0.227,109.996,0.94191
2046,122784.5,1,0.2687418460845947,0.27844569087028503,0.22478,0.00473499670624733,5.452,-1.944,0.248,109.906,0.94072
2047,122832.23,1,0.2677578628063202,0.2792590260505676,0.22469,0.004299073480069637,5.399,-1.913,0.232,110.029,0.94148
2048,122896.23,1,0.26774466037750244,0.277442991733551,0.22482,0.004076520912349224,5.357,-1.907,0.248,110.025,0.94113
2049,122960.2,1,0.27015671133995056,0.27782177925109863,0.22482,0.004115237854421139,5.251,-1.846,0.263,109.925,0.9423
2050,123024.37,1,0.2720191776752472,0.28009799122810364,0.22244,0.0039568133652210236,5.174,-1.795,0.234,109.981,0.94202
2051,123072.17,1,0.27448511123657227,0.2747461795806885,0.22379,0.0038757685106247663,5.126,-1.789,0.232,110.011,0.94137
2052,123136.1,1,0.2792176604270935,0.279458224773407,0.221,0.0039803930558264256,5.132,-1.798,0.217,109.851,0.944
2053,123200.53,1,0.2837737798690796,0.27837392687797546,0.22002,0.004004721064120531,5.137,-1.808,0.2,109.942,0.9434
2054,123264.53,1,0.2865685224533081,0.27815085649490356,0.22015,0.00400150753557682,5.115,-1.808,0.219,109.969,0.94277
2055,123312.17,1,0.2961936295032501,0.28211742639541626,0.21903,0.004047467838972807,5.083,-1.799,0.239,109.843,0.94378
2056,123376.2,1,0.29315927624702454,0.2823592722415924,0.21901,0.003984731622040272,5.071,-1.808,0.228,109.944,0.94296
2057,123440.8,1,0.2952391803264618,0.28281113505363464,0.21844,0.004098311997950077,5.024,-1.793,0.261,109.944,0.94198
2058,123504.27,1,0.29958245158195496,0.28369826078414917,0.21827,0.004307493567466736,4.991,-1.789,0.264,109.834,0.94165
2059,123552.23,1,0.29855602979660034,0.28525272011756897,0.21771,0.004306239541620016,4.996,-1.788,0.239,109.925,0.94269
2060,123616.27,1,0.2963204085826874,0.28545263409614563,0.21823,0.004119584336876869,5.013,-1.754,0.254,109.933,0.94334
2061,123680.73,1,0.30022239685058594,0.2893736660480499,0.21764,0.004064883571118116,4.995,-1.733,0.241,109.838,0.94163
2062,123744.5,1,0.29305556416511536,0.29021787643432617,0.2176,0.003893531858921051,4.998,-1.735,0.211,109.933,0.94142
2063,123792.43,1,0.2923996150493622,0.290257066488266,0.21705,0.003907856997102499,4.976,-1.723,0.18,109.943,0.94135
2064,123856.27,1,0.30028975009918213,0.29757052659988403,0.21402,0.004073645453900099,4.964,-1.695,0.156,109.864,0.94071
2065,123920.3,1,0.2932016849517822,0.2988569736480713,0.21437,0.004058998078107834,5.051,-1.694,0.102,109.826,0.94169
2066,123984.2,1,0.2915421724319458,0.29712316393852234,0.21541,0.004077744670212269,5.078,-1.716,0.074,109.817,0.94099
2067,124032.2,1,0.2957408130168915,0.29928773641586304,0.21424,0.004087190143764019,5.09,-1.716,0.064,109.793,0.94158
2068,124096.37,1,0.29000240564346313,0.2997457683086395,0.21372,0.0039150468073785305,5.185,-1.698,0.042,109.941,0.94083
2069,124160.2,1,0.2931594252586365,0.29928427934646606,0.21466,0.003690015524625778,5.175,-1.655,-0.004,109.775,0.94254
2070,124224.53,1,0.29285117983818054,0.30141550302505493,0.21394,0.003559138858690858,5.217,-1.638,-0.046,109.794,0.94221
2071,124272.3,1,0.2850410044193268,0.2949589192867279,0.21682,0.003405344672501087,5.198,-1.656,-0.059,109.913,0.94096
2072,124336.37,1,0.2780255377292633,0.29226821660995483,0.21828,0.003249935805797577,5.206,-1.676,0.005,109.875,0.94206
2073,124400.27,1,0.28147533535957336,0.2915773093700409,0.21886,0.003220231970772147,5.179,-1.677,0.02,109.81,0.94207
2074,124464.6,1,0.2789292335510254,0.2922082245349884,0.21805,0.0031940178014338017,5.201,-1.661,-0.003,109.87,0.94266
2075,124512.33,1,0.27886635065078735,0.2916707694530487,0.21803,0.003110218793153763,5.222,-1.66,0.01,109.877,0.94241
2076,124576.27,1,0.2861648499965668,0.2944200336933136,0.21739,0.003164749825373292,5.245,-1.629,0.017,109.766,0.94375
2077,124640.7,1,0.3343745470046997,0.3263826072216034,0.19215,0.003548369510099292,5.473,-1.617,0.052,109.878,0.9423
2078,124704.57,1,0.6488049030303955,0.5972485542297363,0.05869,0.004863460082560778,5.239,-1.548,-0.052,109.869,0.94291
2079,124752.23,1,0.5921176671981812,0.5640352964401245,0.06945,0.004538197536021471,5.273,-1.537,-0.024,109.728,0.94409
2080,124816.7,1,0.5832074880599976,0.5479823350906372,0.07181,0.004644616041332483,5.378,-1.466,-0.03,109.831,0.94306
2081,124880.5,1,0.5427953004837036,0.5032474994659424,0.09064,0.004489692859351635,5.459,-1.434,-0.013,109.841,0.94324
2082,124944.2,1,0.47832050919532776,0.46040284633636475,0.11627,0.004003847949206829,5.478,-1.355,0.012,109.765,0.9419
2083,124992.23,1,0.4398046135902405,0.41782668232917786,0.13293,0.0037219247315078974,5.565,-1.303,-0.038,109.86,0.94162
2084,125056.3,1,0.4313538670539856,0.40777695178985596,0.13757,0.003659495385363698,5.624,-1.31,-0.039,109.876,0.94148
2085,125120.33,1,0.42308124899864197,0.3991292715072632,0.14614,0.003456183010712266,5.603,-1.272,-0.06,109.748,0.94208
2086,125184.63,1,0.4085789620876312,0.3894989490509033,0.15133,0.0033821158576756716,5.679,-1.267,-0.088,109.879,0.94098
2087,125232.3,1,0.3891851305961609,0.3845529854297638,0.15865,0.00327276811003685,5.673,-1.252,-0.077,109.883,0.94147
2088,125296.17,1,0.3749582767486572,0.3773830533027649,0.16757,0.003277607262134552,5.638,-1.258,-0.022,109.8,0.94226
2089,125360.3,1,0.355536550283432,0.36250168085098267,0.17452,0.003210989758372307,5.639,-1.286,-0.019,109.907,0.94199
2090,125424.53,1,0.34216228127479553,0.3594810664653778,0.17874,0.003114882856607437,5.688,-1.351,0.033,109.887,0.94274
2091,125472.57,1,0.3516426980495453,0.34901684522628784,0.18366,0.0032169921323657036,5.639,-1.356,0.044,109.797,0.94219
2092,125536.53,1,0.3400575518608093,0.34333544969558716,0.1875,0.0031375058460980654,5.741,-1.34,0.048,109.876,0.94304
2093,125600.27,1,0.3318217396736145,0.3366973400115967,0.1903,0.0031690055038779974,5.718,-1.298,0.063,109.869,0.94247
2094,125664.47,1,0.33445626497268677,0.338314414024353,0.19245,0.003105631796643138,5.618,-1.284,0.135,109.761,0.94183
2095,125712.27,1,0.32973265647888184,0.33603402972221375,0.19274,0.0031936841551214457,5.594,-1.282,0.119,109.79,0.94242
2096,125776.37,1,0.3245033323764801,0.3346448838710785,0.19539,0.0031564796809107065,5.488,-1.273,0.125,109.8,0.94284
2097,125840.53,1,0.32951855659484863,0.3284069001674652,0.19809,0.0032507050782442093,5.438,-1.257,0.067,109.743,0.945
2098,125904.53,1,0.32067757844924927,0.3195263147354126,0.19971,0.003208664944395423,5.385,-1.292,0.005,109.927,0.94257
2099,125952.3,1,0.32568761706352234,0.3198905289173126,0.20047,0.0032862925436347723,5.377,-1.327,0.021,109.791,0.94242
2100,126016.27,1,0.3209465444087982,0.3203398585319519,0.20076,0.0033150813542306423,5.368,-1.334,0.024,109.796,0.94102
2101,126080.3,1,0.31622812151908875,0.3168037533760071,0.20097,0.0033618195448070765,5.303,-1.357,0.045,109.888,0.94084
2102,126144.6,1,0.31380629539489746,0.31513893604278564,0.2026,0.0032983222045004368,5.251,-1.355,0.082,109.889,0.94129
2103,126192.63,1,0.31172314286231995,0.3127947747707367,0.20371,0.0034572407603263855,5.303,-1.369,0.094,109.771,0.94056
2104,126256.37,1,0.3100168704986572,0.31221312284469604,0.20399,0.0036000930704176426,5.323,-1.382,0.082,109.821,0.9422
2105,126320.33,1,0.30787011981010437,0.3107830286026001,0.20461,0.0035338758025318384,5.325,-1.385,0.076,109.847,0.94117
2106,126384.6,1,0.3108501434326172,0.31214195489883423,0.20511,0.003517196048051119,5.282,-1.383,0.057,109.716,0.94197
2107,126432.37,1,0.30713558197021484,0.3055764138698578,0.20698,0.003419780870899558,5.315,-1.383,0.034,109.835,0.94091
2108,126496.27,1,0.3026611804962158,0.3049541413784027,0.20821,0.003373021725565195,5.318,-1.396,0.048,109.824,0.9422
2109,126560.67,1,0.30161741375923157,0.3006308972835541,0.20951,0.0032911128364503384,5.388,-1.321,0.066,109.74,0.94055
2110,126624.47,1,0.2952969968318939,0.29498764872550964,0.21022,0.003207759466022253,5.461,-1.363,0.098,109.822,0.94104
2111,126672.23,1,0.295093834400177,0.29332128167152405,0.21158,0.003173209261149168,5.355,-1.371,0.141,109.806,0.94201
2112,126736.23,1,0.2997685968875885,0.2904483377933502,0.21143,0.003193577751517296,5.35,-1.395,0.156,109.711,0.94215
2113,126800.2,1,0.2958114445209503,0.2904748320579529,0.21111,0.003198572201654315,5.415,-1.459,0.152,109.801,0.94258
2114,126864.53,1,0.2972382605075836,0.28873300552368164,0.21168,0.0031099587213248014,5.38,-1.538,0.202,109.786,0.94315
2115,126912.23,1,0.304861843585968,0.29067718982696533,0.21205,0.003214867552742362,5.366,-1.609,0.207,109.694,0.9429
2116,126976.33,1,0.2981471121311188,0.2889336049556732,0.21289,0.0031164304818958044,5.37,-1.604,0.199,109.762,0.94293
2117,127040.53,1,0.29528945684432983,0.2861078977584839,0.21411,0.003031497821211815,5.327,-1.609,0.213,109.787,0.94344
2118,127104.53,1,0.3000776171684265,0.28535720705986023,0.21429,0.00298595754429698,5.308,-1.611,0.234,109.672,0.94284
2119,127152.57,1,0.29584991931915283,0.28385117650032043,0.21439,0.002968220505863428,5.313,-1.629,0.231,109.794,0.94144
2120,127216.3,1,0.2922314405441284,0.2814774811267853,0.21537,0.0029038579668849707,5.229,-1.639,0.236,109.781,0.94245
2121,127280.27,1,0.2976253032684326,0.28257283568382263,0.21599,0.0029456878546625376,5.147,-1.651,0.26,109.676,0.94172
2122,127344.37,1,0.2953304648399353,0.2836156487464905,0.2153,0.002979256445541978,5.129,-1.668,0.263,109.734,0.94264
2123,127392.23,1,0.2937811017036438,0.28297239542007446,0.21577,0.0030073723755776882,5.126,-1.674,0.273,109.756,0.94217
2124,127456.3,1,0.30256521701812744,0.2841698229312897,0.21536,0.00305780116468668,5.171,-1.66,0.285,109.633,0.94239
2125,127520.93,1,0.29753246903419495,0.28512778878211975,0.21515,0.0030617238953709602,5.254,-1.68,0.268,109.666,0.94192
2126,127584.4,1,0.3010295629501343,0.284555047750473,0.21546,0.00306717655621469,5.27,-1.653,0.276,109.64,0.94357
2127,127632.27,1,0.3029800057411194,0.287608802318573,0.21444,0.00307893636636436,5.291,-1.638,0.276,109.669,0.94219
2128,127696.63,1,0.2967059910297394,0.28709548711776733,0.21492,0.003121198620647192,5.295,-1.634,0.248,109.8,0.94222
2129,127760.63,1,0.29547882080078125,0.2863568067550659,0.21591,0.003101282985880971,5.217,-1.568,0.239,109.68,0.94158
2130,127824.47,1,0.29505521059036255,0.286376416683197,0.21537,0.0030779032967984676,5.185,-1.642,0.24,109.657,0.94193
2131,127872.27,1,0.2926914393901825,0.2839325964450836,0.21555,0.003089518751949072,5.221,-1.664,0.252,109.747,0.94301
2132,127936.37,1,0.29036128520965576,0.28336310386657715,0.21555,0.0030281071085482836,5.234,-1.668,0.267,109.745,0.94269
2133,128000.27,1,0.4798815846443176,0.4354073107242584,0.12543,0.004572594538331032,5.57,-1.673,0.228,109.672,0.9417
2134,128064.57,1,0.6302223801612854,0.5822240114212036,0.06065,0.004970148205757141,5.26,-1.62,0.2,109.773,0.94266
2135,128112.57,1,0.6009542942047119,0.5449007153511047,0.07118,0.004484738688915968,5.233,-1.614,0.285,109.769,0.94271
2136,128176.3,1,0.5938318967819214,0.5349686145782471,0.07641,0.004301192704588175,5.269,-1.61,0.319,109.662,0.9421
2137,128240.6,1,0.5575006604194641,0.4930615723133087,0.09214,0.004075127188116312,5.291,-1.643,0.336,109.74,0.94234
2138,128304.2,1,0.47054117918014526,0.45092207193374634,0.11808,0.0037952398415654898,5.299,-1.664,0.38,109.732,0.94223
2139,128352.2,1,0.4094681143760681,0.406546950340271,0.14456,0.003651489270851016,5.24,-1.662,0.368,109.631,0.94253
2140,128416.23,1,0.38003063201904297,0.37758171558380127,0.15789,0.0035773657727986574,5.261,-1.701,0.339,109.698,0.94316
2141,128480.6,1,0.3669073283672333,0.36971357464790344,0.1666,0.003546525025740266,5.261,-1.717,0.357,109.719,0.94218
2142,128544.47,1,0.3646286129951477,0.3627966046333313,0.17306,0.003442653687670827,5.216,-1.752,0.371,109.627,0.9422
2143,128592.57,1,0.3540402054786682,0.3566541373729706,0.17708,0.0033724913373589516,5.223,-1.786,0.377,109.725,0.94214
2144,128656.63,1,0.3463701009750366,0.3517354428768158,0.18167,0.003364033065736294,5.166,-1.77,0.409,109.75,0.9415
2145,128720.77,1,0.35119009017944336,0.346964567899704,0.18424,0.0033520511351525784,5.098,-1.77,0.396,109.666,0.94143
2146,128784.57,1,0.3404199481010437,0.33698269724845886,0.18836,0.0033619713503867388,5.127,-1.755,0.368,109.76,0.94045
2147,128832.33,1,0.3379312753677368,0.32961180806159973,0.19102,0.0033279908820986748,5.134,-1.745,0.373,109.797,0.9404
2148,128896.27,1,0.34218737483024597,0.3276340067386627,0.19221,0.003342957701534033,5.091,-1.73,0.396,109.718,0.94008
2149,128960.23,1,0.3299258053302765,0.31999945640563965,0.19727,0.003231208538636565,5.063,-1.765,0.416,109.803,0.94112
2150,129024.53,1,0.32607534527778625,0.31885960698127747,0.19877,0.003274045418947935,5.069,-1.774,0.43,109.822,0.94118
2151,129072.2,1,0.3222685754299164,0.3176463842391968,0.20121,0.003311731619760394,5.06,-1.772,0.439,109.76,0.94134
2152,129136.23,1,0.3174997568130493,0.3067433834075928,0.20355,0.0032763162162154913,5.028,-1.809,0.436,109.762,0.94056
2153,129200.27,1,0.31292325258255005,0.30202236771583557,0.20608,0.0032647810876369476,4.997,-1.799,0.451,109.734,0.94187
2154,129264.23,1,0.3119918406009674,0.29996389150619507,0.20701,0.003300479846075177,4.951,-1.8,0.464,109.743,0.94072
2155,129312.3,1,0.3087800443172455,0.29705339670181274,0.20805,0.003318644128739834,4.958,-1.803,0.456,109.74,0.94077
2156,129376.23,1,0.3078385889530182,0.29592910408973694,0.20954,0.0032918467186391354,4.915,-1.809,0.465,109.742,0.94113
2157,129440.5,1,0.30622440576553345,0.29303160309791565,0.21201,0.003343532793223858,4.876,-1.825,0.466,109.711,0.94119
2158,129504.47,1,0.3018271028995514,0.29265981912612915,0.2131,0.003466899273917079,4.977,-1.83,0.434,109.848,0.94125
2159,129552.27,1,0.30314454436302185,0.2948857545852661,0.21425,0.0034430823288857937,4.968,-1.818,0.413,109.67,0.94153
2160,129616.47,1,0.30649086833000183,0.301707923412323,0.21064,0.0036216892767697573,5.024,-1.813,0.379,109.7,0.93928
2161,129680.63,1,0.3019721210002899,0.2984597086906433,0.21104,0.0036895230878144503,5.028,-1.823,0.367,109.786,0.94104
2162,129744.57,1,0.3021273612976074,0.2954804003238678,0.21102,0.003751944052055478,5.006,-1.848,0.387,109.766,0.9413
2163,129792.6,1,0.30575624108314514,0.2941896915435791,0.21093,0.0037134946323931217,5.049,-1.818,0.382,109.655,0.94159
2164,129856.67,1,0.29875388741493225,0.2938239574432373,0.21114,0.0036250546108931303,5.099,-1.858,0.371,109.788,0.94133
2165,129920.23,1,0.29214122891426086,0.2891273498535156,0.21387,0.0035204042214900255,5.096,-1.893,0.397,109.774,0.94162
2166,129984.37,1,0.29146313667297363,0.28809884190559387,0.21471,0.003513242118060589,5.098,-1.861,0.406,109.749,0.9411
2167,130032.3,1,0.2872833013534546,0.28839269280433655,0.21509,0.003507666289806366,5.072,-1.842,0.391,109.788,0.94098
2168,130096.3,1,0.2866203188896179,0.2883943021297455,0.21486,0.003596595488488674,5.073,-1.84,0.386,109.762,0.9402
2169,130160.27,1,0.29614830017089844,0.29556238651275635,0.215,0.0039002730045467615,4.972,-1.807,0.36,109.597,0.94162
2170,130224.3,1,0.2939152419567108,0.29902467131614685,0.21317,0.003913749475032091,5.018,-1.801,0.343,109.708,0.94121
2171,130272.3,1,0.29165390133857727,0.30092597007751465,0.21265,0.0038844249211251736,5.026,-1.788,0.344,109.712,0.94091
2172,130336.33,1,0.29909008741378784,0.30320367217063904,0.2126,0.0038248940836638212,5.0,-1.785,0.357,109.591,0.94118
2173,130400.27,1,0.2952033281326294,0.30027157068252563,0.21262,0.003976639360189438,5.027,-1.817,0.37,109.695,0.94028
2174,130464.23,1,0.292153000831604,0.2957916855812073,0.21373,0.0039084251038730145,4.948,-1.83,0.379,109.7,0.94082
2175,130512.37,1,0.29819023609161377,0.29574981331825256,0.21461,0.0039761788211762905,4.89,-1.838,0.391,109.592,0.94037
2176,130576.37,1,0.2971401512622833,0.29509109258651733,0.21424,0.0040034884586930275,4.964,-1.864,0.379,109.718,0.94048
2177,130640.3,1,0.29049861431121826,0.29049137234687805,0.21569,0.003878215793520212,4.957,-1.878,0.379,109.73,0.94074
2178,130704.37,1,0.29608193039894104,0.29301682114601135,0.2155,0.003703915514051914,4.938,-1.854,0.401,109.648,0.94014
2179,130752.37,1,0.29192644357681274,0.2946094274520874,0.21465,0.0036853484343737364,5.037,-1.847,0.357,109.701,0.94021
2180,130816.27,1,0.28841111063957214,0.2919154763221741,0.21527,0.0035756274592131376,5.023,-1.825,0.37,109.705,0.94043
2181,130880.3,1,0.42503252625465393,0.4206172227859497,0.14533,0.0042747631669044495,5.316,-1.801,0.32,109.611,0.94072
2182,130944.23,1,0.5945172309875488,0.5681060552597046,0.07235,0.004770864266902208,5.334,-1.713,0.26,109.726,0.93961
2183,130992.73,1,0.5624189376831055,0.5498127341270447,0.07775,0.004464756231755018,5.308,-1.713,0.316,109.691,0.93992
2184,131056.23,1,0.5411463975906372,0.530795693397522,0.08294,0.004461156670004129,5.318,-1.695,0.362,109.592,0.93939
2185,131120.8,1,0.5042230486869812,0.48899734020233154,0.10113,0.004107067361474037,5.25,-1.721,0.394,109.558,0.94021
2186,131184.6,1,0.4635883867740631,0.46342527866363525,0.11554,0.004045411944389343,5.257,-1.734,0.432,109.539,0.94144
2187,131232.43,1,0.4260931611061096,0.4270787239074707,0.13571,0.004009379539638758,5.243,-1.646,0.45,109.508,0.94158
2188,131296.37,1,0.404534250497818,0.3992617428302765,0.14764,0.003931396175175905,5.314,-1.681,0.431,109.657,0.94115
2189,131360.6,1,0.3931880295276642,0.3838876485824585,0.16146,0.003981894347816706,5.449,-1.682,0.391,109.489,0.94265
2190,131424.53,1,0.38167259097099304,0.377931147813797,0.16688,0.003828400978818536,5.488,-1.674,0.416,109.52,0.94186
2191,131472.5,1,0.37763485312461853,0.36550578474998474,0.17029,0.0038527443539351225,5.439,-1.708,0.41,109.649,0.93999
2192,131536.33,1,0.3513777256011963,0.3536194860935211,0.17867,0.003963981289416552,5.108,-1.762,0.478,109.639,0.93996
2193,131600.33,1,0.34722900390625,0.3418605327606201,0.18703,0.004392226226627827,4.929,-1.743,0.451,109.529,0.93986
2194,131664.3,1,0.344216912984848,0.32555779814720154,0.19069,0.004899443592876196,4.896,-1.772,0.421,109.625,0.94035
2195,131712.4,1,0.3440501391887665,0.3264620900154114,0.19253,0.0057615358382463455,4.723,-1.835,0.414,109.631,0.93949
2196,131776.3,1,0.32791414856910706,0.3206946849822998,0.20131,0.010323734022676945,4.367,-1.85,0.377,109.531,0.93964
2197,131840.3,1,0.3070138096809387,0.3207460939884186,0.20399,0.013856615871191025,4.302,-1.891,0.364,109.614,0.94051
2198,131904.67,1,0.4503021538257599,0.5347378253936768,0.10831,0.04986526817083359,4.338,-1.873,0.279,109.64,0.94069
2199,131952.63,1,0.4865844249725342,0.5695767998695374,0.08883,0.04998009651899338,4.388,-1.811,0.267,109.498,0.94069
2200,132016.27,1,0.48106956481933594,0.5565720796585083,0.0828,0.04265919327735901,4.378,-1.773,0.218,109.59,0.93973
2201,132080.4,1,0.453757107257843,0.5489814281463623,0.08838,0.04560984671115875,4.399,-1.792,0.243,109.585,0.9406
2202,132144.23,1,0.4141656756401062,0.4964029788970947,0.10944,0.04751943051815033,4.347,-1.808,0.26,109.492,0.94018
2203,132192.3,1,0.3856177031993866,0.44838276505470276,0.12752,0.04420991241931915,4.251,-1.854,0.249,109.605,0.94027
2204,132256.3,1,0.3657633662223816,0.39294618368148804,0.14909,0.029973167926073074,4.019,-1.995,0.3,109.58,0.94038
2205,132320.87,1,0.3402250111103058,0.35370370745658875,0.16717,0.022938286885619164,3.953,-2.04,0.262,109.507,0.94092
2206,132384.57,1,0.3420163094997406,0.34373271465301514,0.17444,0.01737014576792717,4.039,-2.071,0.185,109.63,0.94061
2207,132432.47,1,0.3435359001159668,0.3408336937427521,0.18106,0.013386940583586693,4.122,-2.061,0.155,109.629,0.94115
2208,132496.27,1,0.33074215054512024,0.33999866247177124,0.18656,0.012540202587842941,4.234,-2.064,0.154,109.507,0.94191
2209,132560.63,1,0.32695022225379944,0.3420271575450897,0.18953,0.012443799525499344,4.311,-2.079,0.154,109.638,0.94095
2210,132624.57,1,0.31450843811035156,0.33400827646255493,0.19583,0.01212208904325962,4.484,-2.034,0.048,109.594,0.94085
2211,132672.27,1,0.3150530159473419,0.3318237364292145,0.19779,0.012333557941019535,4.491,-2.038,0.081,109.516,0.94094
2212,132736.6,1,0.31718266010284424,0.3319704830646515,0.19778,0.012228322215378284,4.535,-2.06,0.085,109.602,0.94022
2213,132800.63,1,0.31026118993759155,0.32224932312965393,0.20085,0.012287521734833717,4.734,-2.005,-0.006,109.585,0.94105
2214,132864.47,1,0.3172445297241211,0.32681065797805786,0.20205,0.012288418598473072,4.76,-2.019,-0.1,109.505,0.9414
2215,132912.43,1,0.3158905506134033,0.3215702772140503,0.20343,0.011209792457520962,4.864,-2.071,-0.169,109.609,0.94007
2216,132976.27,1,0.31490305066108704,0.3221905827522278,0.20438,0.009505034424364567,4.869,-2.1,-0.152,109.601,0.94207
2217,133040.77,1,0.3178454637527466,0.32810190320014954,0.20426,0.00806575920432806,4.823,-2.127,-0.107,109.517,0.94032
2218,133104.5,1,0.3079744875431061,0.32450607419013977,0.20647,0.006672998890280724,4.87,-2.141,-0.123,109.668,0.93988
2219,133152.23,1,0.31019631028175354,0.328103631734848,0.20638,0.006375859957188368,5.051,-2.207,-0.125,109.464,0.94271
2220,133216.3,1,0.31091466546058655,0.33048203587532043,0.20615,0.005494001321494579,4.996,-2.293,-0.101,109.506,0.94099
2221,133280.6,1,0.3117528259754181,0.3260910212993622,0.20463,0.005193352699279785,4.912,-2.333,-0.06,109.584,0.94167
2222,133344.37,1,0.3074038028717041,0.3401118516921997,0.20151,0.005311242770403624,4.627,-2.361,0.072,109.615,0.9406
2223,133392.3,1,0.516444206237793,0.5614770650863647,0.10076,0.006787134800106287,4.528,-2.347,0.112,109.486,0.94152
2224,133456.47,1,0.5203101634979248,0.5917536020278931,0.08394,0.006460477132350206,4.497,-2.32,0.213,109.555,0.94157
2225,133520.43,1,0.5073832273483276,0.5627439022064209,0.08769,0.005918319337069988,4.397,-2.291,0.349,109.546,0.94158
2226,133584.5,1,0.5037330985069275,0.5487973690032959,0.09008,0.006025040987879038,4.29,-2.244,0.405,109.403,0.94061
2227,133632.63,1,0.4668830335140228,0.5128154754638672,0.10472,0.006952115800231695,3.985,-2.277,0.479,109.528,0.94024
2228,133696.53,1,0.4357793927192688,0.44232097268104553,0.12506,0.007882403209805489,3.937,-2.318,0.501,109.508,0.94178
2229,133760.73,1,0.37929049134254456,0.3965439796447754,0.1452,0.009831043891608715,3.978,-2.342,0.518,109.416,0.94137
2230,133824.57,1,0.36320412158966064,0.37091436982154846,0.15541,0.011908747255802155,4.033,-2.408,0.507,109.526,0.94079
2231,133872.27,1,0.34008702635765076,0.35389524698257446,0.16437,0.016260802745819092,4.119,-2.492,0.496,109.541,0.94027
2232,133936.2,1,0.32385706901550293,0.3404025733470917,0.17362,0.014137186110019684,4.212,-2.475,0.484,109.415,0.94175
2233,134000.6,1,0.324162095785141,0.34193891286849976,0.17885,0.008785692043602467,4.305,-2.464,0.487,109.53,0.94126
2234,134064.5,1,0.32577428221702576,0.339495450258255,0.18109,0.006363353691995144,4.485,-2.423,0.462,109.528,0.94076
2235,134112.27,1,0.32431870698928833,0.34007230401039124,0.18558,0.005972293671220541,4.75,-2.372,0.417,109.448,0.94027
2236,134176.37,1,0.32200977206230164,0.3429875373840332,0.18686,0.005256591830402613,5.008,-2.373,0.376,109.617,0.93663
2237,134240.77,1,0.31901437044143677,0.34071534872055054,0.19051,0.004596241284161806,5.095,-2.339,0.413,109.673,0.93483
2238,134304.57,1,0.3221265375614166,0.34086450934410095,0.1926,0.004340943414717913,5.24,-2.281,0.326,110.026,0.91322
2239,134352.77,1,0.321807324886322,0.3419560194015503,0.19315,0.004016902297735214,5.268,-2.298,0.264,110.139,0.91369
2240,134416.3,1,0.32132282853126526,0.3447524607181549,0.19336,0.003827958833426237,5.162,-2.335,0.242,110.151,0.91334
2241,134480.33,1,0.33273735642433167,0.3568362593650818,0.19248,0.003716895589604974,5.023,-2.35,0.218,110.076,0.91169
2242,134544.3,1,0.3232429027557373,0.3527880609035492,0.19392,0.003795355325564742,5.053,-2.369,0.211,110.166,0.91259
2243,134592.7,1,0.3199000954627991,0.35218045115470886,0.19476,0.0037071506958454847,5.033,-2.349,0.201,110.163,0.91294
2244,134656.43,1,0.32321107387542725,0.3478069305419922,0.19551,0.0037882188335061073,5.089,-2.243,0.246,110.108,0.91259
2245,134720.57,1,0.32124385237693787,0.34194210171699524,0.19673,0.0037638882640749216,5.118,-2.233,0.242,110.111,0.91265
2246,134784.63,1,0.3160618245601654,0.3407634198665619,0.19749,0.003761021653190255,5.125,-2.262,0.275,110.097,0.91358
2247,134832.7,1,0.31555265188217163,0.340821236371994,0.19762,0.003768491791561246,5.126,-2.246,0.278,110.098,0.91282
2248,134896.37,1,0.3127676844596863,0.3405780494213104,0.19786,0.0037235303316265345,5.111,-2.255,0.27,110.257,0.91284
2249,134960.27,1,0.31661924719810486,0.3433956205844879,0.19773,0.0037443835753947496,5.054,-2.233,0.262,110.101,0.91506
2250,135024.43,1,0.3170805275440216,0.34334680438041687,0.19848,0.0038173834327608347,5.03,-2.236,0.211,110.095,0.9121
2251,135072.67,1,0.3120814263820648,0.3415129780769348,0.19928,0.0038067286368459463,4.997,-2.229,0.205,110.185,0.9142
2252,135136.37,1,0.3104088604450226,0.34168434143066406,0.19983,0.003684605937451124,4.945,-2.245,0.223,110.137,0.91448
2253,135200.47,1,0.3225080966949463,0.3477254807949066,0.19972,0.0038013115990906954,4.803,-2.267,0.247,110.046,0.91407
2254,135264.47,1,0.3118396997451782,0.3447796106338501,0.20052,0.003688301658257842,4.833,-2.267,0.24,110.052,0.91785
2255,135312.4,1,0.31049638986587524,0.34373387694358826,0.20062,0.003609393024817109,4.831,-2.255,0.225,110.025,0.91891
2256,135376.3,1,0.3104880154132843,0.34471991658210754,0.2005,0.003494447562843561,4.818,-2.253,0.247,109.453,0.94044
2257,135440.53,1,0.3086971938610077,0.3427630364894867,0.20083,0.003505121450871229,4.853,-2.215,0.237,109.527,0.94172
2258,135504.47,1,0.42065316438674927,0.4652376174926758,0.14162,0.0042982143349945545,5.016,-2.236,0.234,109.55,0.94067
2259,135552.2,1,0.6494928002357483,0.6554816365242004,0.04361,0.004920841194689274,4.586,-2.241,0.211,109.48,0.94083
2260,135616.33,1,0.6103429794311523,0.6080975532531738,0.05318,0.004772812128067017,4.633,-2.212,0.199,109.547,0.94069
2261,135680.77,1,0.588472843170166,0.6016623377799988,0.05708,0.004824816714972258,4.67,-2.195,0.223,109.583,0.94158
2262,135744.2,1,0.5389927625656128,0.5267657041549683,0.08427,0.004575625061988831,4.927,-2.124,0.206,109.452,0.94139
2263,135792.27,1,0.480850487947464,0.4869764447212219,0.10723,0.004314188379794359,5.026,-2.176,0.194,109.75,0.93798
2264,135856.37,1,0.4155970811843872,0.4323321580886841,0.13226,0.004022969864308834,5.123,-2.167,0.21,109.815,0.93792
2265,135920.37,1,0.36380404233932495,0.39240869879722595,0.1562,0.0037724378053098917,5.098,-2.139,0.165,110.637,0.92438
2266,135984.47,1,0.3507513999938965,0.3821289539337158,0.16547,0.0038401917554438114,5.106,-2.175,0.127,110.834,0.92117
2267,136032.77,1,0.3342410922050476,0.37164995074272156,0.17223,0.003745425958186388,5.095,-2.18,0.142,110.859,0.92002
2268,136096.3,1,0.3407737910747528,0.3653402626514435,0.17701,0.003785946173593402,5.045,-2.184,0.108,110.986,0.90954
2269,136160.57,1,0.33355069160461426,0.36239728331565857,0.18091,0.0037202099338173866,5.122,-2.186,0.103,111.095,0.90926
2270,136224.53,1,0.32595759630203247,0.35768839716911316,0.18506,0.0036161390598863363,5.158,-2.204,0.161,111.089,0.90806
2271,136272.2,1,0.3268694281578064,0.35490432381629944,0.18778,0.003583393059670925,5.122,-2.223,0.193,110.997,0.90813
2272,136336.37,1,0.322351336479187,0.35027992725372314,0.19087,0.003617915790528059,5.136,-2.252,0.198,111.001,0.91359
2273,136400.27,1,0.3162006735801697,0.3431866765022278,0.1953,0.0036846688017249107,5.01,-2.248,0.267,110.965,0.9149
2274,136464.63,1,0.32480600476264954,0.35011008381843567,0.19544,0.0040066540241241455,4.918,-2.25,0.246,110.307,0.93959
2275,136512.4,1,0.3175637125968933,0.34667497873306274,0.19651,0.0038927276618778706,4.942,-2.272,0.262,110.231,0.94262
2276,136576.63,1,0.3162478804588318,0.3459790349006653,0.19767,0.0039475178346037865,4.805,-2.292,0.265,110.192,0.94523
2277,136640.67,1,0.3234269320964813,0.344684362411499,0.19597,0.00379016506485641,4.837,-2.267,0.219,109.789,0.96209
2278,136704.6,1,0.31208810210227966,0.34002941846847534,0.19664,0.003599152434617281,4.856,-2.275,0.212,110.041,0.96103
2279,136752.7,1,0.30839043855667114,0.3388838768005371,0.19832,0.0036769260186702013,4.852,-2.23,0.242,109.773,0.96239
2280,136816.37,1,0.3074529469013214,0.3440355062484741,0.19803,0.003559945384040475,4.887,-2.192,0.203,109.794,0.96224
2281,136880.3,1,0.30590760707855225,0.34325847029685974,0.19876,0.0034898279700428247,4.877,-2.215,0.207,109.902,0.96225
2282,136944.27,1,0.3061245381832123,0.34321507811546326,0.19896,0.0034404981415718794,4.861,-2.215,0.188,109.882,0.96197
2283,136992.53,1,0.31222277879714966,0.3452228009700775,0.19903,0.0034849841613322496,4.801,-2.213,0.203,109.789,0.96209
2284,137056.43,1,0.3089584410190582,0.3417215943336487,0.19994,0.003540528006851673,4.822,-2.216,0.201,109.864,0.96229
2285,137120.77,1,0.31074774265289307,0.34110021591186523,0.20049,0.003554737661033869,4.836,-2.185,0.189,109.872,0.96231
2286,137184.5,1,0.3157236874103546,0.34392473101615906,0.19892,0.0036898141261190176,4.921,-2.178,0.17,109.745,0.96393
2287,137232.47,1,0.5656828880310059,0.5645787715911865,0.08361,0.0048380945809185505,4.993,-2.255,0.11,109.857,0.96339
2288,137296.4,1,0.6618832349777222,0.6458538770675659,0.04261,0.004924549721181393,4.939,-2.107,0.034,109.887,0.96346
2289,137360.67,1,0.601845383644104,0.5880802869796753,0.0562,0.0046447813510894775,5.03,-2.063,0.115,109.736,0.96348
2290,137424.37,1,0.5490573048591614,0.5756330490112305,0.06948,0.004553921055048704,5.084,-2.067,0.192,109.876,0.96122
2291,137472.37,1,0.4832640290260315,0.5281964540481567,0.09484,0.0043516322039067745,5.078,-2.072,0.303,109.869,0.9611
2292,137536.33,1,0.4150523245334625,0.4437086582183838,0.12815,0.004126152954995632,5.042,-2.079,0.325,109.783,0.96092
2293,137600.53,1,0.3930791914463043,0.4216128885746002,0.142,0.004176032729446888,5.001,-2.153,0.408,109.864,0.96025
2294,137664.7,1,0.3804055154323578,0.3992527425289154,0.15184,0.004245340824127197,4.98,-2.203,0.443,109.81,0.96139
2295,137712.33,1,0.37087777256965637,0.3906981945037842,0.15817,0.004210168961435556,5.0,-2.26,0.453,109.726,0.96125
2296,137776.43,1,0.3631363809108734,0.3801117539405823,0.16495,0.004203666001558304,5.008,-2.32,0.508,109.813,0.96038
2297,137840.47,1,0.3610178828239441,0.3732118606567383,0.16995,0.004300876520574093,5.118,-2.321,0.547,109.803,0.96141
2298,137904.6,1,0.348883718252182,0.36431044340133667,0.17732,0.004327894654124975,5.101,-2.314,0.5,109.72,0.96153
2299,137952.37,1,0.3420071303844452,0.35997599363327026,0.18013,0.004335781559348106,5.105,-2.322,0.486,109.828,0.96094
2300,138016.47,1,0.3324817419052124,0.34864726662635803,0.18567,0.004196584224700928,5.107,-2.317,0.45,109.844,0.96063
2301,138080.5,1,0.32916176319122314,0.3446452021598816,0.18933,0.004218475427478552,5.104,-2.298,0.417,109.693,0.96242
2302,138144.37,1,0.3240711987018585,0.34294393658638,0.19103,0.0044212909415364265,5.113,-2.291,0.411,109.757,0.96293
2303,138192.47,1,0.3176998198032379,0.3365905284881592,0.19404,0.004441719502210617,5.109,-2.306,0.42,109.792,0.96186
2304,138256.43,1,0.31435421109199524,0.3295932114124298,0.19878,0.004571442026644945,4.94,-2.3,0.4,109.681,0.96286
2305,138320.43,1,0.31257086992263794,0.3320571482181549,0.20026,0.004968630149960518,4.827,-2.317,0.338,109.731,0.96147
2306,138384.43,1,0.3103152811527252,0.3274380564689636,0.20223,0.0051932199858129025,4.708,-2.326,0.327,109.671,0.96195
2307,138432.43,1,0.3129061162471771,0.32641562819480896,0.20557,0.005975938402116299,4.62,-2.322,0.23,109.646,0.96066
2308,138496.4,1,0.30681124329566956,0.3204692304134369,0.20749,0.00646642129868269,4.605,-2.308,0.227,109.781,0.96189
2309,138560.97,1,0.3049008548259735,0.32188668847084045,0.20885,0.007226959802210331,4.602,-2.304,0.259,109.631,0.96197
2310,138624.4,1,0.312553346157074,0.32285138964653015,0.20751,0.008152111433446407,4.555,-2.376,0.209,109.681,0.96202
2311,138672.67,1,0.30638810992240906,0.3165956735610962,0.20978,0.008289477787911892,4.418,-2.383,0.144,109.78,0.96228
2312,138736.47,1,0.2911902964115143,0.3076457679271698,0.21453,0.008480791933834553,4.293,-2.444,0.136,109.779,0.96259
2313,138800.63,1,0.29504111409187317,0.3026903569698334,0.21635,0.008562388829886913,4.272,-2.432,0.074,109.706,0.96245
2314,138864.73,1,0.27849534153938293,0.30496662855148315,0.2192,0.007551932707428932,4.151,-2.442,0.024,109.822,0.96118
2315,138912.33,1,0.25735539197921753,0.2986283004283905,0.22251,0.012688242830336094,4.106,-2.423,0.108,109.798,0.96096
2316,138976.4,1,0.2581413686275482,0.29512593150138855,0.22317,0.01532125286757946,3.979,-2.439,0.2,109.693,0.96173
2317,139040.43,1,0.23355922102928162,0.2739278972148895,0.22704,0.027978165075182915,3.976,-2.452,0.259,109.784,0.96144
2318,139104.7,1,0.22927114367485046,0.2667597234249115,0.22642,0.030612023547291756,4.031,-2.439,0.269,109.763,0.9616
2319,139152.37,1,0.24859508872032166,0.27319300174713135,0.22551,0.015538160689175129,3.889,-2.382,0.278,109.753,0.96033
2320,139216.47,1,0.2625807523727417,0.2639825642108917,0.22694,0.008947500959038734,3.929,-2.316,0.237,109.834,0.96118
2321,139280.7,1,0.2714890241622925,0.2656157612800598,0.22601,0.00867225881665945,4.162,-2.281,0.149,109.845,0.96234
2322,139344.63,1,0.27848392724990845,0.2672812342643738,0.22572,0.008795027621090412,4.245,-2.256,0.072,109.731,0.96251
2323,139392.63,1,0.28242287039756775,0.27149826288223267,0.22416,0.008646168746054173,4.361,-2.261,0.019,109.821,0.96156
2324,139456.4,1,0.27900680899620056,0.2682479918003082,0.22643,0.008666427806019783,4.392,-2.252,0.026,109.786,0.96112
2325,139520.27,1,0.28167322278022766,0.26985862851142883,0.22579,0.007999202236533165,4.484,-2.236,0.036,109.717,0.96151
2326,139584.3,1,0.2773866653442383,0.2682987153530121,0.22648,0.007820067927241325,4.577,-2.243,0.025,109.837,0.96149
2327,139632.4,1,0.27332422137260437,0.2662073075771332,0.22773,0.007887549698352814,4.553,-2.219,0.027,109.84,0.96081
2328,139696.37,1,0.2729884088039398,0.26523083448410034,0.22852,0.008010918274521828,4.553,-2.194,-0.007,109.718,0.96075
2329,139760.43,1,0.2717098593711853,0.2656002938747406,0.22807,0.007948774844408035,4.568,-2.189,-0.011,109.813,0.9616
2330,139824.5,1,0.26708725094795227,0.261505126953125,0.22986,0.007495695725083351,4.551,-2.232,0.044,109.802,0.96129
2331,139872.3,1,0.2671020030975342,0.2600255608558655,0.23008,0.007464846130460501,4.555,-2.235,0.065,109.662,0.96272
2332,139936.4,1,0.2619631290435791,0.2561732530593872,0.23212,0.007332486566156149,4.513,-2.214,0.103,109.819,0.96094
2333,140000.37,1,0.26108843088150024,0.255439817905426,0.23212,0.007472432218492031,4.483,-2.199,0.103,109.854,0.96066
2334,140064.57,1,0.26324236392974854,0.25468531250953674,0.23234,0.007879376411437988,4.425,-2.192,0.125,109.795,0.96052
2335,140112.47,1,0.26548704504966736,0.25601810216903687,0.23151,0.007976535707712173,4.442,-2.213,0.123,109.926,0.95913
2336,140176.43,1,0.27066513895988464,0.2658475935459137,0.22799,0.008686671033501625,4.489,-2.219,0.041,109.913,0.95856
2337,140240.33,1,0.2717663049697876,0.26696065068244934,0.22545,0.009401409886777401,4.45,-2.245,-0.013,109.83,0.959
2338,140304.67,1,0.2735317349433899,0.2647254168987274,0.22344,0.009682233445346355,4.48,-2.233,-0.077,109.953,0.96039
2339,140352.3,1,0.27283015847206116,0.26808083057403564,0.22364,0.00990702211856842,4.458,-2.241,-0.146,109.809,0.95985
2340,140416.3,1,0.275373637676239,0.2694174647331238,0.22248,0.009988289326429367,4.432,-2.254,-0.177,109.858,0.95944
2341,140480.4,1,0.2756098210811615,0.2634698450565338,0.2236,0.010326564311981201,4.427,-2.262,-0.225,110.051,0.95677
2342,140544.47,1,0.2735588550567627,0.26341986656188965,0.22492,0.010460266843438148,4.385,-2.277,-0.236,110.108,0.95726
2343,140592.23,1,0.2745914161205292,0.262030690908432,0.22583,0.010517715476453304,4.415,-2.293,-0.244,110.128,0.95623
2344,140656.47,1,0.2737698554992676,0.2617904245853424,0.22628,0.010461531579494476,4.416,-2.299,-0.258,110.307,0.95574
2345,140720.63,1,0.27316418290138245,0.26138636469841003,0.2262,0.010477566160261631,4.476,-2.275,-0.266,110.325,0.95553
2346,140784.57,1,0.27131351828575134,0.25955477356910706,0.22798,0.010597663931548595,4.521,-2.293,-0.264,110.309,0.95467
2347,140832.43,1,0.2669336497783661,0.2574605345726013,0.22887,0.010742944665253162,4.576,-2.255,-0.277,110.377,0.95443
2348,140896.3,1,0.2608855962753296,0.25416499376296997,0.23093,0.010474195703864098,4.591,-2.269,-0.27,110.378,0.95512
2349,140960.27,1,0.2610114812850952,0.25122231245040894,0.23208,0.010488834232091904,4.609,-2.268,-0.24,110.242,0.95599
2350,141024.63,1,0.26180553436279297,0.25135916471481323,0.23198,0.010585391893982887,4.664,-2.263,-0.225,110.34,0.95542
2351,141072.27,1,0.2560068368911743,0.24937140941619873,0.23382,0.010522054508328438,4.674,-2.268,-0.224,110.34,0.95515
2352,141136.33,1,0.25699612498283386,0.2507525086402893,0.23451,0.01057393103837967,4.77,-2.228,-0.215,110.206,0.95537
2353,141200.6,1,0.24948929250240326,0.2466477006673813,0.23594,0.010161674581468105,4.786,-2.22,-0.213,110.266,0.95486
2354,141264.7,1,0.24608595669269562,0.24334397912025452,0.23577,0.010211705230176449,4.845,-2.222,-0.225,110.255,0.95583
2355,141312.27,1,0.24596339464187622,0.24135729670524597,0.23613,0.010455041192471981,4.86,-2.224,-0.211,110.139,0.95545
2356,141376.6,1,0.24092085659503937,0.23718035221099854,0.23723,0.010573151521384716,4.908,-2.211,-0.218,110.217,0.95566
2357,141440.53,1,0.2392476201057434,0.23657172918319702,0.23758,0.010506009683012962,4.883,-2.177,-0.21,110.189,0.95601
2358,141504.27,1,0.24156302213668823,0.23702453076839447,0.2371,0.010904980823397636,4.896,-2.175,-0.218,110.085,0.95663
2359,141552.3,1,0.24194210767745972,0.24005115032196045,0.2363,0.01080006267875433,4.986,-2.179,-0.242,110.153,0.95518
2360,141616.37,1,0.24086153507232666,0.24064987897872925,0.23759,0.01121957041323185,4.949,-2.173,-0.265,110.151,0.95567
2361,141680.57,1,0.24171975255012512,0.2408750206232071,0.23737,0.011187410913407803,5.104,-2.188,-0.278,110.023,0.95701
2362,141744.6,1,0.23431932926177979,0.23434141278266907,0.23951,0.01067749597132206,5.154,-2.162,-0.311,110.049,0.95665
2363,141792.27,1,0.22928068041801453,0.2278861403465271,0.24159,0.01073918491601944,5.128,-2.101,-0.313,110.038,0.95542
2364,141856.33,1,0.2268362194299698,0.214842289686203,0.24413,0.010965647175908089,5.08,-2.075,-0.339,110.023,0.95496
2365,141920.7,1,0.22483861446380615,0.21199625730514526,0.24568,0.01077231951057911,5.079,-2.049,-0.335,110.034,0.95475
2366,141984.43,1,0.22174231708049774,0.21555398404598236,0.24573,0.010552630759775639,5.093,-2.043,-0.328,110.019,0.95631
2367,142032.3,1,0.22509968280792236,0.2146935611963272,0.24572,0.010616648942232132,5.059,-2.042,-0.288,109.97,0.95755
2368,142096.37,1,0.22708670794963837,0.21953724324703217,0.24462,0.010390793904662132,5.016,-2.071,-0.294,110.112,0.95705
2369,142160.57,1,0.2298138290643692,0.21928884088993073,0.24462,0.009791390970349312,4.959,-2.074,-0.259,109.95,0.95638
2370,142224.53,1,0.2335481494665146,0.22039873898029327,0.24377,0.009894278831779957,4.92,-1.991,-0.306,109.947,0.95698
2371,142272.43,1,0.2288205921649933,0.21697507798671722,0.24513,0.009580036625266075,4.893,-2.003,-0.309,110.023,0.95747
2372,142336.4,1,0.22554422914981842,0.2141602486371994,0.24649,0.00990015733987093,4.858,-1.982,-0.261,110.032,0.95652
2373,142400.5,1,0.22958391904830933,0.21792609989643097,0.24571,0.010920705273747444,4.807,-1.993,-0.253,109.951,0.95538
2374,142464.7,1,0.2288585603237152,0.21881775557994843,0.24582,0.010803054086863995,4.883,-2.015,-0.291,110.071,0.95436
2375,142512.33,1,0.22975634038448334,0.21807311475276947,0.24616,0.010716630145907402,4.867,-2.035,-0.27,110.094,0.95462
2376,142576.33,1,0.23686927556991577,0.2221047431230545,0.24487,0.010937189683318138,4.949,-2.096,-0.295,109.996,0.95485
2377,142640.47,1,0.2404242604970932,0.22370590269565582,0.24392,0.010842571035027504,4.973,-2.116,-0.328,110.098,0.95467
2378,142704.37,1,0.2407851368188858,0.2221290022134781,0.24454,0.0107656205072999,4.952,-2.131,-0.328,110.081,0.95579
2379,142752.63,1,0.2416539192199707,0.22288450598716736,0.24437,0.01097962912172079,4.961,-2.133,-0.339,109.985,0.95576
2380,142816.3,1,0.24044287204742432,0.2220926135778427,0.24448,0.010937055572867393,4.97,-2.14,-0.341,110.089,0.95593
2381,142880.57,1,0.2388678342103958,0.21981871128082275,0.24621,0.010954233817756176,4.898,-2.164,-0.334,110.082,0.95462
2382,142944.17,1,0.24062056839466095,0.22055967152118683,0.24619,0.011076212860643864,4.891,-2.147,-0.353,109.988,0.95525
2383,142992.27,1,0.2398698776960373,0.22080925107002258,0.24585,0.011040075682103634,4.91,-2.151,-0.368,110.09,0.95586
2384,143056.3,1,0.23506294190883636,0.21603459119796753,0.2467,0.010857943445444107,4.913,-2.151,-0.338,110.087,0.95564
2385,143120.43,1,0.23779836297035217,0.21885129809379578,0.24679,0.011364654637873173,4.916,-2.175,-0.327,110.021,0.95454
2386,143184.57,1,0.23137666285037994,0.21608339250087738,0.24769,0.01103423535823822,5.005,-2.199,-0.302,110.115,0.95384
2387,143232.73,1,0.22908608615398407,0.2147747278213501,0.24907,0.011106143705546856,4.88,-2.234,-0.243,110.12,0.95503
2388,143296.27,1,0.23074927926063538,0.21599264442920685,0.24795,0.010812618769705296,4.886,-2.237,-0.24,110.007,0.95598
2389,143360.5,1,0.2305164635181427,0.21786102652549744,0.24746,0.01068127527832985,4.782,-2.282,-0.259,110.1,0.95521
2390,143424.6,1,0.23155371844768524,0.21860770881175995,0.24736,0.010657155886292458,4.739,-2.261,-0.256,110.079,0.95643
2391,143472.2,1,0.2352745532989502,0.22104161977767944,0.24672,0.010569133795797825,4.785,-2.243,-0.271,109.983,0.95626
2392,143536.37,1,0.23781168460845947,0.2255016416311264,0.2445,0.01066981814801693,4.791,-2.24,-0.276,110.01,0.95614
2393,143600.53,1,0.2364826649427414,0.2266301065683365,0.24393,0.010480874218046665,4.815,-2.244,-0.279,109.96,0.95698
2394,143664.7,1,0.2385428100824356,0.22876112163066864,0.24381,0.010572519153356552,4.699,-2.283,-0.246,109.978,0.95619
2395,143712.27,1,0.2374771684408188,0.22957894206047058,0.24374,0.010655421763658524,4.717,-2.283,-0.278,110.003,0.95667
2396,143776.27,1,0.23349401354789734,0.22750848531723022,0.24436,0.010330249555408955,4.719,-2.288,-0.286,109.985,0.95757
2397,143840.4,1,0.2324535995721817,0.22512692213058472,0.24538,0.010319237597286701,4.718,-2.295,-0.278,109.946,0.9583
2398,143904.43,1,0.228702113032341,0.22429372370243073,0.24539,0.01029687374830246,4.754,-2.28,-0.287,110.106,0.95642
2399,143952.23,1,0.22881469130516052,0.22339017689228058,0.24584,0.010589252226054668,4.822,-2.243,-0.277,109.974,0.9573
2400,144016.23,1,0.23493999242782593,0.22864548861980438,0.24386,0.010909884236752987,4.829,-2.207,-0.309,109.994,0.95491
2401,144080.8,1,0.2292935997247696,0.2272087037563324,0.24453,0.01051634643226862,4.831,-2.202,-0.326,110.06,0.95622
2402,144144.6,1,0.22765985131263733,0.22729310393333435,0.2448,0.010718515142798424,4.823,-2.193,-0.337,110.075,0.95605
2403,144192.47,1,0.22706279158592224,0.2267845720052719,0.24488,0.010645573027431965,4.842,-2.176,-0.353,109.972,0.95668
2404,144256.33,1,0.23119302093982697,0.2276327908039093,0.24311,0.009504720568656921,4.844,-2.161,-0.375,110.049,0.95709
2405,144320.2,1,0.2295127809047699,0.22358150780200958,0.24315,0.0098416144028306,4.813,-2.165,-0.324,110.081,0.95633
2406,144384.37,1,0.2373761087656021,0.22716684639453888,0.24191,0.010120408609509468,4.824,-2.096,-0.335,109.98,0.95633
2407,144432.67,1,0.23735064268112183,0.23090913891792297,0.24122,0.010289505124092102,4.815,-2.091,-0.386,110.059,0.9574
2408,144496.23,1,0.23167501389980316,0.22995047271251678,0.24249,0.010204034857451916,4.921,-2.08,-0.456,110.064,0.95619
2409,144560.47,1,0.23684263229370117,0.23155833780765533,0.2425,0.010539485141634941,4.875,-2.062,-0.431,109.973,0.95691
2410,144624.53,1,0.23619039356708527,0.23394547402858734,0.24237,0.01039134431630373,4.863,-2.051,-0.466,110.059,0.95633
2411,144672.17,1,0.23568245768547058,0.23462356626987457,0.24242,0.009945543482899666,4.869,-2.08,-0.461,110.092,0.95613
2412,144736.23,1,0.24272537231445312,0.23746825754642487,0.24133,0.010271262377500534,4.843,-2.138,-0.412,109.937,0.95706
2413,144800.17,1,0.24021175503730774,0.2361905574798584,0.24148,0.00988052785396576,4.784,-2.139,-0.411,110.048,0.95623
2414,144864.57,1,0.23679102957248688,0.23590217530727386,0.24202,0.009755316190421581,4.782,-2.14,-0.411,110.08,0.95588
2415,144928.07,1,0.23639170825481415,0.2347356379032135,0.24272,0.01006063912063837,4.766,-2.143,-0.378,109.964,0.95605
2416,144976.33,1,0.23435738682746887,0.23274751007556915,0.24293,0.009862416423857212,4.743,-2.151,-0.368,110.023,0.95611
2417,145040.3,1,0.23154382407665253,0.23092566430568695,0.24354,0.009645014069974422,4.776,-2.106,-0.369,110.075,0.955
2418,145104.23,1,0.23469135165214539,0.23426322638988495,0.24232,0.009529739618301392,4.822,-2.118,-0.365,109.954,0.95532
2419,145168.2,1,0.23619674146175385,0.2353438287973404,0.24178,0.009456279687583447,4.891,-2.091,-0.398,110.042,0.95616
2420,145216.57,1,0.2342274785041809,0.23427894711494446,0.24108,0.008659081533551216,4.92,-2.073,-0.385,110.072,0.9558
2421,145280.5,1,0.23643821477890015,0.23835022747516632,0.24017,0.009518008679151535,5.0,-1.995,-0.434,109.93,0.95769
2422,145344.57,1,0.2325078696012497,0.23897016048431396,0.24086,0.009624960832297802,5.031,-2.03,-0.471,109.962,0.95694
2423,145408.33,1,0.2286285161972046,0.23760148882865906,0.24171,0.009478605352342129,4.979,-1.991,-0.46,109.98,0.95596
2424,145456.3,1,0.22875311970710754,0.23337717354297638,0.24328,0.009722542017698288,4.971,-1.987,-0.461,109.989,0.95438
2425,145520.5,1,0.22659246623516083,0.23298214375972748,0.24382,0.009855754673480988,4.976,-2.006,-0.47,110.079,0.95494
2426,145584.47,1,0.21717029809951782,0.22902360558509827,0.24631,0.009572952054440975,4.898,-2.027,-0.398,110.059,0.95471
2427,145648.23,1,0.2211940735578537,0.23044516146183014,0.24687,0.010404523462057114,4.916,-2.062,-0.343,109.973,0.95393
2428,145696.3,1,0.22295144200325012,0.2306668758392334,0.24669,0.009861336089670658,4.913,-2.076,-0.339,110.111,0.95454
2429,145760.6,1,0.22667311131954193,0.22691801190376282,0.24608,0.010154620744287968,4.768,-2.091,-0.293,109.988,0.95366
2430,145824.53,1,0.23035916686058044,0.22654837369918823,0.24556,0.009917943738400936,4.712,-2.1,-0.288,109.988,0.95342
2431,145888.27,1,0.22827552258968353,0.22439783811569214,0.24586,0.009730079211294651,4.673,-2.131,-0.292,110.054,0.95398
2432,145936.23,1,0.22961366176605225,0.22331656515598297,0.24595,0.009813115932047367,4.643,-2.139,-0.308,110.095,0.95346
2433,146000.13,1,0.23230215907096863,0.22350037097930908,0.24627,0.009463364258408546,4.64,-2.123,-0.291,109.999,0.95372
2434,146064.6,1,0.2338278889656067,0.22427351772785187,0.24447,0.009521487168967724,4.69,-2.133,-0.345,110.077,0.95451
2435,146128.57,1,0.23052679002285004,0.22407902777194977,0.24447,0.009556502103805542,4.662,-2.127,-0.338,110.058,0.95428
2436,146176.27,1,0.23409946262836456,0.22668687999248505,0.24425,0.009854409843683243,4.627,-2.146,-0.344,109.944,0.95407
2437,146240.33,1,0.23293165862560272,0.2284342497587204,0.24414,0.009453983046114445,4.622,-2.143,-0.362,110.029,0.95517
2438,146304.5,1,0.23069307208061218,0.2283223271369934,0.2453,0.009237004444003105,4.628,-2.173,-0.349,110.028,0.95458
2439,146368.2,1,0.2388024628162384,0.2311631292104721,0.24401,0.009053446352481842,4.551,-2.175,-0.291,109.901,0.95491
2440,146416.23,1,0.23626992106437683,0.23119299113750458,0.24415,0.008790718391537666,4.563,-2.162,-0.292,109.999,0.95406
2441,146480.6,1,0.23624968528747559,0.22865360975265503,0.24413,0.008843015879392624,4.644,-2.174,-0.254,110.014,0.95435
2442,146544.2,1,0.2399638295173645,0.2283259928226471,0.24421,0.008701309561729431,4.666,-2.177,-0.178,109.925,0.95346
2443,146608.6,1,0.2405107617378235,0.22941026091575623,0.24434,0.00879844930022955,4.694,-2.14,-0.189,109.981,0.95499
2444,146656.23,1,0.23775222897529602,0.22776257991790771,0.24515,0.008704173378646374,4.697,-2.147,-0.197,109.988,0.95584
2445,146720.2,1,0.2389819324016571,0.22709327936172485,0.24581,0.008766516111791134,4.717,-2.225,-0.181,109.862,0.9569
2446,146784.23,1,0.2362910658121109,0.22696180641651154,0.24575,0.00870929192751646,4.719,-2.211,-0.191,109.959,0.95575
2447,146848.3,1,0.23063978552818298,0.2236536592245102,0.24673,0.008658712729811668,4.718,-2.229,-0.161,109.977,0.95472
2448,146896.23,1,0.23275521397590637,0.2248869240283966,0.24671,0.008559297770261765,4.652,-2.24,-0.134,109.858,0.95482
2449,146960.43,1,0.23156140744686127,0.22487393021583557,0.24713,0.008537466637790203,4.665,-2.231,-0.135,109.945,0.95486
2450,147024.53,1,0.22923161089420319,0.2244492471218109,0.24758,0.00891281571239233,4.681,-2.178,-0.153,109.934,0.9559
2451,147088.33,1,0.23221619427204132,0.22601327300071716,0.24594,0.00906900130212307,4.748,-2.162,-0.198,109.847,0.95608
2452,147136.57,1,0.22912177443504333,0.22376976907253265,0.24581,0.008762886747717857,4.766,-2.163,-0.19,109.887,0.95586
2453,147200.3,1,0.22753839194774628,0.22545860707759857,0.24543,0.008752997033298016,4.843,-2.157,-0.243,109.873,0.95665
2454,147264.53,1,0.22890011966228485,0.22534297406673431,0.24517,0.008823168464004993,4.88,-2.136,-0.233,109.862,0.9554
2455,147328.3,1,0.22676941752433777,0.22545936703681946,0.24579,0.008905463851988316,4.837,-2.141,-0.276,109.908,0.9558
2456,147376.37,1,0.22576579451560974,0.21820394694805145,0.24694,0.008981294929981232,4.815,-2.111,-0.281,109.884,0.95693
2457,147440.7,1,0.22760799527168274,0.2130645513534546,0.24781,0.008884374052286148,4.835,-2.086,-0.276,109.84,0.95781
2458,147504.5,1,0.226172536611557,0.2134810984134674,0.24836,0.008763880468904972,4.83,-2.093,-0.295,110.033,0.95693
2459,147568.3,1,0.23163631558418274,0.21243149042129517,0.24895,0.009345585480332375,4.832,-2.111,-0.253,109.857,0.95705
2460,147616.3,1,0.231000155210495,0.2157723754644394,0.24949,0.009171247482299805,4.835,-2.113,-0.267,109.861,0.95598
2461,147680.53,1,0.22680914402008057,0.22180518507957458,0.24806,0.008969792164862156,4.854,-2.176,-0.249,109.949,0.95601
2462,147744.53,1,0.2258366048336029,0.2204689383506775,0.24784,0.009024581871926785,4.832,-2.149,-0.267,109.924,0.95583
2463,147808.5,1,0.2326846569776535,0.224190354347229,0.24543,0.009840406477451324,4.863,-2.139,-0.24,109.799,0.95656
2464,147856.37,1,0.23109331727027893,0.22530695796012878,0.24473,0.00975822377949953,4.914,-2.108,-0.253,109.924,0.9553
2465,147920.43,1,0.2273734211921692,0.22123783826828003,0.24571,0.009689213708043098,4.934,-2.112,-0.23,109.879,0.9556
2466,147984.17,1,0.2316058725118637,0.22037926316261292,0.24431,0.010213533416390419,4.882,-2.111,-0.203,109.782,0.95654
2467,148048.4,1,0.23019129037857056,0.220527783036232,0.24438,0.010264352895319462,4.897,-2.115,-0.218,109.866,0.95693
2468,148096.6,1,0.22864603996276855,0.21992772817611694,0.24453,0.010315409861505032,4.895,-2.128,-0.219,109.88,0.9568
2469,148160.6,1,0.23217858374118805,0.21973355114459991,0.24413,0.010667186230421066,4.898,-2.168,-0.2,109.816,0.95633
2470,148224.57,1,0.22709833085536957,0.2194374054670334,0.24482,0.009530369192361832,4.929,-2.181,-0.21,109.904,0.95619
2471,148288.4,1,0.22476713359355927,0.21821917593479156,0.24512,0.009273147210478783,4.913,-2.188,-0.233,109.93,0.9566
2472,148336.17,1,0.22852881252765656,0.22108156979084015,0.24532,0.009673542343080044,4.882,-2.181,-0.214,109.856,0.95587
2473,148400.43,1,0.224775031208992,0.21911197900772095,0.24564,0.009150376543402672,4.896,-2.156,-0.255,109.879,0.9583
2474,148464.5,1,0.2233971655368805,0.21735024452209473,0.2465,0.009044133126735687,4.855,-2.177,-0.226,109.911,0.95727
2475,148528.17,1,0.22309140861034393,0.21793602406978607,0.24618,0.00911342166364193,4.852,-2.172,-0.223,109.813,0.95785
2476,148576.3,1,0.22369565069675446,0.2197880893945694,0.24572,0.00913019198924303,4.855,-2.167,-0.226,109.916,0.95643
2477,148640.93,1,0.22316674888134003,0.2200184315443039,0.24583,0.009133647195994854,4.859,-2.168,-0.236,109.894,0.9577
2478,148704.53,1,0.22826406359672546,0.22229111194610596,0.24711,0.009272022172808647,4.872,-2.185,-0.239,109.787,0.95772
2479,148768.53,1,0.2255944013595581,0.22352339327335358,0.24771,0.00870787538588047,4.934,-2.169,-0.284,109.873,0.95784
2480,148816.3,1,0.21710622310638428,0.22349673509597778,0.24945,0.008555449545383453,4.9,-2.153,-0.235,109.872,0.95828
2481,148880.57,1,0.21756312251091003,0.2230808436870575,0.2493,0.008923445828258991,4.878,-2.134,-0.201,109.815,0.9579
2482,148944.2,1,0.2181786447763443,0.22300657629966736,0.24886,0.008921491913497448,4.851,-2.139,-0.194,109.786,0.95853
2483,149008.5,1,0.21667267382144928,0.21631404757499695,0.25021,0.009148700162768364,4.849,-2.15,-0.213,109.799,0.95791
2484,149056.33,1,0.21930959820747375,0.21534067392349243,0.24997,0.009148293174803257,4.824,-2.17,-0.201,109.797,0.9587
2485,149120.5,1,0.2149239182472229,0.21494372189044952,0.25023,0.009079891256988049,4.858,-2.162,-0.232,109.795,0.95781
2486,149184.27,1,0.21367523074150085,0.2151193469762802,0.24961,0.008581273257732391,4.779,-2.15,-0.187,109.796,0.95915
2487,149248.2,1,0.2183426022529602,0.21886150538921356,0.24845,0.008554535917937756,4.759,-2.154,-0.159,109.785,0.95708
2488,149296.2,1,0.22760513424873352,0.21926249563694,0.2463,0.008677815087139606,4.801,-2.141,-0.206,109.946,0.95606
2489,149360.57,1,0.23450449109077454,0.22041594982147217,0.24456,0.008701244369149208,4.74,-2.117,-0.196,109.758,0.95777
2490,149424.23,1,0.23559074103832245,0.22394660115242004,0.24525,0.008898884057998657,4.767,-2.113,-0.242,109.714,0.95786
2491,149488.27,1,0.2330249547958374,0.22305968403816223,0.24544,0.009451827965676785,4.786,-2.108,-0.282,109.811,0.95825
2492,149536.27,1,0.23096990585327148,0.2215622216463089,0.24648,0.009604307822883129,4.787,-2.109,-0.278,109.782,0.95856
2493,149600.47,1,0.23547706007957458,0.22355087101459503,0.24707,0.010196780785918236,4.809,-2.169,-0.275,109.667,0.95866
2494,149664.23,1,0.2318652719259262,0.22606508433818817,0.24786,0.010049978271126747,5.013,-2.161,-0.311,109.793,0.95925
2495,149728.17,1,0.231108620762825,0.22692522406578064,0.24771,0.010244973935186863,5.019,-2.149,-0.314,109.795,0.95965
2496,149776.17,1,0.23254837095737457,0.22370709478855133,0.24759,0.010606586001813412,5.015,-2.127,-0.311,109.722,0.9588
2497,149840.4,1,0.23554620146751404,0.22754517197608948,0.24597,0.01074608601629734,5.065,-2.149,-0.343,109.8,0.95977
2498,149904.33,1,0.2336292862892151,0.22777047753334045,0.24624,0.01073648501187563,5.068,-2.12,-0.384,109.792,0.95962
2499,149968.33,1,0.23319631814956665,0.2274240106344223,0.24703,0.010697603225708008,5.044,-2.13,-0.36,109.69,0.96025
2500,150016.33,1,0.2325865626335144,0.22715049982070923,0.24696,0.01068254467099905,5.045,-2.139,-0.366,109.77,0.95849
2501,150080.2,1,0.23072175681591034,0.2273188829421997,0.24622,0.010375685058534145,5.052,-2.145,-0.359,109.77,0.95888
2502,150144.47,1,0.23007486760616302,0.22756507992744446,0.24623,0.009937132708728313,5.005,-2.217,-0.366,109.72,0.95843
2503,150208.33,1,0.22818145155906677,0.23032896220684052,0.24611,0.009714093990623951,4.984,-2.27,-0.356,109.763,0.95883
2504,150256.33,1,0.2244434505701065,0.2284952849149704,0.24676,0.00953744724392891,4.99,-2.247,-0.358,109.774,0.95915
2505,150320.37,1,0.22370006144046783,0.23085665702819824,0.24608,0.008886924013495445,4.991,-2.259,-0.326,109.659,0.95927
2506,150384.33,1,0.2191454917192459,0.22775870561599731,0.24693,0.008855730295181274,4.998,-2.265,-0.329,109.767,0.95855
2507,150448.43,1,0.21824157238006592,0.2303231805562973,0.24691,0.008890915662050247,5.009,-2.263,-0.322,109.768,0.9582
2508,150496.2,1,0.22162319719791412,0.2319454401731491,0.24587,0.008891242556273937,5.011,-2.264,-0.33,109.678,0.95729
2509,150560.7,1,0.2200402468442917,0.22802521288394928,0.24689,0.008838603273034096,5.05,-2.288,-0.345,109.755,0.95917
2510,150624.53,1,0.2213727831840515,0.22822163999080658,0.24698,0.008892737329006195,5.026,-2.302,-0.34,109.762,0.9578
2511,150688.23,1,0.22699610888957977,0.23040157556533813,0.24569,0.009708915837109089,5.01,-2.292,-0.359,109.667,0.95827
2512,150736.33,1,0.22404612600803375,0.23011523485183716,0.24598,0.009765406139194965,5.038,-2.292,-0.359,109.662,0.96122
2513,150800.4,1,0.2254122495651245,0.2307875007390976,0.24542,0.009526382200419903,5.023,-2.301,-0.352,109.667,0.9619
2514,150864.33,1,0.22686626017093658,0.22989699244499207,0.24487,0.009964180178940296,5.024,-2.319,-0.305,109.622,0.96159
2515,150928.27,1,0.22534427046775818,0.22854700684547424,0.24558,0.009749183431267738,5.002,-2.338,-0.276,109.618,0.96164
2516,150976.27,1,0.22428110241889954,0.2287501096725464,0.24599,0.009714667685329914,4.995,-2.339,-0.281,109.596,0.96218
2517,151040.3,1,0.22337280213832855,0.23040373623371124,0.24673,0.009477518498897552,5.018,-2.352,-0.235,109.583,0.96196
2518,151104.53,1,0.22250564396381378,0.22487510740756989,0.24793,0.009307723492383957,5.014,-2.342,-0.256,109.697,0.96205
2519,151168.77,1,0.22623005509376526,0.22736987471580505,0.2471,0.009428663179278374,4.992,-2.367,-0.226,109.57,0.96265
2520,151216.23,1,0.2325630486011505,0.23732401430606842,0.24449,0.009886243380606174,4.966,-2.358,-0.247,109.572,0.96298
2521,151280.23,1,0.6827682852745056,0.5672099590301514,0.06413,0.012697064317762852,4.646,-2.42,-0.459,109.729,0.96273
2522,151344.53,1,0.6479870080947876,0.5748940110206604,0.05662,0.013087441213428974,4.815,-2.238,-0.387,109.733,0.96185
2523,151408.47,1,0.6511102914810181,0.5478377342224121,0.05869,0.0135592520236969,4.864,-2.215,-0.264,109.65,0.96171
2524,151456.33,1,0.6142447590827942,0.5016950368881226,0.07712,0.013559459708631039,4.944,-2.18,-0.204,109.748,0.96134
2525,151520.3,1,0.4985295534133911,0.4164060652256012,0.11873,0.012620124034583569,4.936,-2.162,-0.15,109.747,0.9623
2526,151584.5,1,0.4185006022453308,0.36556729674339294,0.1502,0.012096475809812546,4.916,-2.139,-0.11,109.642,0.96191
2527,151648.33,1,0.3718697130680084,0.3169674277305603,0.17441,0.011363948695361614,4.901,-2.146,-0.117,109.702,0.963
2528,151696.6,1,0.3415997624397278,0.29825595021247864,0.18819,0.010909910313785076,4.926,-2.144,-0.092,109.74,0.96226
2529,151760.6,1,0.33039435744285583,0.2780108153820038,0.20182,0.01116159837692976,4.874,-2.108,-0.092,109.624,0.96251
2530,151824.53,1,0.32117003202438354,0.2783934772014618,0.20577,0.010979173704981804,4.896,-2.109,-0.079,109.72,0.96241
2531,151888.57,1,0.3100598156452179,0.2716931998729706,0.2108,0.010948934592306614,4.879,-2.104,-0.111,109.721,0.96261
2532,151936.3,1,0.30635911226272583,0.26924359798431396,0.21643,0.01050074864178896,4.858,-2.099,-0.128,109.652,0.96226
2533,152000.6,1,0.2997433543205261,0.2712082862854004,0.21896,0.009659552946686745,4.906,-2.07,-0.124,109.74,0.96287
2534,152064.6,1,0.29262274503707886,0.2662431597709656,0.2213,0.009518376551568508,4.926,-2.06,-0.124,109.74,0.96167
2535,152128.23,1,0.2877311706542969,0.26418280601501465,0.22408,0.0094157038256526,4.918,-2.083,-0.111,109.637,0.96252
2536,152176.23,1,0.28258422017097473,0.263543963432312,0.22529,0.009307265281677246,4.919,-2.086,-0.104,109.753,0.9609
2537,152240.33,1,0.2729295790195465,0.2618914544582367,0.2274,0.009240033105015755,4.919,-2.094,-0.105,109.735,0.96268
2538,152304.53,1,0.2720848321914673,0.2601030170917511,0.22984,0.009224784560501575,4.872,-2.089,-0.113,109.678,0.9609
2539,152368.6,1,0.2710898816585541,0.260909765958786,0.23064,0.009097387082874775,4.868,-2.099,-0.106,109.731,0.96172
2540,152416.23,1,0.2685558497905731,0.2600418031215668,0.23126,0.00893663801252842,4.852,-2.105,-0.093,109.764,0.96043
2541,152480.13,1,0.2771087884902954,0.26221930980682373,0.23074,0.00935967918485403,4.901,-2.163,-0.082,109.659,0.96047
2542,152544.3,1,0.27232205867767334,0.26301878690719604,0.22966,0.009383238852024078,4.957,-2.176,-0.095,109.647,0.96117
2543,152608.37,1,0.26864194869995117,0.2592245042324066,0.23201,0.009107304736971855,4.935,-2.175,-0.061,109.643,0.96155
2544,152656.27,1,0.2675669491291046,0.258924663066864,0.2323,0.00932060182094574,4.928,-2.177,-0.063,109.641,0.96058
2545,152720.5,1,0.26546230912208557,0.258533775806427,0.23255,0.009042732417583466,4.939,-2.199,-0.064,109.637,0.96174
2546,152784.13,1,0.26757919788360596,0.25853514671325684,0.23245,0.009115268476307392,4.904,-2.198,-0.079,109.633,0.96066
2547,152848.23,1,0.2723586857318878,0.260711133480072,0.23241,0.00946530606597662,4.934,-2.257,-0.079,109.617,0.96168
2548,152896.13,1,0.2729211449623108,0.2604801058769226,0.23207,0.009526606649160385,4.954,-2.249,-0.084,109.745,0.961
2549,152960.43,1,0.2744901776313782,0.26180481910705566,0.23088,0.010208562947809696,4.976,-2.204,-0.066,109.607,0.96016
2550,153024.07,1,0.2637079358100891,0.2572069764137268,0.23349,0.009571904316544533,5.062,-2.217,-0.069,109.576,0.96079
2551,153088.1,1,0.256210058927536,0.24967174232006073,0.23655,0.009364171884953976,5.069,-2.224,-0.059,109.686,0.96171
2552,153136.13,1,0.2504366338253021,0.24650278687477112,0.23868,0.008761527948081493,5.083,-2.216,-0.041,109.687,0.96151
2553,153200.1,1,0.2514963448047638,0.2445453554391861,0.23953,0.008547886274755001,5.021,-2.19,-0.036,109.63,0.961
2554,153264.17,1,0.24892477691173553,0.242862731218338,0.24023,0.008630410768091679,4.973,-2.21,-0.03,109.714,0.9603
2555,153328.13,1,0.2482488602399826,0.24225535988807678,0.24037,0.008767281658947468,4.941,-2.204,-0.031,109.67,0.96095
2556,153376.1,1,0.2513842284679413,0.2390998899936676,0.24129,0.008966241031885147,4.915,-2.196,0.003,109.643,0.9597
2557,153440.1,1,0.25038817524909973,0.23950934410095215,0.24077,0.008803416043519974,4.946,-2.186,-0.003,109.719,0.9596
2558,153504.07,1,0.2496509999036789,0.23744522035121918,0.24135,0.008822239004075527,4.98,-2.168,-0.004,109.68,0.95988
2559,153568.07,1,0.25385305285453796,0.2359277755022049,0.24104,0.008786174468696117,4.995,-2.167,-0.005,109.593,0.96045
2560,153616.23,1,0.2538616955280304,0.23677432537078857,0.24103,0.008721469901502132,5.003,-2.182,-0.001,109.648,0.95978
2561,153680.43,1,0.25203219056129456,0.23636190593242645,0.24092,0.008613568730652332,5.042,-2.17,-0.013,109.665,0.95985
2562,153744.2,1,0.2545803487300873,0.23248903453350067,0.24095,0.008755521848797798,5.016,-2.211,-0.02,109.573,0.96053
2563,153808.2,1,0.25430768728256226,0.23413175344467163,0.2406,0.00873847957700491,5.0,-2.233,-0.023,109.661,0.96016
2564,153856.13,1,0.2524804472923279,0.23373647034168243,0.24053,0.008870797231793404,4.985,-2.219,-0.044,109.636,0.96019
2565,153920.47,1,0.2534761130809784,0.23432955145835876,0.24013,0.00894656591117382,4.969,-2.231,-0.042,109.542,0.96043
2566,153984.43,1,0.25119826197624207,0.2342781126499176,0.24116,0.008889506570994854,4.972,-2.229,-0.029,109.636,0.96
2567,154048.57,1,0.2502850294113159,0.23311032354831696,0.24124,0.008809663355350494,4.955,-2.236,-0.028,109.652,0.95962
2568,154096.4,1,0.2542176842689514,0.230293869972229,0.24177,0.009235699661076069,4.881,-2.306,-0.005,109.539,0.961
2569,154160.1,1,0.2505652606487274,0.2282513529062271,0.24225,0.009160653688013554,4.923,-2.302,0.009,109.645,0.95986
2570,154224.47,1,0.25114428997039795,0.22810502350330353,0.24221,0.008981982246041298,4.915,-2.301,-0.004,109.648,0.96098
2571,154288.0,1,0.25165316462516785,0.22790612280368805,0.24236,0.009070560336112976,4.91,-2.271,-0.008,109.602,0.95975
2572,154336.13,1,0.25073671340942383,0.22844165563583374,0.24271,0.009020953439176083,4.892,-2.266,-0.012,109.593,0.96067
2573,154400.1,1,0.24732953310012817,0.22628432512283325,0.24423,0.008947636932134628,4.892,-2.277,0.015,109.581,0.96004
2574,154464.07,1,0.2581578195095062,0.22589609026908875,0.24516,0.009097205474972725,4.787,-2.254,0.103,109.541,0.96128
2575,154528.3,1,0.25639668107032776,0.22756922245025635,0.24519,0.00927936565130949,4.767,-2.248,0.108,109.635,0.96053
2576,154576.23,1,0.2553269863128662,0.22651834785938263,0.24498,0.009601457975804806,4.687,-2.279,0.114,109.646,0.9603
2577,154640.17,1,0.2553856074810028,0.2269989550113678,0.24526,0.009795608930289745,4.704,-2.286,0.131,109.547,0.95994
2578,154704.1,1,0.24768823385238647,0.22546203434467316,0.24555,0.009133820421993732,4.727,-2.294,0.107,109.642,0.96149
2579,154768.07,1,0.24772252142429352,0.22087407112121582,0.2471,0.00957022700458765,4.76,-2.302,0.117,109.499,0.96169
2580,154816.1,1,0.2510409355163574,0.22371122241020203,0.24564,0.009701612405478954,4.762,-2.333,0.091,109.568,0.95984
2581,154880.13,1,0.2456611543893814,0.22713437676429749,0.24477,0.009547939524054527,4.813,-2.328,0.061,109.626,0.96103
2582,154944.1,1,0.241337850689888,0.2240791767835617,0.24486,0.009138762950897217,4.841,-2.306,0.042,109.646,0.96059
2583,155008.07,1,0.24737761914730072,0.22554950416088104,0.24363,0.009330768138170242,4.745,-2.336,0.057,109.581,0.96009
2584,155056.13,1,0.2419639229774475,0.2273922562599182,0.24364,0.009120896458625793,4.765,-2.345,0.066,109.669,0.9611
2585,155120.17,1,0.2386574000120163,0.22096124291419983,0.24469,0.009049104526638985,4.745,-2.3,0.044,109.662,0.96171
2586,155184.07,1,0.23064452409744263,0.21670953929424286,0.2479,0.009006612002849579,4.731,-2.306,0.068,109.543,0.96202
2587,155248.17,1,0.23087488114833832,0.21746186912059784,0.24756,0.009141651913523674,4.742,-2.311,0.068,109.663,0.96006
2588,155296.1,1,0.23044688999652863,0.21793915331363678,0.24741,0.009185833856463432,4.757,-2.307,0.064,109.638,0.95975
2589,155360.07,1,0.23617899417877197,0.2229754626750946,0.24788,0.009875918738543987,4.744,-2.302,0.085,109.541,0.95998
2590,155424.03,1,0.2361406832933426,0.22677285969257355,0.2479,0.009900279343128204,4.75,-2.297,0.058,109.654,0.95978
2591,155488.1,1,0.23683041334152222,0.22463588416576385,0.24756,0.010463534854352474,4.693,-2.271,0.049,109.669,0.95963
2592,155536.03,1,0.23927529156208038,0.22710394859313965,0.24766,0.010901941917836666,4.667,-2.259,0.025,109.511,0.96032
2593,155600.03,1,0.23712065815925598,0.22669260203838348,0.24776,0.010803588666021824,4.73,-2.232,0.031,109.595,0.95999
2594,155664.07,1,0.23664812743663788,0.2243814766407013,0.2479,0.010704408399760723,4.727,-2.229,0.043,109.588,0.96006
2595,155728.17,1,0.23902373015880585,0.22379012405872345,0.24779,0.010378965176641941,4.751,-2.254,0.061,109.512,0.95987
2596,155776.27,1,0.24198941886425018,0.22455954551696777,0.24681,0.010268616490066051,4.759,-2.266,0.045,109.592,0.95996
2597,155840.13,1,0.24203628301620483,0.22444872558116913,0.24682,0.010334598831832409,4.771,-2.283,0.042,109.607,0.95942
2598,155904.03,1,0.24206629395484924,0.22496561706066132,0.24752,0.010330257937312126,4.768,-2.314,0.05,109.526,0.96101
2599,155968.07,1,0.24294619262218475,0.22851352393627167,0.24628,0.01034250296652317,4.786,-2.306,0.014,109.616,0.96102
2600,156016.1,1,0.2432568073272705,0.2278917133808136,0.24603,0.010296015068888664,4.752,-2.309,0.026,109.64,0.96008
2601,156080.07,1,0.24569158256053925,0.2328323870897293,0.24554,0.010342619381844997,4.824,-2.238,0.02,109.535,0.96013
2602,156144.13,1,0.24426621198654175,0.232186958193779,0.24554,0.010294775478541851,4.82,-2.232,0.01,109.52,0.96039
2603,156208.13,1,0.24156591296195984,0.23081207275390625,0.24614,0.010079271160066128,4.807,-2.237,0.025,109.439,0.96143
2604,156256.13,1,0.2419499307870865,0.23092502355575562,0.24602,0.010156015865504742,4.784,-2.258,0.027,109.356,0.96189
2605,156320.2,1,0.2391413003206253,0.2289515882730484,0.24644,0.010025424882769585,4.802,-2.275,0.028,109.343,0.96226
2606,156384.17,1,0.24029168486595154,0.2272617220878601,0.24655,0.010103641077876091,4.776,-2.291,0.02,109.359,0.9614
2607,156448.17,1,0.24689364433288574,0.23323102295398712,0.2446,0.010437498800456524,4.784,-2.326,-0.013,109.344,0.96231
2608,156496.2,1,0.2419636994600296,0.2363298088312149,0.24442,0.010611032135784626,4.813,-2.304,-0.06,109.483,0.96133
2609,156560.33,1,0.24723175168037415,0.22870893776416779,0.24441,0.01049884594976902,4.797,-2.29,-0.094,109.337,0.96153
2610,156624.13,1,0.24777203798294067,0.23071792721748352,0.24384,0.010182424448430538,4.715,-2.268,-0.088,109.334,0.96267
2611,156688.17,1,0.2470846027135849,0.2309180200099945,0.24348,0.01010448019951582,4.639,-2.251,-0.072,109.436,0.9631
2612,156736.17,1,0.24781300127506256,0.23067395389080048,0.24357,0.010267939418554306,4.549,-2.276,-0.058,109.43,0.96283
2613,156800.13,1,0.3630378246307373,0.2968873977661133,0.18806,0.012921908870339394,4.939,-2.38,-0.011,109.345,0.9618
2614,156864.2,1,0.710207462310791,0.6577396392822266,0.04,0.01441756822168827,4.283,-2.408,-0.092,109.452,0.96255
2615,156928.2,1,0.6248772144317627,0.577674388885498,0.05735,0.013277255930006504,4.38,-2.305,-0.057,109.441,0.96188
2616,156976.17,1,0.5856631994247437,0.5339205265045166,0.07717,0.012997910380363464,4.426,-2.336,0.045,109.336,0.9624
2617,157040.1,1,0.5170636177062988,0.47060108184814453,0.10358,0.012883235700428486,4.626,-2.333,0.125,109.401,0.96363
2618,157104.13,1,0.41153573989868164,0.37334853410720825,0.14714,0.012123620137572289,4.56,-2.351,0.117,109.428,0.96238
2619,157168.33,1,0.37422582507133484,0.3386504054069519,0.17074,0.012177384458482265,4.601,-2.375,0.074,109.271,0.96275
2620,157216.2,1,0.34584277868270874,0.3277357518672943,0.18281,0.011883949860930443,4.617,-2.363,0.092,109.401,0.96198
2621,157280.5,1,0.3226611614227295,0.3097834289073944,0.19305,0.011561227962374687,4.588,-2.389,0.116,109.409,0.96192
2622,157344.33,1,0.31142041087150574,0.29962846636772156,0.20138,0.011442606337368488,4.614,-2.365,0.158,109.318,0.96106
2623,157408.07,1,0.31653499603271484,0.29321202635765076,0.20436,0.012018454261124134,4.642,-2.344,0.104,109.39,0.96311
2624,157456.17,1,0.3136614263057709,0.2931469976902008,0.20626,0.01182522252202034,4.684,-2.367,0.104,109.379,0.96232
2625,157520.6,1,0.3059220314025879,0.28042712807655334,0.21387,0.011792236939072609,4.707,-2.383,0.077,109.299,0.96303
2626,157584.23,1,0.3017626106739044,0.2816700339317322,0.21603,0.011490965262055397,4.721,-2.381,0.037,109.395,0.96276
2627,157648.7,1,0.29787677526474,0.2788839638233185,0.2179,0.011488187126815319,4.726,-2.362,0.037,109.405,0.96221
2628,157696.07,1,0.300375759601593,0.2797708809375763,0.21859,0.01159448642283678,4.766,-2.348,0.028,109.238,0.96332
2629,157760.2,1,0.29627251625061035,0.27847063541412354,0.21919,0.011341886594891548,4.829,-2.332,0.028,109.314,0.9637
2630,157824.2,1,0.29249319434165955,0.2694827914237976,0.22195,0.011382724158465862,4.819,-2.32,0.02,109.331,0.96401
2631,157888.47,1,0.2955997884273529,0.2705783545970917,0.22209,0.01172946859151125,4.835,-2.327,0.026,109.257,0.96197
2632,157936.07,1,0.29263487458229065,0.26894399523735046,0.22315,0.01177154015749693,4.798,-2.346,0.022,109.342,0.96234
2633,158000.37,1,0.29166656732559204,0.26444011926651,0.22433,0.01111593097448349,4.769,-2.311,0.042,109.323,0.96365
2634,158064.43,1,0.28944525122642517,0.26015418767929077,0.22641,0.010382433421909809,4.633,-2.321,0.084,109.241,0.96301
2635,158128.13,1,0.2847531735897064,0.25750747323036194,0.22859,0.009940623305737972,4.64,-2.311,0.101,109.211,0.96308
2636,158176.17,1,0.28222349286079407,0.25639742612838745,0.22989,0.009813153184950352,4.602,-2.301,0.105,109.239,0.96272
2637,158240.4,1,0.2825559675693512,0.25464776158332825,0.2305,0.010250159539282322,4.631,-2.299,0.099,109.213,0.96311
2638,158304.47,1,0.2810310125350952,0.2608168423175812,0.23014,0.010196241550147533,4.652,-2.299,0.094,109.365,0.96298
2639,158368.57,1,0.2804960012435913,0.2594132423400879,0.23103,0.010256712324917316,4.654,-2.299,0.074,109.2,0.96458
2640,158416.17,1,0.26559939980506897,0.25804316997528076,0.23433,0.010817939415574074,4.641,-2.314,0.088,109.203,0.96373
2641,158480.7,1,0.2632240355014801,0.25855183601379395,0.23442,0.010940315201878548,4.634,-2.315,0.09,109.44,0.95801
2642,158544.47,1,0.6789224147796631,0.5575344562530518,0.06691,0.014793425798416138,4.391,-2.439,-0.131,109.539,0.95621
2643,158608.13,1,0.6974741220474243,0.6281979084014893,0.04038,0.013577818870544434,4.489,-2.344,-0.032,110.102,0.92668
2644,158656.17,1,0.6642582416534424,0.6105130314826965,0.04457,0.013751598075032234,4.587,-2.238,0.016,110.252,0.92358
2645,158720.97,1,0.4928972125053406,0.4655863344669342,0.1074,0.012846030294895172,4.766,-2.228,0.065,110.26,0.9223
2646,158784.43,1,0.37551191449165344,0.36581701040267944,0.15886,0.012220969423651695,4.795,-2.205,0.068,110.428,0.90968
2647,158848.53,1,0.33060672879219055,0.34562692046165466,0.17679,0.011578372679650784,4.878,-2.204,0.071,110.537,0.91006
2648,158896.2,1,0.3200482428073883,0.31334421038627625,0.18962,0.011320216581225395,4.819,-2.229,0.058,110.538,0.90952
2649,158960.07,1,0.31270694732666016,0.3033312261104584,0.19973,0.011223850771784782,4.841,-2.278,0.051,110.429,0.91039
2650,159024.1,1,0.3103601336479187,0.29896217584609985,0.20561,0.010810581967234612,4.913,-2.296,0.01,110.351,0.91271
2651,159088.17,1,0.3062925934791565,0.2873922884464264,0.211,0.010307575576007366,4.973,-2.282,-0.004,110.358,0.9116
2652,159136.07,1,0.3063804805278778,0.28379860520362854,0.21467,0.010571317747235298,4.96,-2.271,-0.037,109.287,0.9248
2653,159200.47,1,0.306979238986969,0.2816089391708374,0.21627,0.010515973903238773,4.955,-2.291,-0.02,109.305,0.9272
2654,159264.5,1,0.3036487400531769,0.2790417969226837,0.21762,0.010559892281889915,4.962,-2.28,-0.037,109.271,0.92712
2655,159328.47,1,0.304185688495636,0.2763281762599945,0.21908,0.010751735419034958,4.884,-2.29,-0.026,108.818,0.9419
2656,159376.2,1,0.3098732829093933,0.27693015336990356,0.21833,0.011757027357816696,4.882,-2.291,0.003,108.925,0.94289
2657,159440.3,1,0.7485998868942261,0.6803083419799805,0.02795,0.014367020688951015,4.174,-2.286,-0.013,108.937,0.94397
2658,159504.17,1,0.6636308431625366,0.5839282274246216,0.05139,0.01314940769225359,4.221,-2.25,-0.025,108.81,0.94392
2659,159568.1,1,0.5695621967315674,0.5665392875671387,0.06919,0.013627192005515099,4.443,-2.239,0.137,108.88,0.94377
2660,159616.1,1,0.36518022418022156,0.40038004517555237,0.15333,0.0132801104336977,4.462,-2.251,0.181,108.857,0.94458
2661,159680.4,1,0.3089335560798645,0.3176136910915375,0.19529,0.013384120538830757,4.445,-2.234,0.212,108.795,0.94268
2662,159744.43,1,0.3011648952960968,0.2744007706642151,0.21143,0.012998259626328945,4.532,-2.208,0.187,108.842,0.94464
2663,159808.6,1,0.3009897470474243,0.252009779214859,0.21985,0.012719180434942245,4.529,-2.193,0.141,108.852,0.94347
2664,159856.13,1,0.2972278892993927,0.253539502620697,0.22213,0.012551520019769669,4.52,-2.215,0.132,108.747,0.94426
2665,159920.07,1,0.2900133728981018,0.2562373876571655,0.22388,0.01238264236599207,4.572,-2.214,0.115,108.73,0.94493
2666,159984.07,1,0.2895372211933136,0.24847063422203064,0.22789,0.012410512194037437,4.549,-2.227,0.097,108.748,0.94396
2667,160048.1,1,0.2858680784702301,0.2503092586994171,0.22975,0.012311667203903198,4.58,-2.266,0.083,108.715,0.94443
2668,160096.13,1,0.5897223949432373,0.5139131546020508,0.09016,0.016385456547141075,4.512,-2.288,-0.1,108.962,0.94563
2669,160160.2,1,0.6721840500831604,0.5859865546226501,0.0454,0.015594784170389175,4.504,-2.133,-0.106,108.699,0.94565
2670,160224.2,1,0.63340163230896,0.5496181845664978,0.06237,0.015236838720738888,4.564,-2.072,-0.062,110.028,0.92456
2671,160288.47,1,0.4543982744216919,0.44062063097953796,0.12138,0.014231125824153423,4.642,-2.171,-0.04,110.138,0.92242
2672,160336.43,1,0.3158056437969208,0.31081098318099976,0.17982,0.013026497326791286,4.715,-2.176,-0.065,110.147,0.92145
2673,160400.5,1,0.2598192095756531,0.26544615626335144,0.21122,0.012048158794641495,4.784,-2.209,-0.049,110.272,0.91026
2674,160464.47,1,0.24883347749710083,0.2416282743215561,0.22345,0.01157529465854168,4.786,-2.246,-0.069,110.483,0.90988
2675,160528.37,1,0.2427036166191101,0.23655849695205688,0.22897,0.011357303708791733,4.848,-2.272,-0.079,110.464,0.9095
2676,160576.2,1,0.23536278307437897,0.22724491357803345,0.23516,0.011459540575742722,4.941,-2.305,-0.092,110.412,0.90967
2677,160640.2,1,0.23665140569210052,0.2265302985906601,0.23669,0.011827073059976101,4.927,-2.292,-0.133,110.481,0.90977
2678,160704.07,1,0.23548480868339539,0.22710639238357544,0.23776,0.01189690362662077,4.878,-2.346,-0.15,110.493,0.90906
2679,160768.1,1,0.2327505499124527,0.22291752696037292,0.24044,0.012167099863290787,4.884,-2.347,-0.177,110.351,0.90876
2680,160816.17,1,0.22968848049640656,0.2201160043478012,0.24185,0.012296807952225208,4.872,-2.338,-0.193,110.434,0.90752
2681,160880.67,1,0.225895494222641,0.21520186960697174,0.24392,0.012425156310200691,4.865,-2.349,-0.216,110.469,0.90807
2682,160944.03,1,0.2267281860113144,0.21330004930496216,0.24536,0.013189615681767464,4.911,-2.316,-0.234,110.361,0.90808
2683,161008.27,1,0.22709816694259644,0.21037910878658295,0.24546,0.012961366213858128,4.916,-2.37,-0.207,110.477,0.90756
2684,161056.27,1,0.2286335825920105,0.2079915553331375,0.24587,0.0130521971732378,4.948,-2.376,-0.22,110.475,0.90771
2685,161120.13,1,0.23216906189918518,0.20850464701652527,0.24588,0.01269836537539959,4.989,-2.388,-0.175,110.376,0.90753
2686,161184.4,1,0.23243016004562378,0.20883633196353912,0.24582,0.012759246863424778,4.989,-2.404,-0.182,110.488,0.90685
2687,161248.5,1,0.23213429749011993,0.20899353921413422,0.24593,0.012922012247145176,4.964,-2.411,-0.198,110.484,0.90693
2688,161296.1,1,0.2308264523744583,0.20840336382389069,0.24667,0.012979716062545776,4.946,-2.418,-0.2,110.401,0.90631
2689,161360.67,1,0.2291083037853241,0.2084924727678299,0.24687,0.01269580703228712,4.898,-2.423,-0.211,110.505,0.90599
2690,161424.27,1,0.230399489402771,0.20404836535453796,0.24782,0.012838560156524181,4.909,-2.418,-0.242,110.508,0.90684
2691,161488.03,1,0.22725988924503326,0.20435775816440582,0.24929,0.012336119078099728,4.931,-2.42,-0.25,110.405,0.90707
2692,161536.13,1,0.22930561006069183,0.20978499948978424,0.24926,0.012438982725143433,4.954,-2.414,-0.29,110.508,0.90655
2693,161600.47,1,0.22647559642791748,0.21297024190425873,0.24981,0.011708138510584831,4.918,-2.412,-0.305,110.536,0.90611
2694,161664.47,1,0.23075951635837555,0.21835042536258698,0.24879,0.011697688139975071,4.908,-2.433,-0.334,110.436,0.90533
2695,161728.33,1,0.2274123579263687,0.21964426338672638,0.24955,0.011603649705648422,4.951,-2.431,-0.357,110.438,0.90691
2696,161776.2,1,0.22811198234558105,0.22132129967212677,0.24926,0.01176409237086773,4.955,-2.424,-0.35,110.41,0.90762
2697,161840.47,1,0.2299555093050003,0.21861088275909424,0.24973,0.011984231881797314,4.988,-2.386,-0.362,110.375,0.90881
2698,161904.23,1,0.23388703167438507,0.22017091512680054,0.24763,0.012358296662569046,5.0,-2.381,-0.36,110.601,0.90722
2699,161967.97,1,0.2515469193458557,0.2421470582485199,0.24027,0.01285339891910553,4.87,-2.435,-0.314,110.347,0.90737
2700,162016.1,1,0.25506696105003357,0.2537146210670471,0.23706,0.013079294934868813,4.868,-2.432,-0.295,110.359,0.90756
2701,162080.03,1,0.2623800039291382,0.2589850127696991,0.23401,0.013164941221475601,4.863,-2.426,-0.276,110.46,0.90736
2702,162144.47,1,0.26706963777542114,0.2686036229133606,0.22949,0.012927115894854069,4.902,-2.408,-0.237,110.427,0.90886
2703,162208.2,1,0.2680553197860718,0.28372642397880554,0.22495,0.012645640410482883,4.931,-2.387,-0.152,110.337,0.90783
2704,162256.13,1,0.26250147819519043,0.2760249972343445,0.22745,0.012388847768306732,4.92,-2.368,-0.136,110.402,0.9078
2705,162320.4,1,0.26154714822769165,0.27575430274009705,0.227,0.012295244261622429,4.92,-2.375,-0.109,110.398,0.90865
2706,162384.3,1,0.2730872929096222,0.2783472537994385,0.22394,0.012329060584306717,4.872,-2.383,-0.069,110.31,0.90816
2707,162448.57,1,0.27071645855903625,0.2794155180454254,0.22417,0.012207030318677425,4.917,-2.386,-0.076,110.422,0.90768
2708,162496.1,1,0.2758182883262634,0.2758999764919281,0.22474,0.011929762549698353,4.877,-2.37,-0.019,110.398,0.90862
2709,162560.3,1,0.27984780073165894,0.2782982289791107,0.22486,0.011989342048764229,4.845,-2.385,-0.021,110.314,0.90738
2710,162624.3,1,0.27772068977355957,0.27907001972198486,0.22437,0.011857794597744942,4.874,-2.374,-0.032,110.44,0.90867
2711,162688.3,1,0.2787505090236664,0.2819799780845642,0.22386,0.011502417735755444,4.86,-2.364,-0.027,110.456,0.90736
2712,162736.37,1,0.28066375851631165,0.283292680978775,0.22305,0.011434837244451046,4.943,-2.361,-0.034,110.315,0.90898
2713,162800.33,1,0.2811785340309143,0.28395164012908936,0.22255,0.011309296824038029,4.924,-2.367,-0.044,110.411,0.90798
2714,162864.37,1,0.28043824434280396,0.28179416060447693,0.22264,0.011450672522187233,4.94,-2.365,-0.072,110.44,0.90806
2715,162928.07,1,0.28611552715301514,0.2852262854576111,0.22225,0.011807459406554699,4.978,-2.325,-0.081,110.334,0.90824
2716,162976.13,1,0.2810192108154297,0.28689590096473694,0.22228,0.011452363803982735,5.023,-2.318,-0.083,110.396,0.90915
2717,163040.3,1,0.2763500213623047,0.28211572766304016,0.22384,0.011263472028076649,4.987,-2.265,-0.07,110.404,0.90857
2718,163103.9,1,0.2803846001625061,0.2810518741607666,0.22494,0.010731453076004982,4.931,-2.243,-0.054,110.306,0.90767
2719,163168.1,1,0.2804547846317291,0.2812705636024475,0.22351,0.010615016333758831,5.016,-2.257,-0.022,110.42,0.90775
2720,163215.93,1,0.2791091203689575,0.2786387503147125,0.22412,0.010540179908275604,4.999,-2.258,-0.018,110.413,0.90784
2721,163280.37,1,0.28069478273391724,0.28013306856155396,0.22331,0.010465620085597038,5.055,-2.307,-0.022,110.316,0.90818
2722,163344.23,1,0.280048131942749,0.2806609272956848,0.22335,0.010353059507906437,5.066,-2.335,-0.022,110.413,0.90799
2723,163408.2,1,0.2809314727783203,0.28074318170547485,0.2232,0.010504940524697304,5.07,-2.341,-0.025,110.388,0.90739
2724,163456.0,1,0.28286442160606384,0.2811586260795593,0.22268,0.010643720626831055,5.103,-2.399,-0.031,110.306,0.90781
2725,163519.93,1,0.28114649653434753,0.2818203568458557,0.22263,0.010339545086026192,5.114,-2.4,-0.062,110.311,0.90698
2726,163584.2,1,0.27952882647514343,0.2794966697692871,0.22316,0.010141611099243164,5.104,-2.402,-0.05,110.319,0.90726
2727,163647.93,1,0.28315961360931396,0.28022968769073486,0.22328,0.010328693315386772,5.039,-2.41,-0.043,110.286,0.90798
2728,163695.87,1,0.2809581160545349,0.2807353436946869,0.22386,0.010228491388261318,5.049,-2.416,-0.064,110.416,0.90796
2729,163760.2,1,0.2870979607105255,0.28346627950668335,0.22179,0.010399083606898785,5.062,-2.413,-0.088,110.276,0.90741
2730,163824.13,1,0.2793862819671631,0.27869024872779846,0.22561,0.0106807304546237,5.083,-2.398,-0.083,110.275,0.90795
2731,163888.17,1,0.26900961995124817,0.2742198407649994,0.22819,0.010828894563019276,5.164,-2.377,-0.077,110.203,0.90972
2732,163935.93,1,0.2664077877998352,0.271809846162796,0.22899,0.010587828233838081,5.185,-2.357,-0.057,110.177,0.90984
2733,164000.07,1,0.26346707344055176,0.26349571347236633,0.23203,0.01045370101928711,5.167,-2.373,-0.072,109.163,0.92227
2734,164064.27,1,0.25452667474746704,0.24658599495887756,0.23606,0.01032285112887621,5.167,-2.415,-0.096,109.173,0.92675
2735,164128.2,1,0.24764178693294525,0.23994047939777374,0.23884,0.010179579257965088,5.169,-2.421,-0.092,109.162,0.92715
2736,164175.83,1,0.2427619844675064,0.23317506909370422,0.24097,0.01008247397840023,5.185,-2.459,-0.096,108.741,0.94336
2737,164240.5,1,0.24294263124465942,0.23225824534893036,0.24104,0.010021988302469254,5.146,-2.441,-0.105,108.831,0.94385
2738,164303.9,1,0.24234649538993835,0.23224620521068573,0.24095,0.009711511433124542,5.162,-2.443,-0.125,108.827,0.94334
2739,164367.83,1,0.24875539541244507,0.23600666224956512,0.24008,0.009979669004678726,5.157,-2.494,-0.111,108.735,0.94374
2740,164416.07,1,0.24487866461277008,0.23725001513957977,0.23986,0.00980227068066597,5.155,-2.494,-0.126,109.034,0.9411
2741,164480.2,1,0.24261827766895294,0.23598799109458923,0.23974,0.009399617090821266,5.153,-2.484,-0.136,109.106,0.93956
2742,164543.83,1,0.25008726119995117,0.24201913177967072,0.23809,0.009555761702358723,5.049,-2.47,-0.14,109.938,0.92685
2743,164608.07,1,0.2490493357181549,0.2433866262435913,0.2376,0.008937878534197807,5.061,-2.452,-0.148,110.084,0.92368
2744,164655.97,1,0.250638872385025,0.24428267776966095,0.23633,0.008935479447245598,5.044,-2.445,-0.147,110.108,0.92265
2745,164720.17,1,0.24194954335689545,0.23387449979782104,0.23854,0.008760423399508,5.075,-2.388,-0.1,110.278,0.91196
2746,164783.83,1,0.24042901396751404,0.2304285317659378,0.23848,0.008799655362963676,5.094,-2.349,-0.125,110.38,0.9104
2747,164848.07,1,0.23933349549770355,0.22937774658203125,0.23881,0.008902022615075111,5.089,-2.334,-0.139,110.358,0.91097
2748,164895.9,1,0.24447134137153625,0.23191194236278534,0.23733,0.009275704622268677,5.124,-2.309,-0.173,110.241,0.91018
2749,164959.83,1,0.24563851952552795,0.23446790874004364,0.23619,0.00937122106552124,5.199,-2.302,-0.175,110.356,0.90849
2750,165024.03,1,0.2453051656484604,0.2346542924642563,0.23684,0.009543322026729584,5.199,-2.294,-0.158,110.35,0.90926
2751,165088.2,1,0.2542361617088318,0.2409568428993225,0.23562,0.00961801502853632,5.27,-2.233,-0.163,110.277,0.90852
2752,165136.0,1,0.26850876212120056,0.25147172808647156,0.23384,0.009466427378356457,5.285,-2.211,-0.145,110.362,0.90877
2753,165199.9,1,0.26453548669815063,0.2511904537677765,0.23463,0.009238479658961296,5.298,-2.2,-0.113,110.356,0.90884
2754,165264.2,1,0.26963093876838684,0.2531150281429291,0.23416,0.009157036431133747,5.302,-2.196,-0.079,110.286,0.90837
2755,165328.3,1,0.26888054609298706,0.25211313366889954,0.23425,0.00937129557132721,5.313,-2.196,-0.054,110.336,0.90842
2756,165375.93,1,0.2663193941116333,0.2509249150753021,0.23459,0.009319600649178028,5.283,-2.152,-0.023,110.372,0.90861
2757,165440.1,1,0.27268490195274353,0.2543678283691406,0.23205,0.009059728123247623,5.331,-2.174,-0.03,110.244,0.90726
2758,165503.97,1,0.2706697881221771,0.2535472810268402,0.23237,0.00914853997528553,5.32,-2.201,-0.029,110.412,0.90757
2759,165567.77,1,0.279171347618103,0.25779733061790466,0.23175,0.00984213873744011,5.262,-2.284,-0.003,110.184,0.90932
2760,165615.87,1,0.2785281240940094,0.25964322686195374,0.23141,0.009747917763888836,5.258,-2.272,-0.049,110.244,0.90868
2761,165680.1,1,0.2715868353843689,0.25975289940834045,0.23219,0.009542732499539852,5.274,-2.275,-0.075,110.358,0.90743
2762,165744.13,1,0.27414050698280334,0.2593534290790558,0.23167,0.00963616743683815,5.271,-2.271,-0.101,110.334,0.90819
2763,165807.8,1,0.28484129905700684,0.27217477560043335,0.22574,0.010223298333585262,5.38,-2.287,-0.113,110.272,0.90744
2764,165855.9,1,0.5839114189147949,0.5492383241653442,0.08737,0.012995176017284393,5.341,-2.259,-0.146,110.324,0.9094
2765,165919.93,1,0.6058673858642578,0.5501376390457153,0.07135,0.01203872263431549,5.4,-2.179,-0.162,110.352,0.90959
2766,165983.87,1,0.5680152177810669,0.5156780481338501,0.0807,0.011564765125513077,5.475,-2.194,-0.036,110.254,0.90852
2767,166048.23,1,0.5188913345336914,0.4596478044986725,0.1024,0.011357656680047512,5.511,-2.191,0.038,110.367,0.90819
2768,166096.03,1,0.43648406863212585,0.3881012797355652,0.13824,0.01050473190844059,5.462,-2.198,0.055,110.347,0.90897
2769,166160.27,1,0.3600308299064636,0.3555251359939575,0.16794,0.01031800638884306,5.496,-2.193,0.074,110.286,0.90768
2770,166224.17,1,0.34159305691719055,0.3425111472606659,0.17755,0.01030554436147213,5.579,-2.186,0.029,110.33,0.90875
2771,166288.23,1,0.3328772783279419,0.3322157859802246,0.18744,0.010535462759435177,5.582,-2.204,-0.029,110.354,0.90833
2772,166335.8,1,0.3215152323246002,0.31279608607292175,0.19491,0.010497945360839367,5.583,-2.218,-0.069,110.23,0.90857
2773,166399.9,1,0.3003615736961365,0.3025469183921814,0.20318,0.01046702079474926,5.569,-2.243,-0.087,110.32,0.90843
2774,166464.23,1,0.2899342179298401,0.2917133569717407,0.21037,0.010104385204613209,5.558,-2.235,-0.11,110.327,0.90859
2775,166528.13,1,0.283103346824646,0.2824843227863312,0.21609,0.010537783615291119,5.524,-2.295,-0.096,110.222,0.90879
2776,166575.83,1,0.2805238962173462,0.2800571024417877,0.21792,0.010475801303982735,5.514,-2.312,-0.1,110.617,0.90837
2777,166639.93,1,0.27197036147117615,0.26674872636795044,0.22458,0.010311629623174667,5.463,-2.331,-0.093,110.53,0.90921
2778,166703.9,1,0.2671777009963989,0.2566245198249817,0.2285,0.010374019853770733,5.445,-2.333,-0.125,112.293,0.90978
2779,166767.83,1,0.26419350504875183,0.25044888257980347,0.23002,0.010651828721165657,5.436,-2.338,-0.156,112.452,0.90984
2780,166816.03,1,0.258615106344223,0.24641771614551544,0.23323,0.010499480180442333,5.391,-2.329,-0.183,112.445,0.90977
2781,166880.13,1,0.25584667921066284,0.2431972622871399,0.23533,0.010714001953601837,5.366,-2.306,-0.214,112.392,0.90963
2782,166943.93,1,0.253785640001297,0.2354794591665268,0.23659,0.011043471284210682,5.359,-2.313,-0.253,112.468,0.90965
2783,167008.23,1,0.24688509106636047,0.22416715323925018,0.2401,0.010951691307127476,5.353,-2.312,-0.266,112.509,0.90921
2784,167055.83,1,0.24694901704788208,0.2208373099565506,0.24133,0.010973334312438965,5.429,-2.383,-0.307,112.43,0.90922
2785,167119.8,1,0.2440139651298523,0.21368378400802612,0.24342,0.01092915516346693,5.397,-2.413,-0.323,112.509,0.90956
2786,167183.87,1,0.24191994965076447,0.20991261303424835,0.24467,0.010899403132498264,5.384,-2.419,-0.319,112.508,0.9088
2787,167247.83,1,0.24535156786441803,0.21233542263507843,0.24405,0.01110742799937725,5.377,-2.423,-0.32,112.42,0.90918
2788,167295.83,1,0.2409547120332718,0.21192198991775513,0.24468,0.010636171326041222,5.31,-2.38,-0.318,112.652,0.91026
2789,167360.17,1,0.2383536398410797,0.21249422430992126,0.24569,0.010733178816735744,5.311,-2.358,-0.282,112.449,0.91033
2790,167424.07,1,0.2447541058063507,0.22282277047634125,0.24426,0.011468030512332916,5.289,-2.379,-0.323,112.42,0.90999
2791,167487.9,1,0.23943239450454712,0.2208860218524933,0.24554,0.011241517961025238,5.269,-2.362,-0.359,112.514,0.90986
2792,167535.93,1,0.23448246717453003,0.22108222544193268,0.24748,0.011213863268494606,5.259,-2.382,-0.328,112.521,0.90907
2793,167599.83,1,0.23224227130413055,0.21974784135818481,0.24802,0.011335846967995167,5.273,-2.405,-0.369,112.388,0.91029
2794,167664.23,1,0.22815899550914764,0.21465417742729187,0.2489,0.011059158481657505,5.294,-2.435,-0.341,112.524,0.91001
2795,167728.2,1,0.22709804773330688,0.2115441858768463,0.24951,0.010816294699907303,5.293,-2.42,-0.309,112.505,0.91038
2796,167775.93,1,0.22908499836921692,0.21286921203136444,0.24825,0.010883806273341179,5.28,-2.41,-0.297,112.396,0.91177
2797,167840.23,1,0.22957223653793335,0.21428462862968445,0.24797,0.010827003978192806,5.267,-2.409,-0.302,112.524,0.91083
2798,167904.13,1,0.23788659274578094,0.22142305970191956,0.24572,0.011359868571162224,5.236,-2.394,-0.314,112.518,0.91037
2799,167967.73,1,0.2433803379535675,0.22648513317108154,0.24409,0.011171313934028149,5.225,-2.373,-0.293,112.432,0.91135
2800,168015.87,1,0.24492184817790985,0.2306489646434784,0.2431,0.011255307123064995,5.137,-2.375,-0.287,112.516,0.90944
2801,168080.1,1,0.24212779104709625,0.23149162530899048,0.24275,0.010880358517169952,5.159,-2.355,-0.28,112.504,0.91135
2802,168144.0,1,0.2585187554359436,0.23996774852275848,0.23975,0.01114567369222641,5.133,-2.351,-0.25,112.404,0.90963
2803,168207.8,1,0.2523448169231415,0.25121209025382996,0.23827,0.010864455252885818,5.141,-2.345,-0.194,112.353,0.91083
2804,168255.8,1,0.2530359923839569,0.24762044847011566,0.2384,0.010556957684457302,5.148,-2.329,-0.182,112.31,0.91121
2805,168320.3,1,0.2602914273738861,0.24545320868492126,0.23891,0.010811103507876396,5.07,-2.303,-0.103,111.489,0.91571
2806,168383.7,1,0.2568152844905853,0.24356505274772644,0.2392,0.01043867040425539,5.082,-2.291,-0.08,111.549,0.9153
2807,168447.87,1,0.38996660709381104,0.33367225527763367,0.17945,0.012670479714870453,5.185,-2.274,-0.1,111.586,0.91565
2808,168495.8,1,0.4747896194458008,0.454719603061676,0.12962,0.013672523200511932,5.172,-2.24,-0.066,111.461,0.91563
2809,168560.13,1,0.46149733662605286,0.43172481656074524,0.13184,0.013470595702528954,5.188,-2.223,-0.007,111.572,0.91615
2810,168624.03,1,0.4395155906677246,0.42183637619018555,0.13879,0.013414743356406689,5.066,-2.247,-0.001,111.562,0.91569
2811,168687.7,1,0.4145281910896301,0.3849024474620819,0.15358,0.01344478502869606,5.035,-2.24,-0.019,111.486,0.91567
2812,168735.83,1,0.40726786851882935,0.3696586787700653,0.15983,0.013091063126921654,5.06,-2.248,-0.029,111.53,0.91518
2813,168799.93,1,0.3721168041229248,0.3416641354560852,0.17672,0.01264370046555996,5.065,-2.238,-0.057,111.558,0.91543
2814,168863.8,1,0.3584176301956177,0.3273797929286957,0.18515,0.012236220762133598,5.072,-2.252,-0.029,111.437,0.91503
2815,168928.07,1,0.3512815535068512,0.31376299262046814,0.19085,0.011732297949492931,5.103,-2.256,-0.034,111.532,0.91465
2816,168975.7,1,0.33830171823501587,0.3036630153656006,0.19775,0.011590356938540936,5.02,-2.262,-0.017,111.509,0.91555
2817,169040.03,1,0.33450859785079956,0.29562702775001526,0.20244,0.01149134524166584,4.969,-2.261,-0.004,111.391,0.91604
2818,169103.7,1,0.32827040553092957,0.2895447313785553,0.20553,0.011193124577403069,4.972,-2.249,-0.037,111.638,0.91533
2819,169167.7,1,0.3220576047897339,0.28184813261032104,0.21023,0.01099210511893034,4.963,-2.25,-0.037,111.409,0.91639
2820,169215.77,1,0.3179647922515869,0.2756864130496979,0.21287,0.01099781971424818,4.906,-2.23,-0.04,111.404,0.91564
2821,169279.8,1,0.3105928301811218,0.27471378445625305,0.21492,0.011004163883626461,4.914,-2.217,-0.046,111.501,0.91583
2822,169343.77,1,0.308193564414978,0.2736349105834961,0.21565,0.011107951402664185,4.923,-2.217,-0.056,111.485,0.91602
2823,169408.03,1,0.5747401714324951,0.5413368940353394,0.08763,0.014128755778074265,4.926,-2.15,-0.083,111.4,0.91769
2824,169455.87,1,0.7009460926055908,0.6363586187362671,0.03783,0.0141098378226161,4.733,-2.106,-0.151,111.494,0.91682
2825,169520.13,1,0.6319826245307922,0.6002228260040283,0.04855,0.013669135048985481,4.792,-2.067,-0.103,111.479,0.91679
2826,169584.1,1,0.5014852285385132,0.5204353928565979,0.09466,0.012983322143554688,4.901,-2.102,-0.052,111.373,0.91699
2827,169647.83,1,0.41144439578056335,0.4110620617866516,0.13756,0.012209615670144558,4.977,-2.166,-0.031,111.377,0.91648
2828,169695.8,1,0.3558562695980072,0.3366672694683075,0.16953,0.011569792404770851,4.919,-2.18,-0.025,111.342,0.91707
2829,169760.03,1,0.3272712230682373,0.3067123293876648,0.19126,0.011373251676559448,4.924,-2.208,-0.067,111.239,0.91628
2830,169824.0,1,0.30572012066841125,0.2838931679725647,0.20365,0.01120386365801096,4.919,-2.264,-0.12,111.291,0.91818
2831,169888.17,1,0.2935313284397125,0.2828035354614258,0.20869,0.011196608655154705,4.949,-2.277,-0.116,111.299,0.91718
2832,169935.83,1,0.28765490651130676,0.2731211185455322,0.21455,0.011442191898822784,4.986,-2.312,-0.124,111.194,0.91796
2833,169999.9,1,0.27796632051467896,0.2665106952190399,0.2189,0.011626366525888443,5.021,-2.332,-0.168,111.312,0.91686
2834,170063.93,1,0.267576664686203,0.26140275597572327,0.22307,0.011583017185330391,5.029,-2.337,-0.177,111.307,0.91716
2835,170127.7,1,0.2607901990413666,0.2561744153499603,0.22724,0.011581439524888992,5.051,-2.365,-0.186,111.25,0.9169
2836,170175.73,1,0.25921913981437683,0.2540140450000763,0.22802,0.011622591875493526,5.062,-2.361,-0.223,111.358,0.91569
2837,170239.73,1,0.2561611831188202,0.2514451742172241,0.22987,0.011347589083015919,5.008,-2.359,-0.223,111.322,0.91761
2838,170303.9,1,0.26139187812805176,0.24862276017665863,0.23063,0.011567244306206703,4.991,-2.326,-0.239,111.232,0.91682
2839,170367.77,1,0.2581057548522949,0.24787670373916626,0.23126,0.011400134302675724,5.031,-2.325,-0.274,111.326,0.91782
2840,170415.77,1,0.2566710114479065,0.2492905706167221,0.23184,0.011339593678712845,5.002,-2.319,-0.271,111.32,0.91663
2841,170479.77,1,0.2584295868873596,0.2492981255054474,0.23252,0.011945481412112713,5.001,-2.332,-0.255,111.215,0.91677
2842,170544.07,1,0.25877466797828674,0.2498052567243576,0.23247,0.012101263739168644,4.997,-2.34,-0.262,111.301,0.91747
2843,170607.77,1,0.2595823407173157,0.25147369503974915,0.23286,0.01225733757019043,4.866,-2.371,-0.273,111.288,0.91739
2844,170655.9,1,0.27035707235336304,0.2544501721858978,0.23272,0.01259654015302658,4.86,-2.403,-0.254,111.191,0.91685
2845,170719.77,1,0.2747752070426941,0.2576533555984497,0.23174,0.012356084771454334,4.949,-2.371,-0.239,111.288,0.91674
2846,170784.1,1,0.27495110034942627,0.2575928568840027,0.23129,0.012438834644854069,4.956,-2.411,-0.245,111.294,0.9169
2847,170847.8,1,0.2757076323032379,0.258064329624176,0.23095,0.012714800424873829,4.98,-2.399,-0.24,111.184,0.91537
2848,170895.8,1,0.2728484869003296,0.257759690284729,0.2309,0.012479930184781551,5.031,-2.366,-0.264,111.396,0.91636
2849,170959.63,1,0.27333948016166687,0.2568364143371582,0.2316,0.011592657305300236,5.03,-2.362,-0.27,111.129,0.91679
2850,171023.97,1,0.2718215882778168,0.2581508755683899,0.23175,0.011113651096820831,5.035,-2.385,-0.25,111.125,0.91861
2851,171087.77,1,0.269702285528183,0.2568534314632416,0.23224,0.011083031073212624,5.003,-2.379,-0.26,111.245,0.91886
2852,171135.77,1,0.2665480673313141,0.25492623448371887,0.23249,0.011322527192533016,5.01,-2.386,-0.244,111.259,0.91791
2853,171199.97,1,0.2645885646343231,0.25178712606430054,0.23371,0.011317136697471142,4.979,-2.381,-0.247,111.151,0.91943
2854,171264.13,1,0.26109033823013306,0.2491137981414795,0.23449,0.010905036702752113,5.005,-2.396,-0.245,111.245,0.91757
2855,171327.8,1,0.2606517970561981,0.2503281533718109,0.23368,0.01082634087651968,5.051,-2.384,-0.26,111.275,0.91818
2856,171375.7,1,0.2624746859073639,0.25199002027511597,0.23292,0.010690581053495407,5.048,-2.363,-0.267,111.147,0.91695
2857,171440.43,1,0.2603559195995331,0.2537025511264801,0.23144,0.010424762032926083,5.092,-2.347,-0.289,111.239,0.91814
2858,171503.77,1,0.26123324036598206,0.2576315999031067,0.23083,0.010424924083054066,5.096,-2.345,-0.296,111.224,0.91772
2859,171568.17,1,0.26365241408348083,0.25785911083221436,0.23091,0.010856382548809052,5.078,-2.351,-0.31,111.126,0.91847
2860,171615.73,1,0.26308971643447876,0.257916122674942,0.23101,0.01074910257011652,5.04,-2.349,-0.312,111.247,0.91772
2861,171679.7,1,0.26393696665763855,0.2581179440021515,0.23073,0.010697047226130962,5.056,-2.35,-0.327,111.221,0.91774
2862,171743.83,1,0.2659468650817871,0.2577139735221863,0.23126,0.011072688736021519,5.038,-2.357,-0.315,111.176,0.91846
2863,171808.17,1,0.26767194271087646,0.25851166248321533,0.23024,0.011164356954395771,5.045,-2.308,-0.313,111.218,0.91853
2864,171855.83,1,0.2676227390766144,0.2585412859916687,0.23013,0.011060611344873905,5.031,-2.302,-0.309,111.221,0.91796
2865,171919.97,1,0.27144184708595276,0.26113176345825195,0.22951,0.011293609626591206,5.024,-2.312,-0.303,111.132,0.91754
2866,171984.0,1,0.2733939290046692,0.25880900025367737,0.23034,0.011267614550888538,5.024,-2.308,-0.307,111.203,0.91888
2867,172047.8,1,0.2697817087173462,0.2586049735546112,0.23086,0.011153623461723328,5.049,-2.316,-0.298,111.209,0.91735
2868,172095.7,1,0.27146223187446594,0.2600497603416443,0.23094,0.011341813020408154,4.989,-2.265,-0.296,111.071,0.91867
2869,172160.3,1,0.27015048265457153,0.26169559359550476,0.23098,0.011333421804010868,4.983,-2.257,-0.295,111.2,0.91792
2870,172224.03,1,0.2708210349082947,0.26091375946998596,0.23113,0.011175521649420261,4.854,-2.274,-0.29,111.214,0.91848
2871,172288.0,1,0.2734149396419525,0.2634594440460205,0.23035,0.011216697283089161,4.858,-2.267,-0.302,111.081,0.91972
2872,172335.73,1,0.27473121881484985,0.2657523453235626,0.22959,0.011213610880076885,4.895,-2.282,-0.303,111.196,0.91867
2873,172400.0,1,0.2760571241378784,0.2664276659488678,0.22928,0.011032821610569954,4.954,-2.29,-0.306,111.208,0.91891
2874,172463.93,1,0.27825629711151123,0.26671749353408813,0.2286,0.01100537832826376,5.017,-2.308,-0.327,111.145,0.91845
2875,172527.77,1,0.2766222655773163,0.2682243883609772,0.22842,0.0107607152312994,5.067,-2.299,-0.346,111.255,0.91799
2876,172575.73,1,0.2755487859249115,0.2692011892795563,0.22795,0.010468696244060993,5.058,-2.302,-0.378,111.292,0.91733
2877,172639.97,1,0.27855274081230164,0.27720215916633606,0.22615,0.010944556444883347,5.075,-2.332,-0.41,111.197,0.91724
2878,172703.97,1,0.2784470319747925,0.2773548662662506,0.2257,0.010321488603949547,5.057,-2.339,-0.469,111.434,0.91704
2879,172768.07,1,0.28044578433036804,0.27825647592544556,0.22524,0.009494740515947342,5.05,-2.332,-0.467,111.173,0.91751
2880,172815.7,1,0.28385233879089355,0.28212952613830566,0.22441,0.009084980934858322,5.043,-2.297,-0.445,111.165,0.91667
2881,172879.83,1,0.28003379702568054,0.2793239653110504,0.22481,0.008530518971383572,4.871,-2.33,-0.384,111.214,0.91798
2882,172943.7,1,0.2760253846645355,0.2672836184501648,0.23018,0.008491291664540768,4.793,-2.295,-0.362,111.218,0.91696
2883,173007.93,1,0.26907140016555786,0.2595907747745514,0.23513,0.008675620891153812,4.749,-2.299,-0.321,111.181,0.91712
2884,173055.73,1,0.2698741853237152,0.25995442271232605,0.23422,0.008537441492080688,4.734,-2.274,-0.312,111.212,0.91673
2885,173119.97,1,0.26992714405059814,0.2590601146221161,0.23426,0.008540239185094833,4.766,-2.263,-0.27,111.235,0.91631
2886,173183.87,1,0.2728559374809265,0.25441116094589233,0.23557,0.008710898458957672,4.744,-2.263,-0.269,111.213,0.91632
2887,173248.07,1,0.268960177898407,0.25408071279525757,0.23543,0.008533391170203686,4.791,-2.265,-0.267,111.222,0.9176
2888,173295.73,1,0.2685202360153198,0.25154048204421997,0.2358,0.008496829308569431,4.773,-2.271,-0.253,111.233,0.91728
2889,173359.63,1,0.2673899531364441,0.24966569244861603,0.23606,0.008455092087388039,4.757,-2.252,-0.25,111.237,0.91629
2890,173423.73,1,0.26654013991355896,0.24972504377365112,0.23576,0.008310354314744473,4.74,-2.243,-0.259,111.275,0.91771
2891,173487.7,1,0.26495930552482605,0.24670401215553284,0.23657,0.008259610272943974,4.712,-2.251,-0.225,111.244,0.9165
2892,173535.63,1,0.5405073165893555,0.4823859930038452,0.11648,0.011149312369525433,4.615,-2.198,-0.352,111.241,0.91598
2893,173599.93,1,0.5430059432983398,0.5517901182174683,0.08932,0.011789415031671524,4.592,-2.22,-0.251,111.221,0.91757
2894,173663.97,1,0.515801191329956,0.5355714559555054,0.10008,0.011946060694754124,4.624,-2.241,-0.206,111.22,0.91715
2895,173727.77,1,0.47082099318504333,0.47436273097991943,0.12141,0.011636855080723763,4.632,-2.232,-0.14,111.172,0.91795
2896,173775.73,1,0.4475823938846588,0.43040189146995544,0.13497,0.011509185656905174,4.674,-2.207,-0.129,111.268,0.91757
2897,173840.0,1,0.4299575090408325,0.3911162316799164,0.1498,0.011058813892304897,4.713,-2.213,-0.123,111.259,0.9178
2898,173903.93,1,0.3930146396160126,0.3509494364261627,0.17106,0.011184684000909328,4.651,-2.243,-0.072,111.159,0.91754
2899,173967.93,1,0.3847382068634033,0.33775654435157776,0.17705,0.010814092122018337,4.617,-2.23,-0.123,111.275,0.91712
2900,174015.9,1,0.36050865054130554,0.32480356097221375,0.18715,0.010738993063569069,4.598,-2.218,-0.109,111.266,0.9163
2901,174079.7,1,0.35598987340927124,0.31978678703308105,0.1926,0.010784924030303955,4.58,-2.209,-0.136,111.171,0.91698
2902,174143.6,1,0.34627965092658997,0.31157276034355164,0.19621,0.010212061926722527,4.706,-2.189,-0.152,111.162,0.91712
2903,174207.97,1,0.3335598111152649,0.296820729970932,0.20347,0.010103102773427963,4.669,-2.153,-0.168,111.16,0.91742
2904,174255.67,1,0.3342001736164093,0.2946973741054535,0.2054,0.010358698666095734,4.701,-2.097,-0.163,111.153,0.9167
2905,174320.07,1,0.3226255774497986,0.29372888803482056,0.20874,0.010357340797781944,4.703,-2.099,-0.16,111.247,0.91686
2906,174383.57,1,0.32149603962898254,0.29195988178253174,0.20978,0.010330131277441978,4.733,-2.079,-0.174,111.215,0.91729
2907,174447.8,1,0.3191693425178528,0.2896960377693176,0.21107,0.010314572602510452,4.804,-2.08,-0.151,111.127,0.91775
2908,174495.57,1,0.31592464447021484,0.2861109673976898,0.21125,0.009879072196781635,4.855,-2.072,-0.141,111.275,0.91752
2909,174559.67,1,0.31735989451408386,0.28259557485580444,0.21354,0.010006534866988659,4.847,-2.086,-0.144,111.132,0.91814
2910,174623.63,1,0.31589725613594055,0.28206387162208557,0.21481,0.01004020031541586,4.794,-2.103,-0.131,111.124,0.91685
2911,174687.63,1,0.3126760721206665,0.2799185514450073,0.21547,0.010024459101259708,4.805,-2.112,-0.14,111.217,0.91781
2912,174735.67,1,0.30590900778770447,0.27670443058013916,0.21799,0.009674834087491035,4.824,-2.145,-0.149,111.22,0.91704
2913,174799.87,1,0.30495449900627136,0.27550333738327026,0.21906,0.009481530636548996,4.823,-2.137,-0.142,111.099,0.91748
2914,174863.9,1,0.2973994314670563,0.273756206035614,0.22054,0.0093039246276021,4.868,-2.123,-0.153,111.22,0.91804
2915,174927.83,1,0.2958833575248718,0.27151671051979065,0.22142,0.009175833314657211,4.865,-2.114,-0.155,111.209,0.91737
2916,174975.47,1,0.29596996307373047,0.272122323513031,0.22291,0.009290019050240517,4.88,-2.102,-0.161,111.089,0.91821
2917,175039.77,1,0.2951090931892395,0.2690891921520233,0.22325,0.009326929226517677,4.9,-2.088,-0.191,111.207,0.91813
2918,175103.7,1,0.2934147119522095,0.26844319701194763,0.22361,0.009347015991806984,4.84,-2.074,-0.191,111.22,0.91791
2919,175168.03,1,0.29914629459381104,0.2677464187145233,0.22492,0.009919715113937855,4.695,-2.067,-0.214,111.118,0.91724
2920,175215.63,1,0.3001646101474762,0.26899588108062744,0.22465,0.009860600344836712,4.749,-2.08,-0.216,111.257,0.91598
2921,175279.87,1,0.2994067668914795,0.2692708969116211,0.22457,0.009649405255913734,4.796,-2.112,-0.21,111.207,0.91759
2922,175343.7,1,0.3073110282421112,0.27900925278663635,0.22182,0.010155570693314075,4.948,-2.232,-0.289,111.119,0.91695
2923,175407.63,1,0.29753363132476807,0.2814689576625824,0.22208,0.010489150881767273,4.956,-2.263,-0.345,111.207,0.9174
2924,175455.73,1,0.29494449496269226,0.27873092889785767,0.2236,0.010545657016336918,4.952,-2.28,-0.365,111.209,0.91799
2925,175519.73,1,0.29231885075569153,0.2750825583934784,0.22468,0.010800674557685852,4.952,-2.301,-0.373,111.111,0.91687
2926,175583.97,1,0.28423482179641724,0.27142423391342163,0.22602,0.010861223563551903,4.906,-2.318,-0.394,111.219,0.91738
2927,175647.63,1,0.27818959951400757,0.2676476836204529,0.22699,0.010674253106117249,4.932,-2.33,-0.411,111.222,0.91742
2928,175695.57,1,0.27650731801986694,0.26665210723876953,0.22825,0.010647065937519073,4.917,-2.341,-0.409,111.144,0.91824
2929,175759.93,1,0.27431759238243103,0.2664223313331604,0.22835,0.010485915467143059,4.889,-2.337,-0.411,111.202,0.91812
2930,175823.53,1,0.27113765478134155,0.261021226644516,0.22942,0.01033998467028141,4.849,-2.314,-0.416,111.183,0.91719
2931,175887.6,1,0.2716149389743805,0.259634792804718,0.22973,0.010199867188930511,4.835,-2.325,-0.421,111.08,0.91889
2932,175935.63,1,0.26856738328933716,0.2608453631401062,0.23007,0.009946049191057682,4.858,-2.323,-0.454,111.217,0.91677
2933,175999.57,1,0.26272448897361755,0.2587311267852783,0.23155,0.009731857106089592,4.858,-2.338,-0.43,111.201,0.91685
2934,176063.87,1,0.2787078320980072,0.2671906054019928,0.2289,0.009456698782742023,4.849,-2.326,-0.379,111.119,0.91613
2935,176127.87,1,0.2773413360118866,0.26413068175315857,0.22901,0.009063329547643661,4.852,-2.298,-0.34,111.23,0.91615
2936,176175.8,1,0.27758824825286865,0.26370862126350403,0.22933,0.008845309726893902,4.852,-2.293,-0.307,111.215,0.91729
2937,176239.63,1,0.2821955680847168,0.2642507255077362,0.22909,0.008656846359372139,4.813,-2.275,-0.304,111.133,0.91648
2938,176303.9,1,0.27789419889450073,0.2617937922477722,0.22936,0.00859568826854229,4.836,-2.254,-0.303,111.363,0.91696
2939,176368.17,1,0.2833981513977051,0.2637954652309418,0.22939,0.008557543158531189,4.835,-2.279,-0.305,111.123,0.91707
2940,176415.63,1,0.28455328941345215,0.26618319749832153,0.22886,0.008792214095592499,4.833,-2.295,-0.301,111.127,0.91711
2941,176479.97,1,0.28162145614624023,0.26445844769477844,0.22903,0.008568791672587395,4.846,-2.318,-0.277,111.186,0.91625
2942,176543.7,1,0.27650442719459534,0.2614578306674957,0.22981,0.008697396144270897,4.905,-2.329,-0.27,111.167,0.91717
2943,176607.6,1,0.2784011662006378,0.26206591725349426,0.23031,0.008573252707719803,4.89,-2.32,-0.225,111.064,0.91661
2944,176655.7,1,0.27557605504989624,0.2641269862651825,0.22947,0.008489777334034443,4.918,-2.313,-0.24,111.177,0.91884
2945,176719.93,1,0.27549296617507935,0.2649119794368744,0.22896,0.008453672751784325,4.879,-2.295,-0.254,111.176,0.91752
2946,176783.83,1,0.2811696231365204,0.268764466047287,0.22833,0.008473929017782211,4.849,-2.286,-0.245,111.096,0.91836
2947,176848.07,1,0.2784675061702728,0.2697434723377228,0.22796,0.008467498235404491,4.914,-2.307,-0.203,111.198,0.91763
2948,176895.67,1,0.27505195140838623,0.2678017020225525,0.22849,0.008432707749307156,5.008,-2.314,-0.219,111.205,0.91653
2949,176959.57,1,0.2759048640727997,0.26735952496528625,0.22916,0.008904959075152874,5.096,-2.271,-0.26,111.116,0.91679
2950,177023.73,1,0.274299293756485,0.266830176115036,0.22944,0.008725016377866268,5.159,-2.3,-0.264,111.216,0.9166
2951,177087.97,1,0.27349191904067993,0.2660025954246521,0.2298,0.008714905939996243,5.231,-2.303,-0.286,111.208,0.91713
2952,177135.67,1,0.3345049321651459,0.29217293858528137,0.20444,0.00908184889703989,5.43,-2.249,-0.297,111.082,0.91836
2953,177199.73,1,0.625494122505188,0.5583406090736389,0.06988,0.010740927420556545,5.218,-2.209,-0.384,111.168,0.91787
2954,177263.7,1,0.5690067410469055,0.5271905660629272,0.07988,0.008962580002844334,5.193,-2.131,-0.325,111.193,0.91646
2955,177327.97,1,0.5578386783599854,0.5061556100845337,0.08543,0.008667483925819397,5.327,-2.143,-0.28,111.023,0.91804
2956,177376.03,1,0.5195631384849548,0.48549652099609375,0.09843,0.008441570214927197,5.412,-2.174,-0.246,111.186,0.91754
2957,177439.9,1,0.46862494945526123,0.43134167790412903,0.12131,0.0077837021090090275,5.401,-2.185,-0.21,111.132,0.91875
2958,177504.03,1,0.44213753938674927,0.4038834571838379,0.13399,0.0069894734770059586,5.405,-2.172,-0.185,111.051,0.91797
2959,177567.83,1,0.4083988666534424,0.37306150794029236,0.14995,0.006364116910845041,5.395,-2.166,-0.18,111.125,0.91855
2960,177615.9,1,0.3794375956058502,0.35959509015083313,0.16122,0.0058966344222426414,5.358,-2.167,-0.15,111.13,0.91818
2961,177680.17,1,0.37294742465019226,0.35013648867607117,0.16826,0.005768512841314077,5.336,-2.131,-0.181,111.057,0.91807
2962,177743.7,1,0.3699592649936676,0.34273749589920044,0.1726,0.0053599220700562,5.304,-2.151,-0.171,111.145,0.91803
2963,177807.7,1,0.36656081676483154,0.3389415442943573,0.17568,0.005405982490628958,5.309,-2.136,-0.177,111.144,0.91694
2964,177855.9,1,0.3574458658695221,0.33135244250297546,0.18267,0.0054776715114712715,5.256,-2.155,-0.203,111.005,0.91806
2965,177919.77,1,0.3506918251514435,0.3268139362335205,0.18479,0.005352186970412731,5.351,-2.149,-0.203,111.702,0.91298
2966,177984.0,1,0.3159763514995575,0.3167572021484375,0.19585,0.0052611869759857655,5.296,-2.166,-0.202,111.908,0.91278
2967,178048.13,1,0.31030532717704773,0.31211674213409424,0.19991,0.006139067932963371,5.345,-2.096,-0.184,111.907,0.90947
2968,178095.83,1,0.31248021125793457,0.3156585693359375,0.20083,0.007011702284216881,5.318,-2.095,-0.201,112.153,0.91054
2969,178159.97,1,0.3090771436691284,0.31754377484321594,0.20119,0.009208629839122295,5.23,-2.131,-0.221,111.918,0.9107
2970,178223.87,1,0.30729299783706665,0.31145694851875305,0.20469,0.012132223695516586,4.784,-2.144,-0.265,111.903,0.91103
2971,178287.77,1,0.29758039116859436,0.3084300756454468,0.20719,0.01609703339636326,4.279,-2.17,-0.341,112.035,0.91027
2972,178335.77,1,0.293564110994339,0.3070641756057739,0.2089,0.019488941878080368,4.221,-2.169,-0.349,111.982,0.91215
2973,178400.07,1,0.29511934518814087,0.3090094327926636,0.20973,0.0228604543954134,4.196,-2.182,-0.329,111.892,0.91177
2974,178464.1,1,0.2804897725582123,0.3072269558906555,0.21084,0.028262469917535782,4.12,-2.161,-0.331,112.009,0.91203
2975,178527.77,1,0.2737885117530823,0.3015397787094116,0.21185,0.03275494650006294,4.128,-2.15,-0.257,112.031,0.91001
2976,178575.7,1,0.2708212435245514,0.29649075865745544,0.21432,0.03543473035097122,4.003,-2.101,-0.168,111.907,0.91026
2977,178640.0,1,0.24991294741630554,0.27789345383644104,0.21582,0.07351253181695938,3.943,-2.054,-0.144,112.006,0.91118
2978,178704.1,1,0.24843314290046692,0.27339982986450195,0.21677,0.06567391753196716,3.861,-2.063,-0.133,112.013,0.91045
2979,178768.0,1,0.24593201279640198,0.2702857255935669,0.21736,0.061485107988119125,3.781,-2.117,-0.126,111.917,0.91065
2980,178815.73,1,0.24675831198692322,0.2711379826068878,0.21748,0.05252384766936302,3.811,-2.145,-0.138,112.005,0.91093
2981,178880.17,1,0.25108879804611206,0.27743083238601685,0.21982,0.022601498290896416,3.979,-2.231,-0.13,112.029,0.91049
2982,178943.9,1,0.2526991069316864,0.2792110741138458,0.22147,0.0130851985886693,4.136,-2.275,-0.191,111.91,0.91014
2983,179007.67,1,0.2564082741737366,0.2762492597103119,0.22189,0.010291573591530323,4.25,-2.38,-0.139,112.041,0.91011
2984,179055.73,1,0.26100051403045654,0.2733629047870636,0.22231,0.008599145337939262,4.392,-2.436,-0.085,112.044,0.91087
2985,179120.07,1,0.26395460963249207,0.27407798171043396,0.22179,0.007924516685307026,4.61,-2.446,-0.117,111.962,0.9106
2986,179183.93,1,0.26548174023628235,0.2778405547142029,0.22193,0.007690348196774721,4.727,-2.415,-0.151,112.1,0.91145
2987,179247.93,1,0.26819929480552673,0.2793913781642914,0.22183,0.007551439572125673,4.803,-2.386,-0.175,112.122,0.91068
2988,179295.63,1,0.2747240364551544,0.2830392122268677,0.22114,0.007847939617931843,4.851,-2.38,-0.228,112.0,0.91099
2989,179360.27,1,0.283103346824646,0.2891962230205536,0.21891,0.00771127687767148,4.908,-2.37,-0.314,112.073,0.91145
2990,179423.93,1,0.28546881675720215,0.2906341552734375,0.21875,0.007752066012471914,4.947,-2.363,-0.315,112.072,0.91087
2991,179487.57,1,0.29269659519195557,0.291003942489624,0.21797,0.008029203861951828,5.043,-2.426,-0.317,111.947,0.91068
2992,179535.7,1,0.29092106223106384,0.2933233082294464,0.21725,0.007898147217929363,5.059,-2.436,-0.339,112.044,0.91014
2993,179599.97,1,0.2914157509803772,0.29285430908203125,0.21738,0.007768419571220875,5.109,-2.43,-0.334,112.039,0.91068
2994,179663.77,1,0.2999710142612457,0.2961006462574005,0.21721,0.008170990273356438,5.132,-2.43,-0.34,111.931,0.91066
2995,179727.97,1,0.2949877977371216,0.2944782078266144,0.21737,0.007959096692502499,5.157,-2.413,-0.354,112.048,0.91056
2996,179775.7,1,0.29509902000427246,0.2959531545639038,0.21731,0.007904015481472015,5.112,-2.421,-0.338,112.038,0.91179
2997,179839.83,1,0.2958168387413025,0.29556769132614136,0.21773,0.007853325456380844,5.066,-2.428,-0.292,111.96,0.91118
2998,179904.03,1,0.28736355900764465,0.29114967584609985,0.21876,0.007456683553755283,5.084,-2.436,-0.273,112.221,0.91139
2999,179968.23,1,0.28758320212364197,0.29115167260169983,0.21881,0.00732047064229846,5.13,-2.482,-0.242,111.966,0.9115
3000,180015.73,1,0.29031485319137573,0.2883947193622589,0.21834,0.007507795467972755,5.12,-2.48,-0.266,111.983,0.91114
3001,180079.67,1,0.2874857187271118,0.2866603136062622,0.21872,0.007534676231443882,5.118,-2.547,-0.266,112.08,0.9107
3002,180144.0,1,0.28279542922973633,0.284096360206604,0.21962,0.00777592184022069,5.092,-2.536,-0.284,112.042,0.90999
3003,180207.57,1,0.2851954400539398,0.28584837913513184,0.22155,0.007650419604033232,5.101,-2.527,-0.223,112.019,0.90966
3004,180256.13,1,0.2826401889324188,0.278743714094162,0.22287,0.007331056520342827,5.11,-2.515,-0.164,112.047,0.91072
3005,180319.7,1,0.2791716754436493,0.2758595943450928,0.22376,0.007465792819857597,5.132,-2.492,-0.132,112.007,0.91169
3006,180383.63,1,0.2749132215976715,0.27222663164138794,0.22522,0.007297063246369362,5.156,-2.488,-0.124,111.981,0.91163
3007,180447.67,1,0.2723514437675476,0.26730668544769287,0.22624,0.0072952983900904655,5.195,-2.477,-0.103,112.008,0.91092
3008,180495.7,1,0.27077150344848633,0.2644125521183014,0.22788,0.00718544190749526,5.214,-2.478,-0.081,111.996,0.91152
3009,180559.77,1,0.26707375049591064,0.2588372230529785,0.22947,0.007445965893566608,5.242,-2.46,-0.07,111.969,0.90975
3010,180624.0,1,0.26623958349227905,0.2566799819469452,0.23017,0.0074034202843904495,5.252,-2.439,-0.092,111.89,0.91525
3011,180687.67,1,0.2632446587085724,0.2525288164615631,0.23228,0.007102108560502529,5.34,-2.383,-0.083,111.853,0.91684
3012,180735.7,1,0.2651708722114563,0.24987520277500153,0.23248,0.007416116073727608,5.344,-2.388,-0.069,111.356,0.9402
3013,180800.03,1,0.2652236521244049,0.24472203850746155,0.23317,0.0074348971247673035,5.348,-2.38,-0.084,111.41,0.94029
3014,180863.9,1,0.26477736234664917,0.24266867339611053,0.23375,0.007343549747020006,5.402,-2.318,-0.091,111.389,0.94151
3015,180927.7,1,0.27126219868659973,0.24168728291988373,0.2341,0.007421636022627354,5.4,-2.31,-0.084,111.255,0.94177
3016,180975.67,1,0.2678905725479126,0.24081362783908844,0.2345,0.0074726371094584465,5.417,-2.301,-0.077,111.429,0.94024
3017,181040.33,1,0.2678065299987793,0.23936407268047333,0.23431,0.007442125119268894,5.435,-2.268,-0.073,111.411,0.93998
3018,181103.8,1,0.26543858647346497,0.23721380531787872,0.2343,0.0075524006970226765,5.443,-2.248,-0.092,111.309,0.94007
3019,181167.7,1,0.2638034224510193,0.23706208169460297,0.23436,0.007387095596641302,5.415,-2.245,-0.091,111.394,0.94082
3020,181232.0,1,0.40873751044273376,0.3783717155456543,0.16341,0.009132004342973232,5.408,-2.248,-0.072,111.403,0.94039
3021,181280.0,1,0.5309476256370544,0.49004843831062317,0.11025,0.010220306925475597,5.379,-2.215,-0.116,111.302,0.94099
3022,181344.03,1,0.5081073641777039,0.4843660295009613,0.11391,0.009936992079019547,5.367,-2.25,-0.111,111.391,0.94019
3023,181408.27,1,0.4958788752555847,0.46534463763237,0.11957,0.009539537131786346,5.385,-2.306,-0.079,111.395,0.94064
3024,181471.93,1,0.44459646940231323,0.43208807706832886,0.1384,0.009909650310873985,5.353,-2.295,-0.138,111.285,0.94142
3025,181519.7,1,0.4070456922054291,0.4130409061908722,0.15117,0.009641772136092186,5.384,-2.31,-0.126,111.384,0.94249
3026,181584.03,1,0.3832740783691406,0.39605146646499634,0.16387,0.009141155518591404,5.381,-2.319,-0.147,111.375,0.94231
3027,181647.8,1,0.36365771293640137,0.38770487904548645,0.17141,0.008782196789979935,5.411,-2.311,-0.145,111.267,0.94269
3028,181711.67,1,0.35448452830314636,0.37491145730018616,0.17796,0.008338659070432186,5.411,-2.31,-0.142,111.452,0.94136
3029,181759.63,1,0.3506844639778137,0.37033799290657043,0.18168,0.008227636106312275,5.46,-2.294,-0.147,111.335,0.94091
3030,181823.87,1,0.3452965021133423,0.3410722315311432,0.18853,0.008613667450845242,5.399,-2.291,-0.162,112.351,0.93313
3031,181887.77,1,0.33673974871635437,0.3297984004020691,0.19218,0.008730965666472912,5.377,-2.262,-0.162,112.506,0.92866
3032,181951.6,1,0.3294100761413574,0.3213713467121124,0.19575,0.008707210421562195,5.361,-2.264,-0.171,112.538,0.92839
3033,181999.97,1,0.31470033526420593,0.3136005997657776,0.20056,0.008633789606392384,5.334,-2.238,-0.137,112.736,0.91586
3034,182063.83,1,0.30145370960235596,0.3024461269378662,0.20529,0.008683908730745316,5.333,-2.271,-0.144,112.827,0.91579
3035,182127.7,1,0.2982904314994812,0.3006036579608917,0.20767,0.008275757543742657,5.3,-2.252,-0.132,112.836,0.9168
3036,182191.8,1,0.2933814525604248,0.2970486879348755,0.2108,0.008145400322973728,5.305,-2.274,-0.152,112.763,0.9161
3037,182240.17,1,0.2942110002040863,0.29693812131881714,0.211,0.008159560151398182,5.328,-2.277,-0.133,112.656,0.92
3038,182304.0,1,0.3046094477176666,0.2927248477935791,0.21224,0.00794235896319151,5.339,-2.266,-0.089,112.666,0.91835
3039,182368.0,1,0.3065515160560608,0.290700763463974,0.2117,0.007567695342004299,5.341,-2.226,-0.036,111.572,0.93149
3040,182431.63,1,0.3071773946285248,0.278181254863739,0.21495,0.007314668502658606,5.35,-2.204,-0.037,111.618,0.93395
3041,182479.77,1,0.3043396472930908,0.2758260667324066,0.21566,0.0071143959648907185,5.397,-2.181,-0.026,111.586,0.93422
3042,182543.93,1,0.3083714544773102,0.27318495512008667,0.21689,0.0072713023982942104,5.323,-2.167,-0.033,111.305,0.94166
3043,182607.87,1,0.30495962500572205,0.27419137954711914,0.21874,0.007041902281343937,5.357,-2.182,-0.035,111.419,0.9421
3044,182671.77,1,0.301212340593338,0.27251315116882324,0.22045,0.007170585449784994,5.284,-2.19,-0.039,111.383,0.94167
3045,182719.63,1,0.3076295256614685,0.27251631021499634,0.22049,0.007278465665876865,5.17,-2.222,-0.024,111.316,0.94171
3046,182784.0,1,0.3100183606147766,0.2748359143733978,0.21931,0.007591331843286753,5.176,-2.215,-0.027,111.408,0.9415
3047,182848.0,1,0.3101038336753845,0.28031378984451294,0.21751,0.007800439838320017,5.208,-2.287,-0.048,111.417,0.94169
3048,182911.57,1,0.31085965037345886,0.2907029092311859,0.21207,0.008380434475839138,5.313,-2.325,-0.108,111.32,0.94072
3049,182959.67,1,0.3035907745361328,0.2882370948791504,0.21135,0.008442322723567486,5.343,-2.329,-0.129,111.422,0.9419
3050,183023.8,1,0.29466986656188965,0.2812211513519287,0.21406,0.008114907890558243,5.338,-2.325,-0.142,111.428,0.9411
3051,183087.77,1,0.29581230878829956,0.28709670901298523,0.21348,0.008068385533988476,5.344,-2.359,-0.142,111.365,0.94047
3052,183151.63,1,0.2891625165939331,0.2878292500972748,0.21369,0.008237999863922596,5.361,-2.364,-0.153,111.434,0.94095
3053,183200.07,1,0.28468990325927734,0.2829454243183136,0.21567,0.00826325174421072,5.304,-2.329,-0.147,111.442,0.94227
3054,183264.0,1,0.2854623794555664,0.28180691599845886,0.21569,0.008340422995388508,5.299,-2.339,-0.16,111.374,0.94219
3055,183327.83,1,0.287346214056015,0.2842499911785126,0.21441,0.00843409076333046,5.316,-2.349,-0.174,111.607,0.94112
3056,183391.63,1,0.29785585403442383,0.2870434820652008,0.21598,0.008515946567058563,5.329,-2.329,-0.122,111.654,0.94017
3057,183440.2,1,0.2987942695617676,0.2799818813800812,0.21762,0.008379828184843063,5.331,-2.255,-0.093,112.354,0.93241
3058,183503.97,1,0.295433908700943,0.26880982518196106,0.22013,0.008099113591015339,5.29,-2.256,-0.061,112.616,0.93152
3059,183567.67,1,0.29022711515426636,0.2661321759223938,0.22225,0.00799571443349123,5.281,-2.232,-0.038,112.392,0.93223
3060,183632.0,1,0.2949931025505066,0.26966163516044617,0.2203,0.008236777037382126,5.273,-2.222,0.005,112.736,0.91679
3061,183680.2,1,0.2915671169757843,0.2668045163154602,0.22186,0.008304390124976635,5.247,-2.225,-0.003,112.871,0.91607
3062,183743.93,1,0.2904343008995056,0.26290687918663025,0.22396,0.008474642410874367,5.247,-2.201,-0.018,112.831,0.91617
3063,183807.9,1,0.28688353300094604,0.26392942667007446,0.22544,0.008525338023900986,5.246,-2.196,-0.028,112.747,0.91627
3064,183871.73,1,0.28313398361206055,0.26460400223731995,0.22594,0.008481946773827076,5.271,-2.176,-0.032,112.765,0.92035
3065,183919.77,1,0.28142204880714417,0.26140880584716797,0.22679,0.008355299942195415,5.283,-2.175,-0.029,112.746,0.92156
3066,183983.53,1,0.28035977482795715,0.25895431637763977,0.22766,0.008291528560221195,5.3,-2.161,-0.019,112.008,0.94863
3067,184048.27,1,0.28020384907722473,0.2579474449157715,0.22822,0.008217664435505867,5.274,-2.173,-0.015,112.065,0.95145
3068,184111.53,1,0.27944415807724,0.2539428472518921,0.22915,0.008116178214550018,5.239,-2.152,-0.018,112.074,0.95206
3069,184159.8,1,0.28295719623565674,0.25564420223236084,0.22901,0.00826098583638668,5.203,-2.163,-0.028,111.806,0.95967
3070,184224.0,1,0.28385618329048157,0.2554655373096466,0.22861,0.008201618678867817,5.199,-2.169,-0.024,111.887,0.95892
3071,184287.87,1,0.281279981136322,0.25053128600120544,0.23096,0.008379622362554073,5.142,-2.123,-0.061,111.856,0.96089
3072,184351.53,1,0.284003883600235,0.2508331537246704,0.23106,0.008417043834924698,5.158,-2.147,-0.046,111.772,0.95968
3073,184399.6,1,0.2841111123561859,0.25426360964775085,0.22999,0.008289096876978874,5.159,-2.144,-0.036,111.89,0.96003
3074,184463.83,1,0.2831072211265564,0.2517973482608795,0.23028,0.008214016444981098,5.135,-2.136,-0.027,111.903,0.96059
3075,184527.97,1,0.2842663526535034,0.2519046366214752,0.22977,0.0082178246229887,5.126,-2.139,-0.034,111.776,0.96076
3076,184591.9,1,0.28153249621391296,0.2544751465320587,0.2303,0.008319428190588951,5.128,-2.142,-0.032,111.869,0.96023
3077,184640.17,1,0.27941280603408813,0.25328099727630615,0.23142,0.008148814551532269,5.128,-2.147,-0.025,111.894,0.95975
3078,184703.9,1,0.282997727394104,0.25419947504997253,0.23118,0.008348515257239342,5.134,-2.149,-0.014,111.846,0.95994
3079,184767.87,1,0.2830371558666229,0.2555125653743744,0.23057,0.008298911154270172,5.138,-2.149,-0.007,111.909,0.96047
3080,184831.63,1,0.2811369001865387,0.25355300307273865,0.23061,0.008309486322104931,5.148,-2.14,-0.019,111.914,0.9604
3081,184880.13,1,0.281535267829895,0.2528649568557739,0.23104,0.008409683592617512,5.117,-2.165,-0.024,111.837,0.96052
3082,184943.87,1,0.27320802211761475,0.24945615231990814,0.23243,0.008324874565005302,5.136,-2.169,-0.037,111.966,0.95902
3083,185007.63,1,0.27150842547416687,0.23730400204658508,0.2353,0.00782855972647667,5.05,-2.173,-0.056,111.936,0.96023
3084,185072.0,1,0.2728464603424072,0.22717374563217163,0.23725,0.00788208283483982,4.954,-2.186,-0.102,111.884,0.95974
3085,185119.8,1,0.2718002498149872,0.2300116866827011,0.23702,0.007863296195864677,4.928,-2.179,-0.101,111.979,0.95942
3086,185183.63,1,0.26812082529067993,0.23162542283535004,0.2372,0.007772684097290039,4.951,-2.185,-0.115,111.981,0.95945
3087,185248.13,1,0.27197185158729553,0.23546116054058075,0.23718,0.007640236057341099,4.963,-2.181,-0.122,111.888,0.95942
3088,185311.6,1,0.2659105956554413,0.23965373635292053,0.23748,0.007571130525320768,4.982,-2.167,-0.126,112.125,0.95927
3089,185359.9,1,0.273441880941391,0.24365733563899994,0.23778,0.007927465252578259,4.939,-2.174,-0.116,111.916,0.9605
3090,185424.03,1,0.27279630303382874,0.24595622718334198,0.23486,0.007998253218829632,5.011,-2.155,-0.08,111.85,0.96044
3091,185487.6,1,0.27219200134277344,0.24271583557128906,0.2346,0.008069193921983242,5.032,-2.123,-0.069,111.959,0.96041
3092,185551.7,1,0.2701062858104706,0.2409662902355194,0.23498,0.00818378385156393,4.955,-2.066,-0.053,111.975,0.95938
3093,185599.63,1,0.2755894660949707,0.24059337377548218,0.2347,0.008688372559845448,4.867,-2.098,-0.042,111.877,0.95935
3094,185663.83,1,0.2728181481361389,0.24197235703468323,0.23457,0.008703070692718029,4.959,-2.081,-0.03,111.984,0.95977
3095,185728.0,1,0.2726846933364868,0.23968924582004547,0.23487,0.008815933018922806,4.94,-2.063,-0.046,111.951,0.95977
3096,185791.57,1,0.2754017114639282,0.24128678441047668,0.23508,0.009260443039238453,5.006,-2.088,-0.058,111.874,0.96039
3097,185840.1,1,0.275495707988739,0.24441324174404144,0.23454,0.00919816829264164,5.041,-2.084,-0.052,111.931,0.96054
3098,185903.97,1,0.2783627510070801,0.24679473042488098,0.23433,0.009226989932358265,4.901,-2.109,-0.075,111.921,0.96108
3099,185967.83,1,0.28172656893730164,0.2543404698371887,0.23271,0.009195934981107712,4.999,-2.114,-0.065,111.843,0.96034
3100,186031.7,1,0.27787232398986816,0.25442737340927124,0.23229,0.008908141404390335,5.031,-2.118,-0.058,111.963,0.95979
3101,186079.97,1,0.27719172835350037,0.2533012628555298,0.23195,0.00879279151558876,5.019,-2.126,-0.063,111.95,0.96012
3102,186143.93,1,0.2834433317184448,0.25129345059394836,0.23174,0.00903344713151455,4.94,-2.165,-0.078,111.852,0.96117
3103,186208.0,1,0.27941879630088806,0.25742122530937195,0.23096,0.008661304600536823,4.978,-2.179,-0.067,111.959,0.96076
3104,186271.77,1,0.2784326672554016,0.25515052676200867,0.23114,0.008693560026586056,4.954,-2.17,-0.086,111.964,0.96172
3105,186319.77,1,0.28115323185920715,0.25159773230552673,0.23219,0.008846878074109554,4.916,-2.152,-0.074,111.906,0.9616
3106,186383.8,1,0.2778119444847107,0.25131142139434814,0.23224,0.008537458255887032,4.932,-2.167,-0.045,112.013,0.96066
3107,186447.77,1,0.27756303548812866,0.24844259023666382,0.23329,0.008762774989008904,4.902,-2.132,-0.071,111.974,0.96214
3108,186512.0,1,0.2781394422054291,0.24925421178340912,0.23375,0.008736791089177132,4.838,-2.148,-0.066,111.938,0.96084
3109,186560.23,1,0.5758793354034424,0.5291658043861389,0.09406,0.012312982231378555,4.742,-2.168,-0.114,112.094,0.96034
3110,186624.03,1,0.5892959833145142,0.5523443222045898,0.07754,0.011736135929822922,4.72,-2.183,-0.07,112.087,0.95997
3111,186687.83,1,0.5569145083427429,0.5107638835906982,0.09187,0.011774972081184387,4.788,-2.181,-0.023,112.05,0.9587
3112,186751.67,1,0.5487501621246338,0.5000559091567993,0.09655,0.011675235815346241,4.847,-2.177,-0.022,112.197,0.95837
3113,186800.0,1,0.4649135172367096,0.4409838616847992,0.12577,0.01078612357378006,4.858,-2.203,-0.011,112.185,0.95895
3114,186864.07,1,0.40008822083473206,0.388654887676239,0.15067,0.009810048155486584,4.918,-2.247,0.006,112.064,0.95887
3115,186927.73,1,0.3787980377674103,0.34703993797302246,0.16588,0.009439010173082352,4.938,-2.246,-0.021,112.18,0.95915
3116,186991.67,1,0.3644554615020752,0.3419891893863678,0.17268,0.009544318541884422,4.89,-2.257,-0.051,112.187,0.9588
3117,187039.9,1,0.35720688104629517,0.33056917786598206,0.17986,0.009634424932301044,4.847,-2.248,-0.093,112.079,0.95857
3118,187104.0,1,0.3396605849266052,0.32018089294433594,0.18687,0.009560853242874146,4.85,-2.253,-0.126,112.301,0.95846
3119,187167.77,1,0.3382232189178467,0.3126387596130371,0.19285,0.009608380496501923,4.843,-2.252,-0.157,112.096,0.95854
3120,187231.8,1,0.3295091986656189,0.3087896406650543,0.19698,0.009928925894200802,4.864,-2.262,-0.168,112.089,0.95878
3121,187279.9,1,0.3220459818840027,0.306367427110672,0.19923,0.009659526869654655,4.863,-2.237,-0.181,112.23,0.95771
3122,187343.97,1,0.3128075897693634,0.30205902457237244,0.20345,0.009431621059775352,4.895,-2.242,-0.22,112.231,0.95799
3123,187408.23,1,0.31008675694465637,0.30032870173454285,0.20603,0.00940400455147028,4.9,-2.276,-0.216,112.17,0.95848
3124,187471.67,1,0.3079976737499237,0.2985370457172394,0.20709,0.009447027929127216,4.905,-2.319,-0.249,112.246,0.95813
3125,187519.83,1,0.3058467507362366,0.2970649003982544,0.20789,0.009377213194966316,4.907,-2.336,-0.245,112.265,0.95753
3126,187583.57,1,0.30576658248901367,0.29336631298065186,0.21073,0.009354605339467525,4.89,-2.345,-0.228,112.117,0.95833
3127,187647.73,1,0.30170300602912903,0.2917122542858124,0.21246,0.009122680872678757,4.871,-2.38,-0.227,112.212,0.95855
3128,187712.0,1,0.29945701360702515,0.2901526391506195,0.21421,0.00947546772658825,4.808,-2.367,-0.203,112.224,0.95828
3129,187759.73,1,0.29920029640197754,0.28757569193840027,0.21581,0.010021648369729519,4.794,-2.416,-0.161,112.102,0.95751
3130,187823.93,1,0.29398202896118164,0.2822011709213257,0.21779,0.009853488765656948,4.793,-2.457,-0.116,112.195,0.95883
3131,187887.63,1,0.2928251326084137,0.2816067636013031,0.21884,0.009567683562636375,4.777,-2.448,-0.085,112.214,0.95818
3132,187951.83,1,0.29495757818222046,0.28105780482292175,0.21892,0.009698789566755295,4.692,-2.495,-0.037,112.117,0.95847
3133,188000.03,1,0.29227402806282043,0.27901723980903625,0.21988,0.00987744890153408,4.693,-2.497,-0.041,112.253,0.9569
3134,188063.73,1,0.2879149615764618,0.2763885259628296,0.22101,0.009537257254123688,4.691,-2.507,-0.021,112.258,0.95755
3135,188128.0,1,0.28863322734832764,0.2786480784416199,0.22213,0.00987531803548336,4.666,-2.508,-0.015,112.192,0.9564
3136,188191.6,1,0.2857359051704407,0.2751976251602173,0.22319,0.009535483084619045,4.672,-2.507,-0.028,112.294,0.95706
3137,188239.77,1,0.28920331597328186,0.27754005789756775,0.22192,0.009812531061470509,4.667,-2.507,-0.036,112.293,0.95767
3138,188303.83,1,0.29332101345062256,0.2894715666770935,0.21822,0.009477698244154453,4.649,-2.481,-0.031,112.209,0.95727
3139,188368.1,1,0.2927323877811432,0.2888801693916321,0.21766,0.0095510957762599,4.636,-2.458,-0.051,112.269,0.95774
3140,188432.0,1,0.2943961024284363,0.28979355096817017,0.21674,0.009559353813529015,4.609,-2.433,-0.041,112.278,0.95781
3141,188479.77,1,0.298006147146225,0.2940567135810852,0.21579,0.009687153622508049,4.618,-2.441,-0.033,112.187,0.95793
3142,188543.83,1,0.299543559551239,0.29995304346084595,0.21404,0.009727557189762592,4.604,-2.503,-0.026,112.286,0.95698
3143,188607.63,1,0.29960066080093384,0.30162161588668823,0.2134,0.00973630789667368,4.624,-2.512,-0.028,112.282,0.95806
3144,188671.6,1,0.3009110987186432,0.3072672188282013,0.21313,0.01001319382339716,4.654,-2.522,0.014,112.16,0.95914
3145,188719.83,1,0.297001451253891,0.30685892701148987,0.21272,0.009885855950415134,4.654,-2.498,-0.003,112.266,0.95736
3146,188783.77,1,0.2947016656398773,0.29823607206344604,0.21517,0.009916141629219055,4.639,-2.495,0.009,112.259,0.95805
3147,188847.7,1,0.2943742871284485,0.28803953528404236,0.2173,0.010440435260534286,4.789,-2.493,-0.031,112.173,0.95714
3148,188911.7,1,0.28787320852279663,0.2814050018787384,0.21888,0.010218348354101181,4.79,-2.489,-0.031,112.395,0.95859
3149,188959.6,1,0.28644129633903503,0.27997660636901855,0.21969,0.010137434117496014,4.75,-2.491,-0.011,112.179,0.95918
3150,189023.97,1,0.28502950072288513,0.27700772881507874,0.22132,0.010117299854755402,4.726,-2.507,-0.04,112.225,0.95676
3151,189088.03,1,0.2828022539615631,0.27458077669143677,0.22227,0.00997750274837017,4.704,-2.495,-0.051,112.305,0.95841
3152,189151.67,1,0.27797284722328186,0.26941874623298645,0.22347,0.009658914990723133,4.71,-2.477,-0.029,112.308,0.95776
3153,189200.03,1,0.28364086151123047,0.26991480588912964,0.22527,0.009629840962588787,4.678,-2.48,0.027,112.201,0.9592
3154,189263.87,1,0.2803901433944702,0.2673552930355072,0.22728,0.009804051369428635,4.681,-2.467,0.017,112.264,0.95873
3155,189327.8,1,0.27856361865997314,0.26622867584228516,0.22823,0.009936410933732986,4.729,-2.492,0.032,112.263,0.95835
3156,189391.97,1,0.2805009186267853,0.26793622970581055,0.22828,0.010204873979091644,4.706,-2.467,0.019,112.162,0.95815
3157,189439.8,1,0.27972322702407837,0.2689882814884186,0.22782,0.010473998263478279,4.685,-2.48,0.012,112.455,0.95688
3158,189503.97,1,0.2766079604625702,0.2672225832939148,0.22875,0.011017799377441406,4.696,-2.474,0.003,112.678,0.954
3159,189568.03,1,0.2770673930644989,0.2622726261615753,0.22898,0.011717292480170727,4.883,-2.474,0.022,115.001,0.93791
3160,189631.63,1,0.28036928176879883,0.2646578848361969,0.22868,0.011665774509310722,4.946,-2.478,0.032,115.211,0.93797
3161,189679.67,1,0.28039297461509705,0.2644660174846649,0.22879,0.011654706671833992,4.922,-2.463,0.037,112.867,0.95453
3162,189743.97,1,0.28241270780563354,0.26224565505981445,0.23031,0.012006999924778938,4.837,-2.476,0.071,112.235,0.95853
3163,189807.7,1,0.27972912788391113,0.25996702909469604,0.23066,0.01159780565649271,4.766,-2.442,0.088,112.339,0.95859
3164,189871.77,1,0.27718284726142883,0.2570423483848572,0.2321,0.011578585021197796,4.604,-2.469,0.083,112.33,0.95868
3165,189920.03,1,0.27501440048217773,0.25493502616882324,0.23233,0.011249116621911526,4.578,-2.477,0.086,112.235,0.95901
3166,189983.87,1,0.2658630311489105,0.25123441219329834,0.23343,0.011023449711501598,4.628,-2.474,0.049,112.368,0.95846
3167,190047.77,1,0.26301828026771545,0.24912697076797485,0.23449,0.010840403847396374,4.609,-2.498,0.055,112.356,0.95865
3168,190111.73,1,0.26273420453071594,0.24897845089435577,0.2344,0.010699339210987091,4.627,-2.509,0.041,112.264,0.95895
3169,190160.1,1,0.2611849904060364,0.24879136681556702,0.23373,0.010731244459748268,4.638,-2.504,0.024,112.347,0.95962
3170,190223.97,1,0.26141491532325745,0.2540452182292938,0.23291,0.01127952616661787,4.55,-2.533,0.03,112.337,0.95814
3171,190288.0,1,0.2600509226322174,0.2519577145576477,0.23359,0.01136081013828516,4.506,-2.531,0.037,112.256,0.95913
3172,190351.67,1,0.261119544506073,0.2522149682044983,0.23312,0.011371525935828686,4.474,-2.565,0.031,112.355,0.95834
3173,190399.7,1,0.2712984085083008,0.2592839002609253,0.23063,0.011514854617416859,4.504,-2.517,0.069,112.358,0.95847
3174,190463.73,1,0.2865040600299835,0.2617601454257965,0.22504,0.012003243900835514,4.458,-2.454,0.14,112.263,0.95801
3175,190527.77,1,0.28486740589141846,0.261417031288147,0.22515,0.01182311587035656,4.5,-2.405,0.159,112.352,0.95754
3176,190591.63,1,0.2826474606990814,0.26037847995758057,0.22505,0.011918030679225922,4.531,-2.381,0.159,112.356,0.95757
3177,190639.63,1,0.2834621071815491,0.2581751346588135,0.2256,0.011768749915063381,4.543,-2.376,0.158,112.262,0.95677
3178,190703.67,1,0.2836693525314331,0.2585166394710541,0.22615,0.01161286886781454,4.512,-2.395,0.164,112.527,0.95671
3179,190767.97,1,0.2954566776752472,0.258343905210495,0.22615,0.012189504690468311,4.353,-2.511,0.182,112.318,0.95786
3180,190831.63,1,0.29881972074508667,0.2623752951622009,0.22504,0.012054041028022766,4.343,-2.473,0.158,112.262,0.95764
3181,190879.97,1,0.29787763953208923,0.26265984773635864,0.22477,0.011942904442548752,4.336,-2.452,0.159,112.341,0.95874
3182,190943.87,1,0.29124897718429565,0.26086097955703735,0.22643,0.011806904338300228,4.288,-2.449,0.178,112.349,0.95806
3183,191008.03,1,0.29002267122268677,0.26146000623703003,0.22715,0.011598085053265095,4.243,-2.464,0.198,112.326,0.95882
3184,191071.67,1,0.28992101550102234,0.26246798038482666,0.22674,0.011419462971389294,4.297,-2.444,0.196,112.383,0.95789
3185,191119.97,1,0.28674811124801636,0.26019611954689026,0.22794,0.01121052261441946,4.336,-2.437,0.166,112.403,0.95754
3186,191183.93,1,0.28464213013648987,0.2583067715167999,0.2289,0.010857953689992428,4.393,-2.422,0.141,112.356,0.95724
3187,191248.27,1,0.28069552779197693,0.25663405656814575,0.23031,0.010852865874767303,4.393,-2.43,0.135,112.381,0.95816
3188,191311.77,1,0.27904587984085083,0.2558561861515045,0.23056,0.010761360637843609,4.408,-2.411,0.143,112.387,0.95723
3189,191359.8,1,0.27801406383514404,0.25474420189857483,0.23093,0.010615387000143528,4.39,-2.412,0.147,112.414,0.95805
3190,191423.7,1,0.2761777341365814,0.2543216347694397,0.2315,0.010554523207247257,4.347,-2.453,0.159,112.486,0.95709
3191,191487.87,1,0.2749989628791809,0.26042309403419495,0.23264,0.01089137140661478,4.376,-2.476,0.074,112.466,0.95743
3192,191551.6,1,0.2693292200565338,0.2618854343891144,0.23242,0.011510850861668587,4.344,-2.545,0.059,112.413,0.95705
3193,191599.63,1,0.2682165503501892,0.26153621077537537,0.23214,0.011573565192520618,4.32,-2.55,0.042,112.5,0.95717
3194,191663.7,1,0.26607176661491394,0.26192978024482727,0.2322,0.011692414060235023,4.303,-2.559,0.03,112.473,0.9581
3195,191727.63,1,0.27066129446029663,0.2664344310760498,0.23192,0.011565168388187885,4.315,-2.562,0.013,112.392,0.95821
3196,191792.0,1,0.2688859701156616,0.2663058936595917,0.23199,0.011758094653487206,4.361,-2.524,-0.013,112.446,0.95852
3197,191840.07,1,0.2667725086212158,0.2643880248069763,0.23272,0.011895596981048584,4.389,-2.537,-0.016,112.464,0.9586
3198,191903.9,1,0.2686527669429779,0.26262402534484863,0.23251,0.011838586069643497,4.378,-2.534,-0.008,112.377,0.95771
3199,191968.0,1,0.2659909725189209,0.26027655601501465,0.23292,0.011750158853828907,4.373,-2.539,-0.034,112.507,0.95744
3200,192031.73,1,0.2660476565361023,0.2606424391269684,0.2329,0.011656977236270905,4.396,-2.528,-0.044,112.482,0.95746
3201,192080.0,1,0.2687700390815735,0.260913610458374,0.23232,0.01168685033917427,4.346,-2.568,-0.046,112.381,0.95897
3202,192143.67,1,0.26722219586372375,0.2601836025714874,0.2324,0.011555982753634453,4.375,-2.553,-0.051,112.426,0.95849
3203,192207.97,1,0.26799237728118896,0.2595430612564087,0.23211,0.011761619709432125,4.416,-2.556,-0.06,112.419,0.95805
3204,192271.6,1,0.2678385376930237,0.26127663254737854,0.2324,0.011869948357343674,4.428,-2.583,-0.071,112.392,0.95764
3205,192320.1,1,0.2670780122280121,0.261256605386734,0.23278,0.011947501450777054,4.43,-2.59,-0.088,112.483,0.95824
3206,192384.1,1,0.26606881618499756,0.260564923286438,0.23303,0.012191709131002426,4.38,-2.584,-0.106,112.482,0.95867
3207,192448.37,1,0.2661041021347046,0.26063773036003113,0.2328,0.01228322833776474,4.383,-2.587,-0.096,112.426,0.95859
3208,192511.7,1,0.2622566223144531,0.2576029896736145,0.23311,0.012075627222657204,4.351,-2.601,-0.08,112.6,0.95705
3209,192560.13,1,0.26431918144226074,0.25981271266937256,0.23382,0.0125028807669878,4.359,-2.592,-0.058,112.468,0.95808
3210,192623.97,1,0.26670002937316895,0.2572881579399109,0.23362,0.012802843935787678,4.274,-2.613,-0.052,112.447,0.95737
3211,192687.73,1,0.26801708340644836,0.2550736963748932,0.23382,0.013106473721563816,4.289,-2.619,-0.073,112.535,0.95831
3212,192751.63,1,0.26769015192985535,0.25483107566833496,0.23363,0.012947313487529755,4.332,-2.605,-0.083,112.52,0.95843
3213,192799.63,1,0.266806960105896,0.2554447650909424,0.2341,0.0130391214042902,4.396,-2.636,-0.089,112.439,0.9577
3214,192863.83,1,0.26592981815338135,0.25552061200141907,0.23405,0.012894757091999054,4.396,-2.648,-0.092,112.526,0.95814
3215,192927.73,1,0.26446130871772766,0.25430047512054443,0.23459,0.013140148483216763,4.413,-2.625,-0.084,112.516,0.95873
3216,192992.03,1,0.26592764258384705,0.2536299526691437,0.23476,0.013230986893177032,4.427,-2.631,-0.061,112.417,0.95876
3217,193039.87,1,0.26690489053726196,0.2507863938808441,0.23513,0.013114339672029018,4.427,-2.63,-0.057,112.53,0.95851
3218,193103.97,1,0.27451595664024353,0.2575714886188507,0.23364,0.013022806495428085,4.46,-2.617,-0.039,112.547,0.95806
3219,193167.93,1,0.284698486328125,0.261193186044693,0.23074,0.013122431933879852,4.51,-2.589,0.008,112.456,0.95717
3220,193231.83,1,0.2856897711753845,0.2597377300262451,0.2299,0.012885430827736855,4.485,-2.568,0.06,112.575,0.95747
3221,193279.93,1,0.2808827757835388,0.2586868703365326,0.23053,0.012776751071214676,4.42,-2.533,0.076,112.599,0.95789
3222,193343.97,1,0.2858005166053772,0.2586073875427246,0.23079,0.012524458579719067,4.33,-2.543,0.094,112.479,0.96001
3223,193407.67,1,0.2884930372238159,0.2600909471511841,0.23062,0.012596153654158115,4.311,-2.53,0.101,112.582,0.95824
3224,193471.93,1,0.2876351773738861,0.2615762948989868,0.22997,0.012604162096977234,4.298,-2.509,0.12,112.609,0.95853
3225,193520.0,1,0.2858908176422119,0.26259976625442505,0.23162,0.012886874377727509,4.295,-2.528,0.134,112.516,0.95893
3226,193583.97,1,0.2866947650909424,0.26242417097091675,0.23127,0.012751700356602669,4.357,-2.491,0.14,112.59,0.95835
3227,193648.3,1,0.28759780526161194,0.26100242137908936,0.23117,0.012754485942423344,4.367,-2.492,0.165,112.596,0.95786
3228,193711.83,1,0.2881300747394562,0.26075538992881775,0.23134,0.012782268226146698,4.373,-2.492,0.157,112.503,0.95727
3229,193759.73,1,0.29271942377090454,0.26288899779319763,0.22986,0.01304356474429369,4.398,-2.501,0.144,112.591,0.95735
3230,193823.93,1,0.29092854261398315,0.26208433508872986,0.23037,0.013219115324318409,4.396,-2.495,0.144,112.603,0.95784
3231,193887.67,1,0.29313433170318604,0.26645785570144653,0.2297,0.013708231970667839,4.395,-2.487,0.126,112.512,0.95756
3232,193951.63,1,0.2935127019882202,0.2668505012989044,0.22927,0.01373231876641512,4.382,-2.497,0.116,112.491,0.95861
3233,193999.73,1,0.2938603162765503,0.26686060428619385,0.22929,0.013854745775461197,4.377,-2.492,0.123,112.29,0.96059
3234,194063.93,1,0.29398277401924133,0.2685297727584839,0.22928,0.0139289116486907,4.401,-2.475,0.109,112.165,0.96171
3235,194127.93,1,0.2905123829841614,0.2686667740345001,0.22928,0.0133995171636343,4.362,-2.449,0.071,112.241,0.96166
3236,194191.7,1,0.29201415181159973,0.2696599066257477,0.22912,0.013654189184308052,4.319,-2.476,0.062,112.265,0.96144
3237,194240.13,1,0.29215580224990845,0.2707386612892151,0.22931,0.013599664904177189,4.269,-2.483,0.049,112.17,0.96152
3238,194303.93,1,0.2885572612285614,0.27045074105262756,0.22946,0.013380014337599277,4.269,-2.494,0.044,112.385,0.96188
3239,194368.03,1,0.2929876744747162,0.2718912959098816,0.22754,0.013293844647705555,4.286,-2.548,0.063,112.188,0.96274
3240,194431.7,1,0.28962674736976624,0.2703758180141449,0.22832,0.013371916487812996,4.15,-2.623,0.084,112.21,0.9622
3241,194479.7,1,0.28529584407806396,0.2696259319782257,0.22927,0.01339123584330082,4.091,-2.599,0.077,112.308,0.96175
3242,194544.03,1,0.283176451921463,0.2689211666584015,0.22979,0.013347070664167404,4.037,-2.592,0.086,112.292,0.96196
3243,194607.67,1,0.2816620171070099,0.26844289898872375,0.23019,0.013788800686597824,4.036,-2.601,0.097,112.23,0.96122
3244,194671.67,1,0.2805478274822235,0.2664022743701935,0.23074,0.014031726866960526,4.01,-2.595,0.079,112.322,0.96101
3245,194720.07,1,0.2813592553138733,0.27094903588294983,0.22955,0.014004257507622242,4.026,-2.616,0.083,112.308,0.96275
3246,194784.0,1,0.2828107476234436,0.270950585603714,0.22983,0.013966106809675694,4.078,-2.634,0.071,112.148,0.96272
3247,194848.17,1,0.28458350896835327,0.2712647020816803,0.22923,0.013833991251885891,4.116,-2.618,0.052,112.299,0.96191
3248,194911.7,1,0.2844938635826111,0.27119970321655273,0.22909,0.014085820876061916,4.136,-2.615,0.029,112.332,0.96141
3249,194959.73,1,0.28694599866867065,0.27173104882240295,0.22899,0.014426575973629951,4.136,-2.61,0.006,112.25,0.96003
3250,195023.73,1,0.2882409691810608,0.2730919122695923,0.22881,0.014010172337293625,4.122,-2.595,-0.027,112.317,0.96096
3251,195088.1,1,0.28740155696868896,0.271689236164093,0.22895,0.013669225387275219,4.14,-2.593,-0.035,112.32,0.9607
3252,195152.1,1,0.28900209069252014,0.271946519613266,0.2292,0.013386929407715797,4.274,-2.629,-0.042,112.221,0.96014
3253,195200.1,1,0.28902381658554077,0.2705245316028595,0.22901,0.013362979516386986,4.283,-2.629,-0.035,112.336,0.96131
3254,195264.1,1,0.28440237045288086,0.2689165771007538,0.22985,0.013057068921625614,4.243,-2.641,-0.032,112.333,0.96032
3255,195327.8,1,0.29767313599586487,0.28347378969192505,0.22367,0.013447373174130917,4.252,-2.682,-0.03,112.293,0.96053
3256,195391.8,1,0.3541284501552582,0.35145488381385803,0.19677,0.014087370596826077,4.067,-2.686,-0.013,112.378,0.96018
3257,195439.7,1,0.3533150255680084,0.3491361737251282,0.19636,0.014057650230824947,4.095,-2.686,-0.007,112.37,0.96088
3258,195503.87,1,0.35455092787742615,0.3477696478366852,0.19668,0.014101755805313587,4.125,-2.659,-0.029,112.252,0.96186
3259,195568.07,1,0.3525221347808838,0.3476301431655884,0.1968,0.01426310371607542,4.149,-2.67,-0.056,112.379,0.96024
3260,195632.13,1,0.3470078110694885,0.3449571430683136,0.19908,0.014178869314491749,4.173,-2.663,-0.06,112.328,0.96225
3261,195679.67,1,0.3476483225822449,0.34149807691574097,0.20007,0.014481623657047749,4.278,-2.643,-0.069,112.238,0.96238
3262,195744.03,1,0.34132248163223267,0.33831873536109924,0.20089,0.013711642473936081,4.321,-2.598,-0.053,112.357,0.96162
3263,195807.77,1,0.33561548590660095,0.3327285051345825,0.20447,0.013769232667982578,4.327,-2.608,-0.059,112.324,0.96229
3264,195871.77,1,0.3318086862564087,0.32712286710739136,0.20718,0.014366385526955128,4.325,-2.616,-0.043,112.199,0.96316
3265,195920.13,1,0.32659173011779785,0.31779804825782776,0.20984,0.01443901564925909,4.326,-2.623,-0.043,112.347,0.96293
3266,195984.07,1,0.3197711408138275,0.3151649534702301,0.21139,0.014273840002715588,4.308,-2.603,-0.037,112.369,0.96202
3267,196048.1,1,0.30914077162742615,0.3070298731327057,0.21575,0.014520669355988503,4.268,-2.61,0.011,112.265,0.9628
3268,196111.7,1,0.30389314889907837,0.3007040321826935,0.21759,0.01437942311167717,4.27,-2.61,0.003,112.536,0.96231
3269,196159.9,1,0.3055044710636139,0.3025689125061035,0.21848,0.014251128770411015,4.215,-2.637,-0.001,112.313,0.96221
3270,196223.73,1,0.3055715560913086,0.30396318435668945,0.21767,0.013813371770083904,4.233,-2.599,0.014,112.279,0.9631
3271,196287.73,1,0.3037756681442261,0.3031266927719116,0.21787,0.013609655201435089,4.237,-2.598,0.01,112.408,0.96225
3272,196351.7,1,0.30257317423820496,0.30144214630126953,0.21826,0.013683414086699486,4.209,-2.561,0.005,112.394,0.96207
3273,196400.07,1,0.3045143485069275,0.29924434423446655,0.21775,0.013782882131636143,4.195,-2.543,-0.013,112.343,0.96109
3274,196464.2,1,0.3028795123100281,0.2970293164253235,0.21779,0.01335039921104908,4.212,-2.524,-0.017,112.42,0.96213
3275,196527.73,1,0.302765816450119,0.28836286067962646,0.21998,0.01326545886695385,4.169,-2.541,-0.029,112.455,0.96055
3276,196591.87,1,0.3038802742958069,0.2883640229701996,0.21982,0.012917828746140003,4.18,-2.61,-0.036,112.393,0.96233
3277,196640.03,1,0.3032008707523346,0.2879399359226227,0.22012,0.013004935346543789,4.196,-2.613,-0.037,112.468,0.96166
3278,196704.1,1,0.30046576261520386,0.285634845495224,0.22182,0.012713009491562843,4.196,-2.692,-0.033,112.476,0.96241
3279,196767.77,1,0.3001161813735962,0.2821322977542877,0.22387,0.012778225354850292,4.21,-2.707,-0.034,112.375,0.96188
3280,196832.17,1,0.30004414916038513,0.2811800539493561,0.22368,0.012792423367500305,4.218,-2.714,-0.047,112.501,0.96092
3281,196880.27,1,0.29927828907966614,0.2820717394351959,0.22358,0.01275123842060566,4.217,-2.734,-0.054,112.506,0.96077
3282,196944.07,1,0.30328452587127686,0.2827233672142029,0.22298,0.013175329193472862,4.191,-2.752,-0.068,112.446,0.9605
3283,197008.1,1,0.29920801520347595,0.2817327380180359,0.22302,0.013408055528998375,4.234,-2.748,-0.09,112.563,0.96059
3284,197071.87,1,0.300441175699234,0.2798151969909668,0.22437,0.01361367478966713,4.183,-2.748,-0.048,112.549,0.9609
3285,197120.07,1,0.3007351756095886,0.27996060252189636,0.22437,0.013775759376585484,4.196,-2.751,-0.051,112.449,0.96141
3286,197183.93,1,0.29802849888801575,0.27940818667411804,0.22464,0.013863452710211277,4.232,-2.74,-0.048,112.583,0.96022
3287,197248.4,1,0.29408279061317444,0.27748820185661316,0.22567,0.013520962558686733,4.234,-2.73,-0.061,112.544,0.96099
3288,197311.77,1,0.28232160210609436,0.27676963806152344,0.22812,0.013885498046875,4.247,-2.746,-0.036,112.451,0.96113
3289,197360.1,1,0.27966347336769104,0.27205148339271545,0.22905,0.013813449069857597,4.212,-2.73,-0.043,112.563,0.96115
3290,197423.97,1,0.2778347134590149,0.27127647399902344,0.22954,0.01383924949914217,4.152,-2.734,-0.034,112.589,0.96047
3291,197487.83,1,0.2798605263233185,0.26949143409729004,0.22981,0.014019567519426346,4.106,-2.764,0.005,112.462,0.96143
3292,197551.7,1,0.28008750081062317,0.2695767879486084,0.22992,0.014022224582731724,4.111,-2.757,0.005,112.574,0.96111
3293,197599.97,1,0.278972327709198,0.2684074342250824,0.22976,0.013844977132976055,4.051,-2.726,0.022,112.582,0.96089
3294,197664.13,1,0.28098997473716736,0.26166221499443054,0.23171,0.013892843388020992,4.002,-2.738,-0.013,112.505,0.95917
3295,197727.83,1,0.27838239073753357,0.2609454393386841,0.23261,0.01349159236997366,4.015,-2.719,-0.023,112.617,0.96057
3296,197791.87,1,0.2814105749130249,0.25972846150398254,0.23219,0.01342212874442339,4.02,-2.731,-0.032,112.621,0.95994
3297,197839.83,1,0.2827813923358917,0.26223024725914,0.23292,0.013443399220705032,4.1,-2.69,-0.034,112.511,0.96108
3298,197904.27,1,0.27470722794532776,0.260699063539505,0.23334,0.013267112895846367,4.133,-2.652,-0.073,112.799,0.96119
3299,197968.2,1,0.2775467336177826,0.260168194770813,0.23361,0.013983520679175854,4.073,-2.647,-0.072,112.549,0.96168
3300,198031.73,1,0.27785104513168335,0.2614203691482544,0.23307,0.013631884939968586,4.13,-2.643,-0.077,112.523,0.9603
3301,198080.1,1,0.2759416103363037,0.2608943581581116,0.23344,0.013589326292276382,4.1,-2.596,-0.083,112.577,0.96129
3302,198144.03,1,0.27530765533447266,0.2598768472671509,0.23331,0.013346066698431969,4.082,-2.628,-0.071,112.585,0.96205
3303,198207.87,1,0.27706366777420044,0.2630131244659424,0.23291,0.013475114479660988,4.086,-2.637,-0.029,112.508,0.96095
3304,198271.83,1,0.27331921458244324,0.263144850730896,0.23325,0.013113480992615223,4.102,-2.618,-0.028,112.592,0.96177
3305,198319.77,1,0.2722707688808441,0.25810709595680237,0.23375,0.01351569127291441,4.058,-2.618,-0.005,112.586,0.9626
3306,198384.07,1,0.27241551876068115,0.25833824276924133,0.23339,0.013492943719029427,4.007,-2.634,0.036,112.478,0.96317
3307,198448.27,1,0.2704671025276184,0.2560141682624817,0.23406,0.013360767625272274,3.997,-2.633,0.021,112.605,0.96254
3308,198512.1,1,0.2698928415775299,0.25467944145202637,0.23436,0.013247544877231121,4.004,-2.631,0.023,112.634,0.96127
3309,198559.97,1,0.27224624156951904,0.2561109960079193,0.23436,0.013599115423858166,4.015,-2.642,0.013,112.583,0.96175
3310,198624.07,1,0.2711009085178375,0.2566055953502655,0.23395,0.013523953035473824,4.058,-2.657,0.01,112.676,0.96031
3311,198687.77,1,0.270443856716156,0.2554674744606018,0.23389,0.013434852473437786,4.046,-2.643,0.026,112.693,0.96062
3312,198752.13,1,0.2733203172683716,0.2526228725910187,0.23382,0.013403969816863537,4.025,-2.634,-0.002,112.621,0.95964
3313,198799.73,1,0.27152004837989807,0.2530079185962677,0.23439,0.013276505284011364,4.042,-2.631,-0.018,112.707,0.96009
3314,198863.9,1,0.2727770209312439,0.254814088344574,0.23466,0.013432550244033337,4.033,-2.669,-0.023,112.686,0.96066
3315,198927.67,1,0.27782660722732544,0.2586917281150818,0.23369,0.013889526017010212,4.058,-2.715,-0.014,112.597,0.96019
3316,198991.83,1,0.27996721863746643,0.26080018281936646,0.23243,0.013950501568615437,4.06,-2.708,-0.017,112.667,0.96056
3317,199039.77,1,0.2803778052330017,0.26110735535621643,0.23229,0.013818308711051941,4.058,-2.706,-0.02,112.656,0.96082
3318,199103.97,1,0.28372734785079956,0.26208484172821045,0.23177,0.01370972115546465,4.061,-2.686,-0.022,112.576,0.96018
3319,199168.27,1,0.2814336121082306,0.26114559173583984,0.23173,0.013357957825064659,4.069,-2.669,-0.027,112.665,0.96115
3320,199231.67,1,0.2809688448905945,0.26032334566116333,0.23235,0.013482768088579178,4.02,-2.687,-0.01,112.683,0.96065
3321,199280.07,1,0.283531129360199,0.26206669211387634,0.23218,0.013513574376702309,4.064,-2.701,-0.015,112.593,0.96041
3322,199343.73,1,0.28386595845222473,0.2597534656524658,0.23273,0.013502722606062889,4.1,-2.683,-0.028,112.694,0.95997
3323,199407.7,1,0.283480703830719,0.26020511984825134,0.23226,0.013432519510388374,4.076,-2.67,-0.029,112.688,0.96128
3324,199471.77,1,0.2855268120765686,0.26155951619148254,0.23157,0.013415726833045483,4.101,-2.67,-0.034,112.616,0.96001
3325,199519.7,1,0.2824791967868805,0.2599094808101654,0.23234,0.013239768333733082,4.104,-2.668,-0.033,112.713,0.95989
3326,199584.0,1,0.2788199186325073,0.2586255967617035,0.23325,0.013276511803269386,4.084,-2.652,-0.028,112.698,0.96077
3327,199648.07,1,0.28120335936546326,0.25707438588142395,0.23422,0.013581529259681702,4.076,-2.658,-0.018,112.606,0.96066
3328,199711.67,1,0.27980902791023254,0.2569889426231384,0.23438,0.013511058874428272,4.101,-2.654,-0.014,112.862,0.95876
3329,199759.7,1,0.27932924032211304,0.25393182039260864,0.23485,0.013334455899894238,4.146,-2.661,-0.015,112.611,0.9593
3330,199823.93,1,0.27928659319877625,0.25358396768569946,0.23527,0.013703674077987671,4.069,-2.677,-0.01,112.567,0.9616
3331,199887.87,1,0.27654266357421875,0.2523370683193207,0.23571,0.01359403133392334,4.046,-2.637,-0.025,112.676,0.96044
3332,199951.67,1,0.2771359384059906,0.25417202711105347,0.23507,0.013460434041917324,4.022,-2.66,0.0,112.691,0.96091
3333,200000.0,1,0.27923470735549927,0.25530561804771423,0.23527,0.013799342326819897,4.014,-2.69,0.009,112.66,0.95925
3334,200064.1,1,0.27983933687210083,0.25702571868896484,0.23438,0.01378791406750679,4.024,-2.709,0.0,112.765,0.95959
3335,200127.97,1,0.2788497805595398,0.2575833797454834,0.23415,0.013656423427164555,4.035,-2.718,0.009,112.758,0.95995
3336,200191.57,1,0.2763765752315521,0.25694432854652405,0.23574,0.013709604740142822,4.038,-2.711,0.005,112.668,0.96013
3337,200239.8,1,0.273393452167511,0.2569906711578369,0.23607,0.013416126370429993,4.049,-2.708,0.011,112.772,0.96013
3338,200303.7,1,0.2709326148033142,0.25549450516700745,0.23663,0.013412308879196644,4.016,-2.713,0.015,112.796,0.95994
3339,200368.1,1,0.27230122685432434,0.2561262547969818,0.23679,0.013509050011634827,3.977,-2.72,0.029,112.713,0.95926
3340,200431.7,1,0.27268490195274353,0.2566312551498413,0.23625,0.013588366098701954,3.991,-2.742,0.022,112.829,0.95927
3341,200479.9,1,0.2727799117565155,0.25699618458747864,0.23599,0.013795890845358372,4.006,-2.735,0.013,112.794,0.95954
3342,200543.87,1,0.2691769599914551,0.25987011194229126,0.23772,0.014113242737948895,4.019,-2.736,0.011,112.709,0.96066
3343,200607.9,1,0.26645392179489136,0.26153042912483215,0.23707,0.013869424350559711,4.065,-2.697,-0.023,112.837,0.95971
3344,200671.83,1,0.2605969309806824,0.2599273920059204,0.2387,0.014056752435863018,4.039,-2.687,-0.02,112.807,0.96017
3345,200719.9,1,0.2635962963104248,0.2624412775039673,0.23919,0.014273223467171192,4.022,-2.69,-0.036,112.71,0.96033
3346,200783.7,1,0.26566505432128906,0.2631746530532837,0.23844,0.014106059446930885,4.057,-2.683,-0.047,112.807,0.96078
3347,200847.67,1,0.26641517877578735,0.2641417980194092,0.23751,0.013854719698429108,4.159,-2.651,-0.061,112.815,0.95956
3348,200911.63,1,0.268284410238266,0.2620563209056854,0.23821,0.014203832484781742,4.143,-2.613,-0.079,112.711,0.96082
3349,200959.7,1,0.2693426012992859,0.2606586217880249,0.23727,0.013881762512028217,4.142,-2.582,-0.092,112.815,0.95954
3350,201024.0,1,0.26883357763290405,0.2592318058013916,0.23722,0.01373816467821598,4.115,-2.598,-0.086,112.801,0.96115
3351,201087.93,1,0.2724262773990631,0.25891223549842834,0.23712,0.013652801513671875,4.09,-2.614,-0.072,112.724,0.95989
3352,201151.77,1,0.276997447013855,0.2604370713233948,0.23585,0.013533671386539936,4.08,-2.611,-0.072,112.815,0.96069
3353,201199.8,1,0.27543875575065613,0.25926098227500916,0.2358,0.013381639495491982,4.069,-2.607,-0.061,112.824,0.96007
3354,201263.87,1,0.27831146121025085,0.25943246483802795,0.2354,0.013281640596687794,4.057,-2.607,-0.045,112.733,0.96022
3355,201327.73,1,0.2777177393436432,0.25667664408683777,0.23549,0.013491636142134666,4.023,-2.639,-0.044,112.849,0.96059
3356,201391.77,1,0.28063347935676575,0.26098138093948364,0.23419,0.013460736721754074,3.997,-2.654,-0.018,112.831,0.96012
3357,201440.0,1,0.2822982668876648,0.2626782953739166,0.23345,0.013494758866727352,4.035,-2.688,-0.03,112.713,0.96067
3358,201503.93,1,0.2781772315502167,0.2634846270084381,0.23397,0.013210608623921871,4.065,-2.688,-0.047,112.961,0.95994
3359,201567.97,1,0.27620917558670044,0.2614700198173523,0.23543,0.013464957475662231,4.058,-2.683,-0.026,112.741,0.96155
3360,201631.93,1,0.27805590629577637,0.26415765285491943,0.23321,0.013487111777067184,4.065,-2.66,-0.059,112.723,0.9604
3361,201680.07,1,0.27481842041015625,0.2643769383430481,0.23369,0.013559420593082905,4.074,-2.634,-0.043,112.818,0.95995
3362,201744.07,1,0.2755131125450134,0.26289331912994385,0.23431,0.013326401822268963,3.973,-2.631,-0.009,112.801,0.9614
3363,201807.9,1,0.27879759669303894,0.2628076374530792,0.23407,0.013470365665853024,3.937,-2.638,0.006,112.716,0.96065
3364,201871.8,1,0.2806146740913391,0.26361387968063354,0.23372,0.013358171097934246,3.948,-2.652,0.01,112.832,0.9604
3365,201920.07,1,0.2815280854701996,0.2644517123699188,0.2334,0.013402682729065418,3.937,-2.649,0.021,112.837,0.96069
3366,201984.1,1,0.28161153197288513,0.2637985050678253,0.23383,0.013322013430297375,4.004,-2.642,0.026,112.753,0.9611
3367,202048.13,1,0.27758967876434326,0.26307639479637146,0.23371,0.013491915538907051,3.987,-2.64,-0.001,112.83,0.96033
3368,202112.0,1,0.27653875946998596,0.2595668435096741,0.23453,0.013432406820356846,3.967,-2.656,0.01,112.855,0.95995
3369,202160.2,1,0.27632462978363037,0.25727924704551697,0.23698,0.013630756177008152,3.948,-2.653,0.003,112.774,0.96071
3370,202223.97,1,0.2751530706882477,0.2573734223842621,0.23649,0.013549920171499252,3.946,-2.647,0.016,112.899,0.95983
3371,202287.77,1,0.2737666666507721,0.256384015083313,0.23711,0.013704351149499416,3.925,-2.647,0.042,112.863,0.96005
3372,202351.73,1,0.2723998725414276,0.25424787402153015,0.23775,0.013952541165053844,3.925,-2.641,0.068,112.776,0.95868
3373,202399.7,1,0.2708207070827484,0.2543157637119293,0.23738,0.013646742329001427,3.944,-2.643,0.059,112.866,0.9594
3374,202463.73,1,0.2741906940937042,0.2562802731990814,0.23632,0.013685093261301517,3.908,-2.671,0.049,112.853,0.96072
3375,202528.07,1,0.27677422761917114,0.257530152797699,0.23581,0.013477884232997894,3.953,-2.686,0.04,112.763,0.95951
3376,202591.7,1,0.2780201733112335,0.2616387605667114,0.23397,0.013251236639916897,3.956,-2.687,0.036,112.862,0.96004
3377,202639.83,1,0.27742302417755127,0.26202189922332764,0.23446,0.013020403683185577,3.971,-2.705,0.019,112.873,0.95948
3378,202703.63,1,0.27838408946990967,0.26286864280700684,0.23429,0.012985028326511383,4.023,-2.698,0.015,112.774,0.95928
3379,202767.77,1,0.2777544856071472,0.2621873617172241,0.23454,0.012881137430667877,4.015,-2.709,0.015,112.888,0.95979
3380,202831.67,1,0.2776474952697754,0.2613128125667572,0.2346,0.013052504509687424,3.975,-2.731,0.012,112.896,0.95983
3381,202879.8,1,0.2777068614959717,0.26057687401771545,0.23476,0.013037603348493576,3.965,-2.732,0.027,112.835,0.96155
3382,202943.77,1,0.2765677571296692,0.2596333920955658,0.23472,0.013124730437994003,4.007,-2.713,0.027,112.898,0.9598
3383,203007.77,1,0.27442726492881775,0.2590821087360382,0.23487,0.013132117688655853,3.982,-2.702,0.031,112.932,0.95982
3384,203072.03,1,0.276149183511734,0.25944384932518005,0.23556,0.013022806495428085,3.995,-2.704,0.022,112.812,0.95996
3385,203119.9,1,0.27499493956565857,0.25973135232925415,0.23498,0.013025711290538311,4.002,-2.695,0.013,112.927,0.9593
3386,203183.7,1,0.2710566222667694,0.25766751170158386,0.23555,0.012971499003469944,4.038,-2.677,0.018,112.944,0.95952
3387,203247.73,1,0.2718716859817505,0.25705912709236145,0.23666,0.013455545529723167,4.093,-2.658,0.022,112.88,0.95868
3388,203311.63,1,0.26856914162635803,0.25706747174263,0.23659,0.013219119980931282,4.107,-2.659,0.008,113.084,0.95996
3389,203360.1,1,0.2689882516860962,0.2572738230228424,0.23641,0.013204654678702354,4.155,-2.654,0.012,112.867,0.9602
3390,203423.97,1,0.2707188129425049,0.2585645020008087,0.23577,0.013146011158823967,4.15,-2.66,0.01,112.842,0.96069
3391,203487.77,1,0.26961463689804077,0.25742149353027344,0.23611,0.013129152357578278,4.168,-2.671,0.018,112.939,0.96003
3392,203552.13,1,0.2647087574005127,0.254292756319046,0.23707,0.01290498673915863,4.121,-2.661,0.021,112.954,0.96033
3393,203599.7,1,0.2661340534687042,0.2529350817203522,0.23749,0.01301878783851862,4.145,-2.683,0.029,112.859,0.96065
3394,203664.07,1,0.26497384905815125,0.25329285860061646,0.23744,0.012736287899315357,4.107,-2.638,0.036,112.969,0.96015
3395,203727.9,1,0.2656869888305664,0.25058257579803467,0.23769,0.012821769341826439,4.082,-2.65,0.037,112.98,0.95967
3396,203791.6,1,0.2659262418746948,0.25244390964508057,0.2378,0.012913603335618973,4.11,-2.647,0.044,112.894,0.9594
3397,203839.73,1,0.26250994205474854,0.2506590187549591,0.23876,0.013219873420894146,4.063,-2.626,0.05,112.992,0.95965
3398,203903.87,1,0.26023241877555847,0.24945226311683655,0.2401,0.013202764093875885,4.021,-2.635,0.05,113.011,0.95865
3399,203967.77,1,0.2633618712425232,0.2495342493057251,0.24049,0.0138520747423172,3.987,-2.66,0.067,112.884,0.96001
3400,204032.1,1,0.26124730706214905,0.2477886974811554,0.2403,0.013931007124483585,3.995,-2.654,0.057,113.013,0.95937
3401,204080.0,1,0.2604110836982727,0.24571013450622559,0.24067,0.014023938216269016,3.911,-2.629,0.053,113.017,0.95975
3402,204144.0,1,0.26291990280151367,0.24676696956157684,0.24082,0.013786830008029938,3.977,-2.6,0.045,112.941,0.96052
3403,204207.67,1,0.2640475034713745,0.24814659357070923,0.24011,0.013775515370070934,3.986,-2.583,0.01,113.001,0.96117
3404,204271.73,1,0.26454874873161316,0.2508075535297394,0.23892,0.013960751704871655,3.98,-2.593,-0.004,113.003,0.96192
3405,204320.1,1,0.2651683986186981,0.2541206181049347,0.23716,0.013898823410272598,4.103,-2.59,-0.037,112.918,0.96018
3406,204384.03,1,0.2665630280971527,0.2563905715942383,0.23579,0.014099814929068089,4.186,-2.602,-0.052,113.013,0.96048
3407,204447.67,1,0.2653789520263672,0.25533321499824524,0.23576,0.013960205018520355,4.179,-2.641,-0.062,113.02,0.96006
3408,204511.83,1,0.2638183534145355,0.25534120202064514,0.23597,0.014398817904293537,4.193,-2.652,-0.087,112.891,0.96102
3409,204560.07,1,0.26215797662734985,0.2539519667625427,0.23664,0.014218236319720745,4.211,-2.659,-0.09,112.999,0.96017
3410,204623.97,1,0.26068106293678284,0.25343453884124756,0.23689,0.014225187711417675,4.211,-2.665,-0.11,113.016,0.96059
3411,204687.6,1,0.26037949323654175,0.2506827116012573,0.23839,0.014379598200321198,4.181,-2.686,-0.091,112.959,0.9585
3412,204751.67,1,0.25907421112060547,0.25028666853904724,0.23888,0.014555489644408226,4.162,-2.714,-0.103,113.072,0.9596
3413,204799.7,1,0.290928453207016,0.27404162287712097,0.22544,0.015324966050684452,4.178,-2.692,-0.077,113.082,0.95869
3414,204864.03,1,0.5811460018157959,0.5318495035171509,0.09555,0.018653828650712967,4.014,-2.665,-0.077,113.016,0.95994
3415,204927.77,1,0.5364335775375366,0.49847304821014404,0.10397,0.017447320744395256,4.114,-2.598,0.033,113.088,0.95963
3416,204991.6,1,0.5127502679824829,0.47761133313179016,0.1125,0.01705472357571125,4.123,-2.577,0.054,113.1,0.96
3417,205039.9,1,0.507659912109375,0.4593840539455414,0.11832,0.016808051615953445,4.119,-2.601,0.039,112.997,0.95823
3418,205103.63,1,0.47468751668930054,0.4315263330936432,0.13107,0.01642485149204731,4.132,-2.615,0.02,113.21,0.96001
3419,205167.73,1,0.4267703592777252,0.4010807275772095,0.15115,0.016939891502261162,4.136,-2.609,-0.015,112.97,0.95915
3420,205231.57,1,0.37125784158706665,0.37006476521492004,0.17147,0.015627996996045113,4.067,-2.577,-0.032,112.988,0.95932
3421,205279.9,1,0.3477481007575989,0.3575076460838318,0.18003,0.015308926813304424,3.997,-2.55,-0.011,113.081,0.95973
3422,205343.83,1,0.3374304175376892,0.3447651267051697,0.18793,0.015139571391046047,3.975,-2.556,-0.025,113.068,0.9595
3423,205407.8,1,0.33586397767066956,0.3425964415073395,0.19075,0.015351584181189537,3.985,-2.533,-0.054,112.96,0.96014
3424,205471.67,1,0.33550724387168884,0.3339458405971527,0.19379,0.015330665744841099,4.005,-2.512,-0.082,113.068,0.95989
3425,205519.7,1,0.33428069949150085,0.3300824761390686,0.1964,0.015055154450237751,3.99,-2.529,-0.096,113.088,0.95967
3426,205583.93,1,0.33844754099845886,0.3296704590320587,0.19811,0.015380130149424076,4.024,-2.561,-0.099,112.987,0.95895
3427,205647.7,1,0.3316496014595032,0.3278205394744873,0.20106,0.015283258631825447,4.011,-2.574,-0.086,113.084,0.95959
3428,205711.6,1,0.32909369468688965,0.322283536195755,0.2027,0.015342201106250286,3.998,-2.56,-0.091,113.093,0.96017
3429,205759.7,1,0.3264121115207672,0.3155645728111267,0.2046,0.015416719019412994,3.952,-2.608,-0.076,113.017,0.95918
3430,205824.0,1,0.3216308057308197,0.31377020478248596,0.20603,0.015195155516266823,3.957,-2.621,-0.063,113.099,0.96017
3431,205888.03,1,0.3177526295185089,0.3115379214286804,0.2076,0.015245471149682999,3.941,-2.641,-0.071,113.11,0.96055
3432,205951.87,1,0.3172062039375305,0.308789998292923,0.2078,0.015478426590561867,3.9,-2.655,-0.074,113.01,0.96038
3433,205999.87,1,0.3137803375720978,0.306883305311203,0.20888,0.015287707559764385,3.884,-2.69,-0.086,113.099,0.96022
3434,206063.93,1,0.31182894110679626,0.30425819754600525,0.20949,0.015258083119988441,3.909,-2.695,-0.077,113.085,0.96096
3435,206128.0,1,0.31217166781425476,0.30322498083114624,0.21123,0.015147734433412552,3.951,-2.742,-0.073,112.957,0.96194
3436,206191.77,1,0.3075202405452728,0.3005659580230713,0.21195,0.014962714165449142,3.981,-2.737,-0.093,113.065,0.96071
3437,206239.87,1,0.30671268701553345,0.299116313457489,0.21299,0.014987833797931671,3.975,-2.764,-0.097,113.058,0.96061
3438,206303.93,1,0.30681613087654114,0.2975330650806427,0.21418,0.015050063841044903,3.929,-2.815,-0.096,112.984,0.96031
3439,206367.8,1,0.3062448799610138,0.29626497626304626,0.21475,0.015036513097584248,3.967,-2.815,-0.101,113.107,0.95977
3440,206431.6,1,0.3057321608066559,0.29457026720046997,0.21505,0.014845793135464191,3.92,-2.83,-0.109,113.104,0.9594
3441,206479.73,1,0.3081691265106201,0.2956641912460327,0.2149,0.014827504754066467,3.961,-2.811,-0.102,112.99,0.9597
3442,206543.63,1,0.3097822666168213,0.2950415015220642,0.2153,0.015133215114474297,3.971,-2.826,-0.087,113.093,0.95994
3443,206607.77,1,0.30518868565559387,0.29232126474380493,0.21626,0.01493003498762846,3.985,-2.805,-0.111,113.133,0.95997
3444,206671.87,1,0.3074406385421753,0.29123395681381226,0.21705,0.015466317534446716,3.958,-2.811,-0.109,113.054,0.95937
3445,206720.13,1,0.3052094876766205,0.28756585717201233,0.21778,0.015101246535778046,3.961,-2.793,-0.123,113.117,0.96063
3446,206783.63,1,0.3025863468647003,0.2865164577960968,0.21822,0.015082300640642643,3.973,-2.778,-0.114,113.131,0.95998
3447,206847.9,1,0.30379244685173035,0.28399211168289185,0.21914,0.015503523871302605,3.956,-2.77,-0.101,113.062,0.96077
3448,206911.63,1,0.296527236700058,0.2839939296245575,0.21967,0.01558541040867567,4.046,-2.782,-0.093,113.297,0.95943
3449,206959.63,1,0.2981020510196686,0.28548187017440796,0.21987,0.015667501837015152,3.964,-2.836,-0.082,113.044,0.96118
3450,207023.9,1,0.2986425757408142,0.2840753495693207,0.2207,0.015278536826372147,3.919,-2.799,-0.105,113.063,0.95931
3451,207088.0,1,0.29593661427497864,0.28408145904541016,0.22048,0.014807664789259434,3.902,-2.799,-0.105,113.173,0.95945
3452,207151.6,1,0.2955630421638489,0.2840086817741394,0.22034,0.014700151048600674,3.946,-2.77,-0.105,113.104,0.96089
3453,207199.77,1,0.2952407896518707,0.27765530347824097,0.22193,0.014658915810286999,3.937,-2.78,-0.109,113.064,0.95993
3454,207263.63,1,0.29281508922576904,0.2791295051574707,0.22149,0.014423343352973461,3.953,-2.785,-0.111,113.155,0.96008
3455,207327.93,1,0.2973646819591522,0.28251734375953674,0.22036,0.01450375746935606,3.944,-2.781,-0.104,113.152,0.95968
3456,207391.57,1,0.30044418573379517,0.2833927571773529,0.2189,0.014495867304503918,3.951,-2.752,-0.114,113.04,0.96133
3457,207439.67,1,0.29876959323883057,0.2874734103679657,0.21723,0.014379079453647137,3.954,-2.73,-0.118,113.12,0.96109
3458,207503.9,1,0.2948934733867645,0.28937026858329773,0.21703,0.014163295738399029,3.942,-2.733,-0.089,113.169,0.96065
3459,207567.77,1,0.2983885109424591,0.29004767537117004,0.21704,0.014735992066562176,3.928,-2.727,-0.067,113.1,0.95994
3460,207631.97,1,0.3036077320575714,0.29413557052612305,0.21557,0.014991340227425098,3.907,-2.728,-0.054,113.199,0.95958
3461,207679.67,1,0.30546748638153076,0.2975907623767853,0.21499,0.015013359487056732,3.907,-2.727,-0.035,113.201,0.95952
3462,207743.77,1,0.30631202459335327,0.30063799023628235,0.21389,0.014996192418038845,3.97,-2.695,-0.012,113.069,0.96005
3463,207807.63,1,0.30555614829063416,0.2998550832271576,0.21405,0.014972633682191372,3.956,-2.689,-0.008,113.176,0.95931
3464,207871.63,1,0.2993296980857849,0.2920212745666504,0.21668,0.015184762887656689,3.945,-2.685,-0.001,113.167,0.96002
3465,207919.63,1,0.3013445734977722,0.2901664674282074,0.21841,0.015012133866548538,3.963,-2.679,-0.02,113.072,0.95882
3466,207983.6,1,0.3005533218383789,0.2880680561065674,0.21892,0.01512497290968895,3.938,-2.687,-0.049,113.153,0.96056
3467,208047.67,1,0.3002261817455292,0.28926706314086914,0.21801,0.01493633259087801,3.951,-2.687,-0.058,113.17,0.96005
3468,208111.6,1,0.3004520535469055,0.28898540139198303,0.21875,0.014902612194418907,3.964,-2.708,-0.086,113.074,0.96015
3469,208159.9,1,0.2998579144477844,0.28890618681907654,0.21874,0.014798672869801521,3.918,-2.73,-0.085,113.161,0.96018
3470,208223.77,1,0.2976222038269043,0.2871134281158447,0.21934,0.014741932973265648,3.921,-2.737,-0.099,113.169,0.96088
3471,208287.67,1,0.2969074249267578,0.2865280210971832,0.21947,0.014447513967752457,3.972,-2.71,-0.092,113.067,0.9597
3472,208351.6,1,0.29735010862350464,0.2869243919849396,0.21891,0.014405328780412674,3.984,-2.693,-0.081,113.161,0.96024
3473,208400.03,1,0.2969646751880646,0.28544262051582336,0.21898,0.014589954167604446,3.998,-2.697,-0.063,113.183,0.96031
3474,208463.97,1,0.29863178730010986,0.28610485792160034,0.21889,0.014461139217019081,3.996,-2.694,-0.059,113.108,0.95965
3475,208527.97,1,0.29643359780311584,0.2850490212440491,0.21907,0.014324924908578396,4.062,-2.652,-0.054,113.216,0.95977
3476,208591.57,1,0.29818522930145264,0.2847912609577179,0.21868,0.014377056621015072,4.066,-2.67,-0.06,113.168,0.96009
3477,208640.13,1,0.3021441102027893,0.2866201102733612,0.21821,0.014525255188345909,4.072,-2.683,-0.062,113.098,0.96018
3478,208703.63,1,0.30159318447113037,0.28895601630210876,0.21816,0.0145388999953866,4.142,-2.72,-0.062,113.322,0.9604
3479,208768.07,1,0.3027343451976776,0.29019275307655334,0.21795,0.014899146743118763,4.165,-2.715,-0.071,113.062,0.96086
3480,208831.6,1,0.3042043149471283,0.2906160056591034,0.21741,0.015062113292515278,4.055,-2.678,-0.054,113.082,0.96111
3481,208879.7,1,0.31214797496795654,0.2922739088535309,0.21485,0.014685132540762424,4.084,-2.644,0.037,113.123,0.96074
3482,208943.9,1,0.30568811297416687,0.28355497121810913,0.2181,0.01447466854006052,4.059,-2.627,0.103,113.115,0.96091
3483,209008.0,1,0.3019631505012512,0.2746133804321289,0.22174,0.014722513034939766,4.057,-2.614,0.123,113.092,0.96027
3484,209071.6,1,0.3023534417152405,0.2763383090496063,0.2202,0.014722458086907864,4.056,-2.594,0.119,113.143,0.96111
3485,209119.97,1,0.2982454299926758,0.2709938585758209,0.22214,0.014669154770672321,4.035,-2.573,0.122,113.162,0.96083
3486,209183.93,1,0.30892887711524963,0.27021118998527527,0.21879,0.014572057873010635,4.019,-2.54,0.11,113.127,0.96198
3487,209247.73,1,0.3009195327758789,0.2662345767021179,0.22195,0.014280490577220917,4.031,-2.535,0.126,113.216,0.96008
3488,209311.63,1,0.3002970814704895,0.2635243833065033,0.22242,0.013973819091916084,4.08,-2.487,0.138,113.245,0.95981
3489,209359.67,1,0.3024884760379791,0.2619459927082062,0.22289,0.013991674408316612,4.088,-2.485,0.143,113.129,0.96015
3490,209423.87,1,0.2982422411441803,0.2606818377971649,0.22521,0.013971664011478424,4.089,-2.481,0.15,113.18,0.96053
3491,209487.63,1,0.2952730655670166,0.25966978073120117,0.22631,0.01391507312655449,4.09,-2.47,0.154,113.191,0.96016
3492,209551.67,1,0.3002792298793793,0.27663883566856384,0.22079,0.01433298084884882,4.081,-2.504,0.13,113.146,0.96043
3493,209599.6,1,0.29247674345970154,0.2749324142932892,0.22192,0.014563823118805885,4.082,-2.569,0.085,113.195,0.96057
3494,209664.0,1,0.2847362458705902,0.273661732673645,0.22285,0.014521652832627296,4.096,-2.579,0.052,113.207,0.95942
3495,209727.57,1,0.28616225719451904,0.2742159962654114,0.22343,0.014887847937643528,4.046,-2.576,0.026,113.16,0.95991
3496,209791.57,1,0.2862204313278198,0.27246204018592834,0.22259,0.015141683630645275,4.017,-2.634,0.005,113.261,0.95995
3497,209839.53,1,0.2877407371997833,0.27905285358428955,0.22179,0.014961399137973785,3.978,-2.656,0.018,113.268,0.9594
3498,209903.57,1,0.2917579710483551,0.2801072597503662,0.22162,0.014713523909449577,3.973,-2.735,-0.007,113.161,0.96009
3499,209967.6,1,0.2888756990432739,0.28016045689582825,0.22207,0.01456421334296465,3.986,-2.75,-0.029,113.315,0.95826
3500,210031.5,1,0.28817474842071533,0.2807559370994568,0.2232,0.01437103096395731,3.93,-2.831,-0.042,113.322,0.95916
3501,210079.5,1,0.2899831533432007,0.28162193298339844,0.22334,0.014327929355204105,3.992,-2.858,-0.05,113.277,0.95722
3502,210143.53,1,0.28679022192955017,0.28250378370285034,0.22295,0.014321157708764076,4.072,-2.865,-0.074,113.342,0.95831
3503,210207.9,1,0.2825721204280853,0.27970653772354126,0.22346,0.014398562721908092,4.063,-2.859,-0.071,113.347,0.95782
3504,210271.63,1,0.28835609555244446,0.2811579704284668,0.22317,0.01483472902327776,4.054,-2.855,-0.073,113.244,0.95878
3505,210319.73,1,0.28887680172920227,0.2816435992717743,0.2231,0.0149301802739501,4.044,-2.86,-0.083,113.276,0.95857
3506,210383.8,1,0.2875167429447174,0.2821561098098755,0.22269,0.01464796718209982,4.041,-2.851,-0.087,113.253,0.959
3507,210447.6,1,0.2924337685108185,0.2841792702674866,0.22318,0.014974801801145077,4.038,-2.845,-0.115,113.251,0.95785
3508,210511.57,1,0.29489126801490784,0.28741419315338135,0.22265,0.014853737317025661,4.072,-2.862,-0.107,113.504,0.95857
3509,210559.77,1,0.2967568337917328,0.2891671359539032,0.22243,0.01502959430217743,4.113,-2.882,-0.114,113.248,0.95891
3510,210623.8,1,0.2996775209903717,0.291023313999176,0.22085,0.015448620542883873,4.145,-2.851,-0.084,113.311,0.9583
3511,210687.5,1,0.29906851053237915,0.2903422713279724,0.22079,0.015390063636004925,4.086,-2.88,-0.069,113.385,0.95964
3512,210751.77,1,0.2961758077144623,0.2882765531539917,0.22127,0.015156807377934456,4.069,-2.879,-0.057,113.359,0.95906
3513,210799.7,1,0.2954288423061371,0.2880588173866272,0.22182,0.015057827346026897,4.03,-2.91,-0.043,113.309,0.95917
3514,210863.9,1,0.2913811206817627,0.2864980101585388,0.22274,0.01477917842566967,3.955,-2.885,-0.039,113.373,0.9596
3515,210927.57,1,0.2913811504840851,0.2861393094062805,0.22287,0.014925134368240833,3.942,-2.884,-0.032,113.39,0.95787
3516,210991.53,1,0.28995975852012634,0.28578147292137146,0.22346,0.014782434329390526,3.998,-2.869,-0.044,113.314,0.95838
3517,211039.5,1,0.28965887427330017,0.2858019769191742,0.22289,0.014651216566562653,4.023,-2.857,-0.043,113.398,0.95934
3518,211103.63,1,0.29348838329315186,0.2880953550338745,0.22224,0.014426499605178833,4.005,-2.768,-0.045,113.413,0.9582
3519,211167.73,1,0.3013847768306732,0.2882975935935974,0.2215,0.014799627475440502,3.985,-2.709,0.031,113.277,0.95911
3520,211231.57,1,0.308450847864151,0.2860463559627533,0.22016,0.014817309565842152,3.971,-2.7,0.044,112.985,0.95982
3521,211279.6,1,0.30791041254997253,0.28444668650627136,0.22018,0.014376233331859112,3.973,-2.686,0.083,112.918,0.96073
3522,211343.53,1,0.3008878827095032,0.2704062759876251,0.22751,0.014875320717692375,3.903,-2.736,0.141,112.706,0.96139
3523,211407.87,1,0.3009066879749298,0.269543319940567,0.22755,0.01493445411324501,3.953,-2.718,0.154,112.831,0.96048
3524,211471.6,1,0.29912006855010986,0.26851779222488403,0.22762,0.014698627404868603,3.983,-2.716,0.164,112.819,0.96082
3525,211519.8,1,0.30054357647895813,0.269370973110199,0.22649,0.014895129017531872,4.026,-2.693,0.143,112.743,0.96127
3526,211583.83,1,0.3002933859825134,0.269315630197525,0.22634,0.01485737320035696,4.032,-2.683,0.147,112.836,0.96093
3527,211648.07,1,0.29401659965515137,0.26569876074790955,0.22791,0.014742584899067879,4.087,-2.673,0.129,112.86,0.96083
3528,211711.7,1,0.30182281136512756,0.2795758545398712,0.22351,0.014660581015050411,4.094,-2.743,0.1,112.747,0.9611
3529,211759.77,1,0.2939896285533905,0.27922871708869934,0.22354,0.015093042515218258,4.065,-2.745,0.076,112.88,0.96035
3530,211823.87,1,0.2959426939487457,0.28203535079956055,0.22172,0.0155636016279459,4.021,-2.777,0.058,112.867,0.96093
3531,211887.63,1,0.296561598777771,0.28410229086875916,0.22133,0.01583554781973362,4.086,-2.864,0.037,112.784,0.96065
3532,211951.57,1,0.6052575707435608,0.5168063044548035,0.08847,0.019689593464136124,3.957,-2.76,-0.032,112.907,0.9611
3533,211999.6,1,0.7107748985290527,0.6329144239425659,0.03324,0.019213899970054626,3.844,-2.654,0.0,112.915,0.95977
3534,212063.6,1,0.6423554420471191,0.5862664580345154,0.04856,0.01897653564810753,3.934,-2.553,0.039,112.823,0.96008
3535,212127.53,1,0.6312636137008667,0.5741512775421143,0.05459,0.01955341547727585,3.838,-2.591,0.063,112.896,0.96109
3536,212191.7,1,0.5307614803314209,0.5099493265151978,0.08874,0.018678735941648483,3.826,-2.62,0.136,112.883,0.96037
3537,212239.97,1,0.4805881083011627,0.4858681559562683,0.10605,0.018217410892248154,3.805,-2.624,0.161,112.762,0.96066
3538,212303.9,1,0.4600847065448761,0.450371652841568,0.12067,0.01770625077188015,3.831,-2.621,0.157,113.005,0.95996
3539,212367.43,1,0.43136459589004517,0.40255630016326904,0.13673,0.017476461827754974,3.922,-2.609,0.164,112.754,0.96087
3540,212431.43,1,0.39204177260398865,0.3779405951499939,0.15123,0.01667287014424801,3.877,-2.625,0.161,112.769,0.96213
3541,212479.53,1,0.36614468693733215,0.3237500488758087,0.17339,0.016530688852071762,3.886,-2.622,0.173,112.909,0.96095
3542,212543.53,1,0.3246309757232666,0.28379279375076294,0.19869,0.01605040766298771,3.855,-2.633,0.184,112.872,0.96098
3543,212607.8,1,0.3235488533973694,0.2780514359474182,0.20612,0.016774781048297882,3.842,-2.641,0.207,112.801,0.96064
3544,212671.47,1,0.3203912079334259,0.2800256311893463,0.20903,0.016959961503744125,3.852,-2.644,0.23,112.879,0.96013
3545,212720.0,1,0.30755558609962463,0.26954299211502075,0.21543,0.016879852861166,3.834,-2.643,0.236,112.889,0.96046
3546,212783.8,1,0.3059411644935608,0.27018868923187256,0.21804,0.01688893884420395,3.924,-2.65,0.251,112.777,0.95931
3547,212847.53,1,0.3037179112434387,0.26503702998161316,0.2207,0.01621621660888195,3.961,-2.659,0.242,112.897,0.96062
3548,212911.7,1,0.2902851402759552,0.2566721737384796,0.2268,0.015831930562853813,3.959,-2.666,0.233,112.903,0.95994
3549,212959.47,1,0.2836105227470398,0.2525251805782318,0.23006,0.01552167721092701,3.951,-2.648,0.223,112.813,0.96131
3550,213023.43,1,0.2783121168613434,0.24884285032749176,0.23155,0.015126955695450306,3.968,-2.65,0.211,112.944,0.95943
3551,213087.5,1,0.27277708053588867,0.24305075407028198,0.23492,0.014866553246974945,3.931,-2.629,0.221,112.934,0.9602
3552,213151.43,1,0.27839723229408264,0.24445156753063202,0.23474,0.014999615028500557,3.941,-2.617,0.22,112.826,0.95992
3553,213199.77,1,0.2778044641017914,0.24583807587623596,0.23474,0.014936965890228748,4.023,-2.612,0.204,112.905,0.95993
3554,213263.8,1,0.2729502022266388,0.24066856503486633,0.23696,0.014780568890273571,4.072,-2.649,0.188,112.933,0.95896
3555,213327.73,1,0.27540063858032227,0.24227431416511536,0.23658,0.01465627085417509,4.16,-2.628,0.18,112.828,0.95931
3556,213391.5,1,0.2745586931705475,0.24200032651424408,0.23637,0.014486298896372318,4.125,-2.666,0.185,112.954,0.95966
3557,213439.5,1,0.272664874792099,0.23890620470046997,0.23727,0.014553212560713291,4.123,-2.671,0.194,112.959,0.96011
3558,213503.73,1,0.27677205204963684,0.23798614740371704,0.23871,0.015290364623069763,4.081,-2.795,0.234,112.869,0.96023
3559,213567.83,1,0.27589792013168335,0.2382754683494568,0.23858,0.015375256538391113,4.082,-2.804,0.226,112.986,0.95954
3560,213631.8,1,0.2755244970321655,0.2391251027584076,0.23852,0.015245427377521992,4.075,-2.794,0.228,112.959,0.96041
3561,213679.83,1,0.27465301752090454,0.23729316890239716,0.23929,0.015393399633467197,4.083,-2.823,0.235,112.846,0.9609
3562,213743.53,1,0.26956790685653687,0.23946207761764526,0.23925,0.015217377804219723,4.148,-2.766,0.208,112.95,0.95993
3563,213807.67,1,0.270677387714386,0.23850302398204803,0.23964,0.015590611845254898,4.026,-2.784,0.191,112.978,0.96078
3564,213871.4,1,0.278387188911438,0.2465381622314453,0.23877,0.01602737233042717,4.006,-2.741,0.134,112.889,0.9601
3565,213919.87,1,0.2792602479457855,0.24683701992034912,0.23794,0.01615329273045063,4.051,-2.721,0.129,112.992,0.95956
3566,213983.5,1,0.27930381894111633,0.2467397302389145,0.23817,0.016412530094385147,4.085,-2.722,0.136,112.977,0.96003
3567,214047.9,1,0.2801746726036072,0.2418321669101715,0.23912,0.01642424985766411,4.128,-2.689,0.127,112.87,0.96117
3568,214111.83,1,0.27511316537857056,0.2385300248861313,0.23921,0.016078270971775055,4.145,-2.667,0.128,113.071,0.96124
3569,214159.5,1,0.2759046256542206,0.2383837103843689,0.23847,0.016058698296546936,4.114,-2.685,0.105,112.84,0.96168
3570,214223.43,1,0.2754911482334137,0.24375590682029724,0.23745,0.015197182074189186,4.042,-2.658,0.134,112.857,0.9618
3571,214287.53,1,0.27384427189826965,0.24066342413425446,0.23856,0.015072684735059738,3.988,-2.657,0.123,112.962,0.96122
3572,214351.77,1,0.2715070843696594,0.23990821838378906,0.23911,0.015014341101050377,3.954,-2.7,0.119,112.975,0.96023
3573,214399.8,1,0.27922919392585754,0.23913511633872986,0.23894,0.015026452951133251,3.861,-2.761,0.176,112.909,0.96048
3574,214463.57,1,0.2816879451274872,0.24463602900505066,0.23639,0.01489797793328762,3.973,-2.75,0.179,113.007,0.96053
3575,214527.8,1,0.2800450921058655,0.24355459213256836,0.23759,0.014874775893986225,3.986,-2.751,0.192,113.023,0.96039
3576,214591.53,1,0.2830660939216614,0.2441633641719818,0.23703,0.014979386702179909,4.056,-2.779,0.197,112.947,0.96041
3577,214639.53,1,0.28048422932624817,0.24536100029945374,0.23704,0.014819301664829254,4.094,-2.764,0.178,113.019,0.96027
3578,214703.8,1,0.27915191650390625,0.24100536108016968,0.23814,0.014470132067799568,4.101,-2.741,0.162,112.997,0.96101
3579,214767.83,1,0.2793191373348236,0.24266448616981506,0.2387,0.01413496769964695,4.14,-2.719,0.172,112.916,0.96098
3580,214831.43,1,0.2758776843547821,0.24911119043827057,0.23723,0.014095465652644634,4.227,-2.706,0.185,113.012,0.96018
3581,214879.67,1,0.27338966727256775,0.24799668788909912,0.2381,0.013537446036934853,4.266,-2.694,0.175,112.992,0.96142
3582,214943.53,1,0.35434582829475403,0.2896813750267029,0.21081,0.014681634493172169,4.384,-2.628,0.103,112.917,0.96061
3583,215007.53,1,0.5311967134475708,0.4870414137840271,0.11579,0.017678694799542427,4.381,-2.615,-0.018,113.052,0.95968
3584,215071.93,1,0.5055406093597412,0.49158957600593567,0.11314,0.01767989620566368,4.376,-2.604,0.077,113.05,0.96116
3585,215119.73,1,0.4920377731323242,0.47089090943336487,0.11975,0.017416955903172493,4.367,-2.62,0.101,112.948,0.96091
3586,215183.73,1,0.4858046770095825,0.45841825008392334,0.12508,0.01753789372742176,4.336,-2.678,0.088,113.055,0.96026
3587,215247.53,1,0.46849679946899414,0.44397038221359253,0.13276,0.017390284687280655,4.321,-2.68,0.096,113.072,0.96045
3588,215311.63,1,0.4433971345424652,0.4305749833583832,0.14095,0.01696866936981678,4.316,-2.678,0.108,112.936,0.96122
3589,215359.8,1,0.4138510227203369,0.40097978711128235,0.15397,0.01641976088285446,4.294,-2.679,0.09,113.031,0.9609
3590,215423.53,1,0.3926439881324768,0.39096328616142273,0.16243,0.015855105593800545,4.296,-2.685,0.094,113.035,0.96131
3591,215487.73,1,0.377142071723938,0.3795216977596283,0.16981,0.015741031616926193,4.261,-2.701,0.084,112.943,0.96027
3592,215551.47,1,0.3650742471218109,0.3689357042312622,0.17541,0.015217811800539494,4.244,-2.716,0.076,113.021,0.96022
3593,215599.87,1,0.359781950712204,0.3620240390300751,0.17908,0.014860040508210659,4.227,-2.733,0.071,113.012,0.96125
3594,215663.7,1,0.35257846117019653,0.35263875126838684,0.18418,0.015066230669617653,4.223,-2.732,0.035,112.905,0.96195
3595,215727.8,1,0.3441718816757202,0.3316492736339569,0.19084,0.015036520548164845,4.228,-2.725,0.014,113.023,0.96076
3596,215791.4,1,0.3405965268611908,0.3281349241733551,0.19383,0.014926065690815449,4.257,-2.743,0.009,113.026,0.95997
3597,215839.83,1,0.3433270752429962,0.329375684261322,0.19471,0.015069880522787571,4.26,-2.767,-0.0,112.942,0.96018
3598,215903.77,1,0.3444817066192627,0.32713961601257324,0.19673,0.014793746173381805,4.252,-2.75,0.026,113.177,0.96012
3599,215967.77,1,0.3340955674648285,0.29882049560546875,0.20715,0.014853820204734802,4.279,-2.755,0.108,112.957,0.96067
3600,216031.37,1,0.33506351709365845,0.2993116080760956,0.20663,0.015270717442035675,4.356,-2.778,0.161,112.928,0.95967
3601,216079.57,1,0.3317844569683075,0.2965821325778961,0.20757,0.015204341150820255,4.371,-2.762,0.179,113.02,0.96106
3602,216143.77,1,0.32708287239074707,0.29416289925575256,0.20939,0.015054862946271896,4.408,-2.752,0.208,113.04,0.96116
3603,216207.47,1,0.32601889967918396,0.2912764251232147,0.21044,0.015085055492818356,4.389,-2.721,0.225,112.947,0.96236
3604,216271.47,1,0.32735249400138855,0.28444743156433105,0.2119,0.015198880806565285,4.346,-2.715,0.23,113.061,0.96077
3605,216319.67,1,0.3261333405971527,0.2772423028945923,0.2137,0.015173079445958138,4.335,-2.705,0.219,113.046,0.96087
3606,216383.67,1,0.32989537715911865,0.269329696893692,0.21572,0.01548574585467577,4.29,-2.705,0.24,112.958,0.95966
3607,216448.07,1,0.3123449683189392,0.26111936569213867,0.22035,0.015427855774760246,4.326,-2.682,0.24,113.054,0.96037
3608,216511.5,1,0.30748045444488525,0.25759655237197876,0.22257,0.015431743115186691,4.31,-2.683,0.243,113.051,0.96106
3609,216559.6,1,0.30833104252815247,0.25626689195632935,0.22323,0.01537501160055399,4.297,-2.678,0.237,112.993,0.9598
3610,216623.6,1,0.3076528310775757,0.2560248076915741,0.22294,0.01517229713499546,4.281,-2.698,0.219,113.08,0.9605
3611,216687.37,1,0.3065694570541382,0.2562822997570038,0.22309,0.014711926691234112,4.28,-2.699,0.216,113.124,0.95999
3612,216751.73,1,0.3086308538913727,0.25673794746398926,0.22357,0.014855111949145794,4.25,-2.702,0.199,113.018,0.96053
3613,216799.7,1,0.3066585063934326,0.2571083605289459,0.22416,0.014650336466729641,4.259,-2.705,0.216,113.128,0.96023
3614,216863.77,1,0.30043789744377136,0.2526911795139313,0.22581,0.013997847214341164,4.242,-2.683,0.203,113.109,0.96107
3615,216927.47,1,0.30304139852523804,0.2517404854297638,0.22632,0.014139640145003796,4.235,-2.687,0.2,113.027,0.96004
3616,216991.33,1,0.2986992597579956,0.2490817904472351,0.22759,0.013818439096212387,4.272,-2.679,0.191,113.135,0.95967
3617,217039.57,1,0.298093318939209,0.24916118383407593,0.22806,0.013881716877222061,4.278,-2.689,0.187,113.088,0.96099
3618,217103.63,1,0.53786700963974,0.4894939363002777,0.10321,0.018649481236934662,4.331,-2.679,-0.001,113.003,0.96095
3619,217167.73,1,0.5632752180099487,0.5562971234321594,0.07668,0.01908702217042446,4.335,-2.646,0.133,113.104,0.96134
3620,217231.47,1,0.5544292330741882,0.5216139554977417,0.0828,0.018949303776025772,4.383,-2.643,0.269,113.097,0.96181
3621,217279.73,1,0.5495574474334717,0.47436606884002686,0.09645,0.01835116557776928,4.317,-2.63,0.335,112.978,0.96231
3622,217343.63,1,0.47826141119003296,0.38766801357269287,0.13078,0.016829917207360268,4.267,-2.627,0.375,113.059,0.96238
3623,217407.5,1,0.4108074903488159,0.34295040369033813,0.15726,0.016166934743523598,4.267,-2.653,0.382,113.068,0.96091
3624,217471.3,1,0.38804396986961365,0.31245240569114685,0.1749,0.01573087088763714,4.3,-2.653,0.394,112.983,0.96215
3625,217535.4,1,0.3796687722206116,0.309373140335083,0.18049,0.014970371499657631,4.327,-2.656,0.355,113.091,0.96175
3626,217583.73,1,0.37057074904441833,0.29583388566970825,0.18795,0.01477839332073927,4.3,-2.66,0.34,113.074,0.96209
3627,217647.67,1,0.3506690561771393,0.2904128432273865,0.19562,0.014911573380231857,4.308,-2.683,0.3,113.034,0.96108
3628,217711.37,1,0.344521164894104,0.2817259430885315,0.19881,0.01487618125975132,4.309,-2.687,0.265,113.233,0.96163
3629,217775.23,1,0.33352527022361755,0.2715456783771515,0.20662,0.014520642347633839,4.362,-2.655,0.224,113.001,0.96137
3630,217823.27,1,0.34923988580703735,0.2737123966217041,0.20245,0.014591277576982975,4.344,-2.633,0.225,112.977,0.96178
3631,217887.4,1,0.3416709303855896,0.2653503715991974,0.20566,0.014916539192199707,4.311,-2.623,0.212,113.081,0.96177
3632,217951.67,1,0.3303129971027374,0.2598710060119629,0.21072,0.014248140156269073,4.217,-2.615,0.181,113.059,0.96161
3633,218015.27,1,0.3266356289386749,0.25517702102661133,0.21472,0.014391735196113586,4.189,-2.643,0.187,112.968,0.96108
3634,218063.37,1,0.32302388548851013,0.25661078095436096,0.21637,0.01431871298700571,4.201,-2.646,0.182,113.083,0.96136
3635,218127.67,1,0.3175954222679138,0.25849679112434387,0.21819,0.014398112893104553,4.2,-2.654,0.183,113.065,0.96227
3636,218191.33,1,0.31418418884277344,0.2586270868778229,0.21988,0.01446748897433281,4.316,-2.602,0.186,112.984,0.96106
3637,218255.27,1,0.31210625171661377,0.26133662462234497,0.2202,0.014141340740025043,4.315,-2.6,0.203,113.084,0.96171
3638,218303.43,1,0.3084651827812195,0.2607603073120117,0.22094,0.0141785629093647,4.324,-2.578,0.178,113.076,0.96159
3639,218367.33,1,0.3077550530433655,0.2614578902721405,0.22228,0.013784651644527912,4.284,-2.589,0.174,113.041,0.9601
3640,218431.27,1,0.3055185079574585,0.26183798909187317,0.22305,0.013506902381777763,4.307,-2.582,0.16,113.124,0.96142
3641,218495.27,1,0.29952943325042725,0.25944945216178894,0.22467,0.013588840141892433,4.286,-2.586,0.153,113.114,0.96201
3642,218543.43,1,0.30228784680366516,0.25957000255584717,0.22485,0.014084707014262676,4.273,-2.632,0.143,113.021,0.96248
3643,218607.77,1,0.2978653609752655,0.2598000466823578,0.22505,0.014020313508808613,4.347,-2.674,0.123,113.077,0.96299
3644,218671.37,1,0.29515397548675537,0.25603383779525757,0.22729,0.01392724271863699,4.329,-2.681,0.114,113.079,0.96292
3645,218735.57,1,0.2935202121734619,0.2557046711444855,0.2281,0.01417909562587738,4.29,-2.705,0.12,112.962,0.96236
3646,218783.63,1,0.29125019907951355,0.2537384033203125,0.22887,0.01408960297703743,4.289,-2.698,0.114,113.097,0.96139
3647,218847.9,1,0.2916363477706909,0.252861350774765,0.22953,0.01429660152643919,4.273,-2.69,0.113,113.091,0.9623
3648,218911.53,1,0.29966267943382263,0.25626346468925476,0.22936,0.014647006057202816,4.303,-2.698,0.139,112.991,0.9613
3649,218975.3,1,0.30323052406311035,0.25749319791793823,0.22793,0.014561611227691174,4.322,-2.687,0.141,113.117,0.96156
3650,219023.57,1,0.3017122447490692,0.25853168964385986,0.22816,0.014693774282932281,4.336,-2.702,0.135,113.118,0.96234
3651,219087.33,1,0.3034372627735138,0.2605288624763489,0.22757,0.014650301076471806,4.372,-2.69,0.127,113.025,0.96162
3652,219151.37,1,0.2986917197704315,0.26578474044799805,0.22596,0.014314952306449413,4.408,-2.676,0.122,113.138,0.96165
3653,219215.33,1,0.29785674810409546,0.264724999666214,0.22593,0.014174971729516983,4.391,-2.668,0.119,113.122,0.96205
3654,219263.73,1,0.29871389269828796,0.2629258930683136,0.22614,0.014280014671385288,4.377,-2.667,0.122,113.085,0.96197
3655,219327.23,1,0.2966257333755493,0.2630361318588257,0.22632,0.014164122752845287,4.388,-2.682,0.113,113.182,0.96067
3656,219391.23,1,0.29462289810180664,0.2607231140136719,0.22718,0.01413885597139597,4.337,-2.671,0.105,113.184,0.96166
3657,219455.2,1,0.29123783111572266,0.2575196325778961,0.22971,0.014299492351710796,4.324,-2.717,0.112,113.057,0.96226
3658,219503.4,1,0.2853274643421173,0.25495481491088867,0.23088,0.014042166993021965,4.358,-2.716,0.116,113.321,0.96133
3659,219567.73,1,0.2882315516471863,0.2534639239311218,0.23204,0.014156293123960495,4.379,-2.718,0.143,113.068,0.96155
3660,219631.23,1,0.293676495552063,0.25682851672172546,0.23223,0.014344781637191772,4.355,-2.766,0.16,113.066,0.96142
3661,219695.27,1,0.28938010334968567,0.2572180926799774,0.23199,0.014226370491087437,4.343,-2.77,0.182,113.098,0.96086
3662,219743.6,1,0.2880207896232605,0.25537627935409546,0.23274,0.014230671338737011,4.343,-2.783,0.177,113.095,0.96187
3663,219807.83,1,0.2841351330280304,0.25058043003082275,0.23438,0.014024867676198483,4.346,-2.797,0.176,113.084,0.96114
3664,219871.63,1,0.27880242466926575,0.24865156412124634,0.23515,0.013621924445033073,4.325,-2.802,0.186,113.112,0.96088
3665,219935.53,1,0.275337278842926,0.23813000321388245,0.23708,0.013361848890781403,4.282,-2.783,0.189,113.131,0.96201
3666,219983.57,1,0.26957058906555176,0.23420609533786774,0.23829,0.012943407520651817,4.277,-2.775,0.188,113.104,0.96146
3667,220047.7,1,0.26736870408058167,0.2331039160490036,0.23919,0.012876410037279129,4.238,-2.773,0.187,113.169,0.96047
3668,220111.33,1,0.2661148011684418,0.23225629329681396,0.23955,0.012764348648488522,4.248,-2.769,0.194,113.113,0.96067
3669,220175.33,1,0.2667357325553894,0.23325595259666443,0.23928,0.012756220065057278,4.236,-2.772,0.189,113.094,0.95958
3670,220223.63,1,0.26572564244270325,0.22951529920101166,0.23998,0.012808114290237427,4.228,-2.751,0.193,113.156,0.95936
3671,220287.4,1,0.2660524845123291,0.23027685284614563,0.23975,0.012761411257088184,4.257,-2.725,0.152,113.144,0.96021
3672,220351.27,1,0.26754847168922424,0.2314538061618805,0.23928,0.012881586328148842,4.248,-2.712,0.139,113.158,0.95849
3673,220415.3,1,0.2659916877746582,0.2320791482925415,0.23927,0.012971327640116215,4.215,-2.714,0.122,113.161,0.96129
3674,220463.7,1,0.266566663980484,0.23340782523155212,0.23862,0.012831829488277435,4.197,-2.711,0.095,113.184,0.95973
3675,220527.6,1,0.27011868357658386,0.23579703271389008,0.23763,0.013049150817096233,4.163,-2.736,0.095,113.099,0.96051
3676,220591.5,1,0.26974576711654663,0.23710359632968903,0.23701,0.013408118858933449,4.217,-2.756,0.078,113.186,0.96102
3677,220655.4,1,0.2692500650882721,0.23590216040611267,0.23683,0.013153035193681717,4.199,-2.755,0.052,113.167,0.96142
3678,220703.23,1,0.272838294506073,0.23366756737232208,0.23844,0.01328360941261053,4.144,-2.751,0.078,113.068,0.96317
3679,220767.37,1,0.272270143032074,0.23668645322322845,0.23823,0.0133398761972785,4.181,-2.73,0.067,113.182,0.96134
3680,220831.53,1,0.27073535323143005,0.23580899834632874,0.23847,0.012845735065639019,4.201,-2.697,0.061,113.177,0.96256
3681,220895.4,1,0.27913275361061096,0.23450516164302826,0.23832,0.012719672173261642,4.185,-2.684,0.115,113.058,0.96227
3682,220943.7,1,0.27970123291015625,0.23903879523277283,0.23777,0.012763647362589836,4.227,-2.715,0.117,113.155,0.96292
3683,221007.37,1,0.2776877284049988,0.23885662853717804,0.2377,0.012763995677232742,4.227,-2.71,0.125,113.167,0.9615
3684,221071.33,1,0.28040310740470886,0.24097508192062378,0.23778,0.012978355400264263,4.222,-2.68,0.113,113.047,0.96191
3685,221135.6,1,0.2774239778518677,0.2505625784397125,0.23584,0.012893718667328358,4.224,-2.665,0.117,113.081,0.96149
3686,221183.57,1,0.2777668535709381,0.25028660893440247,0.23545,0.012938042171299458,4.161,-2.654,0.119,113.071,0.96204
3687,221247.33,1,0.2801867425441742,0.2515312135219574,0.23523,0.013177094981074333,4.176,-2.671,0.103,113.062,0.96129
3688,221311.33,1,0.2791275084018707,0.2512068450450897,0.23523,0.013357026502490044,4.225,-2.668,0.1,113.231,0.9612
3689,221375.33,1,0.2799606919288635,0.25070619583129883,0.23504,0.013277042657136917,4.217,-2.733,0.092,113.039,0.96211
3690,221423.7,1,0.27945613861083984,0.25266972184181213,0.23506,0.012443997897207737,4.276,-2.713,0.12,113.108,0.96014
3691,221487.37,1,0.27446916699409485,0.2502855658531189,0.23555,0.011968409642577171,4.375,-2.692,0.14,113.21,0.95943
3692,221551.33,1,0.27319449186325073,0.2498861402273178,0.23596,0.011862837709486485,4.341,-2.655,0.135,113.2,0.96034
3693,221615.4,1,0.2779845893383026,0.24863487482070923,0.23588,0.01213110238313675,4.301,-2.668,0.174,113.091,0.96073
3694,221663.67,1,0.27697697281837463,0.24888810515403748,0.23591,0.012140888720750809,4.295,-2.663,0.184,113.18,0.96108
3695,221727.73,1,0.27533823251724243,0.24786439538002014,0.23658,0.012055846862494946,4.287,-2.69,0.194,113.171,0.96144
3696,221791.43,1,0.28329968452453613,0.24980060756206512,0.23575,0.012459032237529755,4.299,-2.734,0.203,113.081,0.96088
3697,221855.37,1,0.28353792428970337,0.2572196424007416,0.23348,0.012693352065980434,4.317,-2.738,0.205,113.199,0.96039
3698,221903.5,1,0.2821217179298401,0.25485163927078247,0.23391,0.012604482471942902,4.308,-2.728,0.199,113.158,0.96091
3699,221967.43,1,0.28242623805999756,0.2561086416244507,0.23349,0.012719822116196156,4.306,-2.729,0.199,113.093,0.96131
3700,222031.3,1,0.28351274132728577,0.2574635446071625,0.23247,0.012738590128719807,4.34,-2.743,0.193,113.185,0.96139
3701,222095.33,1,0.2815437316894531,0.25484785437583923,0.23365,0.012785257771611214,4.326,-2.743,0.205,113.189,0.96122
3702,222143.6,1,0.28286391496658325,0.25244611501693726,0.23432,0.013092072680592537,4.322,-2.751,0.201,113.093,0.96205
3703,222207.27,1,0.2793991267681122,0.25213783979415894,0.23488,0.012975136749446392,4.322,-2.747,0.183,113.192,0.96128
3704,222271.33,1,0.27788883447647095,0.2501489222049713,0.23603,0.012911644764244556,4.285,-2.756,0.178,113.21,0.96159
3705,222335.3,1,0.28035420179367065,0.24996784329414368,0.2358,0.012767672538757324,4.278,-2.809,0.192,113.088,0.96281
3706,222383.33,1,0.28037896752357483,0.2503962218761444,0.23524,0.01289689913392067,4.29,-2.808,0.186,113.215,0.96198
3707,222447.63,1,0.27986443042755127,0.24744459986686707,0.23568,0.012710287235677242,4.246,-2.849,0.189,113.24,0.96147
3708,222511.3,1,0.2847728431224823,0.2465464323759079,0.23617,0.012844506651163101,4.318,-2.909,0.182,113.111,0.9632
3709,222575.37,1,0.2839961349964142,0.24960008263587952,0.2352,0.013140895403921604,4.368,-2.928,0.156,113.246,0.96262
3710,222623.6,1,0.28551313281059265,0.24811862409114838,0.23536,0.012917835265398026,4.349,-2.906,0.154,113.264,0.96177
3711,222687.4,1,0.2864439785480499,0.2516048550605774,0.23444,0.012564131990075111,4.334,-2.907,0.157,113.182,0.96229
3712,222751.37,1,0.2814612090587616,0.2529221475124359,0.23385,0.012607931159436703,4.335,-2.892,0.155,113.334,0.961
3713,222815.3,1,0.2780757248401642,0.2509249150753021,0.23454,0.012616862542927265,4.327,-2.834,0.138,113.341,0.96098
3714,222863.6,1,0.2796939015388489,0.25223082304000854,0.23501,0.012858784757554531,4.35,-2.802,0.142,113.287,0.95961
3715,222927.5,1,0.27844467759132385,0.253155380487442,0.23477,0.01268761046230793,4.383,-2.793,0.136,113.418,0.95903
3716,222991.27,1,0.27378568053245544,0.2508850693702698,0.23553,0.012563340365886688,4.38,-2.758,0.111,113.437,0.9591
3717,223055.37,1,0.27479445934295654,0.24550996720790863,0.23618,0.012530374340713024,4.43,-2.726,0.123,113.365,0.95979
3718,223103.6,1,0.27367037534713745,0.24654953181743622,0.23631,0.012608922086656094,4.45,-2.719,0.116,113.583,0.95936
3719,223167.73,1,0.28218966722488403,0.2465677261352539,0.23456,0.012851010076701641,4.496,-2.664,0.126,113.351,0.95855
3720,223231.33,1,0.2827695310115814,0.25618475675582886,0.23262,0.01271142903715372,4.48,-2.67,0.141,113.355,0.95908
3721,223295.43,1,0.27949732542037964,0.25534310936927795,0.23338,0.01272656675428152,4.483,-2.695,0.148,113.437,0.95995
3722,223343.5,1,0.27161702513694763,0.24705171585083008,0.23607,0.012417245656251907,4.528,-2.687,0.126,113.434,0.95928
3723,223407.67,1,0.27228081226348877,0.24564465880393982,0.23631,0.012332894839346409,4.537,-2.714,0.129,113.357,0.95847
3724,223471.4,1,0.2690526843070984,0.24497321248054504,0.23619,0.012160423211753368,4.559,-2.705,0.125,113.454,0.95856
3725,223535.47,1,0.2709015905857086,0.24524524807929993,0.23601,0.011966587044298649,4.558,-2.7,0.121,113.439,0.95878
3726,223583.37,1,0.27652326226234436,0.24591274559497833,0.23522,0.012261640280485153,4.582,-2.709,0.133,113.335,0.95933
3727,223647.73,1,0.27498480677604675,0.2492147535085678,0.23462,0.012558626011013985,4.594,-2.719,0.114,113.432,0.95911
3728,223711.4,1,0.2754184901714325,0.24429887533187866,0.23677,0.012274865061044693,4.554,-2.704,0.1,113.393,0.96086
3729,223775.43,1,0.27798697352409363,0.24395374953746796,0.23783,0.01242782361805439,4.548,-2.682,0.11,113.307,0.96206
3730,223823.5,1,0.2765839993953705,0.2485353946685791,0.23719,0.012575330212712288,4.545,-2.677,0.116,113.437,0.95992
3731,223887.57,1,0.2734082043170929,0.24509689211845398,0.23756,0.012733657844364643,4.545,-2.679,0.115,113.474,0.95939
3732,223951.53,1,0.27637696266174316,0.24387401342391968,0.2378,0.013093926943838596,4.559,-2.671,0.12,113.391,0.96074
3733,224015.43,1,0.2724118232727051,0.245622918009758,0.23759,0.012579630129039288,4.626,-2.711,0.129,113.488,0.95884
3734,224063.53,1,0.2724199891090393,0.24479350447654724,0.23759,0.01248314417898655,4.68,-2.694,0.113,113.495,0.95973
3735,224127.43,1,0.2771587371826172,0.24303293228149414,0.23779,0.012537811882793903,4.636,-2.735,0.147,113.408,0.95911
3736,224191.47,1,0.27189701795578003,0.2444760948419571,0.23816,0.012330838479101658,4.627,-2.708,0.146,113.48,0.95956
3737,224255.77,1,0.27402278780937195,0.2453242838382721,0.23757,0.012585033662617207,4.583,-2.701,0.139,113.468,0.96063
3738,224303.37,1,0.2738593518733978,0.2462662309408188,0.23688,0.01248092856258154,4.574,-2.675,0.123,113.337,0.96094
3739,224367.8,1,0.27179211378097534,0.24555228650569916,0.23714,0.01242576353251934,4.594,-2.676,0.129,113.462,0.96079
3740,224431.33,1,0.2698034346103668,0.24504368007183075,0.23745,0.01232700701802969,4.607,-2.672,0.121,113.432,0.9603
3741,224495.4,1,0.27115553617477417,0.24178597331047058,0.23856,0.012534753419458866,4.598,-2.704,0.14,113.317,0.9617
3742,224543.67,1,0.5421366691589355,0.4464794993400574,0.11678,0.017068486660718918,4.626,-2.78,-0.03,113.464,0.96048
3743,224607.57,1,0.6310120820999146,0.5918948650360107,0.05713,0.01731155440211296,4.586,-2.703,0.009,113.46,0.95977
3744,224671.37,1,0.5817054510116577,0.5345840454101562,0.07483,0.017324447631835938,4.878,-2.617,0.093,113.316,0.96109
3745,224735.4,1,0.5467481017112732,0.4921690821647644,0.09232,0.01677875593304634,4.951,-2.637,0.19,113.488,0.95982
3746,224783.77,1,0.4913971722126007,0.42185941338539124,0.12044,0.01596326380968094,4.922,-2.576,0.222,113.481,0.96139
3747,224847.4,1,0.4276280701160431,0.3419804871082306,0.15101,0.015008164569735527,4.865,-2.549,0.204,113.397,0.96109
3748,224911.63,1,0.3899601697921753,0.3176506757736206,0.16914,0.014466652646660805,4.814,-2.557,0.174,113.63,0.96037
3749,224975.33,1,0.36243441700935364,0.2889033257961273,0.18615,0.014485802501440048,4.757,-2.571,0.107,113.427,0.95999
3750,225023.67,1,0.3411784768104553,0.2762817442417145,0.19747,0.014217473566532135,4.778,-2.612,0.122,113.372,0.96207
3751,225087.6,1,0.3297329246997833,0.27097615599632263,0.20251,0.013651859946548939,4.782,-2.657,0.133,113.472,0.96125
3752,225151.63,1,0.32075610756874084,0.26625603437423706,0.20784,0.013340398669242859,4.767,-2.631,0.146,113.492,0.96059
3753,225215.47,1,0.3249245882034302,0.26932042837142944,0.21024,0.01340893842279911,4.659,-2.621,0.083,113.405,0.96125
3754,225263.33,1,0.31325864791870117,0.2716677784919739,0.21443,0.012872470542788506,4.676,-2.642,0.115,113.496,0.961
3755,225327.4,1,0.3059415817260742,0.2723366618156433,0.21696,0.012804483063519001,4.638,-2.662,0.137,113.518,0.96041
3756,225391.53,1,0.30719083547592163,0.27055951952934265,0.2194,0.012581988237798214,4.651,-2.68,0.127,113.424,0.96049
3757,225455.37,1,0.3051394522190094,0.27103573083877563,0.22005,0.012532870285212994,4.669,-2.69,0.127,113.534,0.96038
3758,225503.53,1,0.29664111137390137,0.2660493850708008,0.22331,0.012536936439573765,4.668,-2.699,0.142,113.518,0.96011
3759,225567.37,1,0.29130107164382935,0.2640363872051239,0.22644,0.012426933273673058,4.699,-2.718,0.164,113.457,0.95863
3760,225631.37,1,0.28814250230789185,0.2645331621170044,0.22674,0.012361899949610233,4.728,-2.725,0.156,113.538,0.95982
3761,225695.4,1,0.28886380791664124,0.25931957364082336,0.22866,0.012623143382370472,4.705,-2.71,0.165,113.588,0.95882
3762,225743.7,1,0.29090064764022827,0.2614416182041168,0.2285,0.01254310179501772,4.743,-2.742,0.159,113.501,0.95835
3763,225807.67,1,0.2837136387825012,0.26024284958839417,0.23007,0.012236271984875202,4.765,-2.74,0.175,113.594,0.95795
3764,225871.4,1,0.28310897946357727,0.2575524151325226,0.23077,0.011917722411453724,4.754,-2.746,0.171,113.581,0.95973
3765,225935.33,1,0.2889777719974518,0.2577357590198517,0.23154,0.012382525950670242,4.775,-2.765,0.205,113.473,0.95943
3766,225983.7,1,0.2851391136646271,0.25676217675209045,0.23158,0.012008143588900566,4.796,-2.767,0.21,113.573,0.95839
3767,226047.8,1,0.2846677601337433,0.2555496096611023,0.23185,0.011911137960851192,4.823,-2.767,0.217,113.569,0.95875
3768,226111.3,1,0.2864368259906769,0.25615808367729187,0.23306,0.012093877419829369,4.737,-2.823,0.254,113.466,0.9583
3769,226175.53,1,0.2829135060310364,0.2563140392303467,0.23143,0.01191982813179493,4.757,-2.787,0.287,113.56,0.95838
3770,226223.67,1,0.28625157475471497,0.2567294239997864,0.23088,0.011991634964942932,4.741,-2.79,0.284,113.59,0.95787
3771,226287.67,1,0.2892377972602844,0.2580691874027252,0.23084,0.012240895070135593,4.745,-2.796,0.288,113.473,0.958
3772,226351.4,1,0.28550267219543457,0.2586977481842041,0.23108,0.012348086573183537,4.728,-2.757,0.286,113.563,0.95883
3773,226415.33,1,0.28301796317100525,0.2556303143501282,0.23206,0.012269057333469391,4.646,-2.753,0.269,113.572,0.95838
3774,226463.4,1,0.28606855869293213,0.25650063157081604,0.23203,0.012525868602097034,4.652,-2.794,0.266,113.459,0.96025
3775,226527.33,1,0.2824450433254242,0.2536373436450958,0.23233,0.012077197432518005,4.653,-2.793,0.275,113.559,0.95907
3776,226591.33,1,0.27770498394966125,0.2504315972328186,0.23375,0.012057357467710972,4.593,-2.763,0.24,113.562,0.95953
3777,226655.27,1,0.2788051664829254,0.24692831933498383,0.23391,0.012057891115546227,4.585,-2.76,0.253,113.515,0.95733
3778,226703.7,1,0.27595070004463196,0.2471957951784134,0.23447,0.01183108426630497,4.588,-2.766,0.222,113.705,0.95925
3779,226767.47,1,0.2794826328754425,0.2488207072019577,0.23489,0.011806403286755085,4.524,-2.816,0.203,113.469,0.95981
3780,226831.47,1,0.27674898505210876,0.25232186913490295,0.23511,0.012034431099891663,4.543,-2.817,0.229,113.427,0.96127
3781,226895.4,1,0.271375834941864,0.2492319941520691,0.23619,0.011967934668064117,4.558,-2.806,0.233,113.562,0.96016
3782,226943.53,1,0.27177003026008606,0.24742309749126434,0.23641,0.012311995960772038,4.546,-2.782,0.236,113.578,0.95922
3783,227007.93,1,0.27658510208129883,0.24936135113239288,0.23621,0.012618127278983593,4.474,-2.806,0.2,113.456,0.9607
3784,227071.83,1,0.27668899297714233,0.2514787018299103,0.23583,0.012905862182378769,4.451,-2.803,0.188,113.563,0.96053
3785,227135.4,1,0.27451106905937195,0.25139328837394714,0.23575,0.012956652790307999,4.458,-2.809,0.18,113.54,0.96075
3786,227183.47,1,0.2769815921783447,0.2534370422363281,0.23533,0.012946881353855133,4.451,-2.791,0.166,113.445,0.96113
3787,227247.57,1,0.27614542841911316,0.25847339630126953,0.23411,0.012773563154041767,4.547,-2.753,0.158,113.541,0.96006
3788,227311.47,1,0.27540323138237,0.2571547031402588,0.23424,0.012648575007915497,4.509,-2.732,0.154,113.553,0.9596
3789,227375.47,1,0.2794587016105652,0.25711140036582947,0.23361,0.012540859170258045,4.543,-2.746,0.156,113.426,0.96084
3790,227423.7,1,0.27685078978538513,0.25694161653518677,0.23327,0.01251931767910719,4.588,-2.751,0.145,113.546,0.96029
3791,227487.73,1,0.2776210904121399,0.2538718581199646,0.23292,0.012234987691044807,4.593,-2.734,0.151,113.537,0.96063
3792,227551.37,1,0.27855202555656433,0.2523227334022522,0.23324,0.012454045005142689,4.621,-2.748,0.168,113.433,0.96115
3793,227615.3,1,0.2787695527076721,0.2527746856212616,0.23287,0.012563268654048443,4.639,-2.729,0.174,113.541,0.9597
3794,227663.43,1,0.27966049313545227,0.2529766261577606,0.2332,0.012950561009347439,4.596,-2.729,0.18,113.556,0.96036
3795,227727.73,1,0.27950718998908997,0.2525166869163513,0.23366,0.013215464539825916,4.597,-2.696,0.182,113.455,0.9591
3796,227791.37,1,0.27707159519195557,0.25135353207588196,0.23381,0.013041476719081402,4.588,-2.69,0.179,113.548,0.95972
3797,227855.47,1,0.2763254940509796,0.2512776255607605,0.23405,0.01279418170452118,4.561,-2.695,0.179,113.584,0.95873
3798,227903.67,1,0.27937570214271545,0.2521829605102539,0.23402,0.01307408232241869,4.524,-2.709,0.185,113.486,0.9591
3799,227968.03,1,0.27996212244033813,0.25466111302375793,0.23344,0.013265583664178848,4.538,-2.701,0.17,113.564,0.95931
3800,228031.6,1,0.2780534327030182,0.2517004609107971,0.23521,0.01310874242335558,4.537,-2.715,0.169,113.56,0.9598
3801,228095.4,1,0.2826854884624481,0.24961140751838684,0.23432,0.013204474933445454,4.677,-2.724,0.154,113.417,0.95976
3802,228143.7,1,0.28193461894989014,0.2491554617881775,0.23459,0.01313199382275343,4.698,-2.716,0.156,113.502,0.95986
3803,228207.6,1,0.279585599899292,0.24290385842323303,0.23556,0.012854117900133133,4.731,-2.727,0.17,113.514,0.95925
3804,228271.5,1,0.2835352420806885,0.2443694770336151,0.23525,0.012787437997758389,4.72,-2.728,0.174,113.376,0.95976
3805,228335.5,1,0.2839398980140686,0.25592631101608276,0.2318,0.012656074948608875,4.777,-2.759,0.086,113.476,0.96042
3806,228383.5,1,0.27913060784339905,0.26147082448005676,0.2292,0.012639854103326797,4.779,-2.793,0.108,113.539,0.9589
3807,228447.87,1,0.2818639278411865,0.2620489001274109,0.22749,0.01263680774718523,4.798,-2.853,0.087,113.412,0.95966
3808,228511.37,1,0.27714434266090393,0.2635997235774994,0.2282,0.01266537420451641,4.822,-2.856,0.047,113.666,0.95959
3809,228575.43,1,0.2740684151649475,0.26075637340545654,0.22999,0.012780372053384781,4.808,-2.854,0.04,113.453,0.96135
3810,228623.73,1,0.2773919701576233,0.2624451220035553,0.22956,0.013003822416067123,4.79,-2.89,0.037,113.483,0.96122
3811,228687.37,1,0.27707818150520325,0.26481568813323975,0.22913,0.012994760647416115,4.805,-2.911,0.025,113.572,0.95989
3812,228751.33,1,0.2760182321071625,0.26368820667266846,0.22953,0.012964021414518356,4.739,-2.941,0.039,113.562,0.96019
3813,228815.4,1,0.2789912521839142,0.26327505707740784,0.23032,0.013587869703769684,4.724,-2.949,0.062,113.465,0.96147
3814,228863.47,1,0.275572806596756,0.26308974623680115,0.23093,0.013482260517776012,4.719,-2.924,0.055,113.531,0.96016
3815,228927.4,1,0.2769935131072998,0.2619802951812744,0.23092,0.01357333641499281,4.586,-2.916,0.075,113.529,0.96044
3816,228991.47,1,0.28533458709716797,0.26552045345306396,0.22891,0.013738572597503662,4.554,-2.94,0.075,113.458,0.96119
3817,229055.4,1,0.28859367966651917,0.27251705527305603,0.2259,0.013667488470673561,4.536,-2.934,0.066,113.543,0.96086
3818,229103.7,1,0.2825562655925751,0.27237170934677124,0.22574,0.013501775451004505,4.54,-2.879,0.068,113.527,0.96129
3819,229167.53,1,0.28692421317100525,0.276917427778244,0.22449,0.013374249450862408,4.518,-2.848,0.092,113.446,0.96124
3820,229231.47,1,0.28427568078041077,0.27673518657684326,0.22418,0.013319846242666245,4.499,-2.826,0.092,113.512,0.9625
3821,229295.6,1,0.2822333574295044,0.2761898934841156,0.22465,0.013482426293194294,4.496,-2.836,0.093,113.58,0.96101
3822,229343.3,1,0.2881591022014618,0.27777591347694397,0.22413,0.014326859265565872,4.505,-2.86,0.091,113.459,0.96217
3823,229407.73,1,0.28678494691848755,0.27858105301856995,0.22349,0.01396991778165102,4.507,-2.87,0.073,113.547,0.96106
3824,229471.7,1,0.2870578467845917,0.2770848870277405,0.22348,0.013810889795422554,4.488,-2.873,0.079,113.565,0.96066
3825,229535.43,1,0.2899013161659241,0.2792905271053314,0.22291,0.01389596238732338,4.44,-2.888,0.099,113.443,0.96102
3826,229583.67,1,0.28895097970962524,0.27910780906677246,0.22284,0.013856075704097748,4.405,-2.898,0.092,113.549,0.96122
3827,229648.03,1,0.2873345613479614,0.2805870771408081,0.22275,0.01364123448729515,4.388,-2.885,0.11,113.545,0.96116
3828,229711.4,1,0.2857952117919922,0.27897709608078003,0.22299,0.013523506000638008,4.416,-2.88,0.103,113.437,0.96114
3829,229775.47,1,0.28410178422927856,0.27900931239128113,0.2227,0.013518483377993107,4.429,-2.899,0.093,113.531,0.96084
3830,229823.67,1,0.28460776805877686,0.28080999851226807,0.22245,0.013370192609727383,4.426,-2.907,0.096,113.543,0.96026
3831,229887.7,1,0.28520047664642334,0.28093206882476807,0.22217,0.013125626370310783,4.464,-2.898,0.11,113.482,0.95941
3832,229951.67,1,0.2822672426700592,0.27961015701293945,0.22193,0.013030960224568844,4.475,-2.875,0.101,113.559,0.96035
3833,230015.43,1,0.28405678272247314,0.28002870082855225,0.22215,0.012953287921845913,4.413,-2.891,0.109,113.531,0.96069
3834,230063.43,1,0.28929081559181213,0.2809014320373535,0.22104,0.012912455014884472,4.407,-2.891,0.111,113.482,0.961
3835,230127.37,1,0.289213627576828,0.2820846736431122,0.22059,0.012906664051115513,4.36,-2.912,0.119,113.545,0.96167
3836,230191.37,1,0.28822147846221924,0.28279972076416016,0.22014,0.01281013898551464,4.373,-2.909,0.113,113.503,0.96119
3837,230255.37,1,0.28980809450149536,0.28338488936424255,0.21935,0.012790417298674583,4.339,-2.908,0.125,113.426,0.96201
3838,230303.33,1,0.2832590639591217,0.28425997495651245,0.21989,0.012691225856542587,4.432,-2.858,0.079,114.087,0.95835
3839,230367.9,1,0.2857280969619751,0.2859552502632141,0.2193,0.012835387140512466,4.434,-2.825,0.068,114.135,0.95645
3840,230431.57,1,0.2841568887233734,0.2849770188331604,0.21961,0.012853688560426235,4.428,-2.826,0.078,114.183,0.95674
3841,230495.4,1,0.2830381393432617,0.28258955478668213,0.21989,0.012911554425954819,4.421,-2.833,0.085,114.279,0.95652
3842,230543.47,1,0.2768237590789795,0.2803668975830078,0.22204,0.012648249045014381,4.404,-2.84,0.107,114.275,0.95716
3843,230607.3,1,0.2806415259838104,0.27744442224502563,0.22427,0.012916358187794685,4.42,-2.854,0.098,114.202,0.95656
3844,230671.4,1,0.2778720259666443,0.2771036922931671,0.22501,0.01302188728004694,4.42,-2.87,0.091,114.283,0.95613
3845,230735.47,1,0.2729720175266266,0.27724578976631165,0.22598,0.013051165267825127,4.426,-2.865,0.101,114.249,0.95543
3846,230783.7,1,0.28268760442733765,0.27808305621147156,0.22759,0.013280821964144707,4.378,-2.863,0.122,114.174,0.95583
3847,230848.0,1,0.2838783860206604,0.2713583707809448,0.22752,0.013169769197702408,4.405,-2.809,0.162,114.267,0.95658
3848,230911.53,1,0.2842564880847931,0.2679629921913147,0.22787,0.01295863464474678,4.469,-2.73,0.161,114.276,0.95505
3849,230975.37,1,0.29170429706573486,0.26989972591400146,0.22648,0.013210496865212917,4.471,-2.713,0.188,114.191,0.95499
3850,231023.37,1,0.2904437184333801,0.2675873041152954,0.22678,0.013031738810241222,4.476,-2.708,0.201,114.29,0.95523
3851,231087.7,1,0.29038098454475403,0.26549017429351807,0.22675,0.012872070074081421,4.499,-2.698,0.215,114.27,0.9551
3852,231151.23,1,0.2968176007270813,0.2640169858932495,0.22594,0.012786304578185081,4.511,-2.695,0.237,114.211,0.95541
3853,231215.37,1,0.2905239462852478,0.2617691457271576,0.22709,0.012238423340022564,4.532,-2.701,0.236,114.331,0.95602
3854,231263.57,1,0.2870621681213379,0.2549794316291809,0.2294,0.011923057027161121,4.518,-2.688,0.225,114.304,0.95702
3855,231327.37,1,0.2849619388580322,0.24748548865318298,0.23102,0.011755762621760368,4.483,-2.716,0.221,114.233,0.95507
3856,231391.3,1,0.28336286544799805,0.24722157418727875,0.23137,0.011640447191894054,4.509,-2.691,0.236,114.43,0.95175
3857,231455.27,1,0.2820568382740021,0.24321506917476654,0.23293,0.011592311784625053,4.51,-2.695,0.23,114.465,0.95026
3858,231503.23,1,0.28530752658843994,0.2437276840209961,0.23355,0.011877014301717281,4.529,-2.693,0.241,114.843,0.92891
3859,231567.27,1,0.27517199516296387,0.24359576404094696,0.23552,0.011880227364599705,4.564,-2.665,0.249,114.998,0.92629
3860,231631.37,1,0.27197739481925964,0.24308839440345764,0.23684,0.011741668917238712,4.564,-2.672,0.24,115.031,0.92403
3861,231695.27,1,0.2740435302257538,0.23644815385341644,0.23958,0.011325917206704617,4.609,-2.679,0.197,115.226,0.91214
3862,231743.63,1,0.2730388939380646,0.2409374862909317,0.2387,0.011236585676670074,4.585,-2.682,0.194,115.35,0.91239
3863,231807.73,1,0.26386696100234985,0.23933137953281403,0.23961,0.011268305592238903,4.562,-2.723,0.224,115.361,0.91215
3864,231871.3,1,0.26167812943458557,0.2364431768655777,0.24071,0.01127214077860117,4.529,-2.754,0.226,115.248,0.9117
3865,231935.33,1,0.2577645480632782,0.23244361579418182,0.24159,0.011132890358567238,4.501,-2.755,0.238,115.214,0.91318
3866,231983.43,1,0.25981029868125916,0.23149195313453674,0.24093,0.011079054325819016,4.497,-2.738,0.226,115.198,0.91373
3867,232047.77,1,0.26145192980766296,0.23116081953048706,0.2411,0.011187068186700344,4.454,-2.696,0.232,114.349,0.91878
3868,232111.37,1,0.2627003490924835,0.2308328002691269,0.2407,0.011294281110167503,4.467,-2.687,0.237,114.536,0.91969
3869,232175.47,1,0.2654763460159302,0.2285412847995758,0.24056,0.011455478146672249,4.443,-2.671,0.269,114.294,0.91992
3870,232223.67,1,0.27041110396385193,0.23750093579292297,0.2385,0.012148618698120117,4.423,-2.701,0.302,114.25,0.92111
3871,232287.63,1,0.27318793535232544,0.2522490918636322,0.23521,0.012444941326975822,4.42,-2.692,0.268,114.358,0.92018
3872,232351.23,1,0.33302077651023865,0.32634323835372925,0.20421,0.013589287176728249,4.39,-2.763,0.257,114.396,0.91975
3873,232415.2,1,0.36883237957954407,0.3906486928462982,0.1789,0.014562994241714478,4.276,-2.781,0.235,114.292,0.91919
3874,232463.43,1,0.37676963210105896,0.39627188444137573,0.17397,0.014561222866177559,4.273,-2.801,0.235,114.372,0.92056
3875,232527.37,1,0.3717646300792694,0.38631492853164673,0.17667,0.014553280547261238,4.27,-2.807,0.222,114.409,0.91947
3876,232591.33,1,0.3685246407985687,0.37691423296928406,0.18096,0.014431111514568329,4.273,-2.808,0.181,114.279,0.91991
3877,232655.33,1,0.364673912525177,0.37230464816093445,0.18279,0.01413801684975624,4.269,-2.806,0.148,114.371,0.9204
3878,232703.43,1,0.35791856050491333,0.36517754197120667,0.18642,0.013899668119847775,4.283,-2.803,0.133,114.396,0.92048
3879,232767.67,1,0.3539620041847229,0.35527360439300537,0.1904,0.013741828501224518,4.258,-2.82,0.145,114.253,0.92149
3880,232831.3,1,0.3460070490837097,0.3501030206680298,0.19287,0.013534657657146454,4.392,-2.872,0.112,114.358,0.92032
3881,232895.37,1,0.33984431624412537,0.33667030930519104,0.19869,0.01300256047397852,4.273,-2.897,0.184,114.347,0.91999
3882,232943.6,1,0.33933010697364807,0.32203882932662964,0.20379,0.012994449585676193,4.336,-2.854,0.241,114.248,0.91944
3883,233007.23,1,0.33033186197280884,0.30435827374458313,0.21068,0.012812827713787556,4.349,-2.829,0.259,114.504,0.91851
3884,233071.3,1,0.3231475353240967,0.29350385069847107,0.21438,0.013035420328378677,4.357,-2.81,0.24,114.571,0.91795
3885,233135.27,1,0.32068824768066406,0.28345993161201477,0.21842,0.013056079857051373,4.38,-2.797,0.24,115.155,0.91327
3886,233183.53,1,0.3192054331302643,0.2840620279312134,0.21795,0.012941081076860428,4.408,-2.803,0.269,115.303,0.91205
3887,233247.67,1,0.3111639618873596,0.27666500210762024,0.22058,0.012541537173092365,4.467,-2.798,0.269,115.361,0.91205
3888,233311.17,1,0.311592161655426,0.2730931341648102,0.22145,0.01258228998631239,4.492,-2.835,0.274,115.245,0.91248
3889,233375.3,1,0.31045863032341003,0.27237963676452637,0.22199,0.012715392746031284,4.5,-2.828,0.276,115.366,0.91171
3890,233423.47,1,0.30567869544029236,0.2711063623428345,0.22235,0.012344526126980782,4.523,-2.81,0.275,115.366,0.91214
3891,233487.57,1,0.3042382299900055,0.2669934630393982,0.22302,0.012014648877084255,4.514,-2.805,0.288,115.28,0.91202
3892,233551.53,1,0.29756855964660645,0.26372024416923523,0.22513,0.011888233944773674,4.471,-2.753,0.286,115.248,0.91216
3893,233615.23,1,0.293206125497818,0.25933897495269775,0.22634,0.011684725992381573,4.468,-2.758,0.282,115.229,0.91236
3894,233663.53,1,0.29557639360427856,0.25973814725875854,0.22667,0.011915751732885838,4.456,-2.749,0.273,114.356,0.91887
3895,233727.5,1,0.5496115684509277,0.520714521408081,0.09652,0.016892867162823677,4.236,-2.827,0.105,114.453,0.91952
3896,233791.2,1,0.6361628770828247,0.5737731456756592,0.05861,0.017037412151694298,4.184,-2.758,0.132,114.43,0.91926
3897,233855.23,1,0.6044979691505432,0.5429753065109253,0.06698,0.017446031793951988,4.327,-2.77,0.226,114.324,0.91976
3898,233903.53,1,0.5444093942642212,0.4962616264820099,0.08987,0.016557732596993446,4.358,-2.773,0.263,114.559,0.91934
3899,233967.6,1,0.47198083996772766,0.4080386161804199,0.12383,0.015171469189226627,4.378,-2.732,0.314,114.297,0.91928
3900,234031.13,1,0.40828585624694824,0.3606370985507965,0.14961,0.014770246110856533,4.385,-2.734,0.324,114.29,0.91864
3901,234095.23,1,0.38519081473350525,0.34024494886398315,0.16186,0.014291495084762573,4.39,-2.72,0.332,114.557,0.91797
3902,234143.43,1,0.35643842816352844,0.31081825494766235,0.17795,0.013919378630816936,4.4,-2.692,0.324,114.611,0.91672
3903,234207.33,1,0.34457990527153015,0.2905009090900421,0.18958,0.013759095221757889,4.523,-2.675,0.272,115.263,0.91216
3904,234271.33,1,0.3385193943977356,0.2894749045372009,0.19489,0.013239159248769283,4.509,-2.705,0.272,115.331,0.91162
3905,234335.23,1,0.31097546219825745,0.28200793266296387,0.20583,0.012769619934260845,4.53,-2.69,0.266,115.346,0.91219
3906,234383.5,1,0.30675750970840454,0.2697985768318176,0.21132,0.012705343775451183,4.531,-2.708,0.247,115.31,0.9119
3907,234447.87,1,0.30108916759490967,0.2657545208930969,0.21491,0.013095198199152946,4.515,-2.731,0.249,115.396,0.91208
3908,234511.4,1,0.29806503653526306,0.2625478506088257,0.21688,0.012884950265288353,4.532,-2.744,0.274,115.408,0.91222
3909,234575.3,1,0.3040194511413574,0.264464408159256,0.21938,0.013292800635099411,4.547,-2.724,0.291,115.302,0.91268
3910,234623.53,1,0.3029358685016632,0.26450929045677185,0.21971,0.013130389153957367,4.533,-2.723,0.292,115.363,0.91216
3911,234687.53,1,0.2999218702316284,0.2617417275905609,0.22253,0.012761183083057404,4.472,-2.74,0.281,115.369,0.91196
3912,234751.47,1,0.30060771107673645,0.26297542452812195,0.22214,0.012120558880269527,4.486,-2.741,0.28,115.36,0.9111
3913,234815.23,1,0.2985203266143799,0.26162391901016235,0.22299,0.011978969909250736,4.456,-2.741,0.276,115.411,0.9111
3914,234863.67,1,0.2953510284423828,0.2580508589744568,0.22433,0.0119942557066679,4.454,-2.742,0.275,115.383,0.91168
3915,234927.53,1,0.29434770345687866,0.2576208710670471,0.22473,0.012020125053822994,4.449,-2.746,0.286,115.342,0.91069
3916,234991.23,1,0.2879496216773987,0.25637272000312805,0.22682,0.012060203589498997,4.452,-2.751,0.292,115.432,0.91096
3917,235055.3,1,0.2899160087108612,0.25500816106796265,0.22775,0.01198716089129448,4.363,-2.725,0.305,115.439,0.91123
3918,235103.57,1,0.2924054265022278,0.25650450587272644,0.22811,0.012505194172263145,4.319,-2.722,0.335,115.323,0.9125
3919,235167.3,1,0.29170775413513184,0.2568713426589966,0.22829,0.012215678580105305,4.273,-2.753,0.333,115.467,0.9119
3920,235231.27,1,0.2912028133869171,0.2558031380176544,0.22871,0.012163164094090462,4.272,-2.733,0.336,115.452,0.91148
3921,235295.3,1,0.2948698401451111,0.25478219985961914,0.22968,0.012259392999112606,4.206,-2.768,0.39,115.368,0.91148
3922,235343.33,1,0.2937299907207489,0.2568105161190033,0.2288,0.012406365014612675,4.221,-2.773,0.375,115.472,0.9111
3923,235407.23,1,0.2924766540527344,0.25621333718299866,0.2294,0.012323983013629913,4.238,-2.753,0.382,115.441,0.91183
3924,235471.37,1,0.2864229381084442,0.2548849880695343,0.23276,0.012517872266471386,4.204,-2.749,0.385,115.324,0.91172
3925,235535.27,1,0.2824989855289459,0.2545522451400757,0.23247,0.012514479458332062,4.232,-2.743,0.37,115.378,0.91123
3926,235583.5,1,0.2804204225540161,0.2532535493373871,0.23361,0.012424638494849205,4.241,-2.752,0.365,115.386,0.91147
3927,235647.53,1,0.28137046098709106,0.2528686821460724,0.23369,0.012560688890516758,4.242,-2.765,0.365,115.342,0.91169
3928,235711.37,1,0.27884170413017273,0.25588250160217285,0.23292,0.012500273995101452,4.298,-2.73,0.364,115.485,0.91146
3929,235775.27,1,0.28235021233558655,0.25992220640182495,0.2327,0.012647027149796486,4.268,-2.728,0.337,115.364,0.9115
3930,235823.57,1,0.2808402478694916,0.2572927474975586,0.23252,0.012714876793324947,4.316,-2.751,0.359,115.325,0.91196
3931,235887.3,1,0.2811148464679718,0.2570679187774658,0.23244,0.012474852614104748,4.305,-2.75,0.375,115.444,0.91134
3932,235951.6,1,0.2802896797657013,0.2533045709133148,0.23304,0.01224171370267868,4.275,-2.781,0.375,115.456,0.91205
3933,236015.2,1,0.2853032946586609,0.25574374198913574,0.23288,0.012264244258403778,4.233,-2.767,0.368,115.371,0.9116
3934,236063.6,1,0.28495681285858154,0.25837889313697815,0.23187,0.012240888550877571,4.219,-2.778,0.373,115.476,0.91081
3935,236127.43,1,0.2831892669200897,0.25631701946258545,0.23143,0.012055870145559311,4.247,-2.764,0.389,115.472,0.91083
3936,236191.13,1,0.28609758615493774,0.2553350329399109,0.23201,0.012038501910865307,4.227,-2.761,0.404,115.344,0.91087
3937,236255.43,1,0.28414201736450195,0.25813961029052734,0.23132,0.012036982923746109,4.238,-2.743,0.433,115.429,0.91164
3938,236303.47,1,0.2831762433052063,0.2554338574409485,0.23192,0.012025329284369946,4.233,-2.74,0.416,115.414,0.91154
3939,236367.43,1,0.2876998782157898,0.25126907229423523,0.23295,0.012166502885520458,4.195,-2.711,0.413,115.321,0.91123
3940,236431.17,1,0.2926289439201355,0.25239065289497375,0.23351,0.01238256599754095,4.183,-2.73,0.432,115.413,0.91129
3941,236495.27,1,0.28759780526161194,0.25234755873680115,0.23381,0.012646498158574104,4.194,-2.751,0.426,115.398,0.91184
3942,236543.37,1,0.2898845374584198,0.2513933479785919,0.23384,0.012863880954682827,4.205,-2.772,0.44,115.312,0.91098
3943,236607.3,1,0.28598839044570923,0.2538386285305023,0.23393,0.012845293618738651,4.216,-2.783,0.449,115.396,0.91118
3944,236671.33,1,0.28429466485977173,0.25207480788230896,0.23462,0.01263311505317688,4.214,-2.769,0.448,115.373,0.9115
3945,236735.17,1,0.28902798891067505,0.25251293182373047,0.2339,0.012550970539450645,4.21,-2.776,0.462,115.275,0.91155
3946,236783.53,1,0.2847636640071869,0.2550906836986542,0.23338,0.012328086420893669,4.213,-2.765,0.468,115.24,0.91387
3947,236847.33,1,0.28454622626304626,0.2530236840248108,0.23403,0.012388178147375584,4.152,-2.73,0.463,115.204,0.91416
3948,236911.13,1,0.2819971442222595,0.25477367639541626,0.23329,0.012358173727989197,4.163,-2.711,0.469,114.317,0.9203
3949,236975.27,1,0.27993243932724,0.25374680757522583,0.23346,0.012421720661222935,4.18,-2.726,0.463,114.406,0.9204
3950,237023.23,1,0.27884310483932495,0.25306516885757446,0.23365,0.012276599183678627,4.17,-2.734,0.467,114.426,0.92038
3951,237087.67,1,0.27892863750457764,0.25195857882499695,0.23532,0.012847978621721268,4.113,-2.851,0.489,114.329,0.91994
3952,237151.17,1,0.27869412302970886,0.2539394497871399,0.23484,0.013091801665723324,4.133,-2.878,0.497,114.406,0.92066
3953,237215.2,1,0.2789182662963867,0.24595174193382263,0.23574,0.013073990121483803,4.121,-2.859,0.498,114.381,0.9213
3954,237263.57,1,0.28093788027763367,0.2430417686700821,0.23652,0.013039893470704556,4.103,-2.862,0.521,114.28,0.92091
3955,237327.47,1,0.27684009075164795,0.24222125113010406,0.23675,0.01250924076884985,4.112,-2.855,0.51,114.574,0.91906
3956,237391.2,1,0.27700433135032654,0.24231597781181335,0.23673,0.012491164728999138,4.112,-2.861,0.493,114.619,0.91856
3957,237455.2,1,0.280974805355072,0.24334080517292023,0.23661,0.012807823717594147,4.113,-2.877,0.491,115.247,0.91273
3958,237503.2,1,0.2785593271255493,0.24500398337841034,0.23603,0.012648985721170902,4.111,-2.876,0.471,115.527,0.91239
3959,237567.83,1,0.28421708941459656,0.24793283641338348,0.23382,0.013206196017563343,4.099,-2.855,0.439,115.287,0.91367
3960,237631.13,1,0.2802613377571106,0.24913477897644043,0.23401,0.01262799371033907,4.179,-2.833,0.459,115.225,0.91324
3961,237695.27,1,0.27429449558258057,0.24873873591423035,0.23462,0.011958200484514236,4.186,-2.827,0.431,115.21,0.91465
3962,237743.4,1,0.2700550854206085,0.24500036239624023,0.23611,0.01183647196739912,4.188,-2.804,0.438,115.255,0.91443
3963,237807.57,1,0.2639928460121155,0.24561460316181183,0.23743,0.011800473555922508,4.186,-2.786,0.467,115.127,0.91391
3964,237871.47,1,0.2666221559047699,0.24863265454769135,0.23622,0.012281961739063263,4.125,-2.765,0.468,115.192,0.91532
3965,237935.37,1,0.2643006443977356,0.24936822056770325,0.2361,0.011982412077486515,4.129,-2.764,0.458,115.212,0.9144
3966,237983.27,1,0.2713237702846527,0.2537374198436737,0.23493,0.011911293491721153,4.104,-2.782,0.452,115.143,0.9148
3967,238047.37,1,0.2738189399242401,0.27050119638442993,0.23031,0.01302161905914545,4.023,-2.899,0.383,115.204,0.91428
3968,238111.23,1,0.27410319447517395,0.27194759249687195,0.22752,0.012833702377974987,4.014,-2.945,0.334,115.195,0.9152
3969,238175.23,1,0.2751672863960266,0.2728986442089081,0.2273,0.01291347574442625,3.993,-2.946,0.292,115.042,0.91464
3970,238223.6,1,0.27572834491729736,0.2783644497394562,0.22585,0.01290791667997837,3.949,-2.99,0.294,115.196,0.91515
3971,238287.5,1,0.2760278284549713,0.2771679162979126,0.22585,0.013084840960800648,3.952,-3.008,0.295,115.181,0.91453
3972,238351.17,1,0.27957645058631897,0.27843111753463745,0.22435,0.013285922817885876,3.948,-3.051,0.298,115.108,0.91418
3973,238415.23,1,0.2788810133934021,0.2800194025039673,0.22398,0.01326729916036129,3.971,-3.093,0.31,115.069,0.91563
3974,238463.3,1,0.2770022451877594,0.2783982455730438,0.22479,0.01316214818507433,3.946,-3.08,0.306,115.026,0.91573
3975,238527.23,1,0.2766433358192444,0.2757643163204193,0.22566,0.013231286779046059,3.973,-3.059,0.327,114.203,0.92186
3976,238591.57,1,0.2747649848461151,0.27302291989326477,0.22594,0.013305465690791607,3.95,-3.049,0.321,114.233,0.92241
3977,238655.6,1,0.276356041431427,0.27679261565208435,0.22391,0.013106300495564938,3.929,-3.067,0.313,114.195,0.92312
3978,238703.23,1,0.2823604643344879,0.2807692289352417,0.2224,0.013254876248538494,3.903,-3.07,0.314,114.091,0.92238
3979,238767.3,1,0.512921929359436,0.5120834112167358,0.10942,0.0169012863188982,3.944,-3.016,0.297,114.2,0.92319
3980,238831.57,1,0.5422893762588501,0.5522420406341553,0.08905,0.017338139936327934,3.831,-2.884,0.364,114.219,0.92314
3981,238895.27,1,0.5223750472068787,0.5297520160675049,0.09582,0.01747281476855278,3.868,-2.795,0.409,114.063,0.92401
3982,238943.57,1,0.5125460624694824,0.5175512433052063,0.10022,0.01726011000573635,3.865,-2.793,0.422,114.354,0.92259
3983,239007.57,1,0.49180489778518677,0.504740834236145,0.10819,0.016882799565792084,3.89,-2.781,0.449,114.383,0.92346
3984,239071.3,1,0.45031240582466125,0.4552554488182068,0.13108,0.01573326252400875,3.823,-2.81,0.501,115.016,0.91638
3985,239135.33,1,0.4255838692188263,0.43721091747283936,0.1418,0.015660444274544716,3.827,-2.837,0.474,115.144,0.91649
3986,239183.33,1,0.40026235580444336,0.3962167501449585,0.15599,0.015388399362564087,3.846,-2.85,0.452,115.157,0.91508
3987,239247.6,1,0.3797582983970642,0.36118748784065247,0.17039,0.015245063230395317,3.918,-2.914,0.422,115.1,0.91542
3988,239311.43,1,0.36762797832489014,0.3451120853424072,0.17728,0.014612367376685143,3.948,-2.907,0.393,115.302,0.91512
3989,239375.27,1,0.36130422353744507,0.3372379541397095,0.18379,0.014377119019627571,3.914,-2.972,0.417,115.041,0.91507
3990,239423.53,1,0.3436809778213501,0.33389750123023987,0.18948,0.01500510610640049,3.896,-2.964,0.433,115.075,0.91545
3991,239487.13,1,0.3333659768104553,0.32979780435562134,0.19429,0.014648932963609695,3.826,-2.997,0.41,115.06,0.91676
3992,239551.2,1,0.32807251811027527,0.32453757524490356,0.19671,0.014421825297176838,3.843,-2.982,0.422,115.02,0.91684
3993,239615.23,1,0.3269364535808563,0.32012829184532166,0.19757,0.014482793398201466,3.856,-2.978,0.43,114.097,0.92471
3994,239663.6,1,0.3242393136024475,0.31983083486557007,0.19905,0.014472970739006996,3.787,-2.981,0.414,114.197,0.92329
3995,239727.6,1,0.3230385482311249,0.3198525607585907,0.20032,0.014443154446780682,3.735,-2.998,0.4,114.204,0.92385
3996,239791.17,1,0.3274790048599243,0.32322928309440613,0.20058,0.014296145178377628,3.705,-3.002,0.383,114.08,0.92379
3997,239855.2,1,0.32808002829551697,0.32482895255088806,0.20016,0.014183889143168926,3.727,-3.011,0.365,114.177,0.92349
3998,239903.43,1,0.32265546917915344,0.32075443863868713,0.20176,0.013897725380957127,3.751,-3.01,0.363,114.174,0.92265
3999,239967.2,1,0.3221313953399658,0.3193056583404541,0.20343,0.01367912907153368,3.913,-3.087,0.325,114.077,0.92275
4000,240031.17,1,0.3192349672317505,0.31808167695999146,0.20392,0.013508769683539867,3.912,-3.091,0.336,114.316,0.92249
4001,240095.13,1,0.3146819770336151,0.3142056167125702,0.20498,0.013931316323578358,3.942,-3.057,0.334,114.38,0.92174
4002,240143.5,1,0.3184964954853058,0.3119037449359894,0.20493,0.014190591871738434,3.939,-3.05,0.361,114.986,0.91707
4003,240207.47,1,0.31647977232933044,0.31127965450286865,0.20563,0.01421422604471445,3.905,-3.08,0.356,115.148,0.91588
4004,240271.23,1,0.3150636553764343,0.3107260763645172,0.20621,0.014232825487852097,3.889,-3.066,0.363,115.162,0.91577
4005,240335.13,1,0.31896814703941345,0.31192824244499207,0.20659,0.014311554841697216,3.895,-3.081,0.365,115.005,0.91655
4006,240383.33,1,0.32982906699180603,0.3192524313926697,0.20303,0.014486659318208694,3.882,-3.051,0.425,115.145,0.9154
4007,240447.63,1,0.32291650772094727,0.30955928564071655,0.20733,0.014701318927109241,3.895,-3.063,0.477,115.14,0.91498
4008,240511.13,1,0.31847405433654785,0.2967965304851532,0.21023,0.014710391871631145,3.883,-3.041,0.489,115.032,0.9146
4009,240575.27,1,0.30411967635154724,0.2840077877044678,0.21574,0.014483134262263775,3.91,-3.038,0.498,115.153,0.91402
4010,240623.47,1,0.3036358952522278,0.28193145990371704,0.21619,0.014269762672483921,3.882,-2.997,0.516,115.16,0.91489
4011,240687.17,1,0.3146650791168213,0.28675928711891174,0.21495,0.014729058369994164,3.87,-2.973,0.519,115.062,0.91504
4012,240751.43,1,0.31607747077941895,0.287661075592041,0.21384,0.01465496327728033,3.846,-2.97,0.524,115.16,0.91568
4013,240815.13,1,0.32209259271621704,0.2967284321784973,0.20907,0.014360041357576847,3.877,-2.994,0.521,115.157,0.91476
4014,240863.5,1,0.3191557228565216,0.3014056086540222,0.20783,0.014300419017672539,3.889,-3.005,0.495,115.075,0.91419
4015,240927.13,1,0.3133491575717926,0.3032206594944,0.20926,0.01431997213512659,3.802,-3.016,0.45,115.181,0.9151
4016,240991.13,1,0.3084530830383301,0.3029291033744812,0.21031,0.013957404531538486,3.789,-3.022,0.436,115.193,0.91485
4017,241055.17,1,0.3069295585155487,0.30003151297569275,0.21176,0.014223837293684483,3.759,-3.045,0.44,115.089,0.91462
4018,241103.27,1,0.3040565550327301,0.29983577132225037,0.21198,0.014211692847311497,3.742,-3.038,0.424,115.36,0.91497
4019,241167.17,1,0.3029855191707611,0.29449623823165894,0.2138,0.014233602210879326,3.763,-3.044,0.415,115.137,0.91519
4020,241231.17,1,0.30459192395210266,0.2965118885040283,0.21406,0.01418872456997633,3.75,-3.103,0.404,114.154,0.9221
4021,241295.47,1,0.30211499333381653,0.2964229881763458,0.21384,0.014242810197174549,3.741,-3.118,0.38,114.244,0.92312
4022,241343.33,1,0.29845285415649414,0.295651912689209,0.21436,0.014010612852871418,3.729,-3.122,0.38,114.225,0.92298
4023,241407.67,1,0.29931238293647766,0.29082465171813965,0.2158,0.013933445326983929,3.673,-3.213,0.375,114.139,0.92277
4024,241471.17,1,0.2975657284259796,0.2928961515426636,0.21517,0.013760506175458431,3.648,-3.198,0.37,114.245,0.92268
4025,241535.23,1,0.2977263033390045,0.29309922456741333,0.21566,0.013625179417431355,3.609,-3.224,0.344,114.217,0.92219
4026,241583.03,1,0.29819947481155396,0.2940717339515686,0.21568,0.013854081742465496,3.637,-3.258,0.359,114.134,0.92385
4027,241647.1,1,0.29698535799980164,0.29303792119026184,0.21633,0.014049893245100975,3.671,-3.219,0.358,114.411,0.92153
4028,241711.1,1,0.296201229095459,0.2937003970146179,0.21629,0.014111457392573357,3.655,-3.231,0.364,114.48,0.92038
4029,241775.1,1,0.2978226840496063,0.2941814363002777,0.21616,0.014400728046894073,3.6,-3.296,0.356,115.099,0.91558
4030,241823.33,1,0.294473797082901,0.2944386303424835,0.2165,0.01422608457505703,3.611,-3.302,0.34,115.228,0.91536
4031,241887.5,1,0.293742835521698,0.29395532608032227,0.21669,0.014116087928414345,3.617,-3.266,0.325,115.199,0.9151
4032,241951.1,1,0.2971423268318176,0.29753491282463074,0.21518,0.014184416271746159,3.647,-3.275,0.31,115.124,0.91607
4033,242015.17,1,0.29876279830932617,0.29940104484558105,0.21485,0.01460814569145441,3.627,-3.258,0.328,115.235,0.91571
4034,242063.37,1,0.2974352538585663,0.29900434613227844,0.21461,0.014311689883470535,3.648,-3.251,0.309,115.223,0.91511
4035,242127.47,1,0.2992119789123535,0.29713892936706543,0.2155,0.014466768130660057,3.633,-3.243,0.341,115.133,0.915
4036,242191.13,1,0.2965867221355438,0.2980329692363739,0.21534,0.014643811620771885,3.637,-3.201,0.334,115.197,0.91563
4037,242255.23,1,0.2928817868232727,0.29496124386787415,0.21646,0.014232255518436432,3.647,-3.164,0.335,115.186,0.91587
4038,242303.3,1,0.2944678068161011,0.29356735944747925,0.21761,0.014345753006637096,3.657,-3.142,0.341,115.057,0.91659
4039,242367.17,1,0.29186099767684937,0.293632447719574,0.21772,0.014350122772157192,3.715,-3.131,0.339,115.158,0.91572
4040,242431.57,1,0.287904292345047,0.2931685745716095,0.2184,0.01436549425125122,3.743,-3.107,0.337,115.172,0.91527
4041,242495.47,1,0.2933794856071472,0.29038453102111816,0.2191,0.014589192345738411,3.747,-3.113,0.356,115.094,0.9147
4042,242543.23,1,0.29295647144317627,0.2910057604312897,0.219,0.014517565257847309,3.716,-3.148,0.356,115.179,0.91423
4043,242607.33,1,0.29061388969421387,0.28981825709342957,0.22017,0.014382932335138321,3.684,-3.204,0.37,115.214,0.91451
4044,242671.1,1,0.49610435962677,0.46776634454727173,0.11987,0.019129494205117226,3.762,-3.13,0.363,115.103,0.91415
4045,242735.2,1,0.6305080652236938,0.6038525700569153,0.05412,0.019648510962724686,3.556,-3.018,0.342,115.087,0.91636
4046,242783.3,1,0.6126949787139893,0.572175145149231,0.06334,0.0184339452534914,3.548,-3.021,0.368,115.041,0.91718
4047,242847.6,1,0.5757968425750732,0.5715830326080322,0.0712,0.018586548045277596,3.535,-2.999,0.395,114.21,0.92325
4048,242911.1,1,0.5480754375457764,0.5431926250457764,0.08305,0.018415257334709167,3.534,-3.003,0.403,114.418,0.92261
4049,242975.13,1,0.4887407422065735,0.502360999584198,0.10716,0.017975838854908943,3.512,-3.033,0.431,114.128,0.9237
4050,243023.4,1,0.45395010709762573,0.4714508056640625,0.12292,0.017632564529776573,3.476,-3.071,0.438,114.115,0.92425
4051,243087.37,1,0.395875483751297,0.4223802387714386,0.14637,0.016332268714904785,3.42,-3.089,0.443,114.236,0.92254
4052,243151.17,1,0.38701361417770386,0.4055890142917633,0.15415,0.01623009890317917,3.451,-3.075,0.572,114.238,0.92252
4053,243215.07,1,0.37625813484191895,0.3638039827346802,0.16877,0.014702440239489079,3.383,-3.094,0.679,114.121,0.9236
4054,243263.4,1,0.36968910694122314,0.34613555669784546,0.17405,0.014544379897415638,3.385,-3.087,0.695,114.404,0.92175
4055,243327.47,1,0.3580237627029419,0.31615394353866577,0.18389,0.014682627283036709,3.461,-3.015,0.7,114.444,0.92
4056,243391.0,1,0.3395876884460449,0.3110995292663574,0.19309,0.014881093986332417,3.474,-3.042,0.721,115.133,0.91405
4057,243455.13,1,0.3388324975967407,0.3189479112625122,0.19343,0.014556550420820713,3.504,-3.06,0.666,115.261,0.91405
4058,243503.3,1,0.3305744230747223,0.3178521990776062,0.19618,0.014493550173938274,3.537,-3.076,0.608,115.238,0.91462
4059,243567.1,1,0.3299311399459839,0.3135696053504944,0.19934,0.014364643953740597,3.546,-3.12,0.558,115.144,0.91431
4060,243631.1,1,0.32576891779899597,0.31361815333366394,0.19966,0.014487966895103455,3.548,-3.137,0.528,115.264,0.91445
4061,243695.23,1,0.3211531341075897,0.31178075075149536,0.20223,0.014055694453418255,3.493,-3.146,0.51,115.259,0.91476
4062,243743.37,1,0.3207955062389374,0.31168338656425476,0.20342,0.01415831595659256,3.488,-3.146,0.499,115.198,0.91435
4063,243807.5,1,0.31927552819252014,0.31249046325683594,0.20358,0.014129361137747765,3.489,-3.137,0.483,115.097,0.91638
4064,243871.1,1,0.3155689537525177,0.3112186789512634,0.20473,0.014217527583241463,3.491,-3.137,0.463,115.094,0.91611
4065,243935.03,1,0.31529632210731506,0.30937469005584717,0.20612,0.014421776868402958,3.512,-3.138,0.456,114.237,0.92155
4066,243983.07,1,0.31210049986839294,0.30976369976997375,0.20655,0.014119480736553669,3.496,-3.117,0.423,114.324,0.92207
4067,244047.47,1,0.3117469847202301,0.30650192499160767,0.20747,0.014255562797188759,3.463,-3.098,0.422,114.318,0.92214
4068,244111.03,1,0.31513747572898865,0.3055340051651001,0.20777,0.014786935411393642,3.474,-3.121,0.43,114.189,0.92235
4069,244175.2,1,0.3130321204662323,0.30461350083351135,0.20748,0.014488933607935905,3.504,-3.137,0.43,114.293,0.92269
4070,244223.3,1,0.314928263425827,0.3033779263496399,0.20792,0.01460916269570589,3.482,-3.152,0.451,114.303,0.92123
4071,244287.17,1,0.31480085849761963,0.3032786548137665,0.20812,0.014760354533791542,3.47,-3.173,0.455,114.206,0.9222
4072,244351.13,1,0.31156814098358154,0.3016335368156433,0.20935,0.014884869568049908,3.453,-3.174,0.459,114.302,0.92152
4073,244415.2,1,0.3089749217033386,0.3024243414402008,0.21008,0.014870862476527691,3.421,-3.198,0.468,114.303,0.92242
4074,244463.23,1,0.3108174502849579,0.30271223187446594,0.21001,0.015321957878768444,3.42,-3.198,0.472,114.199,0.92182
4075,244527.43,1,0.30817046761512756,0.30481457710266113,0.20989,0.015481851994991302,3.426,-3.197,0.499,114.291,0.9217
4076,244591.07,1,0.30961379408836365,0.30442097783088684,0.20992,0.015412448905408382,3.43,-3.208,0.508,114.302,0.9227
4077,244655.2,1,0.3119063377380371,0.30591464042663574,0.20967,0.015718547627329826,3.414,-3.241,0.504,114.157,0.92442
4078,244703.3,1,0.30932456254959106,0.3062191903591156,0.21009,0.01558729913085699,3.395,-3.242,0.517,114.365,0.92366
4079,244767.1,1,0.310578852891922,0.30658090114593506,0.21104,0.015658164396882057,3.334,-3.262,0.508,114.084,0.9249
4080,244831.2,1,0.3146247863769531,0.3107761740684509,0.20944,0.015579631552100182,3.349,-3.239,0.521,114.146,0.92227
4081,244895.03,1,0.3108327388763428,0.30941706895828247,0.20963,0.015502273105084896,3.372,-3.237,0.504,114.418,0.92076
4082,244943.4,1,0.30752888321876526,0.30930790305137634,0.20992,0.015210363082587719,3.359,-3.203,0.494,114.424,0.92176
4083,245007.3,1,0.31100255250930786,0.3095698356628418,0.20884,0.015229851007461548,3.369,-3.222,0.491,115.057,0.91663
4084,245071.1,1,0.3104884922504425,0.3102912902832031,0.20891,0.015180491842329502,3.369,-3.204,0.49,115.2,0.91466
4085,245135.37,1,0.30760660767555237,0.30687496066093445,0.20958,0.014723038300871849,3.41,-3.167,0.494,115.226,0.91448
4086,245183.2,1,0.3062898516654968,0.3050035536289215,0.21104,0.014718377031385899,3.427,-3.153,0.491,115.132,0.91583
4087,245247.1,1,0.3072966933250427,0.3050262928009033,0.21075,0.014819216914474964,3.409,-3.152,0.473,115.232,0.91432
4088,245311.03,1,0.3075323700904846,0.305563747882843,0.21114,0.014746006578207016,3.386,-3.159,0.439,115.232,0.91435
4089,245375.1,1,0.30849647521972656,0.3064074218273163,0.21254,0.015428167767822742,3.404,-3.183,0.444,115.152,0.91458
4090,245423.4,1,0.3096933662891388,0.30727672576904297,0.2125,0.015445291996002197,3.394,-3.203,0.44,115.237,0.9142
4091,245487.1,1,0.30590903759002686,0.30574989318847656,0.21283,0.015224238857626915,3.406,-3.206,0.452,115.223,0.91483
4092,245551.07,1,0.3047938644886017,0.3023480772972107,0.214,0.015254738740622997,3.463,-3.233,0.484,115.102,0.91556
4093,245615.17,1,0.2979321777820587,0.3001136779785156,0.21456,0.01480716560035944,3.534,-3.221,0.481,115.162,0.91532
4094,245663.4,1,0.2941191494464874,0.2973041534423828,0.21639,0.01479190494865179,3.461,-3.226,0.501,115.171,0.9155
4095,245727.07,1,0.29445672035217285,0.29477471113204956,0.21701,0.014988566748797894,3.459,-3.253,0.477,115.051,0.91631
4096,245791.13,1,0.289419949054718,0.2936569154262543,0.21748,0.014630820602178574,3.452,-3.254,0.467,115.16,0.91572
4097,245855.17,1,0.28773292899131775,0.2919866442680359,0.21793,0.014989390037953854,3.447,-3.2,0.485,115.191,0.91577
4098,245903.37,1,0.28851911425590515,0.29149922728538513,0.21896,0.014957846142351627,3.467,-3.186,0.484,115.093,0.91603
4099,245967.23,1,0.2880159616470337,0.29303205013275146,0.21875,0.01501139160245657,3.467,-3.188,0.478,115.068,0.91739
4100,246031.17,1,0.28728464245796204,0.2918543517589569,0.21943,0.014762393198907375,3.478,-3.18,0.481,115.027,0.91687
4101,246095.1,1,0.2904414236545563,0.2887420952320099,0.22085,0.014941014349460602,3.455,-3.189,0.501,114.147,0.92366
4102,246143.4,1,0.29286712408065796,0.29454758763313293,0.21957,0.015086282975971699,3.464,-3.185,0.521,114.288,0.92101
4103,246207.13,1,0.3102934956550598,0.29581132531166077,0.21283,0.014934677630662918,3.573,-3.091,0.584,114.283,0.92169
4104,246271.1,1,0.3253757655620575,0.30041995644569397,0.20603,0.01516230870038271,3.567,-3.063,0.636,114.206,0.92198
4105,246335.07,1,0.3213292956352234,0.29973047971725464,0.20672,0.015202541835606098,3.562,-3.067,0.65,114.237,0.92185
4106,246383.5,1,0.31801262497901917,0.2978307604789734,0.20828,0.015194883570075035,3.553,-3.069,0.658,114.262,0.92095
4107,246447.13,1,0.31838634610176086,0.2977778911590576,0.20805,0.015348808839917183,3.633,-3.066,0.634,114.136,0.92327
4108,246511.47,1,0.318715900182724,0.30663982033729553,0.20709,0.01568637602031231,3.569,-3.115,0.594,114.375,0.92316
4109,246575.17,1,0.3158201575279236,0.30620503425598145,0.2076,0.0156679879873991,3.579,-3.109,0.561,114.1,0.92437
4110,246623.27,1,0.3085451126098633,0.30570241808891296,0.20939,0.015777161344885826,3.581,-3.098,0.528,115.108,0.91396
4111,246687.07,1,0.3072052001953125,0.30466604232788086,0.20993,0.01544629130512476,3.581,-3.1,0.516,115.206,0.9145
4112,246751.13,1,0.3060424029827118,0.30435845255851746,0.2109,0.015320245176553726,3.508,-3.169,0.502,115.203,0.9152
4113,246815.07,1,0.30924463272094727,0.30669060349464417,0.21008,0.015493062324821949,3.528,-3.217,0.516,115.127,0.91543
4114,246863.47,1,0.30836978554725647,0.30549654364585876,0.20967,0.015424263663589954,3.53,-3.225,0.491,115.228,0.91524
4115,246927.47,1,0.30993831157684326,0.3083136975765228,0.20819,0.015319670550525188,3.545,-3.243,0.487,115.24,0.91551
4116,246991.1,1,0.322136253118515,0.30603137612342834,0.20832,0.015143154188990593,3.568,-3.212,0.529,115.143,0.91586
4117,247055.1,1,0.3247257471084595,0.30335503816604614,0.20591,0.014814915135502815,3.611,-3.166,0.539,115.102,0.91636
4118,247103.43,1,0.3206244111061096,0.2963694632053375,0.20774,0.01450895145535469,3.609,-3.136,0.551,115.075,0.91731
4119,247167.67,1,0.3175687789916992,0.29156818985939026,0.21096,0.014863529242575169,3.621,-3.135,0.574,114.211,0.92198
4120,247231.5,1,0.31879428029060364,0.29092004895210266,0.21125,0.015188634395599365,3.607,-3.137,0.579,114.257,0.92305
4121,247295.2,1,0.30495303869247437,0.28692057728767395,0.21481,0.014811964705586433,3.564,-3.11,0.615,114.283,0.9228
4122,247343.4,1,0.3043864667415619,0.28579285740852356,0.21598,0.014482970349490643,3.567,-3.09,0.632,114.145,0.92376
4123,247407.47,1,0.3013388514518738,0.28219717741012573,0.21731,0.014525985345244408,3.537,-3.085,0.599,114.26,0.92206
4124,247471.17,1,0.3028430938720703,0.2822112739086151,0.21775,0.014615959487855434,3.532,-3.078,0.599,114.262,0.92358
4125,247535.13,1,0.3098365068435669,0.28636229038238525,0.21759,0.014930499717593193,3.522,-3.091,0.608,114.154,0.92192
4126,247583.2,1,0.3097213804721832,0.2873099148273468,0.2172,0.014883059076964855,3.513,-3.071,0.608,114.416,0.9222
4127,247647.3,1,0.3080311119556427,0.2835533618927002,0.21841,0.015132959932088852,3.477,-3.068,0.606,114.491,0.92071
4128,247711.1,1,0.31066787242889404,0.28503915667533875,0.21822,0.015270913019776344,3.511,-3.083,0.611,115.139,0.91551
4129,247775.2,1,0.5691274404525757,0.5361359715461731,0.09237,0.01906309463083744,3.411,-3.165,0.45,115.293,0.91423
4130,247823.43,1,0.6390767693519592,0.6088451147079468,0.05245,0.01789192296564579,3.383,-3.154,0.499,115.286,0.91458
4131,247887.47,1,0.5947205424308777,0.5700187683105469,0.06334,0.017487257719039917,3.414,-3.106,0.595,115.232,0.91468
4132,247951.13,1,0.5811749696731567,0.5452090501785278,0.07138,0.017593294382095337,3.41,-3.095,0.638,115.262,0.91579
4133,248015.17,1,0.5122421383857727,0.4784836173057556,0.10138,0.01665554754436016,3.499,-3.101,0.703,115.272,0.91562
4134,248063.57,1,0.46345794200897217,0.42521581053733826,0.1243,0.016488414257764816,3.584,-3.058,0.727,115.163,0.91546
4135,248127.37,1,0.4156312048435211,0.3795911371707916,0.14659,0.015626754611730576,3.593,-3.014,0.735,115.276,0.91378
4136,248191.1,1,0.39970046281814575,0.34717899560928345,0.15875,0.015471113845705986,3.622,-3.003,0.745,115.271,0.91494
4137,248255.23,1,0.37014445662498474,0.33493390679359436,0.17513,0.01564309373497963,3.624,-2.977,0.732,115.172,0.91407
4138,248303.4,1,0.37008005380630493,0.3340066075325012,0.1761,0.015513615682721138,3.634,-2.978,0.727,115.39,0.91507
4139,248367.47,1,0.37245628237724304,0.3499045968055725,0.17415,0.015615567564964294,3.664,-2.983,0.693,115.181,0.91364
4140,248431.13,1,0.3567836582660675,0.34406691789627075,0.17919,0.01600567065179348,3.647,-2.98,0.669,115.186,0.91419
4141,248495.1,1,0.35183990001678467,0.34230366349220276,0.18204,0.01578054018318653,3.654,-3.014,0.623,115.289,0.91373
4142,248543.1,1,0.34325605630874634,0.33734330534935,0.18763,0.015490635298192501,3.612,-3.029,0.608,115.27,0.91491
4143,248607.7,1,0.34158849716186523,0.3345707356929779,0.1902,0.015653196722269058,3.574,-3.046,0.565,115.212,0.91293
4144,248671.13,1,0.3373563587665558,0.33427760004997253,0.1916,0.015805324539542198,3.58,-3.046,0.536,115.31,0.91321
4145,248735.13,1,0.3332001566886902,0.3282104730606079,0.19544,0.015510564669966698,3.571,-3.047,0.518,115.304,0.91359
4146,248783.2,1,0.3336312174797058,0.32824984192848206,0.19583,0.015633564442396164,3.602,-3.034,0.493,115.231,0.91357
4147,248847.2,1,0.3418092131614685,0.3334942162036896,0.19345,0.01580255664885044,3.615,-3.06,0.498,115.283,0.91417
4148,248911.1,1,0.35448524355888367,0.33320334553718567,0.19042,0.01569262705743313,3.661,-3.024,0.542,115.306,0.91458
4149,248975.07,1,0.35332831740379333,0.3079347610473633,0.19635,0.015241563320159912,3.705,-3.012,0.581,115.195,0.91346
4150,249023.3,1,0.3561934530735016,0.307226300239563,0.19522,0.015115614049136639,3.666,-3.029,0.618,115.277,0.91361
4151,249087.2,1,0.35220634937286377,0.2980039715766907,0.19717,0.014725030399858952,3.655,-3.05,0.626,115.26,0.91396
4152,249151.03,1,0.35128530859947205,0.2973305284976959,0.20014,0.014917493797838688,3.614,-3.084,0.648,115.153,0.91447
4153,249215.07,1,0.3531709909439087,0.30600592494010925,0.19816,0.01501206960529089,3.616,-3.077,0.655,115.259,0.91346
4154,249263.57,1,0.3551715910434723,0.3075542747974396,0.19747,0.015265156514942646,3.515,-3.142,0.645,115.235,0.91502
4155,249327.17,1,0.35395345091819763,0.3235252797603607,0.19606,0.015770405530929565,3.563,-3.234,0.573,115.103,0.91564
4156,249391.07,1,0.348050981760025,0.3251325488090515,0.19648,0.015942124649882317,3.57,-3.242,0.529,115.26,0.91415
4157,249455.17,1,0.34153294563293457,0.3257646858692169,0.19823,0.016143394634127617,3.556,-3.25,0.508,115.268,0.91473
4158,249503.23,1,0.338141530752182,0.32983431220054626,0.19936,0.01612544059753418,3.584,-3.263,0.522,115.155,0.91421
4159,249567.17,1,0.3318953514099121,0.3275829553604126,0.19979,0.0151663264259696,3.53,-3.249,0.516,115.24,0.91585
4160,249631.47,1,0.32930147647857666,0.3239683210849762,0.20249,0.014929916709661484,3.486,-3.271,0.54,115.273,0.91484
4161,249695.2,1,0.3362691104412079,0.32744094729423523,0.19935,0.014997566118836403,3.492,-3.264,0.521,115.138,0.91526
4162,249743.17,1,0.3326568603515625,0.3282896876335144,0.19948,0.015205005183815956,3.527,-3.288,0.491,115.242,0.91609
4163,249807.43,1,0.3355061411857605,0.3256663382053375,0.19994,0.015021886676549911,3.458,-3.292,0.545,115.247,0.91664
4164,249871.53,1,0.33445248007774353,0.32723185420036316,0.19988,0.014830212108790874,3.478,-3.296,0.526,115.129,0.91529
4165,249935.2,1,0.33014023303985596,0.32733219861984253,0.20002,0.01484462060034275,3.547,-3.293,0.523,115.245,0.91527
4166,249983.3,1,0.328247606754303,0.3253703713417053,0.20136,0.014953067526221275,3.514,-3.286,0.525,115.205,0.916
4167,250047.6,1,0.331586629152298,0.32811182737350464,0.20132,0.015265020541846752,3.491,-3.307,0.512,115.156,0.91571
4168,250111.23,1,0.3300570845603943,0.3280754089355469,0.2017,0.015338319353759289,3.457,-3.313,0.515,115.392,0.91554
4169,250175.1,1,0.33097872138023376,0.3267247974872589,0.20234,0.015416785143315792,3.483,-3.301,0.497,115.164,0.91622
4170,250223.07,1,0.3301696181297302,0.3286784291267395,0.20144,0.015458760783076286,3.472,-3.296,0.497,115.169,0.91591
4171,250287.53,1,0.32356980443000793,0.32663631439208984,0.20211,0.01528843306005001,3.503,-3.268,0.498,115.271,0.91559
4172,250351.1,1,0.31746596097946167,0.32524409890174866,0.20317,0.01515604555606842,3.528,-3.248,0.517,115.282,0.91606
4173,250415.03,1,0.3175758421421051,0.3219323456287384,0.20456,0.014942965470254421,3.53,-3.226,0.53,115.214,0.91519
4174,250463.47,1,0.3150773048400879,0.3212132155895233,0.20526,0.014805043116211891,3.519,-3.214,0.53,115.284,0.91584
4175,250527.1,1,0.31336885690689087,0.3185077905654907,0.20649,0.014693863689899445,3.502,-3.24,0.521,115.274,0.91609
4176,250591.0,1,0.3170503079891205,0.3204575181007385,0.20654,0.014631157740950584,3.47,-3.266,0.518,115.158,0.91534
4177,250655.23,1,0.3154328465461731,0.32151275873184204,0.20637,0.01471341960132122,3.475,-3.265,0.513,115.254,0.91634
4178,250703.43,1,0.316238135099411,0.32059213519096375,0.20754,0.014831239357590675,3.459,-3.258,0.486,115.277,0.9155
4179,250767.8,1,0.32152482867240906,0.32073095440864563,0.20699,0.015482344664633274,3.431,-3.315,0.484,115.18,0.917
4180,250831.1,1,0.31789183616638184,0.31875815987586975,0.20764,0.015426869504153728,3.431,-3.314,0.466,115.251,0.91584
4181,250895.2,1,0.31635206937789917,0.31767645478248596,0.20826,0.015355159528553486,3.396,-3.328,0.469,115.259,0.91602
4182,250943.1,1,0.3176821172237396,0.3151476979255676,0.20869,0.015349103137850761,3.421,-3.316,0.482,115.147,0.91626
4183,251007.3,1,0.31425586342811584,0.3121984601020813,0.20961,0.015270030125975609,3.47,-3.298,0.488,115.251,0.916
4184,251071.23,1,0.31178656220436096,0.30906227231025696,0.21116,0.015343050472438335,3.396,-3.285,0.507,115.262,0.91632
4185,251135.17,1,0.3147883713245392,0.30766621232032776,0.21102,0.01527054701000452,3.388,-3.284,0.507,115.163,0.91562
4186,251183.17,1,0.3139769732952118,0.3071681559085846,0.21114,0.01528539601713419,3.385,-3.278,0.504,115.273,0.91631
4187,251247.23,1,0.3108929395675659,0.3061636984348297,0.2112,0.015271049924194813,3.385,-3.247,0.502,115.288,0.91495
4188,251311.1,1,0.3097659945487976,0.30545422434806824,0.21172,0.015126080252230167,3.433,-3.244,0.525,115.186,0.91713
4189,251375.5,1,0.3077729046344757,0.3033222556114197,0.21235,0.015005865134298801,3.415,-3.257,0.514,115.27,0.9164
4190,251423.5,1,0.30584996938705444,0.3024427592754364,0.21276,0.014895744621753693,3.43,-3.265,0.514,115.253,0.91652
4191,251487.17,1,0.30764347314834595,0.30273669958114624,0.21318,0.015076804906129837,3.403,-3.267,0.513,115.144,0.9168
4192,251551.17,1,0.3040887713432312,0.30207064747810364,0.21362,0.014893030747771263,3.401,-3.263,0.505,115.253,0.91595
4193,251615.13,1,0.30391383171081543,0.3073510229587555,0.21332,0.014899678528308868,3.408,-3.269,0.51,115.248,0.91693
4194,251663.53,1,0.30429160594940186,0.30743610858917236,0.21349,0.014992860145866871,3.442,-3.293,0.502,115.15,0.91506
4195,251727.23,1,0.3081206679344177,0.3076848089694977,0.2124,0.01499864924699068,3.421,-3.279,0.499,115.265,0.9154
4196,251791.43,1,0.3081633150577545,0.30753934383392334,0.21277,0.01484059076756239,3.413,-3.266,0.498,115.232,0.91625
4197,251855.07,1,0.30812183022499084,0.3041402995586395,0.21394,0.015019472688436508,3.396,-3.27,0.512,115.146,0.9164
4198,251903.1,1,0.30609792470932007,0.30439892411231995,0.21392,0.015119148418307304,3.383,-3.281,0.519,115.395,0.91574
4199,251967.07,1,0.30898427963256836,0.3073761463165283,0.21324,0.015504288487136364,3.367,-3.293,0.551,115.155,0.91627
4200,252031.23,1,0.3083541691303253,0.30889588594436646,0.21267,0.015392569825053215,3.262,-3.232,0.511,114.181,0.92461
4201,252095.13,1,0.3066788613796234,0.3106417953968048,0.21298,0.015443643555045128,3.292,-3.233,0.515,114.264,0.92439
4202,252143.47,1,0.304657906293869,0.30759868025779724,0.21415,0.015306658111512661,3.318,-3.229,0.512,114.312,0.92346
4203,252207.13,1,0.3053794503211975,0.3086493909358978,0.21443,0.015093035064637661,3.382,-3.255,0.517,114.194,0.92191
4204,252271.3,1,0.3048725426197052,0.3080364465713501,0.21453,0.015138105489313602,3.366,-3.247,0.519,114.276,0.9222
4205,252335.17,1,0.3020322918891907,0.30447039008140564,0.21704,0.015025542117655277,3.344,-3.239,0.506,114.253,0.9242
4206,252383.4,1,0.30584707856178284,0.3031904697418213,0.21779,0.01553251687437296,3.319,-3.262,0.49,114.13,0.92417
4207,252447.37,1,0.30262279510498047,0.3020396828651428,0.21775,0.015219392254948616,3.34,-3.266,0.484,114.414,0.92253
4208,252511.13,1,0.30161556601524353,0.3012983500957489,0.218,0.014995183795690536,3.242,-3.294,0.48,114.47,0.92112
4209,252575.13,1,0.3079684376716614,0.30345162749290466,0.21714,0.015672657638788223,3.231,-3.318,0.485,115.103,0.91528
4210,252623.33,1,0.3062796890735626,0.304872989654541,0.21706,0.015168918296694756,3.282,-3.323,0.477,115.221,0.91566
4211,252687.6,1,0.3082844018936157,0.30903103947639465,0.21565,0.015164204873144627,3.265,-3.27,0.487,115.225,0.91513
4212,252751.47,1,0.32141897082328796,0.31155481934547424,0.21284,0.01509582158178091,3.249,-3.287,0.478,115.161,0.9153
4213,252815.1,1,0.3214869797229767,0.3204493224620819,0.21013,0.014860556460916996,3.272,-3.3,0.49,115.234,0.91591
4214,252863.5,1,0.31546884775161743,0.31730860471725464,0.21098,0.014779094606637955,3.325,-3.283,0.497,115.289,0.91526
4215,252927.1,1,0.3178316056728363,0.31768447160720825,0.21098,0.015226885676383972,3.349,-3.29,0.504,115.18,0.91599
4216,252991.13,1,0.315699964761734,0.31855490803718567,0.21086,0.01517012994736433,3.442,-3.294,0.505,115.261,0.91576
4217,253055.3,1,0.3156129717826843,0.31853756308555603,0.21075,0.01512827631086111,3.466,-3.288,0.509,115.248,0.91593
4218,253103.17,1,0.3167882263660431,0.3195391297340393,0.21039,0.015038806945085526,3.506,-3.303,0.532,115.131,0.91648
4219,253167.67,1,0.3154572546482086,0.319460928440094,0.21012,0.014940530061721802,3.505,-3.311,0.526,115.241,0.91539
4220,253231.53,1,0.31693771481513977,0.32163795828819275,0.20765,0.015042686834931374,3.515,-3.321,0.529,115.24,0.91637
4221,253295.1,1,0.3317359387874603,0.31672289967536926,0.20511,0.0155688701197505,3.599,-3.3,0.503,115.168,0.91692
4222,253343.27,1,0.33554649353027344,0.3149075508117676,0.20597,0.015720190480351448,3.582,-3.28,0.548,115.259,0.91601
4223,253407.33,1,0.3343570828437805,0.3053114414215088,0.20674,0.015491491183638573,3.555,-3.253,0.577,115.249,0.91653
4224,253471.43,1,0.33828043937683105,0.3049984872341156,0.20535,0.015767568722367287,3.542,-3.247,0.602,115.173,0.91656
4225,253535.13,1,0.3344271183013916,0.30539464950561523,0.2061,0.015308738686144352,3.485,-3.189,0.631,115.29,0.91549
4226,253599.1,1,0.32318559288978577,0.30016574263572693,0.20976,0.014832422137260437,3.412,-3.183,0.656,115.271,0.91539
4227,253647.47,1,0.3215070068836212,0.29365235567092896,0.21127,0.014523549936711788,3.404,-3.17,0.669,115.195,0.91563
4228,253711.4,1,0.31359076499938965,0.29103463888168335,0.2129,0.014269465580582619,3.384,-3.133,0.695,115.444,0.91571
4229,253775.43,1,0.31791695952415466,0.28718042373657227,0.21305,0.014708339236676693,3.372,-3.121,0.683,115.212,0.91613
4230,253839.0,1,0.3251926302909851,0.2889689803123474,0.20978,0.015189305879175663,3.448,-3.096,0.729,115.209,0.91582
4231,253887.3,1,0.32653066515922546,0.2893940508365631,0.20886,0.015226325951516628,3.448,-3.09,0.74,115.327,0.91526
4232,253951.0,1,0.3268650472164154,0.28676867485046387,0.20924,0.015269070863723755,3.436,-3.095,0.743,115.29,0.91512
4233,254015.07,1,0.3314351737499237,0.2884330451488495,0.21,0.01525783259421587,3.39,-3.107,0.762,115.19,0.91488
4234,254079.03,1,0.32905855774879456,0.2865945100784302,0.21094,0.014717692509293556,3.38,-3.098,0.748,115.314,0.91511
4235,254127.3,1,0.32727399468421936,0.2835247814655304,0.21163,0.014419270679354668,3.375,-3.098,0.746,115.279,0.91437
4236,254191.07,1,0.3291838765144348,0.27567175030708313,0.21506,0.014104877598583698,3.422,-3.121,0.715,115.211,0.91427
4237,254255.07,1,0.3255369961261749,0.2799524664878845,0.21497,0.013967836275696754,3.488,-3.118,0.706,115.268,0.91565
4238,254319.33,1,0.32201215624809265,0.27875611186027527,0.21606,0.01380203478038311,3.527,-3.121,0.709,115.305,0.9145
4239,254367.57,1,0.32149359583854675,0.27869653701782227,0.21648,0.013680800795555115,3.52,-3.124,0.707,115.205,0.91484
4240,254431.0,1,0.3200453221797943,0.2802048921585083,0.21664,0.013768325559794903,3.509,-3.139,0.71,115.303,0.91494
4241,254495.03,1,0.3158506453037262,0.2801540195941925,0.2173,0.013818939216434956,3.483,-3.159,0.712,115.298,0.91482
4242,254559.07,1,0.31825417280197144,0.2799018621444702,0.21882,0.014069471508264542,3.443,-3.19,0.699,115.196,0.91506
4243,254607.43,1,0.3158252537250519,0.2815418243408203,0.21891,0.014247109182178974,3.48,-3.187,0.698,115.294,0.91453
4244,254671.07,1,0.31112852692604065,0.2801627516746521,0.22019,0.014175264164805412,3.459,-3.184,0.711,115.295,0.91509
4245,254734.97,1,0.31046077609062195,0.27781036496162415,0.22108,0.014367027208209038,3.446,-3.184,0.715,115.209,0.91587
4246,254799.03,1,0.30775365233421326,0.2774583101272583,0.22107,0.014200722798705101,3.454,-3.222,0.727,115.307,0.91484
4247,254847.0,1,0.3047600984573364,0.27622145414352417,0.222,0.014273337088525295,3.427,-3.205,0.723,115.301,0.91485
4248,254911.0,1,0.30949145555496216,0.27455514669418335,0.22227,0.014663324691355228,3.42,-3.246,0.737,115.21,0.91628
4249,254974.97,1,0.3120587170124054,0.2852703928947449,0.21707,0.014631899073719978,3.376,-3.207,0.757,115.322,0.9154
4250,255038.97,1,0.3099004328250885,0.2841291129589081,0.21762,0.014796831645071507,3.396,-3.209,0.763,115.284,0.91548
4251,255086.93,1,0.31090599298477173,0.28563985228538513,0.21816,0.014971368946135044,3.395,-3.19,0.78,115.201,0.91484
4252,255151.0,1,0.3068190813064575,0.2852194607257843,0.21807,0.014518868178129196,3.429,-3.134,0.763,115.283,0.91498
4253,255215.0,1,0.30527636408805847,0.2826147973537445,0.21988,0.014409019611775875,3.42,-3.134,0.734,115.277,0.91645
4254,255278.9,1,0.31116461753845215,0.287760466337204,0.21838,0.014208950102329254,3.419,-3.104,0.693,115.162,0.91522
4255,255326.97,1,0.31113967299461365,0.2903870940208435,0.2176,0.014331195503473282,3.439,-3.089,0.692,115.252,0.91603
4256,255390.97,1,0.30977413058280945,0.2853963077068329,0.21846,0.014189798384904861,3.393,-3.073,0.708,115.31,0.91482
4257,255454.93,1,0.3101329207420349,0.2845503091812134,0.21856,0.014257948845624924,3.431,-3.058,0.724,115.211,0.91364
4258,255518.97,1,0.3102107048034668,0.284912109375,0.21793,0.014240996912121773,3.429,-3.058,0.748,115.458,0.91338
4259,255567.0,1,0.31493648886680603,0.2832348048686981,0.218,0.014084230177104473,3.424,-3.059,0.782,115.25,0.91182
4260,255631.0,1,0.313234806060791,0.2835797071456909,0.21805,0.01378428190946579,3.381,-2.996,0.772,115.216,0.91374
4261,255695.0,1,0.31793642044067383,0.2911703288555145,0.21371,0.013756313361227512,3.439,-2.973,0.778,115.326,0.91378
4262,255758.93,1,0.31222546100616455,0.28714078664779663,0.21504,0.01362631469964981,3.486,-2.988,0.768,115.333,0.91425
4263,255807.23,1,0.31290969252586365,0.27963972091674805,0.21734,0.013804086484014988,3.494,-3.03,0.755,115.21,0.91411
4264,255871.13,1,0.31397953629493713,0.28587445616722107,0.21571,0.013929895125329494,3.501,-3.023,0.734,115.332,0.91365
4265,255935.0,1,0.3075365722179413,0.2843226492404938,0.21804,0.013888129033148289,3.518,-3.019,0.728,115.32,0.91392
4266,255998.9,1,0.31138184666633606,0.28529077768325806,0.21779,0.014177030883729458,3.572,-2.983,0.744,115.233,0.91397
4267,256047.33,1,0.31134381890296936,0.28463757038116455,0.21769,0.014126545749604702,3.573,-2.98,0.756,115.296,0.91453
4268,256111.3,1,0.3103732168674469,0.28197258710861206,0.2185,0.014183796010911465,3.44,-3.0,0.751,115.308,0.91399
4269,256174.97,1,0.31726983189582825,0.2818724513053894,0.21858,0.014512968249619007,3.432,-3.051,0.753,115.201,0.91371
4270,256239.13,1,0.3136880397796631,0.2853661775588989,0.21817,0.014104723930358887,3.398,-3.141,0.725,115.348,0.91405
4271,256287.03,1,0.31315264105796814,0.28384992480278015,0.21785,0.01424824632704258,3.367,-3.113,0.741,115.317,0.91432
4272,256351.33,1,0.31775087118148804,0.2877948582172394,0.21661,0.014456708915531635,3.361,-3.121,0.768,115.233,0.91376
4273,256414.9,1,0.3171951174736023,0.2862771451473236,0.21642,0.014369606971740723,3.352,-3.126,0.781,115.337,0.91415
4274,256479.33,1,0.3132772743701935,0.28429779410362244,0.21738,0.014390605501830578,3.329,-3.123,0.773,115.373,0.9136
4275,256526.93,1,0.3155323266983032,0.2885969281196594,0.2163,0.014306147582828999,3.352,-3.143,0.784,115.248,0.91395
4276,256591.07,1,0.31276214122772217,0.2878133952617645,0.21695,0.014040529727935791,3.345,-3.142,0.768,115.33,0.91474
4277,256655.03,1,0.31194835901260376,0.28739088773727417,0.21705,0.014104812406003475,3.334,-3.129,0.766,115.324,0.91412
4278,256719.03,1,0.31621053814888,0.2861725986003876,0.21662,0.014435848221182823,3.311,-3.131,0.793,115.261,0.91463
4279,256767.03,1,0.3111603558063507,0.2868618369102478,0.21716,0.01457226276397705,3.331,-3.127,0.794,115.34,0.91422
4280,256831.27,1,0.3070613145828247,0.28301939368247986,0.2187,0.014300567097961903,3.341,-3.138,0.816,115.351,0.91383
4281,256894.9,1,0.3098146915435791,0.28190749883651733,0.21883,0.01431090198457241,3.407,-3.135,0.831,115.197,0.91399
4282,256959.0,1,0.30840346217155457,0.28104129433631897,0.21942,0.014283537864685059,3.418,-3.149,0.828,115.307,0.91368
4283,257007.5,1,0.3053031861782074,0.28086552023887634,0.22005,0.01401652954518795,3.413,-3.141,0.829,115.301,0.91387
4284,257070.93,1,0.30572709441185,0.27967068552970886,0.22041,0.014279422350227833,3.384,-3.131,0.812,115.18,0.91248
4285,257135.03,1,0.3063098192214966,0.2816057503223419,0.21884,0.01382224727421999,3.321,-3.124,0.824,115.284,0.91289
4286,257199.33,1,0.30363011360168457,0.2780877649784088,0.21965,0.013783329166471958,3.278,-3.112,0.844,115.315,0.91221
4287,257247.37,1,0.309440016746521,0.27669742703437805,0.21878,0.014224237762391567,3.225,-3.159,0.87,115.221,0.91377
4288,257311.03,1,0.30850690603256226,0.27794349193573,0.21855,0.014215581119060516,3.189,-3.161,0.88,115.485,0.91266
4289,257375.03,1,0.31532374024391174,0.2814159095287323,0.21839,0.014133492484688759,3.109,-3.217,0.89,115.225,0.91253
4290,257439.37,1,0.31995847821235657,0.28421247005462646,0.21758,0.01399509608745575,3.143,-3.24,0.881,115.235,0.91318
4291,257487.0,1,0.3136509656906128,0.2833072543144226,0.21848,0.01397623773664236,3.166,-3.244,0.913,115.307,0.91349
4292,257551.43,1,0.31141215562820435,0.2808799743652344,0.21925,0.014156492426991463,3.172,-3.236,0.887,115.323,0.91297
4293,257615.07,1,0.31379300355911255,0.2829461991786957,0.22009,0.014541879296302795,3.184,-3.237,0.888,115.224,0.91351
4294,257679.07,1,0.31061574816703796,0.2837502658367157,0.22084,0.014258491806685925,3.16,-3.279,0.893,115.313,0.91444
4295,257727.2,1,0.3076002597808838,0.28254491090774536,0.22074,0.014141141436994076,3.18,-3.266,0.91,115.33,0.91377
4296,257791.07,1,0.30960580706596375,0.2822987735271454,0.22063,0.014199092984199524,3.183,-3.305,0.905,115.213,0.91462
4297,257855.13,1,0.30988672375679016,0.2846986651420593,0.2197,0.01414087601006031,3.185,-3.312,0.92,115.312,0.91379
4298,257919.1,1,0.30796143412590027,0.2845964729785919,0.21937,0.014275255613029003,3.18,-3.322,0.911,115.332,0.91382
4299,257967.4,1,0.3080707788467407,0.2875325381755829,0.21936,0.0139009989798069,3.208,-3.358,0.909,115.24,0.91339
4300,258031.0,1,0.30616113543510437,0.2882198095321655,0.21937,0.013753142207860947,3.213,-3.355,0.903,115.311,0.91382
4301,258095.07,1,0.3082907795906067,0.2870436906814575,0.21892,0.013720563612878323,3.187,-3.345,0.916,115.317,0.91398
4302,258159.2,1,0.31121742725372314,0.2882477343082428,0.21874,0.013831882737576962,3.204,-3.327,0.913,115.236,0.91301
4303,258207.07,1,0.31116223335266113,0.2877839207649231,0.21861,0.013883906416594982,3.203,-3.34,0.929,115.35,0.91313
4304,258271.43,1,0.30526426434516907,0.2849923372268677,0.21936,0.013598321937024593,3.156,-3.283,0.949,115.342,0.91388
4305,258335.13,1,0.3047284185886383,0.2829688787460327,0.22041,0.013793678022921085,3.123,-3.3,0.98,115.259,0.91299
4306,258399.1,1,0.3063829243183136,0.2834430932998657,0.22019,0.013793897815048695,3.105,-3.305,0.979,115.315,0.91389
4307,258447.43,1,0.3096468150615692,0.2856545150279999,0.21942,0.01374555192887783,3.056,-3.321,0.993,115.317,0.91421
4308,258511.0,1,0.31344765424728394,0.28638291358947754,0.21879,0.014002454467117786,3.107,-3.352,0.966,115.184,0.91392
4309,258575.57,1,0.3126906752586365,0.28666046261787415,0.21859,0.013891969807446003,3.083,-3.342,0.956,115.279,0.91361
4310,258639.57,1,0.3134046494960785,0.2866339087486267,0.2186,0.01409162301570177,3.031,-3.375,0.961,115.315,0.91323
4311,258687.03,1,0.3199579119682312,0.29077669978141785,0.21702,0.013735380955040455,3.146,-3.436,0.956,115.249,0.91369
4312,258751.0,1,0.31852006912231445,0.2923941910266876,0.21556,0.013483628630638123,3.23,-3.362,0.937,115.33,0.91347
4313,258815.17,1,0.3175719082355499,0.29246148467063904,0.21565,0.013894334435462952,3.226,-3.364,0.937,115.319,0.91383
4314,258879.17,1,0.31844159960746765,0.2947106957435608,0.21586,0.014254075475037098,3.231,-3.376,0.932,115.24,0.91389
4315,258927.03,1,0.31605666875839233,0.293630450963974,0.21638,0.014127448201179504,3.21,-3.344,0.928,115.316,0.91368
4316,258990.97,1,0.3149915635585785,0.2948964536190033,0.21654,0.014163868501782417,3.207,-3.334,0.933,115.329,0.91394
4317,259054.93,1,0.3172036111354828,0.2967720329761505,0.21677,0.014208974316716194,3.256,-3.339,0.949,115.2,0.91483
4318,259119.23,1,0.3210383653640747,0.29851996898651123,0.21607,0.01408400572836399,3.228,-3.332,0.962,115.447,0.91394
4319,259167.17,1,0.3208375573158264,0.2969074249267578,0.21689,0.014110668562352657,3.219,-3.332,0.955,115.217,0.91351
4320,259231.0,1,0.32859066128730774,0.2987878918647766,0.21514,0.014125686138868332,3.224,-3.289,0.922,115.235,0.91352
4321,259295.03,1,0.3238622546195984,0.29839619994163513,0.21557,0.014249306172132492,3.153,-3.277,0.904,115.267,0.91414
4322,259359.3,1,0.32285770773887634,0.2907926142215729,0.21651,0.0141246123239398,3.141,-3.311,0.897,115.271,0.91403
4323,259407.3,1,0.31980860233306885,0.2895681858062744,0.21649,0.01425501424819231,3.147,-3.314,0.892,115.26,0.91328
4324,259471.4,1,0.3160451054573059,0.28792762756347656,0.21646,0.014209403656423092,3.157,-3.314,0.888,115.267,0.91259
4325,259535.07,1,0.313150554895401,0.2865532636642456,0.21708,0.014058221131563187,3.158,-3.328,0.896,115.253,0.91368
4326,259599.0,1,0.31149178743362427,0.28428882360458374,0.21732,0.01407934445887804,3.186,-3.334,0.902,115.221,0.91411
4327,259647.3,1,0.31069061160087585,0.2824980616569519,0.21778,0.014530799351632595,3.157,-3.323,0.909,115.32,0.91426
4328,259711.03,1,0.30624255537986755,0.2803463935852051,0.2194,0.014776304364204407,3.158,-3.312,0.907,115.324,0.91292
4329,259775.03,1,0.31044748425483704,0.27821773290634155,0.22007,0.015029494650661945,3.163,-3.274,0.93,115.231,0.91236
4330,259839.0,1,0.3097977638244629,0.2787233889102936,0.22031,0.015211832709610462,3.112,-3.266,0.925,115.256,0.91376
4331,259887.0,1,0.30853691697120667,0.278231680393219,0.22055,0.015013649128377438,3.124,-3.247,0.921,115.256,0.91354
4332,259951.0,1,0.3118862211704254,0.2805086374282837,0.22064,0.015150701627135277,3.07,-3.271,0.895,115.175,0.91588
4333,260015.03,1,0.3088319003582001,0.2842246890068054,0.22014,0.014823853969573975,3.092,-3.295,0.888,115.309,0.91427
4334,260079.07,1,0.30729860067367554,0.28263676166534424,0.22031,0.01466446090489626,3.064,-3.284,0.885,115.263,0.9137
4335,260127.0,1,0.30771586298942566,0.2820749580860138,0.22099,0.014650832861661911,3.027,-3.287,0.898,115.22,0.91519
4336,260191.1,1,0.3061876595020294,0.2823399603366852,0.22111,0.01444004662334919,3.04,-3.293,0.894,115.329,0.91377
4337,260255.0,1,0.30232787132263184,0.28058061003685,0.22181,0.014355060644447803,3.051,-3.315,0.912,115.321,0.91369
4338,260318.97,1,0.3038090169429779,0.2769286036491394,0.22408,0.014739121310412884,3.068,-3.313,0.892,115.22,0.91297
4339,260367.3,1,0.3043098449707031,0.27671337127685547,0.22408,0.01476840116083622,3.088,-3.307,0.902,115.347,0.91355
4340,260431.0,1,0.3077486455440521,0.2816457450389862,0.22249,0.01484210416674614,3.089,-3.296,0.865,115.324,0.91379
4341,260494.97,1,0.3082915246486664,0.29239973425865173,0.22018,0.014944290742278099,3.059,-3.334,0.826,115.233,0.91458
4342,260559.03,1,0.30194583535194397,0.2944400906562805,0.21964,0.014756741002202034,3.064,-3.389,0.784,115.223,0.91382
4343,260607.33,1,0.30327966809272766,0.2983916401863098,0.21783,0.014673084020614624,3.065,-3.398,0.786,115.232,0.91387
4344,260671.03,1,0.3009340167045593,0.29547953605651855,0.21756,0.014520996250212193,3.054,-3.427,0.773,115.2,0.91363
4345,260735.1,1,0.2984737157821655,0.29604893922805786,0.21794,0.014605585485696793,3.093,-3.421,0.77,115.275,0.91395
4346,260799.0,1,0.2990718483924866,0.3006519079208374,0.21605,0.014542111195623875,3.035,-3.475,0.755,115.281,0.91377
4347,260847.47,1,0.3019392788410187,0.30082330107688904,0.21527,0.014527002349495888,3.022,-3.487,0.747,115.086,0.91456
4348,260911.0,1,0.30216726660728455,0.3000245690345764,0.21558,0.014685885049402714,3.025,-3.484,0.743,115.193,0.91422
4349,260975.0,1,0.3063081204891205,0.3001052737236023,0.21536,0.015327973291277885,3.008,-3.494,0.742,115.026,0.91361
4350,261039.27,1,0.3150675296783447,0.3061676621437073,0.21452,0.015507834032177925,2.976,-3.492,0.81,114.993,0.9153
4351,261087.17,1,0.31621235609054565,0.3055897653102875,0.21524,0.015109028667211533,2.974,-3.486,0.846,115.123,0.91476
4352,261151.0,1,0.3144177496433258,0.29880490899086,0.21566,0.01473277434706688,2.912,-3.486,0.918,115.139,0.91412
4353,261215.0,1,0.3162904679775238,0.2978668510913849,0.21569,0.014224892482161522,2.912,-3.522,0.948,115.024,0.91429
4354,261279.5,1,0.31262534856796265,0.29628196358680725,0.21648,0.01416091900318861,2.919,-3.516,0.957,115.117,0.91376
4355,261327.4,1,0.3123922348022461,0.2954425811767578,0.2168,0.014158926904201508,2.93,-3.503,0.965,115.134,0.91519
4356,261391.0,1,0.31841617822647095,0.29906144738197327,0.21652,0.014244631864130497,2.975,-3.486,0.961,115.03,0.91307
4357,261455.17,1,0.4018729627132416,0.3777362108230591,0.1695,0.01632208377122879,2.989,-3.478,0.918,115.143,0.91433
4358,261519.03,1,0.5925573110580444,0.6269425749778748,0.06467,0.01875324361026287,2.787,-3.449,0.893,115.162,0.9146
4359,261567.3,1,0.5780036449432373,0.5875268578529358,0.07076,0.018276730552315712,2.813,-3.444,0.935,115.07,0.9144
4360,261631.5,1,0.5579086542129517,0.5641613006591797,0.07727,0.018496237695217133,2.738,-3.413,0.974,114.995,0.91586
4361,261695.03,1,0.5512579679489136,0.5605814456939697,0.08064,0.018086861819028854,2.754,-3.345,0.943,114.988,0.91481
4362,261759.57,1,0.5038436651229858,0.5342576503753662,0.09557,0.01772693172097206,2.752,-3.341,0.933,114.109,0.92021
4363,261807.17,1,0.46597862243652344,0.4944475591182709,0.1147,0.017093174159526825,2.746,-3.357,0.924,114.187,0.92117
4364,261871.07,1,0.43057531118392944,0.46971067786216736,0.12874,0.01667027734220028,2.723,-3.354,0.926,114.16,0.92114
4365,261934.97,1,0.39639803767204285,0.42377427220344543,0.14936,0.01634172350168228,2.685,-3.368,0.913,114.1,0.92274
4366,261999.03,1,0.3842640817165375,0.4038622975349426,0.15701,0.016193812713027,2.696,-3.359,0.905,114.2,0.92304
4367,262047.5,1,0.37185850739479065,0.38746556639671326,0.16411,0.016282280907034874,2.683,-3.362,0.909,114.196,0.92266
4368,262110.9,1,0.3683222830295563,0.3748024106025696,0.17091,0.01620851457118988,2.661,-3.401,0.887,114.091,0.92304
4369,262174.93,1,0.36712777614593506,0.37549611926078796,0.17271,0.01625959761440754,2.666,-3.403,0.889,114.145,0.92323
4370,262239.03,1,0.3677862882614136,0.382807195186615,0.17105,0.016164327040314674,2.687,-3.385,0.865,114.165,0.92279
4371,262286.97,1,0.3703201413154602,0.38338232040405273,0.17174,0.016430823132395744,2.673,-3.393,0.865,114.038,0.9233
4372,262351.27,1,0.3738667964935303,0.3832017481327057,0.17067,0.016165880486369133,2.711,-3.408,0.869,114.112,0.92346
4373,262415.1,1,0.36390653252601624,0.37990933656692505,0.17461,0.016159292310476303,2.718,-3.418,0.838,114.127,0.92279
4374,262479.3,1,0.3649228811264038,0.3700631856918335,0.17839,0.016292754560709,2.686,-3.416,0.866,114.008,0.9235
4375,262527.33,1,0.3699227273464203,0.367745041847229,0.17784,0.01664893329143524,2.705,-3.42,0.857,114.1,0.9232
4376,262591.0,1,0.3669743537902832,0.3636232614517212,0.18016,0.016420837491750717,2.703,-3.416,0.861,114.131,0.92172
4377,262655.0,1,0.3617095649242401,0.36506521701812744,0.18236,0.016891269013285637,2.715,-3.424,0.847,114.018,0.92275
4378,262719.03,1,0.3575535714626312,0.36688676476478577,0.18197,0.016933301463723183,2.76,-3.433,0.821,114.25,0.92189
4379,262766.9,1,0.357352614402771,0.3626868724822998,0.182,0.01674140803515911,2.78,-3.437,0.86,114.006,0.92215
4380,262830.87,1,0.3690638244152069,0.3626212179660797,0.18088,0.016905074939131737,2.763,-3.432,0.899,113.995,0.92269
4381,262894.93,1,0.3673632740974426,0.3643828332424164,0.18072,0.016550661996006966,2.843,-3.421,0.874,114.112,0.92237
4382,262959.37,1,0.36619770526885986,0.3682757318019867,0.1798,0.016395634040236473,2.805,-3.419,0.887,114.077,0.92305
4383,263006.87,1,0.3690005838871002,0.3699232041835785,0.18047,0.016195813193917274,2.76,-3.419,0.881,114.002,0.92241
4384,263071.3,1,0.3645879328250885,0.3711942732334137,0.18126,0.016071120277047157,2.749,-3.42,0.87,114.107,0.92298
4385,263134.9,1,0.36272290349006653,0.36667028069496155,0.18216,0.01636194810271263,2.689,-3.423,0.877,114.109,0.9219
4386,263198.97,1,0.34422141313552856,0.35619819164276123,0.18708,0.016508670523762703,2.663,-3.454,0.865,114.02,0.92217
4387,263247.0,1,0.33350449800491333,0.3470604419708252,0.19063,0.016621476039290428,2.687,-3.447,0.843,114.105,0.92238
4388,263311.27,1,0.3285042345523834,0.3408375382423401,0.19267,0.016541723161935806,2.699,-3.439,0.851,114.104,0.92295
4389,263375.0,1,0.3248066306114197,0.33397912979125977,0.19664,0.01683626137673855,2.702,-3.424,0.847,114.002,0.92223
4390,263439.07,1,0.32395705580711365,0.3358404040336609,0.19683,0.016537906602025032,2.792,-3.401,0.835,114.144,0.92137
4391,263486.9,1,0.3236161172389984,0.3339972496032715,0.19788,0.016848420724272728,2.798,-3.406,0.808,114.141,0.92266
4392,263550.93,1,0.32794836163520813,0.33505651354789734,0.19814,0.016482630744576454,2.932,-3.487,0.803,114.073,0.92188
4393,263614.93,1,0.3273491859436035,0.3364080786705017,0.19812,0.01600518822669983,2.933,-3.503,0.83,114.14,0.92291
4394,263679.43,1,0.3260311186313629,0.3303329050540924,0.20023,0.01568790152668953,2.934,-3.511,0.869,114.145,0.92306
4395,263727.03,1,0.3293846547603607,0.32984107732772827,0.20101,0.01612735353410244,2.935,-3.532,0.886,114.049,0.92333
4396,263790.97,1,0.32994502782821655,0.3328050673007965,0.20069,0.01605992205440998,2.958,-3.559,0.907,114.126,0.92208
4397,263854.93,1,0.3271200656890869,0.33158978819847107,0.20121,0.01596604287624359,2.946,-3.539,0.917,114.128,0.92234
4398,263919.17,1,0.32653090357780457,0.3314013183116913,0.20213,0.01616530492901802,2.955,-3.546,0.908,114.026,0.92191
4399,263967.0,1,0.32756999135017395,0.3321691155433655,0.20232,0.01604265719652176,2.948,-3.548,0.914,114.165,0.92266
4400,264030.97,1,0.3260240852832794,0.32893675565719604,0.20292,0.01609431579709053,2.923,-3.556,0.917,114.142,0.92292
4401,264094.9,1,0.32880693674087524,0.3282124698162079,0.20309,0.016284067183732986,2.943,-3.578,0.938,114.084,0.92233
4402,264158.97,1,0.3270109295845032,0.33082571625709534,0.20365,0.016607647761702538,2.927,-3.561,0.918,114.16,0.92266
4403,264207.3,1,0.32523390650749207,0.3291020393371582,0.20432,0.016595760360360146,2.911,-3.547,0.926,114.177,0.92259
4404,264271.27,1,0.32509109377861023,0.3270699679851532,0.2046,0.01641918160021305,2.936,-3.612,0.922,114.046,0.9236
4405,264334.9,1,0.3254907429218292,0.3307076394557953,0.20369,0.016166040673851967,2.981,-3.601,0.9,114.177,0.92329
4406,264398.93,1,0.32718461751937866,0.33192530274391174,0.20317,0.01593700982630253,3.029,-3.603,0.884,114.207,0.92312
4407,264447.17,1,0.3322468101978302,0.33559712767601013,0.20232,0.016358088701963425,3.047,-3.6,0.869,114.092,0.92338
4408,264511.27,1,0.3313646912574768,0.336238294839859,0.20258,0.016177209094166756,3.033,-3.602,0.866,114.364,0.92238
4409,264575.0,1,0.3333943784236908,0.33546680212020874,0.20255,0.016185468062758446,3.003,-3.592,0.884,114.115,0.92277
4410,264639.2,1,0.32965072989463806,0.33477064967155457,0.2028,0.01641068048775196,3.002,-3.585,0.944,114.106,0.92152
4411,264686.97,1,0.32677963376045227,0.33374032378196716,0.203,0.016245393082499504,2.97,-3.59,0.937,114.169,0.92271
4412,264750.93,1,0.3176536560058594,0.32402941584587097,0.20626,0.015932971611618996,2.973,-3.604,0.956,114.187,0.92242
4413,264814.9,1,0.3176935613155365,0.3200737535953522,0.20754,0.015508691780269146,2.982,-3.621,0.966,114.076,0.92345
4414,264878.97,1,0.31294286251068115,0.3171744644641876,0.20881,0.015366654843091965,2.943,-3.586,0.985,114.178,0.92337
4415,264927.0,1,0.312090128660202,0.315458744764328,0.20951,0.015242270193994045,2.936,-3.575,1.016,114.188,0.92288
4416,264990.87,1,0.32744842767715454,0.31139716506004333,0.20534,0.015499419532716274,2.935,-3.551,1.133,114.078,0.92317
4417,265055.03,1,0.3210960328578949,0.30250850319862366,0.20836,0.015424666926264763,2.957,-3.534,1.172,114.196,0.92229
4418,265119.33,1,0.31857427954673767,0.29813843965530396,0.20991,0.015560278668999672,2.978,-3.521,1.19,114.201,0.92286
4419,265167.2,1,0.32049015164375305,0.2916019558906555,0.21259,0.015966089442372322,3.035,-3.547,1.192,114.117,0.92158
4420,265231.13,1,0.3164460062980652,0.2901291251182556,0.21338,0.01572733372449875,3.105,-3.515,1.208,114.225,0.9221
4421,265295.0,1,0.3163352608680725,0.28970715403556824,0.21441,0.015780635178089142,3.066,-3.522,1.187,114.226,0.92201
4422,265359.2,1,0.3184468448162079,0.2894633412361145,0.21496,0.015633564442396164,3.054,-3.587,1.217,114.095,0.9227
4423,265407.0,1,0.31721022725105286,0.29089412093162537,0.21419,0.015315643511712551,3.106,-3.542,1.206,114.167,0.92417
4424,265471.23,1,0.3144835829734802,0.2849251627922058,0.21582,0.015529141761362553,3.094,-3.541,1.188,114.172,0.92519
4425,265535.1,1,0.3144153654575348,0.28434738516807556,0.21615,0.015492952428758144,3.111,-3.523,1.178,114.073,0.92441
4426,265599.0,1,0.31338223814964294,0.2880474030971527,0.21457,0.015114746987819672,3.17,-3.47,1.171,114.168,0.92365
4427,265647.33,1,0.3136056065559387,0.28519207239151,0.21638,0.015130400657653809,3.165,-3.484,1.192,114.182,0.92434
4428,265710.9,1,0.3150806725025177,0.28539249300956726,0.21672,0.014766319654881954,3.273,-3.493,1.191,114.077,0.92388
4429,265775.03,1,0.3130089342594147,0.2840627133846283,0.21702,0.014947346411645412,3.269,-3.489,1.203,114.181,0.92478
4430,265839.1,1,0.31107282638549805,0.2825166881084442,0.21778,0.014904305338859558,3.25,-3.482,1.208,114.21,0.92288
4431,265887.27,1,0.31105372309684753,0.28084614872932434,0.21887,0.015084178186953068,3.177,-3.489,1.21,114.113,0.92265
4432,265950.97,1,0.3090338110923767,0.28017911314964294,0.21993,0.01511056162416935,3.146,-3.49,1.191,114.224,0.92304
4433,266014.93,1,0.30939143896102905,0.2818093001842499,0.21982,0.015234220772981644,3.147,-3.458,1.177,114.234,0.92324
4434,266079.07,1,0.3132668435573578,0.28484445810317993,0.21968,0.01542817521840334,3.148,-3.484,1.169,114.132,0.92247
4435,266127.23,1,0.3125464618206024,0.28502604365348816,0.21926,0.015469805337488651,3.143,-3.477,1.18,114.225,0.92362
4436,266190.87,1,0.31103235483169556,0.2831621468067169,0.21968,0.015510579571127892,3.135,-3.462,1.182,114.219,0.92386
4437,266254.93,1,0.3134952187538147,0.28272244334220886,0.22008,0.015789590775966644,3.108,-3.474,1.17,114.123,0.9238
4438,266319.0,1,0.3130623698234558,0.2852335572242737,0.21953,0.01567266508936882,3.131,-3.467,1.163,114.325,0.92378
4439,266367.07,1,0.31456437706947327,0.2846638262271881,0.21979,0.015789998695254326,3.135,-3.493,1.163,114.092,0.9246
4440,266430.9,1,0.3111324906349182,0.2839853763580322,0.22046,0.015536470338702202,3.082,-3.425,1.187,114.089,0.92294
4441,266494.97,1,0.3046589195728302,0.28104686737060547,0.2208,0.014787651598453522,3.133,-3.384,1.169,114.33,0.92169
4442,266558.9,1,0.30534687638282776,0.2786484658718109,0.22171,0.014722354710102081,3.102,-3.371,1.163,114.408,0.92188
4443,266607.53,1,0.30842074751853943,0.2782024145126343,0.22241,0.014478934928774834,3.095,-3.383,1.174,114.999,0.91674
4444,266671.07,1,0.3053438663482666,0.2805895209312439,0.22196,0.014149785973131657,3.139,-3.363,1.151,115.174,0.91522
4445,266734.9,1,0.30279305577278137,0.2708296477794647,0.22434,0.013850903138518333,3.112,-3.381,1.151,115.116,0.91511
4446,266798.97,1,0.3069351613521576,0.2715517580509186,0.22319,0.014131412841379642,3.105,-3.375,1.152,115.071,0.91467
4447,266847.53,1,0.30553945899009705,0.27229976654052734,0.2226,0.014314468018710613,3.104,-3.341,1.157,115.176,0.91445
4448,266910.93,1,0.3030887842178345,0.2717396318912506,0.22294,0.014090086333453655,3.089,-3.352,1.165,115.171,0.91514
4449,266974.8,1,0.304495245218277,0.2714535593986511,0.22341,0.014232692308723927,3.132,-3.398,1.157,115.106,0.9148
4450,267039.03,1,0.3043491542339325,0.27219119668006897,0.22282,0.014434673823416233,3.135,-3.397,1.154,115.03,0.91649
4451,267086.9,1,0.3033391237258911,0.2685086131095886,0.22376,0.014112836681306362,3.135,-3.4,1.153,115.031,0.91623
4452,267150.83,1,0.30814966559410095,0.2710075080394745,0.22357,0.01386514026671648,3.142,-3.413,1.167,114.179,0.92126
4453,267214.87,1,0.3085485100746155,0.27213549613952637,0.22323,0.01397516019642353,3.133,-3.42,1.17,114.221,0.92327
4454,267279.33,1,0.3057677745819092,0.26898103952407837,0.22489,0.014043070375919342,3.135,-3.442,1.167,114.233,0.92223
4455,267326.87,1,0.304362952709198,0.26716774702072144,0.22574,0.014018275775015354,3.152,-3.452,1.166,114.09,0.92299
4456,267390.87,1,0.3036734163761139,0.2688525915145874,0.2253,0.014150969684123993,3.136,-3.452,1.179,114.236,0.9232
4457,267454.97,1,0.29687538743019104,0.265919029712677,0.2266,0.014179950580000877,3.131,-3.452,1.166,114.213,0.92329
4458,267519.2,1,0.29712292551994324,0.26692119240760803,0.2268,0.014509102329611778,3.1,-3.449,1.183,114.09,0.92432
4459,267567.07,1,0.2986464500427246,0.2672399878501892,0.22604,0.014656654559075832,3.071,-3.463,1.183,114.4,0.92177
4460,267630.9,1,0.29721927642822266,0.2644735872745514,0.22658,0.014467665925621986,3.032,-3.442,1.176,114.437,0.92218
4461,267694.97,1,0.2902413606643677,0.2662392556667328,0.22993,0.014262626878917217,2.895,-3.54,1.165,115.088,0.91593
4462,267759.2,1,0.29119300842285156,0.26999491453170776,0.22818,0.014336020685732365,2.895,-3.546,1.144,115.256,0.91513
4463,267807.2,1,0.28891468048095703,0.2699600160121918,0.22939,0.014130836352705956,2.898,-3.566,1.154,115.303,0.91489
4464,267870.83,1,0.2934376001358032,0.27147185802459717,0.22895,0.01395197119563818,2.886,-3.58,1.164,115.276,0.9156
4465,267934.83,1,0.29280173778533936,0.2724757492542267,0.22865,0.013682988472282887,2.907,-3.59,1.157,115.401,0.91513
4466,267999.03,1,0.28908538818359375,0.27134230732917786,0.2288,0.01309233158826828,2.935,-3.599,1.131,115.425,0.91514
4467,268047.4,1,0.2904245853424072,0.27089980244636536,0.22883,0.012905564159154892,2.975,-3.583,1.132,115.333,0.91441
4468,268110.9,1,0.2922569811344147,0.27348554134368896,0.22753,0.013406497426331043,2.993,-3.589,1.128,115.539,0.91395
4469,268174.83,1,0.2938361167907715,0.2726616859436035,0.22713,0.014414118602871895,2.978,-3.579,1.121,115.286,0.91483
4470,268239.07,1,0.2964096963405609,0.2753821909427643,0.22628,0.013817288912832737,2.917,-3.581,1.122,115.284,0.91435
4471,268286.93,1,0.29329973459243774,0.27613565325737,0.2257,0.013595463708043098,2.937,-3.535,1.099,115.424,0.91376
4472,268350.87,1,0.2912099361419678,0.27440470457077026,0.22739,0.01381994690746069,2.847,-3.5,1.067,115.439,0.91356
4473,268414.83,1,0.2969617247581482,0.28489404916763306,0.22574,0.014311475679278374,2.713,-3.566,1.003,115.346,0.91259
4474,268479.47,1,0.29038605093955994,0.287355899810791,0.22415,0.014792314730584621,2.688,-3.591,0.926,115.404,0.91369
4475,268526.8,1,0.2880670130252838,0.29559779167175293,0.22247,0.014738084748387337,2.704,-3.625,0.908,115.414,0.91277
4476,268591.2,1,0.28974366188049316,0.2990228235721588,0.22106,0.014886848628520966,2.785,-3.683,0.906,115.316,0.91218
4477,268654.93,1,0.2940702736377716,0.30300718545913696,0.21814,0.01495121419429779,2.747,-3.709,0.888,115.405,0.91229
4478,268718.97,1,0.2924131155014038,0.305099755525589,0.21747,0.01539954636245966,2.735,-3.708,0.891,115.401,0.91305
4479,268766.77,1,0.29095643758773804,0.30436477065086365,0.21754,0.015585432760417461,2.74,-3.699,0.885,115.325,0.91221
4480,268830.9,1,0.289033979177475,0.303345650434494,0.21814,0.015329874120652676,2.76,-3.701,0.881,115.421,0.91262
4481,268894.77,1,0.28847575187683105,0.30494120717048645,0.21792,0.015378397889435291,2.775,-3.69,0.901,115.441,0.9131
4482,268958.77,1,0.2907907962799072,0.3043796122074127,0.2186,0.015662899240851402,2.785,-3.701,0.919,115.326,0.91225
4483,269007.2,1,0.29515427350997925,0.30650392174720764,0.21834,0.015712246298789978,2.77,-3.718,0.926,115.414,0.91362
4484,269071.17,1,0.29108119010925293,0.3065120577812195,0.2183,0.015109128318727016,2.772,-3.697,0.916,115.443,0.9129
4485,269134.87,1,0.2947470545768738,0.3021378517150879,0.21884,0.014406276866793633,2.766,-3.789,0.94,115.307,0.9127
4486,269198.8,1,0.2958041727542877,0.30344516038894653,0.2182,0.014135387726128101,2.767,-3.793,0.941,115.428,0.91288
4487,269247.23,1,0.29551202058792114,0.3031371533870697,0.21809,0.014173692092299461,2.755,-3.754,0.955,115.42,0.91377
4488,269311.2,1,0.30632483959198,0.2973455786705017,0.21948,0.014350601471960545,2.772,-3.709,0.984,115.299,0.91443
4489,269374.83,1,0.3056461811065674,0.2962033748626709,0.21914,0.014040332287549973,2.858,-3.655,1.005,115.399,0.91392
4490,269438.83,1,0.305800199508667,0.2923804521560669,0.21961,0.013906099833548069,2.901,-3.659,0.994,115.407,0.91352
4491,269487.23,1,0.30848148465156555,0.2901177406311035,0.21963,0.014018967747688293,2.896,-3.671,1.018,115.359,0.91226
4492,269550.8,1,0.31103643774986267,0.2902678847312927,0.2191,0.01419655792415142,2.877,-3.662,1.06,115.41,0.91328
4493,269614.87,1,0.30824580788612366,0.28192126750946045,0.22096,0.014192018657922745,2.871,-3.67,1.07,115.396,0.91346
4494,269679.5,1,0.30861642956733704,0.27463018894195557,0.22336,0.01453932374715805,2.854,-3.65,1.087,115.301,0.91397
4495,269727.07,1,0.30554530024528503,0.27615582942962646,0.22327,0.014498905278742313,2.87,-3.635,1.085,115.415,0.91402
4496,269790.8,1,0.30362990498542786,0.2752358913421631,0.22362,0.014314702711999416,2.857,-3.593,1.102,115.412,0.91219
4497,269854.9,1,0.3042568862438202,0.27485352754592896,0.22456,0.014416606165468693,2.811,-3.583,1.157,115.323,0.91347
4498,269919.17,1,0.3034338653087616,0.2765515148639679,0.22367,0.014136509038507938,2.803,-3.605,1.15,115.533,0.91347
4499,269967.1,1,0.30343097448349,0.2759873569011688,0.22351,0.014134401455521584,2.806,-3.602,1.216,115.299,0.91268
4500,270031.03,1,0.3066187798976898,0.2756516635417938,0.22323,0.014015601016581059,2.701,-3.693,1.222,115.332,0.9134
4501,270094.9,1,0.30295538902282715,0.2737634479999542,0.22315,0.013897556811571121,2.699,-3.691,1.185,115.435,0.91312
4502,270158.87,1,0.30191776156425476,0.27179378271102905,0.22343,0.01383461058139801,2.709,-3.701,1.168,115.427,0.9129
4503,270207.1,1,0.30380356311798096,0.27296188473701477,0.22352,0.014229131862521172,2.728,-3.689,1.163,115.339,0.91208
4504,270271.3,1,0.2997840940952301,0.2739076614379883,0.22393,0.013791199773550034,2.794,-3.67,1.152,115.425,0.91287
4505,270334.9,1,0.3001139461994171,0.27228304743766785,0.22427,0.013779506087303162,2.787,-3.672,1.144,115.428,0.91301
4506,270398.8,1,0.30475321412086487,0.27508625388145447,0.22328,0.013909668661653996,2.809,-3.708,1.151,115.313,0.91365
4507,270446.97,1,0.30227014422416687,0.27424776554107666,0.22344,0.013898287899792194,2.853,-3.705,1.164,115.416,0.91323
4508,270510.97,1,0.3013257682323456,0.2732123136520386,0.22414,0.013470569625496864,2.904,-3.726,1.158,115.415,0.91276
4509,270574.9,1,0.30376604199409485,0.27583032846450806,0.2242,0.012997567653656006,2.908,-3.732,1.153,115.327,0.91303
4510,270638.83,1,0.3012791574001312,0.2769688367843628,0.22464,0.0130984578281641,2.916,-3.711,1.177,115.439,0.91261
4511,270687.23,1,0.29731252789497375,0.2734116017818451,0.22581,0.01290893740952015,2.91,-3.689,1.162,115.424,0.91366
4512,270750.83,1,0.2983323931694031,0.27237507700920105,0.22645,0.013092318549752235,2.888,-3.635,1.15,115.363,0.91201
4513,270814.83,1,0.3122129440307617,0.29759693145751953,0.21611,0.013676903210580349,2.926,-3.595,1.123,115.446,0.91229
4514,270879.2,1,0.5631752610206604,0.5463561415672302,0.09236,0.017417380586266518,2.701,-3.498,1.025,115.455,0.91221
4515,270926.73,1,0.5411098003387451,0.5430819988250732,0.09187,0.018046027049422264,2.679,-3.492,1.04,115.364,0.91229
4516,270990.93,1,0.5392278432846069,0.5216208696365356,0.09719,0.018032409250736237,2.63,-3.51,1.073,115.454,0.91156
4517,271054.83,1,0.48355457186698914,0.48061874508857727,0.1184,0.017563145607709885,2.723,-3.542,1.106,115.455,0.91258
4518,271119.17,1,0.42083895206451416,0.41784560680389404,0.14831,0.0166998952627182,2.886,-3.572,1.086,115.341,0.91186
4519,271166.93,1,0.4105163812637329,0.4163734018802643,0.15357,0.016648348420858383,2.877,-3.612,1.092,115.396,0.91388
4520,271230.87,1,0.38396382331848145,0.3980801999568939,0.16357,0.015978654846549034,2.878,-3.644,1.085,115.426,0.91395
4521,271294.8,1,0.3766045570373535,0.3924943208694458,0.16968,0.015826988965272903,2.874,-3.803,1.078,115.344,0.9132
4522,271359.07,1,0.36800023913383484,0.38496237993240356,0.17302,0.015515406616032124,2.813,-3.836,1.094,115.436,0.91305
4523,271406.87,1,0.3471221625804901,0.36908701062202454,0.18078,0.015371829271316528,2.782,-3.85,1.098,115.424,0.91411
4524,271471.27,1,0.3378655016422272,0.3576440215110779,0.18729,0.015573738142848015,2.725,-3.934,1.135,115.363,0.91316
4525,271534.87,1,0.3298599123954773,0.3531852662563324,0.19057,0.01525751780718565,2.728,-3.931,1.133,115.443,0.91406
4526,271599.07,1,0.3311826288700104,0.34627804160118103,0.19412,0.014970993623137474,2.705,-3.926,1.153,115.453,0.91315
4527,271646.87,1,0.3401493430137634,0.340902179479599,0.19601,0.014805112034082413,2.72,-3.897,1.183,115.346,0.91334
4528,271711.1,1,0.33684101700782776,0.3291926980018616,0.19907,0.014256621710956097,2.728,-3.884,1.215,115.562,0.91329
4529,271774.73,1,0.32619231939315796,0.31134307384490967,0.20555,0.014029214158654213,2.732,-3.857,1.24,115.243,0.91481
4530,271838.77,1,0.3300495743751526,0.31163856387138367,0.20539,0.01478811725974083,2.639,-3.851,1.227,115.269,0.91234
4531,271887.13,1,0.32796207070350647,0.3078397810459137,0.20563,0.014881892129778862,2.693,-3.822,1.228,115.363,0.9136
4532,271950.77,1,0.32661858201026917,0.30607369542121887,0.20634,0.01474401168525219,2.692,-3.806,1.262,115.368,0.91503
4533,272014.77,1,0.33316168189048767,0.30665984749794006,0.20689,0.014807052910327911,2.719,-3.769,1.272,115.287,0.9141
4534,272078.87,1,0.333960622549057,0.31106019020080566,0.2062,0.014739468693733215,2.762,-3.746,1.283,115.406,0.9137
4535,272127.1,1,0.32559454441070557,0.30872926115989685,0.20812,0.014764411374926567,2.785,-3.737,1.293,115.462,0.91091
4536,272190.77,1,0.3265482485294342,0.30965274572372437,0.20784,0.01460711658000946,2.811,-3.736,1.285,115.394,0.9107
4537,272254.83,1,0.3236963152885437,0.30438679456710815,0.20956,0.014832868240773678,2.804,-3.736,1.305,115.559,0.90994
4538,272318.8,1,0.3199543058872223,0.3006165027618408,0.21153,0.014721295796334743,2.754,-3.722,1.326,115.532,0.91035
4539,272366.8,1,0.31979405879974365,0.29771775007247925,0.21299,0.014657565392553806,2.813,-3.721,1.343,115.444,0.9101
4540,272430.77,1,0.31694459915161133,0.2998560070991516,0.21249,0.014488729648292065,2.876,-3.71,1.325,115.367,0.91126
4541,272494.8,1,0.3135562837123871,0.29377737641334534,0.21382,0.014270667918026447,2.885,-3.705,1.295,115.33,0.91199
4542,272559.2,1,0.3150676190853119,0.29521092772483826,0.21376,0.014169336296617985,2.847,-3.709,1.278,114.463,0.91762
4543,272606.93,1,0.31390804052352905,0.2931452691555023,0.21427,0.014250739477574825,2.847,-3.702,1.283,114.549,0.9174
4544,272671.33,1,0.30957382917404175,0.2910879850387573,0.21505,0.013784559443593025,2.836,-3.684,1.289,114.502,0.91822
4545,272734.77,1,0.31041252613067627,0.2883473336696625,0.21618,0.014088469557464123,2.861,-3.689,1.295,114.43,0.91788
4546,272798.97,1,0.3098561465740204,0.2838840186595917,0.21713,0.013973623514175415,2.856,-3.679,1.288,114.498,0.91791
4547,272847.03,1,0.31019261479377747,0.2828506827354431,0.21751,0.013859431259334087,2.883,-3.684,1.285,114.513,0.91869
4548,272911.1,1,0.32177382707595825,0.2925052344799042,0.21225,0.013907581567764282,2.882,-3.702,1.258,114.435,0.91783
4549,272974.83,1,0.3162279427051544,0.29212266206741333,0.21295,0.013883584178984165,2.86,-3.71,1.242,114.519,0.91835
4550,273038.83,1,0.3112643361091614,0.2929229438304901,0.21423,0.013719822280108929,2.807,-3.755,1.227,114.512,0.91856
4551,273086.87,1,0.3111487627029419,0.29204463958740234,0.21544,0.013765043579041958,2.761,-3.828,1.208,114.415,0.91724
4552,273150.77,1,0.3077341616153717,0.29156848788261414,0.21568,0.013809851370751858,2.725,-3.826,1.197,114.518,0.91797
4553,273214.9,1,0.30276891589164734,0.2925049066543579,0.21679,0.01368651632219553,2.715,-3.828,1.182,114.533,0.91732
4554,273278.9,1,0.3032247722148895,0.2942105829715729,0.21674,0.014034894295036793,2.715,-3.833,1.169,114.422,0.91752
4555,273327.1,1,0.3210867643356323,0.33239588141441345,0.20087,0.01460674311965704,2.809,-3.802,1.107,114.514,0.91746
4556,273390.77,1,0.6558160185813904,0.6167649626731873,0.05639,0.01868041791021824,2.382,-3.705,1.057,114.543,0.91778
4557,273454.8,1,0.7146294116973877,0.6821011900901794,0.02577,0.018323101103305817,2.413,-3.708,1.199,114.42,0.9179
4558,273519.17,1,0.6666430234909058,0.6373879909515381,0.03243,0.018344523385167122,2.488,-3.607,1.237,114.663,0.91685
4559,273567.13,1,0.6422388553619385,0.5921902656555176,0.04336,0.019534394145011902,2.715,-3.462,1.278,114.396,0.91803
4560,273630.7,1,0.508743405342102,0.4766560196876526,0.09538,0.017802273854613304,2.744,-3.478,1.29,114.387,0.91738
4561,273694.8,1,0.42761409282684326,0.36880600452423096,0.13813,0.01626993715763092,2.812,-3.49,1.277,114.484,0.91809
4562,273759.0,1,0.3735830783843994,0.34940019249916077,0.1604,0.01576852612197399,2.784,-3.555,1.309,114.493,0.9175
4563,273806.77,1,0.3539431691169739,0.33378511667251587,0.17404,0.01531772967427969,2.754,-3.59,1.331,114.407,0.91864
4564,273870.8,1,0.3499903678894043,0.3208007514476776,0.18148,0.014975138939917088,2.759,-3.59,1.311,114.515,0.91812
4565,273934.9,1,0.3379920721054077,0.3102695643901825,0.1874,0.014621756970882416,2.781,-3.602,1.317,114.514,0.91864
4566,273998.7,1,0.33366531133651733,0.3049887418746948,0.19386,0.014989234507083893,2.827,-3.598,1.287,114.414,0.91826
4567,274047.13,1,0.3352210819721222,0.30581775307655334,0.19425,0.015265749767422676,2.822,-3.595,1.289,114.676,0.91713
4568,274111.13,1,0.3293793499469757,0.30275893211364746,0.19761,0.015255768783390522,2.882,-3.603,1.273,114.722,0.91656
4569,274174.7,1,0.3355056345462799,0.3056653141975403,0.19765,0.015204191207885742,2.898,-3.536,1.258,115.339,0.91073
4570,274238.97,1,0.33385908603668213,0.30600547790527344,0.19962,0.015290682204067707,2.884,-3.522,1.23,115.447,0.91116
4571,274286.8,1,0.3300001323223114,0.3064822852611542,0.20076,0.014890226535499096,2.888,-3.521,1.237,115.46,0.90981
4572,274351.07,1,0.32984089851379395,0.30675145983695984,0.20289,0.014697812497615814,2.951,-3.63,1.254,115.358,0.91042
4573,274414.73,1,0.32590606808662415,0.3065134286880493,0.20418,0.014642077498137951,2.983,-3.632,1.233,115.449,0.91084
4574,274479.0,1,0.31856679916381836,0.2945241928100586,0.2099,0.014794968068599701,2.921,-3.65,1.233,115.455,0.9111
4575,274526.8,1,0.3181721866130829,0.29385408759117126,0.21109,0.01472709234803915,2.943,-3.64,1.241,115.362,0.91149
4576,274590.8,1,0.3175905644893646,0.29328951239585876,0.21144,0.01465941034257412,2.951,-3.631,1.281,115.328,0.91139
4577,274654.9,1,0.31760311126708984,0.2845369279384613,0.2137,0.015531539916992188,2.939,-3.634,1.267,115.35,0.91181
4578,274719.03,1,0.32481345534324646,0.29061001539230347,0.2144,0.01614909991621971,2.88,-3.661,1.265,114.478,0.91813
4579,274766.87,1,0.3241163194179535,0.291190505027771,0.21419,0.015636317431926727,2.872,-3.667,1.276,114.562,0.91874
4580,274831.1,1,0.3202430009841919,0.29045334458351135,0.21514,0.015316756442189217,2.818,-3.708,1.287,114.548,0.91831
4581,274894.7,1,0.3268568515777588,0.2918185889720917,0.21454,0.015313759446144104,2.77,-3.767,1.304,114.438,0.91846
4582,274958.7,1,0.32941827178001404,0.2903442978858948,0.2131,0.01493978500366211,2.708,-3.811,1.348,114.563,0.91852
4583,275006.7,1,0.33199343085289,0.2906457781791687,0.21293,0.014799430966377258,2.658,-3.815,1.358,114.563,0.91815
4584,275070.77,1,0.3401899039745331,0.2953334152698517,0.21186,0.014783309772610664,2.623,-3.815,1.397,114.441,0.91796
4585,275134.73,1,0.3408482074737549,0.2987537682056427,0.21176,0.013887658715248108,2.624,-3.819,1.405,114.723,0.91635
4586,275198.73,1,0.3363898694515228,0.29640960693359375,0.21235,0.014023364521563053,2.557,-3.813,1.414,114.759,0.91639
4587,275246.93,1,0.34364092350006104,0.3035432994365692,0.20939,0.014423295855522156,2.512,-3.789,1.417,115.415,0.9094
4588,275311.17,1,0.3405458927154541,0.30155834555625916,0.20946,0.01445293240249157,2.517,-3.784,1.429,115.658,0.90911
4589,275374.73,1,0.3295859396457672,0.29838642477989197,0.21183,0.014337260276079178,2.477,-3.844,1.438,115.434,0.91131
4590,275438.73,1,0.3297927975654602,0.29745540022850037,0.2125,0.014569442719221115,2.394,-3.881,1.446,115.441,0.90999
4591,275486.9,1,0.3295823037624359,0.2975115478038788,0.21242,0.01456252858042717,2.426,-3.896,1.461,115.547,0.90976
4592,275550.7,1,0.3222917914390564,0.29740625619888306,0.21285,0.014208367094397545,2.433,-3.888,1.437,115.537,0.91012
4593,275614.73,1,0.31969162821769714,0.2929876744747162,0.21435,0.014195169322192669,2.441,-3.902,1.448,115.45,0.91025
4594,275679.23,1,0.3192812502384186,0.2919069826602936,0.21397,0.014136250130832195,2.445,-3.927,1.471,115.552,0.90974
4595,275726.97,1,0.31795400381088257,0.28907591104507446,0.21481,0.014026251621544361,2.463,-3.966,1.478,115.564,0.90979
4596,275790.67,1,0.3175714910030365,0.28982868790626526,0.21642,0.014194555580615997,2.464,-3.969,1.525,115.437,0.90993
4597,275854.67,1,0.3182891607284546,0.28950050473213196,0.21541,0.014086310751736164,2.468,-3.977,1.57,115.539,0.9098
4598,275918.67,1,0.3162882626056671,0.29029276967048645,0.21525,0.013907359912991524,2.52,-3.995,1.549,115.566,0.91038
4599,275966.67,1,0.3196907937526703,0.29088833928108215,0.21501,0.01390890497714281,2.507,-4.007,1.548,115.469,0.90989
4600,276030.6,1,0.31820282340049744,0.29249608516693115,0.21433,0.013606991618871689,2.521,-4.001,1.543,115.569,0.90973
4601,276094.67,1,0.32056716084480286,0.2919825613498688,0.21418,0.013339824974536896,2.49,-4.021,1.548,115.591,0.91051
4602,276158.9,1,0.3204156458377838,0.2894296646118164,0.21504,0.013354846276342869,2.392,-4.043,1.571,115.504,0.91017
4603,276206.8,1,0.3176898658275604,0.29040539264678955,0.21542,0.01325217168778181,2.427,-4.045,1.553,115.582,0.9111
4604,276270.93,1,0.3197062313556671,0.308145135641098,0.21023,0.013444682583212852,2.4,-4.082,1.517,115.578,0.91113
4605,276334.63,1,0.32119348645210266,0.30900639295578003,0.2107,0.013572883792221546,2.385,-4.09,1.487,115.513,0.91044
4606,276398.97,1,0.3178854286670685,0.3191991448402405,0.20788,0.013241326436400414,2.356,-4.148,1.514,115.593,0.91
4607,276446.83,1,0.3145163655281067,0.31696823239326477,0.20752,0.013214083388447762,2.29,-4.17,1.506,115.605,0.90957
4608,276510.63,1,0.3163784444332123,0.31532102823257446,0.20784,0.014512906782329082,2.183,-4.304,1.583,115.493,0.90984
4609,276574.63,1,0.3162175118923187,0.3161280155181885,0.20717,0.014365197159349918,2.205,-4.306,1.579,115.561,0.90971
4610,276638.77,1,0.3140180706977844,0.31572961807250977,0.2087,0.013667924329638481,2.229,-4.307,1.589,115.572,0.91004
4611,276686.73,1,0.3174748420715332,0.31486332416534424,0.20843,0.014832506887614727,2.225,-4.307,1.593,115.447,0.91016
4612,276751.1,1,0.31414446234703064,0.3150831460952759,0.20877,0.01455746591091156,2.242,-4.311,1.576,115.478,0.91402
4613,276814.73,1,0.3107491135597229,0.3133329451084137,0.21,0.014444968663156033,2.193,-4.301,1.567,115.419,0.91591
4614,276878.67,1,0.31592077016830444,0.3159693777561188,0.20808,0.014297032728791237,2.159,-4.383,1.574,114.683,0.94154
4615,276927.0,1,0.3162381947040558,0.31706365942955017,0.20709,0.014090681448578835,2.166,-4.385,1.548,114.708,0.94569
4616,276990.63,1,0.31108367443084717,0.3150025010108948,0.20833,0.013917912729084492,2.157,-4.366,1.548,114.695,0.94551
4617,277054.6,1,0.3150200843811035,0.3168010711669922,0.20843,0.014281852170825005,2.058,-4.361,1.536,114.248,0.9568
4618,277118.87,1,0.31391867995262146,0.32074493169784546,0.20759,0.014402555301785469,2.09,-4.364,1.497,114.435,0.957
4619,277167.13,1,0.3182172477245331,0.32512322068214417,0.20686,0.014775276184082031,2.085,-4.414,1.489,114.205,0.95738
4620,277231.03,1,0.3239728808403015,0.3249916136264801,0.20603,0.01468211691826582,2.044,-4.369,1.528,114.197,0.95837
4621,277294.73,1,0.3217863142490387,0.32386329770088196,0.20673,0.014617965556681156,2.031,-4.364,1.53,114.404,0.95342
4622,277358.7,1,0.32131427526474,0.3230379819869995,0.2068,0.014389388263225555,1.988,-4.318,1.549,114.454,0.9514
4623,277406.97,1,0.32994404435157776,0.3164634704589844,0.20754,0.014268501661717892,2.002,-4.251,1.557,114.864,0.93128
4624,277470.73,1,0.33335739374160767,0.3169574737548828,0.20655,0.014105433598160744,2.051,-4.191,1.591,114.979,0.92874
4625,277534.73,1,0.33257222175598145,0.3047032952308655,0.20859,0.013544725254178047,2.156,-4.15,1.578,115.011,0.92782
4626,277598.67,1,0.3342462480068207,0.2985061705112457,0.20951,0.013561371713876724,2.189,-4.133,1.584,115.183,0.91506
4627,277647.0,1,0.3347955644130707,0.29834359884262085,0.2096,0.013669032603502274,2.191,-4.145,1.589,115.318,0.91414
4628,277710.77,1,0.3342573344707489,0.2975080609321594,0.2099,0.013534382916986942,2.209,-4.152,1.585,115.319,0.91361
4629,277775.03,1,0.3387947678565979,0.2982066869735718,0.20975,0.01311094406992197,2.352,-4.144,1.608,115.256,0.91314
4630,277839.0,1,0.34170371294021606,0.30371585488319397,0.20683,0.012686504982411861,2.379,-4.154,1.61,115.303,0.91368
4631,277887.07,1,0.32885873317718506,0.29979681968688965,0.21217,0.012556906789541245,2.369,-4.15,1.612,115.33,0.91464
4632,277950.67,1,0.32635024189949036,0.30002084374427795,0.21233,0.012204437516629696,2.352,-4.186,1.609,115.217,0.91406
4633,278014.67,1,0.3241933584213257,0.2971455752849579,0.21428,0.01211907435208559,2.269,-4.224,1.624,115.326,0.91418
4634,278078.77,1,0.32515838742256165,0.2965545356273651,0.21444,0.012102792039513588,2.277,-4.232,1.631,115.356,0.91337
4635,278126.93,1,0.32629725337028503,0.295274019241333,0.21473,0.011844884604215622,2.311,-4.242,1.625,115.254,0.91316
4636,278191.03,1,0.3254010081291199,0.29607754945755005,0.21434,0.011860513128340244,2.342,-4.24,1.619,115.343,0.91413
4637,278254.63,1,0.313850462436676,0.2937510013580322,0.21698,0.012065056711435318,2.354,-4.241,1.624,115.365,0.914
4638,278318.73,1,0.3135205805301666,0.2919878363609314,0.21724,0.012207495979964733,2.367,-4.279,1.603,115.242,0.91558
4639,278366.73,1,0.308678537607193,0.2907736897468567,0.219,0.012234670110046864,2.34,-4.276,1.615,115.352,0.91518
4640,278430.7,1,0.3054487407207489,0.2902396023273468,0.21957,0.012101924978196621,2.417,-4.243,1.59,115.344,0.91398
4641,278494.67,1,0.3085382282733917,0.2847421169281006,0.22104,0.012403009459376335,2.417,-4.222,1.571,115.247,0.91406
4642,278558.87,1,0.31147000193595886,0.2853514850139618,0.22129,0.01254464965313673,2.418,-4.264,1.581,115.36,0.9138
4643,278607.27,1,0.3075891435146332,0.2838593125343323,0.22223,0.012571549043059349,2.414,-4.255,1.598,115.386,0.91281
4644,278670.77,1,0.3137017488479614,0.28530368208885193,0.22272,0.01261095330119133,2.35,-4.32,1.622,115.306,0.91321
4645,278734.73,1,0.3134506046772003,0.28522202372550964,0.22316,0.012607568874955177,2.336,-4.332,1.647,115.39,0.91239
4646,278799.07,1,0.3090882897377014,0.28024497628211975,0.22347,0.012366254813969135,2.361,-4.317,1.632,115.373,0.91336
4647,278847.23,1,0.30799397826194763,0.2789740562438965,0.22361,0.012179254554212093,2.35,-4.308,1.64,115.297,0.91379
4648,278910.73,1,0.3019241690635681,0.28094521164894104,0.22345,0.011999581940472126,2.46,-4.214,1.592,115.547,0.91291
4649,278974.63,1,0.2951798439025879,0.28014859557151794,0.22723,0.012068132869899273,2.465,-4.235,1.619,115.28,0.91334
4650,279038.83,1,0.29747357964515686,0.27933233976364136,0.2266,0.012359512969851494,2.488,-4.206,1.602,115.273,0.91264
4651,279086.63,1,0.2983933389186859,0.2788790166378021,0.2264,0.012326478958129883,2.456,-4.171,1.606,115.366,0.91344
4652,279150.73,1,0.3021734654903412,0.3035110533237457,0.21774,0.012526940554380417,2.45,-4.179,1.535,115.35,0.91348
4653,279214.67,1,0.3001261353492737,0.3098323345184326,0.21528,0.012767107225954533,2.408,-4.213,1.525,115.27,0.9142
4654,279278.73,1,0.2908066213130951,0.3123438358306885,0.21368,0.01234678365290165,2.424,-4.235,1.451,115.359,0.914
4655,279327.03,1,0.29119399189949036,0.311084121465683,0.2138,0.012728184461593628,2.394,-4.248,1.456,115.374,0.91381
4656,279390.87,1,0.2976124584674835,0.3151282072067261,0.21254,0.012966358102858067,2.423,-4.27,1.457,115.294,0.91268
4657,279454.67,1,0.3041784167289734,0.3192659020423889,0.20947,0.012853585183620453,2.356,-4.301,1.454,115.331,0.91398
4658,279518.93,1,0.3006133735179901,0.318352609872818,0.21009,0.012771627865731716,2.359,-4.292,1.42,115.351,0.91328
4659,279566.9,1,0.30228838324546814,0.31658849120140076,0.21119,0.012725279666483402,2.32,-4.312,1.419,115.237,0.91293
4660,279630.7,1,0.30431634187698364,0.31584233045578003,0.21063,0.013146785087883472,2.273,-4.324,1.41,115.336,0.91342
4661,279694.73,1,0.3011312186717987,0.3157241642475128,0.21111,0.013817288912832737,2.307,-4.334,1.374,115.332,0.91278
4662,279758.9,1,0.3070113956928253,0.31765294075012207,0.21119,0.014461261220276356,2.337,-4.347,1.39,115.249,0.91247
4663,279807.17,1,0.3013615310192108,0.317551851272583,0.21142,0.014903305098414421,2.372,-4.314,1.374,115.355,0.91319
4664,279870.8,1,0.3041635751724243,0.3141947090625763,0.21266,0.014754085801541805,2.357,-4.315,1.407,115.344,0.91337
4665,279934.93,1,0.3161264955997467,0.31371644139289856,0.21299,0.014759715646505356,2.415,-4.296,1.47,115.255,0.91245
4666,279998.67,1,0.3181057870388031,0.31134113669395447,0.21243,0.014506618492305279,2.456,-4.237,1.481,115.341,0.91364
4667,280046.7,1,0.3161235749721527,0.30849188566207886,0.21287,0.01461216900497675,2.425,-4.215,1.526,115.351,0.91318
4668,280110.7,1,0.3190528452396393,0.30092164874076843,0.21412,0.014564583078026772,2.381,-4.186,1.556,115.247,0.91326
4669,280174.7,1,0.32050129771232605,0.2961376905441284,0.21346,0.014626572839915752,2.404,-4.132,1.563,115.308,0.91365
4670,280239.27,1,0.3150743246078491,0.2978423535823822,0.21556,0.014226002618670464,2.402,-4.142,1.566,115.316,0.91441
4671,280286.73,1,0.3154973089694977,0.29791542887687683,0.21583,0.014234364032745361,2.382,-4.132,1.561,115.19,0.91415
4672,280350.9,1,0.3166438937187195,0.2981182932853699,0.21535,0.013978385366499424,2.387,-4.129,1.554,115.266,0.91423
4673,280414.7,1,0.3168228268623352,0.2973271608352661,0.21543,0.013988155871629715,2.386,-4.127,1.563,115.26,0.91404
4674,280479.13,1,0.3177179992198944,0.2970890998840332,0.21492,0.013606914319097996,2.414,-4.147,1.564,115.022,0.91444
4675,280526.77,1,0.3144165277481079,0.29588499665260315,0.21516,0.013240166939795017,2.401,-4.137,1.57,114.89,0.91515
4676,280590.87,1,0.3091721832752228,0.29170912504196167,0.21757,0.012993849813938141,2.394,-4.134,1.589,114.848,0.9163
4677,280654.77,1,0.31104370951652527,0.2911282181739807,0.21778,0.013236080296337605,2.373,-4.119,1.604,114.711,0.91508
4678,280718.77,1,0.3100832402706146,0.2928414046764374,0.21763,0.01324398722499609,2.388,-4.104,1.635,114.954,0.91543
4679,280767.0,1,0.3112230896949768,0.2932855486869812,0.21782,0.013661512173712254,2.357,-4.125,1.622,114.722,0.91586
4680,280830.93,1,0.30896618962287903,0.291476309299469,0.21905,0.014015640132129192,2.312,-4.178,1.63,114.703,0.91573
4681,280894.77,1,0.3067224323749542,0.28728607296943665,0.21995,0.013784528709948063,2.321,-4.195,1.626,114.801,0.91551
4682,280958.7,1,0.3070572316646576,0.2915329933166504,0.21812,0.014009816572070122,2.289,-4.218,1.619,114.802,0.91571
4683,281006.57,1,0.3633226752281189,0.3437856435775757,0.18636,0.015556655824184418,2.343,-4.292,1.509,114.697,0.91508
4684,281070.8,1,0.6314264535903931,0.5760234594345093,0.06898,0.019297029823064804,2.053,-4.218,1.392,114.69,0.91713
4685,281134.73,1,0.6657445430755615,0.651728630065918,0.03745,0.01915006898343563,2.009,-4.146,1.418,114.662,0.91709
4686,281198.77,1,0.6233533620834351,0.6164137721061707,0.04773,0.01895330101251602,2.047,-4.073,1.473,113.759,0.92399
4687,281246.73,1,0.6083546876907349,0.6072829961776733,0.05265,0.019048476591706276,2.042,-4.076,1.525,113.857,0.92287
4688,281311.13,1,0.5032780170440674,0.5019674301147461,0.10047,0.01879790611565113,2.077,-4.096,1.621,113.863,0.92265
4689,281374.7,1,0.43237823247909546,0.39569467306137085,0.14599,0.017800454050302505,1.949,-4.153,1.647,113.752,0.92291
4690,281439.1,1,0.40512824058532715,0.34097930788993835,0.16399,0.017335694283246994,2.157,-4.153,1.59,113.866,0.92359
4691,281486.73,1,0.35932549834251404,0.3163720965385437,0.18234,0.016625594347715378,2.13,-4.187,1.589,113.855,0.92366
4692,281550.7,1,0.3385528326034546,0.2997412383556366,0.19739,0.01604362390935421,2.136,-4.264,1.588,113.797,0.92422
4693,281614.77,1,0.34015730023384094,0.29752832651138306,0.1999,0.01577400043606758,2.158,-4.257,1.574,113.881,0.92424
4694,281679.07,1,0.34036609530448914,0.29639068245887756,0.20268,0.015424979850649834,2.17,-4.269,1.56,113.892,0.9238
4695,281726.7,1,0.3389715254306793,0.29375743865966797,0.20513,0.015247661620378494,2.191,-4.235,1.551,113.786,0.92227
4696,281790.67,1,0.33370065689086914,0.2894887924194336,0.20866,0.015141959302127361,2.228,-4.212,1.532,113.888,0.92314
4697,281854.87,1,0.32972121238708496,0.28730008006095886,0.21043,0.015188607387244701,2.244,-4.174,1.515,113.901,0.92284
4698,281918.83,1,0.3220176696777344,0.28749486804008484,0.21303,0.015175881795585155,2.316,-4.172,1.524,113.776,0.92311
4699,281966.73,1,0.3196423649787903,0.28937333822250366,0.21386,0.01517648808658123,2.309,-4.167,1.531,113.861,0.92379
4700,282030.7,1,0.31932327151298523,0.28658148646354675,0.21477,0.014856514520943165,2.292,-4.18,1.527,113.831,0.92376
4701,282094.7,1,0.3205737769603729,0.2863694429397583,0.21732,0.01439356803894043,2.27,-4.17,1.549,113.779,0.92341
4702,282158.7,1,0.3192862272262573,0.2857610285282135,0.21776,0.014287158846855164,2.261,-4.185,1.551,113.902,0.92334
4703,282206.73,1,0.31461161375045776,0.2847188711166382,0.21899,0.013855449855327606,2.218,-4.159,1.555,113.874,0.92402
4704,282270.73,1,0.3201145827770233,0.2880886197090149,0.21845,0.01382080651819706,2.207,-4.175,1.535,113.777,0.92409
4705,282334.73,1,0.3215283453464508,0.2899506986141205,0.218,0.013874761760234833,2.212,-4.182,1.534,113.877,0.92381
4706,282398.73,1,0.3223327100276947,0.2872612178325653,0.21816,0.014076022431254387,2.233,-4.163,1.512,113.878,0.92371
4707,282446.7,1,0.3232579827308655,0.28637203574180603,0.21856,0.014323100447654724,2.238,-4.176,1.537,113.761,0.92367
4708,282510.77,1,0.318550169467926,0.28332996368408203,0.21934,0.014085914008319378,2.256,-4.13,1.523,113.998,0.92355
4709,282574.63,1,0.3213311731815338,0.2830040454864502,0.21857,0.01395526435226202,2.264,-4.14,1.538,113.753,0.924
4710,282638.63,1,0.32253292202949524,0.2852861285209656,0.21814,0.013402372598648071,2.263,-4.121,1.512,113.745,0.92404
4711,282686.73,1,0.320880651473999,0.28741395473480225,0.2184,0.01360083743929863,2.286,-4.104,1.49,113.846,0.92406
4712,282750.73,1,0.32704901695251465,0.300785630941391,0.21243,0.013471773825585842,2.262,-4.097,1.477,113.85,0.92441
4713,282814.7,1,0.3256111443042755,0.30370277166366577,0.21004,0.013392825610935688,2.29,-4.172,1.425,113.788,0.92445
4714,282878.67,1,0.32275763154029846,0.30536195635795593,0.20871,0.013424680568277836,2.309,-4.181,1.363,113.884,0.92337
4715,282926.67,1,0.31442221999168396,0.30555349588394165,0.2088,0.013330422341823578,2.248,-4.198,1.355,113.886,0.92434
4716,282990.67,1,0.3147999346256256,0.30885758996009827,0.20725,0.013514350168406963,2.214,-4.22,1.324,113.765,0.92342
4717,283054.63,1,0.3131789565086365,0.3110717236995697,0.20712,0.013697423972189426,2.143,-4.249,1.283,113.886,0.92356
4718,283118.93,1,0.3119395673274994,0.3120642900466919,0.20764,0.013826058246195316,2.141,-4.253,1.257,113.881,0.92427
4719,283167.27,1,0.31426334381103516,0.31376999616622925,0.20827,0.014113280922174454,2.141,-4.252,1.216,113.782,0.92385
4720,283230.73,1,0.3142279088497162,0.3145197033882141,0.20809,0.013799217529594898,2.143,-4.249,1.217,113.839,0.92511
4721,283294.87,1,0.3148924708366394,0.3148685693740845,0.20884,0.013897523283958435,2.126,-4.232,1.21,113.836,0.92575
4722,283358.67,1,0.3187656104564667,0.3183090090751648,0.20909,0.013757109642028809,2.143,-4.17,1.19,113.726,0.92532
4723,283406.77,1,0.3169209659099579,0.3170512914657593,0.20917,0.013726921752095222,2.195,-4.172,1.193,113.812,0.92513
4724,283470.83,1,0.3167647421360016,0.3176884353160858,0.20924,0.013838025741279125,2.2,-4.167,1.201,113.845,0.92415
4725,283534.73,1,0.3155836760997772,0.31583815813064575,0.21054,0.013869060203433037,2.231,-4.201,1.213,113.751,0.92295
4726,283599.0,1,0.3142285645008087,0.3149610161781311,0.21123,0.013676760718226433,2.222,-4.196,1.217,113.822,0.92467
4727,283646.8,1,0.312191367149353,0.31276068091392517,0.2119,0.013430352322757244,2.245,-4.193,1.222,113.81,0.9246
4728,283710.77,1,0.3099193274974823,0.3107355535030365,0.21335,0.013600798323750496,2.224,-4.162,1.208,113.726,0.92515
4729,283775.07,1,0.31016793847084045,0.31038418412208557,0.21339,0.013539266772568226,2.247,-4.164,1.212,113.857,0.92517
4730,283839.1,1,0.30732959508895874,0.3101612627506256,0.2138,0.013395320624113083,2.321,-4.161,1.205,113.858,0.9244
4731,283886.67,1,0.3112870752811432,0.31220701336860657,0.21389,0.013600542210042477,2.377,-4.19,1.193,113.757,0.92477
4732,283950.73,1,0.3121079206466675,0.3121298849582672,0.21342,0.013658440671861172,2.393,-4.208,1.198,113.844,0.92528
4733,284014.77,1,0.3134518265724182,0.3142393231391907,0.21304,0.013630409725010395,2.403,-4.212,1.209,113.859,0.92425
4734,284078.73,1,0.3349559009075165,0.3282172679901123,0.20761,0.01341752614825964,2.443,-4.185,1.311,113.766,0.92554
4735,284126.9,1,0.33012887835502625,0.32450902462005615,0.20845,0.012966254726052284,2.453,-4.15,1.34,113.888,0.92425
4736,284191.07,1,0.3301642835140228,0.3158636689186096,0.2097,0.012740125879645348,2.436,-4.127,1.354,113.879,0.92534
4737,284254.7,1,0.3267410695552826,0.3150677978992462,0.20931,0.012803025543689728,2.439,-4.143,1.364,113.778,0.9246
4738,284319.0,1,0.32354894280433655,0.3050888776779175,0.21174,0.012622329406440258,2.41,-4.14,1.359,113.993,0.92457
4739,284367.0,1,0.3232826590538025,0.30002468824386597,0.21348,0.012661165557801723,2.425,-4.118,1.367,113.776,0.92446
4740,284430.77,1,0.3158630430698395,0.29532039165496826,0.21491,0.012849492020905018,2.416,-4.085,1.41,113.76,0.92528
4741,284494.73,1,0.3117416799068451,0.2888966500759125,0.21723,0.01264157984405756,2.283,-3.961,1.414,113.835,0.92502
4742,284558.97,1,0.3100505769252777,0.2863820791244507,0.21826,0.012616356834769249,2.28,-3.962,1.419,113.849,0.92515
4743,284607.03,1,0.3109133839607239,0.28624266386032104,0.21891,0.012344388291239738,2.251,-3.971,1.425,113.798,0.92524
4744,284671.13,1,0.307668536901474,0.2844680845737457,0.21982,0.012227595783770084,2.247,-3.976,1.425,113.808,0.9256
4745,284734.73,1,0.3073525130748749,0.2816528379917145,0.22103,0.011850467883050442,2.28,-3.972,1.43,113.803,0.92531
4746,284798.77,1,0.2992396354675293,0.27764901518821716,0.22392,0.011668767780065536,2.252,-4.022,1.449,113.744,0.92542
4747,284846.77,1,0.2974289059638977,0.276109904050827,0.22427,0.01163404155522585,2.261,-4.016,1.46,113.857,0.92629
4748,284910.8,1,0.29562026262283325,0.27217063307762146,0.22519,0.01151419896632433,2.293,-3.98,1.452,113.796,0.92527
4749,284974.77,1,0.2962859272956848,0.2714707851409912,0.22513,0.011560197919607162,2.337,-3.965,1.449,113.785,0.92569
4750,285039.07,1,0.2951546311378479,0.27080851793289185,0.22532,0.011491860263049603,2.381,-3.951,1.452,113.872,0.9248
4751,285087.03,1,0.2942269742488861,0.2678241729736328,0.22695,0.011307451874017715,2.371,-3.957,1.472,113.855,0.92437
4752,285150.93,1,0.29546236991882324,0.2682676613330841,0.2278,0.011302686296403408,2.382,-3.991,1.441,113.768,0.92515
4753,285215.03,1,0.2962574064731598,0.2680375576019287,0.22761,0.011544592678546906,2.408,-4.004,1.455,113.82,0.92443
4754,285278.8,1,0.2924659252166748,0.2672588527202606,0.22791,0.011270122602581978,2.481,-4.033,1.436,113.839,0.92418
4755,285327.03,1,0.2904386520385742,0.2663262188434601,0.22928,0.011157604865729809,2.48,-4.019,1.423,113.783,0.92405
4756,285390.67,1,0.2826029658317566,0.26237282156944275,0.23145,0.010862051509320736,2.527,-4.014,1.412,113.904,0.9236
4757,285455.07,1,0.28265392780303955,0.26062577962875366,0.23283,0.01110727060586214,2.491,-4.009,1.452,113.883,0.92466
4758,285518.9,1,0.28538966178894043,0.26174306869506836,0.23258,0.01157193910330534,2.533,-4.033,1.456,113.817,0.92338
4759,285567.3,1,0.284527450799942,0.261569619178772,0.2328,0.011621737852692604,2.532,-4.04,1.464,113.868,0.92408
4760,285631.03,1,0.2878158390522003,0.26292064785957336,0.23206,0.011538641527295113,2.648,-4.087,1.455,113.897,0.92272
4761,285694.83,1,0.2895214855670929,0.26618441939353943,0.23206,0.011862322688102722,2.691,-4.099,1.447,113.769,0.92318
4762,285758.93,1,0.29009366035461426,0.2681429982185364,0.23131,0.01192083302885294,2.705,-4.107,1.438,113.845,0.92432
4763,285806.8,1,0.29071149230003357,0.2682100236415863,0.23131,0.01199328526854515,2.692,-4.041,1.429,113.88,0.92421
4764,285870.77,1,0.2956774830818176,0.2710742950439453,0.23071,0.011991041712462902,2.641,-4.039,1.431,113.744,0.92402
4765,285934.73,1,0.2981697916984558,0.2752973139286041,0.22813,0.011768843978643417,2.65,-4.045,1.432,113.887,0.92416
4766,285999.0,1,0.29788967967033386,0.27251943945884705,0.22877,0.01175132766366005,2.681,-4.029,1.439,113.884,0.92404
4767,286046.9,1,0.3007667660713196,0.2725604772567749,0.22864,0.011886066757142544,2.679,-4.077,1.443,113.793,0.92294
4768,286110.83,1,0.3016778230667114,0.27412641048431396,0.22813,0.011776245199143887,2.68,-4.077,1.455,113.912,0.92435
4769,286174.73,1,0.30281785130500793,0.27368655800819397,0.22799,0.011830264702439308,2.692,-4.097,1.442,113.791,0.92532
4770,286238.73,1,0.3042798936367035,0.2797452211380005,0.22614,0.010869565419852734,2.677,-4.104,1.457,113.803,0.92558
4771,286286.83,1,0.30284634232521057,0.27887603640556335,0.22591,0.01086083147674799,2.697,-4.08,1.466,113.911,0.92546
4772,286350.73,1,0.2994282841682434,0.27649247646331787,0.22699,0.011033851653337479,2.72,-4.063,1.458,113.914,0.92521
4773,286414.77,1,0.29818862676620483,0.27577099204063416,0.22772,0.011528297327458858,2.705,-4.062,1.463,113.826,0.92456
4774,286478.97,1,0.2965710461139679,0.2747393250465393,0.22817,0.01157355960458517,2.748,-4.051,1.453,113.93,0.92452
4775,286526.8,1,0.29375940561294556,0.2730277478694916,0.22877,0.01146778091788292,2.768,-4.041,1.448,113.942,0.92462
4776,286590.97,1,0.29611051082611084,0.27259960770606995,0.22911,0.011585026048123837,2.769,-4.039,1.447,113.806,0.92626
4777,286655.03,1,0.2935766577720642,0.2717372179031372,0.22923,0.011544603854417801,2.777,-4.029,1.442,113.907,0.92563
4778,286718.8,1,0.2912822365760803,0.27055689692497253,0.22987,0.011296852491796017,2.753,-4.012,1.435,113.947,0.92509
4779,286766.77,1,0.2938593626022339,0.2713378667831421,0.22988,0.011524227447807789,2.736,-3.985,1.432,113.87,0.9246
4780,286830.67,1,0.29543963074684143,0.26947954297065735,0.22979,0.011563696898519993,2.719,-3.994,1.424,113.956,0.92429
4781,286894.73,1,0.2947661876678467,0.270067423582077,0.22884,0.011959266848862171,2.798,-3.984,1.423,113.936,0.92445
4782,286958.97,1,0.2958950102329254,0.26947253942489624,0.2293,0.011884196661412716,2.785,-3.988,1.399,113.826,0.92462
4783,287006.93,1,0.29602116346359253,0.26814356446266174,0.22943,0.01176673173904419,2.8,-3.997,1.396,113.952,0.92329
4784,287070.77,1,0.2953132092952728,0.2694183886051178,0.22933,0.011287819594144821,2.835,-4.025,1.381,113.952,0.92463
4785,287134.77,1,0.298795610666275,0.27062109112739563,0.22875,0.011583694256842136,2.835,-4.036,1.377,113.852,0.92464
4786,287198.63,1,0.29899701476097107,0.26943159103393555,0.22872,0.011506152339279652,2.862,-4.031,1.396,113.944,0.92487
4787,287246.7,1,0.2959921061992645,0.27006563544273376,0.22882,0.011198404245078564,2.863,-4.032,1.385,113.977,0.92406
4788,287310.73,1,0.2962789237499237,0.2686215043067932,0.22956,0.011050242930650711,2.871,-4.054,1.386,113.878,0.92412
4789,287374.77,1,0.493853896856308,0.5059066414833069,0.11226,0.015001446940004826,3.039,-4.052,1.314,114.021,0.92374
4790,287438.67,1,0.5301178693771362,0.5685903429985046,0.0838,0.014204286970198154,3.05,-4.046,1.377,114.011,0.92314
4791,287487.0,1,0.530659556388855,0.5421806573867798,0.08939,0.013491065241396427,3.141,-4.002,1.406,113.909,0.92296
4792,287551.13,1,0.4990186095237732,0.5053246021270752,0.10335,0.012694117613136768,3.124,-4.038,1.426,113.987,0.92346
4793,287615.07,1,0.480357825756073,0.42855775356292725,0.12577,0.011871923692524433,3.139,-4.023,1.424,113.964,0.92312
4794,287679.3,1,0.43324005603790283,0.4113691449165344,0.1421,0.01161553431302309,3.089,-4.053,1.423,113.88,0.92289
4795,287726.8,1,0.4190090298652649,0.3728974759578705,0.15475,0.01110703032463789,3.127,-4.058,1.4,113.985,0.92284
4796,287790.73,1,0.39826369285583496,0.3602727949619293,0.16526,0.010645092464983463,3.079,-4.067,1.414,113.962,0.9226
4797,287854.73,1,0.3859439790248871,0.3439476191997528,0.17521,0.010774388909339905,3.041,-4.04,1.338,113.858,0.92251
4798,287919.13,1,0.3715633451938629,0.3366176187992096,0.18081,0.010489403270184994,3.112,-4.015,1.328,114.102,0.92248
4799,287967.2,1,0.36794328689575195,0.3329279124736786,0.18426,0.01037538144737482,3.172,-4.025,1.312,113.891,0.92285
4800,288030.9,1,0.35760048031806946,0.32230788469314575,0.18968,0.010197747498750687,3.185,-4.025,1.305,113.884,0.92259
4801,288094.7,1,0.3467727601528168,0.31376031041145325,0.19545,0.010021270252764225,3.22,-4.009,1.272,113.94,0.92345
4802,288159.0,1,0.33949586749076843,0.31040653586387634,0.1989,0.009988152422010899,3.17,-4.032,1.256,113.928,0.92364
4803,288207.13,1,0.3321703374385834,0.3020448684692383,0.20348,0.009863276965916157,3.159,-4.035,1.234,113.821,0.92463
4804,288270.83,1,0.32941582798957825,0.2963765561580658,0.20594,0.009731627069413662,3.14,-4.039,1.236,113.953,0.92348
4805,288334.77,1,0.3198171854019165,0.29352280497550964,0.20978,0.009660130366683006,3.197,-4.102,1.27,113.983,0.92348
4806,288398.83,1,0.32003235816955566,0.2876904606819153,0.21307,0.010227506048977375,3.191,-4.179,1.249,113.882,0.92342
4807,288447.33,1,0.3170771598815918,0.28750884532928467,0.21361,0.010204048827290535,3.21,-4.183,1.24,113.97,0.92245
4808,288510.9,1,0.3186620771884918,0.28773465752601624,0.21378,0.010609569028019905,3.217,-4.164,1.237,113.926,0.92339
4809,288574.73,1,0.31902530789375305,0.2877359986305237,0.21392,0.01077518705278635,3.222,-4.181,1.229,113.818,0.92344
4810,288638.93,1,0.31649309396743774,0.28763720393180847,0.2146,0.010630813427269459,3.208,-4.178,1.221,113.931,0.92282
4811,288686.83,1,0.31303638219833374,0.2848726809024811,0.21619,0.010469932109117508,3.208,-4.141,1.203,113.955,0.92273
4812,288750.8,1,0.3144669234752655,0.28468263149261475,0.21629,0.010558118112385273,3.211,-4.18,1.192,113.849,0.92141
4813,288814.83,1,0.3089676797389984,0.2836757004261017,0.2172,0.01043800637125969,3.21,-4.169,1.239,113.931,0.92178
4814,288878.9,1,0.3060549795627594,0.28186866641044617,0.21844,0.010321145877242088,3.201,-4.195,1.256,113.919,0.92333
4815,288926.87,1,0.30903545022010803,0.28206342458724976,0.21846,0.010622932575643063,3.222,-4.206,1.253,113.804,0.92258
4816,288990.8,1,0.3078277111053467,0.28099656105041504,0.21945,0.010530101135373116,3.229,-4.219,1.274,113.931,0.92334
4817,289054.97,1,0.3068962097167969,0.2815418839454651,0.2194,0.010601283982396126,3.19,-4.167,1.256,113.902,0.92406
4818,289119.07,1,0.31146353483200073,0.28130999207496643,0.21933,0.010941053740680218,3.2,-4.159,1.268,113.826,0.9233
4819,289167.43,1,0.3105573356151581,0.28265392780303955,0.2193,0.01086067408323288,3.203,-4.157,1.272,113.963,0.92287
4820,289231.2,1,0.30707618594169617,0.2811723053455353,0.22094,0.010486384853720665,3.197,-4.151,1.265,113.945,0.92348
4821,289294.87,1,0.30781227350234985,0.2803584337234497,0.22182,0.010415453463792801,3.205,-4.149,1.276,113.831,0.92216
4822,289358.8,1,0.309142529964447,0.28120529651641846,0.22166,0.010371724143624306,3.264,-4.184,1.266,113.955,0.9217
4823,289406.87,1,0.3077361285686493,0.281854510307312,0.22148,0.010294133797287941,3.285,-4.163,1.251,113.939,0.92257
4824,289470.83,1,0.30575597286224365,0.277851939201355,0.22344,0.010190597735345364,3.352,-4.136,1.209,113.843,0.92287
4825,289534.8,1,0.3036454916000366,0.27731090784072876,0.22387,0.010175088420510292,3.347,-4.159,1.22,113.943,0.92263
4826,289598.77,1,0.304279088973999,0.2779102325439453,0.22397,0.010019434615969658,3.279,-4.19,1.221,113.931,0.92371
4827,289647.23,1,0.30520913004875183,0.2818886637687683,0.22355,0.009720714762806892,3.255,-4.186,1.218,113.823,0.92345
4828,289711.17,1,0.30520427227020264,0.28308457136154175,0.22298,0.00960609968751669,3.258,-4.179,1.218,114.106,0.92249
4829,289774.93,1,0.3094783425331116,0.2850722670555115,0.22258,0.009991745464503765,3.272,-4.172,1.21,113.824,0.92282
4830,289839.03,1,0.30857452750205994,0.2868608236312866,0.22233,0.010548100806772709,3.317,-4.165,1.236,113.824,0.92256
4831,289902.9,1,0.3079628050327301,0.28789156675338745,0.22081,0.010402687825262547,3.31,-4.143,1.25,113.949,0.92332
4832,289951.13,1,0.30761078000068665,0.28577885031700134,0.22148,0.010349791496992111,3.262,-4.156,1.263,113.915,0.92291
4833,290014.8,1,0.30903422832489014,0.2862946093082428,0.22196,0.011001263745129108,3.177,-4.182,1.249,113.823,0.92261
4834,290079.17,1,0.3068752586841583,0.2839716672897339,0.22202,0.011211945675313473,3.126,-4.182,1.252,113.925,0.92317
4835,290142.9,1,0.3057780861854553,0.2833218276500702,0.22267,0.011327267624437809,3.106,-4.157,1.254,113.942,0.9227
4836,290190.77,1,0.30791735649108887,0.2826291024684906,0.2223,0.01165916956961155,3.108,-4.153,1.261,113.849,0.92259
4837,290255.13,1,0.30767348408699036,0.28193727135658264,0.22224,0.011748951859772205,3.12,-4.173,1.253,113.949,0.92242
4838,290318.9,1,0.30837392807006836,0.2821841835975647,0.2218,0.011511659249663353,3.148,-4.167,1.25,113.944,0.9237
4839,290382.93,1,0.3147008419036865,0.2865521013736725,0.22273,0.01152214128524065,3.2,-4.194,1.234,113.873,0.92199
4840,290430.7,1,0.3169536888599396,0.28746747970581055,0.22204,0.011595603078603745,3.227,-4.22,1.238,113.984,0.9224
4841,290494.77,1,0.31670281291007996,0.287159264087677,0.22197,0.011502900160849094,3.225,-4.229,1.242,113.964,0.92304
4842,290558.87,1,0.30695703625679016,0.28877922892570496,0.22394,0.011739000678062439,3.244,-4.247,1.277,113.874,0.92386
4843,290622.67,1,0.3072820007801056,0.28891652822494507,0.22329,0.011443594470620155,3.244,-4.253,1.281,113.985,0.9224
4844,290670.83,1,0.30621519684791565,0.2875291109085083,0.22329,0.011480528861284256,3.24,-4.243,1.296,113.977,0.92284
4845,290734.73,1,0.3057296574115753,0.2882971167564392,0.22338,0.011183598078787327,3.237,-4.263,1.296,113.87,0.92292
4846,290798.93,1,0.30760568380355835,0.28628599643707275,0.22264,0.011178610846400261,3.218,-4.269,1.317,113.961,0.9235
4847,290862.8,1,0.3078714609146118,0.2878969609737396,0.22189,0.011061306111514568,3.22,-4.253,1.32,113.973,0.92269
4848,290911.23,1,0.3095360994338989,0.28678080439567566,0.2229,0.0113866301253438,3.193,-4.239,1.322,113.88,0.92156
4849,290974.8,1,0.30668601393699646,0.2868581712245941,0.22331,0.011023059487342834,3.183,-4.197,1.291,113.987,0.92166
4850,291038.97,1,0.3047836124897003,0.28227120637893677,0.22497,0.011182612739503384,3.158,-4.148,1.287,113.997,0.92211
4851,291103.03,1,0.30585822463035583,0.2832830548286438,0.22547,0.011379532516002655,3.193,-4.145,1.282,113.882,0.92231
4852,291150.77,1,0.30642521381378174,0.28364866971969604,0.22489,0.011721874587237835,3.252,-4.166,1.278,114.024,0.92148
4853,291214.8,1,0.30701500177383423,0.30559438467025757,0.21708,0.011702999472618103,3.27,-4.143,1.278,114.018,0.92221
4854,291279.47,1,0.309181272983551,0.31055954098701477,0.21344,0.012040692381560802,3.329,-4.165,1.202,113.925,0.92139
4855,291343.03,1,0.30177536606788635,0.3199692964553833,0.211,0.01203220896422863,3.344,-4.182,1.167,114.006,0.92202
4856,291390.83,1,0.2989862859249115,0.31774285435676575,0.2119,0.012143994681537151,3.261,-4.171,1.167,114.011,0.92196
4857,291454.9,1,0.3011977970600128,0.318174809217453,0.21216,0.012113389559090137,3.152,-4.287,1.163,113.904,0.92161
4858,291519.37,1,0.2995135188102722,0.31639203429222107,0.21247,0.012049221433699131,3.16,-4.304,1.155,114.111,0.92273
4859,291583.07,1,0.30136027932167053,0.3162757158279419,0.21292,0.012212894856929779,3.091,-4.33,1.137,113.892,0.92156
4860,291630.87,1,0.30128684639930725,0.3171636760234833,0.2119,0.012583207339048386,3.111,-4.327,1.134,113.912,0.92248
4861,291694.77,1,0.29891708493232727,0.31615930795669556,0.21218,0.012451360002160072,3.143,-4.298,1.142,114.022,0.9226
4862,291758.97,1,0.30439621210098267,0.31879618763923645,0.2122,0.0124232592061162,3.162,-4.236,1.168,113.967,0.92389
4863,291822.73,1,0.3353019952774048,0.33838072419166565,0.2028,0.013194872066378593,3.198,-4.169,1.211,113.911,0.92282
4864,291870.97,1,0.33892619609832764,0.33720120787620544,0.20353,0.013156834058463573,3.175,-4.156,1.245,113.979,0.92341
4865,291934.77,1,0.3419550359249115,0.33254677057266235,0.20354,0.013095710426568985,3.183,-4.127,1.28,114.009,0.92278
4866,291998.77,1,0.3671461045742035,0.37652575969696045,0.18457,0.013554980978369713,3.227,-4.064,1.294,113.869,0.92314
4867,292063.1,1,0.6316350698471069,0.6065540313720703,0.06094,0.015287522226572037,3.036,-3.955,1.158,114.011,0.92302
4868,292110.9,1,0.6765822172164917,0.639512300491333,0.03952,0.01481040008366108,2.949,-3.906,1.193,114.031,0.92249
4869,292174.83,1,0.6335914134979248,0.6049355268478394,0.05027,0.013825193047523499,2.96,-3.863,1.231,113.89,0.92472
4870,292238.83,1,0.6205242872238159,0.5967126488685608,0.05191,0.01419802475720644,3.017,-3.852,1.195,114.012,0.92431
4871,292303.07,1,0.5210238695144653,0.5404027104377747,0.08471,0.013408932834863663,2.998,-3.892,1.227,113.984,0.92439
4872,292350.8,1,0.46241524815559387,0.46837010979652405,0.11788,0.01296687126159668,2.985,-3.955,1.233,113.919,0.92361
4873,292415.1,1,0.4199279546737671,0.41456303000450134,0.14016,0.012690452858805656,3.098,-3.969,1.246,113.966,0.92387
4874,292479.47,1,0.40400993824005127,0.3798213601112366,0.15434,0.012258457019925117,3.112,-3.976,1.271,113.984,0.9246
4875,292543.1,1,0.3863832652568817,0.3576948344707489,0.17083,0.012489594519138336,3.101,-4.029,1.235,113.863,0.92469
4876,292590.9,1,0.3730049133300781,0.3488466739654541,0.17825,0.012481827288866043,3.129,-4.035,1.214,113.998,0.92466
4877,292654.8,1,0.3646281361579895,0.3449382185935974,0.18449,0.012660992331802845,3.17,-4.05,1.21,113.981,0.92426
4878,292718.8,1,0.36686259508132935,0.34486567974090576,0.1869,0.013430592603981495,3.194,-4.073,1.188,113.85,0.92453
4879,292782.67,1,0.3530717194080353,0.32967644929885864,0.19412,0.01300475187599659,3.286,-4.093,1.208,113.951,0.92439
4880,292830.7,1,0.34576255083084106,0.3266756534576416,0.19689,0.012920673936605453,3.29,-4.084,1.221,113.968,0.92355
4881,292894.67,1,0.33700206875801086,0.32227346301078796,0.20177,0.01280378457158804,3.301,-4.105,1.241,113.873,0.92473
4882,292959.03,1,0.33153030276298523,0.3195499777793884,0.20292,0.012587674893438816,3.325,-4.11,1.271,113.976,0.92481
4883,293022.7,1,0.331036776304245,0.31563571095466614,0.20391,0.012503205798566341,3.273,-4.1,1.281,113.955,0.9235
4884,293070.77,1,0.33139288425445557,0.3141966462135315,0.20462,0.012712686322629452,3.304,-4.091,1.27,113.894,0.92279
4885,293134.77,1,0.32818740606307983,0.3089446425437927,0.20614,0.012922133319079876,3.294,-4.064,1.235,113.994,0.92388
4886,293198.73,1,0.32247915863990784,0.30669164657592773,0.20808,0.012793724425137043,3.276,-4.067,1.24,114.008,0.92429
4887,293263.07,1,0.3200053870677948,0.30487215518951416,0.2094,0.012485930696129799,3.274,-4.092,1.279,113.909,0.92495
4888,293310.8,1,0.31821808218955994,0.3041248321533203,0.20988,0.012118440121412277,3.311,-4.097,1.279,114.107,0.92356
4889,293374.73,1,0.3163125514984131,0.3024730086326599,0.21126,0.012282280251383781,3.295,-4.077,1.259,113.893,0.92368
4890,293439.03,1,0.3189679682254791,0.3052518665790558,0.21106,0.012472497299313545,3.241,-4.08,1.23,113.9,0.92343
4891,293503.07,1,0.31450140476226807,0.3071672022342682,0.21043,0.011738747358322144,3.222,-4.039,1.22,114.006,0.92356
4892,293550.77,1,0.3104971647262573,0.30411845445632935,0.21197,0.011133341118693352,3.065,-4.111,1.222,113.964,0.92489
4893,293614.73,1,0.3171345591545105,0.30632591247558594,0.21203,0.011449486017227173,3.03,-4.142,1.265,113.891,0.92339
4894,293679.0,1,0.31648603081703186,0.30555278062820435,0.21236,0.011290203779935837,3.045,-4.138,1.288,114.002,0.92317
4895,293742.73,1,0.3163016438484192,0.3051164448261261,0.21197,0.011252346448600292,3.027,-4.15,1.283,113.958,0.92474
4896,293790.8,1,0.3222293555736542,0.30057793855667114,0.21382,0.01152129378169775,3.006,-4.162,1.266,113.853,0.92407
4897,293854.9,1,0.32180628180503845,0.3021697402000427,0.21413,0.011420303024351597,3.006,-4.158,1.27,113.979,0.92293
4898,293919.3,1,0.32441961765289307,0.30055126547813416,0.21423,0.0112290158867836,2.99,-4.155,1.302,113.945,0.92384
4899,293983.07,1,0.3315607011318207,0.3044433891773224,0.21323,0.010999229736626148,2.994,-4.15,1.317,113.903,0.9223
4900,294030.8,1,0.33112332224845886,0.30547353625297546,0.21304,0.01097817812114954,3.001,-4.145,1.302,113.975,0.92403
4901,294095.13,1,0.3294212222099304,0.3053424060344696,0.21298,0.010594378225505352,2.988,-4.169,1.339,113.979,0.92369
4902,294158.93,1,0.3330731987953186,0.30597326159477234,0.21334,0.0107125760987401,3.016,-4.213,1.319,113.887,0.92372
4903,294222.77,1,0.33552926778793335,0.30601999163627625,0.21264,0.010889115743339062,3.063,-4.211,1.342,113.994,0.92356
4904,294271.0,1,0.33398759365081787,0.30649223923683167,0.21262,0.01091074664145708,3.091,-4.215,1.34,113.979,0.9238
4905,294334.8,1,0.33185020089149475,0.29994916915893555,0.21386,0.010970817878842354,3.104,-4.201,1.343,113.882,0.92383
4906,294399.17,1,0.3313160240650177,0.29976075887680054,0.21384,0.010724574327468872,3.111,-4.191,1.347,114.003,0.92376
4907,294463.13,1,0.3293825685977936,0.2993171215057373,0.21391,0.010562826879322529,3.121,-4.196,1.354,113.987,0.92378
4908,294511.1,1,0.33404478430747986,0.3001922070980072,0.21347,0.01068542804569006,3.101,-4.181,1.362,113.908,0.92353
4909,294574.93,1,0.32624104619026184,0.2992390990257263,0.21374,0.010560370050370693,3.09,-4.154,1.35,114.014,0.92418
4910,294639.23,1,0.32567813992500305,0.2987682521343231,0.21437,0.01049735490232706,3.072,-4.141,1.339,114.021,0.92385
4911,294702.77,1,0.3193221390247345,0.2968655228614807,0.21537,0.010620095767080784,3.183,-4.119,1.319,113.909,0.92398
4912,294751.2,1,0.314549058675766,0.2943381369113922,0.21704,0.010557102039456367,3.165,-4.123,1.31,114.017,0.92388
4913,294815.13,1,0.31425076723098755,0.29415014386177063,0.21718,0.010733543895184994,3.114,-4.12,1.338,113.984,0.924
4914,294879.4,1,0.3198060393333435,0.297709584236145,0.2173,0.011137341149151325,3.082,-4.059,1.336,113.904,0.92404
4915,294943.17,1,0.3170168399810791,0.29784896969795227,0.21697,0.010932243429124355,3.096,-4.036,1.336,113.982,0.92531
4916,294990.9,1,0.31647050380706787,0.2965299189090729,0.2171,0.010810725390911102,3.085,-4.049,1.337,113.984,0.92496
4917,295055.13,1,0.3183981776237488,0.29274097084999084,0.21914,0.010413934476673603,3.023,-4.106,1.366,113.85,0.92503
4918,295118.93,1,0.32072269916534424,0.29364702105522156,0.21883,0.010307137854397297,3.015,-4.094,1.412,114.066,0.92505
4919,295182.8,1,0.32496434450149536,0.29703760147094727,0.218,0.010165362618863583,3.023,-4.073,1.394,113.835,0.9263
4920,295230.97,1,0.3278284966945648,0.2964964807033539,0.21647,0.010868607088923454,3.035,-4.094,1.414,113.838,0.92574
4921,295295.23,1,0.4902430474758148,0.47170209884643555,0.1244,0.013968178071081638,3.171,-3.999,1.328,113.998,0.92511
4922,295358.97,1,0.6254817247390747,0.6096410155296326,0.0558,0.013910702429711819,2.872,-4.005,1.392,114.008,0.92493
4923,295422.93,1,0.5843755006790161,0.5717881917953491,0.06859,0.0130439018830657,2.953,-4.004,1.407,113.905,0.92466
4924,295470.9,1,0.5764525532722473,0.5627318620681763,0.07202,0.012932561337947845,2.945,-3.975,1.425,113.988,0.92531
4925,295534.87,1,0.4956395924091339,0.48176825046539307,0.10646,0.01243840903043747,2.913,-3.988,1.449,113.993,0.92498
4926,295598.83,1,0.43519219756126404,0.38939741253852844,0.14067,0.012599936686456203,2.865,-3.996,1.438,113.891,0.92587
4927,295663.0,1,0.41515082120895386,0.3620408773422241,0.15321,0.012768764980137348,2.858,-3.982,1.428,114.006,0.92384
4928,295710.97,1,0.4096754491329193,0.355686217546463,0.1594,0.012663156725466251,2.874,-3.983,1.443,113.998,0.92372
4929,295774.83,1,0.40158531069755554,0.3363925814628601,0.17044,0.01273344550281763,2.855,-3.978,1.405,113.869,0.9251
4930,295838.93,1,0.38452935218811035,0.3347901403903961,0.17782,0.012741518206894398,2.812,-4.013,1.451,113.95,0.92471
4931,295903.0,1,0.3708067238330841,0.32716846466064453,0.18459,0.012694003991782665,2.806,-3.995,1.417,113.956,0.92564
4932,295950.93,1,0.3636719286441803,0.3270597457885742,0.18782,0.012391013093292713,2.825,-3.992,1.396,113.905,0.92395
4933,296014.9,1,0.3602508008480072,0.3261464238166809,0.19008,0.012547940015792847,2.832,-4.0,1.41,113.987,0.92492
4934,296079.3,1,0.3491946756839752,0.32284215092658997,0.19434,0.012328596785664558,2.846,-4.019,1.409,114.018,0.92446
4935,296143.13,1,0.339487224817276,0.31676366925239563,0.19907,0.011991171166300774,2.878,-4.003,1.423,113.906,0.92485
4936,296190.97,1,0.34061455726623535,0.31787925958633423,0.19959,0.011740311980247498,2.868,-4.021,1.447,113.996,0.92474
4937,296254.93,1,0.3378079831600189,0.3145352005958557,0.20108,0.011579484678804874,2.876,-4.041,1.438,114.039,0.92397
4938,296319.1,1,0.33687108755111694,0.31422266364097595,0.20359,0.012012572959065437,2.767,-4.077,1.434,113.918,0.925
4939,296383.13,1,0.33518752455711365,0.31289100646972656,0.205,0.011978615075349808,2.765,-4.074,1.432,114.03,0.92422
4940,296431.27,1,0.3340959846973419,0.3122091293334961,0.20556,0.011917639523744583,2.761,-4.066,1.429,114.068,0.92393
4941,296494.9,1,0.33264148235321045,0.30816853046417236,0.20785,0.012121884152293205,2.747,-4.068,1.423,113.968,0.92345
4942,296558.83,1,0.3284365236759186,0.30670055747032166,0.20872,0.012002067640423775,2.749,-4.038,1.397,114.046,0.92393
4943,296623.1,1,0.32727569341659546,0.3049970269203186,0.21008,0.011600741185247898,2.712,-4.022,1.417,114.059,0.92369
4944,296670.93,1,0.32727107405662537,0.3062310218811035,0.21016,0.011565212160348892,2.736,-4.014,1.423,113.946,0.92307
4945,296734.87,1,0.3316182494163513,0.3088812530040741,0.20846,0.01108084712177515,2.751,-4.007,1.451,114.029,0.92482
4946,296799.03,1,0.32636332511901855,0.3068365156650543,0.20954,0.010963805951178074,2.748,-3.99,1.471,114.038,0.92426
4947,296863.1,1,0.3279293179512024,0.3103451430797577,0.20957,0.010889444500207901,2.678,-3.993,1.452,113.912,0.9248
4948,296911.07,1,0.3285815417766571,0.31149420142173767,0.20896,0.010783204808831215,2.74,-3.975,1.456,114.166,0.92477
4949,296975.0,1,0.32951048016548157,0.3130485713481903,0.20932,0.011024333536624908,2.738,-3.985,1.447,113.926,0.92461
4950,297038.87,1,0.3286435008049011,0.31185102462768555,0.20942,0.011099101975560188,2.751,-4.003,1.466,113.924,0.92482
4951,297102.87,1,0.32570114731788635,0.30485275387763977,0.2114,0.010980436578392982,2.719,-3.989,1.451,113.996,0.92529
4952,297150.93,1,0.32362061738967896,0.30270689725875854,0.21211,0.010708656162023544,2.725,-3.978,1.461,113.994,0.92469
4953,297214.87,1,0.32366883754730225,0.2998868227005005,0.21301,0.010792389512062073,2.722,-3.975,1.47,113.981,0.92442
4954,297279.23,1,0.32358670234680176,0.2990429401397705,0.21327,0.010701827704906464,2.695,-3.993,1.489,113.998,0.92445
4955,297343.23,1,0.32088929414749146,0.2959418296813965,0.21403,0.010702631436288357,2.705,-3.982,1.488,114.008,0.9236
4956,297390.83,1,0.3219306766986847,0.29340997338294983,0.21491,0.010746234096586704,2.663,-4.009,1.484,113.968,0.92427
4957,297454.97,1,0.31788304448127747,0.29083046317100525,0.21533,0.010403875261545181,2.682,-4.008,1.503,114.042,0.92432
4958,297519.27,1,0.31441688537597656,0.290028840303421,0.21575,0.010169937275350094,2.66,-4.003,1.508,113.985,0.92479
4959,297583.17,1,0.3134286105632782,0.288613498210907,0.21653,0.010447688400745392,2.645,-3.984,1.53,113.936,0.92543
4960,297631.23,1,0.31092941761016846,0.28633955121040344,0.21748,0.010474363341927528,2.644,-3.951,1.539,114.016,0.92487
4961,297694.93,1,0.3105212152004242,0.28473618626594543,0.21837,0.010436573065817356,2.673,-3.947,1.52,114.033,0.92559
4962,297759.23,1,0.3097165822982788,0.28579965233802795,0.21946,0.010213354602456093,2.699,-3.942,1.481,113.907,0.92495
4963,297822.97,1,0.3094988167285919,0.28697389364242554,0.2189,0.010036949068307877,2.727,-3.964,1.476,113.949,0.92511
4964,297870.97,1,0.30757877230644226,0.28606969118118286,0.2198,0.009952835738658905,2.72,-3.981,1.475,113.95,0.92605
4965,297934.93,1,0.3074112832546234,0.2860158383846283,0.22053,0.010189910419285297,2.665,-3.991,1.46,113.899,0.92545
4966,297999.3,1,0.3070656657218933,0.28496962785720825,0.22067,0.010185591876506805,2.658,-3.99,1.46,114.021,0.92558
4967,298063.27,1,0.3052261769771576,0.2847287058830261,0.22068,0.010091734118759632,2.663,-4.0,1.459,114.005,0.92588
4968,298110.93,1,0.31221553683280945,0.28384047746658325,0.22061,0.010555746965110302,2.627,-4.024,1.508,113.875,0.92647
4969,298174.9,1,0.3126630485057831,0.28633856773376465,0.21974,0.010242093354463577,2.689,-4.014,1.505,113.975,0.92604
4970,298239.1,1,0.31631627678871155,0.2856317460536957,0.21895,0.0103919617831707,2.714,-4.033,1.53,113.995,0.92585
4971,298302.93,1,0.3171917796134949,0.2842182517051697,0.2214,0.010728253051638603,2.669,-4.086,1.564,113.931,0.92503
4972,298351.07,1,0.3143754303455353,0.283684104681015,0.22139,0.010676710866391659,2.673,-4.094,1.561,113.916,0.92505
4973,298414.87,1,0.30960726737976074,0.28339946269989014,0.22164,0.010704095475375652,2.771,-4.051,1.532,113.907,0.9249
4974,298479.0,1,0.31046727299690247,0.28061410784721375,0.22224,0.010968833230435848,2.763,-4.052,1.54,113.885,0.92539
4975,298542.87,1,0.30945274233818054,0.28198638558387756,0.22229,0.010828782804310322,2.769,-4.012,1.505,113.993,0.9244
4976,298590.87,1,0.31984156370162964,0.31006118655204773,0.21521,0.011260450817644596,2.728,-4.048,1.48,113.989,0.92521
4977,298654.87,1,0.3257315456867218,0.3179986774921417,0.21075,0.0117066390812397,2.762,-4.095,1.37,113.932,0.92411
4978,298719.23,1,0.3260495066642761,0.32242149114608765,0.20955,0.011526047252118587,2.768,-4.133,1.349,114.067,0.92525
4979,298782.77,1,0.32307350635528564,0.32550308108329773,0.20734,0.011277898214757442,2.775,-4.134,1.29,113.934,0.92522
4980,298830.77,1,0.3220868408679962,0.3267631530761719,0.20626,0.011804980225861073,2.652,-4.173,1.278,113.964,0.92413
4981,298894.97,1,0.31486907601356506,0.3231399655342102,0.20791,0.011747322976589203,2.601,-4.112,1.285,114.046,0.92516
4982,298958.77,1,0.3115324079990387,0.3195081353187561,0.20936,0.012129269540309906,2.525,-4.132,1.273,114.013,0.9255
4983,299022.8,1,0.3090168237686157,0.31760451197624207,0.21166,0.011927463114261627,2.518,-4.163,1.305,113.928,0.9254
4984,299071.27,1,0.30739086866378784,0.31777140498161316,0.21233,0.011559544131159782,2.501,-4.159,1.297,114.043,0.92568
4985,299135.17,1,0.3069525957107544,0.3053537905216217,0.21547,0.011630037799477577,2.455,-4.179,1.291,114.026,0.92595
4986,299198.8,1,0.30403950810432434,0.3044399917125702,0.21676,0.011456300504505634,2.492,-4.172,1.271,113.962,0.92556
4987,299263.17,1,0.304901123046875,0.30674001574516296,0.2167,0.011450015008449554,2.485,-4.171,1.264,114.049,0.92647
4988,299310.83,1,0.30316346883773804,0.30639275908470154,0.21706,0.011492164805531502,2.475,-4.154,1.269,114.036,0.92571
4989,299374.8,1,0.3041282296180725,0.3076219856739044,0.21698,0.011417407542467117,2.5,-4.146,1.272,113.918,0.92601
4990,299438.83,1,0.31947991251945496,0.30727750062942505,0.21758,0.011501421220600605,2.553,-4.129,1.307,114.041,0.92504
4991,299503.0,1,0.3176780939102173,0.29978081583976746,0.22109,0.011359813623130322,2.512,-4.101,1.325,114.049,0.92494
4992,299551.13,1,0.3218255937099457,0.30539947748184204,0.21816,0.01167353056371212,2.484,-4.097,1.334,113.941,0.92571
4993,299614.77,1,0.3147583603858948,0.30075323581695557,0.21927,0.011551620438694954,2.485,-4.087,1.394,114.066,0.9245
4994,299678.8,1,0.3106139600276947,0.29706043004989624,0.22069,0.01129122544080019,2.498,-4.086,1.405,114.077,0.92455
4995,299743.03,1,0.30795612931251526,0.29618170857429504,0.22211,0.011142154224216938,2.55,-4.103,1.425,114.027,0.92352
4996,299790.77,1,0.30366799235343933,0.2950926721096039,0.22277,0.011035828851163387,2.58,-4.084,1.426,115.314,0.91694
4997,299854.9,1,0.3000586926937103,0.291597843170166,0.22327,0.010874642990529537,2.621,-4.054,1.427,115.414,0.91549
4998,299919.17,1,0.3021045923233032,0.2885178327560425,0.22377,0.010806865990161896,2.622,-4.052,1.417,115.395,0.91566
4999,299982.83,1,0.2924167513847351,0.28985992074012756,0.22185,0.011423006653785706,2.606,-4.087,1.341,115.508,0.91457
5000,300030.87,1,0.2818576991558075,0.28564879298210144,0.2234,0.011054808273911476,2.581,-4.092,1.319,115.508,0.91443
5001,300094.7,1,0.28370925784111023,0.2848375141620636,0.22393,0.01103563979268074,2.552,-4.094,1.285,115.387,0.91501
5002,300159.3,1,0.2816094160079956,0.28805041313171387,0.22264,0.01094562467187643,2.621,-4.077,1.262,115.508,0.91554
5003,300223.1,1,0.28103551268577576,0.28642645478248596,0.22309,0.010932986624538898,2.63,-4.051,1.247,115.499,0.91514
5004,300270.77,1,0.2790760397911072,0.28508687019348145,0.22326,0.010664720088243484,2.617,-4.071,1.259,115.436,0.91584
5005,300334.77,1,0.277465283870697,0.2873845398426056,0.22245,0.010544980876147747,2.553,-4.078,1.265,115.522,0.91607
5006,300398.8,1,0.2816699147224426,0.2975046932697296,0.21922,0.010392757132649422,2.464,-4.069,1.301,115.527,0.91591
5007,300463.07,1,0.2923722565174103,0.30582815408706665,0.21654,0.010675103403627872,2.415,-4.071,1.309,115.434,0.91487
5008,300510.87,1,0.293131023645401,0.3077189326286316,0.21586,0.010643058456480503,2.393,-4.064,1.313,115.67,0.91497
5009,300574.77,1,0.2927795946598053,0.30659255385398865,0.21619,0.010491090826690197,2.386,-4.126,1.304,115.394,0.91405
5010,300638.9,1,0.2956266403198242,0.31013867259025574,0.21544,0.010530770756304264,2.372,-4.102,1.267,115.375,0.91465
5011,300702.93,1,0.300266832113266,0.31216204166412354,0.21411,0.010531481355428696,2.379,-4.106,1.256,115.471,0.91532
5012,300750.77,1,0.30068573355674744,0.31244418025016785,0.21407,0.01061895489692688,2.343,-4.116,1.257,115.457,0.91408
5013,300814.93,1,0.3019508719444275,0.3153862953186035,0.21376,0.010434351861476898,2.41,-4.095,1.245,115.342,0.91391
5014,300879.13,1,0.5283999443054199,0.5087867379188538,0.11234,0.014436925761401653,2.427,-4.134,1.135,115.453,0.91428
5015,300943.0,1,0.6671302318572998,0.6203178763389587,0.04856,0.014633907936513424,2.328,-4.039,1.137,115.463,0.91522
5016,300990.67,1,0.6182734966278076,0.5844584703445435,0.0613,0.01403468381613493,2.391,-4.017,1.242,115.357,0.91615
5017,301054.83,1,0.5962849855422974,0.5800004005432129,0.06542,0.014008110389113426,2.392,-3.995,1.257,115.447,0.91627
5018,301119.0,1,0.5682950019836426,0.5514352321624756,0.07665,0.0138181671500206,2.411,-4.003,1.309,115.473,0.91494
5019,301183.03,1,0.516447126865387,0.5013778209686279,0.09821,0.01352237444370985,2.396,-4.036,1.336,115.372,0.9145
5020,301230.8,1,0.49429216980934143,0.4766557812690735,0.1086,0.013301081955432892,2.386,-4.036,1.357,115.461,0.91489
5021,301294.8,1,0.4598122239112854,0.45945489406585693,0.119,0.012996441684663296,2.361,-4.068,1.378,115.472,0.91512
5022,301359.03,1,0.43253448605537415,0.44172683358192444,0.13464,0.013401168398559093,2.224,-4.11,1.397,115.415,0.91517
5023,301422.77,1,0.433344304561615,0.4412998557090759,0.13553,0.013434276916086674,2.229,-4.102,1.398,115.462,0.91564
5024,301470.9,1,0.407758891582489,0.42457523941993713,0.14592,0.013343078084290028,2.24,-4.088,1.4,115.478,0.91495
5025,301534.77,1,0.39354419708251953,0.40913107991218567,0.15518,0.013541674241423607,2.24,-4.076,1.403,115.361,0.91546
5026,301598.77,1,0.3921256363391876,0.407213419675827,0.15633,0.013416648842394352,2.255,-4.033,1.39,115.473,0.91507
5027,301663.0,1,0.3897814154624939,0.40521273016929626,0.15638,0.013543196953833103,2.245,-4.044,1.395,115.438,0.91598
5028,301711.07,1,0.3890730142593384,0.40427646040916443,0.15623,0.013696148991584778,2.239,-4.046,1.365,115.343,0.91504
5029,301774.77,1,0.38498374819755554,0.3992403447628021,0.15889,0.013212647289037704,2.257,-4.011,1.324,115.455,0.91559
5030,301839.03,1,0.37505102157592773,0.3920125663280487,0.16647,0.012820707634091377,2.245,-4.03,1.299,115.421,0.91689
5031,301903.03,1,0.36400189995765686,0.3842979371547699,0.17449,0.012649557553231716,2.229,-4.098,1.255,115.357,0.91613
5032,301950.73,1,0.36133870482444763,0.3836551308631897,0.17511,0.01256558857858181,2.215,-4.085,1.245,115.457,0.91574
5033,302014.83,1,0.3483957350254059,0.36900079250335693,0.1814,0.011955305933952332,2.217,-4.087,1.241,115.472,0.91496
5034,302079.1,1,0.34777674078941345,0.3674486577510834,0.18402,0.012191778980195522,2.128,-4.078,1.226,115.379,0.91513
5035,302143.07,1,0.350028395652771,0.3684864640235901,0.18461,0.01232918817549944,2.121,-4.066,1.235,115.509,0.91476
5036,302190.77,1,0.3465381860733032,0.3705330193042755,0.18504,0.012304523959755898,2.139,-4.069,1.209,115.529,0.9139
5037,302254.83,1,0.34710410237312317,0.3705888092517853,0.18542,0.012204816564917564,2.185,-4.08,1.202,115.429,0.91448
5038,302319.4,1,0.34648245573043823,0.3688689172267914,0.18574,0.011954855173826218,2.217,-4.08,1.215,115.652,0.91464
5039,302383.03,1,0.3481784760951996,0.36789482831954956,0.18545,0.01147596724331379,2.195,-4.06,1.252,115.437,0.9148
5040,302430.87,1,0.3484525978565216,0.3545651137828827,0.18867,0.013049513101577759,2.218,-4.016,1.225,115.412,0.91525
5041,302494.83,1,0.3504461348056793,0.360357403755188,0.18672,0.01316130068153143,2.216,-4.017,1.22,115.489,0.91473
5042,302558.77,1,0.3463849127292633,0.35717111825942993,0.18808,0.013466551899909973,2.233,-3.992,1.223,115.505,0.91553
5043,302623.03,1,0.3493143320083618,0.3564792275428772,0.18921,0.013708043843507767,2.278,-4.008,1.216,115.424,0.91422
5044,302670.83,1,0.3493039608001709,0.3581673800945282,0.18827,0.013762162998318672,2.283,-4.015,1.216,115.522,0.9146
5045,302734.8,1,0.34085890650749207,0.35369613766670227,0.19126,0.013536682352423668,2.315,-4.006,1.23,115.51,0.91476
5046,302798.97,1,0.34331104159355164,0.3513144552707672,0.19237,0.012888064607977867,2.306,-4.024,1.23,115.442,0.91379
5047,302863.1,1,0.35510528087615967,0.3599914610385895,0.18526,0.012773738242685795,2.306,-4.036,1.284,115.555,0.91401
5048,302910.8,1,0.35298439860343933,0.3587716519832611,0.18712,0.012496342882514,2.308,-4.016,1.285,115.559,0.9144
5049,302974.73,1,0.35065868496894836,0.358058899641037,0.18813,0.012567132711410522,2.429,-4.036,1.338,115.476,0.91311
5050,303038.73,1,0.35230201482772827,0.3577207326889038,0.18676,0.01233531255275011,2.428,-4.049,1.348,115.548,0.91443
5051,303102.73,1,0.3489026129245758,0.3562854826450348,0.18774,0.01198231615126133,2.467,-4.057,1.351,115.541,0.91374
5052,303150.97,1,0.34785065054893494,0.35680943727493286,0.18799,0.011838993057608604,2.472,-4.056,1.355,115.422,0.91521
5053,303214.77,1,0.3439175486564636,0.3552490472793579,0.18961,0.011943916790187359,2.377,-4.043,1.332,115.526,0.91499
5054,303278.73,1,0.3422255218029022,0.35527822375297546,0.18922,0.01158366072922945,2.398,-4.028,1.314,115.516,0.91507
5055,303343.07,1,0.3436264395713806,0.354231595993042,0.18895,0.011757480911910534,2.415,-4.021,1.356,115.387,0.91507
5056,303391.1,1,0.34420040249824524,0.35323476791381836,0.18905,0.011948643252253532,2.418,-3.994,1.34,115.503,0.91492
5057,303454.93,1,0.3445500433444977,0.3528219163417816,0.18926,0.012383184395730495,2.415,-3.985,1.343,115.515,0.91538
5058,303519.17,1,0.3441019058227539,0.3532264530658722,0.19064,0.01281137578189373,2.414,-3.952,1.355,115.404,0.91528
5059,303583.1,1,0.34507694840431213,0.3521963357925415,0.19103,0.012405346147716045,2.417,-3.933,1.362,115.515,0.9148
5060,303630.87,1,0.34500381350517273,0.3412700295448303,0.19384,0.012303400784730911,2.434,-3.922,1.342,115.559,0.91488
5061,303694.83,1,0.3428926169872284,0.3187340795993805,0.20072,0.011880087666213512,2.553,-3.911,1.323,115.463,0.91537
5062,303759.13,1,0.3390798568725586,0.31393536925315857,0.20326,0.011356729082763195,2.601,-3.909,1.328,115.548,0.91573
5063,303822.93,1,0.3320828676223755,0.30536383390426636,0.20663,0.011378302238881588,2.584,-3.901,1.336,115.569,0.91469
5064,303871.2,1,0.3364602327346802,0.30252599716186523,0.2087,0.011984828859567642,2.555,-3.899,1.321,115.466,0.91418
5065,303934.8,1,0.33501511812210083,0.30182695388793945,0.20933,0.012129765935242176,2.561,-3.919,1.332,115.538,0.91479
5066,303998.87,1,0.3270225524902344,0.2963145077228546,0.21265,0.012126714922487736,2.562,-3.909,1.327,115.542,0.91477
5067,304062.8,1,0.31596797704696655,0.2939823567867279,0.21645,0.01191475335508585,2.589,-3.921,1.345,115.448,0.91619
5068,304110.83,1,0.3159496784210205,0.2923123836517334,0.21621,0.011710899882018566,2.596,-3.921,1.373,115.66,0.91501
5069,304174.77,1,0.32063037157058716,0.2898041605949402,0.21545,0.01151446532458067,2.557,-3.941,1.416,115.395,0.91446
5070,304239.03,1,0.3127307593822479,0.2895161211490631,0.21813,0.011518345214426517,2.595,-3.902,1.441,115.391,0.9148
5071,304302.93,1,0.3099977970123291,0.2890346348285675,0.21866,0.011357040144503117,2.595,-3.894,1.435,115.496,0.91481
5072,304350.8,1,0.3082678020000458,0.28814706206321716,0.21974,0.011267614550888538,2.58,-3.89,1.451,115.498,0.9153
5073,304414.73,1,0.3094280958175659,0.2910349369049072,0.2213,0.01137617975473404,2.55,-3.874,1.484,115.388,0.91512
5074,304479.1,1,0.30731886625289917,0.2923522889614105,0.22144,0.01148651447147131,2.594,-3.865,1.478,115.482,0.9165
5075,304543.07,1,0.30683284997940063,0.2907277047634125,0.22161,0.011494975537061691,2.606,-3.867,1.471,115.521,0.91483
5076,304590.73,1,0.30659013986587524,0.28940245509147644,0.22224,0.011519066989421844,2.648,-3.845,1.463,115.386,0.9169
5077,304654.8,1,0.3079822063446045,0.2924395799636841,0.22124,0.011745375581085682,2.656,-3.853,1.467,115.51,0.91495
5078,304718.9,1,0.3079889118671417,0.2914430797100067,0.22094,0.011569115333259106,2.715,-3.853,1.47,115.465,0.91609
5079,304783.0,1,0.31135353446006775,0.2933613657951355,0.22062,0.011423851363360882,2.709,-3.849,1.425,115.384,0.91486
5080,304830.73,1,0.3117485046386719,0.2943386435508728,0.22069,0.011516625061631203,2.654,-3.869,1.418,115.4,0.91604
5081,304894.77,1,0.30309388041496277,0.2952711284160614,0.22107,0.010770582593977451,2.679,-3.844,1.383,114.906,0.91777
5082,304958.67,1,0.3035404682159424,0.29279959201812744,0.22141,0.010902759619057178,2.683,-3.84,1.384,114.09,0.92202
5083,305022.9,1,0.2978886663913727,0.2906157672405243,0.22162,0.010320298373699188,2.565,-3.87,1.418,114.173,0.92282
5084,305070.8,1,0.29443439841270447,0.29294922947883606,0.22119,0.010722693055868149,2.55,-3.918,1.366,114.159,0.92292
5085,305134.83,1,0.2918301820755005,0.2929026484489441,0.22075,0.011031738482415676,2.415,-4.005,1.295,114.091,0.92265
5086,305198.77,1,0.28668832778930664,0.30139264464378357,0.22026,0.011109564453363419,2.332,-4.071,1.272,114.153,0.92283
5087,305262.77,1,0.2762324810028076,0.2979510426521301,0.22343,0.010968180373311043,2.325,-4.067,1.267,114.18,0.92245
5088,305310.77,1,0.2789292335510254,0.29860588908195496,0.22406,0.011134905740618706,2.368,-4.103,1.286,114.096,0.92251
5089,305374.7,1,0.27998119592666626,0.2999442219734192,0.22358,0.011037249118089676,2.376,-4.123,1.292,114.205,0.92179
5090,305439.1,1,0.2824101150035858,0.297887921333313,0.22344,0.011524628847837448,2.371,-4.115,1.266,114.18,0.92171
5091,305503.03,1,0.2839301824569702,0.2986927032470703,0.224,0.011673848144710064,2.35,-4.141,1.264,114.128,0.92147
5092,305550.77,1,0.28297752141952515,0.30014562606811523,0.22397,0.011522738263010979,2.405,-4.135,1.223,114.193,0.92268
5093,305614.93,1,0.2822926938533783,0.2989753186702728,0.22437,0.011430250480771065,2.372,-4.158,1.23,114.183,0.92277
5094,305679.07,1,0.28326478600502014,0.3001934289932251,0.22468,0.011269071139395237,2.376,-4.156,1.218,114.082,0.92253
5095,305742.8,1,0.2873947322368622,0.30150306224823,0.22355,0.011417041532695293,2.391,-4.159,1.209,114.163,0.92264
5096,305790.7,1,0.2879013121128082,0.3027561604976654,0.22317,0.011438168585300446,2.43,-4.151,1.19,114.189,0.92268
5097,305854.83,1,0.29094842076301575,0.3027719259262085,0.22309,0.011600150726735592,2.455,-4.195,1.2,114.075,0.92291
5098,305918.9,1,0.2910979688167572,0.30000820755958557,0.22281,0.011886189691722393,2.474,-4.23,1.212,114.318,0.92275
5099,305983.03,1,0.29173359274864197,0.29943522810935974,0.22305,0.011383560486137867,2.421,-4.296,1.236,114.042,0.92327
5100,306030.7,1,0.2921062409877777,0.30074650049209595,0.22254,0.01141845341771841,2.401,-4.29,1.214,114.052,0.92242
5101,306094.67,1,0.29246699810028076,0.2992623746395111,0.22363,0.011072684079408646,2.353,-4.249,1.188,114.161,0.92305
5102,306158.97,1,0.300651490688324,0.30243590474128723,0.22391,0.011091621592640877,2.351,-4.22,1.247,114.155,0.92145
5103,306222.63,1,0.3089686334133148,0.2973921298980713,0.22394,0.011062943376600742,2.365,-4.195,1.25,114.06,0.92353
5104,306270.73,1,0.3086782395839691,0.2942010462284088,0.22349,0.011111398227512836,2.393,-4.174,1.269,114.118,0.92319
5105,306334.7,1,0.31258484721183777,0.2915620505809784,0.22303,0.011571547016501427,2.458,-4.164,1.3,114.126,0.92235
5106,306398.93,1,0.31139490008354187,0.2854951322078705,0.22462,0.011830015107989311,2.488,-4.14,1.314,114.002,0.92372
5107,306463.03,1,0.31038302183151245,0.28579577803611755,0.22535,0.011939466930925846,2.472,-4.143,1.33,114.145,0.92333
5108,306511.1,1,0.309012770652771,0.2854031026363373,0.22588,0.011789541691541672,2.471,-4.126,1.334,114.133,0.92224
5109,306574.73,1,0.3119449019432068,0.2878110110759735,0.22585,0.0115892319008708,2.438,-4.139,1.349,114.036,0.92275
5110,306638.87,1,0.3072410821914673,0.28220513463020325,0.22643,0.011340656317770481,2.502,-4.1,1.388,114.112,0.92231
5111,306702.93,1,0.30156370997428894,0.28048503398895264,0.22763,0.01117890514433384,2.512,-4.065,1.403,114.103,0.92275
5112,306750.6,1,0.30129966139793396,0.2797340154647827,0.22749,0.011201373301446438,2.497,-4.049,1.407,114.035,0.9226
5113,306814.7,1,0.29694244265556335,0.27648448944091797,0.22838,0.011385428719222546,2.49,-4.031,1.425,114.133,0.92203
5114,306878.87,1,0.29607686400413513,0.2761071026325226,0.22876,0.011229832656681538,2.451,-4.024,1.427,114.081,0.92285
5115,306942.67,1,0.3003421127796173,0.27583563327789307,0.22842,0.011108506470918655,2.508,-4.003,1.45,113.984,0.92251
5116,306990.63,1,0.29963886737823486,0.2742985785007477,0.22819,0.011097783222794533,2.622,-3.949,1.464,114.103,0.92243
5117,307054.67,1,0.30062153935432434,0.26984289288520813,0.22895,0.01129473838955164,2.554,-3.973,1.451,114.114,0.92246
5118,307119.1,1,0.29284417629241943,0.2688995599746704,0.23155,0.0112714609131217,2.559,-3.989,1.485,114.012,0.92204
5119,307183.0,1,0.2905755043029785,0.2700612545013428,0.23124,0.01111532375216484,2.586,-3.948,1.471,114.097,0.92227
5120,307230.73,1,0.28986623883247375,0.26844537258148193,0.23164,0.011378752067685127,2.563,-3.933,1.465,114.09,0.92257
5121,307294.63,1,0.2923327088356018,0.27252456545829773,0.23091,0.011167041957378387,2.562,-3.913,1.449,113.972,0.9227
5122,307358.6,1,0.29324644804000854,0.2751232385635376,0.22993,0.01063759159296751,2.507,-3.935,1.446,114.079,0.92307
5123,307422.8,1,0.2936009168624878,0.27514225244522095,0.22942,0.01060124859213829,2.547,-3.91,1.443,114.091,0.92285
5124,307471.07,1,0.2943074405193329,0.2758236229419708,0.22914,0.010157654993236065,2.547,-3.91,1.435,113.957,0.92362
5125,307534.63,1,0.29084286093711853,0.2743363082408905,0.22967,0.009867501445114613,2.503,-3.917,1.443,114.08,0.92285
5126,307598.7,1,0.2922059893608093,0.27333569526672363,0.22991,0.009721927344799042,2.518,-3.904,1.446,114.074,0.92267
5127,307662.93,1,0.2923116385936737,0.27594780921936035,0.22911,0.009843658655881882,2.489,-3.922,1.436,114.043,0.92142
5128,307711.1,1,0.2930198907852173,0.2748909294605255,0.2283,0.009733901359140873,2.465,-3.922,1.432,114.275,0.92223
5129,307774.63,1,0.2975724935531616,0.27747178077697754,0.22862,0.009908851236104965,2.377,-3.987,1.446,114.013,0.92208
5130,307838.97,1,0.2984917163848877,0.2782990038394928,0.22802,0.009880303405225277,2.438,-3.979,1.445,114.033,0.92192
5131,307902.63,1,0.29547280073165894,0.2771281898021698,0.22821,0.009905272163450718,2.466,-3.977,1.443,114.105,0.9224
5132,307951.07,1,0.2920230031013489,0.27318307757377625,0.22836,0.009830093011260033,2.549,-3.962,1.445,114.11,0.92296
5133,308014.67,1,0.2845403254032135,0.27222418785095215,0.22976,0.009745956398546696,2.583,-3.957,1.468,113.987,0.92364
5134,308078.9,1,0.28149178624153137,0.27241015434265137,0.22959,0.009637665003538132,2.56,-3.916,1.461,114.092,0.92266
5135,308142.6,1,0.2812279760837555,0.2704343795776367,0.23007,0.009890995919704437,2.518,-3.925,1.474,114.09,0.92232
5136,308190.67,1,0.28373003005981445,0.27051717042922974,0.2301,0.009920202195644379,2.483,-3.944,1.478,113.977,0.9231
5137,308254.63,1,0.28573915362358093,0.2743644714355469,0.23008,0.010132535360753536,2.456,-3.93,1.436,114.085,0.92263
5138,308319.27,1,0.28200045228004456,0.2752526104450226,0.23086,0.009781964123249054,2.452,-3.906,1.408,114.099,0.92234
5139,308382.97,1,0.28550848364830017,0.27557334303855896,0.23063,0.009776265360414982,2.448,-3.891,1.414,113.967,0.92326
5140,308430.67,1,0.2867465615272522,0.2770979106426239,0.22994,0.009927017614245415,2.5,-3.913,1.401,114.075,0.92296
5141,308494.7,1,0.2860161066055298,0.2758163809776306,0.23131,0.01003407035022974,2.485,-3.919,1.391,114.086,0.92286
5142,308558.7,1,0.29146668314933777,0.27862289547920227,0.23137,0.010911118239164352,2.404,-3.896,1.371,114.03,0.92186
5143,308623.0,1,0.2897118031978607,0.27873772382736206,0.22979,0.01028243824839592,2.299,-3.777,1.346,114.144,0.92262
5144,308670.67,1,0.2923573851585388,0.2808683216571808,0.2286,0.010084045119583607,2.16,-3.777,1.343,114.129,0.9233
5145,308734.7,1,0.301927775144577,0.2833276689052582,0.22819,0.010131522081792355,2.123,-3.773,1.323,114.05,0.92248
5146,308798.7,1,0.301060289144516,0.2840462327003479,0.2273,0.009967539459466934,2.127,-3.774,1.321,114.141,0.92289
5147,308862.9,1,0.2999299466609955,0.2848166227340698,0.22764,0.010072588920593262,2.121,-3.785,1.312,114.128,0.92239
5148,308910.83,1,0.2996005117893219,0.287069708108902,0.22765,0.010471398010849953,2.144,-3.79,1.314,114.019,0.92246
5149,308974.6,1,0.2965371012687683,0.28874993324279785,0.22655,0.010369155555963516,2.249,-3.76,1.306,114.118,0.92272
5150,309038.93,1,0.29750558733940125,0.28583812713623047,0.22679,0.010255592875182629,2.249,-3.81,1.32,114.121,0.92244
5151,309102.87,1,0.30182620882987976,0.28680020570755005,0.22663,0.010262648575007915,2.245,-3.813,1.322,113.965,0.92253
5152,309150.67,1,0.2999710142612457,0.28772684931755066,0.22627,0.010173825547099113,2.265,-3.806,1.347,114.094,0.92252
5153,309214.63,1,0.45821413397789,0.479591965675354,0.13574,0.013347010128200054,2.206,-3.818,1.298,114.114,0.9223
5154,309279.2,1,0.6312263607978821,0.6249386072158813,0.05365,0.014190444722771645,2.021,-3.877,1.306,114.03,0.92232
5155,309342.8,1,0.5787434577941895,0.5826492309570312,0.0685,0.013331971131265163,2.055,-3.858,1.391,114.102,0.92258
5156,309390.93,1,0.544991135597229,0.5202990770339966,0.08941,0.012854861095547676,2.118,-3.86,1.434,114.107,0.9229
5157,309454.67,1,0.4090445935726166,0.39552170038223267,0.14573,0.012242878787219524,2.131,-3.895,1.471,114.039,0.92249
5158,309518.93,1,0.37645888328552246,0.36112940311431885,0.16485,0.01170372124761343,2.158,-3.899,1.476,114.261,0.92257
5159,309582.97,1,0.353261262178421,0.32536864280700684,0.18494,0.011442127637565136,2.283,-3.919,1.454,114.021,0.92286
5160,309630.67,1,0.33165213465690613,0.3051825165748596,0.19784,0.010750934481620789,2.405,-3.948,1.438,113.971,0.92366
5161,309694.7,1,0.3211900293827057,0.2946781516075134,0.20516,0.010378783568739891,2.433,-3.953,1.423,114.074,0.92287
5162,309759.07,1,0.3140532970428467,0.2810376286506653,0.21069,0.010317595675587654,2.442,-3.969,1.423,114.069,0.92353
5163,309822.63,1,0.30760928988456726,0.2748826742172241,0.21564,0.010592126287519932,2.402,-4.021,1.453,113.928,0.92491
5164,309870.7,1,0.3056032359600067,0.2903278172016144,0.21346,0.010920623317360878,2.409,-4.03,1.425,114.023,0.92442
5165,309934.7,1,0.2971084713935852,0.2886541485786438,0.21572,0.010576983913779259,2.342,-4.096,1.346,114.088,0.92319
5166,309999.0,1,0.29245424270629883,0.2882305681705475,0.22006,0.010761548765003681,2.329,-4.157,1.308,113.953,0.92315
5167,310062.97,1,0.28825843334198,0.2935220003128052,0.21974,0.010422262363135815,2.3,-4.136,1.289,114.043,0.92361
5168,310110.9,1,0.28944429755210876,0.29119545221328735,0.22135,0.010456457734107971,2.211,-4.165,1.309,114.052,0.92427
5169,310174.83,1,0.28581294417381287,0.29482370615005493,0.22255,0.01035975944250822,2.213,-4.236,1.326,113.969,0.92325
5170,310238.77,1,0.2857830226421356,0.300564706325531,0.22147,0.009668316692113876,2.291,-4.171,1.297,114.078,0.92314
5171,310302.97,1,0.2948300838470459,0.29930853843688965,0.22248,0.0096281124278903,2.286,-4.163,1.31,114.056,0.92508
5172,310351.0,1,0.3070099651813507,0.3051132559776306,0.21957,0.009819090366363525,2.34,-4.199,1.324,113.959,0.92469
5173,310414.83,1,0.3098699152469635,0.30014148354530334,0.21952,0.010248717851936817,2.469,-4.106,1.334,114.048,0.92392
5174,310478.87,1,0.3033493757247925,0.29274287819862366,0.22237,0.010212206281721592,2.48,-4.09,1.345,114.045,0.92381
5175,310542.93,1,0.3133348822593689,0.2963070571422577,0.22194,0.010446259751915932,2.486,-4.07,1.364,113.914,0.92378
5176,310590.73,1,0.31311431527137756,0.29598286747932434,0.22152,0.01040531788021326,2.534,-4.058,1.371,114.027,0.92373
5177,310654.77,1,0.3182636797428131,0.3086951673030853,0.21691,0.010642054490745068,2.503,-4.072,1.357,114.023,0.92433
5178,310719.03,1,0.31637200713157654,0.3134841024875641,0.21427,0.01077607087790966,2.492,-4.113,1.342,113.956,0.92352
5179,310783.0,1,0.308188796043396,0.3146199584007263,0.21311,0.010616223327815533,2.58,-4.121,1.271,114.007,0.92264
5180,310830.7,1,0.3046170771121979,0.3147748112678528,0.21313,0.010518861934542656,2.573,-4.149,1.272,114.03,0.92286
5181,310894.67,1,0.3028847277164459,0.31399351358413696,0.21254,0.01027214527130127,2.65,-4.22,1.244,113.932,0.92295
5182,310958.77,1,0.3054055869579315,0.3153781294822693,0.21218,0.010105653665959835,2.689,-4.238,1.215,114.047,0.92319
5183,311022.93,1,0.3040132224559784,0.31636548042297363,0.21226,0.009845453314483166,2.771,-4.279,1.202,114.04,0.92335
5184,311070.83,1,0.3038599193096161,0.31536421179771423,0.2137,0.010071047581732273,2.801,-4.284,1.188,113.941,0.92278
5185,311134.8,1,0.3036806881427765,0.31410613656044006,0.21418,0.01000172272324562,2.806,-4.274,1.177,114.061,0.92299
5186,311198.83,1,0.3005436658859253,0.3113911747932434,0.21532,0.00968484953045845,2.861,-4.246,1.17,114.033,0.92286
5187,311263.07,1,0.3013230562210083,0.311472088098526,0.21661,0.00957533996552229,2.907,-4.275,1.167,113.946,0.92186
5188,311311.03,1,0.30194130539894104,0.31259408593177795,0.2164,0.009514214470982552,2.892,-4.307,1.164,114.173,0.92297
5189,311374.77,1,0.3037252426147461,0.31811097264289856,0.21541,0.00922953337430954,2.813,-4.323,1.183,113.921,0.92343
5190,311438.67,1,0.3083671033382416,0.31694549322128296,0.21382,0.00954910647124052,2.797,-4.347,1.163,113.906,0.92363
5191,311502.83,1,0.3043595850467682,0.315383642911911,0.21349,0.009641890414059162,2.796,-4.352,1.17,114.027,0.92329
5192,311550.67,1,0.30085721611976624,0.31731143593788147,0.21425,0.009654792957007885,2.774,-4.353,1.171,114.039,0.92309
5193,311614.93,1,0.3021506071090698,0.3188857138156891,0.21449,0.009604171849787235,2.816,-4.325,1.14,113.927,0.92351
5194,311678.77,1,0.296297162771225,0.3158608675003052,0.2151,0.009453179314732552,2.825,-4.333,1.153,114.03,0.92307
5195,311742.87,1,0.2960231304168701,0.31583985686302185,0.21521,0.009689790196716785,2.77,-4.312,1.155,114.041,0.92342
5196,311790.63,1,0.30303287506103516,0.3201264441013336,0.21365,0.009543358348309994,2.735,-4.339,1.117,113.939,0.92375
5197,311854.77,1,0.29231542348861694,0.3188226819038391,0.21492,0.008900037035346031,2.73,-4.319,1.08,114.565,0.92046
5198,311918.93,1,0.2900938391685486,0.31726908683776855,0.21581,0.00880015455186367,2.791,-4.322,1.087,114.738,0.91942
5199,311982.97,1,0.2902860939502716,0.3174564838409424,0.21582,0.008678442798554897,2.802,-4.325,1.082,114.689,0.91919
5200,312030.67,1,0.28980204463005066,0.3177531361579895,0.21582,0.008659343235194683,2.836,-4.287,1.077,114.813,0.91868
5201,312094.7,1,0.2849707007408142,0.3166408836841583,0.21723,0.008865714073181152,2.847,-4.278,1.033,114.802,0.92001
5202,312159.23,1,0.2885931730270386,0.3167908787727356,0.2178,0.009167548269033432,2.97,-4.313,1.012,114.691,0.91896
5203,312223.0,1,0.2858620285987854,0.3153876066207886,0.21892,0.009387423284351826,2.923,-4.288,1.016,114.79,0.91881
5204,312270.83,1,0.283454954624176,0.31371116638183594,0.22002,0.009396100416779518,2.804,-4.342,1.05,114.825,0.91815
5205,312334.77,1,0.2817210555076599,0.30874863266944885,0.2245,0.009590238332748413,2.737,-4.397,1.112,114.757,0.91852
5206,312398.67,1,0.2974121868610382,0.30937477946281433,0.22087,0.009753073565661907,2.857,-4.255,1.199,114.83,0.91851
5207,312463.03,1,0.29967793822288513,0.30490851402282715,0.22056,0.009585963562130928,2.804,-4.247,1.194,114.855,0.9183
5208,312510.73,1,0.3084743022918701,0.30569693446159363,0.21968,0.00977342203259468,2.813,-4.243,1.216,114.712,0.91885
5209,312574.7,1,0.3003920614719391,0.3018006384372711,0.22038,0.009787522256374359,2.841,-4.258,1.248,114.789,0.91901
5210,312638.9,1,0.5545004606246948,0.547332763671875,0.09119,0.013065545819699764,2.688,-4.178,1.183,114.848,0.91869
5211,312703.03,1,0.7356088757514954,0.6769192218780518,0.02301,0.012991262599825859,2.353,-4.202,1.185,114.726,0.91914
5212,312751.07,1,0.6728436946868896,0.6321521997451782,0.03178,0.012371048331260681,2.485,-4.16,1.256,114.846,0.91876
5213,312814.7,1,0.6167434453964233,0.6406625509262085,0.04381,0.01198937464505434,2.66,-4.145,1.408,114.811,0.9191
5214,312879.3,1,0.5134625434875488,0.5488395094871521,0.08239,0.011395588517189026,2.781,-4.196,1.507,114.723,0.91885
5215,312943.0,1,0.41502708196640015,0.43811339139938354,0.1285,0.010409513488411903,2.834,-4.208,1.489,114.788,0.91857
5216,312990.67,1,0.37825173139572144,0.37046998739242554,0.15628,0.009545324370265007,2.852,-4.208,1.469,114.785,0.91918
5217,313054.73,1,0.35020846128463745,0.32021456956863403,0.18151,0.008886797353625298,2.925,-4.229,1.403,114.721,0.91842
5218,313119.3,1,0.34382206201553345,0.3108464181423187,0.18923,0.00914266612380743,2.883,-4.224,1.385,114.98,0.91821
5219,313182.63,1,0.34526491165161133,0.31385019421577454,0.19311,0.009331371635198593,2.91,-4.242,1.364,114.743,0.91818
5220,313230.67,1,0.332773894071579,0.3071972131729126,0.19861,0.009147346019744873,3.038,-4.171,1.315,114.675,0.91985
5221,313294.7,1,0.32512280344963074,0.30195924639701843,0.2056,0.008934946730732918,3.034,-4.153,1.31,114.724,0.91968
5222,313358.83,1,0.3212732970714569,0.29729706048965454,0.20971,0.009109990671277046,3.005,-4.135,1.33,114.757,0.91947
5223,313422.67,1,0.31435152888298035,0.2942708432674408,0.21311,0.009036654606461525,2.999,-4.102,1.331,114.713,0.91987
5224,313470.93,1,0.3096007704734802,0.2925603687763214,0.21503,0.008754201233386993,3.004,-4.097,1.328,114.768,0.9196
5225,313534.77,1,0.3017750382423401,0.29151761531829834,0.21762,0.008587434887886047,3.011,-4.128,1.34,114.74,0.9198
5226,313598.7,1,0.295246958732605,0.288722425699234,0.22023,0.008360669948160648,3.001,-4.138,1.334,114.725,0.91942
5227,313663.03,1,0.29270610213279724,0.28588709235191345,0.2221,0.008304614573717117,2.904,-4.178,1.342,114.79,0.92012
5228,313711.1,1,0.29065635800361633,0.28516489267349243,0.22258,0.008252796716988087,2.919,-4.205,1.346,114.796,0.91929
5229,313774.83,1,0.2903284728527069,0.2849741578102112,0.22398,0.008148468099534512,2.931,-4.244,1.313,114.71,0.91912
5230,313838.93,1,0.2884460985660553,0.2848947048187256,0.22425,0.008068224415183067,2.845,-4.243,1.318,114.737,0.91977
5231,313902.93,1,0.28682008385658264,0.28459516167640686,0.22496,0.008082429878413677,2.842,-4.203,1.306,114.738,0.91978
5232,313950.77,1,0.2906004786491394,0.2874152958393097,0.22421,0.008284332230687141,2.852,-4.154,1.305,114.686,0.92147
5233,314014.77,1,0.2885381281375885,0.2862086594104767,0.22483,0.008305734023451805,2.861,-4.145,1.305,114.695,0.92144
5234,314079.33,1,0.28792092204093933,0.2849549651145935,0.22492,0.008448663167655468,2.886,-4.134,1.307,114.743,0.92004
5235,314143.0,1,0.28955531120300293,0.2849794030189514,0.22487,0.00844984594732523,2.899,-4.14,1.304,114.709,0.91976
5236,314190.77,1,0.2889661490917206,0.2839397192001343,0.22534,0.008408047258853912,2.912,-4.136,1.307,114.79,0.9193
5237,314254.93,1,0.28845876455307007,0.2832414209842682,0.22537,0.008532841689884663,2.9,-4.113,1.302,114.812,0.92002
5238,314318.73,1,0.2915397584438324,0.2874348759651184,0.22447,0.008597927168011665,2.918,-4.091,1.29,114.735,0.91893
5239,314383.03,1,0.2895469665527344,0.2855507731437683,0.22543,0.00853938702493906,2.883,-4.101,1.308,114.828,0.92032
5240,314430.73,1,0.28882381319999695,0.285052627325058,0.22558,0.008637161925435066,2.884,-4.101,1.312,114.839,0.91949
5241,314494.77,1,0.290676474571228,0.2835967242717743,0.22597,0.008792039938271046,2.877,-4.114,1.343,114.722,0.92031
5242,314559.07,1,0.290861576795578,0.2817850112915039,0.22603,0.00888555496931076,2.876,-4.11,1.353,114.73,0.91913
5243,314622.87,1,0.29113245010375977,0.2841044068336487,0.22545,0.008844110183417797,2.858,-4.103,1.374,114.749,0.91902
5244,314671.1,1,0.2959422171115875,0.285597026348114,0.22491,0.008929064497351646,2.822,-4.1,1.35,114.741,0.91805
5245,314734.8,1,0.2955853044986725,0.2858300805091858,0.22453,0.008838688023388386,2.847,-4.116,1.32,114.73,0.92006
5246,314798.73,1,0.29536813497543335,0.28563350439071655,0.22483,0.00872077327221632,2.849,-4.11,1.325,114.764,0.91822
5247,314862.9,1,0.2945394217967987,0.280556321144104,0.22733,0.008515545167028904,2.864,-4.117,1.32,114.698,0.91925
5248,314910.77,1,0.29681137204170227,0.2794174551963806,0.2268,0.008826969191432,2.901,-4.133,1.337,114.93,0.91954
5249,314974.67,1,0.30000215768814087,0.28183943033218384,0.22589,0.009279921650886536,2.929,-4.144,1.309,114.676,0.92059
5250,315039.3,1,0.30164584517478943,0.2845354676246643,0.22314,0.008676986210048199,2.942,-4.144,1.362,114.665,0.92026
5251,315102.77,1,0.2946290671825409,0.28012993931770325,0.22709,0.008442026562988758,2.838,-4.162,1.384,114.802,0.9189
5252,315150.83,1,0.2891722619533539,0.27918434143066406,0.22804,0.008391273207962513,2.839,-4.135,1.38,114.808,0.91985
5253,315214.77,1,0.29239946603775024,0.2804882526397705,0.22822,0.008572246879339218,2.824,-4.155,1.395,114.723,0.91903
5254,315279.23,1,0.2894906997680664,0.27718743681907654,0.22855,0.008536320179700851,2.784,-4.126,1.426,114.799,0.91945
5255,315343.07,1,0.2899995446205139,0.2765616774559021,0.22884,0.00868311244994402,2.765,-4.151,1.435,114.796,0.91983
5256,315391.03,1,0.28783872723579407,0.2723139524459839,0.22955,0.008546948432922363,2.769,-4.128,1.435,114.697,0.92016
5257,315454.77,1,0.28803810477256775,0.2710399329662323,0.22983,0.008487526327371597,2.743,-4.122,1.442,114.822,0.91835
5258,315518.83,1,0.28302711248397827,0.27078476548194885,0.22957,0.008237122558057308,2.826,-4.09,1.411,114.839,0.91868
5259,315583.0,1,0.36793652176856995,0.4073922336101532,0.16545,0.010419263504445553,3.167,-3.99,1.236,114.73,0.91952
5260,315630.8,1,0.6624905467033386,0.6545443534851074,0.03965,0.012496023438870907,2.715,-4.027,1.118,114.829,0.9198
5261,315694.7,1,0.5969516038894653,0.6196542382240295,0.05017,0.01163235679268837,2.786,-4.012,1.188,114.821,0.91994
5262,315758.8,1,0.5780974626541138,0.5917435884475708,0.05876,0.011761264875531197,2.79,-4.003,1.237,114.695,0.91906
5263,315822.73,1,0.49821752309799194,0.5195683240890503,0.09392,0.011281211860477924,2.793,-4.002,1.269,114.781,0.91954
5264,315871.27,1,0.4544357359409332,0.4778449833393097,0.11488,0.010862544178962708,2.806,-4.029,1.342,114.767,0.91925
5265,315935.0,1,0.41818636655807495,0.40623682737350464,0.14255,0.010251060128211975,2.856,-4.04,1.365,114.668,0.92054
5266,315998.97,1,0.37141627073287964,0.37491318583488464,0.16477,0.010011330246925354,2.852,-4.102,1.422,114.788,0.92015
5267,316062.87,1,0.3689907491207123,0.34581947326660156,0.17472,0.009579796344041824,2.942,-4.095,1.407,114.774,0.91925
5268,316111.03,1,0.35615718364715576,0.33246588706970215,0.18371,0.009606562554836273,2.96,-4.123,1.395,114.689,0.91885
5269,316174.77,1,0.35061120986938477,0.32667621970176697,0.18791,0.009633283130824566,2.957,-4.133,1.419,114.775,0.91932
5270,316238.97,1,0.3383897840976715,0.3190649151802063,0.19362,0.009356106631457806,2.99,-4.193,1.413,114.798,0.91935
5271,316303.07,1,0.34038862586021423,0.3206924796104431,0.19522,0.009425344876945019,2.985,-4.222,1.39,114.669,0.92057
5272,316350.73,1,0.3337472379207611,0.3134322464466095,0.19942,0.009385586716234684,2.94,-4.227,1.401,114.798,0.91764
5273,316414.83,1,0.3353695571422577,0.310221791267395,0.20169,0.009449126198887825,2.921,-4.218,1.462,114.804,0.91881
5274,316478.8,1,0.3413473665714264,0.3083954155445099,0.20269,0.009635143913328648,2.869,-4.214,1.498,114.742,0.91764
5275,316543.03,1,0.3406103551387787,0.30887675285339355,0.20297,0.009638046845793724,2.839,-4.215,1.499,114.793,0.9188
5276,316590.9,1,0.3317601978778839,0.30606675148010254,0.20464,0.00954527035355568,2.905,-4.172,1.48,114.829,0.91784
5277,316654.7,1,0.3273913562297821,0.3023548424243927,0.20843,0.009466673247516155,2.87,-4.135,1.494,114.683,0.91763
5278,316718.83,1,0.3233957290649414,0.3019726872444153,0.20919,0.009316393174231052,2.833,-4.143,1.504,114.92,0.91758
5279,316783.1,1,0.3284515142440796,0.30452340841293335,0.20966,0.009557710960507393,2.777,-4.158,1.539,114.677,0.91816
5280,316831.1,1,0.3304518163204193,0.306032657623291,0.20925,0.00970430113375187,2.833,-4.172,1.509,114.675,0.91846
5281,316894.87,1,0.32600441575050354,0.30368858575820923,0.21017,0.009790216572582722,2.878,-4.171,1.481,114.737,0.91866
5282,316958.83,1,0.32141995429992676,0.30252569913864136,0.21083,0.009327881969511509,2.879,-4.151,1.469,114.772,0.91823
5283,317023.1,1,0.3241575062274933,0.3023790121078491,0.21125,0.009521820582449436,2.852,-4.136,1.444,114.652,0.91916
5284,317070.83,1,0.3212661147117615,0.2998112440109253,0.2124,0.009503409266471863,2.867,-4.145,1.449,114.77,0.91985
5285,317134.77,1,0.31546467542648315,0.29679074883461,0.21387,0.009338506497442722,2.859,-4.163,1.442,114.779,0.91848
5286,317199.1,1,0.31410980224609375,0.29521942138671875,0.21524,0.009203446097671986,2.887,-4.196,1.446,114.67,0.91949
5287,317263.03,1,0.3119514286518097,0.29288816452026367,0.21669,0.009187866933643818,2.874,-4.186,1.434,114.769,0.91976
5288,317310.8,1,0.3112131357192993,0.2923159897327423,0.2169,0.009203759953379631,2.862,-4.19,1.426,114.743,0.91915
5289,317374.8,1,0.3131944239139557,0.2924947142601013,0.21778,0.009318113327026367,2.822,-4.226,1.436,114.642,0.92002
5290,317439.1,1,0.31329795718193054,0.29589977860450745,0.21643,0.009229750372469425,2.746,-4.2,1.407,114.74,0.91949
5291,317502.83,1,0.3120332956314087,0.2955297529697418,0.21749,0.009162681177258492,2.702,-4.222,1.393,114.769,0.91965
5292,317550.73,1,0.31442883610725403,0.2986021935939789,0.21803,0.009387166239321232,2.681,-4.246,1.394,114.689,0.9185
5293,317614.8,1,0.30932581424713135,0.2961355447769165,0.21811,0.009284500032663345,2.714,-4.228,1.4,114.774,0.91932
5294,317678.87,1,0.306134432554245,0.2968006134033203,0.21856,0.008917003870010376,2.74,-4.221,1.374,114.782,0.91945
5295,317743.07,1,0.3037088215351105,0.2949172854423523,0.22002,0.00842984113842249,2.742,-4.264,1.443,114.68,0.9188
5296,317790.8,1,0.3035222589969635,0.29543808102607727,0.21974,0.00844597164541483,2.692,-4.278,1.483,114.754,0.92038
5297,317854.83,1,0.2963433861732483,0.2911323010921478,0.22239,0.00821535661816597,2.676,-4.316,1.497,114.773,0.91828
5298,317918.83,1,0.30149853229522705,0.2921516001224518,0.22321,0.008458550088107586,2.61,-4.37,1.54,114.653,0.91878
5299,317982.77,1,0.3021847903728485,0.2921808958053589,0.22126,0.008373640477657318,2.654,-4.317,1.544,114.767,0.91894
5300,318030.77,1,0.2996446192264557,0.2925608456134796,0.22124,0.008420702069997787,2.648,-4.323,1.545,114.766,0.91924
5301,318094.8,1,0.29612645506858826,0.29288291931152344,0.22117,0.00826039258390665,2.722,-4.284,1.515,114.706,0.91845
5302,318159.13,1,0.2926027774810791,0.29083332419395447,0.22225,0.00813885498791933,2.683,-4.261,1.502,114.76,0.91847
5303,318223.1,1,0.29050347208976746,0.2888565957546234,0.22321,0.00788973830640316,2.689,-4.255,1.482,114.757,0.91955
5304,318270.87,1,0.29662397503852844,0.29095762968063354,0.22359,0.008001348003745079,2.625,-4.333,1.472,114.655,0.91789
5305,318334.9,1,0.299144446849823,0.29007306694984436,0.22362,0.008021295070648193,2.572,-4.343,1.473,114.754,0.91857
5306,318398.83,1,0.2968023717403412,0.28867727518081665,0.22448,0.00792583730071783,2.542,-4.349,1.481,114.755,0.91804
5307,318462.83,1,0.29997119307518005,0.2867111563682556,0.22551,0.008080621249973774,2.527,-4.346,1.478,114.637,0.91846
5308,318510.9,1,0.2987814247608185,0.2851305603981018,0.22577,0.008372100070118904,2.541,-4.306,1.484,114.902,0.9169
5309,318574.8,1,0.30390238761901855,0.28886526823043823,0.22486,0.008355967700481415,2.4,-4.285,1.503,114.669,0.91814
5310,318639.37,1,0.3047318756580353,0.28475841879844666,0.22471,0.00914419163018465,2.565,-4.298,1.554,114.676,0.91811
5311,318703.17,1,0.302047997713089,0.28369012475013733,0.22492,0.00899867806583643,2.611,-4.349,1.551,114.788,0.91871
5312,318751.13,1,0.3005251884460449,0.28318169713020325,0.2253,0.009022706188261509,2.601,-4.362,1.544,114.772,0.9192
5313,318814.8,1,0.30213770270347595,0.2848014533519745,0.2251,0.009047248400747776,2.674,-4.36,1.553,114.709,0.91854
5314,318878.9,1,0.3013659119606018,0.2854534387588501,0.22468,0.009004607796669006,2.7,-4.339,1.537,114.761,0.91968
5315,318943.13,1,0.30206409096717834,0.2848067283630371,0.22435,0.008917205035686493,2.712,-4.339,1.529,114.745,0.91843
5316,318990.77,1,0.3045022189617157,0.28571781516075134,0.22435,0.008883241564035416,2.703,-4.337,1.536,114.632,0.9182
5317,319054.9,1,0.30166614055633545,0.28601914644241333,0.22439,0.008785774931311607,2.668,-4.325,1.543,114.713,0.91957
5318,319118.93,1,0.2993539571762085,0.28267335891723633,0.22518,0.008659183979034424,2.654,-4.325,1.538,114.782,0.91889
5319,319182.8,1,0.3034783899784088,0.28078311681747437,0.22369,0.008733300492167473,2.682,-4.304,1.545,114.649,0.9187
5320,319230.9,1,0.3020685315132141,0.2818605303764343,0.22276,0.008804074488580227,2.7,-4.281,1.543,114.736,0.91979
5321,319295.2,1,0.30124151706695557,0.28141671419143677,0.22317,0.008862502872943878,2.708,-4.26,1.501,114.743,0.91885
5322,319359.17,1,0.30246618390083313,0.2782863974571228,0.22536,0.009148670360445976,2.705,-4.273,1.492,114.651,0.91951
5323,319423.3,1,0.2987790107727051,0.2810339331626892,0.22423,0.009071418084204197,2.724,-4.276,1.509,114.895,0.91778
5324,319471.33,1,0.2978803515434265,0.28077226877212524,0.22428,0.009016682393848896,2.719,-4.28,1.518,114.933,0.91746
5325,319534.83,1,0.29975029826164246,0.2824576497077942,0.22422,0.0090516721829772,2.715,-4.271,1.526,115.591,0.91077
5326,319598.97,1,0.2940447926521301,0.2824646532535553,0.22443,0.00885123573243618,2.712,-4.279,1.521,115.688,0.91112
5327,319662.97,1,0.2924489974975586,0.2820485234260559,0.22552,0.008747860789299011,2.734,-4.282,1.523,115.719,0.91155
5328,319711.4,1,0.29328539967536926,0.2822669744491577,0.22569,0.008807078935205936,2.741,-4.294,1.53,115.588,0.91124
5329,319774.97,1,0.28904247283935547,0.28330469131469727,0.22583,0.008674033917486668,2.749,-4.264,1.503,115.672,0.91141
5330,319839.27,1,0.2875707447528839,0.2840799391269684,0.22525,0.008414744399487972,2.742,-4.266,1.477,115.705,0.91111
5331,319902.87,1,0.2955262064933777,0.2862001955509186,0.22548,0.0085043516010046,2.846,-4.314,1.482,115.598,0.91112
5332,319950.9,1,0.29407116770744324,0.286313533782959,0.22579,0.008565450087189674,2.886,-4.308,1.471,115.593,0.91537
5333,320014.97,1,0.29450348019599915,0.2850692868232727,0.22588,0.008701511658728123,2.894,-4.315,1.487,115.549,0.91721
5334,320079.33,1,0.29415610432624817,0.28452420234680176,0.22604,0.008620591834187508,2.867,-4.32,1.489,114.832,0.94319
5335,320143.03,1,0.2939291298389435,0.30039554834365845,0.22181,0.00906777661293745,2.769,-4.369,1.454,114.921,0.94424
5336,320190.87,1,0.2907656729221344,0.3054771423339844,0.21916,0.009284385479986668,2.615,-4.433,1.44,114.89,0.94471
5337,320254.9,1,0.29188138246536255,0.3099706470966339,0.21887,0.009463159367442131,2.541,-4.462,1.427,114.69,0.94885
5338,320319.03,1,0.2881745398044586,0.31484276056289673,0.2181,0.009420445188879967,2.535,-4.464,1.399,115.039,0.94703
5339,320382.97,1,0.28799471259117126,0.31294041872024536,0.21799,0.009467286989092827,2.545,-4.466,1.407,114.819,0.94696
5340,320430.93,1,0.2873415946960449,0.31274673342704773,0.2177,0.00953509658575058,2.571,-4.474,1.393,114.813,0.94768
5341,320494.93,1,0.28868862986564636,0.31163227558135986,0.21791,0.009679418057203293,2.639,-4.499,1.41,114.926,0.94693
5342,320559.43,1,0.28823283314704895,0.3096558451652527,0.21947,0.009544351138174534,2.675,-4.499,1.416,114.933,0.94623
5343,320623.13,1,0.2896523177623749,0.3089178204536438,0.21962,0.009640614502131939,2.637,-4.539,1.447,114.825,0.94813
5344,320670.97,1,0.2907789945602417,0.30802667140960693,0.21919,0.009568902663886547,2.612,-4.484,1.424,114.928,0.94729
5345,320734.9,1,0.29195424914360046,0.30406454205513,0.2204,0.009419679641723633,2.561,-4.473,1.452,114.927,0.94727
5346,320798.87,1,0.2931172847747803,0.31021445989608765,0.21902,0.009525535628199577,2.559,-4.459,1.439,114.797,0.94725
5347,320863.1,1,0.29088181257247925,0.3105476498603821,0.21895,0.009355037473142147,2.566,-4.445,1.467,114.932,0.94763
5348,320910.97,1,0.2880140244960785,0.30896687507629395,0.21986,0.009350412525236607,2.529,-4.419,1.484,114.919,0.9471
5349,320974.9,1,0.2850845456123352,0.30863243341445923,0.22014,0.00930178351700306,2.535,-4.415,1.511,114.844,0.94748
5350,321038.97,1,0.28249654173851013,0.30737361311912537,0.22113,0.009161585010588169,2.493,-4.399,1.536,114.952,0.94712
5351,321103.2,1,0.28172412514686584,0.3016316890716553,0.22228,0.00898838136345148,2.478,-4.403,1.539,114.959,0.94703
5352,321151.0,1,0.28380391001701355,0.3033519685268402,0.22201,0.009073141030967236,2.454,-4.422,1.554,114.843,0.94687
5353,321215.03,1,0.2807799279689789,0.30406516790390015,0.2223,0.009186768904328346,2.45,-4.424,1.522,114.977,0.94656
5354,321279.0,1,0.2802734673023224,0.304386705160141,0.2222,0.009219334460794926,2.501,-4.365,1.523,114.98,0.94697
5355,321343.23,1,0.28292402625083923,0.3055228590965271,0.2221,0.00952429324388504,2.542,-4.346,1.516,114.895,0.94791
5356,321390.9,1,0.2820762097835541,0.30629900097846985,0.22208,0.00943480059504509,2.533,-4.343,1.533,114.981,0.94773
5357,321454.93,1,0.28092899918556213,0.30405715107917786,0.22261,0.009261362254619598,2.525,-4.339,1.538,114.994,0.94685
5358,321519.27,1,0.282488077878952,0.30359017848968506,0.22406,0.00876913033425808,2.504,-4.367,1.546,114.915,0.94642
5359,321582.93,1,0.2833539545536041,0.30314168334007263,0.22364,0.008956406265497208,2.525,-4.37,1.534,114.973,0.94735
5360,321631.0,1,0.2835724353790283,0.3023308217525482,0.22335,0.008799122646450996,2.502,-4.413,1.542,114.985,0.94701
5361,321694.93,1,0.2828407287597656,0.30261602997779846,0.22332,0.008746301755309105,2.529,-4.444,1.566,114.877,0.9481
5362,321758.97,1,0.2824447751045227,0.30587339401245117,0.22253,0.008934254758059978,2.508,-4.451,1.584,115.028,0.94664
5363,321823.27,1,0.28003913164138794,0.3052791655063629,0.22247,0.009022334590554237,2.473,-4.477,1.563,114.993,0.94725
5364,321870.97,1,0.2802821397781372,0.307003378868103,0.2224,0.009291375055909157,2.454,-4.498,1.57,114.905,0.94746
5365,321934.93,1,0.2789553701877594,0.307576447725296,0.22178,0.009159688837826252,2.485,-4.438,1.578,114.998,0.94683
5366,321999.1,1,0.2784275710582733,0.306499719619751,0.22209,0.009126224555075169,2.445,-4.454,1.581,115.004,0.94796
5367,322062.87,1,0.28445056080818176,0.3079405725002289,0.2216,0.009304188191890717,2.44,-4.481,1.571,114.937,0.94728
5368,322111.03,1,0.284493088722229,0.3098403215408325,0.22105,0.00927531998604536,2.421,-4.448,1.568,115.17,0.94646
5369,322174.97,1,0.29171332716941833,0.3111220598220825,0.22149,0.009429313242435455,2.247,-4.408,1.6,114.892,0.9468
5370,322239.3,1,0.30530256032943726,0.31525683403015137,0.21823,0.009582971222698689,2.259,-4.377,1.596,114.899,0.94704
5371,322303.23,1,0.3037143051624298,0.315095990896225,0.21772,0.009285219945013523,2.28,-4.372,1.577,114.978,0.94768
5372,322350.9,1,0.30225929617881775,0.31542667746543884,0.2169,0.009373453445732594,2.29,-4.37,1.575,114.981,0.94643
5373,322414.93,1,0.3032163083553314,0.3140730559825897,0.2175,0.009566761553287506,2.348,-4.423,1.559,114.856,0.94777
5374,322479.4,1,0.3023449778556824,0.31267809867858887,0.21668,0.009877476841211319,2.393,-4.401,1.556,115.011,0.94616
5375,322543.1,1,0.300970196723938,0.3115781545639038,0.21712,0.009804445318877697,2.381,-4.375,1.548,114.987,0.94731
5376,322590.97,1,0.30451536178588867,0.3153893053531647,0.21628,0.009848024696111679,2.348,-4.401,1.551,114.904,0.94578
5377,322654.97,1,0.3054082989692688,0.31501927971839905,0.21595,0.009851944632828236,2.444,-4.383,1.549,114.993,0.9461
5378,322719.0,1,0.30570393800735474,0.31391841173171997,0.21575,0.00992615707218647,2.418,-4.402,1.567,114.971,0.94739
5379,322783.07,1,0.3062184154987335,0.3123653829097748,0.21638,0.010180741548538208,2.359,-4.435,1.587,114.921,0.94724
5380,322830.93,1,0.2977646291255951,0.3095778822898865,0.21703,0.010109690949320793,2.388,-4.426,1.572,115.0,0.94753
5381,322894.97,1,0.29763662815093994,0.3053657114505768,0.21881,0.01012488640844822,2.343,-4.399,1.587,115.023,0.94723
5382,322959.2,1,0.2992952764034271,0.3058779835700989,0.21858,0.010212273336946964,2.371,-4.387,1.579,114.925,0.9465
5383,323023.17,1,0.29496893286705017,0.3061172366142273,0.21854,0.0102523909881711,2.411,-4.328,1.567,115.013,0.94735
5384,323071.43,1,0.29426315426826477,0.3058597147464752,0.21905,0.01011317502707243,2.403,-4.332,1.582,115.016,0.94614
5385,323134.93,1,0.2948991656303406,0.30584368109703064,0.21955,0.010244511067867279,2.399,-4.315,1.566,114.911,0.94752
5386,323199.17,1,0.2943630814552307,0.3054584264755249,0.21981,0.010291325859725475,2.392,-4.302,1.57,114.993,0.94778
5387,323263.13,1,0.29496005177497864,0.30751022696495056,0.21945,0.010321696288883686,2.357,-4.318,1.572,115.001,0.94748
5388,323310.97,1,0.29773733019828796,0.310802698135376,0.21922,0.010414790362119675,2.346,-4.321,1.555,114.925,0.94717
5389,323374.97,1,0.29693838953971863,0.3108554482460022,0.21948,0.010357541032135487,2.382,-4.288,1.543,115.005,0.94708
5390,323438.9,1,0.2979300022125244,0.31294843554496765,0.21882,0.010419577360153198,2.409,-4.289,1.517,115.032,0.94667
5391,323502.9,1,0.29946285486221313,0.31102561950683594,0.21905,0.01082963589578867,2.409,-4.32,1.549,114.889,0.94605
5392,323550.93,1,0.29588958621025085,0.31053510308265686,0.21969,0.010677516460418701,2.441,-4.312,1.539,115.015,0.94708
5393,323615.0,1,0.295794278383255,0.3113657832145691,0.21967,0.010769165121018887,2.411,-4.318,1.532,115.041,0.94557
5394,323679.1,1,0.29801836609840393,0.31036943197250366,0.21952,0.010778749361634254,2.423,-4.332,1.517,114.949,0.94632
5395,323743.03,1,0.29610398411750793,0.3083465099334717,0.21987,0.010697703808546066,2.466,-4.32,1.515,115.042,0.94696
5396,323790.97,1,0.2973144054412842,0.30630409717559814,0.21989,0.010844667442142963,2.458,-4.327,1.53,115.027,0.94742
5397,323855.0,1,0.2973487675189972,0.3045283555984497,0.22014,0.010824604891240597,2.477,-4.35,1.522,114.906,0.94813
5398,323919.43,1,0.2934383153915405,0.303365558385849,0.2202,0.01022512186318636,2.481,-4.353,1.528,115.178,0.94714
5399,323983.23,1,0.2892463505268097,0.30120551586151123,0.22114,0.009720232337713242,2.405,-4.352,1.529,114.908,0.94804
5400,324031.07,1,0.2912563979625702,0.2992916405200958,0.22287,0.010058625601232052,2.299,-4.347,1.574,114.907,0.9485
5401,324095.07,1,0.2915289103984833,0.2999976575374603,0.22266,0.009907415136694908,2.305,-4.33,1.569,115.014,0.9478
5402,324159.37,1,0.2936725318431854,0.298758864402771,0.22271,0.009974204935133457,2.257,-4.314,1.583,115.039,0.9475
5403,324223.2,1,0.29684576392173767,0.3007701635360718,0.22275,0.01001251582056284,2.257,-4.336,1.598,114.905,0.94829
5404,324271.27,1,0.297687828540802,0.30065998435020447,0.22265,0.00996702816337347,2.244,-4.352,1.596,115.024,0.94746
5405,324335.07,1,0.295163094997406,0.29962798953056335,0.22279,0.01001713052392006,2.216,-4.352,1.593,115.054,0.94768
5406,324399.13,1,0.2987237870693207,0.30205315351486206,0.22325,0.010282864794135094,2.151,-4.385,1.596,114.98,0.947
5407,324463.23,1,0.296520859003067,0.3029937744140625,0.22315,0.0102110980078578,2.175,-4.361,1.575,115.041,0.94832
5408,324511.0,1,0.2952062785625458,0.300514280796051,0.22429,0.01026594266295433,2.169,-4.367,1.574,115.066,0.94833
5409,324575.03,1,0.29549354314804077,0.30125290155410767,0.2241,0.010211055167019367,2.285,-4.311,1.568,114.94,0.94924
5410,324639.1,1,0.29391419887542725,0.30116692185401917,0.22419,0.010179963894188404,2.317,-4.31,1.554,115.037,0.94757
5411,324703.27,1,0.29494011402130127,0.3003397583961487,0.22443,0.0102017717435956,2.253,-4.333,1.561,115.058,0.94726
5412,324750.97,1,0.29571640491485596,0.30170950293540955,0.225,0.010070121847093105,2.267,-4.352,1.551,114.936,0.94752
5413,324815.07,1,0.29674652218818665,0.3017144501209259,0.22475,0.010098950006067753,2.257,-4.344,1.543,115.042,0.94714
5414,324879.33,1,0.29673805832862854,0.30103862285614014,0.2247,0.010020305402576923,2.259,-4.34,1.55,115.047,0.94658
5415,324942.87,1,0.29817602038383484,0.30232760310173035,0.22414,0.009843246079981327,2.304,-4.312,1.555,114.935,0.94797
5416,324990.93,1,0.30276593565940857,0.3030950725078583,0.22246,0.009842068888247013,2.303,-4.313,1.568,115.04,0.94675
5417,325054.97,1,0.3037990927696228,0.3037663698196411,0.22182,0.009865205734968185,2.294,-4.323,1.559,115.039,0.94716
5418,325119.03,1,0.30592748522758484,0.30501022934913635,0.22127,0.010080709122121334,2.314,-4.338,1.567,114.925,0.9481
5419,325183.0,1,0.30213627219200134,0.3041144609451294,0.22165,0.009990331716835499,2.312,-4.342,1.555,115.0,0.94758
5420,325231.27,1,0.3025675415992737,0.3027592599391937,0.22165,0.010243718512356281,2.3,-4.344,1.547,114.998,0.94864
5421,325295.13,1,0.3033224046230316,0.302048921585083,0.2219,0.010355150327086449,2.202,-4.374,1.542,114.906,0.94738
5422,325359.2,1,0.30376961827278137,0.2994511127471924,0.22272,0.010351017117500305,2.118,-4.415,1.55,114.997,0.94831
5423,325423.3,1,0.30080699920654297,0.298956960439682,0.22294,0.010305104777216911,2.112,-4.393,1.541,114.996,0.94754
5424,325471.33,1,0.30101272463798523,0.29912641644477844,0.22297,0.01030133105814457,2.119,-4.393,1.539,114.913,0.9475
5425,325534.93,1,0.29980406165122986,0.2989773154258728,0.2229,0.010051753371953964,2.182,-4.393,1.543,115.007,0.94815
5426,325599.07,1,0.29794612526893616,0.29802727699279785,0.22355,0.00997740775346756,2.179,-4.384,1.552,115.011,0.94781
5427,325663.17,1,0.3013974726200104,0.29959195852279663,0.22338,0.009949928149580956,2.155,-4.379,1.546,114.908,0.94776
5428,325711.03,1,0.2951367497444153,0.2982540428638458,0.22375,0.009812921285629272,2.174,-4.355,1.531,115.061,0.94689
5429,325775.03,1,0.29456770420074463,0.2960168123245239,0.22396,0.010038048960268497,2.158,-4.352,1.53,114.897,0.9475
5430,325839.03,1,0.29604634642601013,0.2968207597732544,0.22316,0.009916885755956173,2.214,-4.316,1.507,114.904,0.94771
5431,325903.23,1,0.29168784618377686,0.29569798707962036,0.22344,0.00974341668188572,2.198,-4.323,1.495,114.997,0.94711
5432,325951.0,1,0.29190221428871155,0.2938174903392792,0.22442,0.009703397750854492,2.184,-4.357,1.497,114.98,0.94749
5433,326014.97,1,0.29296866059303284,0.29433703422546387,0.22385,0.009587693959474564,2.187,-4.38,1.502,114.887,0.9475
5434,326079.13,1,0.294136106967926,0.2949518859386444,0.22343,0.009739294648170471,2.097,-4.321,1.513,114.971,0.94759
5435,326142.97,1,0.2916673719882965,0.29311448335647583,0.22401,0.009949900209903717,2.043,-4.338,1.515,114.994,0.94797
5436,326207.0,1,0.2945897877216339,0.2931218147277832,0.22532,0.010241590440273285,2.03,-4.276,1.542,114.879,0.94781
5437,326255.03,1,0.29388973116874695,0.29314082860946655,0.22536,0.010358336381614208,2.053,-4.276,1.536,114.968,0.94743
5438,326319.0,1,0.291465699672699,0.29267287254333496,0.22578,0.01015609223395586,2.023,-4.302,1.555,114.963,0.94795
5439,326383.17,1,0.2934422492980957,0.29427582025527954,0.22513,0.009868895635008812,2.067,-4.327,1.539,114.843,0.94904
5440,326447.1,1,0.2894848883152008,0.2931502163410187,0.22619,0.0094479750841856,2.057,-4.32,1.545,114.968,0.9485
5441,326495.13,1,0.28818845748901367,0.29183200001716614,0.22639,0.009461301378905773,2.017,-4.353,1.553,114.952,0.94924
5442,326558.97,1,0.28753426671028137,0.29056409001350403,0.22742,0.009514246135950089,2.034,-4.377,1.587,114.886,0.9489
5443,326623.27,1,0.2853105962276459,0.2873884439468384,0.22554,0.009448367170989513,2.138,-4.347,1.61,114.975,0.94804
5444,326687.23,1,0.28288534283638,0.28459984064102173,0.2268,0.009571732953190804,2.144,-4.364,1.612,114.992,0.9486
5445,326735.0,1,0.28321272134780884,0.28506726026535034,0.22737,0.009622003883123398,2.144,-4.362,1.621,114.872,0.94872
5446,326799.0,1,0.2813386023044586,0.28514233231544495,0.22777,0.009730718098580837,2.138,-4.32,1.61,114.959,0.94931
5447,326863.1,1,0.28206130862236023,0.2843775153160095,0.22798,0.009746112860739231,2.143,-4.326,1.614,114.939,0.9493
5448,326926.87,1,0.2846779227256775,0.28524845838546753,0.22883,0.010122439824044704,2.126,-4.323,1.6,114.834,0.94893
5449,326975.23,1,0.2856406271457672,0.28518131375312805,0.22871,0.010005193762481213,2.105,-4.336,1.612,114.929,0.94853
5450,327039.3,1,0.28758955001831055,0.28598031401634216,0.22779,0.010146640241146088,2.112,-4.333,1.61,114.926,0.94788
5451,327103.17,1,0.2885587811470032,0.2859266996383667,0.22874,0.010303422808647156,2.099,-4.373,1.609,114.831,0.94848
5452,327167.1,1,0.6010565757751465,0.5603827834129333,0.08711,0.015154601074755192,1.984,-4.363,1.402,114.955,0.9496
5453,327214.93,1,0.7577611207962036,0.6664420366287231,0.02543,0.014487857930362225,1.779,-4.292,1.322,114.986,0.94889
5454,327279.27,1,0.7242827415466309,0.66126549243927,0.02444,0.013665938749909401,1.798,-4.242,1.344,114.89,0.94917
5455,327342.97,1,0.7068836092948914,0.6336888074874878,0.02758,0.014248783700168133,1.841,-4.168,1.448,114.984,0.94831
5456,327407.27,1,0.6005473136901855,0.5679311752319336,0.06188,0.013861308805644512,1.834,-4.127,1.502,114.978,0.94825
5457,327454.97,1,0.4755232334136963,0.5243922472000122,0.10016,0.013291874900460243,1.944,-4.098,1.554,114.9,0.94841
5458,327519.13,1,0.4228876531124115,0.4641714096069336,0.1278,0.01328881736844778,1.889,-4.164,1.528,115.171,0.9479
5459,327583.17,1,0.37832409143447876,0.4115302860736847,0.1515,0.013260927982628345,1.919,-4.311,1.492,114.954,0.94698
5460,327646.97,1,0.35032668709754944,0.37201133370399475,0.17025,0.01331557147204876,1.929,-4.35,1.489,114.928,0.94928
5461,327694.93,1,0.3382720351219177,0.36525723338127136,0.17829,0.01301076915115118,1.931,-4.354,1.498,115.021,0.94825
5462,327758.97,1,0.33032822608947754,0.3527515232563019,0.18838,0.012909429147839546,1.935,-4.363,1.503,115.045,0.94786
5463,327823.1,1,0.3240751326084137,0.3452483117580414,0.19468,0.012696214951574802,1.868,-4.381,1.508,114.939,0.94791
5464,327887.2,1,0.3197600543498993,0.3441742956638336,0.19786,0.012397089041769505,1.85,-4.391,1.532,115.026,0.94806
5465,327935.4,1,0.3182411789894104,0.3392607569694519,0.20006,0.012198960408568382,1.823,-4.377,1.528,115.033,0.94757
5466,327998.87,1,0.3192499279975891,0.33524373173713684,0.20182,0.011694761924445629,1.823,-4.37,1.573,114.897,0.94888
5467,328063.07,1,0.3212208151817322,0.3347587585449219,0.20201,0.01160983182489872,1.849,-4.293,1.576,115.011,0.94791
5468,328127.0,1,0.32051941752433777,0.33070841431617737,0.20294,0.011481588706374168,1.845,-4.304,1.565,115.019,0.94786
5469,328175.1,1,0.32080042362213135,0.3279752731323242,0.20483,0.01125306822359562,1.829,-4.326,1.58,114.964,0.94716
5470,328239.27,1,0.3148525357246399,0.32432809472084045,0.20733,0.011196081526577473,1.85,-4.327,1.565,115.029,0.94779
5471,328303.0,1,0.31810447573661804,0.3251226544380188,0.20853,0.011078364215791225,1.803,-4.339,1.588,115.046,0.94674
5472,328367.17,1,0.31790590286254883,0.32548788189888,0.20891,0.011009748093783855,1.947,-4.349,1.581,114.937,0.94675
5473,328414.97,1,0.3150450885295868,0.32292088866233826,0.20976,0.011096841655671597,1.959,-4.347,1.569,115.029,0.94687
5474,328479.33,1,0.3129083514213562,0.31671279668807983,0.21184,0.011355659924447536,1.961,-4.346,1.575,115.02,0.94718
5475,328543.13,1,0.3137070834636688,0.3122619092464447,0.21325,0.011463829316198826,1.976,-4.364,1.585,114.945,0.9472
5476,328606.9,1,0.313358873128891,0.3117503523826599,0.21321,0.011249260045588017,1.976,-4.383,1.594,115.023,0.94646
5477,328655.03,1,0.3139340281486511,0.3065509498119354,0.21474,0.01122379768639803,1.973,-4.38,1.596,115.031,0.94648
5478,328718.93,1,0.3165511190891266,0.3038131296634674,0.21619,0.011387843638658524,1.975,-4.379,1.577,114.932,0.94661
5479,328783.23,1,0.3147388994693756,0.304093599319458,0.21697,0.011605449952185154,1.984,-4.385,1.578,115.008,0.94711
5480,328846.83,1,0.31023964285850525,0.30194321274757385,0.21825,0.011322131380438805,2.021,-4.38,1.588,115.001,0.94824
5481,328895.03,1,0.31342363357543945,0.302760511636734,0.21775,0.011199354194104671,1.992,-4.389,1.609,114.906,0.94656
5482,328959.1,1,0.3145527243614197,0.301747590303421,0.21786,0.011151562444865704,1.962,-4.407,1.62,114.983,0.94705
5483,329022.93,1,0.31384146213531494,0.3007224500179291,0.21787,0.011473647318780422,1.939,-4.382,1.613,114.991,0.94784
5484,329086.93,1,0.3161083161830902,0.30260154604911804,0.2178,0.011575327254831791,1.912,-4.361,1.613,114.945,0.94738
5485,329134.97,1,0.3130176365375519,0.3100297749042511,0.21623,0.011434396728873253,1.906,-4.374,1.606,115.023,0.9471
5486,329199.07,1,0.3101523220539093,0.30910801887512207,0.21732,0.011170412413775921,1.941,-4.368,1.592,115.042,0.94749
5487,329263.27,1,0.30995848774909973,0.3096858561038971,0.21747,0.011552456766366959,1.951,-4.352,1.576,114.928,0.94733
5488,329327.07,1,0.30690351128578186,0.3183174729347229,0.21552,0.011333838105201721,1.974,-4.343,1.606,114.896,0.95169
5489,329375.0,1,0.30817273259162903,0.32014384865760803,0.21494,0.011112100444734097,1.977,-4.338,1.627,114.549,0.95481
5490,329438.83,1,0.3107636868953705,0.3218153417110443,0.21416,0.01128771249204874,1.918,-4.392,1.615,114.474,0.95451
5491,329503.17,1,0.30940961837768555,0.3212455213069916,0.21337,0.011281227692961693,1.953,-4.391,1.603,114.585,0.9547
5492,329567.17,1,0.3119301497936249,0.31741371750831604,0.21288,0.011136622168123722,1.932,-4.396,1.587,114.601,0.95448
5493,329614.97,1,0.3166847825050354,0.3185819685459137,0.21245,0.011123938485980034,1.951,-4.42,1.615,114.46,0.95474
5494,329679.17,1,0.3176029324531555,0.3184581398963928,0.21277,0.010822112672030926,1.978,-4.428,1.628,114.556,0.95369
5495,329743.13,1,0.31655558943748474,0.31511130928993225,0.21383,0.010622190311551094,2.014,-4.416,1.641,114.542,0.95478
5496,329806.87,1,0.31905102729797363,0.3054806590080261,0.21586,0.01044868491590023,1.997,-4.389,1.686,114.461,0.95476
5497,329854.93,1,0.3224899470806122,0.30360695719718933,0.21629,0.010477032512426376,1.932,-4.409,1.71,114.567,0.95406
5498,329918.93,1,0.3256857693195343,0.30121660232543945,0.21639,0.01065151859074831,1.927,-4.401,1.707,114.558,0.95381
5499,329983.2,1,0.32704129815101624,0.2988567054271698,0.21695,0.01061424519866705,1.97,-4.399,1.699,114.465,0.95466
5500,330047.43,1,0.3341253399848938,0.30039331316947937,0.21429,0.010438237339258194,1.996,-4.354,1.688,114.602,0.95474
5501,330094.93,1,0.3338347375392914,0.30063140392303467,0.21399,0.010396597906947136,1.983,-4.356,1.706,114.59,0.95451
5502,330158.87,1,0.3345477283000946,0.3000597357749939,0.214,0.011348229832947254,1.976,-4.387,1.696,114.489,0.95475
5503,330222.87,1,0.3320941627025604,0.2989243268966675,0.21401,0.011452168226242065,1.953,-4.364,1.702,114.675,0.94965
5504,330287.2,1,0.32959219813346863,0.29749616980552673,0.21437,0.0115995267406106,1.922,-4.336,1.715,114.713,0.94931
5505,330334.9,1,0.33088862895965576,0.297413170337677,0.21469,0.01205948181450367,1.901,-4.304,1.728,115.111,0.92721
5506,330399.1,1,0.33045974373817444,0.29567602276802063,0.21502,0.011895154602825642,1.923,-4.301,1.731,115.303,0.9237
5507,330463.3,1,0.3288757801055908,0.29685136675834656,0.21482,0.012028424069285393,1.906,-4.322,1.739,115.327,0.92198
5508,330526.97,1,0.33118128776550293,0.2967928349971771,0.21489,0.011969953775405884,1.922,-4.341,1.732,115.501,0.9114
5509,330575.27,1,0.33072638511657715,0.29649338126182556,0.21458,0.011956455186009407,1.994,-4.322,1.73,115.59,0.91221
5510,330639.17,1,0.32782822847366333,0.2956637442111969,0.21484,0.01175773423165083,2.078,-4.305,1.722,115.578,0.91204
5511,330703.17,1,0.3375285267829895,0.3007127046585083,0.21368,0.012144803069531918,2.106,-4.341,1.747,115.522,0.91133
5512,330766.93,1,0.33654841780662537,0.2994755208492279,0.21335,0.011868338100612164,2.104,-4.343,1.735,115.58,0.91157
5513,330814.93,1,0.32712119817733765,0.29485148191452026,0.21624,0.011827484704554081,2.057,-4.401,1.742,115.595,0.91148
5514,330879.13,1,0.3265467882156372,0.29554691910743713,0.21686,0.012082590721547604,1.999,-4.396,1.703,115.502,0.9112
5515,330943.17,1,0.32479652762413025,0.29773643612861633,0.21653,0.011551743373274803,1.976,-4.379,1.709,115.617,0.91034
5516,331006.83,1,0.32330167293548584,0.29781216382980347,0.21629,0.011592848226428032,1.961,-4.377,1.71,115.638,0.91097
5517,331054.93,1,0.32512715458869934,0.29932209849357605,0.21508,0.012005031108856201,1.93,-4.353,1.698,115.524,0.91088
5518,331119.33,1,0.3246879279613495,0.30010348558425903,0.21512,0.012065108865499496,1.879,-4.334,1.697,115.685,0.91058
5519,331183.13,1,0.3263092339038849,0.3020949363708496,0.2139,0.011974512599408627,1.886,-4.348,1.693,115.528,0.9104
5520,331246.83,1,0.3272651731967926,0.3024244010448456,0.21393,0.011898157186806202,1.97,-4.319,1.707,115.532,0.91072
5521,331295.0,1,0.32437989115715027,0.3010160028934479,0.21468,0.011769111268222332,1.971,-4.312,1.724,115.625,0.9104
5522,331359.03,1,0.3207770884037018,0.3000427782535553,0.2152,0.011815987527370453,1.985,-4.334,1.752,115.607,0.91068
5523,331422.97,1,0.32328590750694275,0.30283474922180176,0.21533,0.011912080459296703,1.995,-4.349,1.748,115.504,0.91095
5524,331487.13,1,0.4392671585083008,0.42182600498199463,0.15436,0.013805552385747433,2.095,-4.267,1.61,115.589,0.91088
5525,331534.87,1,0.5305085182189941,0.5427898168563843,0.1017,0.015342877246439457,1.985,-4.292,1.624,115.632,0.91095
5526,331599.17,1,0.5094324350357056,0.5282138586044312,0.10245,0.015085076913237572,1.932,-4.242,1.639,115.545,0.91014
5527,331663.23,1,0.4983014464378357,0.5257869362831116,0.10598,0.014441315084695816,1.949,-4.245,1.622,115.597,0.91053
5528,331726.93,1,0.47852110862731934,0.46925708651542664,0.1217,0.013824009336531162,1.994,-4.25,1.612,115.623,0.90985
5529,331774.8,1,0.4630683958530426,0.4283638298511505,0.13657,0.013348087668418884,2.015,-4.284,1.612,115.491,0.91147
5530,331839.07,1,0.45173463225364685,0.4174636900424957,0.14176,0.012615763582289219,2.056,-4.319,1.651,115.496,0.91158
5531,331903.2,1,0.42242780327796936,0.3929527699947357,0.15704,0.01204428356140852,1.991,-4.33,1.678,115.459,0.91233
5532,331967.27,1,0.40146419405937195,0.37615782022476196,0.16856,0.011720815673470497,1.964,-4.329,1.694,114.62,0.91774
5533,332014.97,1,0.39867234230041504,0.3724181652069092,0.17029,0.01198092382401228,1.947,-4.341,1.696,114.671,0.91868
5534,332079.23,1,0.3796321153640747,0.3674496114253998,0.17617,0.012115603312849998,1.968,-4.345,1.715,114.675,0.91818
5535,332143.1,1,0.3634299635887146,0.36343663930892944,0.18437,0.011874804273247719,1.91,-4.415,1.756,114.547,0.91823
5536,332206.97,1,0.363851934671402,0.3614913821220398,0.185,0.012168771587312222,1.912,-4.385,1.734,114.634,0.91819
5537,332254.87,1,0.36151015758514404,0.3611290156841278,0.18608,0.011845124885439873,1.932,-4.383,1.738,114.653,0.91876
5538,332319.23,1,0.3594352602958679,0.3588264286518097,0.18809,0.011617527343332767,1.927,-4.383,1.717,114.541,0.91791
5539,332383.13,1,0.3610539436340332,0.35679540038108826,0.18852,0.011462133377790451,1.772,-4.375,1.711,114.63,0.91995
5540,332447.2,1,0.3610738217830658,0.3568877875804901,0.18919,0.011566706001758575,1.748,-4.386,1.737,114.642,0.9184
5541,332494.87,1,0.36249059438705444,0.3578321039676666,0.18906,0.01159617118537426,1.705,-4.429,1.743,114.557,0.92046
5542,332559.17,1,0.36613979935646057,0.3560775816440582,0.18835,0.011119994334876537,1.658,-4.411,1.741,114.716,0.91984
5543,332623.1,1,0.3649404048919678,0.3540842533111572,0.18947,0.011078700423240662,1.659,-4.427,1.747,114.801,0.9178
5544,332686.93,1,0.3654978573322296,0.354572594165802,0.19086,0.011325174011290073,1.721,-4.453,1.74,114.786,0.9192
5545,332734.87,1,0.3690167963504791,0.35282841324806213,0.19013,0.011182067915797234,1.785,-4.377,1.709,114.91,0.91892
5546,332799.07,1,0.3690401613712311,0.3519166111946106,0.19013,0.01124966237694025,1.797,-4.348,1.696,114.909,0.91772
5547,332862.9,1,0.3684021532535553,0.3483869135379791,0.19161,0.011831258423626423,1.768,-4.325,1.68,114.853,0.91729
5548,332926.97,1,0.3658265173435211,0.3463509678840637,0.19204,0.011826644651591778,1.771,-4.307,1.683,115.094,0.91736
5549,332974.83,1,0.36245426535606384,0.34553462266921997,0.19237,0.011689318343997002,1.851,-4.306,1.652,114.874,0.91868
5550,333038.83,1,0.3571155369281769,0.3364885449409485,0.19549,0.01181882806122303,1.795,-4.357,1.666,114.873,0.9184
5551,333102.77,1,0.3473963439464569,0.3314233124256134,0.19791,0.011838524602353573,1.807,-4.344,1.658,114.938,0.91807
5552,333167.27,1,0.34609976410865784,0.329215943813324,0.19894,0.011735078878700733,1.727,-4.37,1.655,114.938,0.91731
5553,333214.87,1,0.35036271810531616,0.3295677900314331,0.19931,0.011743892915546894,1.731,-4.399,1.642,114.856,0.91764
5554,333279.3,1,0.35108813643455505,0.33333033323287964,0.19836,0.011774946004152298,1.717,-4.385,1.632,114.926,0.91791
5555,333343.17,1,0.3439776301383972,0.32331693172454834,0.2026,0.012028152123093605,1.684,-4.38,1.658,114.929,0.91761
5556,333406.77,1,0.3474459946155548,0.32830139994621277,0.20185,0.012736586853861809,1.587,-4.391,1.655,114.857,0.91717
5557,333454.87,1,0.3501770496368408,0.32657739520072937,0.20135,0.012822773307561874,1.6,-4.385,1.652,114.967,0.91754
5558,333518.8,1,0.3459843397140503,0.32600945234298706,0.20189,0.012829390354454517,1.695,-4.356,1.635,114.99,0.91696
5559,333583.07,1,0.34931108355522156,0.3249797821044922,0.20183,0.012866455130279064,1.598,-4.454,1.652,114.881,0.91723
5560,333646.7,1,0.3493393659591675,0.32522088289260864,0.20149,0.012742489576339722,1.601,-4.454,1.649,114.975,0.91689
5561,333694.73,1,0.344786673784256,0.32519593834877014,0.20195,0.012630132958292961,1.596,-4.441,1.659,114.967,0.91756
5562,333758.67,1,0.34609732031822205,0.32577741146087646,0.20193,0.01214011199772358,1.601,-4.448,1.661,114.894,0.91764
5563,333822.87,1,0.3515125811100006,0.32504338026046753,0.20028,0.011897452175617218,1.613,-4.43,1.66,114.99,0.91751
5564,333886.93,1,0.35124510526657104,0.324698805809021,0.20029,0.011936090886592865,1.624,-4.424,1.66,115.005,0.91766
5565,333934.87,1,0.35207051038742065,0.31510642170906067,0.20366,0.012399897910654545,1.649,-4.405,1.638,114.911,0.9163
5566,333999.17,1,0.3501700162887573,0.317142128944397,0.20442,0.012585672549903393,1.654,-4.381,1.629,114.953,0.91786
5567,334062.9,1,0.5055286884307861,0.4528038799762726,0.12812,0.015509260818362236,1.736,-4.308,1.41,114.964,0.91883
5568,334126.8,1,0.6718175411224365,0.66757732629776,0.03427,0.016747577115893364,1.435,-4.265,1.479,114.671,0.92017
5569,334174.87,1,0.6712822914123535,0.6754239201545715,0.02906,0.016328176483511925,1.405,-4.252,1.523,114.69,0.92122
5570,334238.93,1,0.6813854575157166,0.6389044523239136,0.03001,0.016623634845018387,1.629,-4.122,1.627,114.683,0.921
5571,334302.8,1,0.6084722280502319,0.6018075942993164,0.05229,0.015415872447192669,1.576,-4.134,1.661,114.581,0.92186
5572,334367.37,1,0.5607219934463501,0.5123492479324341,0.08396,0.015126010403037071,1.552,-4.166,1.607,114.645,0.92136
5573,334414.8,1,0.47593602538108826,0.4626753330230713,0.11431,0.014731839299201965,1.625,-4.171,1.638,114.653,0.92188
5574,334479.1,1,0.4259454309940338,0.3948521614074707,0.14439,0.01392070110887289,1.614,-4.203,1.591,114.542,0.92122
5575,334543.07,1,0.4002522826194763,0.3931853175163269,0.15447,0.013791972771286964,1.622,-4.227,1.604,114.63,0.92173
5576,334607.07,1,0.3851583003997803,0.3694283664226532,0.16505,0.013644264079630375,1.609,-4.261,1.61,114.629,0.92208
5577,334654.83,1,0.3801426887512207,0.362253338098526,0.17115,0.013506743125617504,1.705,-4.329,1.628,114.563,0.92126
5578,334718.97,1,0.37991437315940857,0.3598729968070984,0.17222,0.01343617308884859,1.714,-4.348,1.641,114.779,0.92116
5579,334783.03,1,0.3735084533691406,0.34952571988105774,0.17704,0.013539994135499,1.714,-4.335,1.627,114.536,0.92121
5580,334847.3,1,0.36472854018211365,0.3499833047389984,0.17927,0.013021195307374,1.76,-4.334,1.63,114.534,0.92262
5581,334894.8,1,0.3574315011501312,0.34303244948387146,0.18312,0.012690572068095207,1.758,-4.35,1.611,114.62,0.922
5582,334958.73,1,0.353436142206192,0.3388645648956299,0.18593,0.01252356730401516,1.78,-4.339,1.636,114.628,0.92291
5583,335023.0,1,0.3446776866912842,0.33339324593544006,0.1933,0.012586667202413082,1.675,-4.353,1.633,114.528,0.92167
5584,335086.93,1,0.3538966178894043,0.3358839750289917,0.19149,0.012584641575813293,1.67,-4.354,1.619,114.599,0.92161
5585,335134.9,1,0.34772682189941406,0.33148378133773804,0.194,0.01251691859215498,1.766,-4.321,1.596,114.616,0.92246
5586,335198.77,1,0.3464182913303375,0.33454984426498413,0.19501,0.012376491911709309,1.844,-4.336,1.561,114.529,0.92282
5587,335262.77,1,0.3457397520542145,0.33319544792175293,0.19572,0.012466519139707088,1.843,-4.348,1.558,114.627,0.92084
5588,335327.17,1,0.3461025357246399,0.3288293182849884,0.19764,0.0122467540204525,1.855,-4.345,1.551,114.606,0.92191
5589,335374.77,1,0.35017988085746765,0.33079609274864197,0.198,0.012283280491828918,1.83,-4.319,1.544,114.51,0.92268
5590,335438.73,1,0.34940364956855774,0.333027184009552,0.19815,0.012287653982639313,1.788,-4.324,1.521,114.594,0.92214
5591,335502.9,1,0.35283276438713074,0.330967515707016,0.19662,0.012440495193004608,1.817,-4.288,1.579,114.617,0.92282
5592,335566.73,1,0.3556687831878662,0.3308229446411133,0.19778,0.01248025894165039,1.819,-4.284,1.58,114.513,0.92196
5593,335614.83,1,0.35450366139411926,0.3373534679412842,0.19672,0.01252858154475689,1.803,-4.271,1.583,114.605,0.92249
5594,335679.2,1,0.5250613689422607,0.5459001064300537,0.10186,0.015777867287397385,1.796,-4.182,1.538,114.627,0.92221
5595,335742.93,1,0.6579678058624268,0.6300510764122009,0.04627,0.016553742811083794,1.512,-4.226,1.461,114.543,0.9212
5596,335807.43,1,0.6219419240951538,0.6195871829986572,0.04775,0.016701217740774155,1.522,-4.215,1.497,114.565,0.92275
5597,335854.9,1,0.5778485536575317,0.625524640083313,0.05431,0.016822736710309982,1.554,-4.216,1.544,114.602,0.92158
5598,335919.17,1,0.5055604577064514,0.5517138242721558,0.08599,0.016110824421048164,1.585,-4.223,1.568,114.53,0.92137
5599,335983.1,1,0.4904230237007141,0.4857318699359894,0.106,0.01532228197902441,1.626,-4.232,1.537,114.588,0.92042
5600,336047.1,1,0.4481256604194641,0.42770683765411377,0.12938,0.014866756275296211,1.655,-4.238,1.564,114.583,0.92126
5601,336094.83,1,0.42714473605155945,0.4101901352405548,0.13806,0.014219638891518116,1.683,-4.231,1.554,114.459,0.92087
5602,336159.17,1,0.41058972477912903,0.3873717486858368,0.15045,0.013850238174200058,1.654,-4.243,1.558,114.755,0.91962
5603,336222.87,1,0.401675283908844,0.3602321743965149,0.1616,0.013594076037406921,1.685,-4.248,1.519,114.821,0.91914
5604,336286.83,1,0.3956579566001892,0.3597129285335541,0.16845,0.013590068556368351,1.753,-4.31,1.533,115.464,0.91391
5605,336334.77,1,0.39290913939476013,0.35945406556129456,0.17047,0.013547026552259922,1.764,-4.306,1.532,115.59,0.91339
5606,336398.83,1,0.3862263262271881,0.358367919921875,0.17346,0.012978849932551384,1.818,-4.345,1.516,115.605,0.91319
5607,336463.0,1,0.37640583515167236,0.36148959398269653,0.1773,0.012873269617557526,1.818,-4.364,1.509,115.511,0.91398
5608,336527.17,1,0.37335404753685,0.36107438802719116,0.17835,0.012345981784164906,1.907,-4.349,1.495,115.766,0.91294
5609,336574.77,1,0.37173470854759216,0.36045077443122864,0.1789,0.011950288899242878,1.896,-4.378,1.511,115.489,0.91429
5610,336638.97,1,0.35632699728012085,0.35764575004577637,0.18489,0.012713128700852394,1.908,-4.363,1.479,115.485,0.91394
5611,336702.87,1,0.35439440608024597,0.35673826932907104,0.18652,0.012644069269299507,1.868,-4.344,1.486,115.597,0.91433
5612,336766.87,1,0.3472331762313843,0.3526882231235504,0.18929,0.01298561505973339,1.873,-4.351,1.466,115.591,0.91362
5613,336814.8,1,0.34708595275878906,0.3488635718822479,0.19158,0.013288098387420177,1.778,-4.321,1.49,115.495,0.91387
5614,336879.1,1,0.34850677847862244,0.3527276813983917,0.19086,0.013304187916219234,1.799,-4.318,1.504,115.61,0.91362
5615,336942.87,1,0.3445405066013336,0.3469787538051605,0.19342,0.012936149723827839,1.749,-4.367,1.501,115.612,0.91391
5616,337006.8,1,0.34489962458610535,0.34718286991119385,0.19465,0.012683501467108727,1.755,-4.467,1.535,115.529,0.91285
5617,337054.93,1,0.3461114764213562,0.3464435338973999,0.1953,0.012862440198659897,1.737,-4.451,1.527,115.62,0.91356
5618,337118.87,1,0.3427695333957672,0.34735679626464844,0.19592,0.012347731739282608,1.694,-4.481,1.529,115.642,0.91299
5619,337182.9,1,0.3385363519191742,0.3384847640991211,0.19948,0.012081009335815907,1.684,-4.481,1.538,115.51,0.91459
5620,337246.8,1,0.34071993827819824,0.34217992424964905,0.19882,0.011755418963730335,1.631,-4.479,1.532,115.494,0.91451
5621,337294.9,1,0.3430488705635071,0.345680296421051,0.19813,0.011931357905268669,1.626,-4.476,1.516,115.467,0.91494
5622,337359.13,1,0.34472841024398804,0.3462575376033783,0.19822,0.011667094193398952,1.6,-4.473,1.515,114.58,0.9221
5623,337423.1,1,0.34286928176879883,0.3478603959083557,0.19866,0.011481021530926228,1.608,-4.461,1.537,114.654,0.92161
5624,337487.23,1,0.3459400534629822,0.3516543209552765,0.19875,0.011356917209923267,1.614,-4.446,1.541,114.659,0.92147
5625,337534.7,1,0.3472078740596771,0.35297781229019165,0.19798,0.011383261531591415,1.573,-4.47,1.542,114.527,0.92086
5626,337598.8,1,0.3472343981266022,0.3529191017150879,0.19782,0.011395519599318504,1.537,-4.454,1.549,114.606,0.92284
5627,337663.1,1,0.6019631624221802,0.60776287317276,0.07281,0.013902352191507816,1.301,-4.419,1.571,114.613,0.92222
5628,337726.8,1,0.6088573932647705,0.6065449118614197,0.06145,0.013324622064828873,1.306,-4.393,1.615,114.504,0.92276
5629,337774.77,1,0.5967702865600586,0.5858188271522522,0.0626,0.013742422685027122,1.384,-4.32,1.653,114.592,0.92233
5630,337838.93,1,0.571066677570343,0.5800846815109253,0.06813,0.014296886511147022,1.415,-4.315,1.679,114.601,0.92302
5631,337903.07,1,0.5329445004463196,0.523527979850769,0.09009,0.014842850156128407,1.398,-4.288,1.679,114.503,0.92131
5632,337966.9,1,0.49802395701408386,0.4974999725818634,0.1045,0.014483747072517872,1.399,-4.318,1.679,114.596,0.92233
5633,338014.87,1,0.4719976782798767,0.4663947522640228,0.11857,0.014425151981413364,1.434,-4.333,1.661,114.596,0.92164
5634,338078.8,1,0.4153248369693756,0.4204712212085724,0.14481,0.014234739355742931,1.42,-4.374,1.595,114.483,0.92238
5635,338143.07,1,0.3782002329826355,0.4048096835613251,0.16006,0.013822118751704693,1.463,-4.416,1.58,114.59,0.92199
5636,338206.9,1,0.3752758204936981,0.3939507305622101,0.16505,0.013385473750531673,1.529,-4.372,1.553,114.582,0.92209
5637,338254.87,1,0.3653450310230255,0.38776615262031555,0.17103,0.013156797736883163,1.517,-4.38,1.561,114.485,0.92202
5638,338319.3,1,0.36225202679634094,0.37912431359291077,0.17602,0.013269017450511456,1.555,-4.374,1.545,114.729,0.92212
5639,338383.07,1,0.35589033365249634,0.3671783208847046,0.18303,0.012918923050165176,1.487,-4.414,1.585,114.474,0.92307
5640,338446.87,1,0.3573402166366577,0.3663206398487091,0.18471,0.012878336012363434,1.507,-4.474,1.555,115.376,0.91486
5641,338494.9,1,0.3543970286846161,0.3667192757129669,0.1849,0.01279101986438036,1.507,-4.458,1.55,115.121,0.9153
5642,338558.83,1,0.35180768370628357,0.3599742650985718,0.18675,0.012646056711673737,1.516,-4.457,1.551,115.096,0.91653
5643,338623.03,1,0.3525971472263336,0.35937926173210144,0.18884,0.012504617683589458,1.49,-4.465,1.563,114.892,0.91779
5644,338686.97,1,0.35314100980758667,0.3545677959918976,0.18968,0.012365086004137993,1.642,-4.453,1.574,115.01,0.9171
5645,338734.87,1,0.35888639092445374,0.3368542194366455,0.19419,0.012105049565434456,1.633,-4.457,1.576,115.014,0.91636
5646,338798.8,1,0.351805180311203,0.33271369338035583,0.19867,0.012219680473208427,1.624,-4.48,1.627,114.86,0.91741
5647,338863.2,1,0.344904363155365,0.32364776730537415,0.20143,0.01212345901876688,1.749,-4.455,1.594,114.864,0.91723
5648,338927.2,1,0.3384256064891815,0.312784880399704,0.20493,0.011951065622270107,1.764,-4.472,1.564,114.825,0.91786
5649,338974.9,1,0.33105581998825073,0.3156406283378601,0.20417,0.012198465876281261,1.806,-4.497,1.53,113.958,0.92318
5650,339038.8,1,0.32155030965805054,0.3149862587451935,0.20581,0.012443283572793007,1.717,-4.541,1.472,114.023,0.9245
5651,339102.97,1,0.31671619415283203,0.31628453731536865,0.20756,0.012391170486807823,1.746,-4.554,1.473,114.046,0.92349
5652,339166.87,1,0.31839480996131897,0.3169390559196472,0.20694,0.013064887374639511,1.752,-4.593,1.461,113.947,0.92398
5653,339215.1,1,0.32239437103271484,0.3183082938194275,0.20771,0.013098587282001972,1.701,-4.617,1.471,114.033,0.92363
5654,339279.13,1,0.3252057433128357,0.3106137812137604,0.2093,0.013272201642394066,1.744,-4.577,1.494,114.017,0.92368
5655,339343.03,1,0.32525476813316345,0.3076253831386566,0.21183,0.013513917103409767,1.735,-4.552,1.576,113.935,0.92466
5656,339406.83,1,0.3206535875797272,0.30527204275131226,0.21325,0.013495570980012417,1.749,-4.553,1.616,114.049,0.92345
5657,339454.97,1,0.3176165223121643,0.30083367228507996,0.21484,0.01318709459155798,1.724,-4.546,1.613,114.046,0.92313
5658,339519.2,1,0.31383055448532104,0.29174864292144775,0.21868,0.013235596939921379,1.724,-4.52,1.586,113.958,0.92293
5659,339582.87,1,0.31182339787483215,0.29049381613731384,0.22019,0.012582343071699142,1.712,-4.543,1.603,114.067,0.92355
5660,339646.87,1,0.31030645966529846,0.28933992981910706,0.2214,0.01255047507584095,1.699,-4.593,1.625,114.035,0.9241
5661,339694.83,1,0.31401053071022034,0.2897883653640747,0.22205,0.012952969409525394,1.619,-4.628,1.647,113.948,0.92388
5662,339759.23,1,0.31014108657836914,0.2877040505409241,0.22336,0.012647002935409546,1.627,-4.64,1.646,114.042,0.92454
5663,339823.13,1,0.30921250581741333,0.28717219829559326,0.22384,0.01236714143306017,1.661,-4.626,1.637,114.051,0.92478
5664,339886.97,1,0.3095541298389435,0.285220205783844,0.2238,0.012194075621664524,1.667,-4.612,1.659,113.915,0.92492
5665,339934.83,1,0.30780282616615295,0.2840461730957031,0.22327,0.012112054042518139,1.706,-4.598,1.662,114.043,0.92524
5666,339999.07,1,0.30883410573005676,0.2834279239177704,0.223,0.011969362385571003,1.703,-4.6,1.676,114.052,0.92462
5667,340062.87,1,0.31624582409858704,0.284601628780365,0.22151,0.011679594404995441,1.698,-4.61,1.691,113.973,0.92505
5668,340126.93,1,0.315957248210907,0.28407129645347595,0.21961,0.011584937572479248,1.755,-4.585,1.728,114.216,0.92459
5669,340175.13,1,0.32494059205055237,0.2909906208515167,0.2187,0.01159941777586937,1.803,-4.553,1.754,113.956,0.92431
5670,340239.3,1,0.31639474630355835,0.28862789273262024,0.21985,0.011185877956449986,1.78,-4.523,1.756,113.976,0.92335
5671,340302.8,1,0.3066362142562866,0.28555142879486084,0.22337,0.010846600867807865,1.766,-4.492,1.739,114.091,0.9235
5672,340366.87,1,0.30345213413238525,0.28518545627593994,0.22356,0.0107734939083457,1.753,-4.468,1.742,114.075,0.92339
5673,340414.77,1,0.3044796884059906,0.28303834795951843,0.22335,0.01123047899454832,1.737,-4.503,1.727,113.986,0.92464
5674,340479.17,1,0.3042282164096832,0.28131231665611267,0.22344,0.011343085207045078,1.72,-4.502,1.731,114.097,0.92495
5675,340543.1,1,0.2998066544532776,0.2795993685722351,0.22416,0.011021982878446579,1.74,-4.501,1.702,114.09,0.92526
5676,340606.83,1,0.29879212379455566,0.279813289642334,0.22599,0.011109166778624058,1.755,-4.49,1.7,113.986,0.92578
5677,340654.83,1,0.29722610116004944,0.27873122692108154,0.22624,0.011016840115189552,1.761,-4.483,1.704,114.073,0.92548
5678,340719.2,1,0.29693305492401123,0.27625492215156555,0.22734,0.0110641960054636,1.744,-4.5,1.713,114.089,0.92514
5679,340782.9,1,0.30146920680999756,0.27549663186073303,0.22816,0.011206370778381824,1.713,-4.511,1.755,113.988,0.92487
5680,340846.73,1,0.29626235365867615,0.2710845172405243,0.23008,0.01092811394482851,1.841,-4.493,1.769,114.099,0.92436
5681,340894.9,1,0.2977604866027832,0.2724510729312897,0.22925,0.010926099494099617,1.9,-4.499,1.768,114.067,0.92429
5682,340959.1,1,0.2988937795162201,0.27386102080345154,0.22943,0.011061963625252247,2.038,-4.408,1.752,113.952,0.92364
5683,341023.07,1,0.30031922459602356,0.27572101354599,0.22877,0.01078011654317379,2.041,-4.396,1.743,114.08,0.92394
5684,341087.13,1,0.29969286918640137,0.2760942578315735,0.22901,0.010660032741725445,2.104,-4.332,1.744,114.078,0.92434
5685,341134.7,1,0.3001730144023895,0.2775198817253113,0.22895,0.01052199024707079,2.092,-4.315,1.738,114.0,0.92499
5686,341198.83,1,0.2957450747489929,0.2780671715736389,0.22829,0.010345426388084888,2.124,-4.32,1.698,114.097,0.92452
5687,341262.87,1,0.2935277223587036,0.27722257375717163,0.22957,0.010239155031740665,2.11,-4.329,1.68,114.115,0.92375
5688,341327.1,1,0.29669642448425293,0.27906444668769836,0.22885,0.010330975987017155,2.069,-4.328,1.678,114.007,0.92439
5689,341374.83,1,0.29705798625946045,0.2810675799846649,0.22756,0.010229360312223434,2.082,-4.331,1.672,114.13,0.92439
5690,341439.1,1,0.29155445098876953,0.2783387303352356,0.22803,0.009902939200401306,2.118,-4.334,1.662,114.091,0.92445
5691,341503.07,1,0.29249733686447144,0.2996707260608673,0.223,0.010332116857171059,2.296,-4.549,1.525,114.0,0.92432
5692,341567.13,1,0.3083862066268921,0.3254508078098297,0.2131,0.010455545037984848,2.287,-4.552,1.421,114.069,0.92475
5693,341614.77,1,0.3087023198604584,0.3294609487056732,0.21147,0.010240199975669384,2.414,-4.556,1.396,114.088,0.9241
5694,341678.77,1,0.31896114349365234,0.32980355620384216,0.20866,0.009711630642414093,2.525,-4.567,1.375,113.971,0.92413
5695,341743.03,1,0.31911033391952515,0.3321971893310547,0.2077,0.009573359973728657,2.521,-4.583,1.385,114.045,0.92491
5696,341806.73,1,0.31844374537467957,0.3317115902900696,0.2081,0.009381655603647232,2.601,-4.561,1.399,114.078,0.92491
5697,341854.8,1,0.3188411295413971,0.3327406048774719,0.20766,0.009301278740167618,2.643,-4.554,1.391,114.012,0.92491
5698,341918.97,1,0.3156932592391968,0.33177465200424194,0.20783,0.00933667179197073,2.69,-4.521,1.389,114.231,0.92467
5699,341983.0,1,0.3170607089996338,0.331158846616745,0.20863,0.009246950969099998,2.723,-4.541,1.374,114.022,0.9236
5700,342046.7,1,0.3153466284275055,0.33007463812828064,0.20772,0.008966105058789253,2.729,-4.557,1.371,114.022,0.92419
5701,342094.93,1,0.3154310882091522,0.33029037714004517,0.20778,0.008798956871032715,2.703,-4.569,1.39,114.128,0.92343
5702,342159.1,1,0.3112771511077881,0.3295553922653198,0.20836,0.008357209153473377,2.635,-4.565,1.403,114.139,0.92407
5703,342222.9,1,0.3156140446662903,0.33172136545181274,0.20857,0.008499151095747948,2.58,-4.595,1.408,114.078,0.92224
5704,342287.03,1,0.31549710035324097,0.3316461741924286,0.20771,0.008655414916574955,2.573,-4.612,1.394,114.154,0.92334
5705,342334.83,1,0.3094843029975891,0.3315950632095337,0.20952,0.00863785482943058,2.494,-4.668,1.396,114.132,0.92484
5706,342399.0,1,0.31033089756965637,0.33281564712524414,0.20981,0.008843737654387951,2.51,-4.671,1.363,114.016,0.92458
5707,342463.13,1,0.3097057640552521,0.33189657330513,0.20968,0.00853812787681818,2.461,-4.702,1.375,114.138,0.9239
5708,342527.13,1,0.3073487877845764,0.3346717059612274,0.21106,0.008358228951692581,2.432,-4.687,1.384,114.149,0.9245
5709,342574.67,1,0.3079604506492615,0.33541029691696167,0.2108,0.008296973071992397,2.458,-4.683,1.383,114.008,0.92338
5710,342639.27,1,0.3065814673900604,0.33349350094795227,0.21096,0.008070079609751701,2.434,-4.701,1.397,114.128,0.92341
5711,342703.03,1,0.30548399686813354,0.33266597986221313,0.21193,0.008041087538003922,2.413,-4.694,1.408,114.124,0.92367
5712,342767.23,1,0.3109976649284363,0.3369894325733185,0.21194,0.008279860951006413,2.364,-4.722,1.413,114.057,0.92435
5713,342814.67,1,0.32042279839515686,0.33285781741142273,0.21325,0.008090472780168056,2.433,-4.673,1.466,114.148,0.92374
5714,342878.7,1,0.31663137674331665,0.3250010907649994,0.21495,0.007651961874216795,2.467,-4.635,1.516,114.142,0.92412
5715,342942.97,1,0.3206171691417694,0.3112597167491913,0.21593,0.0077527849934995174,2.528,-4.604,1.484,114.035,0.92451
5716,343006.77,1,0.3199141323566437,0.3093051016330719,0.2159,0.007570622023195028,2.565,-4.564,1.514,114.176,0.92401
5717,343054.8,1,0.3164074718952179,0.30669575929641724,0.21702,0.007525190245360136,2.578,-4.557,1.52,114.13,0.92459
5718,343119.07,1,0.3083541691303253,0.30282366275787354,0.21945,0.007485659327358007,2.611,-4.517,1.535,114.062,0.92519
5719,343182.93,1,0.3092556297779083,0.29904037714004517,0.21947,0.007615272421389818,2.616,-4.488,1.526,114.148,0.92467
5720,343246.73,1,0.3065342307090759,0.29917657375335693,0.21887,0.007693001069128513,2.585,-4.444,1.555,114.148,0.92424
5721,343294.8,1,0.31076759099960327,0.2992967963218689,0.21935,0.007852660492062569,2.453,-4.464,1.563,114.015,0.92438
5722,343358.87,1,0.3119173049926758,0.31156447529792786,0.21615,0.008203561417758465,2.424,-4.476,1.559,114.129,0.92429
5723,343422.83,1,0.3069295585155487,0.33190563321113586,0.20957,0.00863769929856062,2.322,-4.535,1.533,114.115,0.9251
5724,343487.07,1,0.30228251218795776,0.33859139680862427,0.20752,0.008767986670136452,2.28,-4.653,1.539,114.023,0.9234
5725,343534.7,1,0.3077861964702606,0.3461592197418213,0.20549,0.008874278515577316,2.27,-4.701,1.506,114.099,0.92446
5726,343598.93,1,0.3150314390659332,0.3464926779270172,0.20436,0.008991945534944534,2.289,-4.692,1.471,114.119,0.92379
5727,343663.03,1,0.31619226932525635,0.34626320004463196,0.20538,0.009197477251291275,2.282,-4.713,1.46,114.016,0.92381
5728,343726.77,1,0.3065531849861145,0.3437129259109497,0.20615,0.009134704247117043,2.367,-4.601,1.428,114.243,0.92428
5729,343774.7,1,0.31357336044311523,0.34245139360427856,0.20688,0.00915792491286993,2.385,-4.522,1.403,114.004,0.92364
5730,343838.53,1,0.3132079541683197,0.3398257791996002,0.2063,0.00945800356566906,2.375,-4.534,1.386,114.012,0.92465
5731,343902.6,1,0.30575910210609436,0.3370956480503082,0.20717,0.009866233915090561,2.423,-4.533,1.396,114.134,0.92492
5732,343966.57,1,0.30273738503456116,0.33149072527885437,0.20995,0.009489227086305618,2.434,-4.532,1.387,114.138,0.92424
5733,344014.8,1,0.30754661560058594,0.33368268609046936,0.2087,0.009503068402409554,2.466,-4.556,1.388,114.025,0.92481
5734,344078.67,1,0.30799439549446106,0.3388945460319519,0.20849,0.009270142763853073,2.471,-4.642,1.374,114.132,0.92413
5735,344142.57,1,0.30889683961868286,0.33977705240249634,0.20781,0.009256085380911827,2.448,-4.646,1.372,114.13,0.92391
5736,344206.9,1,0.31005892157554626,0.3416978418827057,0.20794,0.009227936156094074,2.397,-4.687,1.358,114.003,0.92412
5737,344254.7,1,0.3269168436527252,0.3484400808811188,0.20455,0.00942759495228529,2.383,-4.651,1.405,114.1,0.92388
5738,344318.87,1,0.33652231097221375,0.34268155694007874,0.2048,0.009492144919931889,2.393,-4.6,1.469,114.098,0.92458
5739,344382.93,1,0.3380834758281708,0.3415085971355438,0.204,0.009451876394450665,2.491,-4.567,1.516,114.015,0.9232
5740,344446.7,1,0.3358438014984131,0.3371737003326416,0.20436,0.009225338697433472,2.548,-4.524,1.55,114.091,0.92351
5741,344494.63,1,0.33198192715644836,0.3337385952472687,0.20613,0.009250808507204056,2.542,-4.519,1.569,114.103,0.92453
5742,344558.83,1,0.33666059374809265,0.33001694083213806,0.20557,0.00935708824545145,2.686,-4.428,1.574,114.007,0.92378
5743,344622.83,1,0.3340732455253601,0.32435140013694763,0.20779,0.00919780321419239,2.661,-4.426,1.6,114.098,0.9228
5744,344686.83,1,0.3317708969116211,0.32069212198257446,0.2082,0.009046962484717369,2.665,-4.424,1.6,114.087,0.92446
5745,344734.63,1,0.3322840929031372,0.3198770582675934,0.20938,0.008897059597074986,2.645,-4.427,1.584,113.996,0.92348
5746,344798.77,1,0.32827308773994446,0.31557151675224304,0.2116,0.008608639240264893,2.609,-4.442,1.596,114.111,0.92385
5747,344862.7,1,0.3266870975494385,0.31211814284324646,0.2122,0.008736471645534039,2.581,-4.43,1.587,114.099,0.92348
5748,344926.8,1,0.3306645154953003,0.3124787509441376,0.21236,0.008770539425313473,2.542,-4.437,1.593,113.99,0.92535
5749,344974.7,1,0.32984358072280884,0.3107605576515198,0.21317,0.008794208988547325,2.518,-4.456,1.597,114.088,0.92518
5750,345039.03,1,0.32537785172462463,0.3081853985786438,0.21341,0.008582084439694881,2.526,-4.49,1.615,114.104,0.92355
5751,345102.87,1,0.3203638792037964,0.3067586123943329,0.21728,0.008878851309418678,2.411,-4.538,1.642,113.976,0.92399
5752,345166.9,1,0.31696248054504395,0.3060629963874817,0.21704,0.008968858979642391,2.427,-4.558,1.668,114.078,0.92358
5753,345214.57,1,0.3141983151435852,0.3047294318675995,0.21732,0.008988579735159874,2.437,-4.537,1.659,114.101,0.92426
5754,345278.57,1,0.31702420115470886,0.30412501096725464,0.21773,0.009485090151429176,2.454,-4.551,1.641,113.99,0.92404
5755,345342.6,1,0.3148135542869568,0.30142804980278015,0.21816,0.009520147927105427,2.443,-4.504,1.66,114.072,0.92316
5756,345407.13,1,0.31429851055145264,0.30078157782554626,0.21795,0.009271552786231041,2.454,-4.478,1.665,114.057,0.92435
5757,345454.6,1,0.31104016304016113,0.2969047427177429,0.21951,0.009230760857462883,2.461,-4.45,1.658,113.974,0.92409
5758,345518.6,1,0.30786362290382385,0.29311224818229675,0.2206,0.009151119738817215,2.431,-4.446,1.643,114.22,0.92369
5759,345582.9,1,0.30666428804397583,0.29048317670822144,0.22125,0.009155738167464733,2.51,-4.401,1.63,113.996,0.92416
5760,345646.83,1,0.30276983976364136,0.2889113426208496,0.22187,0.008810884319245815,2.531,-4.415,1.626,113.985,0.92451
5761,345694.57,1,0.29895734786987305,0.28723809123039246,0.22207,0.00878893956542015,2.527,-4.424,1.629,114.073,0.9239
5762,345758.7,1,0.5982997417449951,0.578137218952179,0.07487,0.011990787461400032,2.452,-4.442,1.459,114.123,0.92331
5763,345822.8,1,0.6388428211212158,0.6233283877372742,0.04959,0.011438352055847645,2.486,-4.474,1.52,114.017,0.92274
5764,345886.93,1,0.5999529361724854,0.5857813358306885,0.06088,0.011342239566147327,2.514,-4.556,1.583,114.106,0.92255
5765,345934.6,1,0.5205806493759155,0.5081901550292969,0.09581,0.011074918322265148,2.455,-4.556,1.639,114.104,0.92335
5766,345998.67,1,0.45160093903541565,0.4322114586830139,0.13086,0.010393505915999413,2.384,-4.552,1.669,114.014,0.92359
5767,346062.83,1,0.4153728783130646,0.37882208824157715,0.15187,0.010181659832596779,2.391,-4.555,1.676,114.063,0.92365
5768,346126.63,1,0.3750731945037842,0.3525422215461731,0.17191,0.010027374140918255,2.384,-4.556,1.708,114.062,0.92258
5769,346174.57,1,0.346635103225708,0.33669519424438477,0.18482,0.009893672540783882,2.365,-4.596,1.733,113.96,0.92425
5770,346238.83,1,0.3349444568157196,0.31637048721313477,0.19559,0.00942282099276781,2.377,-4.583,1.707,114.035,0.92436
5771,346302.83,1,0.3256124258041382,0.31021416187286377,0.20288,0.009287513792514801,2.371,-4.564,1.726,114.027,0.9243
5772,346367.1,1,0.3192199170589447,0.302888423204422,0.2073,0.009495134465396404,2.372,-4.542,1.688,113.92,0.92411
5773,346414.6,1,0.31777438521385193,0.2969609797000885,0.2095,0.009509596042335033,2.403,-4.507,1.681,114.026,0.92496
5774,346478.57,1,0.3157947361469269,0.2915266752243042,0.21183,0.009459308348596096,2.461,-4.502,1.679,114.032,0.92412
5775,346542.53,1,0.31200525164604187,0.2875441312789917,0.21563,0.009313422255218029,2.407,-4.491,1.689,113.917,0.92414
5776,346607.0,1,0.3133978843688965,0.28923067450523376,0.21592,0.009234970435500145,2.396,-4.465,1.673,114.022,0.92342
5777,346654.63,1,0.30966898798942566,0.28677845001220703,0.21779,0.009151137433946133,2.406,-4.446,1.68,113.992,0.92527
5778,346718.93,1,0.31024500727653503,0.28588810563087463,0.21814,0.009013884700834751,2.391,-4.443,1.687,113.916,0.92322
5779,346782.8,1,0.30917686223983765,0.28372088074684143,0.21969,0.008913162164390087,2.378,-4.444,1.7,113.987,0.92494
5780,346846.97,1,0.30873456597328186,0.2819990813732147,0.22057,0.008888271637260914,2.367,-4.469,1.676,113.983,0.92455
5781,346894.57,1,0.3110823631286621,0.2817685604095459,0.22079,0.009167850948870182,2.332,-4.541,1.675,113.894,0.92402
5782,346958.47,1,0.3092714548110962,0.2833586037158966,0.2208,0.009093863889575005,2.374,-4.569,1.681,113.977,0.92434
5783,347022.8,1,0.30908551812171936,0.28338897228240967,0.22066,0.00915357656776905,2.38,-4.56,1.677,113.991,0.92461
5784,347086.57,1,0.3066942095756531,0.2843119502067566,0.22232,0.00911388173699379,2.376,-4.545,1.695,113.904,0.92463
5785,347134.9,1,0.30437159538269043,0.2847726047039032,0.22275,0.009237810969352722,2.394,-4.526,1.672,113.988,0.92385
5786,347198.87,1,0.30286362767219543,0.28406715393066406,0.22327,0.00923263281583786,2.403,-4.517,1.678,113.997,0.92362
5787,347262.9,1,0.30255642533302307,0.2834884524345398,0.22563,0.009206238202750683,2.338,-4.533,1.721,113.884,0.92448
5788,347326.67,1,0.2997569143772125,0.28303658962249756,0.22514,0.009348783642053604,2.389,-4.505,1.702,114.095,0.92463
5789,347374.6,1,0.3015064597129822,0.28414952754974365,0.22502,0.009313272312283516,2.484,-4.5,1.687,113.85,0.92488
5790,347439.03,1,0.3063870668411255,0.2850382328033447,0.22283,0.009458405897021294,2.494,-4.475,1.691,113.866,0.92476
5791,347502.53,1,0.300067663192749,0.2821592092514038,0.22483,0.009332350455224514,2.494,-4.434,1.68,113.951,0.92553
5792,347566.87,1,0.29715314507484436,0.28083521127700806,0.226,0.009347726590931416,2.436,-4.395,1.671,113.96,0.92525
5793,347614.53,1,0.29682353138923645,0.2811482846736908,0.22647,0.009624038822948933,2.387,-4.454,1.646,113.873,0.92407
5794,347678.73,1,0.29776331782341003,0.2822549641132355,0.22609,0.009629931300878525,2.359,-4.456,1.657,113.974,0.92433
5795,347742.73,1,0.2984028458595276,0.28143271803855896,0.22598,0.009660093113780022,2.412,-4.475,1.656,113.998,0.92505
5796,347806.57,1,0.30272701382637024,0.28477489948272705,0.22471,0.010164028964936733,2.407,-4.446,1.616,113.957,0.9231
5797,347854.67,1,0.30290156602859497,0.2851288318634033,0.22401,0.010144876316189766,2.423,-4.455,1.625,114.055,0.92324
5798,347919.07,1,0.30397745966911316,0.2844116687774658,0.22405,0.010041134431958199,2.435,-4.47,1.634,114.013,0.9243
5799,347982.83,1,0.302600622177124,0.28628626465797424,0.22444,0.01004492212086916,2.402,-4.502,1.632,113.918,0.92501
5800,348046.87,1,0.3025355935096741,0.28891754150390625,0.2222,0.009861168451607227,2.533,-4.503,1.62,114.027,0.92471
5801,348094.63,1,0.3023204505443573,0.28797754645347595,0.22273,0.009636363945901394,2.508,-4.51,1.639,114.011,0.92504
5802,348158.93,1,0.3048814535140991,0.28718286752700806,0.22292,0.00994107872247696,2.493,-4.516,1.644,113.922,0.92584
5803,348222.57,1,0.3036721646785736,0.2856956124305725,0.2234,0.010016937740147114,2.482,-4.521,1.638,114.01,0.92594
5804,348286.97,1,0.3038308024406433,0.28458335995674133,0.2236,0.009769316762685776,2.487,-4.517,1.626,113.972,0.92602
5805,348334.67,1,0.3061060309410095,0.2813943028450012,0.22476,0.009770644828677177,2.473,-4.514,1.619,113.914,0.92458
5806,348398.87,1,0.3026747703552246,0.28001612424850464,0.2253,0.009347174316644669,2.491,-4.496,1.631,114.012,0.92475
5807,348462.93,1,0.30158841609954834,0.2798117697238922,0.22568,0.009224540553987026,2.488,-4.49,1.627,113.996,0.92456
5808,348526.93,1,0.30333730578422546,0.2805790901184082,0.22553,0.009053463116288185,2.491,-4.505,1.624,113.912,0.9238
5809,348575.07,1,0.30331292748451233,0.2806204855442047,0.22503,0.008817470632493496,2.484,-4.512,1.633,114.039,0.92391
5810,348638.7,1,0.303173691034317,0.28046560287475586,0.22526,0.008892443031072617,2.477,-4.519,1.646,114.023,0.92381
5811,348702.83,1,0.3069134056568146,0.28520992398262024,0.22263,0.008660760708153248,2.462,-4.553,1.662,113.937,0.92386
5812,348766.97,1,0.3015992045402527,0.2841154634952545,0.22272,0.00851490069180727,2.436,-4.566,1.656,114.039,0.92416
5813,348814.63,1,0.2924357056617737,0.2829646170139313,0.22619,0.008463247679173946,2.433,-4.574,1.682,113.997,0.92441
5814,348878.53,1,0.29495111107826233,0.2846808135509491,0.22501,0.008733900263905525,2.433,-4.561,1.692,113.92,0.92388
5815,348942.63,1,0.2946467101573944,0.2837933301925659,0.22479,0.008813919499516487,2.455,-4.531,1.705,114.002,0.92459
5816,349006.57,1,0.2933049201965332,0.28095677495002747,0.22552,0.00880722887814045,2.425,-4.509,1.722,113.997,0.92484
5817,349054.7,1,0.2938718795776367,0.27835753560066223,0.22596,0.008899053558707237,2.496,-4.465,1.711,113.948,0.92317
5818,349119.13,1,0.291626900434494,0.2795691192150116,0.22571,0.008675371296703815,2.545,-4.431,1.707,114.177,0.9233
5819,349182.9,1,0.2940337359905243,0.27888134121894836,0.22604,0.008489424362778664,2.549,-4.421,1.722,113.866,0.92537
5820,349247.13,1,0.2892291247844696,0.2777331471443176,0.22749,0.008721956983208656,2.501,-4.399,1.723,113.889,0.92374
5821,349294.7,1,0.2855021357536316,0.27500927448272705,0.22905,0.008364040404558182,2.512,-4.395,1.713,113.94,0.92573
5822,349358.67,1,0.2811439633369446,0.2730623781681061,0.22989,0.008363660424947739,2.538,-4.38,1.681,113.972,0.92384
5823,349422.73,1,0.2817704975605011,0.2713700830936432,0.22949,0.00821982603520155,2.578,-4.391,1.716,113.946,0.92585
5824,349486.87,1,0.5831575393676758,0.5665985941886902,0.07977,0.012011486105620861,2.426,-4.407,1.504,113.992,0.92446
5825,349534.67,1,0.7138023972511292,0.6585448384284973,0.03159,0.01163081917911768,2.402,-4.373,1.474,113.996,0.92483
5826,349598.9,1,0.6436496376991272,0.6198264360427856,0.04509,0.011024124920368195,2.432,-4.357,1.5,113.941,0.92421
5827,349663.0,1,0.6272513270378113,0.5918159484863281,0.05225,0.011391302570700645,2.372,-4.357,1.554,113.969,0.92478
5828,349727.07,1,0.6046796441078186,0.5927008986473083,0.05783,0.011323454789817333,2.334,-4.367,1.599,113.985,0.92404
5829,349774.63,1,0.5409055948257446,0.572249710559845,0.07552,0.011624707840383053,2.31,-4.385,1.692,113.947,0.92329
5830,349838.77,1,0.5006086826324463,0.5339720249176025,0.09433,0.011373101733624935,2.266,-4.406,1.692,114.016,0.92355
5831,349902.63,1,0.4301014840602875,0.5047532320022583,0.11832,0.01111630816012621,2.265,-4.424,1.741,113.991,0.92239
5832,349966.97,1,0.4151059687137604,0.47238779067993164,0.13072,0.010659308172762394,2.271,-4.385,1.755,113.992,0.92302
5833,350015.0,1,0.4117237627506256,0.4603404998779297,0.13552,0.010436641983687878,2.242,-4.402,1.751,114.034,0.92193
5834,350079.13,1,0.39192700386047363,0.43838587403297424,0.14772,0.010384956374764442,2.268,-4.4,1.737,114.035,0.9233
5835,350142.7,1,0.38242608308792114,0.4226933717727661,0.15725,0.010783763602375984,2.259,-4.406,1.683,113.923,0.92218
5836,350206.7,1,0.38081660866737366,0.4186915457248688,0.15992,0.010681034065783024,2.265,-4.411,1.67,114.022,0.92243
5837,350255.07,1,0.3694854974746704,0.408204585313797,0.16576,0.01037425547838211,2.241,-4.453,1.635,114.028,0.92308
5838,350318.97,1,0.36728188395500183,0.3986421525478363,0.17107,0.010593285784125328,2.241,-4.506,1.647,113.932,0.92238
5839,350383.0,1,0.36363011598587036,0.39439657330513,0.17226,0.010405058041214943,2.255,-4.518,1.645,114.077,0.92274
5840,350447.2,1,0.3590851426124573,0.38352707028388977,0.17675,0.010148865170776844,2.259,-4.568,1.626,114.052,0.92273
5841,350494.67,1,0.3545037806034088,0.3774743974208832,0.18085,0.0102394362911582,2.253,-4.566,1.605,113.987,0.92246
5842,350559.17,1,0.34886986017227173,0.3692454993724823,0.18393,0.010018781758844852,2.211,-4.571,1.55,114.093,0.9224
5843,350622.87,1,0.3488771319389343,0.36010441184043884,0.18636,0.010060985572636127,2.192,-4.594,1.514,114.073,0.92291
5844,350686.7,1,0.3434756398200989,0.358635812997818,0.18837,0.009764409624040127,2.194,-4.581,1.505,114.006,0.92317
5845,350735.17,1,0.3302398920059204,0.35468408465385437,0.19267,0.009311988018453121,2.252,-4.555,1.491,114.01,0.92287
5846,350799.0,1,0.33078116178512573,0.3548412621021271,0.19398,0.009383508004248142,2.29,-4.53,1.439,114.0,0.92273
5847,350863.0,1,0.33032894134521484,0.3480323255062103,0.19745,0.009542908519506454,2.37,-4.53,1.426,113.95,0.92327
5848,350926.8,1,0.3251112699508667,0.34690406918525696,0.19895,0.009237755089998245,2.394,-4.534,1.436,114.117,0.92338
5849,350974.73,1,0.32166171073913574,0.3441925644874573,0.20004,0.00933089666068554,2.418,-4.504,1.443,113.971,0.92306
5850,351038.97,1,0.3255883753299713,0.34051623940467834,0.20094,0.00952137541025877,2.368,-4.526,1.445,113.961,0.92292
5851,351103.07,1,0.3617747128009796,0.38384538888931274,0.1759,0.01079525612294674,2.263,-4.586,1.493,114.053,0.92407
5852,351167.1,1,0.7060603499412537,0.634013295173645,0.03731,0.011970647610723972,1.899,-4.526,1.47,114.112,0.92426
5853,351214.7,1,0.7489173412322998,0.667144775390625,0.02229,0.011256066150963306,1.92,-4.419,1.49,113.993,0.92439
5854,351279.17,1,0.6945552229881287,0.6428429484367371,0.02742,0.01053448673337698,2.002,-4.419,1.612,114.08,0.92443
5855,351342.73,1,0.6674766540527344,0.6311825513839722,0.0322,0.0109703429043293,2.053,-4.428,1.676,114.052,0.9244
5856,351407.03,1,0.5629643201828003,0.556968092918396,0.07067,0.010498929768800735,2.197,-4.439,1.789,113.969,0.92352
5857,351454.9,1,0.47176069021224976,0.44544896483421326,0.1167,0.010017654858529568,2.192,-4.486,1.852,114.05,0.92436
5858,351518.8,1,0.39306533336639404,0.3787245750427246,0.15104,0.009602774865925312,2.327,-4.462,1.863,114.025,0.92384
5859,351583.03,1,0.35634419322013855,0.3382313549518585,0.1745,0.00942682009190321,2.349,-4.506,1.846,113.956,0.92357
5860,351647.07,1,0.348707377910614,0.33308956027030945,0.18111,0.0094686234369874,2.324,-4.482,1.818,114.044,0.9242
5861,351694.8,1,0.3425784111022949,0.33182650804519653,0.185,0.009358763694763184,2.32,-4.482,1.818,114.031,0.92388
5862,351759.03,1,0.3444657325744629,0.33348363637924194,0.18743,0.009691194631159306,2.34,-4.483,1.806,113.963,0.92253
5863,351822.77,1,0.33887118101119995,0.3305659294128418,0.19105,0.009750996716320515,2.396,-4.453,1.787,114.066,0.92336
5864,351886.77,1,0.3353804647922516,0.32636475563049316,0.19622,0.009526021778583527,2.391,-4.445,1.794,114.05,0.92325
5865,351934.73,1,0.32555854320526123,0.321708083152771,0.20184,0.00982240866869688,2.412,-4.457,1.798,113.965,0.92355
5866,351998.77,1,0.32451102137565613,0.32019710540771484,0.20301,0.009793092496693134,2.47,-4.423,1.782,114.064,0.92338
5867,352063.07,1,0.3226448595523834,0.31894421577453613,0.20441,0.00975417997688055,2.415,-4.464,1.773,114.049,0.92339
5868,352127.07,1,0.325604647397995,0.320713073015213,0.20386,0.009837609715759754,2.423,-4.47,1.754,113.947,0.92336
5869,352174.77,1,0.32159948348999023,0.3180282711982727,0.20557,0.009600904770195484,2.414,-4.478,1.75,114.035,0.92391
5870,352238.7,1,0.3214980363845825,0.31470102071762085,0.20722,0.009603364393115044,2.41,-4.484,1.764,114.044,0.92354
5871,352302.6,1,0.32504501938819885,0.3101693093776703,0.20992,0.009713576175272465,2.401,-4.463,1.752,113.935,0.92341
5872,352366.77,1,0.31691300868988037,0.3035539984703064,0.2133,0.009790901094675064,2.416,-4.473,1.74,114.036,0.92402
5873,352414.7,1,0.3150259256362915,0.3029783070087433,0.21294,0.00958564318716526,2.415,-4.47,1.734,114.071,0.92305
5874,352479.03,1,0.3161391615867615,0.30198734998703003,0.21209,0.009396570734679699,2.429,-4.504,1.771,113.928,0.92331
5875,352543.07,1,0.3132498562335968,0.29823601245880127,0.21285,0.009233065880835056,2.489,-4.477,1.759,114.046,0.92455
5876,352607.27,1,0.3074951171875,0.2965930998325348,0.21483,0.009183847345411777,2.535,-4.456,1.737,114.016,0.92455
5877,352654.8,1,0.3089344799518585,0.29811105132102966,0.21671,0.009427527897059917,2.544,-4.459,1.75,113.942,0.92406
5878,352718.77,1,0.5740349292755127,0.5749859809875488,0.07977,0.012769981287419796,2.476,-4.315,1.574,114.193,0.92397
5879,352782.97,1,0.6462066173553467,0.6053774356842041,0.05183,0.011881766840815544,2.505,-4.306,1.556,113.992,0.9219
5880,352846.7,1,0.6075796484947205,0.5761340856552124,0.06276,0.011350349523127079,2.442,-4.399,1.683,113.943,0.92317
5881,352894.67,1,0.5746339559555054,0.5426095724105835,0.07805,0.011082653887569904,2.476,-4.411,1.762,114.058,0.92261
5882,352959.1,1,0.48159271478652954,0.48510926961898804,0.11096,0.010698995552957058,2.517,-4.42,1.822,114.024,0.92365
5883,353022.57,1,0.41632235050201416,0.41982796788215637,0.14103,0.010493477806448936,2.585,-4.465,1.835,113.941,0.92331
5884,353086.7,1,0.40108489990234375,0.4024113416671753,0.15019,0.0105807576328516,2.652,-4.484,1.81,114.041,0.92368
5885,353134.77,1,0.37173646688461304,0.38424262404441833,0.16669,0.010772249661386013,2.598,-4.505,1.822,114.018,0.92346
5886,353199.03,1,0.36756059527397156,0.3566978871822357,0.17884,0.0112043721601367,2.529,-4.509,1.753,113.931,0.92339
5887,353263.07,1,0.36380040645599365,0.3516894578933716,0.18281,0.011063355952501297,2.518,-4.495,1.728,114.016,0.92364
5888,353326.87,1,0.42272695899009705,0.4390474557876587,0.14539,0.01261468231678009,2.53,-4.485,1.678,114.011,0.92387
5889,353374.8,1,0.5416754484176636,0.5387364029884338,0.0908,0.014919708482921124,2.537,-4.467,1.68,113.959,0.924
5890,353439.07,1,0.6122117042541504,0.5978181958198547,0.05777,0.01564754731953144,2.56,-4.41,1.644,114.081,0.92353
5891,353502.83,1,0.6102811098098755,0.6240909099578857,0.05016,0.015377907082438469,2.582,-4.423,1.67,114.079,0.92403
5892,353566.6,1,0.602176308631897,0.6174570918083191,0.0506,0.015576707199215889,2.7,-4.4,1.668,113.986,0.92411
5893,353614.63,1,0.6108959913253784,0.6139955520629883,0.04865,0.014944011345505714,2.726,-4.395,1.647,114.119,0.92331
5894,353679.03,1,0.6194796562194824,0.6120356917381287,0.04721,0.015037612989544868,2.715,-4.397,1.65,114.118,0.92366
5895,353742.73,1,0.635063648223877,0.6136929988861084,0.04338,0.01496131531894207,2.799,-4.415,1.604,113.979,0.92387
5896,353807.0,1,0.6842808723449707,0.6353431344032288,0.03269,0.014635070227086544,2.635,-4.469,1.57,114.096,0.92413
5897,353854.8,1,0.6871360540390015,0.6347962617874146,0.03216,0.014018085785210133,2.772,-4.411,1.573,114.139,0.92362
5898,353918.7,1,0.5699223279953003,0.5776543617248535,0.06117,0.013233192265033722,2.971,-4.445,1.631,114.031,0.92407
5899,353982.93,1,0.42424190044403076,0.42511001229286194,0.13261,0.011852544732391834,2.881,-4.512,1.666,114.075,0.92471
5900,354046.6,1,0.34282147884368896,0.3482697606086731,0.17713,0.010047107003629208,2.781,-4.523,1.659,114.069,0.9241
5901,354094.6,1,0.33577755093574524,0.3327270746231079,0.19171,0.009494418278336525,2.703,-4.551,1.69,114.009,0.92306
5902,354158.6,1,0.323315292596817,0.3313073515892029,0.19897,0.009451429359614849,2.627,-4.588,1.721,114.084,0.92402
5903,354222.6,1,0.3125591278076172,0.3052600622177124,0.20791,0.00962223019450903,2.564,-4.59,1.717,114.097,0.92377
5904,354286.6,1,0.30951687693595886,0.3063185214996338,0.21258,0.009710347279906273,2.475,-4.634,1.727,113.99,0.92377
5905,354334.7,1,0.31129640340805054,0.3083871603012085,0.21306,0.009536834433674812,2.462,-4.589,1.699,114.087,0.92347
5906,354398.93,1,0.3113824725151062,0.305992990732193,0.21482,0.009311143308877945,2.432,-4.585,1.673,114.078,0.92435
5907,354462.97,1,0.31400272250175476,0.30671805143356323,0.21436,0.008901648223400116,2.421,-4.599,1.681,114.002,0.92443
5908,354526.97,1,0.30789127945899963,0.30508846044540405,0.21595,0.008611200377345085,2.416,-4.595,1.669,114.225,0.92412
5909,354574.63,1,0.30875128507614136,0.30480802059173584,0.21658,0.008674903772771358,2.404,-4.598,1.662,113.994,0.92443
5910,354638.83,1,0.31591928005218506,0.305194616317749,0.21451,0.009039412252604961,2.463,-4.561,1.649,113.946,0.92388
5911,354702.53,1,0.3119535446166992,0.30398911237716675,0.21602,0.009268341585993767,2.448,-4.571,1.652,114.045,0.92387
5912,354766.57,1,0.31013983488082886,0.3027055263519287,0.21695,0.009272849187254906,2.443,-4.546,1.67,114.04,0.92307
5913,354814.53,1,0.3116397559642792,0.303556352853775,0.21813,0.009345493279397488,2.474,-4.573,1.694,113.954,0.9241
5914,354878.93,1,0.3135468065738678,0.3023715317249298,0.21794,0.009228873997926712,2.504,-4.567,1.729,114.026,0.92455
5915,354942.87,1,0.3131459057331085,0.3016902208328247,0.21761,0.009161149151623249,2.586,-4.542,1.742,114.05,0.92357
5916,355006.47,1,0.3159864842891693,0.30267831683158875,0.21713,0.009384453296661377,2.649,-4.536,1.767,113.906,0.92441
5917,355054.67,1,0.3125801682472229,0.299445778131485,0.21684,0.009217565879225731,2.682,-4.529,1.816,114.16,0.92314
5918,355118.9,1,0.38399046659469604,0.397902250289917,0.17473,0.010336642153561115,2.688,-4.519,1.824,114.683,0.92058
5919,355182.8,1,0.6796622276306152,0.6433720588684082,0.04106,0.011797938495874405,2.294,-4.454,1.616,114.73,0.92058
5920,355246.87,1,0.6816310882568359,0.6642672419548035,0.0324,0.012537498027086258,2.453,-4.316,1.544,114.834,0.9192
5921,355294.57,1,0.6254619359970093,0.6390818357467651,0.0419,0.015314290300011635,2.638,-4.245,1.495,114.789,0.9196
5922,355358.53,1,0.4749802052974701,0.5278382301330566,0.09371,0.017404688522219658,2.749,-4.345,1.613,114.674,0.91907
5923,355422.87,1,0.36863836646080017,0.4272654056549072,0.14261,0.015692878514528275,2.615,-4.409,1.643,114.735,0.91859
5924,355486.73,1,0.36151716113090515,0.418751984834671,0.14937,0.018551921471953392,2.512,-4.407,1.635,114.687,0.92098
5925,355534.53,1,0.3380659222602844,0.4129255712032318,0.15601,0.021755706518888474,2.507,-4.395,1.613,114.583,0.91896
5926,355598.67,1,0.3195304274559021,0.38034141063690186,0.1692,0.018779968842864037,2.35,-4.371,1.574,114.68,0.91957
5927,355662.93,1,0.3142956793308258,0.36897069215774536,0.17567,0.01505102589726448,2.26,-4.413,1.565,114.706,0.92025
5928,355726.7,1,0.30951330065727234,0.3548227548599243,0.18326,0.01231260597705841,2.407,-4.372,1.543,114.643,0.91997
5929,355774.63,1,0.30665674805641174,0.3429090082645416,0.1914,0.01061861403286457,2.454,-4.377,1.561,114.746,0.91983
5930,355838.67,1,0.2977144122123718,0.3328200578689575,0.20109,0.009380046278238297,2.583,-4.398,1.54,114.733,0.91987
5931,355902.83,1,0.3084648549556732,0.3321806788444519,0.20035,0.009282377548515797,2.662,-4.401,1.551,114.638,0.91979
5932,355966.67,1,0.31069713830947876,0.332658976316452,0.2004,0.008789503946900368,2.802,-4.382,1.552,114.736,0.91906
5933,356014.6,1,0.3112226128578186,0.33155354857444763,0.20104,0.008665005676448345,2.921,-4.351,1.579,114.746,0.91974
5934,356078.7,1,0.3059244751930237,0.3267004191875458,0.2048,0.00805577076971531,3.084,-4.238,1.593,114.667,0.91959
5935,356142.5,1,0.31380051374435425,0.32947781682014465,0.20088,0.008217261172831059,3.168,-4.17,1.592,114.933,0.91792
5936,356206.6,1,0.3184606730937958,0.3176461160182953,0.20245,0.0075756642036139965,3.228,-4.121,1.63,114.96,0.91796
5937,356254.67,1,0.32225653529167175,0.3083127737045288,0.20703,0.007735418155789375,3.202,-4.074,1.587,115.607,0.91286
5938,356318.87,1,0.322123259305954,0.3063076436519623,0.20772,0.0074955252930521965,3.192,-4.085,1.526,115.848,0.91291
5939,356382.57,1,0.3210282623767853,0.3056671619415283,0.2103,0.007616275455802679,3.146,-4.079,1.549,115.647,0.91309
5940,356446.97,1,0.32846561074256897,0.30700644850730896,0.20589,0.008334631100296974,3.168,-4.07,1.603,115.623,0.91182
5941,356494.63,1,0.3246352970600128,0.30488690733909607,0.20699,0.008320128545165062,3.182,-4.077,1.617,115.675,0.91172
5942,356558.83,1,0.3193108141422272,0.301584929227829,0.20924,0.008555769920349121,3.056,-4.06,1.59,115.681,0.91102
5943,356622.57,1,0.32791951298713684,0.3092794716358185,0.20925,0.009132788516581059,2.972,-4.05,1.586,115.595,0.91089
5944,356686.7,1,0.33664390444755554,0.31654125452041626,0.20728,0.008873132057487965,2.765,-4.022,1.583,115.714,0.91173
5945,356734.5,1,0.33330535888671875,0.3182249367237091,0.20978,0.009451492689549923,2.382,-3.927,1.579,115.809,0.91229
5946,356798.53,1,0.33918440341949463,0.3256545960903168,0.21105,0.009218650870025158,2.031,-3.847,1.556,115.691,0.91147
5947,356862.5,1,0.7101906538009644,0.6262977719306946,0.04774,0.0120944082736969,1.694,-3.713,1.188,115.866,0.91261
5948,356926.5,1,0.7151577472686768,0.6288864612579346,0.03543,0.00982366781681776,1.63,-3.606,1.13,115.821,0.91226
5949,356974.53,1,0.7018837928771973,0.6344548463821411,0.03872,0.010030725970864296,1.678,-3.536,1.121,115.689,0.91264
5950,357038.47,1,0.5008827447891235,0.5315839052200317,0.10338,0.010111275129020214,1.681,-3.573,1.202,115.766,0.91214
5951,357102.53,1,0.41591787338256836,0.46249884366989136,0.14277,0.010251481086015701,1.716,-3.554,1.23,115.765,0.91156
5952,357166.73,1,0.39386269450187683,0.432207316160202,0.16474,0.010627302341163158,1.83,-3.627,1.354,115.612,0.91193
5953,357214.6,1,0.3548834025859833,0.3890342712402344,0.18098,0.008804681710898876,2.15,-3.701,1.482,115.759,0.91155
5954,357279.03,1,0.3483961820602417,0.3458887040615082,0.19478,0.008439017459750175,2.359,-3.82,1.695,115.699,0.91175
5955,357342.47,1,0.3483019769191742,0.3357076048851013,0.19816,0.008836565539240837,2.44,-3.983,1.741,115.622,0.91164
5956,357406.93,1,0.33869677782058716,0.3246551752090454,0.20349,0.00805372092872858,2.466,-3.988,1.783,115.769,0.91108
5957,357454.57,1,0.32849493622779846,0.30667608976364136,0.20873,0.007432762533426285,2.44,-3.973,1.773,115.828,0.9109
5958,357518.63,1,0.32651546597480774,0.28890952467918396,0.21559,0.007913193665444851,2.386,-3.954,1.689,115.733,0.91073
5959,357582.5,1,0.31514793634414673,0.2864905297756195,0.22101,0.007958199828863144,2.013,-3.851,1.595,115.827,0.91278
5960,357646.47,1,0.3149124085903168,0.2892865538597107,0.22085,0.008757616393268108,1.927,-3.868,1.556,115.825,0.91245
5961,357694.5,1,0.32211431860923767,0.29617753624916077,0.21898,0.00858961883932352,1.984,-3.839,1.488,115.715,0.91309
5962,357758.47,1,0.3193649351596832,0.3009222745895386,0.21968,0.008015611208975315,2.034,-3.807,1.456,115.79,0.91291
5963,357822.77,1,0.3140331208705902,0.30076131224632263,0.21894,0.007895630784332752,2.046,-3.782,1.453,115.806,0.91247
5964,357886.5,1,0.3183995187282562,0.304576575756073,0.21769,0.008333751931786537,2.019,-3.768,1.489,115.713,0.9118
5965,357934.5,1,0.31731122732162476,0.3039044141769409,0.21757,0.008313195779919624,2.018,-3.779,1.488,115.812,0.91183
5966,357998.67,1,0.3129349946975708,0.3034552037715912,0.21822,0.0077307382598519325,1.99,-3.794,1.486,115.794,0.9117
5967,358062.8,1,0.320246160030365,0.306110680103302,0.21814,0.00804374273866415,1.965,-3.889,1.539,115.728,0.91119
5968,358126.93,1,0.33034995198249817,0.3166334331035614,0.21125,0.008202052675187588,1.975,-3.916,1.565,115.915,0.91282
5969,358174.43,1,0.33209455013275146,0.31331029534339905,0.21116,0.008386604487895966,1.966,-3.927,1.553,115.711,0.91317
5970,358238.67,1,0.3358422517776489,0.3306829333305359,0.20548,0.008698570542037487,1.995,-3.956,1.52,115.66,0.91371
5971,358302.43,1,0.3266867399215698,0.3265250623226166,0.20573,0.008321600966155529,2.023,-3.982,1.528,115.721,0.91258
5972,358366.77,1,0.3235577940940857,0.32109519839286804,0.20725,0.00834713876247406,2.068,-4.025,1.52,115.743,0.9129
5973,358414.83,1,0.3270244002342224,0.31991252303123474,0.20706,0.00852792989462614,1.994,-4.037,1.547,115.718,0.91244
5974,358479.0,1,0.31852152943611145,0.3158719837665558,0.20834,0.008612518198788166,1.961,-4.016,1.529,115.748,0.91299
5975,358542.77,1,0.5398788452148438,0.5530283451080322,0.09555,0.011458146385848522,1.753,-4.089,1.463,115.78,0.91152
5976,358606.43,1,0.7142634391784668,0.6745093464851379,0.0286,0.010963873006403446,1.46,-4.1,1.426,115.736,0.91352
5977,358654.53,1,0.6570026874542236,0.633569598197937,0.03617,0.010232352651655674,1.728,-4.046,1.463,115.774,0.9124
5978,358718.83,1,0.5818506479263306,0.6154110431671143,0.05447,0.00977527815848589,1.885,-4.02,1.522,115.77,0.9127
5979,358782.67,1,0.42545974254608154,0.5069922208786011,0.11281,0.009057327173650265,1.876,-4.014,1.588,115.734,0.91199
5980,358846.37,1,0.35842204093933105,0.4138619601726532,0.15303,0.008550109341740608,1.844,-4.087,1.588,115.647,0.91824
5981,358894.43,1,0.3526484966278076,0.3843153715133667,0.16479,0.00842768419533968,1.88,-4.105,1.588,115.631,0.91913
5982,358958.53,1,0.3265264630317688,0.34278741478919983,0.1865,0.008008758537471294,1.686,-4.229,1.569,114.978,0.94523
5983,359022.4,1,0.3274528384208679,0.3399788439273834,0.18971,0.008310001343488693,1.518,-4.236,1.54,114.996,0.94686
5984,359086.57,1,0.33062803745269775,0.3387683629989624,0.1942,0.008403928950428963,1.487,-4.232,1.557,115.03,0.94604
5985,359134.47,1,0.3395810127258301,0.3366750180721283,0.19599,0.008729166351258755,1.408,-4.202,1.585,114.734,0.95397
5986,359198.63,1,0.3368927836418152,0.33553192019462585,0.19749,0.008803321048617363,1.4,-4.18,1.575,114.813,0.95464
5987,359262.5,1,0.33051207661628723,0.32980602979660034,0.20136,0.00882088951766491,1.408,-4.188,1.571,114.824,0.95328
5988,359326.97,1,0.3290768265724182,0.3308643102645874,0.20381,0.009101363830268383,1.437,-4.205,1.584,114.711,0.95535
5989,359374.5,1,0.32776615023612976,0.3282153308391571,0.20434,0.009108045138418674,1.432,-4.188,1.583,114.808,0.95552
5990,359438.67,1,0.3262583017349243,0.3245062232017517,0.20635,0.009034027345478535,1.494,-4.194,1.581,114.806,0.95536
5991,359502.47,1,0.3306289315223694,0.32737189531326294,0.20603,0.009273260831832886,1.538,-4.186,1.572,114.729,0.95497
5992,359566.57,1,0.334593266248703,0.32584041357040405,0.20443,0.009263766929507256,1.555,-4.19,1.57,114.75,0.95464
5993,359614.57,1,0.3284222185611725,0.3198588490486145,0.20866,0.008967816829681396,1.518,-4.187,1.614,114.736,0.95448
5994,359678.73,1,0.33233681321144104,0.32124799489974976,0.20912,0.008936104364693165,1.465,-4.182,1.58,114.731,0.95506
5995,359742.8,1,0.33276131749153137,0.3211384117603302,0.20871,0.008917062543332577,1.44,-4.206,1.53,114.83,0.95509
5996,359806.43,1,0.33272477984428406,0.3201921284198761,0.20921,0.008795212022960186,1.45,-4.194,1.535,114.848,0.95514
5997,359854.53,1,0.33444786071777344,0.3218076527118683,0.20925,0.009086973965168,1.44,-4.177,1.515,114.736,0.95548
5998,359918.67,1,0.334441214799881,0.3203851878643036,0.20901,0.009174766950309277,1.471,-4.143,1.52,114.876,0.9555
5999,359982.77,1,0.33458414673805237,0.3147622048854828,0.21076,0.009853125549852848,1.394,-4.14,1.508,114.748,0.95442
6000,360046.6,1,0.3362424075603485,0.3164587616920471,0.21009,0.009864529594779015,1.36,-4.128,1.506,114.729,0.95593
6001,360094.6,1,0.339560329914093,0.3191116154193878,0.20883,0.009849047288298607,1.355,-4.133,1.506,114.824,0.95575
6002,360159.07,1,0.33875328302383423,0.3210909366607666,0.20866,0.009963184595108032,1.341,-4.109,1.526,114.808,0.95513
6003,360222.73,1,0.3410719037055969,0.32233622670173645,0.20812,0.010234246961772442,1.352,-4.122,1.523,114.702,0.95587
6004,360286.53,1,0.3391495943069458,0.32363244891166687,0.20814,0.010176817886531353,1.369,-4.152,1.528,114.828,0.95559
6005,360334.47,1,0.33630990982055664,0.31852230429649353,0.20907,0.010075457394123077,1.387,-4.159,1.545,114.803,0.95539
6006,360398.57,1,0.3338382840156555,0.31249678134918213,0.21222,0.00975248496979475,1.525,-4.195,1.595,114.702,0.95665
6007,360462.57,1,0.3313184678554535,0.31231260299682617,0.2112,0.009736776351928711,1.572,-4.2,1.625,114.806,0.95524
6008,360526.7,1,0.32819995284080505,0.306702196598053,0.21191,0.009332620538771152,1.555,-4.215,1.67,114.817,0.95514
6009,360574.57,1,0.33119651675224304,0.30816781520843506,0.21313,0.00940230768173933,1.571,-4.2,1.674,114.717,0.95487
6010,360639.0,1,0.329233318567276,0.31277719140052795,0.21308,0.009507602080702782,1.491,-4.204,1.694,114.795,0.95495
6011,360702.83,1,0.3308398723602295,0.3106120228767395,0.21313,0.009414858184754848,1.447,-4.179,1.706,114.762,0.95552
6012,360766.63,1,0.33395159244537354,0.3123498857021332,0.21437,0.009529887698590755,1.411,-4.23,1.702,114.718,0.95568
6013,360814.53,1,0.32938945293426514,0.3141983449459076,0.21434,0.009482023306190968,1.391,-4.215,1.691,114.781,0.95474
6014,360878.77,1,0.3190095126628876,0.30320292711257935,0.21856,0.009396650828421116,1.382,-4.227,1.693,114.784,0.95518
6015,360942.67,1,0.31830573081970215,0.30273255705833435,0.2186,0.009617197327315807,1.351,-4.254,1.684,114.678,0.95594
6016,361006.47,1,0.31221550703048706,0.2985024154186249,0.21987,0.009375713765621185,1.377,-4.28,1.66,114.757,0.95598
6017,361054.63,1,0.31126391887664795,0.2977164387702942,0.21987,0.00964631699025631,1.405,-4.27,1.663,114.764,0.95499
6018,361119.03,1,0.6643871068954468,0.6378955841064453,0.04979,0.012352354824543,1.235,-4.314,1.574,114.736,0.9547
6019,361182.53,1,0.67088782787323,0.6547133922576904,0.03847,0.012029056437313557,1.265,-4.332,1.614,114.804,0.9546
6020,361246.83,1,0.6547678112983704,0.6449579000473022,0.04136,0.01180841214954853,1.391,-4.29,1.706,114.796,0.95431
6021,361294.53,1,0.5174539089202881,0.5089449882507324,0.10087,0.011058323085308075,1.449,-4.278,1.717,114.679,0.95509
6022,361358.57,1,0.4192998707294464,0.4214535057544708,0.14364,0.010756928473711014,1.469,-4.331,1.705,114.803,0.95507
6023,361422.8,1,0.3692072927951813,0.3884827494621277,0.16864,0.010226511396467686,1.42,-4.42,1.766,114.804,0.95463
6024,361486.8,1,0.3609590232372284,0.3771178126335144,0.17746,0.010142353363335133,1.369,-4.454,1.758,114.742,0.95534
6025,361534.53,1,0.34751084446907043,0.36527442932128906,0.18447,0.010062025859951973,1.357,-4.453,1.764,114.826,0.95536
6026,361598.53,1,0.3411805331707001,0.3587375581264496,0.18907,0.010135634802281857,1.278,-4.487,1.772,114.807,0.95453
6027,361662.5,1,0.33595535159111023,0.34066763520240784,0.19647,0.009837465360760689,1.197,-4.513,1.768,114.703,0.9546
6028,361727.0,1,0.3348914384841919,0.33151763677597046,0.19863,0.00979532115161419,1.234,-4.51,1.726,114.962,0.95381
6029,361774.5,1,0.33647191524505615,0.32845979928970337,0.19997,0.009919545613229275,1.207,-4.506,1.741,114.686,0.95325
6030,361839.03,1,0.33846014738082886,0.3242280185222626,0.20177,0.009833996184170246,1.227,-4.467,1.731,114.683,0.95487
6031,361902.83,1,0.33780285716056824,0.32264626026153564,0.20273,0.009895662777125835,1.224,-4.473,1.744,114.784,0.95474
6032,361966.87,1,0.33660683035850525,0.31753677129745483,0.20492,0.009868256747722626,1.233,-4.508,1.767,114.782,0.95396
6033,362014.47,1,0.3397238850593567,0.31341737508773804,0.20587,0.01000811718404293,1.243,-4.536,1.786,114.698,0.95375
6034,362078.8,1,0.3368414342403412,0.3091679513454437,0.20693,0.01016230694949627,1.243,-4.566,1.809,114.802,0.95374
6035,362142.5,1,0.3313619792461395,0.30462339520454407,0.20857,0.010000806301832199,1.191,-4.59,1.847,114.795,0.95403
6036,362206.87,1,0.3329605758190155,0.30406656861305237,0.2097,0.01036924310028553,1.156,-4.612,1.882,114.706,0.95376
6037,362270.7,1,0.33255457878112793,0.3049936592578888,0.21002,0.010431167669594288,1.042,-4.696,1.925,114.789,0.95381
6038,362318.6,1,0.33166149258613586,0.30541226267814636,0.20955,0.010353938676416874,1.052,-4.695,1.926,114.828,0.95346
6039,362382.77,1,0.3288194537162781,0.30512964725494385,0.21046,0.01003813836723566,1.041,-4.71,1.948,114.705,0.95462
6040,362446.73,1,0.32390880584716797,0.30780842900276184,0.20981,0.009833922609686852,1.075,-4.699,1.938,114.768,0.95401
6041,362510.43,1,0.32021456956863403,0.3094503581523895,0.21114,0.009724434465169907,1.063,-4.74,1.935,114.778,0.95431
6042,362559.13,1,0.32170572876930237,0.3104984760284424,0.21157,0.009652550332248211,1.053,-4.746,1.946,114.689,0.95376
6043,362622.77,1,0.3217811584472656,0.3123386800289154,0.21106,0.009482765570282936,1.067,-4.735,1.906,114.741,0.95554
6044,362687.03,1,0.31916800141334534,0.310923308134079,0.21176,0.009367533959448338,1.065,-4.721,1.9,114.757,0.95502
6045,362750.63,1,0.3189016282558441,0.310814768075943,0.21182,0.009285912849009037,1.071,-4.733,1.895,114.651,0.95579
6046,362798.53,1,0.31704992055892944,0.30680301785469055,0.21276,0.00937704462558031,1.075,-4.727,1.903,114.763,0.95563
6047,362862.87,1,0.3131853938102722,0.30478110909461975,0.2137,0.00924691092222929,1.097,-4.703,1.892,114.733,0.95577
6048,362926.7,1,0.3150080740451813,0.30168625712394714,0.21429,0.009280719794332981,1.124,-4.676,1.892,114.672,0.95544
6049,362990.7,1,0.3148465156555176,0.30262017250061035,0.2142,0.009388242848217487,1.102,-4.67,1.891,114.778,0.95473
6050,363038.67,1,0.3129962682723999,0.3014085590839386,0.21502,0.009204297326505184,1.141,-4.669,1.891,114.761,0.95499
6051,363102.63,1,0.31674546003341675,0.3013601005077362,0.21466,0.009246233850717545,1.108,-4.661,1.93,114.667,0.9551
6052,363166.63,1,0.3180597424507141,0.30013278126716614,0.21362,0.009240198880434036,1.119,-4.654,1.891,114.731,0.95523
6053,363230.43,1,0.31452515721321106,0.3015676736831665,0.21433,0.009065505117177963,1.155,-4.644,1.864,114.736,0.95516
6054,363278.93,1,0.3177337348461151,0.30437058210372925,0.21414,0.008938643150031567,1.166,-4.626,1.822,114.646,0.9542
6055,363342.43,1,0.3463013172149658,0.33799561858177185,0.20061,0.009410296566784382,1.168,-4.64,1.768,114.762,0.95416
6056,363406.83,1,0.3366367816925049,0.3413720428943634,0.19904,0.009204707108438015,1.158,-4.679,1.684,114.755,0.95473
6057,363470.5,1,0.33621665835380554,0.34342098236083984,0.1987,0.009254196658730507,1.178,-4.711,1.64,114.619,0.95473
6058,363518.83,1,0.33718883991241455,0.3490561842918396,0.19752,0.009299679659307003,1.183,-4.739,1.616,114.782,0.95548
6059,363582.77,1,0.3335322141647339,0.35111719369888306,0.19865,0.009413830004632473,1.102,-4.833,1.619,114.651,0.95445
6060,363646.43,1,0.33770492672920227,0.35417503118515015,0.19791,0.009054990485310555,1.094,-4.805,1.583,114.641,0.95557
6061,363710.43,1,0.3404009938240051,0.35523301362991333,0.19776,0.009211553260684013,1.088,-4.808,1.59,114.722,0.95494
6062,363758.47,1,0.34023505449295044,0.35680821537971497,0.19753,0.009309392422437668,1.048,-4.824,1.612,114.73,0.95536
6063,363822.77,1,0.33902671933174133,0.3548815846443176,0.19774,0.009518416598439217,1.086,-4.795,1.624,114.626,0.95587
6064,363886.6,1,0.33689770102500916,0.35321706533432007,0.19801,0.010002393275499344,1.07,-4.783,1.639,114.71,0.95633
6065,363950.5,1,0.3347463011741638,0.35157445073127747,0.19831,0.010162835009396076,1.037,-4.783,1.631,114.747,0.95649
6066,363998.5,1,0.335970401763916,0.3516261875629425,0.19757,0.010316292755305767,1.046,-4.795,1.637,114.56,0.95714
6067,364062.6,1,0.5800610780715942,0.5689834356307983,0.08548,0.012799597345292568,1.032,-4.666,1.493,114.719,0.9563
6068,364126.63,1,0.6757296323776245,0.6074262857437134,0.046,0.012960219755768776,1.148,-4.587,1.555,114.738,0.95614
6069,364190.83,1,0.6640439033508301,0.6006280183792114,0.04789,0.012588337995111942,1.261,-4.491,1.662,114.615,0.95745
6070,364239.07,1,0.5514350533485413,0.5176326036453247,0.08845,0.012085220776498318,1.418,-4.478,1.754,114.713,0.95644
6071,364302.53,1,0.432119756937027,0.4294585883617401,0.13386,0.011123434640467167,1.513,-4.521,1.776,114.699,0.95649
6072,364366.47,1,0.3845181465148926,0.37643963098526,0.16388,0.010920273140072823,1.48,-4.497,1.755,114.547,0.95728
6073,364430.5,1,0.38286280632019043,0.37434861063957214,0.16714,0.011112488806247711,1.421,-4.499,1.775,114.701,0.95556
6074,364478.83,1,0.38102850317955017,0.36761945486068726,0.17203,0.010414313524961472,1.398,-4.52,1.804,114.691,0.95649
6075,364542.63,1,0.3684455156326294,0.33695492148399353,0.18418,0.010086335241794586,1.387,-4.551,1.741,114.618,0.95641
6076,364606.87,1,0.3657262623310089,0.3358237147331238,0.18611,0.009863551706075668,1.353,-4.514,1.737,114.73,0.95529
6077,364670.87,1,0.35259443521499634,0.333810418844223,0.19089,0.00984708871692419,1.342,-4.535,1.745,114.718,0.95551
6078,364718.93,1,0.33819085359573364,0.32911649346351624,0.19685,0.009783673100173473,1.295,-4.555,1.8,114.636,0.95608
6079,364782.87,1,0.33611053228378296,0.32713550329208374,0.19858,0.00980217196047306,1.209,-4.545,1.818,114.73,0.95533
6080,364847.17,1,0.32940012216567993,0.32219409942626953,0.20239,0.009450143203139305,1.171,-4.541,1.836,114.708,0.95563
6081,364910.77,1,0.32236844301223755,0.3217560648918152,0.20504,0.009602811187505722,1.184,-4.533,1.868,114.624,0.9555
6082,364958.53,1,0.3224344253540039,0.3221190571784973,0.20478,0.009732455015182495,1.166,-4.536,1.878,114.719,0.95493
6083,365022.53,1,0.3188168406486511,0.32185834646224976,0.20543,0.009602474980056286,1.2,-4.525,1.87,114.696,0.95547
6084,365086.97,1,0.31907108426094055,0.3217011094093323,0.20652,0.00979351345449686,1.227,-4.563,1.879,114.637,0.95476
6085,365150.5,1,0.3190736174583435,0.32100915908813477,0.20679,0.01015358604490757,1.227,-4.581,1.892,114.71,0.956
6086,365198.63,1,0.3231024444103241,0.3198092579841614,0.20711,0.010023880749940872,1.202,-4.588,1.881,114.722,0.95451
6087,365262.73,1,0.3272304832935333,0.3168087601661682,0.20828,0.010034359060227871,1.161,-4.603,1.92,114.609,0.9549
6088,365326.57,1,0.3261207044124603,0.3132774233818054,0.20921,0.009865950793027878,1.086,-4.662,1.908,114.86,0.9548
6089,365390.47,1,0.3287358283996582,0.31371697783470154,0.21135,0.009818279184401035,1.071,-4.657,1.908,114.624,0.95466
6090,365438.8,1,0.3288671672344208,0.3149682581424713,0.20987,0.009779192507266998,1.034,-4.672,1.872,115.265,0.92732
6091,365502.83,1,0.32430773973464966,0.3131921887397766,0.2108,0.009450455196201801,1.034,-4.694,1.827,115.462,0.92426
6092,365566.97,1,0.3207806348800659,0.30983424186706543,0.21008,0.009213939309120178,1.022,-4.707,1.822,115.444,0.92458
6093,365630.5,1,0.32519200444221497,0.3138178586959839,0.20914,0.009094271808862686,1.033,-4.702,1.787,115.663,0.91352
6094,365679.23,1,0.3223514258861542,0.31339678168296814,0.20997,0.00932493805885315,1.083,-4.703,1.78,115.774,0.91166
6095,365742.83,1,0.32035672664642334,0.3124191164970398,0.21058,0.009093089960515499,1.125,-4.709,1.756,115.744,0.91292
6096,365806.73,1,0.3245503008365631,0.3107639253139496,0.21033,0.009220315143465996,1.114,-4.742,1.771,115.638,0.91233
6097,365870.53,1,0.3365202248096466,0.33657267689704895,0.19972,0.009627548977732658,1.133,-4.751,1.721,115.634,0.91754
6098,365918.6,1,0.32848188281059265,0.3388674259185791,0.19846,0.00963637325912714,1.097,-4.761,1.704,115.614,0.9181
6099,365982.87,1,0.33056795597076416,0.34408459067344666,0.19724,0.010167700238525867,0.935,-4.834,1.683,114.893,0.9434
6100,366047.07,1,0.3350963890552521,0.3531058430671692,0.19447,0.010365803726017475,0.88,-4.832,1.672,114.968,0.94499
6101,366110.5,1,0.3340056836605072,0.3557400703430176,0.1944,0.010345197282731533,0.888,-4.825,1.681,114.959,0.94539
6102,366158.63,1,0.3381885588169098,0.3600260317325592,0.19378,0.010321048088371754,0.843,-4.831,1.688,114.668,0.95536
6103,366222.87,1,0.34198102355003357,0.36965322494506836,0.19119,0.010525341145694256,0.841,-4.832,1.673,114.753,0.95534
6104,366286.87,1,0.3344706892967224,0.3668154776096344,0.19269,0.010216671042144299,0.809,-4.844,1.663,114.749,0.95486
6105,366350.43,1,0.3350354731082916,0.3664238154888153,0.19389,0.010045851580798626,0.827,-4.836,1.659,114.642,0.95538
6106,366398.47,1,0.33706381916999817,0.3674646317958832,0.19342,0.010183116421103477,0.793,-4.855,1.651,114.72,0.9562
6107,366462.77,1,0.3380826413631439,0.3661327064037323,0.19355,0.010182395577430725,0.796,-4.854,1.661,114.721,0.95611
6108,366526.6,1,0.343776673078537,0.35476985573768616,0.1957,0.01050766184926033,0.828,-4.819,1.696,114.593,0.95677
6109,366590.53,1,0.343968003988266,0.3393334746360779,0.1994,0.010495130904018879,0.883,-4.812,1.719,114.725,0.95621
6110,366638.53,1,0.3341963589191437,0.3312349319458008,0.20281,0.01037792768329382,0.898,-4.782,1.75,114.728,0.95507
6111,366702.6,1,0.32129430770874023,0.31575313210487366,0.20902,0.01018822193145752,0.995,-4.793,1.74,114.633,0.95552
6112,366766.47,1,0.31952130794525146,0.3113931715488434,0.20978,0.010433481074869633,1.02,-4.792,1.734,114.645,0.95541
6113,366830.5,1,0.311939537525177,0.30873388051986694,0.21108,0.009729101322591305,1.023,-4.758,1.727,114.66,0.95582
6114,366878.57,1,0.3099113702774048,0.30377474427223206,0.21382,0.00925932265818119,0.987,-4.759,1.742,114.593,0.95598
6115,366942.8,1,0.3084411919116974,0.30543190240859985,0.21319,0.00947516318410635,1.04,-4.736,1.716,114.693,0.95619
6116,367006.53,1,0.3019234240055084,0.3115217089653015,0.20956,0.010052643716335297,0.999,-4.786,1.681,114.689,0.95567
6117,367070.53,1,0.2979208528995514,0.32065585255622864,0.20625,0.010815239511430264,0.936,-4.833,1.656,114.591,0.95564
6118,367118.67,1,0.3006567358970642,0.3289245665073395,0.20435,0.010839217342436314,0.828,-4.842,1.649,114.836,0.9555
6119,367182.73,1,0.3021624684333801,0.3301490545272827,0.2039,0.010927005670964718,0.717,-4.846,1.648,114.571,0.95506
6120,367246.87,1,0.30788713693618774,0.33587148785591125,0.20304,0.0111231729388237,0.804,-4.897,1.616,114.543,0.95504
6121,367310.53,1,0.30965656042099,0.33997249603271484,0.20195,0.011208783835172653,0.825,-4.89,1.606,114.644,0.95475
6122,367359.03,1,0.31021013855934143,0.34062910079956055,0.202,0.011299671605229378,0.795,-4.893,1.6,114.648,0.95524
6123,367422.83,1,0.31409046053886414,0.34440672397613525,0.20178,0.01126214861869812,0.8,-4.908,1.598,114.553,0.95499
6124,367486.9,1,0.3191990852355957,0.3453035056591034,0.20165,0.011837102472782135,0.739,-4.961,1.618,114.638,0.95549
6125,367550.5,1,0.3187691271305084,0.34495365619659424,0.20095,0.012005948461592197,0.733,-4.97,1.617,114.636,0.95483
6126,367598.53,1,0.3119344115257263,0.33877280354499817,0.20421,0.012024864554405212,0.746,-5.009,1.634,114.53,0.95537
6127,367662.87,1,0.3085480034351349,0.3369005620479584,0.20511,0.012138963676989079,0.685,-5.016,1.623,114.646,0.95527
6128,367726.93,1,0.31156405806541443,0.3362319767475128,0.20549,0.01248123962432146,0.623,-5.082,1.627,114.62,0.95663
6129,367790.87,1,0.3188387155532837,0.3437042534351349,0.2036,0.013628614135086536,0.537,-5.17,1.625,114.561,0.9553
6130,367838.5,1,0.3246318995952606,0.34513136744499207,0.20262,0.013395566493272781,0.512,-5.164,1.619,114.667,0.95552
6131,367902.77,1,0.32542872428894043,0.3498535454273224,0.20129,0.013296803459525108,0.511,-5.146,1.632,114.645,0.95571
6132,367966.43,1,0.3364507257938385,0.3558255434036255,0.19786,0.013161133043467999,0.546,-5.128,1.651,114.578,0.95582
6133,368030.43,1,0.3369576334953308,0.3548934757709503,0.19767,0.012993182055652142,0.549,-5.109,1.65,114.695,0.95534
6134,368078.63,1,0.33374303579330444,0.3528698980808258,0.1982,0.013041979633271694,0.543,-5.091,1.665,114.682,0.95448
6135,368142.53,1,0.3292123079299927,0.35418176651000977,0.19965,0.013127440586686134,0.465,-5.083,1.689,114.583,0.95481
6136,368206.53,1,0.33231496810913086,0.3552633821964264,0.19964,0.012910334393382072,0.374,-5.083,1.7,114.69,0.95483
6137,368270.97,1,0.33040887117385864,0.355330228805542,0.19981,0.012391708791255951,0.357,-5.07,1.709,114.707,0.9551
6138,368318.9,1,0.33244332671165466,0.3568347096443176,0.20007,0.01203432958573103,0.31,-5.093,1.724,114.57,0.95557
6139,368382.77,1,0.3336532711982727,0.3582218587398529,0.19949,0.011977192014455795,0.342,-5.09,1.715,114.691,0.95496
6140,368446.57,1,0.33443400263786316,0.35495784878730774,0.19985,0.011822297237813473,0.388,-5.055,1.718,114.647,0.95578
6141,368510.7,1,0.3358541429042816,0.3510889410972595,0.20087,0.011847938410937786,0.416,-5.059,1.692,114.585,0.95522
6142,368558.87,1,0.3337135910987854,0.34853020310401917,0.20114,0.011799141764640808,0.435,-5.066,1.692,114.694,0.95575
6143,368622.57,1,0.33358922600746155,0.3469614088535309,0.20175,0.011660384014248848,0.492,-5.053,1.69,114.677,0.9558
6144,368686.93,1,0.33608168363571167,0.3474878966808319,0.20167,0.011805123649537563,0.444,-5.041,1.706,114.614,0.95462
6145,368750.57,1,0.32953670620918274,0.344464510679245,0.20223,0.011264863424003124,0.518,-5.023,1.692,114.721,0.95518
6146,368798.7,1,0.3305230140686035,0.342415988445282,0.20202,0.011326190084218979,0.53,-5.034,1.691,114.706,0.95457
6147,368862.87,1,0.33105385303497314,0.3406367897987366,0.20223,0.01182000245898962,0.586,-5.075,1.706,114.637,0.95513
6148,368926.73,1,0.3300284743309021,0.33931392431259155,0.20351,0.01174835953861475,0.587,-5.052,1.72,114.816,0.95605
6149,368990.47,1,0.3346501588821411,0.34090057015419006,0.20269,0.011816543526947498,0.522,-5.035,1.73,114.558,0.95639
6150,369038.57,1,0.3408145010471344,0.346025675535202,0.19844,0.011804351583123207,0.538,-5.017,1.681,114.563,0.95457
6151,369102.9,1,0.32873642444610596,0.34501913189888,0.19858,0.011073078960180283,0.631,-4.983,1.659,114.654,0.95537
6152,369166.87,1,0.32940271496772766,0.3489176034927368,0.19579,0.010657538659870625,0.664,-4.974,1.665,114.685,0.95489
6153,369230.5,1,0.33253350853919983,0.35037875175476074,0.19717,0.010442400351166725,0.662,-5.002,1.646,114.562,0.95627
6154,369279.2,1,0.3334251046180725,0.35749557614326477,0.19595,0.010548274032771587,0.647,-5.0,1.626,114.651,0.95638
6155,369342.53,1,0.3501482605934143,0.3770800828933716,0.18866,0.01062504667788744,0.622,-5.0,1.634,114.66,0.95545
6156,369406.6,1,0.34999799728393555,0.3789691925048828,0.18741,0.009876432828605175,0.644,-4.98,1.648,114.583,0.95634
6157,369470.67,1,0.3457063138484955,0.3764658570289612,0.18634,0.009636059403419495,0.683,-4.943,1.677,114.693,0.95546
6158,369518.67,1,0.3445442020893097,0.3726940453052521,0.18746,0.009507476352155209,0.703,-4.925,1.697,114.665,0.95557
6159,369582.5,1,0.34781351685523987,0.37094855308532715,0.18785,0.009554524905979633,0.656,-4.931,1.714,114.558,0.95639
6160,369646.53,1,0.3496765196323395,0.37729915976524353,0.18632,0.009906976483762264,0.602,-4.917,1.701,114.686,0.95603
6161,369710.73,1,0.34890392422676086,0.37836214900016785,0.18544,0.009930276311933994,0.624,-4.882,1.713,114.698,0.95592
6162,369758.53,1,0.3510947823524475,0.37922072410583496,0.18518,0.009923488833010197,0.581,-4.86,1.697,114.581,0.9552
6163,369822.63,1,0.35373562574386597,0.382270872592926,0.18321,0.009867539629340172,0.588,-4.853,1.672,114.657,0.95586
6164,369886.6,1,0.35341206192970276,0.38141557574272156,0.18347,0.009906737133860588,0.565,-4.851,1.643,114.671,0.95541
6165,369950.47,1,0.36076056957244873,0.38416534662246704,0.18288,0.00992467999458313,0.542,-4.89,1.656,114.573,0.95619
6166,369998.73,1,0.36200031638145447,0.39225292205810547,0.18019,0.010008302517235279,0.542,-4.844,1.66,114.646,0.95666
6167,370062.9,1,0.35881277918815613,0.3860502541065216,0.18061,0.010102939791977406,0.559,-4.835,1.682,114.646,0.95648
6168,370126.8,1,0.3641618490219116,0.38242238759994507,0.18149,0.010590525344014168,0.5,-4.868,1.709,114.545,0.95728
6169,370190.93,1,0.3779245615005493,0.3845098614692688,0.17784,0.010790939442813396,0.446,-4.859,1.693,114.647,0.95602
6170,370238.67,1,0.3765934407711029,0.38368603587150574,0.17859,0.0107365557923913,0.45,-4.846,1.691,114.675,0.95602
6171,370302.73,1,0.3614914119243622,0.3651968836784363,0.18769,0.010545005090534687,0.477,-4.884,1.65,114.518,0.95711
6172,370366.9,1,0.3448887765407562,0.36300408840179443,0.19248,0.010659056715667248,0.496,-4.891,1.631,114.643,0.95713
6173,370430.57,1,0.33868202567100525,0.35871872305870056,0.19478,0.0105315912514925,0.522,-4.873,1.625,114.659,0.95599
6174,370478.87,1,0.32184484601020813,0.3527553677558899,0.20086,0.010536630637943745,0.493,-4.854,1.645,114.549,0.9566
6175,370542.87,1,0.32060641050338745,0.3515230119228363,0.20115,0.010701177641749382,0.506,-4.853,1.638,114.686,0.95632
6176,370606.67,1,0.3099308907985687,0.34784090518951416,0.20441,0.010610280558466911,0.526,-4.876,1.654,114.686,0.95574
6177,370670.5,1,0.3220997154712677,0.35244810581207275,0.20318,0.011285366490483284,0.551,-4.908,1.689,114.579,0.95681
6178,370719.07,1,0.3230874240398407,0.3534446060657501,0.20226,0.011445632204413414,0.551,-4.908,1.687,114.781,0.95653
6179,370782.83,1,0.3248666822910309,0.3553311824798584,0.20138,0.011493843980133533,0.545,-4.914,1.701,114.546,0.95765
6180,370846.67,1,0.32884761691093445,0.3574203848838806,0.19977,0.011940631084144115,0.47,-4.922,1.707,114.539,0.95772
6181,370911.0,1,0.3227338492870331,0.35635995864868164,0.20077,0.011997313238680363,0.513,-4.908,1.68,114.646,0.95739
6182,370958.6,1,0.3190612196922302,0.35318174958229065,0.20182,0.011781039647758007,0.511,-4.89,1.679,114.613,0.95717
6183,371022.57,1,0.32208460569381714,0.35328972339630127,0.20184,0.01153656467795372,0.512,-4.906,1.694,114.55,0.95669
6184,371086.9,1,0.39576682448387146,0.386628657579422,0.17658,0.012654467485845089,0.498,-4.846,1.694,114.669,0.95557
6185,371150.57,1,0.6712340116500854,0.6364266872406006,0.05023,0.013248791918158531,0.393,-4.63,1.65,114.678,0.95628
6186,371199.0,1,0.6376885175704956,0.6045308113098145,0.05063,0.013725010678172112,0.651,-4.5,1.653,114.62,0.9555
6187,371262.97,1,0.6344636678695679,0.583220362663269,0.0549,0.013326715677976608,0.679,-4.493,1.708,114.649,0.95779
6188,371326.63,1,0.5551265478134155,0.5304300785064697,0.08296,0.01312936283648014,0.68,-4.5,1.73,114.623,0.95824
6189,371390.57,1,0.4534109830856323,0.4617267847061157,0.12623,0.012485412880778313,0.577,-4.601,1.724,114.546,0.9581
6190,371438.73,1,0.4201664626598358,0.4421944320201874,0.14206,0.012558311223983765,0.54,-4.66,1.685,114.651,0.95831
6191,371502.63,1,0.39837968349456787,0.4196176528930664,0.15415,0.012530050240457058,0.514,-4.651,1.668,114.659,0.95828
6192,371567.23,1,0.3839937150478363,0.39825117588043213,0.16574,0.012224139645695686,0.576,-4.702,1.637,114.585,0.95809
6193,371630.67,1,0.37982726097106934,0.39577165246009827,0.16809,0.012076356448233128,0.691,-4.732,1.596,114.66,0.9586
6194,371678.83,1,0.37592995166778564,0.3898431062698364,0.17053,0.011519943363964558,0.757,-4.747,1.633,114.64,0.95799
6195,371742.9,1,0.3709132671356201,0.38689878582954407,0.17324,0.010759283788502216,0.747,-4.723,1.614,114.577,0.95663
6196,371806.7,1,0.35478487610816956,0.38053566217422485,0.17884,0.010748195461928844,0.709,-4.723,1.625,114.671,0.95764
6197,371871.0,1,0.35018792748451233,0.37689587473869324,0.18097,0.011346327140927315,0.689,-4.722,1.623,114.664,0.95718
6198,371918.7,1,0.3489029109477997,0.37022367119789124,0.18527,0.011618179269134998,0.625,-4.787,1.622,114.594,0.95792
6199,371983.0,1,0.3506529927253723,0.3690142333507538,0.18797,0.01216151937842369,0.529,-4.82,1.636,114.682,0.95674
6200,372047.07,1,0.3491673469543457,0.3681104779243469,0.18874,0.01255740225315094,0.509,-4.779,1.607,114.703,0.95721
6201,372110.8,1,0.3498072326183319,0.36951959133148193,0.18922,0.012513288296759129,0.538,-4.809,1.611,114.582,0.95749
6202,372158.83,1,0.3502509593963623,0.3687722384929657,0.18909,0.012700255960226059,0.537,-4.787,1.619,114.654,0.95826
6203,372222.97,1,0.3424358069896698,0.36606279015541077,0.1902,0.012347085401415825,0.606,-4.771,1.582,114.669,0.95695
6204,372286.8,1,0.3456587791442871,0.3670423924922943,0.19018,0.012402413412928581,0.626,-4.772,1.576,114.575,0.95631
6205,372351.1,1,0.3432914614677429,0.36645546555519104,0.19066,0.012403546832501888,0.629,-4.772,1.566,114.684,0.95608
6206,372398.9,1,0.34078249335289,0.36420243978500366,0.19205,0.012555238790810108,0.624,-4.778,1.581,114.667,0.95648
6207,372463.03,1,0.340434730052948,0.3583763837814331,0.19449,0.01197535265237093,0.65,-4.796,1.609,114.579,0.95638
6208,372527.03,1,0.34106016159057617,0.3588572144508362,0.19417,0.012047256343066692,0.597,-4.761,1.598,114.787,0.95649
6209,372590.6,1,0.3386169672012329,0.35745811462402344,0.1958,0.012519599869847298,0.58,-4.776,1.594,114.54,0.95656
6210,372638.73,1,0.347940593957901,0.3610861599445343,0.19291,0.013166064396500587,0.538,-4.816,1.633,114.567,0.95649
6211,372702.67,1,0.34334322810173035,0.3583023250102997,0.19388,0.013115537352859974,0.557,-4.809,1.624,114.654,0.95759
6212,372766.63,1,0.3410189747810364,0.353304386138916,0.19712,0.012884841300547123,0.612,-4.789,1.638,114.623,0.9575
6213,372830.97,1,0.34016770124435425,0.3535333573818207,0.1978,0.012798166833817959,0.611,-4.797,1.623,114.525,0.95702
6214,372879.17,1,0.3367804288864136,0.35244789719581604,0.1983,0.012439175508916378,0.643,-4.805,1.603,114.744,0.95237
6215,372942.97,1,0.3380351662635803,0.3527972102165222,0.19857,0.012450158596038818,0.627,-4.817,1.598,114.798,0.95119
6216,373006.6,1,0.3404710292816162,0.35482046008110046,0.19742,0.012273062020540237,0.62,-4.823,1.594,115.207,0.92916
6217,373070.77,1,0.3381647765636444,0.35365116596221924,0.19673,0.012472603470087051,0.638,-4.831,1.594,115.387,0.92639
6218,373118.87,1,0.33782827854156494,0.35273391008377075,0.197,0.012245346792042255,0.658,-4.835,1.595,115.387,0.92565
6219,373182.87,1,0.34009626507759094,0.3528707027435303,0.196,0.012166010215878487,0.795,-4.802,1.551,115.607,0.91437
6220,373247.17,1,0.33901506662368774,0.35365304350852966,0.19575,0.012236756272614002,0.817,-4.792,1.551,115.696,0.91403
6221,373310.73,1,0.340009480714798,0.35388994216918945,0.19565,0.01217908225953579,0.813,-4.813,1.568,115.679,0.91437
6222,373358.63,1,0.3389468491077423,0.3527974784374237,0.19596,0.011943685822188854,0.926,-4.833,1.621,115.583,0.91392
6223,373422.93,1,0.33630654215812683,0.3507254719734192,0.19748,0.011672396212816238,0.865,-4.819,1.653,115.52,0.91551
6224,373487.1,1,0.3310600221157074,0.35063159465789795,0.19863,0.011587821878492832,0.863,-4.78,1.64,115.467,0.91623
6225,373550.63,1,0.3325138986110687,0.3496556282043457,0.19941,0.01200173981487751,0.863,-4.791,1.651,114.423,0.92926
6226,373599.07,1,0.3324495851993561,0.3492014408111572,0.19899,0.01211627759039402,0.865,-4.789,1.646,114.449,0.93138
6227,373663.03,1,0.32346704602241516,0.34297195076942444,0.20095,0.011922541074454784,0.907,-4.796,1.623,114.428,0.93198
6228,373727.03,1,0.3255329430103302,0.3420568108558655,0.20114,0.011788648553192616,0.92,-4.806,1.623,114.15,0.93791
6229,373791.0,1,0.32478755712509155,0.3437517583370209,0.20031,0.011994116008281708,0.892,-4.814,1.642,114.228,0.93979
6230,373838.7,1,0.31816422939300537,0.33810946345329285,0.20206,0.01135697029531002,0.933,-4.777,1.637,114.242,0.93956
6231,373902.7,1,0.3212619125843048,0.33713215589523315,0.20252,0.011368835344910622,0.953,-4.79,1.69,114.131,0.93924
6232,373966.63,1,0.32510876655578613,0.34057167172431946,0.20173,0.011395261622965336,0.951,-4.782,1.699,114.385,0.93964
6233,374030.63,1,0.33484572172164917,0.34046199917793274,0.20146,0.011164589785039425,1.019,-4.722,1.736,114.481,0.93816
6234,374078.83,1,0.33907145261764526,0.34122928977012634,0.20186,0.01119135320186615,1.011,-4.706,1.764,115.141,0.93019
6235,374142.9,1,0.33980339765548706,0.33997660875320435,0.2017,0.011300011537969112,0.899,-4.625,1.781,115.289,0.92814
6236,374206.9,1,0.3405245244503021,0.33964312076568604,0.20199,0.011526254005730152,0.873,-4.634,1.814,115.334,0.92676
6237,374271.03,1,0.343569278717041,0.33908748626708984,0.20284,0.011885624378919601,0.856,-4.687,1.838,115.489,0.91612
6238,374319.03,1,0.34323424100875854,0.3354710340499878,0.20314,0.01194855384528637,0.867,-4.669,1.839,115.763,0.91495
6239,374382.67,1,0.34404170513153076,0.336652934551239,0.20335,0.012096578255295753,0.887,-4.665,1.859,115.555,0.91468
6240,374447.07,1,0.34248170256614685,0.3244571089744568,0.20601,0.011957294307649136,0.892,-4.638,1.85,115.526,0.91538
6241,374510.67,1,0.33853745460510254,0.3182050883769989,0.20717,0.012343364767730236,0.923,-4.578,1.835,115.451,0.91714
6242,374558.7,1,0.33509376645088196,0.3161231577396393,0.2081,0.01194131188094616,0.94,-4.579,1.845,115.472,0.91627
6243,374622.67,1,0.3351762890815735,0.31152504682540894,0.20971,0.011545734480023384,0.879,-4.584,1.906,114.43,0.92827
6244,374686.77,1,0.33392298221588135,0.3132478892803192,0.2086,0.011886706575751305,0.87,-4.617,1.864,114.471,0.93101
6245,374750.73,1,0.3241029381752014,0.31595250964164734,0.20736,0.012055687606334686,0.847,-4.751,1.822,114.457,0.93153
6246,374799.0,1,0.3235708177089691,0.3199835419654846,0.20618,0.012310865335166454,0.853,-4.822,1.792,114.179,0.93736
6247,374863.13,1,0.3185740113258362,0.3200421631336212,0.20668,0.012447132728993893,0.793,-4.862,1.758,114.276,0.93787
6248,374927.17,1,0.31393277645111084,0.3286149799823761,0.20608,0.012321794405579567,0.786,-4.914,1.777,114.286,0.93756
6249,374990.7,1,0.3165619671344757,0.3285318911075592,0.20648,0.013022415339946747,0.625,-5.058,1.771,114.201,0.93884
6250,375038.9,1,0.3201293349266052,0.3332870900630951,0.20444,0.013286096975207329,0.613,-5.035,1.754,114.443,0.93762
6251,375102.87,1,0.3214251697063446,0.3357914388179779,0.20398,0.013205288909375668,0.593,-5.03,1.756,114.539,0.93656
6252,375166.73,1,0.32784503698349,0.34036505222320557,0.2029,0.013372060842812061,0.617,-5.072,1.761,115.197,0.93033
6253,375230.7,1,0.3244987428188324,0.3431580364704132,0.20324,0.013051607646048069,0.64,-5.038,1.711,115.383,0.92661
6254,375279.17,1,0.32378092408180237,0.3421699106693268,0.20412,0.013128782622516155,0.6,-5.035,1.748,115.417,0.9247
6255,375343.07,1,0.33085888624191284,0.3497053384780884,0.2037,0.013835175894200802,0.571,-4.959,1.733,115.616,0.91247
6256,375406.93,1,0.33136314153671265,0.3495575785636902,0.20382,0.01341689471155405,0.566,-4.957,1.734,115.712,0.91248
6257,375471.03,1,0.32636722922325134,0.34880781173706055,0.20413,0.013280808925628662,0.561,-4.894,1.725,115.701,0.91178
6258,375519.1,1,0.3266441226005554,0.34685102105140686,0.20387,0.013026122935116291,0.571,-4.915,1.744,115.612,0.91164
6259,375582.87,1,0.3246305584907532,0.34631043672561646,0.20321,0.012836710549890995,0.588,-4.912,1.747,115.577,0.91677
6260,375646.83,1,0.3229462206363678,0.34412306547164917,0.2046,0.012184309773147106,0.565,-4.91,1.76,115.605,0.91748
6261,375710.63,1,0.3240702152252197,0.3435450792312622,0.20453,0.012107308022677898,0.542,-4.945,1.756,114.854,0.9433
6262,375758.7,1,0.3255966007709503,0.3481825888156891,0.20348,0.012226478196680546,0.487,-4.983,1.768,114.902,0.94675
6263,375822.97,1,0.32569369673728943,0.34765419363975525,0.20347,0.012177746742963791,0.453,-5.014,1.771,114.877,0.94713
6264,375886.8,1,0.32682478427886963,0.35060155391693115,0.20311,0.012035406194627285,0.43,-5.06,1.812,114.597,0.9554
6265,375950.73,1,0.3299236297607422,0.35469791293144226,0.20066,0.012254895642399788,0.454,-5.053,1.796,114.706,0.95516
6266,375998.8,1,0.3303591310977936,0.35359036922454834,0.20101,0.012163524515926838,0.427,-5.049,1.806,114.696,0.95618
6267,376063.03,1,0.3311305046081543,0.3554902672767639,0.20026,0.012252495624125004,0.45,-5.053,1.801,114.603,0.95671
6268,376126.77,1,0.33151400089263916,0.3549799919128418,0.20057,0.012228737585246563,0.439,-5.074,1.805,114.821,0.95625
6269,376190.67,1,0.32950809597969055,0.3534017503261566,0.20124,0.01234834361821413,0.453,-5.092,1.796,114.589,0.95507
6270,376239.0,1,0.32889634370803833,0.3533191978931427,0.20128,0.01243200246244669,0.457,-5.07,1.797,114.521,0.95488
6271,376303.1,1,0.32836800813674927,0.35178399085998535,0.20138,0.012511767446994781,0.418,-5.032,1.798,114.622,0.95514
6272,376366.7,1,0.32796138525009155,0.35034289956092834,0.2016,0.012583410367369652,0.406,-5.032,1.79,114.629,0.95493
6273,376430.67,1,0.3302546441555023,0.3511609435081482,0.20134,0.013157900422811508,0.438,-5.063,1.776,114.536,0.95616
6274,376478.97,1,0.331098735332489,0.35083168745040894,0.20137,0.013218928128480911,0.474,-5.062,1.759,114.635,0.95615
6275,376542.9,1,0.3306425213813782,0.34942907094955444,0.20147,0.013243108056485653,0.477,-5.054,1.76,114.665,0.95599
6276,376607.0,1,0.3332100212574005,0.34892159700393677,0.20075,0.012969153001904488,0.483,-5.033,1.762,114.532,0.95621
6277,376671.1,1,0.335391104221344,0.338464617729187,0.20546,0.013067757710814476,0.518,-5.0,1.841,114.673,0.95594
6278,376718.8,1,0.3402998447418213,0.33236268162727356,0.20539,0.012512445449829102,0.612,-4.898,1.872,114.662,0.95651
6279,376782.6,1,0.341300368309021,0.32968589663505554,0.20667,0.012495305389165878,0.63,-4.885,1.883,114.604,0.95529
6280,376847.03,1,0.3356325626373291,0.325418621301651,0.20738,0.01220247708261013,0.655,-4.804,1.908,114.687,0.95541
6281,376911.03,1,0.3321957588195801,0.3220723271369934,0.20934,0.01193248201161623,0.617,-4.802,1.935,114.705,0.95576
6282,376959.0,1,0.3312190771102905,0.3204972743988037,0.2107,0.011955496855080128,0.595,-4.789,1.953,114.574,0.95622
6283,377022.63,1,0.3350631892681122,0.3259411156177521,0.20742,0.012321509420871735,0.635,-4.778,1.96,114.629,0.95611
6284,377086.8,1,0.3363904654979706,0.3280927240848541,0.2017,0.012718559242784977,0.516,-4.837,1.851,114.623,0.95642
6285,377150.63,1,0.3393596112728119,0.3343319594860077,0.2005,0.013333420269191265,0.509,-4.913,1.778,114.535,0.95585
6286,377198.83,1,0.3392341434955597,0.3390016555786133,0.19996,0.01361760776489973,0.465,-4.958,1.77,114.634,0.95461
6287,377263.07,1,0.33849334716796875,0.3375874161720276,0.20059,0.013496269471943378,0.456,-4.95,1.748,114.614,0.95597
6288,377327.03,1,0.3407382667064667,0.337819367647171,0.20005,0.013998247683048248,0.437,-4.965,1.741,114.526,0.95554
6289,377390.63,1,0.34246307611465454,0.3374992907047272,0.19992,0.014509857632219791,0.452,-4.984,1.73,114.625,0.95536
6290,377438.97,1,0.34257614612579346,0.3379930853843689,0.20014,0.014693813398480415,0.421,-4.994,1.725,114.655,0.95518
6291,377502.93,1,0.3391559422016144,0.3389442265033722,0.2018,0.01456720381975174,0.41,-5.02,1.747,114.541,0.95614
6292,377566.93,1,0.33740806579589844,0.3423232138156891,0.2019,0.014561646617949009,0.378,-5.049,1.75,114.634,0.95615
6293,377630.7,1,0.3366701900959015,0.34301111102104187,0.20205,0.014521986246109009,0.376,-5.048,1.734,114.652,0.95615
6294,377678.73,1,0.33785736560821533,0.3461003601551056,0.20207,0.014808137901127338,0.347,-5.047,1.72,114.526,0.9562
6295,377743.03,1,0.3369291126728058,0.3464144766330719,0.20253,0.014829135499894619,0.318,-5.073,1.717,114.665,0.95609
6296,377806.73,1,0.33226966857910156,0.3451898992061615,0.20331,0.01487142127007246,0.334,-5.078,1.699,114.662,0.95584
6297,377871.0,1,0.5004768371582031,0.47184765338897705,0.12957,0.01878635585308075,0.311,-4.946,1.683,114.58,0.95693
6298,377919.1,1,0.681984007358551,0.6536174416542053,0.04133,0.01890137419104576,0.254,-4.833,1.662,114.866,0.95488
6299,377982.7,1,0.629928469657898,0.6107034683227539,0.05292,0.01711963303387165,0.477,-4.776,1.765,114.608,0.95577
6300,378046.67,1,0.6035515069961548,0.5974498987197876,0.06138,0.016850681975483894,0.514,-4.722,1.778,114.547,0.95725
6301,378110.63,1,0.5345309972763062,0.5907118320465088,0.07752,0.016503112390637398,0.427,-4.699,1.807,114.655,0.95627
6302,378159.07,1,0.48940375447273254,0.5600465536117554,0.09605,0.016207648441195488,0.413,-4.711,1.819,114.662,0.95555
6303,378223.0,1,0.4241100549697876,0.5073607563972473,0.12291,0.015505746006965637,0.328,-4.774,1.824,114.543,0.95701
6304,378286.93,1,0.39496660232543945,0.46503323316574097,0.13972,0.014881080016493797,0.361,-4.755,1.83,114.597,0.95668
6305,378350.77,1,0.39570045471191406,0.42896419763565063,0.15285,0.014837246388196945,0.376,-4.762,1.905,114.624,0.95666
6306,378398.73,1,0.3802088797092438,0.39946141839027405,0.16684,0.014731604605913162,0.372,-4.738,1.961,114.499,0.95769
6307,378462.7,1,0.36642134189605713,0.37712591886520386,0.17638,0.014531154185533524,0.362,-4.729,1.978,114.623,0.95501
6308,378526.73,1,0.355379581451416,0.36415234208106995,0.18301,0.014345482923090458,0.36,-4.763,2.002,114.615,0.95636
6309,378590.7,1,0.3497375249862671,0.3521328270435333,0.18818,0.013945508748292923,0.413,-4.768,1.999,114.557,0.95489
6310,378639.0,1,0.3503222167491913,0.3478812277317047,0.18909,0.013951314613223076,0.421,-4.765,2.007,114.638,0.95552
6311,378702.67,1,0.34605345129966736,0.3452850580215454,0.19118,0.013757633976638317,0.45,-4.782,2.002,114.649,0.95591
6312,378766.93,1,0.3485356867313385,0.3401121199131012,0.19298,0.013815222308039665,0.415,-4.814,2.026,114.568,0.95608
6313,378830.7,1,0.34661784768104553,0.33719661831855774,0.19403,0.013783925212919712,0.395,-4.816,2.006,114.667,0.95604
6314,378878.97,1,0.3474150598049164,0.3344897925853729,0.19539,0.013405898585915565,0.368,-4.815,2.003,114.649,0.95658
6315,378943.0,1,0.3493395745754242,0.3330133259296417,0.19679,0.013781844638288021,0.369,-4.819,2.001,114.559,0.95582
6316,379006.63,1,0.34678569436073303,0.3301268219947815,0.1976,0.01368081383407116,0.37,-4.796,1.992,114.678,0.95611
6317,379070.7,1,0.3373688757419586,0.3278835415840149,0.20003,0.013495939783751965,0.359,-4.779,1.997,114.677,0.9556
6318,379119.3,1,0.3418138027191162,0.3243791460990906,0.20256,0.013699912466108799,0.258,-4.814,1.978,114.592,0.95546
6319,379182.83,1,0.33850038051605225,0.3232402801513672,0.20285,0.013974344357848167,0.238,-4.787,1.949,114.704,0.95614
6320,379246.73,1,0.3467612564563751,0.3260559141635895,0.20085,0.014025500975549221,0.19,-4.843,1.947,114.714,0.95547
6321,379310.87,1,0.335038423538208,0.328020304441452,0.20032,0.013842438347637653,0.113,-4.948,1.9,114.613,0.95536
6322,379358.9,1,0.3298719823360443,0.3323896825313568,0.20064,0.013592401519417763,0.031,-5.041,1.87,114.712,0.95492
6323,379422.97,1,0.3302347958087921,0.33851632475852966,0.19993,0.013908636756241322,0.054,-5.089,1.879,114.697,0.95563
6324,379487.1,1,0.33015820384025574,0.34145766496658325,0.19996,0.014483653008937836,0.067,-5.151,1.838,114.625,0.95555
6325,379550.93,1,0.33207663893699646,0.34306421875953674,0.19998,0.014581173658370972,0.062,-5.157,1.827,114.731,0.95643
6326,379599.03,1,0.33041974902153015,0.34669846296310425,0.19998,0.01455735694617033,0.072,-5.164,1.828,114.731,0.95586
6327,379662.73,1,0.33241716027259827,0.34830042719841003,0.20019,0.01497439295053482,0.072,-5.163,1.825,114.64,0.95634
6328,379726.73,1,0.32922589778900146,0.34972909092903137,0.20084,0.014575701206922531,0.109,-5.166,1.821,114.878,0.9571
6329,379790.6,1,0.32778796553611755,0.3474273085594177,0.20118,0.014500780031085014,0.128,-5.189,1.81,114.628,0.9571
6330,379838.9,1,0.32801544666290283,0.3452792167663574,0.20143,0.014746691100299358,0.11,-5.172,1.816,114.656,0.95557
6331,379902.97,1,0.3260762095451355,0.3458554446697235,0.20112,0.014780151657760143,0.066,-5.122,1.805,114.732,0.9551
6332,379967.17,1,0.32254692912101746,0.34168896079063416,0.20221,0.014651747420430183,0.065,-5.123,1.785,114.693,0.95531
6333,380030.6,1,0.3253813087940216,0.34312930703163147,0.20198,0.015180805698037148,0.063,-5.123,1.792,114.556,0.95605
6334,380078.67,1,0.3263311982154846,0.3433213233947754,0.20178,0.015196853317320347,0.015,-5.101,1.782,114.654,0.95526
6335,380142.73,1,0.3256993889808655,0.34123900532722473,0.20277,0.015187165699899197,-0.01,-5.104,1.789,114.667,0.95525
6336,380206.6,1,0.3267573416233063,0.34358373284339905,0.20265,0.01569896936416626,-0.014,-5.125,1.78,114.542,0.9563
6337,380270.73,1,0.3305242657661438,0.3447364270687103,0.20247,0.015357120893895626,-0.153,-5.134,1.778,114.659,0.95596
6338,380318.73,1,0.33095234632492065,0.34419435262680054,0.20314,0.015059495344758034,-0.126,-5.153,1.781,114.653,0.95563
6339,380382.87,1,0.33344241976737976,0.3434026539325714,0.20334,0.015089060179889202,-0.118,-5.153,1.79,114.591,0.95566
6340,380446.73,1,0.3337025046348572,0.34671270847320557,0.20278,0.014755833894014359,-0.125,-5.143,1.766,114.656,0.9558
6341,380510.87,1,0.3299618363380432,0.3448367714881897,0.20234,0.014885413460433483,-0.051,-5.13,1.751,114.678,0.95588
6342,380558.87,1,0.32761386036872864,0.3430359661579132,0.20439,0.014851526357233524,-0.049,-5.129,1.746,114.562,0.95689
6343,380622.8,1,0.3259245753288269,0.342693567276001,0.20437,0.014972943812608719,-0.024,-5.073,1.728,114.659,0.95621
6344,380686.73,1,0.3241964280605316,0.34017279744148254,0.20535,0.015063266269862652,-0.012,-5.064,1.737,114.678,0.9555
6345,380750.57,1,0.3276557922363281,0.345359742641449,0.20338,0.01542440801858902,0.003,-5.092,1.716,114.576,0.95438
6346,380798.97,1,0.32890185713768005,0.3461528718471527,0.20308,0.015738779678940773,0.001,-5.081,1.705,114.629,0.95582
6347,380863.1,1,0.3270445168018341,0.3484381437301636,0.20267,0.01590464636683464,-0.011,-5.084,1.689,114.661,0.9557
6348,380926.73,1,0.3275108337402344,0.3449346423149109,0.20324,0.01615433767437935,0.035,-5.104,1.678,114.57,0.95719
6349,380990.67,1,0.32724708318710327,0.3448202311992645,0.20373,0.016247453168034554,0.069,-5.116,1.671,114.667,0.95615
6350,381038.77,1,0.3269987106323242,0.34424450993537903,0.2038,0.01625696010887623,0.061,-5.098,1.664,114.649,0.95614
6351,381102.93,1,0.3247319161891937,0.34313079714775085,0.20498,0.016695041209459305,0.074,-5.112,1.665,114.543,0.95607
6352,381167.0,1,0.32550516724586487,0.34293892979621887,0.20459,0.016492700204253197,0.08,-5.131,1.663,114.611,0.95611
6353,381231.03,1,0.32512712478637695,0.3432929515838623,0.2048,0.016536906361579895,0.066,-5.14,1.669,114.627,0.95552
6354,381278.83,1,0.3280412256717682,0.3475192189216614,0.20338,0.01700323075056076,0.039,-5.145,1.66,114.563,0.95475
6355,381342.77,1,0.3208419382572174,0.3463144898414612,0.20484,0.01644398272037506,0.02,-5.154,1.689,114.664,0.95511
6356,381406.97,1,0.31741881370544434,0.3443616032600403,0.20482,0.016090843826532364,0.021,-5.142,1.682,114.621,0.95563
6357,381470.7,1,0.3093642294406891,0.3437837064266205,0.20645,0.015996525064110756,0.154,-5.162,1.707,114.538,0.95581
6358,381519.03,1,0.3078409731388092,0.3443131446838379,0.20648,0.015623376704752445,0.194,-5.091,1.699,114.816,0.95507
6359,381582.97,1,0.3110295534133911,0.3482394516468048,0.20666,0.015712622553110123,0.176,-5.121,1.708,114.573,0.95482
6360,381646.6,1,0.3088437616825104,0.3479185700416565,0.20642,0.014922828413546085,0.127,-4.998,1.707,115.202,0.92768
6361,381710.67,1,0.3060097396373749,0.34489011764526367,0.20734,0.014796247705817223,0.125,-4.996,1.724,115.343,0.92487
6362,381759.0,1,0.3058830499649048,0.34407877922058105,0.20766,0.014661884866654873,0.1,-4.966,1.726,115.346,0.9259
6363,381822.7,1,0.31233879923820496,0.3454802334308624,0.20685,0.014940227381885052,0.073,-5.0,1.748,115.538,0.91248
6364,381887.13,1,0.31486016511917114,0.3459344804286957,0.20611,0.014847307465970516,0.065,-4.995,1.734,115.64,0.91299
6365,381950.63,1,0.315711110830307,0.34353339672088623,0.20614,0.014959798194468021,0.062,-5.0,1.746,115.665,0.91256
6366,381998.6,1,0.3190233111381531,0.34531620144844055,0.20519,0.015605593100190163,0.087,-5.063,1.73,115.532,0.91365
6367,382063.03,1,0.32137325406074524,0.34664180874824524,0.2045,0.015178403817117214,0.093,-5.086,1.738,115.504,0.91836
6368,382126.67,1,0.3320312201976776,0.3454998731613159,0.2032,0.015410959720611572,0.177,-5.026,1.812,115.533,0.91798
6369,382190.53,1,0.33493509888648987,0.3458424508571625,0.20402,0.014728973619639874,0.211,-4.992,1.917,114.732,0.94532
6370,382239.07,1,0.328608900308609,0.33942824602127075,0.205,0.014496861957013607,0.262,-4.949,1.93,114.826,0.94724
6371,382302.93,1,0.325796902179718,0.3363081216812134,0.2057,0.013798614963889122,0.279,-4.941,1.964,114.821,0.94842
6372,382366.97,1,0.3285025656223297,0.33403074741363525,0.20684,0.013261489570140839,0.243,-4.94,1.996,114.549,0.95562
6373,382430.93,1,0.33100807666778564,0.3325955867767334,0.20649,0.013619542121887207,0.209,-4.946,1.999,114.634,0.95516
6374,382478.7,1,0.3252360224723816,0.32881593704223633,0.20826,0.013408811762928963,0.222,-4.93,2.041,114.606,0.95645
6375,382542.9,1,0.32592490315437317,0.3192974627017975,0.21002,0.013159231282770634,0.247,-4.933,2.056,114.509,0.95657
6376,382606.97,1,0.32833853363990784,0.3201836347579956,0.20908,0.013478624634444714,0.266,-4.95,2.044,114.628,0.95564
6377,382670.7,1,0.32688963413238525,0.32015904784202576,0.20919,0.013400411233305931,0.261,-4.959,2.032,114.639,0.95662
6378,382718.83,1,0.32759737968444824,0.3216110169887543,0.20875,0.013151722028851509,0.234,-4.958,2.03,114.521,0.95635
6379,382782.8,1,0.3271671533584595,0.31917697191238403,0.20895,0.01310669630765915,0.225,-4.963,2.024,114.592,0.95573
6380,382846.6,1,0.3264695703983307,0.31906747817993164,0.20921,0.012853858061134815,0.193,-4.989,2.023,114.608,0.95602
6381,382910.57,1,0.32155948877334595,0.3133127987384796,0.21146,0.012965930625796318,0.153,-4.994,2.013,114.528,0.95611
6382,382958.6,1,0.3192440867424011,0.3130948543548584,0.21203,0.012984238564968109,0.154,-4.98,2.029,114.612,0.95637
6383,383022.57,1,0.32183215022087097,0.31642648577690125,0.20942,0.012975191697478294,0.218,-4.937,1.998,114.6,0.95679
6384,383086.97,1,0.3124620318412781,0.32009533047676086,0.20673,0.013641966506838799,0.175,-5.076,1.956,114.508,0.95649
6385,383150.57,1,0.3130257725715637,0.32513684034347534,0.20513,0.013905706815421581,0.149,-5.099,1.916,114.627,0.95484
6386,383198.87,1,0.3125096261501312,0.329623281955719,0.20444,0.013964597135782242,0.09,-5.114,1.915,114.619,0.95637
6387,383262.9,1,0.317839115858078,0.34118229150772095,0.20364,0.014280296862125397,0.079,-5.18,1.902,114.52,0.95588
6388,383326.97,1,0.3215441405773163,0.3439498841762543,0.20296,0.014463423751294613,0.07,-5.185,1.884,114.756,0.95588
6389,383390.57,1,0.32285842299461365,0.3456912338733673,0.20329,0.014297005720436573,0.09,-5.199,1.882,114.528,0.95584
6390,383438.9,1,0.32552409172058105,0.345994234085083,0.20295,0.013940848410129547,0.06,-5.184,1.851,114.522,0.95555
6391,383502.93,1,0.32967689633369446,0.34556058049201965,0.20191,0.014375254511833191,0.036,-5.201,1.846,114.589,0.9556
6392,383566.93,1,0.331358939409256,0.3450559675693512,0.20143,0.014234384521842003,0.024,-5.206,1.847,114.574,0.95605
6393,383630.47,1,0.33248424530029297,0.3466683626174927,0.20085,0.01427106186747551,0.004,-5.228,1.854,114.446,0.95579
6394,383678.7,1,0.33334898948669434,0.34643784165382385,0.20066,0.014319629408419132,0.005,-5.237,1.863,114.566,0.95598
6395,383742.57,1,0.3298153281211853,0.34597331285476685,0.20145,0.014198665507137775,0.051,-5.21,1.858,114.59,0.95587
6396,383806.6,1,0.3296067416667938,0.345586359500885,0.20179,0.014361166395246983,0.06,-5.235,1.871,114.519,0.95505
6397,383871.0,1,0.32955583930015564,0.34571897983551025,0.20202,0.014461792074143887,0.054,-5.217,1.863,114.599,0.95541
6398,383918.97,1,0.3291376829147339,0.3459269106388092,0.20226,0.014381133019924164,0.053,-5.241,1.861,114.598,0.95619
6399,383982.7,1,0.3273261785507202,0.34602364897727966,0.2027,0.014292780309915543,0.022,-5.204,1.863,114.505,0.95611
6400,384046.87,1,0.3264490067958832,0.34353798627853394,0.20317,0.014506988227367401,-0.024,-5.21,1.867,114.602,0.95564
6401,384110.53,1,0.3236565589904785,0.34126153588294983,0.20437,0.014072495512664318,-0.044,-5.216,1.844,114.606,0.95638
6402,384158.63,1,0.32161271572113037,0.3375270664691925,0.20698,0.013870267197489738,-0.062,-5.218,1.859,114.494,0.95599
6403,384222.57,1,0.3241351544857025,0.3375670313835144,0.20636,0.014099634252488613,-0.052,-5.214,1.837,114.581,0.95609
6404,384286.63,1,0.321409672498703,0.33446112275123596,0.20775,0.01379462517797947,-0.062,-5.189,1.837,114.58,0.9564
6405,384350.47,1,0.3268106281757355,0.3352586030960083,0.20532,0.014075050130486488,-0.081,-5.229,1.826,114.499,0.9555
6406,384398.77,1,0.32590627670288086,0.33613693714141846,0.20534,0.014201348647475243,-0.096,-5.233,1.812,114.609,0.95547
6407,384462.9,1,0.32775285840034485,0.3402532935142517,0.20454,0.014234818518161774,-0.126,-5.252,1.817,114.581,0.95638
6408,384526.53,1,0.3291853666305542,0.34291884303092957,0.20432,0.014358042739331722,-0.144,-5.266,1.805,114.492,0.95604
6409,384590.47,1,0.3272978961467743,0.34183254837989807,0.20522,0.014727451838552952,-0.151,-5.272,1.803,114.602,0.95628
6410,384638.83,1,0.329363614320755,0.34134218096733093,0.20497,0.01484744530171156,-0.095,-5.289,1.793,114.588,0.95633
6411,384702.5,1,0.32790759205818176,0.3418489992618561,0.20495,0.015541096217930317,0.022,-5.303,1.762,114.49,0.95672
6412,384766.47,1,0.3276646137237549,0.3415222764015198,0.20487,0.01569265127182007,0.083,-5.273,1.759,114.577,0.95649
6413,384830.47,1,0.32366758584976196,0.3393910527229309,0.20574,0.015417266637086868,0.103,-5.271,1.743,114.581,0.95634
6414,384878.47,1,0.3134835958480835,0.3391072154045105,0.20837,0.014810469001531601,0.099,-5.264,1.752,114.486,0.9559
6415,384942.53,1,0.31240394711494446,0.3368735611438751,0.20905,0.014731500297784805,0.097,-5.253,1.772,114.6,0.95611
6416,385006.47,1,0.31052228808403015,0.3355664908885956,0.20908,0.014311219565570354,0.052,-5.208,1.773,114.589,0.95688
6417,385070.57,1,0.3112703561782837,0.33720532059669495,0.20842,0.01441301591694355,0.045,-5.176,1.764,114.505,0.95695
6418,385119.0,1,0.31496602296829224,0.3368977904319763,0.20771,0.014721267856657505,0.052,-5.164,1.762,114.743,0.95593
6419,385182.8,1,0.31305956840515137,0.3353256583213806,0.20897,0.015011630952358246,0.026,-5.199,1.779,114.519,0.95554
6420,385246.7,1,0.31375202536582947,0.3381601870059967,0.20897,0.01543988473713398,0.01,-5.104,1.769,114.518,0.95648
6421,385310.47,1,0.3126358091831207,0.33614325523376465,0.2098,0.015351267531514168,0.006,-5.089,1.78,114.622,0.95614
6422,385358.8,1,0.31126314401626587,0.3322017788887024,0.21053,0.015409532934427261,0.034,-5.087,1.762,114.617,0.95632
6423,385422.93,1,0.311050146818161,0.3277174234390259,0.21097,0.015542911365628242,0.066,-5.094,1.776,114.525,0.95682
6424,385486.83,1,0.30930861830711365,0.3276946246623993,0.21083,0.015211747027933598,0.09,-5.056,1.768,114.601,0.95626
6425,385550.6,1,0.30157431960105896,0.32447686791419983,0.21282,0.014796067960560322,0.05,-5.08,1.783,114.613,0.9557
6426,385598.47,1,0.3028741776943207,0.32422947883605957,0.21288,0.01459021307528019,0.067,-5.077,1.782,114.494,0.9565
6427,385662.57,1,0.3029492199420929,0.3243851661682129,0.21252,0.014557535760104656,0.085,-5.058,1.788,114.581,0.95714
6428,385727.0,1,0.29953598976135254,0.3224855363368988,0.21428,0.014038589783012867,0.148,-5.043,1.797,114.605,0.95615
6429,385790.47,1,0.3022746741771698,0.3228004574775696,0.21421,0.01424152497202158,0.177,-5.056,1.805,114.509,0.95568
6430,385838.93,1,0.3036828637123108,0.322736918926239,0.21387,0.014483236707746983,0.176,-5.057,1.801,114.599,0.95534
6431,385902.8,1,0.30394652485847473,0.32305780053138733,0.21364,0.014356895349919796,0.146,-5.063,1.831,114.618,0.95531
6432,385966.63,1,0.3036200702190399,0.322196364402771,0.21499,0.014377119019627571,0.145,-5.094,1.843,114.543,0.95572
6433,386030.47,1,0.3038562536239624,0.3213825821876526,0.215,0.01417337916791439,0.19,-5.122,1.838,114.629,0.95573
6434,386078.83,1,0.3015064001083374,0.3214091658592224,0.21436,0.014032987877726555,0.209,-5.107,1.84,114.628,0.95578
6435,386142.7,1,0.2992406189441681,0.32308271527290344,0.21563,0.014268661849200726,0.182,-5.138,1.858,114.572,0.95577
6436,386206.67,1,0.30367159843444824,0.3230837285518646,0.2143,0.014439668506383896,0.188,-5.138,1.846,114.654,0.95633
6437,386270.67,1,0.3041382133960724,0.322143018245697,0.21491,0.014142271131277084,0.107,-5.168,1.874,114.642,0.95615
6438,386318.8,1,0.30364421010017395,0.32210347056388855,0.21489,0.014234117232263088,0.109,-5.174,1.876,114.539,0.95612
6439,386382.77,1,0.30218058824539185,0.3229092061519623,0.21426,0.01377895474433899,0.095,-5.182,1.872,114.654,0.9558
6440,386447.03,1,0.30133968591690063,0.32577136158943176,0.21387,0.013751720078289509,0.099,-5.219,1.899,114.655,0.95606
6441,386510.43,1,0.3044990599155426,0.32640522718429565,0.2136,0.013705722987651825,0.124,-5.232,1.873,114.545,0.95599
6442,386558.5,1,0.30512097477912903,0.3266024589538574,0.2134,0.013952246867120266,0.103,-5.221,1.866,114.614,0.9573
6443,386622.5,1,0.3057844638824463,0.32550954818725586,0.21338,0.013934073969721794,0.088,-5.25,1.87,114.62,0.95523
6444,386686.63,1,0.3080034554004669,0.3249574601650238,0.21367,0.01467396691441536,-0.0,-5.293,1.873,114.53,0.95577
6445,386750.47,1,0.3077607750892639,0.3240329921245575,0.21418,0.014971029944717884,-0.006,-5.286,1.891,114.608,0.95615
6446,386798.67,1,0.3059792220592499,0.3240302801132202,0.21538,0.014875042252242565,-0.035,-5.292,1.89,114.627,0.95543
6447,386862.87,1,0.3621119558811188,0.3667933940887451,0.18929,0.01675492897629738,-0.158,-5.253,1.888,114.513,0.95629
6448,386926.6,1,0.6405025720596313,0.6387680172920227,0.05635,0.01788649521768093,-0.241,-5.063,1.847,114.784,0.95604
6449,386990.5,1,0.6071116924285889,0.6135755777359009,0.05421,0.018065981566905975,0.13,-5.003,1.939,114.554,0.95711
6450,387038.4,1,0.597872257232666,0.6177300810813904,0.05546,0.017939945682883263,0.165,-4.967,1.911,114.516,0.95745
6451,387102.47,1,0.5411343574523926,0.5849766731262207,0.07533,0.017548637464642525,0.172,-4.982,1.941,114.64,0.95683
6452,387166.8,1,0.47614386677742004,0.5128990411758423,0.10585,0.016654938459396362,0.146,-4.977,1.908,114.618,0.95562
6453,387230.43,1,0.43208780884742737,0.4492386281490326,0.13489,0.01633976213634014,-0.025,-5.071,1.874,114.52,0.95684
6454,387278.87,1,0.42629221081733704,0.4253351092338562,0.14295,0.01634296588599682,-0.087,-5.035,1.843,114.618,0.95593
6455,387342.77,1,0.39432936906814575,0.38852810859680176,0.15872,0.01569218747317791,-0.101,-5.054,1.815,114.612,0.95619
6456,387406.53,1,0.3895336389541626,0.38239723443984985,0.1637,0.015955820679664612,-0.117,-5.039,1.78,114.52,0.9553
6457,387470.57,1,0.3771780729293823,0.3774449825286865,0.16835,0.01593463122844696,-0.087,-4.986,1.772,114.596,0.95604
6458,387518.57,1,0.36949464678764343,0.37285056710243225,0.17396,0.01586601696908474,-0.081,-5.004,1.762,114.579,0.95614
6459,387582.8,1,0.3679529130458832,0.3733307123184204,0.17601,0.016008328646421432,-0.041,-5.033,1.768,114.47,0.95548
6460,387646.93,1,0.36056509613990784,0.36906224489212036,0.18117,0.015729276463389397,-0.023,-5.027,1.762,114.586,0.95518
6461,387710.5,1,0.3580699563026428,0.3686234951019287,0.18237,0.016060085967183113,0.024,-5.027,1.773,114.563,0.95576
6462,387758.63,1,0.3543796241283417,0.36338409781455994,0.18562,0.015999872237443924,0.035,-5.062,1.765,114.495,0.95486
6463,387822.6,1,0.34630900621414185,0.36112335324287415,0.18841,0.015918878838419914,0.046,-5.05,1.776,114.571,0.95612
6464,387886.83,1,0.34059926867485046,0.35760605335235596,0.19109,0.015116139315068722,0.065,-5.031,1.776,114.551,0.95615
6465,387950.47,1,0.3365320563316345,0.3515976071357727,0.19485,0.014349784702062607,0.061,-5.018,1.788,114.477,0.95651
6466,387998.8,1,0.33402860164642334,0.3506534993648529,0.1952,0.014461574144661427,0.098,-5.001,1.795,114.569,0.95531
6467,388062.8,1,0.33014994859695435,0.3465471863746643,0.19623,0.014304756186902523,0.133,-5.004,1.798,114.567,0.95562
6468,388126.9,1,0.3313039541244507,0.34413227438926697,0.19766,0.014828097075223923,0.12,-5.007,1.803,114.462,0.9556
6469,388190.53,1,0.33218127489089966,0.34742599725723267,0.19662,0.015540885739028454,0.07,-4.977,1.778,114.541,0.95614
6470,388238.73,1,0.33475688099861145,0.3467669188976288,0.19648,0.015584541484713554,0.044,-4.994,1.788,114.541,0.95535
6471,388302.8,1,0.3417033553123474,0.350715309381485,0.19579,0.016407573595643044,0.073,-4.987,1.792,114.403,0.95572
6472,388367.0,1,0.34251734614372253,0.3542129695415497,0.19554,0.01649416796863079,0.037,-4.982,1.764,114.481,0.95674
6473,388430.8,1,0.34250354766845703,0.353687584400177,0.19609,0.016255052760243416,0.014,-4.993,1.763,114.502,0.95632
6474,388479.03,1,0.3439885377883911,0.3546263873577118,0.19621,0.01592583954334259,-0.036,-5.032,1.759,114.398,0.95631
6475,388542.8,1,0.3438657224178314,0.3530123829841614,0.19699,0.015692496672272682,-0.112,-5.031,1.775,114.635,0.95159
6476,388606.87,1,0.33971738815307617,0.3501647710800171,0.19873,0.015113938599824905,-0.111,-5.064,1.814,114.664,0.95089
6477,388670.53,1,0.33750540018081665,0.34879934787750244,0.19929,0.014084786176681519,-0.09,-5.059,1.851,115.038,0.93122
6478,388719.03,1,0.33576324582099915,0.3474212884902954,0.20021,0.01409174781292677,-0.088,-5.062,1.864,115.323,0.92934
6479,388782.77,1,0.3261588513851166,0.3458024561405182,0.20296,0.01392750907689333,0.013,-5.071,1.874,115.072,0.92909
6480,388847.07,1,0.3275410532951355,0.3459335267543793,0.20317,0.013754443265497684,0.04,-5.092,1.863,115.41,0.91383
6481,388910.77,1,0.32626989483833313,0.34576621651649475,0.20346,0.013744944706559181,0.042,-5.102,1.878,115.26,0.91424
6482,388958.67,1,0.3220118284225464,0.3414749801158905,0.20479,0.013862709514796734,0.057,-5.103,1.883,115.134,0.9149
6483,389022.4,1,0.32583087682724,0.33969932794570923,0.20515,0.013976461254060268,0.056,-5.104,1.872,114.982,0.91566
6484,389086.53,1,0.3269785940647125,0.3395949602127075,0.2053,0.013824965804815292,0.08,-5.088,1.865,115.055,0.91582
6485,389150.9,1,0.32726821303367615,0.34135422110557556,0.2051,0.013814177364110947,0.049,-5.093,1.835,115.084,0.91481
6486,389198.4,1,0.32722094655036926,0.3434827923774719,0.20496,0.013532397337257862,0.111,-5.074,1.808,114.963,0.91518
6487,389262.83,1,0.3321063816547394,0.346794992685318,0.20312,0.013619349338114262,0.153,-5.036,1.819,115.083,0.91419
6488,389326.73,1,0.33527594804763794,0.34140098094940186,0.20527,0.013611024245619774,0.212,-5.014,1.87,115.079,0.91535
6489,389390.63,1,0.3413841128349304,0.340353786945343,0.2052,0.013417810201644897,0.204,-5.012,1.911,114.989,0.91565
6490,389438.77,1,0.3409622311592102,0.33581361174583435,0.20565,0.013383721932768822,0.237,-5.025,1.926,115.102,0.91484
6491,389502.5,1,0.33625081181526184,0.3319263458251953,0.20731,0.013807944022119045,0.241,-5.014,1.95,115.125,0.91496
6492,389566.8,1,0.3349321782588959,0.32838091254234314,0.20863,0.014308608137071133,0.251,-5.051,1.984,115.043,0.91552
6493,389630.47,1,0.33109959959983826,0.3244869112968445,0.20955,0.01400394830852747,0.332,-5.007,1.995,114.958,0.916
6494,389678.77,1,0.3275834918022156,0.320806086063385,0.21051,0.01379670761525631,0.327,-4.99,1.986,114.935,0.91665
6495,389742.8,1,0.3257818818092346,0.310596227645874,0.21365,0.013642095029354095,0.311,-5.002,1.965,114.07,0.92288
6496,389806.6,1,0.32364121079444885,0.30688753724098206,0.21465,0.013523444533348083,0.292,-4.986,1.976,114.144,0.9228
6497,389870.7,1,0.32653576135635376,0.3095385432243347,0.21327,0.013349572196602821,0.197,-4.97,1.957,114.136,0.92336
6498,389918.87,1,0.3183007538318634,0.30774542689323425,0.21696,0.014186283573508263,0.161,-4.958,2.004,114.053,0.92248
6499,389982.8,1,0.3189232647418976,0.30770397186279297,0.21699,0.013816490769386292,0.224,-4.901,1.996,114.145,0.92273
6500,390046.77,1,0.31778255105018616,0.3062629699707031,0.21772,0.013365719467401505,0.22,-4.897,2.005,114.095,0.92379
6501,390110.37,1,0.31969642639160156,0.3057692348957062,0.2169,0.012895289808511734,0.231,-4.885,1.989,113.988,0.92332
6502,390158.67,1,0.3226501941680908,0.31079238653182983,0.21438,0.013376227580010891,0.193,-4.921,1.958,114.083,0.92319
6503,390222.57,1,0.3211948573589325,0.3141914904117584,0.21216,0.013666107319295406,0.178,-4.977,1.923,114.088,0.92424
6504,390286.53,1,0.31831565499305725,0.3163960874080658,0.21154,0.01362030953168869,0.195,-4.984,1.878,113.97,0.92291
6505,390350.43,1,0.31505924463272095,0.31692323088645935,0.21074,0.01392209529876709,0.181,-5.018,1.851,114.087,0.92306
6506,390398.5,1,0.30879223346710205,0.31779104471206665,0.21118,0.013459725305438042,0.109,-4.999,1.838,114.065,0.92355
6507,390462.7,1,0.30818963050842285,0.3195294439792633,0.21065,0.013207661919295788,0.136,-5.005,1.81,113.924,0.92403
6508,390526.53,1,0.3113267719745636,0.32781410217285156,0.20902,0.013185190036892891,0.146,-5.017,1.809,114.172,0.9243
6509,390590.77,1,0.31334665417671204,0.3315029442310333,0.20864,0.01329577062278986,0.158,-5.015,1.804,113.947,0.92416
6510,390638.83,1,0.31462275981903076,0.33054062724113464,0.20928,0.013742603361606598,0.115,-5.047,1.811,113.955,0.9239
6511,390702.43,1,0.3115508556365967,0.32926881313323975,0.20947,0.01365618035197258,0.118,-5.053,1.792,114.053,0.92503
6512,390766.7,1,0.31023192405700684,0.3286224901676178,0.21011,0.013688432984054089,0.042,-5.062,1.799,114.05,0.92434
6513,390830.43,1,0.31154876947402954,0.3287922143936157,0.21008,0.013884419575333595,0.135,-5.101,1.79,113.943,0.92506
6514,390878.63,1,0.3140571713447571,0.3284449279308319,0.20991,0.014053038321435452,0.128,-5.098,1.791,114.031,0.92477
6515,390942.63,1,0.31759360432624817,0.3301139771938324,0.20942,0.014173818752169609,0.126,-5.103,1.781,114.051,0.92417
6516,391006.33,1,0.3330840468406677,0.3330289125442505,0.20801,0.014646013267338276,0.117,-5.049,1.821,113.951,0.92326
6517,391070.47,1,0.33833712339401245,0.33226388692855835,0.20707,0.014971199445426464,0.127,-4.95,1.861,114.049,0.92372
6518,391118.57,1,0.34061670303344727,0.32962149381637573,0.20708,0.014872261323034763,0.119,-4.956,1.88,114.019,0.92478
6519,391182.9,1,0.34436964988708496,0.32776498794555664,0.20734,0.014957943931221962,0.143,-4.95,1.895,113.948,0.92434
6520,391246.47,1,0.3434115946292877,0.32148799300193787,0.20843,0.014784296974539757,0.208,-4.87,1.901,114.038,0.92373
6521,391310.4,1,0.3431445062160492,0.3155086636543274,0.20979,0.01455430593341589,0.191,-4.862,1.907,114.032,0.92423
6522,391358.63,1,0.3427324593067169,0.3104422092437744,0.21108,0.014382115565240383,0.182,-4.867,1.9,113.927,0.92488
6523,391422.67,1,0.3362005352973938,0.30838868021965027,0.21256,0.014216377399861813,0.182,-4.872,1.902,114.013,0.92454
6524,391486.5,1,0.3298405408859253,0.3038358986377716,0.21384,0.013780171982944012,0.268,-4.817,1.907,114.023,0.92443
6525,391550.33,1,0.3247266411781311,0.3012833893299103,0.21516,0.013643412850797176,0.324,-4.813,1.909,113.917,0.9245
6526,391598.53,1,0.3186493515968323,0.29915469884872437,0.21637,0.013522266410291195,0.348,-4.811,1.907,114.008,0.92437
6527,391662.77,1,0.3172788619995117,0.29794949293136597,0.21658,0.012920631095767021,0.352,-4.81,1.895,114.018,0.92341
6528,391726.43,1,0.3199985921382904,0.2999555766582489,0.21589,0.013001360930502415,0.327,-4.808,1.904,113.872,0.92577
6529,391790.43,1,0.31887736916542053,0.30371901392936707,0.21578,0.013105836696922779,0.245,-4.86,1.921,114.031,0.92354
6530,391838.77,1,0.3192366063594818,0.301199346780777,0.21601,0.012812322936952114,0.297,-4.867,1.908,114.02,0.92345
6531,391902.37,1,0.3230001926422119,0.3016049265861511,0.21592,0.01311318576335907,0.29,-4.865,1.908,113.969,0.92256
6532,391966.8,1,0.3210046589374542,0.3016483187675476,0.21635,0.013319192454218864,0.267,-4.878,1.914,114.043,0.92315
6533,392030.87,1,0.6130146980285645,0.589458167552948,0.07816,0.01796293817460537,0.0,-4.918,1.847,114.104,0.92228
6534,392078.87,1,0.6803226470947266,0.6501750946044922,0.04236,0.018061913549900055,-0.061,-4.815,1.88,114.0,0.92218
6535,392142.8,1,0.6401505470275879,0.601326584815979,0.0565,0.017636341974139214,-0.039,-4.8,1.926,114.095,0.92212
6536,392206.93,1,0.5405468344688416,0.5548772811889648,0.08864,0.016770968213677406,0.071,-4.844,1.96,114.116,0.92253
6537,392270.47,1,0.45092523097991943,0.4639776349067688,0.12701,0.016479216516017914,0.132,-4.856,1.968,114.044,0.92105
6538,392318.6,1,0.41733771562576294,0.42599788308143616,0.14275,0.01621566154062748,0.11,-4.867,1.967,114.244,0.92212
6539,392382.8,1,0.3664776682853699,0.38242730498313904,0.17045,0.015691736713051796,0.158,-4.912,1.988,114.014,0.92185
6540,392446.73,1,0.366616427898407,0.37611693143844604,0.17271,0.01579650677740574,0.22,-4.9,1.979,114.006,0.92251
6541,392510.83,1,0.3509971499443054,0.35087692737579346,0.18366,0.015239137224853039,0.26,-4.927,1.98,114.114,0.92257
6542,392558.83,1,0.3422193229198456,0.33935484290122986,0.19085,0.014514325186610222,0.253,-4.941,1.984,114.108,0.92192
6543,392622.77,1,0.3378371596336365,0.3298678398132324,0.19822,0.014574810862541199,0.313,-4.952,1.98,114.03,0.92203
6544,392686.67,1,0.3388741910457611,0.32814666628837585,0.19917,0.014423173852264881,0.305,-4.967,2.001,114.123,0.92211
6545,392750.57,1,0.3333427906036377,0.32558032870292664,0.20084,0.014262747019529343,0.328,-4.967,1.986,114.122,0.92309
6546,392798.87,1,0.3258909583091736,0.3255549967288971,0.20347,0.013379687443375587,0.345,-4.986,1.997,114.009,0.92326
6547,392862.8,1,0.327351838350296,0.3209102153778076,0.20459,0.01307464949786663,0.275,-5.012,2.014,114.127,0.92258
6548,392926.9,1,0.32519349455833435,0.3185071051120758,0.20554,0.012956250458955765,0.243,-4.999,2.022,114.12,0.92305
6549,392990.83,1,0.3251262307167053,0.3135921061038971,0.20852,0.012929867953062057,0.191,-5.033,2.029,114.026,0.9229
6550,393038.47,1,0.32534337043762207,0.3148954212665558,0.20828,0.013168653473258018,0.164,-5.003,2.033,114.121,0.92267
6551,393102.7,1,0.3237841725349426,0.31379634141921997,0.20919,0.013272039592266083,0.168,-5.003,2.027,114.122,0.92211
6552,393166.47,1,0.32318824529647827,0.3152657151222229,0.20964,0.01325642317533493,0.174,-4.995,2.044,114.011,0.92374
6553,393230.43,1,0.3230910897254944,0.3143676519393921,0.20984,0.013191774487495422,0.159,-4.987,2.05,114.11,0.92298
6554,393278.93,1,0.3238292932510376,0.31382983922958374,0.20982,0.013575877994298935,0.118,-4.997,2.052,114.106,0.92306
6555,393342.77,1,0.32468879222869873,0.3173835873603821,0.20938,0.014156652614474297,0.096,-4.99,2.028,114.014,0.92211
6556,393407.1,1,0.3247775137424469,0.3166765570640564,0.20951,0.014222532510757446,0.064,-4.973,2.038,114.136,0.92276
6557,393470.63,1,0.32164087891578674,0.3152357339859009,0.21042,0.014020029455423355,0.03,-4.988,2.033,114.117,0.9225
6558,393518.53,1,0.32291609048843384,0.3150128424167633,0.21143,0.01393661554902792,0.001,-5.011,2.04,114.013,0.92337
6559,393582.63,1,0.3175634741783142,0.3098060190677643,0.21226,0.013676813803613186,-0.002,-5.0,2.024,114.109,0.92339
6560,393646.83,1,0.30928298830986023,0.306275337934494,0.21428,0.013261678628623486,0.106,-4.985,1.992,114.125,0.92281
6561,393710.6,1,0.31038370728492737,0.3050161898136139,0.21395,0.013591960072517395,0.098,-4.979,1.999,114.028,0.9226
6562,393758.8,1,0.31190523505210876,0.30384668707847595,0.21404,0.014109479263424873,0.079,-5.001,2.027,114.148,0.92302
6563,393822.9,1,0.3106423020362854,0.3011860251426697,0.2145,0.013962628319859505,0.158,-4.966,2.023,114.102,0.92371
6564,393886.5,1,0.31316858530044556,0.29458653926849365,0.21548,0.014385007321834564,0.197,-4.936,2.047,114.011,0.92437
6565,393950.47,1,0.31336161494255066,0.2950066924095154,0.21585,0.014908373355865479,0.188,-4.942,2.036,114.07,0.92418
6566,393998.93,1,0.31367024779319763,0.29471030831336975,0.21599,0.014522342011332512,0.231,-4.891,2.038,114.076,0.92453
6567,394062.87,1,0.31616219878196716,0.30113616585731506,0.21592,0.014131160452961922,0.232,-4.887,2.016,113.992,0.92415
6568,394126.73,1,0.3176397681236267,0.3056001663208008,0.21447,0.013984328135848045,0.183,-4.892,2.022,114.224,0.92402
6569,394190.83,1,0.32047098875045776,0.3039178252220154,0.21442,0.014071153476834297,0.183,-4.932,2.04,113.989,0.92346
6570,394238.83,1,0.3196631669998169,0.30429184436798096,0.21464,0.013605237938463688,0.28,-4.916,2.029,114.006,0.92275
6571,394302.5,1,0.3163990080356598,0.3076900839805603,0.21468,0.013626965694129467,0.301,-4.914,1.99,114.092,0.92316
6572,394366.47,1,0.320266455411911,0.31685712933540344,0.21015,0.013810988515615463,0.307,-4.959,1.947,114.093,0.9242
6573,394430.43,1,0.32000932097435,0.32430514693260193,0.20967,0.013458064757287502,0.3,-4.977,1.886,113.968,0.92498
6574,394478.73,1,0.31302782893180847,0.3258378505706787,0.21009,0.013391034677624702,0.312,-4.984,1.857,114.085,0.92491
6575,394542.83,1,0.30590322613716125,0.3239213526248932,0.21067,0.013115198351442814,0.319,-5.004,1.844,114.134,0.92365
6576,394607.0,1,0.3066598176956177,0.3247987926006317,0.2106,0.013149011880159378,0.225,-5.133,1.839,114.007,0.92376
6577,394670.53,1,0.30967915058135986,0.32539016008377075,0.20939,0.013114986941218376,0.227,-5.093,1.839,114.109,0.92389
6578,394719.03,1,0.30629032850265503,0.3246406018733978,0.21032,0.012926903553307056,0.221,-5.099,1.831,114.141,0.92329
6579,394782.53,1,0.3064827620983124,0.3240048587322235,0.21035,0.012799463234841824,0.201,-5.105,1.821,114.032,0.92294
6580,394846.77,1,0.30424362421035767,0.3233739137649536,0.21085,0.01257804874330759,0.2,-5.111,1.821,114.126,0.92396
6581,394910.47,1,0.3052184581756592,0.3259342908859253,0.20971,0.012504041194915771,0.185,-5.131,1.815,114.14,0.92327
6582,394958.37,1,0.31061968207359314,0.3304496109485626,0.20879,0.012938194908201694,0.146,-5.196,1.833,114.013,0.9233
6583,395022.4,1,0.3181854486465454,0.3363397717475891,0.20796,0.013564095832407475,0.234,-5.185,1.846,114.103,0.92394
6584,395086.4,1,0.5107648372650146,0.5280590057373047,0.11024,0.017854509875178337,0.351,-5.015,1.718,114.14,0.92335
6585,395150.47,1,0.6621232032775879,0.6687380075454712,0.03506,0.018311617895960808,0.277,-4.908,1.775,114.032,0.92385
6586,395198.73,1,0.6346585750579834,0.6400278806686401,0.04035,0.017739398404955864,0.333,-4.841,1.826,114.151,0.9236
6587,395262.77,1,0.5905696153640747,0.5952455401420593,0.0596,0.017405549064278603,0.39,-4.814,1.861,114.148,0.92333
6588,395326.4,1,0.46909698843955994,0.4901047348976135,0.11365,0.016788344830274582,0.381,-4.822,1.931,114.032,0.92388
6589,395390.4,1,0.4389779567718506,0.42467036843299866,0.13411,0.016111433506011963,0.413,-4.81,1.923,114.132,0.92407
6590,395438.63,1,0.36132216453552246,0.3833712637424469,0.16497,0.014927271753549576,0.464,-4.847,1.946,114.149,0.92268
6591,395502.7,1,0.362138032913208,0.3615366816520691,0.17415,0.014428935013711452,0.445,-4.858,1.974,114.04,0.92311
6592,395566.43,1,0.35141995549201965,0.3457769751548767,0.18243,0.01412317156791687,0.461,-4.887,1.958,114.167,0.92231
6593,395630.43,1,0.34803104400634766,0.33933255076408386,0.18701,0.014004192315042019,0.473,-4.868,1.957,114.15,0.92251
6594,395678.77,1,0.3479061722755432,0.33248406648635864,0.19281,0.013720364309847355,0.455,-4.902,1.968,114.076,0.92178
6595,395742.77,1,0.34991830587387085,0.3327578902244568,0.19358,0.01473988313227892,0.399,-4.928,1.93,114.137,0.92161
6596,395806.83,1,0.33854085206985474,0.3312559723854065,0.19983,0.014803032390773296,0.376,-4.937,1.964,114.156,0.92142
6597,395870.47,1,0.3431444764137268,0.3259086310863495,0.20018,0.014831481501460075,0.443,-4.965,1.953,114.057,0.92287
6598,395919.13,1,0.34289804100990295,0.3222418427467346,0.20189,0.014716627076268196,0.362,-4.978,1.972,114.315,0.92241
6599,395982.7,1,0.3429698348045349,0.32224297523498535,0.20329,0.014675029553472996,0.315,-4.977,1.976,114.08,0.92218
6600,396046.6,1,0.3371467888355255,0.3193225860595703,0.20528,0.01513487659394741,0.323,-4.977,1.994,114.048,0.92258
6601,396110.4,1,0.32915741205215454,0.31314846873283386,0.20838,0.01454718317836523,0.361,-4.966,1.98,114.156,0.92237
6602,396158.47,1,0.32700201869010925,0.3115798234939575,0.20946,0.014402893371880054,0.363,-4.957,1.983,114.153,0.92272
6603,396222.73,1,0.3279650807380676,0.308826744556427,0.21054,0.014394855126738548,0.357,-4.951,1.998,114.064,0.92317
6604,396286.77,1,0.3238682746887207,0.3086482584476471,0.21059,0.014395739883184433,0.392,-4.956,1.973,114.155,0.92231
6605,396350.43,1,0.32232022285461426,0.3089302182197571,0.21121,0.014092111960053444,0.467,-4.955,1.948,114.141,0.92254
6606,396398.83,1,0.3185431659221649,0.30839964747428894,0.21192,0.01378747820854187,0.505,-4.972,1.916,114.067,0.92226
6607,396462.87,1,0.31482574343681335,0.30713847279548645,0.21296,0.013450946658849716,0.505,-4.974,1.917,114.125,0.92289
6608,396526.77,1,0.313162624835968,0.3039942681789398,0.21475,0.013359309174120426,0.52,-4.975,1.927,114.144,0.92221
6609,396590.37,1,0.31637299060821533,0.30064526200294495,0.21501,0.014064772054553032,0.477,-5.008,1.954,114.026,0.9225
6610,396638.6,1,0.31652283668518066,0.3013778328895569,0.21515,0.014179049991071224,0.483,-5.013,1.968,114.129,0.92185
6611,396702.47,1,0.31208664178848267,0.2970088720321655,0.21652,0.013037364929914474,0.593,-4.962,1.988,114.103,0.92228
6612,396766.5,1,0.31153446435928345,0.29701557755470276,0.21865,0.012551561929285526,0.543,-4.916,2.03,114.026,0.92279
6613,396830.77,1,0.3113895058631897,0.2984609007835388,0.21764,0.012468669563531876,0.497,-4.93,2.031,114.144,0.92182
6614,396878.7,1,0.30802226066589355,0.2962569296360016,0.21907,0.012589105404913425,0.506,-4.944,2.048,114.107,0.92237
6615,396942.67,1,0.30867594480514526,0.29524117708206177,0.21997,0.012385668233036995,0.443,-5.006,2.046,114.016,0.92287
6616,397006.4,1,0.3107084631919861,0.2969503700733185,0.21985,0.01249678898602724,0.452,-4.988,2.068,114.134,0.92272
6617,397070.63,1,0.31444719433784485,0.2973719835281372,0.21839,0.0124208964407444,0.446,-4.966,2.067,114.16,0.92198
6618,397118.97,1,0.3144068419933319,0.29839083552360535,0.2189,0.012616784311830997,0.439,-4.945,2.093,114.062,0.92179
6619,397182.5,1,0.31314706802368164,0.2991254925727844,0.21859,0.012384000234305859,0.447,-4.902,2.089,114.162,0.92212
6620,397246.33,1,0.3115290403366089,0.2995447814464569,0.21886,0.012084594927728176,0.494,-4.866,2.064,114.142,0.92295
6621,397310.33,1,0.31169185042381287,0.3000929653644562,0.21899,0.011396550573408604,0.522,-4.855,2.097,114.067,0.92203
6622,397358.33,1,0.3113088607788086,0.2997555136680603,0.21888,0.011850333772599697,0.487,-4.864,2.091,114.122,0.92257
6623,397422.5,1,0.31203314661979675,0.2990493178367615,0.21833,0.012101521715521812,0.476,-4.869,2.088,114.111,0.92192
6624,397486.73,1,0.31598910689353943,0.29802173376083374,0.21791,0.012476501986384392,0.426,-4.88,2.093,113.983,0.92329
6625,397550.33,1,0.31605690717697144,0.29704710841178894,0.21832,0.01255984976887703,0.329,-4.949,2.101,114.096,0.92194
6626,397598.77,1,0.3147733509540558,0.29701727628707886,0.21844,0.01252592634409666,0.354,-4.935,2.09,114.088,0.92211
6627,397662.37,1,0.31221646070480347,0.2978532910346985,0.21821,0.01235002838075161,0.375,-4.913,2.058,114.013,0.92202
6628,397726.83,1,0.3155335783958435,0.3006182014942169,0.21721,0.012099896557629108,0.324,-4.945,2.046,114.25,0.9219
6629,397790.33,1,0.3152241110801697,0.2961999475955963,0.21806,0.011896728537976742,0.306,-4.956,2.024,114.034,0.92262
6630,397838.7,1,0.3171912431716919,0.2965323030948639,0.21775,0.012283488176763058,0.274,-4.953,2.025,114.024,0.92246
6631,397902.43,1,0.3159637153148651,0.2956655025482178,0.21757,0.0128323370590806,0.17,-4.974,2.032,114.104,0.92286
6632,397966.5,1,0.3136093020439148,0.2947748005390167,0.21816,0.012910699471831322,0.247,-4.906,2.026,114.154,0.92247
6633,398030.53,1,0.31463414430618286,0.2936965227127075,0.21801,0.012821975164115429,0.242,-4.826,2.031,114.028,0.92383
6634,398078.57,1,0.3172735273838043,0.2932286858558655,0.21808,0.012985804118216038,0.216,-4.848,2.031,114.173,0.92282
6635,398142.63,1,0.31723010540008545,0.29247093200683594,0.21803,0.01321336254477501,0.164,-4.915,2.031,114.179,0.92151
6636,398206.3,1,0.31886669993400574,0.29302236437797546,0.21813,0.013390272855758667,0.205,-4.978,2.028,114.067,0.92123
6637,398270.43,1,0.3527929484844208,0.3485076129436493,0.19329,0.013917024247348309,0.216,-4.951,2.076,114.182,0.92152
6638,398318.73,1,0.3604244887828827,0.35219618678092957,0.18815,0.013168790377676487,0.218,-4.952,2.1,114.212,0.92155
6639,398382.67,1,0.3618623614311218,0.3544784188270569,0.18736,0.013269703835248947,0.211,-4.928,2.146,114.125,0.92197
6640,398446.4,1,0.37150266766548157,0.3551214933395386,0.18102,0.013440617360174656,0.148,-4.876,2.124,114.22,0.92167
6641,398510.67,1,0.3613019585609436,0.35270583629608154,0.18343,0.013270940631628036,0.138,-4.878,2.142,114.225,0.92184
6642,398574.3,1,0.3507976531982422,0.3547041416168213,0.18716,0.013187393546104431,0.147,-4.842,2.141,114.164,0.92249
6643,398622.77,1,0.35107770562171936,0.3581475019454956,0.18759,0.01343029085546732,0.069,-4.83,2.133,114.273,0.92091
6644,398686.77,1,0.3404940366744995,0.3464244604110718,0.19588,0.01326316874474287,0.112,-4.843,2.133,114.254,0.92227
6645,398750.33,1,0.355537474155426,0.3515531122684479,0.19184,0.013642583042383194,0.106,-4.877,2.15,114.125,0.92212
6646,398814.3,1,0.3501181900501251,0.3437562882900238,0.1956,0.013662140816450119,0.115,-4.865,2.143,114.246,0.92244
6647,398862.53,1,0.3316137492656708,0.3369440734386444,0.20267,0.013371317647397518,0.174,-4.889,2.142,114.254,0.92102
6648,398926.83,1,0.32026246190071106,0.3223872482776642,0.20898,0.013072045519948006,0.261,-4.899,2.124,114.156,0.9204
6649,398990.37,1,0.3181527554988861,0.3104170262813568,0.21182,0.013148102909326553,0.278,-4.894,2.1,114.217,0.92108
6650,399054.7,1,0.314094603061676,0.30857178568840027,0.21308,0.012263966724276543,0.297,-4.858,2.117,114.218,0.92029
6651,399102.57,1,0.3137531280517578,0.30923596024513245,0.21341,0.012131423689424992,0.298,-4.849,2.098,114.085,0.92105
6652,399166.57,1,0.3136574625968933,0.30783140659332275,0.21425,0.012573359534144402,0.283,-4.86,2.074,114.226,0.92091
6653,399230.53,1,0.3156723976135254,0.309450626373291,0.21399,0.012503487057983875,0.271,-4.835,2.055,114.228,0.92096
6654,399294.33,1,0.3165584206581116,0.31071752309799194,0.21477,0.012925546616315842,0.263,-4.861,2.053,114.142,0.92237
6655,399342.67,1,0.3111972510814667,0.30840635299682617,0.21579,0.01262752991169691,0.301,-4.787,2.03,114.234,0.92141
6656,399406.47,1,0.3115029036998749,0.3065796494483948,0.21655,0.012786414474248886,0.306,-4.779,2.023,114.22,0.92227
6657,399470.4,1,0.311115562915802,0.3068108558654785,0.21809,0.012942859902977943,0.341,-4.789,2.018,114.142,0.92216
6658,399534.37,1,0.3115370273590088,0.30494534969329834,0.21824,0.012746034190058708,0.343,-4.792,2.017,114.365,0.92118
6659,399582.77,1,0.3117859661579132,0.3033444583415985,0.21925,0.0128848971799016,0.358,-4.79,2.036,114.136,0.92064
6660,399646.63,1,0.30744680762290955,0.3010892868041992,0.22058,0.012570125982165337,0.538,-4.845,1.996,114.072,0.92267
6661,399710.37,1,0.305582195520401,0.2998609244823456,0.22119,0.012427449226379395,0.59,-4.849,1.977,114.196,0.92301
6662,399774.43,1,0.30270421504974365,0.29994797706604004,0.22136,0.012601468712091446,0.606,-4.851,1.928,114.188,0.92244
6663,399822.67,1,0.3060592710971832,0.30033066868782043,0.22116,0.012418324127793312,0.613,-4.874,1.899,114.12,0.92237
6664,399886.47,1,0.3041169047355652,0.2990878224372864,0.2217,0.01220742054283619,0.618,-4.883,1.892,114.19,0.92354
6665,399950.4,1,0.298956960439682,0.294610857963562,0.22298,0.011806264519691467,0.641,-4.856,1.863,114.218,0.92289
6666,400014.33,1,0.30305102467536926,0.2988474667072296,0.22349,0.01160765253007412,0.502,-4.851,1.872,114.095,0.92379
6667,400062.47,1,0.30239003896713257,0.2965884506702423,0.22285,0.011697583831846714,0.507,-4.841,1.854,114.203,0.9224
6668,400126.87,1,0.30254054069519043,0.2959613800048828,0.2229,0.011436431668698788,0.51,-4.853,1.87,114.198,0.92241
6669,400190.37,1,0.30584365129470825,0.2950756251811981,0.22231,0.011408546939492226,0.466,-4.917,1.884,114.16,0.92171
6670,400254.4,1,0.3060340881347656,0.2951085865497589,0.22197,0.011456656269729137,0.518,-4.924,1.878,114.243,0.92233
6671,400302.57,1,0.3050965666770935,0.29340729117393494,0.22278,0.011554853990674019,0.495,-4.913,1.903,114.21,0.92259
6672,400366.3,1,0.3097136616706848,0.2969566285610199,0.22099,0.011984446085989475,0.513,-4.912,1.909,114.129,0.92239
6673,400430.37,1,0.30878207087516785,0.2950652539730072,0.22126,0.012273015454411507,0.52,-4.913,1.901,114.383,0.92133
6674,400494.47,1,0.3099084198474884,0.2938102185726166,0.22167,0.01186573226004839,0.51,-4.89,1.891,114.475,0.92105
6675,400542.67,1,0.31803154945373535,0.29916131496429443,0.21898,0.0115353399887681,0.524,-4.916,1.878,115.148,0.91578
6676,400606.97,1,0.310183584690094,0.30380040407180786,0.21915,0.011135037057101727,0.558,-4.958,1.894,115.339,0.91374
6677,400670.87,1,0.30986207723617554,0.30435091257095337,0.21853,0.010775231756269932,0.608,-4.949,1.885,115.332,0.91342
6678,400734.37,1,0.3104756772518158,0.30662089586257935,0.21871,0.010543682612478733,0.673,-4.959,1.884,115.242,0.91336
6679,400782.73,1,0.3043821156024933,0.3313975930213928,0.21242,0.010757522657513618,0.62,-4.968,1.848,115.351,0.91337
6680,400846.6,1,0.300542414188385,0.33207741379737854,0.21149,0.010861811228096485,0.599,-4.998,1.828,115.333,0.91324
6681,400910.57,1,0.302175909280777,0.3421138823032379,0.20832,0.010717520490288734,0.575,-5.017,1.833,115.235,0.91375
6682,400974.43,1,0.3031722605228424,0.34212809801101685,0.20777,0.010573342442512512,0.585,-5.018,1.825,115.377,0.91308
6683,401022.4,1,0.30198556184768677,0.343048095703125,0.20767,0.010673376731574535,0.54,-5.067,1.817,115.362,0.91369
6684,401086.8,1,0.30465036630630493,0.3426172137260437,0.20751,0.010683461092412472,0.613,-5.126,1.816,115.271,0.91293
6685,401150.83,1,0.30539271235466003,0.34428659081459045,0.20722,0.010765984654426575,0.619,-5.162,1.824,115.392,0.91263
6686,401214.53,1,0.3035523593425751,0.3421243131160736,0.20825,0.010909255594015121,0.612,-5.153,1.797,115.392,0.91239
6687,401262.5,1,0.30644872784614563,0.3425256907939911,0.20829,0.011087197810411453,0.642,-5.197,1.808,115.314,0.91183
6688,401326.87,1,0.30584612488746643,0.345144659280777,0.20641,0.011122370138764381,0.815,-5.013,1.776,115.529,0.91226
6689,401390.47,1,0.3212246596813202,0.34145215153694153,0.20902,0.010974986478686333,0.855,-4.968,1.779,115.279,0.91307
6690,401454.47,1,0.3266039490699768,0.34112364053726196,0.20668,0.011661971919238567,0.836,-4.931,1.835,115.269,0.91252
6691,401502.57,1,0.3170500099658966,0.339515745639801,0.20851,0.010631455108523369,0.846,-4.922,1.893,115.309,0.91312
6692,401566.67,1,0.31257107853889465,0.33292073011398315,0.20941,0.010144680738449097,0.905,-4.925,1.906,115.307,0.91318
6693,401630.43,1,0.3073781728744507,0.33124226331710815,0.2119,0.010123844258487225,0.902,-4.97,1.922,115.279,0.91307
6694,401694.7,1,0.2951585650444031,0.3232029974460602,0.21558,0.009729408659040928,0.92,-4.956,1.946,115.374,0.91265
6695,401742.5,1,0.29213622212409973,0.3193296492099762,0.21699,0.009464657865464687,0.945,-4.953,1.963,115.321,0.91214
6696,401806.47,1,0.29051321744918823,0.3169388175010681,0.21735,0.009161962196230888,0.98,-4.975,1.973,115.293,0.91316
6697,401870.7,1,0.29140037298202515,0.3147628605365753,0.2171,0.00914200209081173,0.933,-4.98,1.973,115.381,0.91248
6698,401934.57,1,0.29106971621513367,0.31412220001220703,0.21772,0.009189394302666187,0.938,-4.966,1.96,115.378,0.91245
6699,401982.43,1,0.2964634895324707,0.31582629680633545,0.21693,0.009418549947440624,0.881,-4.957,1.938,115.263,0.91364
6700,402046.53,1,0.2993513345718384,0.3180958926677704,0.21414,0.009652778506278992,0.86,-4.954,1.963,115.308,0.91326
6701,402110.67,1,0.3015240728855133,0.3154310882091522,0.21398,0.009458021260797977,1.049,-4.911,1.936,115.302,0.91386
6702,402174.47,1,0.30256250500679016,0.3150276243686676,0.21328,0.008996586315333843,1.188,-4.872,1.967,115.257,0.91314
6703,402222.5,1,0.3041817843914032,0.31388187408447266,0.21307,0.00896134227514267,1.183,-4.881,1.976,115.329,0.91316
6704,402286.5,1,0.30568137764930725,0.31324753165245056,0.21296,0.00881574023514986,1.205,-4.882,1.994,115.281,0.91269
6705,402350.5,1,0.30475103855133057,0.3133091926574707,0.21343,0.008745652623474598,1.215,-4.89,2.012,115.257,0.91283
6706,402414.53,1,0.30645063519477844,0.3136875331401825,0.21314,0.008711038157343864,1.194,-4.899,2.013,115.343,0.91163
6707,402462.67,1,0.30517497658729553,0.31218868494033813,0.21339,0.008674227632582188,1.194,-4.911,2.015,115.345,0.91279
6708,402526.63,1,0.3067362904548645,0.31315484642982483,0.2142,0.008454225026071072,1.181,-4.91,1.992,115.292,0.91279
6709,402590.47,1,0.3073849678039551,0.31295618414878845,0.21421,0.008776208385825157,1.11,-4.908,1.978,115.371,0.91294
6710,402654.53,1,0.30688533186912537,0.3118347227573395,0.21462,0.0086065037176013,1.053,-4.892,1.986,115.363,0.913
6711,402702.43,1,0.31080353260040283,0.3124507963657379,0.21433,0.008492829278111458,1.057,-4.898,2.0,115.26,0.91298
6712,402766.53,1,0.30946382880210876,0.3113013803958893,0.2148,0.008472856134176254,1.029,-4.875,2.003,115.303,0.91247
6713,402830.53,1,0.3088614344596863,0.31254205107688904,0.21444,0.008187087252736092,1.125,-4.848,1.996,115.309,0.91266
6714,402894.53,1,0.3147892355918884,0.31217142939567566,0.21496,0.00829010084271431,1.072,-4.866,2.033,115.296,0.91202
6715,402942.77,1,0.3113732635974884,0.3137090802192688,0.21409,0.00832250528037548,1.117,-4.857,1.982,115.358,0.91295
6716,403007.17,1,0.3112558126449585,0.31423452496528625,0.21446,0.008132563903927803,1.2,-4.883,1.991,115.335,0.91262
6717,403070.47,1,0.3209459185600281,0.317827969789505,0.21091,0.00811433233320713,1.254,-4.865,1.978,115.264,0.91357
6718,403134.53,1,0.3196987509727478,0.3179490864276886,0.21157,0.007992977276444435,1.26,-4.865,1.986,115.37,0.91449
6719,403182.5,1,0.3213208019733429,0.319399893283844,0.21098,0.0075897593051195145,1.356,-4.877,1.993,115.219,0.91357
6720,403246.7,1,0.32331693172454834,0.3257788121700287,0.20678,0.007923745550215244,1.4,-4.896,2.027,115.206,0.91435
6721,403310.7,1,0.3152930736541748,0.3186973035335541,0.21057,0.007501580286771059,1.459,-4.851,2.038,115.32,0.91327
6722,403374.5,1,0.3178800940513611,0.3200953006744385,0.2106,0.007299208547919989,1.564,-4.797,2.043,115.326,0.91441
6723,403422.83,1,0.3233979344367981,0.3219039738178253,0.21052,0.007273140363395214,1.599,-4.784,2.061,115.251,0.91193
6724,403487.0,1,0.3232615888118744,0.31881964206695557,0.21043,0.006629879120737314,1.684,-4.704,2.121,115.365,0.91249
6725,403550.5,1,0.32002177834510803,0.31577783823013306,0.21109,0.005856561940163374,1.687,-4.674,2.083,115.358,0.91294
6726,403614.5,1,0.32487979531288147,0.3171643316745758,0.20994,0.005512754432857037,1.654,-4.63,2.119,115.246,0.91373
6727,403662.83,1,0.32490652799606323,0.31447404623031616,0.21035,0.005615545436739922,1.636,-4.612,2.149,115.376,0.91315
6728,403726.93,1,0.32416632771492004,0.3149428367614746,0.21049,0.005519048310816288,1.644,-4.603,2.165,115.388,0.91269
6729,403790.5,1,0.32686206698417664,0.3139217495918274,0.21023,0.005334869492799044,1.678,-4.597,2.188,115.32,0.91294
6730,403854.53,1,0.3270449936389923,0.3124805688858032,0.20973,0.005422096233814955,1.71,-4.568,2.211,115.41,0.91228
6731,403902.77,1,0.32437002658843994,0.31230342388153076,0.20978,0.0052525694482028484,1.731,-4.547,2.231,115.375,0.9128
6732,403967.07,1,0.33000266551971436,0.3137936294078827,0.20841,0.005244890693575144,1.725,-4.536,2.232,115.267,0.91214
6733,404030.5,1,0.3308303952217102,0.31578341126441956,0.20716,0.005296975839883089,1.705,-4.542,2.237,115.356,0.91217
6734,404094.63,1,0.32635629177093506,0.3158305287361145,0.20879,0.0052912309765815735,1.72,-4.527,2.236,115.357,0.91306
6735,404142.7,1,0.32665693759918213,0.3155118525028229,0.20849,0.005347404163330793,1.717,-4.534,2.248,115.263,0.91276
6736,404206.8,1,0.32465043663978577,0.31634676456451416,0.20821,0.005330902989953756,1.737,-4.528,2.228,115.362,0.91215
6737,404270.57,1,0.32329636812210083,0.31725552678108215,0.20787,0.005361409392207861,1.706,-4.527,2.194,115.356,0.91263
6738,404334.53,1,0.3682625889778137,0.34782448410987854,0.18691,0.005610291846096516,1.745,-4.542,2.1,115.268,0.9121
6739,404382.8,1,0.5251551866531372,0.5171526670455933,0.1109,0.006483353674411774,1.653,-4.556,2.027,115.395,0.91259
6740,404446.67,1,0.517918586730957,0.5237520933151245,0.1072,0.0065436530858278275,1.648,-4.538,2.025,115.372,0.91296
6741,404510.57,1,0.5186079740524292,0.509595513343811,0.11114,0.006568977143615484,1.614,-4.568,2.043,115.228,0.91329
6742,404574.47,1,0.5052648782730103,0.5044088363647461,0.1136,0.006434410810470581,1.588,-4.58,2.033,115.374,0.91299
6743,404622.83,1,0.48328033089637756,0.49481770396232605,0.12051,0.006366016808897257,1.581,-4.575,2.026,115.376,0.91252
6744,404686.47,1,0.4645041227340698,0.4840323030948639,0.12619,0.0062794252298772335,1.586,-4.575,2.037,115.244,0.9131
6745,404750.9,1,0.4598812162876129,0.45930635929107666,0.13323,0.006095396354794502,1.577,-4.586,2.053,115.363,0.91221
6746,404814.53,1,0.43882253766059875,0.4400227963924408,0.14282,0.006015661638230085,1.604,-4.566,2.097,115.316,0.91294
6747,404862.77,1,0.3915843069553375,0.40223944187164307,0.16226,0.00581708550453186,1.625,-4.553,2.126,115.216,0.91237
6748,404926.93,1,0.381786584854126,0.3920523226261139,0.16799,0.005717383697628975,1.595,-4.545,2.137,115.462,0.91319
6749,404990.63,1,0.3800879120826721,0.3757767379283905,0.17257,0.0055181789211928844,1.691,-4.549,2.145,115.23,0.91279
6750,405054.43,1,0.37862610816955566,0.37223896384239197,0.17509,0.00566755048930645,1.807,-4.573,2.174,115.209,0.91262
6751,405102.47,1,0.37653616070747375,0.3712470829486847,0.17628,0.005615963600575924,1.823,-4.566,2.168,115.274,0.91342
6752,405166.5,1,0.3728662133216858,0.3626718521118164,0.17902,0.005385993048548698,1.787,-4.587,2.125,115.303,0.91278
6753,405230.47,1,0.3789058029651642,0.3658134639263153,0.18024,0.00543416989967227,1.794,-4.569,2.118,115.132,0.91479
6754,405294.53,1,0.37688708305358887,0.3658550977706909,0.1812,0.0053865062072873116,1.78,-4.575,2.106,115.295,0.91349
6755,405342.7,1,0.3734406530857086,0.36228424310684204,0.18252,0.00530681386590004,1.754,-4.553,2.096,115.301,0.91397
6756,405406.47,1,0.3738982677459717,0.36519068479537964,0.18367,0.005304732359945774,1.755,-4.528,2.083,115.228,0.91324
6757,405470.93,1,0.4323670268058777,0.387888640165329,0.16263,0.005616189446300268,1.8,-4.501,2.075,115.322,0.91327
6758,405534.57,1,0.5591951608657837,0.5433768033981323,0.09288,0.0063102669082582,1.767,-4.4,2.037,115.331,0.91353
6759,405582.57,1,0.5556586980819702,0.5471866130828857,0.08767,0.006378534249961376,1.836,-4.366,2.031,115.212,0.91368
6760,405646.97,1,0.5718129277229309,0.5676275491714478,0.07732,0.006273254752159119,1.767,-4.37,1.99,115.312,0.91411
6761,405710.73,1,0.5631392002105713,0.562014639377594,0.07835,0.006209938321262598,1.748,-4.357,2.001,115.306,0.91401
6762,405774.83,1,0.5570045709609985,0.5587084889411926,0.08132,0.005930990446358919,1.738,-4.324,1.992,115.179,0.91426
6763,405822.53,1,0.5398823618888855,0.5462304353713989,0.08799,0.00590586569160223,1.723,-4.333,1.982,115.285,0.91475
6764,405886.9,1,0.5247496366500854,0.5229085087776184,0.09833,0.005744287744164467,1.679,-4.335,1.952,115.288,0.91468
6765,405950.53,1,0.5001471042633057,0.5202635526657104,0.10367,0.005729929078370333,1.709,-4.34,1.94,115.161,0.91386
6766,406014.63,1,0.46982163190841675,0.4965191185474396,0.11689,0.005688539240509272,1.729,-4.359,1.917,115.277,0.9138
6767,406062.8,1,0.4535844027996063,0.4791267216205597,0.12417,0.0057313391007483006,1.748,-4.351,1.899,115.29,0.914
6768,406126.63,1,0.42507320642471313,0.4411585032939911,0.1403,0.005597120616585016,1.784,-4.372,1.899,115.179,0.91437
6769,406190.57,1,0.4247330129146576,0.4355023503303528,0.14451,0.005539515521377325,1.707,-4.386,1.929,115.257,0.91463
6770,406254.5,1,0.41756072640419006,0.4233555197715759,0.14991,0.005514585413038731,1.631,-4.419,1.915,115.28,0.91481
6771,406302.77,1,0.4168402850627899,0.4244525134563446,0.15355,0.005754105746746063,1.598,-4.5,1.886,115.199,0.91414
6772,406366.67,1,0.4153114855289459,0.4239467978477478,0.15315,0.005813270341604948,1.598,-4.526,1.865,115.141,0.9152
6773,406430.47,1,0.4012439250946045,0.41954314708709717,0.15789,0.0058369687758386135,1.606,-4.527,1.856,115.117,0.91559
6774,406494.43,1,0.39537298679351807,0.4175116717815399,0.16203,0.005839050281792879,1.525,-4.513,1.784,114.2,0.92246
6775,406542.53,1,0.3894319236278534,0.41282904148101807,0.16442,0.005615179892629385,1.534,-4.557,1.797,114.304,0.92182
6776,406606.67,1,0.38389915227890015,0.40678712725639343,0.16697,0.0054618120193481445,1.534,-4.583,1.796,114.309,0.92129
6777,406670.37,1,0.3763691186904907,0.39857637882232666,0.17138,0.005443135276436806,1.566,-4.626,1.809,114.22,0.92109
6778,406734.5,1,0.3723525106906891,0.39755862951278687,0.17319,0.005362520460039377,1.521,-4.688,1.817,114.455,0.92184
6779,406782.43,1,0.37279045581817627,0.39894628524780273,0.17404,0.00547846918925643,1.455,-4.711,1.821,114.214,0.92212
6780,406846.73,1,0.3714989423751831,0.3995894491672516,0.17474,0.005483381450176239,1.459,-4.678,1.826,114.223,0.92202
6781,406910.4,1,0.3773508667945862,0.40059614181518555,0.17463,0.005461069289594889,1.523,-4.688,1.877,114.444,0.9216
6782,406974.47,1,0.38594141602516174,0.3893566429615021,0.17329,0.00526892626658082,1.593,-4.679,1.924,114.668,0.92033
6783,407022.37,1,0.38552817702293396,0.3729369640350342,0.17825,0.005200551822781563,1.645,-4.645,1.916,114.713,0.91956
6784,407086.57,1,0.3858521580696106,0.369561105966568,0.17831,0.005281739868223667,1.678,-4.616,1.956,114.754,0.92005
6785,407150.6,1,0.3835258483886719,0.3682645261287689,0.17975,0.005392489954829216,1.659,-4.605,1.967,114.771,0.92015
6786,407214.47,1,0.38530290126800537,0.3784085810184479,0.1772,0.005434203892946243,1.62,-4.644,1.962,114.695,0.92019
6787,407262.8,1,0.37705284357070923,0.37772971391677856,0.17816,0.005719330161809921,1.56,-4.659,1.929,114.817,0.91905
6788,407326.53,1,0.3719508647918701,0.37754207849502563,0.17768,0.005619801580905914,1.573,-4.676,1.886,114.834,0.91887
6789,407390.8,1,0.3606297969818115,0.3778977394104004,0.18157,0.00559632945805788,1.475,-4.802,1.891,114.723,0.91914
6790,407454.7,1,0.36189594864845276,0.37877124547958374,0.18085,0.005554766859859228,1.422,-4.773,1.875,114.834,0.91866
6791,407502.83,1,0.358437716960907,0.3789120614528656,0.18185,0.005550048314034939,1.369,-4.762,1.864,114.83,0.91907
6792,407566.87,1,0.35697412490844727,0.37915316224098206,0.18372,0.005486442707479,1.341,-4.788,1.828,114.694,0.92034
6793,407630.87,1,0.3556152284145355,0.3834899961948395,0.18402,0.005455703008919954,1.344,-4.783,1.812,114.811,0.91867
6794,407694.57,1,0.354418009519577,0.3817736506462097,0.18467,0.0054827104322612286,1.335,-4.776,1.814,114.807,0.91939
6795,407742.73,1,0.3559896647930145,0.38429155945777893,0.18473,0.005489033181220293,1.306,-4.784,1.827,114.71,0.91967
6796,407806.53,1,0.3578443229198456,0.38444915413856506,0.18353,0.0052588763646781445,1.299,-4.73,1.846,114.791,0.91989
6797,407870.53,1,0.36109161376953125,0.3871121108531952,0.18272,0.005333725828677416,1.37,-4.685,1.854,114.825,0.91853
6798,407935.0,1,0.3526782989501953,0.37544652819633484,0.18775,0.0053055305033922195,1.424,-4.665,1.882,114.723,0.91836
6799,407982.9,1,0.35111498832702637,0.37283360958099365,0.18853,0.005265950225293636,1.489,-4.621,1.907,114.839,0.91904
6800,408047.1,1,0.34481778740882874,0.36394211649894714,0.19262,0.005118908826261759,1.493,-4.616,1.981,114.828,0.91948
6801,408110.7,1,0.35204970836639404,0.35594257712364197,0.19427,0.005250133108347654,1.49,-4.599,1.992,114.731,0.91739
6802,408174.53,1,0.403471976518631,0.3972304165363312,0.17085,0.00568796694278717,1.523,-4.628,1.977,114.807,0.91906
6803,408222.9,1,0.44980621337890625,0.47764089703559875,0.1395,0.006037787534296513,1.487,-4.662,1.968,114.798,0.91908
6804,408286.43,1,0.4648416042327881,0.4914969503879547,0.13,0.006117696408182383,1.433,-4.627,1.942,114.698,0.92
6805,408350.67,1,0.45270171761512756,0.4807042181491852,0.13333,0.006021641194820404,1.466,-4.606,1.922,114.752,0.92021
6806,408414.57,1,0.4469437897205353,0.4783628582954407,0.13453,0.006056072656065226,1.468,-4.628,1.918,114.746,0.92035
6807,408462.8,1,0.4344390630722046,0.4606548845767975,0.14173,0.006109100766479969,1.462,-4.617,1.905,114.658,0.91935
6808,408526.53,1,0.4283766448497772,0.4562402069568634,0.14427,0.005910951644182205,1.451,-4.604,1.902,114.916,0.91932
6809,408590.47,1,0.4165608584880829,0.4484387934207916,0.14871,0.00593200558796525,1.463,-4.598,1.895,114.698,0.92137
6810,408654.53,1,0.4049709737300873,0.43968039751052856,0.15367,0.006171158514916897,1.346,-4.59,1.868,114.683,0.92054
6811,408702.8,1,0.3998367488384247,0.43756377696990967,0.15546,0.006060580722987652,1.287,-4.619,1.837,114.787,0.92006
6812,408766.57,1,0.398875892162323,0.43439167737960815,0.15643,0.0060159978456795216,1.269,-4.634,1.839,114.801,0.91968
6813,408830.47,1,0.3979560136795044,0.4340529143810272,0.15858,0.005948130507022142,1.243,-4.634,1.835,114.718,0.92008
6814,408894.5,1,0.3961702287197113,0.4312617778778076,0.15947,0.00594309763982892,1.149,-4.659,1.826,114.803,0.92053
6815,408942.8,1,0.3961913287639618,0.42998531460762024,0.15926,0.00593071524053812,1.182,-4.688,1.829,114.795,0.92025
6816,409006.5,1,0.3960743248462677,0.41067224740982056,0.16365,0.005836725700646639,1.162,-4.69,1.805,114.649,0.92108
6817,409070.53,1,0.382004976272583,0.4094935357570648,0.1686,0.005938752554357052,1.154,-4.699,1.821,114.772,0.91984
6818,409134.53,1,0.3828020691871643,0.4074990451335907,0.17341,0.005987437441945076,1.262,-4.642,1.871,114.788,0.92009
6819,409182.73,1,0.37049975991249084,0.39730003476142883,0.181,0.006085321772843599,1.338,-4.643,1.899,114.655,0.92001
6820,409246.8,1,0.3636557161808014,0.3760029971599579,0.18641,0.00606095977127552,1.375,-4.636,1.926,114.758,0.91971
6821,409310.63,1,0.3599867522716522,0.3670596778392792,0.18927,0.00616629421710968,1.378,-4.632,1.924,114.757,0.92081
6822,409374.37,1,0.3582998812198639,0.36220771074295044,0.19176,0.006218183320015669,1.484,-4.629,1.941,114.657,0.92013
6823,409422.8,1,0.35460034012794495,0.35783442854881287,0.19259,0.00624656118452549,1.504,-4.625,1.971,114.761,0.91984
6824,409486.7,1,0.3467797636985779,0.3550514876842499,0.19552,0.006309200078248978,1.495,-4.618,1.99,114.742,0.92024
6825,409550.53,1,0.34371262788772583,0.35242530703544617,0.19934,0.006228805519640446,1.512,-4.644,2.011,114.655,0.91951
6826,409614.5,1,0.34240931272506714,0.34988629817962646,0.19952,0.006241040304303169,1.54,-4.673,2.034,114.73,0.92082
6827,409662.8,1,0.34358569979667664,0.3475199341773987,0.20114,0.0062651061452925205,1.469,-4.656,2.041,114.746,0.92033
6828,409726.57,1,0.34492284059524536,0.3431350290775299,0.2013,0.0061577679589390755,1.447,-4.631,2.06,114.659,0.92101
6829,409790.5,1,0.3396885395050049,0.3400784432888031,0.20154,0.006180644501000643,1.449,-4.617,2.053,114.767,0.92002
6830,409854.57,1,0.33848121762275696,0.3385850787162781,0.20217,0.006174704525619745,1.434,-4.598,2.06,114.774,0.9198
6831,409902.57,1,0.33646509051322937,0.33650681376457214,0.20296,0.006149351131170988,1.469,-4.564,2.069,114.651,0.91964
6832,409966.9,1,0.3336963951587677,0.333236962556839,0.20334,0.00605415552854538,1.417,-4.55,2.063,114.739,0.92011
6833,410030.63,1,0.33027583360671997,0.3270283043384552,0.20502,0.0061087096109986305,1.42,-4.565,2.093,114.747,0.9199
6834,410094.53,1,0.33418264985084534,0.3220212161540985,0.20511,0.006233281921595335,1.366,-4.619,2.174,114.658,0.9213
6835,410142.9,1,0.32992425560951233,0.3181224465370178,0.20637,0.006266013719141483,1.391,-4.632,2.196,114.715,0.92051
6836,410206.83,1,0.32914265990257263,0.3216180205345154,0.20615,0.006196107715368271,1.385,-4.637,2.279,114.745,0.91924
6837,410270.67,1,0.33316636085510254,0.32382968068122864,0.20598,0.006250185426324606,1.385,-4.644,2.268,114.609,0.92029
6838,410334.57,1,0.32918086647987366,0.31852853298187256,0.20604,0.006348161492496729,1.41,-4.657,2.268,114.894,0.91945
6839,410382.57,1,0.3292439579963684,0.3158471882343292,0.20741,0.006317061372101307,1.375,-4.661,2.263,114.679,0.91904
6840,410446.5,1,0.32493677735328674,0.31834736466407776,0.20749,0.0062693944200873375,1.346,-4.689,2.292,114.664,0.91923
6841,410510.53,1,0.3207262456417084,0.31719228625297546,0.20865,0.006142500787973404,1.32,-4.675,2.266,114.761,0.92024
6842,410574.57,1,0.31840184330940247,0.3165644407272339,0.20941,0.006233917083591223,1.286,-4.685,2.256,114.769,0.91961
6843,410622.7,1,0.3217437267303467,0.3155624568462372,0.21005,0.006320130079984665,1.28,-4.684,2.257,114.671,0.91905
6844,410686.53,1,0.3237622380256653,0.3163399398326874,0.20913,0.006556113250553608,1.26,-4.673,2.266,114.739,0.9199
6845,410750.87,1,0.3230525553226471,0.31577014923095703,0.20969,0.006632127799093723,1.289,-4.695,2.256,114.746,0.919
6846,410814.57,1,0.3306403160095215,0.31600263714790344,0.20881,0.0069030472077429295,1.289,-4.672,2.25,114.627,0.91936
6847,410862.73,1,0.33428001403808594,0.3164321780204773,0.20832,0.0070016891695559025,1.224,-4.76,2.266,114.704,0.92029
6848,410926.67,1,0.3309054374694824,0.31410494446754456,0.2096,0.006981654558330774,1.237,-4.744,2.273,114.688,0.92031
6849,410990.53,1,0.3320915102958679,0.31570708751678467,0.21024,0.0069562653079628944,1.231,-4.736,2.249,114.623,0.91863
6850,411054.47,1,0.32951250672340393,0.3141581416130066,0.21045,0.00709062535315752,1.219,-4.723,2.235,114.712,0.91962
6851,411102.63,1,0.32932767271995544,0.3108082413673401,0.21241,0.00713425874710083,1.142,-4.742,2.244,114.723,0.92041
6852,411166.9,1,0.33035850524902344,0.31087470054626465,0.21236,0.007320453878492117,1.156,-4.727,2.253,114.665,0.91962
6853,411230.9,1,0.3220868408679962,0.30824196338653564,0.21354,0.007058777380734682,1.173,-4.735,2.248,114.741,0.91987
6854,411294.53,1,0.3201316297054291,0.30558398365974426,0.21368,0.007010238245129585,1.219,-4.76,2.255,114.737,0.92162
6855,411342.57,1,0.32065480947494507,0.30712637305259705,0.21334,0.006894259247928858,1.252,-4.774,2.26,114.643,0.9206
6856,411406.77,1,0.3125614821910858,0.30319783091545105,0.2153,0.006700336467474699,1.252,-4.804,2.241,114.737,0.9205
6857,411470.57,1,0.31053152680397034,0.30136528611183167,0.21612,0.006857318338006735,1.254,-4.806,2.249,114.714,0.92056
6858,411534.77,1,0.3097217082977295,0.29880237579345703,0.21692,0.007050206419080496,1.253,-4.81,2.223,114.667,0.91999
6859,411582.9,1,0.30851635336875916,0.2976711392402649,0.21727,0.0071222782135009766,1.17,-4.833,2.224,114.73,0.92052
6860,411647.2,1,0.3082088232040405,0.2974041998386383,0.21842,0.007149867247790098,1.163,-4.834,2.226,114.732,0.92042
6861,411710.5,1,0.30293557047843933,0.2924702763557434,0.22138,0.007196148857474327,1.144,-4.818,2.264,114.609,0.92138
6862,411774.6,1,0.30101674795150757,0.2916034758090973,0.22133,0.00709186727181077,1.103,-4.817,2.281,114.727,0.92103
6863,411822.87,1,0.29972413182258606,0.2906239330768585,0.22228,0.0068578217178583145,1.109,-4.813,2.255,114.739,0.92005
6864,411886.57,1,0.3022456169128418,0.29018843173980713,0.22361,0.006794258486479521,0.934,-4.909,2.287,114.67,0.91974
6865,411950.57,1,0.29836300015449524,0.2888273000717163,0.22383,0.006987289991229773,0.992,-4.895,2.277,114.748,0.91946
6866,412014.63,1,0.301401823759079,0.28605201840400696,0.22393,0.006932671181857586,1.032,-4.874,2.279,114.787,0.91969
6867,412062.7,1,0.30229422450065613,0.2884182929992676,0.22473,0.007360465358942747,1.047,-4.882,2.325,114.676,0.91848
6868,412126.6,1,0.2913726568222046,0.28244346380233765,0.22619,0.007064921781420708,1.117,-4.882,2.331,114.927,0.91935
6869,412190.47,1,0.298275351524353,0.2819674611091614,0.22742,0.007130210753530264,1.127,-4.874,2.354,114.697,0.91821
6870,412254.5,1,0.30263620615005493,0.2859829068183899,0.22512,0.007512656971812248,1.063,-4.882,2.382,114.656,0.91852
6871,412302.53,1,0.29793334007263184,0.28421953320503235,0.22656,0.007284573279321194,1.037,-4.841,2.396,114.753,0.91858
6872,412366.67,1,0.2964390814304352,0.2839713990688324,0.22632,0.0069455355405807495,1.057,-4.802,2.448,114.756,0.91934
6873,412430.87,1,0.29957833886146545,0.2838314473628998,0.22629,0.006839640438556671,1.061,-4.792,2.466,114.657,0.92073
6874,412494.67,1,0.2982611060142517,0.28625863790512085,0.22592,0.006942753214389086,1.023,-4.802,2.451,114.73,0.92017
6875,412542.87,1,0.30215489864349365,0.28958332538604736,0.22438,0.006908847950398922,1.037,-4.786,2.425,114.761,0.91907
6876,412606.93,1,0.3054189682006836,0.29323095083236694,0.22357,0.007258948870003223,0.986,-4.756,2.383,114.674,0.91987
6877,412670.6,1,0.30084991455078125,0.29342737793922424,0.22435,0.007475561928004026,0.995,-4.771,2.357,114.776,0.91936
6878,412734.63,1,0.2991480529308319,0.2921815514564514,0.22489,0.007507425732910633,0.985,-4.774,2.346,114.777,0.91998
6879,412782.53,1,0.30142244696617126,0.29311656951904297,0.22475,0.00764114735648036,0.975,-4.789,2.371,114.686,0.91853
6880,412846.6,1,0.3002980947494507,0.29308822751045227,0.22438,0.007499975152313709,0.973,-4.791,2.378,114.767,0.91967
6881,412911.03,1,0.29860755801200867,0.29305246472358704,0.2256,0.007517543621361256,1.003,-4.793,2.379,114.783,0.91879
6882,412974.6,1,0.30037227272987366,0.2931402325630188,0.22586,0.007710707373917103,0.95,-4.797,2.382,114.678,0.9191
6883,413022.6,1,0.3006576597690582,0.2921614348888397,0.22581,0.007685873191803694,0.951,-4.806,2.383,114.774,0.91931
6884,413086.77,1,0.298202782869339,0.291256308555603,0.22575,0.00766082713380456,0.969,-4.829,2.375,114.811,0.91807
6885,413150.57,1,0.298415869474411,0.29131102561950684,0.22599,0.007520732004195452,0.962,-4.843,2.369,114.721,0.91947
6886,413214.53,1,0.2960934638977051,0.2892971634864807,0.22598,0.007509144954383373,0.963,-4.856,2.368,114.809,0.91889
6887,413262.87,1,0.2939580976963043,0.2877412438392639,0.22601,0.007441572844982147,1.015,-4.848,2.348,114.828,0.91899
6888,413326.63,1,0.2962184250354767,0.29049304127693176,0.22545,0.007593222428113222,1.091,-4.877,2.367,114.725,0.9185
6889,413390.77,1,0.28717368841171265,0.2951902449131012,0.22497,0.007376536261290312,1.212,-4.803,2.268,114.802,0.91952
6890,413454.6,1,0.2932818531990051,0.29882532358169556,0.22321,0.007697439286857843,1.21,-4.818,2.219,114.823,0.91946
6891,413502.5,1,0.30447152256965637,0.3115885555744171,0.21878,0.00783132016658783,1.232,-4.793,2.162,114.736,0.91886
6892,413566.6,1,0.3083042800426483,0.3169529438018799,0.21523,0.007864613085985184,1.191,-4.799,2.134,114.838,0.91975
6893,413630.6,1,0.3172646462917328,0.32500311732292175,0.20978,0.00815035030245781,1.228,-4.809,2.117,114.86,0.92011
6894,413694.63,1,0.3363519012928009,0.33731624484062195,0.20186,0.00884188711643219,1.17,-4.857,2.123,114.764,0.91872
6895,413742.93,1,0.3341992199420929,0.3393099308013916,0.20134,0.008745016530156136,1.227,-4.849,2.098,114.836,0.91858
6896,413806.93,1,0.3350997567176819,0.3403131067752838,0.20024,0.008776478469371796,1.167,-4.873,2.165,114.845,0.91888
6897,413870.97,1,0.3365578353404999,0.3426247835159302,0.20081,0.008825547061860561,1.146,-4.948,2.216,114.733,0.91913
6898,413934.7,1,0.33518731594085693,0.3412001132965088,0.20075,0.008883345872163773,1.112,-4.957,2.231,114.956,0.9203
6899,413982.67,1,0.33828404545783997,0.3398207426071167,0.20141,0.009062223136425018,1.114,-5.005,2.241,114.724,0.92024
6900,414047.17,1,0.3344632089138031,0.3395230174064636,0.20094,0.009200706146657467,1.082,-4.994,2.25,114.724,0.92015
6901,414110.57,1,0.3290615677833557,0.3291078209877014,0.20296,0.00902850553393364,1.064,-4.943,2.217,114.83,0.92018
6902,414174.7,1,0.32975468039512634,0.3278874456882477,0.2043,0.008787503466010094,1.005,-4.928,2.239,114.816,0.92072
6903,414222.8,1,0.3292663097381592,0.3266327977180481,0.20571,0.008678511716425419,0.946,-4.936,2.23,114.72,0.92095
6904,414286.9,1,0.32436758279800415,0.3249817490577698,0.20736,0.008436511270701885,0.902,-4.923,2.207,114.842,0.91955
6905,414350.8,1,0.31972309947013855,0.3251333236694336,0.20816,0.008306291885674,0.936,-4.93,2.182,114.861,0.91958
6906,414414.67,1,0.32424795627593994,0.3265317678451538,0.2085,0.00826331041753292,0.927,-4.935,2.187,114.751,0.91827
6907,414462.93,1,0.3220961093902588,0.32487013936042786,0.20888,0.008222314529120922,0.941,-4.932,2.165,114.827,0.91804
6908,414527.03,1,0.32084786891937256,0.3232143223285675,0.20923,0.008051340468227863,0.977,-4.921,2.142,114.85,0.91906
6909,414590.77,1,0.32300880551338196,0.31764233112335205,0.21213,0.008177469484508038,0.936,-4.929,2.103,114.727,0.91786
6910,414654.63,1,0.32375210523605347,0.31504201889038086,0.21163,0.008066358976066113,0.92,-4.923,2.129,114.845,0.91916
6911,414702.73,1,0.31835925579071045,0.3133142590522766,0.21181,0.00800400972366333,0.925,-4.928,2.122,114.864,0.91965
6912,414766.6,1,0.32089465856552124,0.3103090226650238,0.21468,0.00804414227604866,0.787,-4.945,2.137,114.758,0.91997
6913,414830.6,1,0.3203579783439636,0.30854371190071106,0.21511,0.00779411755502224,0.8,-4.945,2.153,114.86,0.91935
6914,414894.73,1,0.3184492290019989,0.3057297170162201,0.21662,0.00776748638600111,0.787,-4.94,2.147,114.895,0.91996
6915,414942.87,1,0.316305011510849,0.30525267124176025,0.21778,0.007842068560421467,0.731,-4.973,2.168,114.789,0.91955
6916,415007.03,1,0.3102943003177643,0.3002188503742218,0.21891,0.007889853790402412,0.752,-4.969,2.163,114.865,0.91971
6917,415070.7,1,0.30372050404548645,0.2983470559120178,0.22112,0.00793086364865303,0.678,-5.0,2.191,114.819,0.92095
6918,415134.67,1,0.30270129442214966,0.29652392864227295,0.22215,0.008062426000833511,0.653,-4.988,2.194,114.715,0.92069
6919,415182.63,1,0.30194005370140076,0.29475894570350647,0.22293,0.008168869651854038,0.612,-4.976,2.195,114.817,0.92003
6920,415246.9,1,0.30064907670021057,0.29229211807250977,0.22282,0.008137866854667664,0.65,-4.938,2.203,114.791,0.92168
6921,415310.57,1,0.2984570562839508,0.2886747121810913,0.22274,0.00831313244998455,0.621,-4.917,2.209,114.681,0.92171
6922,415374.93,1,0.2986517548561096,0.2887430489063263,0.22282,0.008449701592326164,0.617,-4.931,2.236,114.782,0.92081
6923,415422.93,1,0.2957928776741028,0.28839802742004395,0.22347,0.008427318185567856,0.609,-4.967,2.235,114.818,0.92102
6924,415486.77,1,0.2982160151004791,0.28735223412513733,0.22389,0.008504179306328297,0.612,-4.955,2.228,114.696,0.92153
6925,415550.7,1,0.29355835914611816,0.28682318329811096,0.22506,0.00839743111282587,0.607,-4.953,2.227,114.784,0.92086
6926,415614.67,1,0.2938927710056305,0.28456535935401917,0.2253,0.008304520510137081,0.603,-4.949,2.221,114.811,0.92045
6927,415662.63,1,0.2972872257232666,0.2881701588630676,0.22508,0.00842269230633974,0.6,-4.943,2.246,114.674,0.92026
6928,415726.97,1,0.2979300022125244,0.28853705525398254,0.22446,0.008302231319248676,0.601,-4.911,2.235,114.925,0.91956
6929,415790.5,1,0.30109480023384094,0.2932153642177582,0.22405,0.008170055225491524,0.599,-4.89,2.243,114.689,0.92087
6930,415854.57,1,0.3040897846221924,0.2941121757030487,0.22237,0.00855298712849617,0.586,-4.905,2.25,114.727,0.92036
6931,415902.87,1,0.3004003167152405,0.29319292306900024,0.22265,0.00856103003025055,0.6,-4.916,2.253,114.828,0.92071
6932,415966.6,1,0.29679736495018005,0.2966625392436981,0.22164,0.00859885010868311,0.658,-4.906,2.243,114.782,0.91974
6933,416030.57,1,0.3019717037677765,0.2961883544921875,0.22165,0.008881805464625359,0.681,-4.961,2.283,114.691,0.92036
6934,416094.7,1,0.3028147220611572,0.2964610457420349,0.221,0.00883117038756609,0.691,-4.934,2.273,114.817,0.92039
6935,416142.9,1,0.3003917336463928,0.2956303358078003,0.22154,0.008801423013210297,0.684,-4.946,2.268,114.795,0.91994
6936,416206.67,1,0.3025141954421997,0.2966903746128082,0.22112,0.008909367024898529,0.681,-4.94,2.257,114.708,0.92031
6937,416270.9,1,0.3016846477985382,0.2976668179035187,0.2211,0.008968960493803024,0.598,-4.952,2.238,114.779,0.9203
6938,416334.7,1,0.2979224920272827,0.29718562960624695,0.22212,0.008656389079988003,0.571,-5.003,2.23,114.775,0.92043
6939,416382.6,1,0.29832231998443604,0.2941240072250366,0.22346,0.008581322617828846,0.545,-5.018,2.234,114.681,0.92057
6940,416446.57,1,0.29494035243988037,0.2935687005519867,0.22445,0.008406218141317368,0.528,-5.029,2.248,114.806,0.91996
6941,416510.53,1,0.2969589829444885,0.29586488008499146,0.22311,0.008274904452264309,0.527,-5.042,2.249,114.807,0.92047
6942,416574.63,1,0.29858773946762085,0.29717254638671875,0.22278,0.00815308652818203,0.569,-5.094,2.26,114.691,0.92082
6943,416622.9,1,0.2976055443286896,0.2964516282081604,0.22272,0.008285712450742722,0.575,-5.117,2.259,114.824,0.91963
6944,416686.63,1,0.29616281390190125,0.2967490255832672,0.22388,0.008180757984519005,0.58,-5.131,2.264,114.807,0.92057
6945,416750.6,1,0.2957060933113098,0.2949182093143463,0.22452,0.008008448407053947,0.61,-5.087,2.279,114.727,0.91968
6946,416814.63,1,0.2922399044036865,0.2916388511657715,0.2257,0.007960399612784386,0.598,-5.08,2.28,114.827,0.92104
6947,416862.57,1,0.2901788651943207,0.2909267544746399,0.22629,0.008102857507765293,0.577,-5.077,2.285,114.821,0.92149
6948,416926.93,1,0.29363882541656494,0.2956462800502777,0.22619,0.008417880162596703,0.442,-5.038,2.288,114.74,0.92081
6949,416990.6,1,0.29038041830062866,0.29155200719833374,0.22739,0.008313015103340149,0.374,-5.072,2.294,114.86,0.91985
6950,417054.53,1,0.28479278087615967,0.2879241406917572,0.22889,0.008187662810087204,0.37,-5.083,2.325,114.816,0.91976
6951,417102.63,1,0.286212295293808,0.2853893041610718,0.22882,0.008207705803215504,0.39,-5.117,2.32,114.708,0.92039
6952,417166.8,1,0.28340786695480347,0.28210633993148804,0.22967,0.007978222332894802,0.388,-5.12,2.337,114.808,0.92067
6953,417230.63,1,0.280883252620697,0.28183889389038086,0.22938,0.007881993427872658,0.391,-5.105,2.324,114.822,0.92062
6954,417294.6,1,0.28403571248054504,0.28247085213661194,0.22965,0.00788184441626072,0.383,-5.114,2.343,114.735,0.92043
6955,417342.9,1,0.2773142158985138,0.27774450182914734,0.23031,0.007603667676448822,0.426,-5.112,2.343,114.826,0.92036
6956,417406.83,1,0.2741619348526001,0.27469027042388916,0.23218,0.007613903842866421,0.424,-5.114,2.345,114.842,0.91983
6957,417470.57,1,0.27484750747680664,0.2751162648200989,0.23222,0.007674084044992924,0.402,-5.097,2.348,114.713,0.91958
6958,417534.67,1,0.2735125422477722,0.2734605073928833,0.2328,0.007738789543509483,0.402,-5.064,2.336,114.963,0.91976
6959,417582.73,1,0.2779970169067383,0.27376919984817505,0.23294,0.007987156510353088,0.447,-5.077,2.355,114.742,0.91834
6960,417646.57,1,0.2823692262172699,0.274045467376709,0.23207,0.008015185594558716,0.476,-5.086,2.349,114.702,0.92108
6961,417710.6,1,0.283712774515152,0.2747141420841217,0.23175,0.00802298542112112,0.455,-5.072,2.373,114.79,0.92058
6962,417774.57,1,0.283804714679718,0.2756432294845581,0.23158,0.008069469593465328,0.466,-5.07,2.374,114.808,0.9208
6963,417822.83,1,0.28716006875038147,0.2773106098175049,0.23086,0.008251954801380634,0.451,-5.079,2.376,114.681,0.91968
6964,417886.83,1,0.2907077968120575,0.2814241647720337,0.2298,0.00816428754478693,0.369,-5.08,2.367,114.805,0.91966
6965,417951.07,1,0.2903176248073578,0.2814606726169586,0.22939,0.008209368214011192,0.42,-5.084,2.362,114.801,0.92072
6966,418014.9,1,0.2949463129043579,0.28426769375801086,0.23044,0.008453242480754852,0.295,-5.227,2.422,114.668,0.92108
6967,418062.8,1,0.29432228207588196,0.2831670343875885,0.22999,0.008524446748197079,0.302,-5.216,2.438,114.769,0.9206
6968,418126.97,1,0.2956092655658722,0.2832714021205902,0.23005,0.008524012751877308,0.203,-5.195,2.445,114.759,0.92025
6969,418190.93,1,0.29310426115989685,0.28250592947006226,0.23065,0.008670247159898281,0.083,-5.15,2.453,114.693,0.92019
6970,418254.63,1,0.2914554178714752,0.2793130576610565,0.23203,0.008638018742203712,0.077,-5.136,2.471,114.796,0.91976
6971,418302.83,1,0.2901179790496826,0.2774908244609833,0.23234,0.00836567860096693,0.068,-5.119,2.468,114.79,0.92139
6972,418367.1,1,0.29039254784584045,0.2813614010810852,0.23244,0.008332191966474056,0.064,-5.08,2.467,114.706,0.92015
6973,418430.67,1,0.28507617115974426,0.28219154477119446,0.23194,0.008257594890892506,0.213,-5.055,2.45,114.815,0.92042
6974,418494.63,1,0.28195920586586,0.2809402346611023,0.23269,0.008189273066818714,0.2,-5.058,2.472,114.789,0.92021
6975,418542.87,1,0.2831804156303406,0.28115421533584595,0.23217,0.00816288311034441,0.34,-5.028,2.478,114.715,0.91961
6976,418606.83,1,0.2789921462535858,0.2772950828075409,0.23302,0.007988886907696724,0.39,-5.01,2.444,114.812,0.91931
6977,418670.5,1,0.2775362730026245,0.27635708451271057,0.23354,0.0077959573827683926,0.304,-5.115,2.446,114.806,0.91948
6978,418734.57,1,0.2818767726421356,0.2798166871070862,0.23134,0.007920942269265652,0.32,-5.118,2.427,114.697,0.91884
6979,418782.67,1,0.2823580801486969,0.2788822650909424,0.23124,0.008046037517488003,0.289,-5.153,2.431,114.852,0.91875
6980,418846.6,1,0.27493396401405334,0.2776179015636444,0.23172,0.008094912394881248,0.447,-5.077,2.361,114.849,0.9193
6981,418910.6,1,0.2787127196788788,0.2808462977409363,0.232,0.008403436280786991,0.413,-5.093,2.386,114.775,0.92015
6982,418974.6,1,0.27683350443840027,0.2815353572368622,0.23202,0.00844808854162693,0.377,-5.069,2.329,114.865,0.91879
6983,419022.5,1,0.2792547643184662,0.2831229865550995,0.23185,0.00850291270762682,0.374,-5.072,2.327,114.841,0.92024
6984,419086.77,1,0.28025802969932556,0.2848372459411621,0.23177,0.008527358062565327,0.361,-5.085,2.327,114.764,0.91904
6985,419150.67,1,0.27687937021255493,0.28280118107795715,0.23155,0.008401798084378242,0.359,-5.104,2.332,114.85,0.91941
6986,419214.6,1,0.2781263589859009,0.2845408618450165,0.22995,0.00847527664154768,0.307,-5.088,2.401,114.86,0.91968
6987,419262.83,1,0.27701887488365173,0.28195691108703613,0.23121,0.008581840433180332,0.314,-5.099,2.433,114.747,0.92012
6988,419326.8,1,0.2732369005680084,0.27978792786598206,0.23201,0.008405200205743313,0.296,-5.095,2.429,114.969,0.91921
6989,419390.53,1,0.27935248613357544,0.2810496687889099,0.23143,0.008443614467978477,0.264,-5.101,2.465,114.732,0.91979
6990,419454.5,1,0.28078246116638184,0.28088903427124023,0.23155,0.008330529555678368,0.246,-5.067,2.467,114.768,0.91932
6991,419502.9,1,0.2798174023628235,0.27997398376464844,0.23188,0.008244703523814678,0.27,-5.042,2.458,114.859,0.92094
6992,419566.53,1,0.2794003486633301,0.28082534670829773,0.23246,0.008188684470951557,0.245,-5.039,2.439,114.85,0.91915
6993,419630.73,1,0.28260090947151184,0.28087303042411804,0.23131,0.008238108828663826,0.271,-5.02,2.393,114.755,0.91944
6994,419694.73,1,0.2787589728832245,0.27849820256233215,0.23186,0.008260056376457214,0.288,-5.03,2.38,114.849,0.91877
6995,419743.03,1,0.2749640941619873,0.2767482399940491,0.23204,0.007982094772160053,0.268,-5.021,2.365,114.843,0.9192
6996,419807.07,1,0.27625811100006104,0.2773868143558502,0.23203,0.00789608620107174,0.275,-5.041,2.387,114.723,0.92047
6997,419870.53,1,0.2767888307571411,0.2779217064380646,0.232,0.008049223572015762,0.224,-5.067,2.389,114.866,0.91955
6998,419934.6,1,0.2722713053226471,0.27585017681121826,0.23341,0.00807202234864235,0.231,-5.062,2.424,114.863,0.91991
6999,419982.83,1,0.27791550755500793,0.2782115340232849,0.23229,0.008082625456154346,0.124,-5.043,2.452,114.755,0.9199
7000,420046.7,1,0.2790852189064026,0.2791663706302643,0.23182,0.007746288552880287,0.095,-5.048,2.447,114.848,0.92053
7001,420110.7,1,0.2798866629600525,0.27850469946861267,0.2315,0.007876453921198845,0.114,-5.052,2.482,114.844,0.92037
7002,420174.57,1,0.28166434168815613,0.27898696064949036,0.23091,0.007704220712184906,0.184,-4.983,2.502,114.738,0.91911
7003,420222.93,1,0.27966392040252686,0.2781660854816437,0.23139,0.00773371197283268,0.173,-5.002,2.489,114.826,0.91933
7004,420286.67,1,0.2775138020515442,0.2776590883731842,0.23194,0.007535014301538467,0.178,-5.009,2.467,114.848,0.92071
7005,420350.73,1,0.2749551236629486,0.27954354882240295,0.23499,0.007852924056351185,0.102,-5.088,2.44,114.731,0.91924
7006,420414.57,1,0.27476051449775696,0.27920782566070557,0.23494,0.007979029789566994,0.086,-5.082,2.441,114.816,0.92
7007,420462.9,1,0.2747509777545929,0.28014516830444336,0.23544,0.008125308901071548,0.103,-5.071,2.46,114.838,0.92001
7008,420526.73,1,0.27814796566963196,0.28144580125808716,0.23391,0.00828921515494585,0.115,-5.054,2.482,114.708,0.92032
7009,420590.6,1,0.2755770981311798,0.28018423914909363,0.23437,0.008145278319716454,0.152,-5.028,2.461,114.815,0.9208
7010,420654.6,1,0.27701297402381897,0.28081172704696655,0.23373,0.008188511244952679,0.148,-5.041,2.459,114.867,0.91862
7011,420702.53,1,0.27988579869270325,0.2807011306285858,0.23329,0.008077234961092472,0.007,-5.134,2.469,114.766,0.91913
7012,420766.6,1,0.27679112553596497,0.2788028419017792,0.23351,0.008007322438061237,0.021,-5.121,2.481,114.863,0.91906
7013,420830.63,1,0.2757807672023773,0.27902087569236755,0.23413,0.008018966764211655,0.052,-5.178,2.46,114.851,0.91853
7014,420894.63,1,0.2755044102668762,0.2804372310638428,0.23392,0.00796099379658699,0.069,-5.191,2.461,114.753,0.91893
7015,420942.9,1,0.2729801833629608,0.2803240418434143,0.23362,0.007900158874690533,0.072,-5.176,2.452,114.862,0.91893
7016,421006.6,1,0.27316322922706604,0.2801186442375183,0.23373,0.007922651246190071,0.073,-5.169,2.449,114.857,0.9192
7017,421070.5,1,0.27514389157295227,0.27950233221054077,0.23468,0.008158962242305279,0.032,-5.147,2.43,114.75,0.92015
7018,421134.53,1,0.27598491311073303,0.2776543200016022,0.23553,0.008266991935670376,-0.085,-5.112,2.41,114.98,0.91851
7019,421182.6,1,0.27803143858909607,0.2789207398891449,0.23519,0.008240439929068089,-0.047,-4.998,2.409,114.742,0.91968
7020,421246.87,1,0.2720504701137543,0.27598121762275696,0.23514,0.008074638433754444,0.038,-5.027,2.377,114.782,0.91911
7021,421310.53,1,0.2718372344970703,0.27604198455810547,0.23612,0.008003168739378452,0.01,-5.047,2.398,114.859,0.91959
7022,421374.63,1,0.26910102367401123,0.2776590883731842,0.23579,0.007990180514752865,0.03,-5.072,2.388,114.876,0.91919
7023,421422.93,1,0.27219703793525696,0.278899610042572,0.23609,0.008150828070938587,0.02,-5.089,2.386,114.794,0.91945
7024,421487.03,1,0.2725508213043213,0.2785670757293701,0.2359,0.008245213888585567,0.023,-5.095,2.398,114.888,0.91805
7025,421550.7,1,0.27532461285591125,0.27970290184020996,0.2347,0.008490846492350101,0.034,-5.117,2.416,114.879,0.91911
7026,421614.63,1,0.2809586822986603,0.280615895986557,0.23398,0.00874113105237484,0.012,-5.134,2.435,114.833,0.91768
7027,421662.9,1,0.28026607632637024,0.2797846496105194,0.23398,0.008672812022268772,0.02,-5.124,2.435,114.867,0.91844
7028,421726.63,1,0.2800357937812805,0.2801448404788971,0.23372,0.008677421137690544,0.037,-5.129,2.448,114.849,0.91849
7029,421790.57,1,0.2788422703742981,0.28316444158554077,0.23452,0.008582254871726036,-0.049,-5.197,2.45,114.751,0.91941
7030,421854.6,1,0.27859485149383545,0.281692236661911,0.23435,0.008672362193465233,-0.052,-5.161,2.429,114.834,0.91889
7031,421902.7,1,0.2800789475440979,0.28222039341926575,0.23417,0.008813733235001564,-0.174,-5.124,2.421,114.835,0.91915
7032,421966.83,1,0.2803552448749542,0.28525644540786743,0.23449,0.009225891903042793,-0.335,-5.124,2.403,114.738,0.91902
7033,422030.57,1,0.28164035081863403,0.2856294810771942,0.23348,0.00928505603224039,-0.301,-5.122,2.409,114.843,0.91971
7034,422094.6,1,0.27873945236206055,0.28398507833480835,0.23402,0.009142087772488594,-0.299,-5.117,2.416,114.859,0.91931
7035,422142.7,1,0.27770906686782837,0.2823505401611328,0.23425,0.009057392366230488,-0.26,-5.099,2.415,114.753,0.91963
7036,422206.53,1,0.2762115001678467,0.28097426891326904,0.23431,0.009061000309884548,-0.227,-5.089,2.424,114.834,0.91978
7037,422270.53,1,0.2749224007129669,0.2782401442527771,0.23499,0.009082474745810032,-0.144,-5.075,2.431,114.861,0.91848
7038,422334.9,1,0.2764073312282562,0.2798115611076355,0.23539,0.008953911252319813,-0.182,-5.055,2.446,114.791,0.91854
7039,422382.5,1,0.2761704921722412,0.279387891292572,0.23498,0.008844971656799316,-0.129,-5.054,2.459,114.857,0.91849
7040,422446.5,1,0.2735900282859802,0.2780316472053528,0.23449,0.008860363624989986,-0.078,-5.073,2.458,114.875,0.9189
7041,422510.47,1,0.26917779445648193,0.2767655849456787,0.23607,0.008531349711120129,0.003,-5.071,2.481,114.779,0.92023
7042,422574.7,1,0.2683212459087372,0.2754831314086914,0.23596,0.008588372729718685,0.021,-5.103,2.475,114.882,0.91954
7043,422622.9,1,0.26758208870887756,0.27537599205970764,0.23603,0.008623819798231125,0.021,-5.109,2.47,114.879,0.91951
7044,422686.53,1,0.2686147093772888,0.27545979619026184,0.23616,0.0085774976760149,0.005,-5.142,2.47,114.743,0.91965
7045,422750.53,1,0.2671622037887573,0.27415183186531067,0.23704,0.008493893779814243,-0.03,-5.168,2.477,114.873,0.91952
7046,422814.57,1,0.2661512494087219,0.273375540971756,0.23665,0.008395901881158352,-0.007,-5.128,2.46,114.891,0.91796
7047,422862.9,1,0.27017953991889954,0.2742481529712677,0.23707,0.008636394515633583,-0.074,-5.193,2.497,114.773,0.91935
7048,422926.77,1,0.2676205039024353,0.2739366590976715,0.23771,0.008468971587717533,-0.091,-5.212,2.476,115.004,0.91951
7049,422990.63,1,0.2704519033432007,0.2762824594974518,0.23831,0.00849337037652731,-0.083,-5.247,2.489,114.808,0.91934
7050,423054.57,1,0.2705712616443634,0.27366772294044495,0.23777,0.008422689512372017,-0.07,-5.249,2.493,114.798,0.91861
7051,423102.97,1,0.26987209916114807,0.2730095684528351,0.23826,0.008253846317529678,-0.106,-5.278,2.496,114.872,0.91861
7052,423166.9,1,0.2699449956417084,0.27234479784965515,0.23783,0.008148503489792347,-0.107,-5.271,2.511,114.942,0.91824
7053,423230.47,1,0.2728862166404724,0.2743213474750519,0.23734,0.00813809409737587,-0.108,-5.27,2.508,114.807,0.91745
7054,423294.9,1,0.2708592116832733,0.2743440270423889,0.23737,0.008105778135359287,-0.126,-5.295,2.512,114.906,0.91855
7055,423342.9,1,0.26564881205558777,0.26954978704452515,0.23774,0.007990074343979359,-0.057,-5.292,2.524,114.919,0.91867
7056,423406.47,1,0.2614157199859619,0.2614475190639496,0.24057,0.007787673268467188,0.026,-5.272,2.482,114.826,0.91937
7057,423470.9,1,0.26132455468177795,0.26355284452438354,0.24015,0.007983507588505745,-0.023,-5.251,2.479,114.944,0.91912
7058,423534.57,1,0.26125556230545044,0.26175108551979065,0.23985,0.008435028605163097,-0.089,-5.237,2.476,114.916,0.91949
7059,423582.8,1,0.26642441749572754,0.2635347843170166,0.23923,0.008601264096796513,-0.155,-5.241,2.493,114.823,0.91789
7060,423647.03,1,0.26546967029571533,0.26426368951797485,0.23877,0.0085421372205019,-0.148,-5.221,2.46,114.924,0.91792
7061,423710.5,1,0.2634187638759613,0.26593488454818726,0.23815,0.008705752901732922,-0.147,-5.22,2.468,114.869,0.91952
7062,423774.63,1,0.26647913455963135,0.2670342028141022,0.23796,0.008717547170817852,-0.16,-5.227,2.5,114.791,0.91938
7063,423822.5,1,0.265352338552475,0.26730024814605713,0.23784,0.008625336922705173,-0.171,-5.219,2.493,114.896,0.91863
7064,423886.87,1,0.26231202483177185,0.2682049572467804,0.23719,0.008319326676428318,-0.179,-5.234,2.493,114.904,0.91788
7065,423950.47,1,0.26213982701301575,0.26964718103408813,0.23726,0.007939125411212444,-0.178,-5.237,2.484,114.85,0.9183
7066,424014.47,1,0.263376921415329,0.2701979875564575,0.23661,0.007998445071280003,-0.194,-5.272,2.478,114.93,0.91828
7067,424062.7,1,0.2606664299964905,0.2703818082809448,0.23702,0.007992123253643513,-0.19,-5.264,2.498,114.904,0.91909
7068,424126.47,1,0.2618635892868042,0.271202951669693,0.23692,0.008058312349021435,-0.134,-5.246,2.492,114.809,0.91921
7069,424190.57,1,0.262436181306839,0.2720448672771454,0.23704,0.008251173421740532,-0.148,-5.256,2.499,114.907,0.91935
7070,424254.53,1,0.26063990592956543,0.2724936306476593,0.23621,0.008485443890094757,-0.167,-5.269,2.503,114.871,0.92075
7071,424302.8,1,0.26410382986068726,0.2722514271736145,0.2363,0.008355592377483845,-0.12,-5.279,2.536,114.773,0.92067
7072,424366.97,1,0.26232248544692993,0.27269652485847473,0.23517,0.0082972701638937,-0.07,-5.292,2.541,114.882,0.92008
7073,424430.47,1,0.26360633969306946,0.26770707964897156,0.23694,0.00816568173468113,-0.051,-5.279,2.511,114.898,0.92045
7074,424494.47,1,0.26393094658851624,0.2670092284679413,0.23721,0.007976414635777473,-0.012,-5.257,2.55,114.788,0.92048
7075,424542.87,1,0.26169130206108093,0.26810383796691895,0.23676,0.0077713350765407085,-0.007,-5.232,2.543,114.884,0.9195
7076,424606.73,1,0.26280471682548523,0.266456663608551,0.23625,0.007697909139096737,0.008,-5.237,2.568,114.868,0.9202
7077,424670.87,1,0.26646730303764343,0.26803094148635864,0.23589,0.007868878543376923,-0.106,-5.243,2.578,114.787,0.91897
7078,424734.5,1,0.26229459047317505,0.26616421341896057,0.23678,0.008114959113299847,-0.121,-5.241,2.567,115.051,0.91808
7079,424782.8,1,0.2655780017375946,0.2662436366081238,0.23638,0.008256458677351475,-0.187,-5.257,2.584,114.803,0.91878
7080,424846.9,1,0.2630477249622345,0.2662631571292877,0.23879,0.008494826033711433,-0.155,-5.218,2.593,114.8,0.91773
7081,424910.57,1,0.2611061632633209,0.26511308550834656,0.23989,0.008481728844344616,-0.115,-5.247,2.591,114.889,0.91895
7082,424974.5,1,0.2604471743106842,0.2664729952812195,0.23953,0.00830168928951025,-0.126,-5.263,2.592,114.885,0.919
7083,425022.47,1,0.2622997760772705,0.2687489688396454,0.23903,0.008115261793136597,-0.154,-5.275,2.593,114.782,0.91993
7084,425086.93,1,0.2622672915458679,0.26988428831100464,0.23874,0.007965585216879845,-0.112,-5.246,2.586,114.926,0.91847
7085,425150.5,1,0.260891854763031,0.2688990533351898,0.23896,0.008073171600699425,-0.113,-5.269,2.571,114.904,0.91903
7086,425214.47,1,0.2614573836326599,0.27085238695144653,0.23905,0.007975520566105843,-0.13,-5.289,2.566,114.798,0.91882
7087,425262.83,1,0.25978800654411316,0.2709680199623108,0.23875,0.008031243458390236,-0.16,-5.283,2.566,114.892,0.91986
7088,425326.67,1,0.26036351919174194,0.2765637934207916,0.23783,0.007991691119968891,-0.152,-5.276,2.536,114.88,0.91978
7089,425390.57,1,0.2646659016609192,0.27841001749038696,0.23743,0.008267809636890888,-0.182,-5.269,2.54,114.763,0.91988
7090,425454.5,1,0.2649802267551422,0.2769351899623871,0.23709,0.008255557157099247,-0.165,-5.264,2.552,114.873,0.92012
7091,425502.73,1,0.2621188759803772,0.27433323860168457,0.23762,0.00806521438062191,-0.158,-5.258,2.548,114.887,0.91938
7092,425566.8,1,0.26291894912719727,0.27514195442199707,0.23751,0.007936110720038414,-0.132,-5.241,2.55,114.784,0.91979
7093,425630.5,1,0.26320087909698486,0.27553993463516235,0.23715,0.007843508385121822,-0.146,-5.221,2.546,114.9,0.91973
7094,425694.63,1,0.2618453800678253,0.27595090866088867,0.23713,0.007740030065178871,-0.172,-5.23,2.527,114.882,0.91948
7095,425742.83,1,0.26405254006385803,0.279979944229126,0.23643,0.007753049023449421,-0.268,-5.253,2.565,114.767,0.91979
7096,425806.6,1,0.26422789692878723,0.280779629945755,0.23535,0.007946628145873547,-0.293,-5.248,2.557,114.892,0.92011
7097,425870.9,1,0.2632637619972229,0.28084516525268555,0.23496,0.007789077237248421,-0.208,-5.337,2.561,114.888,0.91918
7098,425934.53,1,0.26375409960746765,0.2799910008907318,0.23486,0.007730449084192514,-0.175,-5.335,2.578,114.768,0.91928
7099,425982.83,1,0.260053426027298,0.27676090598106384,0.23607,0.007591317407786846,-0.172,-5.327,2.591,114.931,0.91845
7100,426046.83,1,0.2597910463809967,0.27553361654281616,0.2363,0.007712372113019228,-0.197,-5.324,2.591,114.895,0.91919
7101,426110.6,1,0.26033440232276917,0.277168869972229,0.23551,0.007571166846901178,-0.166,-5.296,2.581,114.815,0.91883
7102,426174.57,1,0.2607446014881134,0.2780749499797821,0.23446,0.007648559287190437,-0.213,-5.295,2.577,114.884,0.91859
7103,426222.57,1,0.26201945543289185,0.2780293822288513,0.23409,0.007759354077279568,-0.286,-5.349,2.575,114.886,0.9199
7104,426286.57,1,0.26679328083992004,0.2790428698062897,0.23345,0.007923569530248642,-0.386,-5.412,2.6,114.79,0.91943
7105,426350.9,1,0.263128399848938,0.2783261835575104,0.23395,0.008053180761635303,-0.376,-5.405,2.578,114.887,0.9201
7106,426414.53,1,0.264688104391098,0.2785551846027374,0.23406,0.008518613874912262,-0.448,-5.462,2.605,114.891,0.92007
7107,426462.73,1,0.26536697149276733,0.2773154675960541,0.23416,0.0088146161288023,-0.45,-5.468,2.619,114.76,0.92077
7108,426526.7,1,0.2633010149002075,0.27641788125038147,0.23464,0.008786722086369991,-0.455,-5.475,2.614,115.004,0.91962
7109,426590.47,1,0.26769009232521057,0.28057605028152466,0.23474,0.008686310611665249,-0.462,-5.481,2.624,114.768,0.91921
7110,426654.5,1,0.2686558961868286,0.2798105776309967,0.23451,0.008510772138834,-0.427,-5.428,2.639,114.776,0.9207
7111,426702.83,1,0.2689289450645447,0.278413325548172,0.23461,0.008540598675608635,-0.405,-5.402,2.647,114.911,0.91892
7112,426766.97,1,0.26488110423088074,0.2767334580421448,0.23568,0.008599890395998955,-0.391,-5.408,2.664,114.887,0.91905
7113,426830.8,1,0.2676173746585846,0.2783780097961426,0.23489,0.008530120365321636,-0.422,-5.395,2.666,114.757,0.91867
7114,426894.6,1,0.2641822397708893,0.27598658204078674,0.23567,0.008464391343295574,-0.402,-5.403,2.642,114.879,0.9184
7115,426942.93,1,0.26434656977653503,0.2748607099056244,0.23597,0.008426181972026825,-0.407,-5.405,2.636,114.893,0.91846
7116,427007.03,1,0.2667483687400818,0.27379146218299866,0.23651,0.008343365974724293,-0.438,-5.393,2.656,114.782,0.91976
7117,427070.5,1,0.2652738392353058,0.27417871356010437,0.23605,0.008263900876045227,-0.431,-5.358,2.657,114.869,0.91857
7118,427134.53,1,0.2624923884868622,0.27398672699928284,0.23654,0.008236472494900227,-0.492,-5.327,2.644,114.875,0.91891
7119,427182.83,1,0.2640770673751831,0.27189138531684875,0.23615,0.008214331232011318,-0.432,-5.297,2.638,114.749,0.91804
7120,427246.6,1,0.2681760787963867,0.2720469534397125,0.23624,0.008201389573514462,-0.497,-5.308,2.667,114.855,0.9193
7121,427310.53,1,0.2680765390396118,0.2717988193035126,0.23626,0.008317871019244194,-0.418,-5.289,2.666,114.863,0.91891
7122,427374.53,1,0.2730863392353058,0.27364134788513184,0.23617,0.008371977135539055,-0.425,-5.304,2.681,114.784,0.91816
7123,427422.73,1,0.2732945680618286,0.27324628829956055,0.23639,0.008393810130655766,-0.43,-5.296,2.681,114.888,0.91844
7124,427486.63,1,0.27231940627098083,0.2723434269428253,0.23662,0.008348263800144196,-0.41,-5.305,2.682,114.899,0.91874
7125,427550.5,1,0.27230122685432434,0.2711693346500397,0.237,0.00859986525028944,-0.393,-5.292,2.669,114.788,0.9191
7126,427614.6,1,0.2711414098739624,0.27047088742256165,0.23716,0.008536613546311855,-0.316,-5.281,2.668,114.859,0.91999
7127,427662.6,1,0.2687564492225647,0.2699183523654938,0.23666,0.008615401573479176,-0.332,-5.295,2.663,114.785,0.92098
7128,427726.47,1,0.27109473943710327,0.27353596687316895,0.23621,0.008717342279851437,-0.331,-5.291,2.639,114.558,0.92293
7129,427790.9,1,0.2709231972694397,0.2731846868991852,0.23583,0.008662975393235683,-0.354,-5.309,2.635,114.591,0.92315
7130,427854.5,1,0.2711803913116455,0.2730657458305359,0.23512,0.008997071534395218,-0.386,-5.368,2.644,114.605,0.92299
7131,427902.63,1,0.2751876711845398,0.27651268243789673,0.23422,0.008966639637947083,-0.48,-5.407,2.64,114.463,0.92289
7132,427966.47,1,0.2753879427909851,0.276735782623291,0.23444,0.008960936218500137,-0.515,-5.413,2.667,114.556,0.92309
7133,428030.47,1,0.2743246555328369,0.27703535556793213,0.23498,0.008863258175551891,-0.504,-5.41,2.668,114.564,0.92259
7134,428094.9,1,0.27716556191444397,0.27709051966667175,0.23507,0.009086544625461102,-0.508,-5.415,2.689,114.471,0.92327
7135,428142.83,1,0.2774604856967926,0.2759351432323456,0.23498,0.009056976065039635,-0.513,-5.408,2.683,114.588,0.92275
7136,428206.97,1,0.2788402736186981,0.2822421193122864,0.23087,0.00950179435312748,-0.607,-5.458,2.677,114.599,0.92284
7137,428270.6,1,0.2762335240840912,0.29194292426109314,0.22731,0.009271885268390179,-0.658,-5.528,2.638,114.5,0.92295
7138,428334.5,1,0.2757566571235657,0.2966817617416382,0.22649,0.009249663911759853,-0.664,-5.537,2.629,114.759,0.92399
7139,428382.67,1,0.2774673402309418,0.298694908618927,0.22592,0.009215281344950199,-0.67,-5.589,2.625,114.516,0.9238
7140,428446.67,1,0.2817620038986206,0.31070294976234436,0.22243,0.00952292699366808,-0.727,-5.656,2.644,114.523,0.92453
7141,428510.5,1,0.2825636863708496,0.3100889027118683,0.22161,0.009486057795584202,-0.725,-5.669,2.622,114.783,0.92253
7142,428574.53,1,0.28414788842201233,0.3140323758125305,0.22069,0.009458227083086967,-0.78,-5.661,2.605,114.846,0.92172
7143,428622.53,1,0.28591322898864746,0.31422868371009827,0.22028,0.00921205896884203,-0.787,-5.676,2.577,115.475,0.91591
7144,428686.57,1,0.29064324498176575,0.31697675585746765,0.21947,0.009449010714888573,-0.768,-5.678,2.537,115.597,0.91644
7145,428750.57,1,0.2880508303642273,0.31659889221191406,0.2203,0.009462582878768444,-0.804,-5.643,2.537,115.609,0.91506
7146,428814.53,1,0.2901902198791504,0.3173438608646393,0.22002,0.00986494030803442,-0.836,-5.65,2.543,115.513,0.91536
7147,428862.7,1,0.2912538945674896,0.31776753067970276,0.2198,0.009918177500367165,-0.841,-5.648,2.532,115.6,0.91501
7148,428926.73,1,0.2921980619430542,0.31810975074768066,0.2197,0.009940721094608307,-0.822,-5.676,2.539,115.592,0.91509
7149,428990.8,1,0.2947462797164917,0.31865835189819336,0.2204,0.00958213023841381,-0.832,-5.74,2.556,115.479,0.91392
7150,429054.5,1,0.2923174798488617,0.3186212480068207,0.22068,0.009511972777545452,-0.857,-5.759,2.568,115.593,0.91456
7151,429102.63,1,0.2915322184562683,0.3191528916358948,0.21992,0.009056925773620605,-0.836,-5.725,2.578,115.596,0.91505
7152,429166.83,1,0.29615822434425354,0.3199440538883209,0.21964,0.009334087371826172,-0.842,-5.732,2.585,115.511,0.91431
7153,429230.47,1,0.29324862360954285,0.32225990295410156,0.21918,0.009330494329333305,-0.845,-5.72,2.555,115.656,0.91381
7154,429294.43,1,0.2875335216522217,0.3200949430465698,0.22002,0.00948171317577362,-0.795,-5.721,2.53,115.634,0.91423
7155,429342.73,1,0.28612542152404785,0.3208326995372772,0.22003,0.009275197982788086,-0.814,-5.769,2.523,115.545,0.91335
7156,429406.77,1,0.285793274641037,0.3204280436038971,0.21982,0.00929915253072977,-0.826,-5.765,2.52,115.634,0.91455
7157,429470.47,1,0.285981684923172,0.3203362226486206,0.22017,0.008790203370153904,-0.778,-5.853,2.485,115.642,0.91411
7158,429534.4,1,0.2811664938926697,0.3209052085876465,0.22113,0.008992779068648815,-0.735,-5.891,2.511,115.524,0.91448
7159,429582.77,1,0.2827148735523224,0.32096612453460693,0.22153,0.00876826886087656,-0.714,-5.871,2.511,115.617,0.91545
7160,429646.43,1,0.2788439989089966,0.32138729095458984,0.2217,0.008604532107710838,-0.682,-5.838,2.525,115.638,0.91404
7161,429710.83,1,0.28127872943878174,0.3200865387916565,0.22229,0.008565118536353111,-0.686,-5.83,2.583,115.547,0.91465
7162,429774.57,1,0.2826401889324188,0.3198084533214569,0.22147,0.008619174361228943,-0.696,-5.762,2.579,115.643,0.91495
7163,429822.8,1,0.28218647837638855,0.31915920972824097,0.22183,0.008627205155789852,-0.707,-5.731,2.59,115.659,0.91538
7164,429886.43,1,0.2883942723274231,0.3204369843006134,0.22021,0.008854975923895836,-0.747,-5.7,2.6,115.558,0.9152
7165,429950.47,1,0.2901558578014374,0.3152737319469452,0.22169,0.009142139926552773,-0.883,-5.638,2.602,115.658,0.91514
7166,430014.5,1,0.28953638672828674,0.31176885962486267,0.22238,0.009064845740795135,-0.883,-5.639,2.567,115.673,0.91512
7167,430062.7,1,0.28656595945358276,0.3158630132675171,0.22231,0.009337806142866611,-0.854,-5.651,2.555,115.559,0.91478
7168,430126.77,1,0.286266028881073,0.31662270426750183,0.22184,0.009123279713094234,-0.841,-5.644,2.536,115.803,0.91583
7169,430190.4,1,0.28581029176712036,0.31691640615463257,0.22175,0.009100827388465405,-0.736,-5.628,2.513,115.546,0.91505
7170,430254.43,1,0.28201431035995483,0.31432661414146423,0.22282,0.008716335520148277,-0.669,-5.657,2.543,115.559,0.91563
7171,430302.63,1,0.2759372293949127,0.3165735602378845,0.22361,0.008460787124931812,-0.618,-5.633,2.534,115.673,0.9145
7172,430366.83,1,0.27542564272880554,0.31692400574684143,0.22333,0.00822052638977766,-0.747,-5.648,2.557,115.66,0.91394
7173,430430.37,1,0.2753605246543884,0.3179587125778198,0.2234,0.008239869959652424,-0.738,-5.653,2.549,115.575,0.91344
7174,430494.6,1,0.2797294557094574,0.3224639892578125,0.22176,0.008414633572101593,-0.747,-5.656,2.537,115.646,0.91355
7175,430542.5,1,0.2794938087463379,0.3233601152896881,0.22162,0.008457127027213573,-0.726,-5.646,2.533,115.658,0.91416
7176,430606.6,1,0.280801922082901,0.3257346749305725,0.22124,0.008430163376033306,-0.672,-5.605,2.524,115.542,0.91349
7177,430670.4,1,0.28691938519477844,0.3270126283168793,0.21987,0.008401719853281975,-0.725,-5.6,2.531,115.649,0.91409
7178,430734.5,1,0.28912556171417236,0.327757865190506,0.21948,0.0083462530747056,-0.661,-5.562,2.525,115.649,0.91434
7179,430782.73,1,0.29032474756240845,0.3286331295967102,0.21942,0.008528163656592369,-0.72,-5.562,2.521,115.555,0.91381
7180,430846.6,1,0.29090866446495056,0.32910457253456116,0.21932,0.008704042062163353,-0.734,-5.566,2.52,115.66,0.914
7181,430910.53,1,0.29531800746917725,0.32828524708747864,0.21855,0.009021425619721413,-0.762,-5.567,2.525,115.655,0.91336
7182,430974.4,1,0.2981473505496979,0.32784175872802734,0.21903,0.009522464126348495,-0.761,-5.577,2.558,115.51,0.91443
7183,431022.33,1,0.2976861298084259,0.3268004357814789,0.21887,0.009629377163946629,-0.771,-5.567,2.557,115.587,0.91468
7184,431086.7,1,0.29618293046951294,0.3278749883174896,0.2184,0.00960258487612009,-0.744,-5.557,2.535,115.608,0.91398
7185,431150.47,1,0.29693475365638733,0.3272469937801361,0.2181,0.009627608582377434,-0.802,-5.591,2.517,115.533,0.91371
7186,431214.37,1,0.2952200472354889,0.3264782428741455,0.21789,0.009370309300720692,-0.794,-5.633,2.518,115.525,0.91867
7187,431262.73,1,0.2923601567745209,0.3248799443244934,0.21877,0.00925522856414318,-0.787,-5.64,2.522,115.519,0.91937
7188,431326.6,1,0.29287174344062805,0.32615360617637634,0.21854,0.009290151298046112,-0.807,-5.664,2.535,114.778,0.94576
7189,431390.33,1,0.2893425226211548,0.3223937749862671,0.21869,0.00953102670609951,-0.795,-5.656,2.56,114.847,0.94702
7190,431454.5,1,0.28805476427078247,0.32034552097320557,0.21922,0.009323878213763237,-0.773,-5.637,2.581,114.807,0.9483
7191,431502.5,1,0.2896499037742615,0.3217722773551941,0.21894,0.009215403348207474,-0.774,-5.62,2.566,114.546,0.95579
7192,431566.4,1,0.2903037667274475,0.3220769464969635,0.21893,0.00926319882273674,-0.776,-5.618,2.557,114.632,0.95666
7193,431630.4,1,0.2899460792541504,0.32257696986198425,0.21921,0.009254091419279575,-0.911,-5.681,2.561,114.626,0.95651
7194,431694.37,1,0.2909207046031952,0.3243081569671631,0.22052,0.009243158623576164,-0.977,-5.714,2.577,114.544,0.95675
7195,431742.7,1,0.2914654016494751,0.3239189088344574,0.2204,0.009259616024792194,-0.975,-5.707,2.584,114.626,0.95752
7196,431806.87,1,0.2942376136779785,0.3259165585041046,0.22002,0.009122438728809357,-1.028,-5.716,2.577,114.613,0.95769
7197,431870.7,1,0.2945440113544464,0.3271864354610443,0.22028,0.009264016523957253,-1.052,-5.717,2.55,114.487,0.95857
7198,431934.37,1,0.2933710217475891,0.3281486928462982,0.22042,0.009443567134439945,-1.114,-5.732,2.547,114.735,0.95756
7199,431982.3,1,0.2927964925765991,0.3299480378627777,0.21957,0.009612347930669785,-1.076,-5.727,2.52,114.516,0.95736
7200,432046.57,1,0.29318952560424805,0.3286519944667816,0.2192,0.0094769187271595,-1.009,-5.673,2.533,114.489,0.95909
7201,432110.57,1,0.2914377748966217,0.32618430256843567,0.21945,0.009390675462782383,-0.967,-5.671,2.56,114.59,0.95744
7202,432174.4,1,0.2899525463581085,0.32409748435020447,0.22039,0.009263028390705585,-0.991,-5.651,2.579,114.609,0.95793
7203,432222.27,1,0.29118236899375916,0.32429081201553345,0.22041,0.009309771470725536,-0.997,-5.648,2.578,114.499,0.95713
7204,432286.8,1,0.29188665747642517,0.32565006613731384,0.22021,0.009272760711610317,-1.001,-5.65,2.571,114.605,0.95747
7205,432350.33,1,0.30598539113998413,0.34119340777397156,0.20809,0.010279865935444832,-0.805,-5.541,2.591,114.623,0.95701
7206,432414.3,1,0.635535478591919,0.6586283445358276,0.05556,0.012830512598156929,-0.863,-5.64,2.617,114.537,0.95716
7207,432462.67,1,0.7145982384681702,0.6978384256362915,0.02352,0.01236902829259634,-0.892,-5.595,2.55,114.649,0.95749
7208,432526.77,1,0.667770504951477,0.6700382232666016,0.03313,0.011922517791390419,-0.852,-5.552,2.579,114.628,0.95799
7209,432590.37,1,0.5377968549728394,0.5859332084655762,0.08038,0.011219183914363384,-0.78,-5.504,2.614,114.577,0.95728
7210,432654.3,1,0.42743074893951416,0.468772292137146,0.13157,0.01066526398062706,-0.669,-5.482,2.614,114.636,0.95811
7211,432702.33,1,0.3852534592151642,0.42148342728614807,0.15244,0.0102891456335783,-0.652,-5.491,2.586,114.664,0.95718
7212,432766.3,1,0.36086225509643555,0.38587984442710876,0.17351,0.00972476601600647,-0.789,-5.605,2.616,114.538,0.95864
7213,432830.4,1,0.35479095578193665,0.3712966740131378,0.17888,0.009636619128286839,-0.709,-5.497,2.615,114.64,0.95775
7214,432894.4,1,0.33722347021102905,0.35809507966041565,0.18831,0.009007885120809078,-0.7,-5.509,2.637,114.629,0.95719
7215,432942.6,1,0.33674106001853943,0.3529498875141144,0.19184,0.008821172639727592,-0.732,-5.508,2.642,114.55,0.95748
7216,433006.4,1,0.3429054319858551,0.3539005219936371,0.19196,0.008681404404342175,-0.721,-5.492,2.629,114.635,0.95757
7217,433070.87,1,0.3450292944908142,0.3507893979549408,0.19386,0.008718709461390972,-0.72,-5.53,2.628,114.642,0.95652
7218,433134.47,1,0.3464403748512268,0.3478637933731079,0.19543,0.008662020787596703,-0.715,-5.558,2.614,114.569,0.95672
7219,433182.6,1,0.3476816415786743,0.3468420207500458,0.19571,0.008747298270463943,-0.735,-5.57,2.627,114.675,0.95718
7220,433246.6,1,0.34566235542297363,0.3409511148929596,0.19866,0.008753609843552113,-0.776,-5.587,2.595,114.621,0.95842
7221,433310.37,1,0.3479926586151123,0.3454645574092865,0.20023,0.009387538768351078,-0.933,-5.569,2.598,114.562,0.95791
7222,433374.47,1,0.3481263518333435,0.3421039283275604,0.20015,0.00928014051169157,-0.921,-5.561,2.612,114.772,0.95255
7223,433422.53,1,0.3447655439376831,0.33814266324043274,0.20194,0.009293995797634125,-0.931,-5.57,2.625,114.806,0.95135
7224,433486.9,1,0.34126248955726624,0.33757078647613525,0.20309,0.008862821385264397,-0.879,-5.571,2.648,115.205,0.93141
7225,433550.77,1,0.3338741958141327,0.33456000685691833,0.20506,0.008745702914893627,-0.809,-5.531,2.681,115.379,0.92702
7226,433614.43,1,0.3318876624107361,0.3336142301559448,0.20662,0.008452094160020351,-0.791,-5.55,2.675,115.402,0.92762
7227,433662.8,1,0.3326109051704407,0.33370980620384216,0.20713,0.008567224256694317,-0.709,-5.591,2.678,115.567,0.91555
7228,433726.83,1,0.3324206471443176,0.3372877836227417,0.20557,0.008796270936727524,-0.735,-5.607,2.667,115.822,0.91385
7229,433790.4,1,0.32590341567993164,0.3402455747127533,0.20368,0.009020560421049595,-0.806,-5.609,2.583,115.602,0.91411
7230,433854.73,1,0.31796178221702576,0.34907394647598267,0.20188,0.00912952609360218,-0.828,-5.592,2.568,115.59,0.91363
7231,433902.47,1,0.311625212430954,0.3487066626548767,0.20214,0.008974543772637844,-0.82,-5.595,2.57,115.512,0.91576
7232,433966.47,1,0.3048597574234009,0.34537166357040405,0.20351,0.008955053053796291,-0.82,-5.616,2.564,115.49,0.91572
7233,434030.47,1,0.3791714012622833,0.42489078640937805,0.16836,0.009068131446838379,-0.837,-5.585,2.525,114.444,0.92849
7234,434094.5,1,0.4810923635959625,0.513369083404541,0.12817,0.00944563653320074,-1.005,-5.579,2.558,114.495,0.93094
7235,434142.5,1,0.4716593623161316,0.5045072436332703,0.13113,0.00928806234151125,-1.072,-5.552,2.566,114.498,0.93143
7236,434206.5,1,0.4564570486545563,0.4924975335597992,0.13874,0.008856609463691711,-1.137,-5.506,2.554,114.245,0.93926
7237,434270.47,1,0.43389636278152466,0.4794831871986389,0.1494,0.00871998630464077,-1.237,-5.526,2.569,114.314,0.93991
7238,434334.53,1,0.4185718894004822,0.4540137052536011,0.15776,0.008736968040466309,-1.202,-5.564,2.548,114.299,0.93959
7239,434382.73,1,0.40752339363098145,0.44235894083976746,0.16563,0.008635341189801693,-1.226,-5.591,2.522,114.201,0.93959
7240,434446.7,1,0.397866427898407,0.43109840154647827,0.17113,0.00877502653747797,-1.217,-5.588,2.503,114.288,0.93991
7241,434510.37,1,0.389706552028656,0.41315943002700806,0.17608,0.008796719834208488,-1.172,-5.562,2.5,114.269,0.9399
7242,434574.43,1,0.3665880858898163,0.4026831388473511,0.18462,0.008870039135217667,-1.174,-5.602,2.513,114.142,0.93976
7243,434622.63,1,0.35530370473861694,0.39564886689186096,0.18769,0.00920631643384695,-1.178,-5.642,2.515,114.262,0.94022
7244,434686.6,1,0.35224929451942444,0.3911897540092468,0.18877,0.009282080456614494,-1.15,-5.639,2.524,114.273,0.93918
7245,434750.73,1,0.3539297580718994,0.3883514404296875,0.18902,0.009623429737985134,-1.142,-5.643,2.54,114.157,0.93934
7246,434814.5,1,0.3526819944381714,0.38206061720848083,0.19059,0.009611912071704865,-1.09,-5.602,2.525,114.257,0.93911
7247,434878.9,1,0.3520624041557312,0.37303048372268677,0.19246,0.00957802776247263,-1.058,-5.586,2.522,114.24,0.9401
7248,434926.8,1,0.35073137283325195,0.37335023283958435,0.19322,0.009653991088271141,-1.065,-5.596,2.498,114.156,0.93934
7249,434990.47,1,0.3504303991794586,0.37084224820137024,0.19371,0.009553170762956142,-1.052,-5.606,2.492,114.259,0.93996
7250,435054.4,1,0.34699079394340515,0.3685302436351776,0.19507,0.009431148879230022,-0.999,-5.622,2.489,114.277,0.93994
7251,435118.43,1,0.34895890951156616,0.3654087483882904,0.19595,0.009400304406881332,-0.976,-5.627,2.489,114.19,0.93997
7252,435166.5,1,0.3474198281764984,0.3636046350002289,0.19638,0.009237528778612614,-0.873,-5.663,2.475,114.282,0.93976
7253,435230.4,1,0.34184378385543823,0.36690953373908997,0.19562,0.009078947827219963,-0.739,-5.614,2.437,114.302,0.93929
7254,435294.43,1,0.3389427661895752,0.3651562035083771,0.19678,0.008844687603414059,-0.572,-5.63,2.422,114.217,0.93848
7255,435358.3,1,0.33751243352890015,0.36338457465171814,0.19768,0.00860525481402874,-0.562,-5.645,2.418,114.302,0.93964
7256,435406.6,1,0.33565595746040344,0.35822203755378723,0.19929,0.008236488327383995,-0.6,-5.672,2.413,114.274,0.94017
7257,435470.43,1,0.335321307182312,0.3612000346183777,0.1996,0.00820058211684227,-0.593,-5.683,2.36,114.161,0.94047
7258,435534.43,1,0.33499112725257874,0.36361220479011536,0.19922,0.008029612712562084,-0.602,-5.698,2.36,114.395,0.94008
7259,435598.3,1,0.3361663222312927,0.36578279733657837,0.19927,0.007882265374064445,-0.643,-5.699,2.366,114.176,0.93955
7260,435646.6,1,0.33675816655158997,0.36676013469696045,0.19862,0.007799908518791199,-0.652,-5.675,2.371,114.169,0.93908
7261,435710.37,1,0.3333340287208557,0.36661121249198914,0.1979,0.007810396142303944,-0.69,-5.632,2.37,114.279,0.93991
7262,435774.4,1,0.32826775312423706,0.36894261837005615,0.19671,0.007550414651632309,-0.63,-5.599,2.353,114.284,0.94048
7263,435838.67,1,0.33092084527015686,0.3679119646549225,0.19664,0.00759067852050066,-0.636,-5.597,2.342,114.189,0.93991
7264,435887.07,1,0.33680906891822815,0.3705902695655823,0.19476,0.007523904088884592,-0.643,-5.607,2.341,114.305,0.93904
7265,435950.4,1,0.3378906846046448,0.3684951364994049,0.19482,0.007533435244113207,-0.682,-5.609,2.337,114.342,0.93837
7266,436014.4,1,0.34121468663215637,0.3759017586708069,0.19298,0.007719769142568111,-0.8,-5.662,2.326,114.218,0.93915
7267,436078.73,1,0.3424328565597534,0.37719815969467163,0.19309,0.007565983571112156,-0.798,-5.665,2.333,114.343,0.93937
7268,436126.47,1,0.34398916363716125,0.38092929124832153,0.19052,0.007327469531446695,-0.773,-5.635,2.313,114.326,0.93924
7269,436190.33,1,0.3510848879814148,0.3835032284259796,0.19067,0.0070889671333134174,-0.744,-5.687,2.344,114.256,0.93909
7270,436254.4,1,0.35704505443573,0.3918967545032501,0.18695,0.007024176884442568,-0.665,-5.641,2.367,114.355,0.93877
7271,436318.4,1,0.3580167591571808,0.3927639126777649,0.18682,0.006909728050231934,-0.662,-5.617,2.37,114.348,0.93942
7272,436366.47,1,0.3585352897644043,0.39413270354270935,0.18736,0.00684393011033535,-0.66,-5.627,2.378,114.248,0.93883
7273,436430.43,1,0.3606334328651428,0.3934822976589203,0.18795,0.006855029612779617,-0.668,-5.625,2.343,114.306,0.93836
7274,436494.5,1,0.35697251558303833,0.38210248947143555,0.18955,0.007083424832671881,-0.591,-5.608,2.327,114.325,0.938
7275,436558.67,1,0.35770976543426514,0.38128167390823364,0.18889,0.007134843152016401,-0.595,-5.586,2.302,114.213,0.93756
7276,436606.6,1,0.43305280804634094,0.43444716930389404,0.16104,0.007515978999435902,-0.664,-5.547,2.293,114.329,0.9381
7277,436670.77,1,0.42920535802841187,0.44101330637931824,0.15695,0.007602016441524029,-0.605,-5.514,2.297,114.338,0.93811
7278,436734.5,1,0.41007891297340393,0.42968249320983887,0.16284,0.007687895558774471,-0.606,-5.492,2.297,114.235,0.93848
7279,436798.43,1,0.3965502977371216,0.42314502596855164,0.16673,0.007680350448936224,-0.615,-5.484,2.33,114.342,0.9392
7280,436846.7,1,0.3898332118988037,0.4135289192199707,0.17098,0.007570080459117889,-0.59,-5.519,2.376,114.33,0.93904
7281,436910.33,1,0.4048474431037903,0.4098716974258423,0.17392,0.007222057785838842,-0.577,-5.566,2.504,114.226,0.93931
7282,436974.43,1,0.40740689635276794,0.40403062105178833,0.17329,0.007490248419344425,-0.53,-5.527,2.567,114.357,0.93907
7283,437038.4,1,0.39044833183288574,0.3981409966945648,0.17878,0.006903721019625664,-0.507,-5.535,2.61,114.347,0.93908
7284,437086.9,1,0.3876282274723053,0.3952511250972748,0.17957,0.006797924637794495,-0.451,-5.51,2.646,114.272,0.93871
7285,437150.4,1,0.3869759142398834,0.3914833068847656,0.18079,0.006824976298958063,-0.42,-5.468,2.67,114.373,0.93808
7286,437214.53,1,0.373676598072052,0.3774111866950989,0.18533,0.006500003859400749,-0.367,-5.431,2.652,114.374,0.93883
7287,437278.47,1,0.38024023175239563,0.3825922906398773,0.18296,0.006591470446437597,-0.373,-5.436,2.602,114.265,0.93892
7288,437326.77,1,0.3699358403682709,0.3823501169681549,0.18424,0.006123283877968788,-0.366,-5.412,2.501,114.47,0.93837
7289,437390.37,1,0.362917959690094,0.38901862502098083,0.18678,0.005713806953281164,-0.38,-5.42,2.349,114.211,0.93909
7290,437454.73,1,0.3634070158004761,0.38748669624328613,0.18683,0.006139817647635937,-0.494,-5.483,2.352,114.225,0.93927
7291,437519.0,1,0.3590037226676941,0.38919222354888916,0.18716,0.006099693011492491,-0.483,-5.489,2.314,114.304,0.93941
7292,437566.6,1,0.35819298028945923,0.3824000060558319,0.18763,0.0063038780353963375,-0.379,-5.418,2.272,114.336,0.93816
7293,437630.63,1,0.35311567783355713,0.3780856728553772,0.19188,0.006264827214181423,-0.318,-5.437,2.278,114.207,0.93897
7294,437694.63,1,0.3525920510292053,0.37549057602882385,0.1932,0.006301745772361755,-0.302,-5.429,2.312,114.315,0.93926
7295,437758.77,1,0.3500499725341797,0.37193432450294495,0.195,0.006270849611610174,-0.155,-5.328,2.327,114.325,0.93817
7296,437806.7,1,0.3482804000377655,0.3649221360683441,0.19709,0.006083784159272909,-0.107,-5.274,2.365,114.231,0.9396
7297,437870.53,1,0.3433803915977478,0.3608037233352661,0.19812,0.0060740322805941105,-0.076,-5.241,2.366,114.289,0.94013
7298,437934.57,1,0.33970123529434204,0.35855457186698914,0.19971,0.006364240311086178,0.015,-5.273,2.368,114.317,0.93903
7299,437998.5,1,0.3394652307033539,0.356421560049057,0.2007,0.006352866999804974,0.034,-5.248,2.387,114.169,0.94028
7300,438046.43,1,0.3346903622150421,0.35161292552948,0.20197,0.006310416851192713,0.046,-5.23,2.404,114.278,0.93994
7301,438110.47,1,0.3326999247074127,0.3504573702812195,0.20239,0.006296367384493351,0.019,-5.247,2.396,114.267,0.93908
7302,438174.43,1,0.33375000953674316,0.3491023778915405,0.20353,0.006189428735524416,-0.046,-5.277,2.403,114.148,0.93919
7303,438238.57,1,0.33716827630996704,0.3453974425792694,0.20313,0.006218870170414448,-0.067,-5.303,2.437,114.254,0.93977
7304,438287.13,1,0.3324322998523712,0.33915629982948303,0.20503,0.006336982361972332,0.016,-5.272,2.445,114.257,0.94001
7305,438350.37,1,0.33658692240715027,0.33887284994125366,0.20589,0.006369287613779306,0.058,-5.299,2.43,114.144,0.93966
7306,438414.57,1,0.3368103504180908,0.3344069719314575,0.20656,0.006584180518984795,0.072,-5.311,2.442,114.214,0.94031
7307,438478.8,1,0.33622902631759644,0.33277732133865356,0.20748,0.006430561188608408,0.093,-5.294,2.456,114.249,0.93976
7308,438526.67,1,0.3399393856525421,0.33469176292419434,0.20744,0.006964665837585926,0.043,-5.245,2.46,114.139,0.94061
7309,438590.5,1,0.3408876359462738,0.33451926708221436,0.207,0.007099170703440905,0.03,-5.256,2.461,114.25,0.94033
7310,438654.6,1,0.34057754278182983,0.33423230051994324,0.20693,0.00719519192352891,0.027,-5.255,2.466,114.249,0.94035
7311,438718.53,1,0.6629707217216492,0.6388112306594849,0.05555,0.00985093042254448,-0.082,-5.238,2.34,114.193,0.93964
7312,438767.03,1,0.7279452085494995,0.7015790939331055,0.02321,0.009082311764359474,-0.103,-5.242,2.299,114.46,0.93849
7313,438830.53,1,0.6627354621887207,0.6494137644767761,0.03965,0.00872119888663292,-0.101,-5.247,2.293,114.496,0.93755
7314,438894.7,1,0.5479286909103394,0.5208641290664673,0.09621,0.008504641242325306,-0.112,-5.276,2.311,115.131,0.93161
7315,438958.53,1,0.43685945868492126,0.4265121519565582,0.14135,0.008104574866592884,-0.08,-5.301,2.361,115.339,0.92826
7316,439006.73,1,0.4040640592575073,0.3951459527015686,0.15992,0.007684297859668732,-0.084,-5.332,2.402,115.304,0.92871
7317,439070.57,1,0.3821321427822113,0.37146908044815063,0.17564,0.007712503429502249,-0.058,-5.331,2.43,115.499,0.9161
7318,439134.57,1,0.35894879698753357,0.3631601631641388,0.1832,0.00767864566296339,-0.015,-5.321,2.448,115.761,0.91555
7319,439198.47,1,0.34997040033340454,0.34922516345977783,0.19038,0.0075986250303685665,0.037,-5.364,2.45,115.587,0.91482
7320,439246.57,1,0.3463926315307617,0.34579646587371826,0.19347,0.007237476762384176,0.096,-5.363,2.455,115.544,0.91538
7321,439310.53,1,0.3397926986217499,0.34091347455978394,0.19782,0.00652233324944973,0.115,-5.334,2.437,115.563,0.91853
7322,439374.83,1,0.3401109278202057,0.34366482496261597,0.19767,0.006268830969929695,0.093,-5.35,2.436,115.508,0.92058
7323,439438.83,1,0.34390294551849365,0.3441082835197449,0.19903,0.00600176677107811,-0.007,-5.399,2.455,114.742,0.94737
7324,439486.63,1,0.3417467474937439,0.34125983715057373,0.19987,0.0058712889440357685,-0.012,-5.377,2.46,114.813,0.9491
7325,439550.73,1,0.34125417470932007,0.34453022480010986,0.19975,0.005603958386927843,-0.018,-5.366,2.458,114.792,0.95025
7326,439614.5,1,0.34482893347740173,0.34745538234710693,0.19983,0.005422835238277912,0.028,-5.335,2.485,114.545,0.95798
7327,439678.73,1,0.34720033407211304,0.34739524126052856,0.20007,0.005038874689489603,-0.027,-5.309,2.523,114.627,0.95879
7328,439726.6,1,0.34707018733024597,0.3519437611103058,0.19912,0.004578880034387112,0.005,-5.278,2.504,114.629,0.95777
7329,439790.8,1,0.3467223048210144,0.3562295138835907,0.19975,0.004079510923475027,-0.147,-5.3,2.496,114.557,0.95801
7330,439854.57,1,0.3459409773349762,0.3556514084339142,0.19994,0.003943203948438168,-0.166,-5.289,2.511,114.752,0.95238
7331,439918.93,1,0.34453046321868896,0.3570981025695801,0.19948,0.0038291667588055134,-0.187,-5.271,2.53,114.747,0.9524
7332,439967.03,1,0.6203598976135254,0.5851199626922607,0.07872,0.004909909330308437,-0.293,-5.218,2.34,115.139,0.93233
7333,440030.53,1,0.7363619208335876,0.7221024036407471,0.02033,0.005108235403895378,-0.925,-5.234,2.277,115.371,0.92726
7334,440094.5,1,0.6813458800315857,0.6814497709274292,0.02753,0.00401831790804863,-0.789,-5.174,2.293,115.384,0.92618
7335,440158.57,1,0.6807639002799988,0.6769220232963562,0.02772,0.003347017802298069,-0.684,-5.008,2.287,115.547,0.91417
7336,440206.67,1,0.6509159207344055,0.6470208168029785,0.03756,0.0032142638228833675,-0.546,-4.907,2.302,115.642,0.91373
7337,440270.53,1,0.5306282043457031,0.5574386119842529,0.08396,0.0028514505829662085,-0.546,-4.859,2.335,115.655,0.91411
7338,440334.57,1,0.4483962059020996,0.5028181076049805,0.12378,0.002780652604997158,-0.626,-4.86,2.378,115.538,0.91405
7339,440398.9,1,0.44923609495162964,0.4794716536998749,0.13193,0.00282176467590034,-0.636,-4.848,2.412,115.635,0.91448
7340,440446.53,1,0.4474491775035858,0.4808795154094696,0.1354,0.0026996161323040724,-0.678,-4.835,2.418,115.649,0.91394
7341,440510.8,1,0.43955355882644653,0.4774586856365204,0.14053,0.002703297883272171,-0.615,-4.753,2.427,115.564,0.91442
7342,440574.6,1,0.44240355491638184,0.47418031096458435,0.14168,0.002740412950515747,-0.509,-4.64,2.422,115.636,0.9144
7343,440638.67,1,0.4493855834007263,0.47143876552581787,0.14265,0.002672300674021244,-0.483,-4.642,2.465,115.665,0.91446
7344,440686.87,1,0.45690399408340454,0.4716610610485077,0.14338,0.00257988297380507,-0.398,-4.625,2.494,115.55,0.91421
7345,440750.9,1,0.46225884556770325,0.47094377875328064,0.1432,0.002567945048213005,-0.363,-4.611,2.502,115.635,0.91487
7346,440814.57,1,0.46462976932525635,0.46608081459999084,0.14374,0.002586539601907134,-0.337,-4.629,2.519,115.635,0.9149
7347,440878.6,1,0.4668723940849304,0.4629996418952942,0.14525,0.0024914380628615618,-0.355,-4.626,2.581,115.548,0.91502
7348,440926.67,1,0.4654037654399872,0.45987483859062195,0.14678,0.0025989587884396315,-0.249,-4.607,2.593,115.776,0.91447
7349,440990.5,1,0.4595033526420593,0.4395514726638794,0.15259,0.002718239789828658,-0.13,-4.618,2.59,115.527,0.91533
7350,441054.47,1,0.4645220637321472,0.4334794282913208,0.15299,0.002893023192882538,-0.07,-4.609,2.618,115.502,0.91485
7351,441118.9,1,0.46446293592453003,0.42879629135131836,0.1546,0.0029408992268145084,0.033,-4.616,2.642,115.597,0.91484
7352,441166.53,1,0.46096473932266235,0.4270350933074951,0.15434,0.0029939275700598955,0.151,-4.56,2.648,115.588,0.91461
7353,441230.53,1,0.4589361846446991,0.42332449555397034,0.15615,0.0029741330072283745,0.302,-4.566,2.614,115.49,0.91493
7354,441294.57,1,0.45372894406318665,0.420894980430603,0.15757,0.0030860546976327896,0.261,-4.609,2.636,115.607,0.91544
7355,441358.6,1,0.45054125785827637,0.4181831181049347,0.15771,0.0030517985578626394,0.26,-4.629,2.639,115.619,0.91502
7356,441406.87,1,0.4499732255935669,0.4183638393878937,0.15812,0.003030509455129504,0.262,-4.608,2.659,115.53,0.91583
7357,441470.97,1,0.4589385986328125,0.42658472061157227,0.15364,0.0029423204250633717,0.318,-4.574,2.646,115.683,0.91425
7358,441534.63,1,0.5733407139778137,0.5683494806289673,0.0878,0.003429649630561471,0.373,-4.573,2.532,115.815,0.91179
7359,441598.83,1,0.6250094175338745,0.6261200308799744,0.05812,0.0035288401413708925,0.422,-4.554,2.483,115.814,0.90945
7360,441646.63,1,0.6228715777397156,0.6307947635650635,0.05433,0.003576572285965085,0.475,-4.573,2.451,115.9,0.91028
7361,441710.57,1,0.6088420152664185,0.6297273635864258,0.05738,0.0035315623972564936,0.475,-4.588,2.438,115.883,0.91083
7362,441774.53,1,0.6011101007461548,0.5955473184585571,0.06919,0.0035301533062011003,0.443,-4.587,2.382,115.791,0.91082
7363,441838.9,1,0.5863040685653687,0.5748586654663086,0.07766,0.003373289480805397,0.442,-4.585,2.333,115.865,0.91073
7364,441887.13,1,0.5620641112327576,0.563579797744751,0.08667,0.0032795430161058903,0.528,-4.59,2.304,115.865,0.91044
7365,441950.47,1,0.5398824214935303,0.5491920709609985,0.09703,0.0030251445714384317,0.544,-4.588,2.301,115.767,0.90985
7366,442014.57,1,0.5301928520202637,0.5446935892105103,0.10034,0.003034053836017847,0.527,-4.592,2.298,115.737,0.91537
7367,442078.63,1,0.5196173191070557,0.5394046306610107,0.10614,0.0029413634911179543,0.414,-4.568,2.283,115.704,0.91692
7368,442126.97,1,0.5237584710121155,0.541851282119751,0.10618,0.0029636023100465536,0.311,-4.539,2.239,114.98,0.94246
7369,442190.6,1,0.6293939352035522,0.6330718994140625,0.05419,0.003167488845065236,0.333,-4.517,2.194,115.048,0.944
7370,442254.6,1,0.7088484168052673,0.7018952965736389,0.02561,0.0034661334939301014,0.371,-4.543,2.158,115.045,0.94558
7371,442319.1,1,0.7340983152389526,0.6997010111808777,0.02028,0.0037591836880892515,0.757,-4.566,2.237,114.773,0.952
7372,442366.93,1,0.7347239255905151,0.7108697295188904,0.01643,0.003728045616298914,1.506,-4.851,2.476,114.783,0.95312
7373,442430.5,1,0.7482941150665283,0.7199627161026001,0.01966,0.003503192216157913,2.603,-5.13,2.55,114.725,0.95276
7374,442494.63,1,0.7375819087028503,0.6846047639846802,0.01644,0.0035190300550311804,3.689,-5.336,2.497,114.565,0.95261
7375,442558.83,1,0.7473529577255249,0.6951873302459717,0.01707,0.003976381383836269,4.243,-5.317,2.449,114.593,0.95326
7376,442606.63,1,0.7423815727233887,0.7096326351165771,0.01883,0.004106314852833748,5.204,-5.301,2.45,114.562,0.95314
7377,442670.53,1,0.7343341112136841,0.6925549507141113,0.01983,0.004242056515067816,6.165,-5.313,2.327,114.386,0.95401
7378,442734.67,1,0.681800365447998,0.6447736024856567,0.0284,0.004869841039180756,6.934,-5.236,2.275,114.537,0.95384
7379,442798.87,1,0.6801431179046631,0.6216822862625122,0.03143,0.005443016532808542,7.949,-4.938,2.066,114.259,0.95296
7380,442846.5,1,0.692309558391571,0.6390881538391113,0.03181,0.0061179837211966515,8.069,-4.69,2.091,114.255,0.95466
7381,442910.5,1,0.671798050403595,0.6242387294769287,0.03916,0.006296274717897177,8.382,-4.526,1.905,114.35,0.95467
7382,442974.5,1,0.6588535308837891,0.5928698182106018,0.04851,0.006711911875754595,8.671,-4.402,1.853,114.36,0.95427
7383,443038.7,1,0.6709023714065552,0.5629456043243408,0.0496,0.00779685378074646,9.045,-4.296,1.649,114.274,0.95475
7384,443086.87,1,0.7153457999229431,0.5656924247741699,0.04251,0.007924787700176239,8.874,-4.311,1.509,114.48,0.9506
7385,443150.87,1,0.5741696357727051,0.49641016125679016,0.07405,0.007563557010143995,8.817,-4.175,1.47,114.551,0.94889
7386,443214.47,1,0.2701233923435211,0.25299206376075745,0.20789,0.005997401662170887,8.675,-4.053,1.48,114.93,0.92739
7387,443278.83,1,0.18852916359901428,0.1502615064382553,0.26598,0.005420574452728033,8.482,-3.924,1.418,115.098,0.92561
7388,443326.53,1,0.17632825672626495,0.12718169391155243,0.28323,0.004879029933363199,8.424,-3.796,1.371,115.163,0.92355
7389,443390.53,1,0.18697920441627502,0.13842062652111053,0.28416,0.004464936442673206,8.28,-3.746,1.265,115.402,0.91054
7390,443454.83,1,0.18663176894187927,0.13829992711544037,0.28579,0.005335727706551552,7.898,-3.787,1.288,115.529,0.91173
7391,443518.6,1,0.17599977552890778,0.1317754089832306,0.29205,0.004796737339347601,7.501,-3.863,1.255,115.56,0.91081
7392,443567.07,1,0.18065112829208374,0.13641980290412903,0.2928,0.004917696584016085,7.146,-3.92,1.237,115.466,0.91214
7393,443630.43,1,0.16288745403289795,0.14744864404201508,0.29029,0.004802698269486427,6.439,-3.942,1.246,115.531,0.91573
7394,443694.57,1,0.16692617535591125,0.15316884219646454,0.28715,0.004624679684638977,6.191,-4.042,1.254,115.518,0.91725
7395,443758.43,1,0.16389432549476624,0.15386492013931274,0.29325,0.0041563487611711025,5.644,-3.942,1.383,114.791,0.94227
7396,443806.57,1,0.1564725935459137,0.14227820932865143,0.29671,0.004172411747276783,5.222,-3.989,1.461,114.852,0.94494
7397,443870.53,1,0.16814450919628143,0.15165628492832184,0.29307,0.004532438702881336,4.715,-4.02,1.622,114.89,0.94523
7398,443934.47,1,0.1842523217201233,0.15665890276432037,0.28975,0.004457026720046997,4.091,-4.199,1.866,114.555,0.9539
7399,443998.4,1,0.24429285526275635,0.24966783821582794,0.23019,0.007374118082225323,3.881,-4.412,1.967,114.724,0.95387
7400,444046.7,1,0.5501580238342285,0.5179798603057861,0.09327,0.01030875276774168,2.567,-4.438,2.012,114.702,0.95416
7401,444110.6,1,0.4088797867298126,0.5123264789581299,0.12683,0.010498063638806343,1.914,-4.34,2.302,114.59,0.95398
7402,444174.57,1,0.2768169045448303,0.3414655029773712,0.20878,0.009333553723990917,1.554,-4.431,2.42,114.691,0.95394
7403,444238.4,1,0.23163066804409027,0.26555436849594116,0.24783,0.008271669037640095,1.342,-4.533,2.468,114.686,0.95356
7404,444286.43,1,0.2203899472951889,0.23344099521636963,0.25944,0.009171073324978352,1.236,-4.615,2.456,114.591,0.95445
7405,444350.47,1,0.21362453699111938,0.21739183366298676,0.26531,0.008600744418799877,1.128,-4.587,2.428,114.694,0.95394
7406,444414.43,1,0.21258549392223358,0.21616357564926147,0.26633,0.008266463875770569,1.139,-4.592,2.424,114.685,0.95306
7407,444478.77,1,0.21621836721897125,0.2130769044160843,0.26573,0.007789437659084797,1.266,-4.559,2.399,114.592,0.95326
7408,444526.73,1,0.21971949934959412,0.21347257494926453,0.26474,0.007375797256827354,1.34,-4.554,2.383,114.85,0.95299
7409,444590.43,1,0.2176130712032318,0.2134905755519867,0.26544,0.006908763200044632,1.36,-4.559,2.41,114.626,0.95222
7410,444654.43,1,0.22072456777095795,0.21519306302070618,0.26501,0.006929549854248762,1.367,-4.547,2.428,114.619,0.95269
7411,444718.6,1,0.2043476402759552,0.2143252044916153,0.26477,0.005724707152694464,1.383,-4.551,2.445,114.675,0.95348
7412,444766.57,1,0.19760480523109436,0.21802034974098206,0.26363,0.0050234259106218815,1.477,-4.557,2.436,114.655,0.95306
7413,444830.77,1,0.18984659016132355,0.2170637845993042,0.2642,0.004731076303869486,1.591,-4.587,2.483,114.603,0.95362
7414,444894.57,1,0.19041875004768372,0.22105686366558075,0.26296,0.005826220382004976,1.514,-4.619,2.498,114.614,0.9537
7415,444958.47,1,0.19208934903144836,0.2213154286146164,0.26187,0.006482782308012247,1.49,-4.67,2.488,114.587,0.95375
7416,445006.47,1,0.1932188719511032,0.21954287588596344,0.26104,0.007281952071934938,1.44,-4.703,2.508,114.579,0.95302
7417,445070.5,1,0.1886604279279709,0.2204572558403015,0.26027,0.0069145336747169495,1.381,-4.713,2.511,114.656,0.95235
7418,445134.5,1,0.1956389844417572,0.21590089797973633,0.25977,0.006859069690108299,1.142,-4.77,2.442,114.692,0.95274
7419,445198.43,1,0.21179550886154175,0.2203054279088974,0.25665,0.0064185019582509995,1.076,-4.696,2.415,114.606,0.95393
7420,445247.13,1,0.22689640522003174,0.22815972566604614,0.25254,0.006306113209575415,1.101,-4.671,2.375,114.666,0.95393
7421,445310.67,1,0.23958107829093933,0.23192168772220612,0.24975,0.0057740593329072,1.152,-4.67,2.384,114.649,0.95458
7422,445374.5,1,0.2476651668548584,0.2353668510913849,0.24905,0.005671647377312183,1.087,-4.578,2.411,114.627,0.9539
7423,445438.5,1,0.2481602132320404,0.2371509075164795,0.249,0.005520118400454521,1.115,-4.521,2.393,114.727,0.95356
7424,445486.87,1,0.24700763821601868,0.23636256158351898,0.24897,0.005532160401344299,1.174,-4.488,2.374,114.669,0.95385
7425,445550.4,1,0.24683810770511627,0.23593495786190033,0.24905,0.005402653012424707,1.221,-4.482,2.403,114.639,0.95262
7426,445614.47,1,0.2453857660293579,0.23617899417877197,0.24842,0.005478999111801386,1.274,-4.486,2.41,114.735,0.95276
7427,445678.73,1,0.24501338601112366,0.23538915812969208,0.24864,0.005476343911141157,1.267,-4.484,2.401,114.744,0.95285
7428,445726.97,1,0.24603872001171112,0.23428566753864288,0.24911,0.0055144471116364,1.186,-4.539,2.429,114.598,0.95428
7429,445790.47,1,0.24578222632408142,0.23503193259239197,0.24941,0.005594024434685707,1.147,-4.574,2.417,114.725,0.95359
7430,445854.47,1,0.2443091720342636,0.2483232319355011,0.24721,0.005906962789595127,1.139,-4.626,2.344,114.739,0.95376
7431,445918.77,1,0.24354204535484314,0.26350733637809753,0.24221,0.006331933196634054,1.065,-4.773,2.332,114.656,0.95376
7432,445966.83,1,0.2419109046459198,0.26776066422462463,0.24023,0.0062940395437181,1.091,-4.782,2.266,114.775,0.95302
7433,446030.6,1,0.24078913033008575,0.2690129280090332,0.24127,0.006342214532196522,1.097,-4.8,2.286,114.737,0.95469
7434,446094.5,1,0.24398326873779297,0.272828072309494,0.24177,0.006276576779782772,1.088,-4.814,2.256,114.656,0.9537
7435,446158.9,1,0.2493968904018402,0.2767607867717743,0.2389,0.006233474239706993,1.07,-4.824,2.204,114.654,0.95393
7436,446206.63,1,0.24939444661140442,0.2756749093532562,0.23893,0.006224486045539379,1.032,-4.887,2.215,114.629,0.95471
7437,446270.6,1,0.26618653535842896,0.283423513174057,0.23583,0.006522858049720526,1.054,-4.852,2.22,114.588,0.95384
7438,446334.6,1,0.2735404670238495,0.28587663173675537,0.23481,0.00679982453584671,1.048,-4.779,2.204,114.839,0.95395
7439,446398.53,1,0.2784877419471741,0.2835417091846466,0.23459,0.006920443382114172,1.021,-4.684,2.206,114.613,0.95289
7440,446446.53,1,0.27031347155570984,0.27982449531555176,0.23712,0.007006592117249966,0.8,-4.668,2.183,114.576,0.95408
7441,446510.9,1,0.26778197288513184,0.279361367225647,0.23747,0.006958755664527416,0.799,-4.639,2.164,114.687,0.95409
7442,446574.57,1,0.6291163563728333,0.5754157900810242,0.07436,0.010261922143399715,0.737,-4.595,1.942,114.7,0.95374
7443,446638.5,1,0.744762659072876,0.6711097955703735,0.01781,0.009745840914547443,0.633,-4.497,1.802,114.604,0.95435
7444,446686.53,1,0.6708608865737915,0.640449047088623,0.02456,0.00983030628412962,0.727,-4.49,1.921,114.686,0.95321
7445,446750.57,1,0.5777894854545593,0.5750027298927307,0.06349,0.009377500042319298,0.697,-4.438,2.052,114.694,0.95479
7446,446814.5,1,0.4281103312969208,0.44224217534065247,0.13467,0.007901862263679504,0.566,-4.507,2.138,114.612,0.95386
7447,446878.87,1,0.38085004687309265,0.3875228464603424,0.16506,0.007789892144501209,0.393,-4.565,2.181,114.693,0.95379
7448,446927.0,1,0.3481908142566681,0.3509836196899414,0.18459,0.0074176606722176075,0.372,-4.573,2.213,114.719,0.95446
7449,446990.57,1,0.3303031623363495,0.33195266127586365,0.19855,0.007313210982829332,0.376,-4.584,2.252,114.647,0.95421
7450,447054.57,1,0.33664605021476746,0.33210867643356323,0.19878,0.00726868724450469,0.401,-4.612,2.263,114.73,0.95379
7451,447118.63,1,0.33345651626586914,0.3267670273780823,0.20257,0.007148875389248133,0.434,-4.629,2.259,114.683,0.95416
7452,447166.87,1,0.33678963780403137,0.32718178629875183,0.20278,0.00714489258825779,0.44,-4.641,2.247,114.599,0.95419
7453,447230.47,1,0.3345795273780823,0.3244726061820984,0.20371,0.007053751032799482,0.533,-4.672,2.224,114.689,0.95373
7454,447294.8,1,0.33267176151275635,0.32345303893089294,0.20596,0.0070047080516815186,0.528,-4.665,2.204,114.659,0.95485
7455,447359.07,1,0.33135053515434265,0.32467710971832275,0.20663,0.006958102807402611,0.478,-4.727,2.216,114.58,0.95535
7456,447406.6,1,0.3301875591278076,0.3244609236717224,0.20663,0.007013011258095503,0.438,-4.736,2.215,114.703,0.95472
7457,447470.6,1,0.3301858603954315,0.3256435692310333,0.20679,0.006944554392248392,0.44,-4.737,2.224,114.728,0.95436
7458,447534.6,1,0.32854142785072327,0.32687050104141235,0.20653,0.006879271008074284,0.466,-4.72,2.201,114.609,0.95551
7459,447598.63,1,0.3258076310157776,0.3246431350708008,0.20815,0.006883926689624786,0.453,-4.734,2.208,114.737,0.95443
7460,447647.03,1,0.3261120617389679,0.32497408986091614,0.2079,0.006932421587407589,0.461,-4.724,2.201,114.765,0.95345
7461,447710.77,1,0.3262846767902374,0.3280737102031708,0.20864,0.006824736949056387,0.358,-4.736,2.201,114.615,0.95386
7462,447774.47,1,0.32173848152160645,0.3286507725715637,0.20732,0.006781293544918299,0.459,-4.728,2.116,114.732,0.95388
7463,447838.8,1,0.3195567727088928,0.32011765241622925,0.21037,0.006710213143378496,0.443,-4.734,2.134,114.713,0.95337
7464,447886.53,1,0.3209364712238312,0.31951195001602173,0.21032,0.006812466308474541,0.385,-4.74,2.135,114.619,0.95427
7465,447950.43,1,0.32083192467689514,0.3192557990550995,0.21103,0.00672757625579834,0.369,-4.728,2.115,114.724,0.95354
7466,448014.5,1,0.32097741961479187,0.3191933333873749,0.21089,0.006570923607796431,0.441,-4.768,2.114,114.72,0.95392
7467,448078.93,1,0.3199956715106964,0.31615427136421204,0.21289,0.006395952310413122,0.454,-4.789,2.087,114.622,0.95404
7468,448126.47,1,0.3207257091999054,0.31597381830215454,0.21324,0.006530717480927706,0.366,-4.824,2.103,114.852,0.95397
7469,448190.6,1,0.32225528359413147,0.316341370344162,0.21356,0.006466415245085955,0.34,-4.824,2.112,114.615,0.9536
7470,448254.63,1,0.33061671257019043,0.32131093740463257,0.20965,0.0065153129398822784,0.364,-4.8,2.137,114.619,0.95404
7471,448318.47,1,0.3304104208946228,0.320202499628067,0.20983,0.006571380887180567,0.348,-4.785,2.141,114.752,0.95452
7472,448366.7,1,0.3289223313331604,0.31698814034461975,0.21139,0.00653567910194397,0.333,-4.763,2.134,114.777,0.9546
7473,448430.47,1,0.32155442237854004,0.3125782012939453,0.21379,0.0063444687984883785,0.325,-4.778,2.136,114.671,0.95491
7474,448494.47,1,0.3226394057273865,0.33093076944351196,0.21025,0.00669297156855464,0.307,-4.803,2.128,114.756,0.95402
7475,448558.6,1,0.627689003944397,0.6145513653755188,0.06565,0.008395237848162651,0.018,-4.79,2.014,114.794,0.95401
7476,448606.33,1,0.60271817445755,0.5989409685134888,0.06501,0.008166833780705929,0.14,-4.73,2.001,114.666,0.95396
7477,448670.8,1,0.5789502263069153,0.575933575630188,0.07425,0.008325622417032719,0.23,-4.688,2.055,114.791,0.95412
7478,448734.47,1,0.45587170124053955,0.5056391954421997,0.11527,0.008046338334679604,0.234,-4.717,2.069,114.787,0.9532
7479,448798.77,1,0.40329182147979736,0.43394044041633606,0.14808,0.0074853659607470036,0.19,-4.716,2.072,114.67,0.95367
7480,448846.7,1,0.39354127645492554,0.414295494556427,0.1577,0.007421285379678011,0.182,-4.708,2.079,114.8,0.95379
7481,448910.8,1,0.3733205795288086,0.3867669403553009,0.1706,0.00734084565192461,0.263,-4.722,2.114,114.779,0.95378
7482,448974.37,1,0.35917550325393677,0.3746735155582428,0.17775,0.00739230727776885,0.295,-4.712,2.159,114.68,0.95456
7483,449038.37,1,0.35061168670654297,0.35866257548332214,0.18471,0.007116811815649271,0.324,-4.717,2.161,114.869,0.95073
7484,449086.4,1,0.34816986322402954,0.3513960838317871,0.18819,0.007172836922109127,0.338,-4.7,2.157,114.935,0.94853
7485,449150.33,1,0.3479827642440796,0.33839577436447144,0.19245,0.007150252349674702,0.345,-4.703,2.126,115.347,0.92808
7486,449214.5,1,0.34757402539253235,0.3352248966693878,0.1939,0.007007726468145847,0.382,-4.705,2.115,115.526,0.92427
7487,449278.83,1,0.3421890437602997,0.328056275844574,0.1994,0.006679784506559372,0.397,-4.718,2.118,115.505,0.92448
7488,449326.5,1,0.3413376808166504,0.32705894112586975,0.20056,0.006614273879677057,0.391,-4.704,2.133,115.691,0.91206
7489,449390.47,1,0.333380788564682,0.3242683708667755,0.20385,0.0061963279731571674,0.434,-4.691,2.146,115.8,0.91036
7490,449454.5,1,0.3271925747394562,0.32053840160369873,0.2063,0.0061871265061199665,0.553,-4.635,2.122,115.787,0.91239
7491,449518.47,1,0.32376357913017273,0.3197929263114929,0.208,0.00608148192986846,0.614,-4.62,2.123,115.725,0.91127
7492,449566.87,1,0.32412204146385193,0.318935364484787,0.20851,0.006235925946384668,0.529,-4.658,2.122,115.734,0.91599
7493,449630.47,1,0.3255297541618347,0.31820008158683777,0.20894,0.006309059914201498,0.545,-4.66,2.113,115.72,0.91709
7494,449694.53,1,0.3279676139354706,0.3184286057949066,0.20965,0.0066333794966340065,0.454,-4.659,2.138,114.983,0.94243
7495,449758.7,1,0.32021981477737427,0.3178955018520355,0.21061,0.006688943598419428,0.534,-4.629,2.098,115.043,0.94456
7496,449806.4,1,0.3223620653152466,0.3164694011211395,0.21145,0.0066717215813696384,0.468,-4.661,2.122,115.028,0.94552
7497,449870.8,1,0.32349681854248047,0.31641191244125366,0.21145,0.006643948145210743,0.463,-4.67,2.113,114.742,0.95321
7498,449934.77,1,0.32243600487709045,0.31499236822128296,0.21163,0.0067330654710531235,0.447,-4.677,2.122,114.981,0.95273
7499,449998.77,1,0.3178102672100067,0.3087862432003021,0.21433,0.006699444726109505,0.477,-4.652,2.117,114.743,0.95189
7500,450046.6,1,0.3171621561050415,0.3080431818962097,0.21461,0.006838603876531124,0.391,-4.659,2.123,114.723,0.95459
7501,450110.8,1,0.3168712854385376,0.3067573606967926,0.21654,0.00680225994437933,0.345,-4.673,2.151,114.786,0.95442
7502,450174.5,1,0.31631210446357727,0.30818596482276917,0.21552,0.006863274145871401,0.35,-4.651,2.15,114.791,0.95389
7503,450238.77,1,0.3176844120025635,0.3078077733516693,0.21657,0.0069081285037100315,0.321,-4.625,2.136,114.69,0.9536
7504,450286.6,1,0.31688186526298523,0.30730488896369934,0.21712,0.0069912150502204895,0.329,-4.624,2.126,114.816,0.95396
7505,450350.4,1,0.3186963200569153,0.3073466122150421,0.21703,0.006976832635700703,0.336,-4.615,2.135,114.812,0.95411
7506,450414.43,1,0.3202529847621918,0.3088534474372864,0.21728,0.006870265118777752,0.282,-4.618,2.14,114.736,0.95385
7507,450478.57,1,0.31413862109184265,0.30139145255088806,0.21966,0.006702462211251259,0.286,-4.6,2.133,114.838,0.95396
7508,450526.87,1,0.3115912675857544,0.30135753750801086,0.22053,0.006791405379772186,0.271,-4.6,2.15,114.813,0.95464
7509,450590.43,1,0.31334686279296875,0.2985047996044159,0.22099,0.006793482694774866,0.345,-4.501,2.144,114.777,0.9544
7510,450654.5,1,0.3136473000049591,0.2975686490535736,0.22088,0.006860135588794947,0.398,-4.515,2.166,114.845,0.95563
7511,450718.57,1,0.31257808208465576,0.29623734951019287,0.22142,0.006917978636920452,0.405,-4.529,2.154,114.84,0.95491
7512,450766.37,1,0.4531709849834442,0.4601261615753174,0.14291,0.008774558082222939,0.495,-4.606,2.097,114.726,0.95531
7513,450830.43,1,0.4685437083244324,0.4897395074367523,0.12691,0.009487451054155827,0.33,-4.67,2.08,114.833,0.95485
7514,450894.47,1,0.45176205039024353,0.4781346917152405,0.1323,0.009432975202798843,0.144,-4.755,2.039,114.819,0.95474
7515,450958.4,1,0.4472205340862274,0.47152960300445557,0.13611,0.009304319508373737,0.045,-4.809,2.019,114.736,0.95427
7516,451007.0,1,0.4440285265445709,0.4620245695114136,0.14069,0.009030668996274471,-0.047,-4.842,2.033,114.833,0.95477
7517,451070.43,1,0.4341185986995697,0.45248299837112427,0.14763,0.009027959778904915,-0.095,-4.904,2.048,114.815,0.95486
7518,451134.53,1,0.4171304702758789,0.4392842650413513,0.15457,0.008963470347225666,-0.142,-4.903,2.037,114.758,0.95423
7519,451198.7,1,0.3966647982597351,0.42287349700927734,0.16422,0.00855964981019497,-0.124,-4.926,2.031,114.842,0.95469
7520,451247.07,1,0.3814713954925537,0.40812844038009644,0.1702,0.008479473181068897,-0.148,-4.936,2.028,114.827,0.95606
7521,451310.4,1,0.3569228947162628,0.37722036242485046,0.18478,0.008170927874743938,-0.072,-4.936,2.021,114.763,0.95339
7522,451374.47,1,0.3462728261947632,0.3544856309890747,0.19733,0.007727132644504309,-0.065,-4.909,2.087,114.807,0.95564
7523,451438.73,1,0.3397958278656006,0.34629687666893005,0.20107,0.0076514664106070995,0.036,-4.868,2.118,114.812,0.95521
7524,451486.43,1,0.3249414563179016,0.3302652835845947,0.21018,0.007472085766494274,0.007,-4.851,2.121,114.748,0.95557
7525,451550.5,1,0.3200221061706543,0.32258737087249756,0.2129,0.007450604345649481,-0.061,-4.82,2.116,114.892,0.95509
7526,451614.37,1,0.31770533323287964,0.31963005661964417,0.21375,0.007339681498706341,-0.005,-4.784,2.111,114.888,0.95417
7527,451678.77,1,0.31908148527145386,0.31736356019973755,0.21356,0.00728508410975337,0.023,-4.702,2.116,114.797,0.95382
7528,451726.47,1,0.3185240924358368,0.31561097502708435,0.21437,0.0072150151245296,0.019,-4.702,2.12,115.043,0.95425
7529,451790.6,1,0.32385724782943726,0.31550249457359314,0.21446,0.0072966450825333595,0.019,-4.641,2.101,114.787,0.9549
7530,451854.5,1,0.321336567401886,0.3147462010383606,0.21456,0.007138125132769346,0.022,-4.67,2.144,114.765,0.95372
7531,451918.67,1,0.3182477653026581,0.31345677375793457,0.21487,0.0072066388092935085,0.036,-4.664,2.163,114.902,0.9537
7532,451966.53,1,0.31225451827049255,0.3118405044078827,0.2163,0.007037980016320944,0.079,-4.658,2.141,114.889,0.95479
7533,452030.4,1,0.3206535875797272,0.31749266386032104,0.21588,0.007118722423911095,0.097,-4.692,2.172,114.788,0.95494
7534,452094.4,1,0.3185655176639557,0.31497782468795776,0.21637,0.006992187816649675,0.076,-4.702,2.182,114.876,0.95435
7535,452158.77,1,0.31241095066070557,0.312228798866272,0.21826,0.006792508997023106,0.08,-4.704,2.178,114.903,0.95403
7536,452207.0,1,0.31426912546157837,0.3099064528942108,0.21985,0.006800906267017126,0.05,-4.721,2.197,114.794,0.95432
7537,452270.63,1,0.311441034078598,0.3099358081817627,0.22042,0.006425505504012108,0.066,-4.693,2.236,114.919,0.95454
7538,452334.47,1,0.3104562759399414,0.30619674921035767,0.22042,0.006693009287118912,0.075,-4.728,2.233,114.924,0.95495
7539,452398.37,1,0.3133263885974884,0.30838918685913086,0.22328,0.00673800939694047,0.022,-4.708,2.304,114.81,0.95559
7540,452446.77,1,0.3135372996330261,0.30815014243125916,0.22299,0.006795497145503759,-0.005,-4.708,2.294,114.895,0.95532
7541,452510.67,1,0.3113124370574951,0.30824583768844604,0.22269,0.006821731571108103,0.001,-4.722,2.306,114.899,0.95483
7542,452574.33,1,0.3076082766056061,0.3080802261829376,0.22365,0.006646865513175726,-0.038,-4.725,2.31,114.853,0.95326
7543,452638.43,1,0.3003438413143158,0.3041425347328186,0.22413,0.0064206854440271854,-0.007,-4.723,2.301,114.935,0.95364
7544,452686.7,1,0.29174673557281494,0.30145853757858276,0.22538,0.006410946603864431,-0.039,-4.734,2.304,114.93,0.95351
7545,452750.67,1,0.29012927412986755,0.29950961470603943,0.22599,0.006234452128410339,-0.045,-4.755,2.325,114.792,0.95374
7546,452814.47,1,0.30815812945365906,0.32007622718811035,0.21529,0.006838445086032152,-0.138,-4.807,2.304,114.916,0.95325
7547,452878.4,1,0.3065469264984131,0.3281473219394684,0.21245,0.006917385850101709,-0.304,-4.911,2.284,114.892,0.95377
7548,452926.43,1,0.3157777488231659,0.33440515398979187,0.20993,0.0071242074482142925,-0.47,-4.987,2.275,114.796,0.9533
7549,452990.67,1,0.32306066155433655,0.3426525890827179,0.2063,0.0074181705713272095,-0.523,-5.018,2.202,114.883,0.95432
7550,453054.37,1,0.3231167495250702,0.3420921266078949,0.20705,0.007355791050940752,-0.544,-5.068,2.221,114.909,0.95392
7551,453118.3,1,0.3222934901714325,0.35043230652809143,0.20644,0.0071549564599990845,-0.5,-5.091,2.21,114.813,0.95315
7552,453166.4,1,0.3170401453971863,0.3498839735984802,0.20783,0.007024535909295082,-0.499,-5.094,2.229,114.886,0.95383
7553,453230.4,1,0.32140377163887024,0.3445848524570465,0.20844,0.006853264290839434,-0.345,-5.059,2.218,114.909,0.95319
7554,453294.37,1,0.3353375792503357,0.3440808057785034,0.20847,0.0069291559047997,-0.327,-5.046,2.275,114.79,0.95466
7555,453358.37,1,0.3344612419605255,0.34022414684295654,0.20785,0.0069941808469593525,-0.272,-4.988,2.309,114.883,0.954
7556,453406.37,1,0.3346385061740875,0.334532767534256,0.20901,0.0069725695066154,-0.266,-4.981,2.319,114.903,0.95311
7557,453470.47,1,0.33476147055625916,0.33169594407081604,0.20924,0.0069690668024122715,-0.274,-4.979,2.335,114.766,0.95298
7558,453534.37,1,0.3332820236682892,0.3286935091018677,0.2101,0.006815711967647076,-0.299,-4.982,2.317,115.02,0.95285
7559,453598.43,1,0.335345059633255,0.3263428807258606,0.21091,0.006764914840459824,-0.28,-5.014,2.309,114.773,0.95264
7560,453646.83,1,0.33556127548217773,0.3259093165397644,0.21127,0.0069876741617918015,-0.292,-5.01,2.31,114.768,0.95385
7561,453710.77,1,0.3328965902328491,0.32136765122413635,0.21219,0.007257097866386175,-0.311,-5.018,2.361,114.857,0.95368
7562,453774.47,1,0.32200467586517334,0.31786927580833435,0.21324,0.006758717820048332,-0.308,-5.044,2.381,114.836,0.95472
7563,453838.73,1,0.31977444887161255,0.30874720215797424,0.21603,0.006449813488870859,-0.298,-5.012,2.367,114.775,0.95328
7564,453886.63,1,0.3101360499858856,0.3070315420627594,0.21729,0.006415674462914467,-0.281,-4.992,2.39,114.881,0.954
7565,453950.43,1,0.3079248368740082,0.3047374486923218,0.21819,0.00615515373647213,-0.241,-4.939,2.376,114.868,0.95395
7566,454014.53,1,0.3082302510738373,0.3040795624256134,0.21961,0.006093486677855253,-0.213,-4.908,2.429,114.789,0.95384
7567,454078.57,1,0.30535978078842163,0.30293333530426025,0.21958,0.006202976685017347,-0.117,-4.883,2.422,114.872,0.95367
7568,454126.63,1,0.30065786838531494,0.2991183400154114,0.22154,0.005852140951901674,-0.058,-4.862,2.41,114.868,0.95382
7569,454190.77,1,0.29983773827552795,0.2987266182899475,0.22394,0.005794241093099117,-0.094,-4.84,2.395,114.78,0.95406
7570,454254.47,1,0.3018638491630554,0.2993479371070862,0.22324,0.005781824700534344,-0.089,-4.839,2.396,114.875,0.95396
7571,454318.7,1,0.3011307716369629,0.29888662695884705,0.22297,0.005849228240549564,-0.133,-4.809,2.39,114.839,0.95405
7572,454366.97,1,0.3039575517177582,0.3000490963459015,0.22329,0.005918891169130802,-0.144,-4.787,2.407,114.746,0.95572
7573,454430.43,1,0.30055931210517883,0.2971794903278351,0.22435,0.0059196013025939465,-0.115,-4.788,2.412,114.828,0.95483
7574,454494.4,1,0.29891252517700195,0.2919745445251465,0.22526,0.005957179237157106,-0.044,-4.79,2.424,114.829,0.9542
7575,454558.43,1,0.2978953421115875,0.2885079085826874,0.22902,0.006055389065295458,-0.01,-4.852,2.465,114.721,0.95337
7576,454607.03,1,0.29487013816833496,0.2864362597465515,0.2294,0.006132657639682293,-0.014,-4.872,2.477,114.842,0.95435
7577,454670.47,1,0.2931198477745056,0.2830791175365448,0.23014,0.006112636532634497,0.009,-4.876,2.503,114.842,0.9536
7578,454734.37,1,0.29689887166023254,0.28399425745010376,0.22943,0.006423234939575195,-0.021,-4.864,2.493,114.77,0.95325
7579,454798.73,1,0.29008927941322327,0.2826211452484131,0.2305,0.0062962244264781475,-0.012,-4.88,2.491,114.84,0.95435
7580,454846.47,1,0.2880953252315521,0.27989462018013,0.23089,0.006393220741301775,0.012,-4.939,2.498,114.838,0.95495
7581,454910.4,1,0.2840927839279175,0.2761554718017578,0.23307,0.006213090382516384,0.073,-4.912,2.531,114.753,0.95547
7582,454974.43,1,0.28514280915260315,0.2780826687812805,0.23204,0.006140024866908789,0.066,-4.908,2.523,114.853,0.95391
7583,455038.47,1,0.2837725579738617,0.2764142155647278,0.23255,0.006060152314603329,0.072,-4.896,2.524,114.853,0.95467
7584,455086.9,1,0.28643837571144104,0.2780596911907196,0.23179,0.005843148101121187,0.059,-4.925,2.544,114.79,0.95375
7585,455150.7,1,0.28933724761009216,0.2817719876766205,0.23122,0.0056795161217451096,-0.075,-4.893,2.56,114.865,0.95383
7586,455214.43,1,0.2868994474411011,0.28034231066703796,0.23112,0.005647405982017517,-0.07,-4.908,2.564,114.867,0.95425
7587,455278.53,1,0.2860587239265442,0.2812832295894623,0.23207,0.005533400923013687,-0.076,-4.896,2.573,114.787,0.95341
7588,455326.67,1,0.28393250703811646,0.2799389660358429,0.23243,0.005535787437111139,-0.065,-4.901,2.576,114.914,0.95306
7589,455390.73,1,0.2832443416118622,0.2807381749153137,0.23283,0.00546298548579216,0.005,-4.898,2.576,114.752,0.95346
7590,455454.5,1,0.28424280881881714,0.2799290418624878,0.23292,0.0057003614492714405,-0.024,-4.855,2.553,114.72,0.95438
7591,455518.47,1,0.2828945219516754,0.2794335186481476,0.23382,0.005741058383136988,-0.047,-4.849,2.546,114.861,0.9534
7592,455566.73,1,0.2773820757865906,0.2767399251461029,0.23491,0.005529789254069328,-0.038,-4.848,2.501,114.864,0.95348
7593,455630.4,1,0.2805570065975189,0.2783631980419159,0.23538,0.005381149239838123,-0.068,-4.874,2.517,114.78,0.9529
7594,455694.43,1,0.2819368839263916,0.2819058299064636,0.23408,0.005525111220777035,-0.108,-4.878,2.522,114.868,0.95388
7595,455758.7,1,0.6162847280502319,0.5957534909248352,0.08084,0.007881635800004005,-0.612,-4.996,2.453,114.921,0.95361
7596,455806.4,1,0.5735072493553162,0.5932024717330933,0.08174,0.007637720555067062,-0.604,-5.01,2.428,114.805,0.95325
7597,455870.4,1,0.5634496212005615,0.5682123899459839,0.09105,0.007846877910196781,-0.544,-5.029,2.412,114.905,0.95351
7598,455934.77,1,0.466193288564682,0.5217075943946838,0.12367,0.0076562040485441685,-0.559,-4.987,2.416,114.891,0.95314
7599,455998.6,1,0.419468492269516,0.4336901605129242,0.15621,0.007388424593955278,-0.52,-4.943,2.446,114.771,0.95342
7600,456046.53,1,0.39145171642303467,0.38710665702819824,0.17166,0.007157175336033106,-0.526,-4.93,2.455,114.849,0.95449
7601,456110.4,1,0.35009974241256714,0.3595028817653656,0.18815,0.007045927923172712,-0.522,-4.911,2.49,114.825,0.95465
7602,456174.4,1,0.3415410816669464,0.3491084575653076,0.19335,0.006952991709113121,-0.502,-4.912,2.508,114.719,0.95463
7603,456238.4,1,0.33912330865859985,0.3435707986354828,0.19655,0.00675560999661684,-0.474,-4.909,2.499,114.832,0.95303
7604,456286.6,1,0.33479759097099304,0.3390040993690491,0.19976,0.006516372784972191,-0.456,-4.951,2.524,114.828,0.95272
7605,456350.63,1,0.3364754915237427,0.3381568193435669,0.20141,0.0061490777879953384,-0.288,-4.991,2.526,114.701,0.95355
7606,456414.4,1,0.33438363671302795,0.3337373733520508,0.20319,0.006099869962781668,-0.223,-4.988,2.528,114.799,0.95317
7607,456478.43,1,0.3330836296081543,0.3304060995578766,0.20537,0.005978068336844444,-0.225,-5.014,2.564,114.836,0.95244
7608,456526.4,1,0.33470332622528076,0.3296377658843994,0.20578,0.0059234690852463245,-0.228,-5.006,2.547,114.768,0.95196
7609,456590.7,1,0.33373793959617615,0.32669004797935486,0.20613,0.006062968168407679,-0.229,-4.998,2.551,114.833,0.95319
7610,456654.5,1,0.33027422428131104,0.3263571560382843,0.20668,0.005867652129381895,-0.225,-5.001,2.508,114.838,0.95234
7611,456718.37,1,0.3339066207408905,0.3282090127468109,0.20766,0.00595852080732584,-0.221,-4.987,2.472,114.728,0.95349
7612,456766.8,1,0.3340003490447998,0.32656389474868774,0.20798,0.0060964301228523254,-0.237,-4.988,2.459,114.81,0.95347
7613,456830.47,1,0.33449333906173706,0.32736432552337646,0.20862,0.006168279331177473,-0.223,-4.978,2.469,114.801,0.95235
7614,456894.37,1,0.33384785056114197,0.32518988847732544,0.2095,0.006324060261249542,-0.287,-4.913,2.52,114.67,0.95328
7615,456958.83,1,0.33094456791877747,0.3243139386177063,0.20998,0.006259361281991005,-0.288,-4.919,2.512,114.79,0.95257
7616,457007.0,1,0.32993680238723755,0.32824617624282837,0.20918,0.00648851552978158,-0.308,-4.926,2.504,114.759,0.95291
7617,457070.47,1,0.33216139674186707,0.3477906286716461,0.20293,0.006839400622993708,-0.338,-5.024,2.475,114.71,0.95106
7618,457134.4,1,0.329555481672287,0.35617730021476746,0.20089,0.007098492234945297,-0.376,-5.083,2.441,114.81,0.95328
7619,457198.37,1,0.3296963572502136,0.361495703458786,0.20005,0.006898504216223955,-0.444,-5.1,2.418,114.677,0.95285
7620,457246.77,1,0.3276136815547943,0.36173129081726074,0.20014,0.006741719786077738,-0.377,-5.101,2.374,114.701,0.95359
7621,457310.57,1,0.3189789652824402,0.3638380467891693,0.20011,0.006722699385136366,-0.335,-5.028,2.329,114.786,0.95332
7622,457374.47,1,0.31194183230400085,0.35889700055122375,0.20228,0.0066254595294594765,-0.312,-5.03,2.328,114.782,0.95271
7623,457438.8,1,0.3115631639957428,0.35590994358062744,0.20314,0.0066888644360005856,-0.313,-5.031,2.308,114.701,0.95293
7624,457486.6,1,0.31244808435440063,0.35369884967803955,0.20399,0.006622757762670517,-0.271,-5.04,2.302,114.794,0.95237
7625,457550.67,1,0.31608638167381287,0.3551686704158783,0.20443,0.006730298511683941,-0.307,-5.052,2.303,114.819,0.95334
7626,457614.37,1,0.3235000669956207,0.3487889766693115,0.2069,0.006706194952130318,-0.403,-5.019,2.3,114.741,0.95286
7627,457678.53,1,0.3274725377559662,0.34989219903945923,0.20565,0.006601431407034397,-0.425,-5.01,2.311,114.791,0.95276
7628,457726.37,1,0.32881960272789,0.3447752296924591,0.20729,0.006653487216681242,-0.427,-5.002,2.302,114.802,0.95267
7629,457790.67,1,0.3334916830062866,0.34643006324768066,0.20729,0.006955434568226337,-0.423,-5.087,2.322,114.704,0.95245
7630,457854.5,1,0.33269450068473816,0.3444196283817291,0.20664,0.006953235249966383,-0.433,-5.086,2.377,114.797,0.95315
7631,457918.37,1,0.3323107361793518,0.34179896116256714,0.20584,0.006949433125555515,-0.44,-5.075,2.391,114.807,0.95278
7632,457966.67,1,0.3318844735622406,0.3407215476036072,0.20559,0.007316434755921364,-0.456,-5.123,2.432,114.694,0.95311
7633,458030.33,1,0.33186063170433044,0.3409585952758789,0.20456,0.0073182908818125725,-0.457,-5.122,2.411,114.82,0.95221
7634,458094.37,1,0.31782066822052,0.3367364704608917,0.20424,0.0075221280567348,-0.461,-5.129,2.421,114.803,0.9524
7635,458158.33,1,0.31499549746513367,0.3388591408729553,0.2046,0.007126141339540482,-0.483,-5.185,2.403,114.717,0.95201
7636,458206.33,1,0.3160690665245056,0.3406214118003845,0.20379,0.006964877713471651,-0.45,-5.18,2.406,114.823,0.95277
7637,458270.63,1,0.3166080117225647,0.3397148847579956,0.20322,0.006892346311360598,-0.461,-5.188,2.412,114.842,0.95262
7638,458334.3,1,0.3151742219924927,0.339908629655838,0.20326,0.007065845653414726,-0.429,-5.163,2.387,114.738,0.953
7639,458398.63,1,0.3110453486442566,0.33374425768852234,0.20503,0.006980788428336382,-0.441,-5.166,2.379,114.837,0.95335
7640,458446.87,1,0.31353625655174255,0.33556243777275085,0.20437,0.007154276128858328,-0.616,-5.194,2.359,114.872,0.95219
7641,458510.37,1,0.31553176045417786,0.3328326344490051,0.20524,0.007440902758389711,-0.652,-5.199,2.313,114.755,0.95287
7642,458574.57,1,0.3198796510696411,0.33626002073287964,0.20393,0.007708190940320492,-0.767,-5.248,2.327,114.853,0.95317
7643,458638.6,1,0.3189488351345062,0.34051164984703064,0.20369,0.007691148668527603,-0.755,-5.222,2.315,114.883,0.95283
7644,458686.97,1,0.32135289907455444,0.3419167101383209,0.20375,0.00760688865557313,-0.769,-5.243,2.299,114.744,0.95322
7645,458750.37,1,0.32196640968322754,0.34294095635414124,0.20371,0.007259904406964779,-0.742,-5.228,2.301,114.859,0.95367
7646,458814.37,1,0.323229044675827,0.34274861216545105,0.20295,0.00702411076053977,-0.666,-5.232,2.29,114.835,0.95338
7647,458878.37,1,0.3232386112213135,0.3426530361175537,0.20352,0.007069586776196957,-0.729,-5.244,2.301,114.768,0.9538
7648,458926.4,1,0.32574135065078735,0.3443613052368164,0.20281,0.006922170519828796,-0.729,-5.236,2.304,114.889,0.95351
7649,458990.3,1,0.32773107290267944,0.34409213066101074,0.20278,0.006875446531921625,-0.686,-5.245,2.315,114.748,0.95365
7650,459054.37,1,0.329685777425766,0.348330020904541,0.20149,0.0068500773049890995,-0.715,-5.251,2.342,114.789,0.95336
7651,459118.37,1,0.33143600821495056,0.35041648149490356,0.19987,0.0068011898547410965,-0.689,-5.231,2.334,114.874,0.95271
7652,459166.7,1,0.331190288066864,0.35161885619163513,0.19976,0.006788452621549368,-0.7,-5.24,2.328,114.867,0.95263
7653,459230.37,1,0.35562026500701904,0.3674357235431671,0.19147,0.006736985873430967,-0.678,-5.244,2.35,114.757,0.95343
7654,459294.37,1,0.36365416646003723,0.37654849886894226,0.19064,0.00673465384170413,-0.556,-5.165,2.43,114.854,0.95346
7655,459358.43,1,0.3517332077026367,0.36810845136642456,0.19413,0.00637171370908618,-0.415,-5.084,2.476,114.844,0.95369
7656,459406.33,1,0.3451893925666809,0.3677656054496765,0.1975,0.006317621096968651,-0.395,-5.071,2.496,114.767,0.95338
7657,459470.33,1,0.35308316349983215,0.3675832450389862,0.19618,0.006540583912283182,-0.424,-5.041,2.529,114.885,0.95255
7658,459534.4,1,0.3537680506706238,0.3630535900592804,0.19656,0.00658370042219758,-0.419,-5.029,2.555,114.866,0.95344
7659,459598.37,1,0.358716756105423,0.3610146641731262,0.19715,0.0066946144215762615,-0.409,-5.028,2.548,114.759,0.95354
7660,459646.7,1,0.35765540599823,0.35724636912345886,0.19767,0.006688060238957405,-0.445,-5.007,2.595,114.885,0.95306
7661,459710.3,1,0.3573925793170929,0.3541066348552704,0.19804,0.006548254285007715,-0.475,-5.026,2.609,114.872,0.9538
7662,459774.4,1,0.35406187176704407,0.3530625104904175,0.19902,0.006519979331642389,-0.47,-5.024,2.611,114.815,0.95313
7663,459838.37,1,0.34983596205711365,0.35126635432243347,0.19991,0.0062498594634234905,-0.419,-5.021,2.603,114.895,0.95283
7664,459886.33,1,0.3506237268447876,0.35123634338378906,0.20034,0.006321351509541273,-0.448,-5.023,2.604,114.885,0.95317
7665,459950.63,1,0.3549521863460541,0.3513031601905823,0.19951,0.006179762538522482,-0.441,-5.016,2.603,114.822,0.95267
7666,460014.4,1,0.35399964451789856,0.3495243191719055,0.19999,0.006059684325009584,-0.397,-5.03,2.593,114.877,0.95362
7667,460078.4,1,0.35256946086883545,0.3495282530784607,0.20027,0.005889387801289558,-0.408,-5.024,2.59,114.881,0.95362
7668,460126.43,1,0.35263434052467346,0.34515371918678284,0.20162,0.005481423810124397,-0.415,-4.969,2.573,114.767,0.95342
7669,460190.37,1,0.3510279059410095,0.3400658667087555,0.20239,0.0055580101907253265,-0.376,-4.989,2.554,114.856,0.95366
7670,460254.43,1,0.3463189899921417,0.3373669683933258,0.2035,0.0054469057358801365,-0.377,-4.997,2.54,114.855,0.9541
7671,460318.67,1,0.3415200114250183,0.3296242356300354,0.20591,0.00545757869258523,-0.257,-4.941,2.528,114.766,0.95309
7672,460366.57,1,0.33850592374801636,0.3289491832256317,0.20614,0.0053839064203202724,-0.102,-4.949,2.518,114.876,0.95232
7673,460430.57,1,0.33717411756515503,0.330437570810318,0.20709,0.005283263046294451,-0.127,-4.942,2.491,114.867,0.95339
7674,460494.4,1,0.33612260222435,0.33390012383461,0.20708,0.005159219726920128,-0.126,-4.926,2.5,114.777,0.95373
7675,460558.43,1,0.3284473419189453,0.3305167257785797,0.20879,0.00498591735959053,-0.049,-4.901,2.499,114.877,0.95306
7676,460606.7,1,0.3290032744407654,0.330521821975708,0.2087,0.004859515465795994,-0.04,-4.874,2.497,114.876,0.95279
7677,460670.37,1,0.33138737082481384,0.33276182413101196,0.2091,0.005064181983470917,-0.251,-4.89,2.491,114.817,0.95261
7678,460734.43,1,0.33181795477867126,0.3303857147693634,0.20873,0.0050946748815476894,-0.272,-4.879,2.484,115.048,0.95223
7679,460798.67,1,0.3315540850162506,0.3288215696811676,0.20917,0.005192544311285019,-0.268,-4.858,2.491,114.798,0.95322
7680,460846.33,1,0.33288878202438354,0.3292587101459503,0.20864,0.0054258625023067,-0.353,-4.872,2.518,114.783,0.9542
7681,460910.67,1,0.3258853256702423,0.32599812746047974,0.21035,0.005235023330897093,-0.36,-4.874,2.497,114.921,0.95205
7682,460974.53,1,0.3190115690231323,0.32576891779899597,0.21298,0.005220348946750164,-0.416,-4.941,2.479,114.908,0.95295
7683,461038.27,1,0.31305384635925293,0.32554787397384644,0.2149,0.005141040310263634,-0.395,-4.97,2.478,114.796,0.95181
7684,461086.67,1,0.3117130398750305,0.3256940245628357,0.21508,0.0050740111619234085,-0.408,-4.967,2.489,114.875,0.95427
7685,461150.3,1,0.3157999515533447,0.33221080899238586,0.21195,0.005032077431678772,-0.413,-4.998,2.485,114.884,0.95449
7686,461214.37,1,0.3110434114933014,0.3340631425380707,0.21023,0.0051908730529248714,-0.435,-5.098,2.431,114.79,0.95545
7687,461278.63,1,0.30741003155708313,0.3386579751968384,0.2099,0.005268248729407787,-0.533,-5.173,2.402,114.923,0.95396
7688,461326.37,1,0.30527520179748535,0.34208181500434875,0.20932,0.005194523837417364,-0.463,-5.153,2.365,114.923,0.95398
7689,461390.3,1,0.3053232431411743,0.3440377116203308,0.2098,0.005187170580029488,-0.459,-5.217,2.332,114.813,0.95306
7690,461454.47,1,0.3061010539531708,0.3478240966796875,0.20861,0.005306015722453594,-0.474,-5.214,2.335,114.911,0.95465
7691,461518.4,1,0.30630970001220703,0.34654638171195984,0.20864,0.005229124333709478,-0.561,-5.289,2.325,114.92,0.95335
7692,461566.73,1,0.3088611960411072,0.3467077314853668,0.20808,0.005478328559547663,-0.602,-5.299,2.313,114.834,0.95393
7693,461630.8,1,0.3130650520324707,0.3481629490852356,0.20753,0.005673670209944248,-0.613,-5.264,2.291,114.942,0.9544
7694,461694.4,1,0.30640164017677307,0.3473491966724396,0.20893,0.005505387671291828,-0.613,-5.248,2.281,114.918,0.95513
7695,461758.43,1,0.30964478850364685,0.34859225153923035,0.20888,0.005505894310772419,-0.64,-5.244,2.283,114.839,0.95376
7696,461806.3,1,0.31198811531066895,0.3491170108318329,0.20841,0.005484307650476694,-0.724,-5.21,2.281,114.917,0.95453
7697,461870.7,1,0.32259178161621094,0.34571778774261475,0.20745,0.005435023456811905,-0.666,-5.136,2.286,114.932,0.95466
7698,461934.3,1,0.3259105384349823,0.3447915017604828,0.21027,0.005446823313832283,-0.723,-5.061,2.315,114.811,0.95508
7699,461998.3,1,0.32165902853012085,0.340926855802536,0.21197,0.005331431981176138,-0.623,-5.003,2.34,114.898,0.95484
7700,462046.93,1,0.3153442442417145,0.33268192410469055,0.21389,0.005162615329027176,-0.575,-4.992,2.335,114.886,0.95492
7701,462110.3,1,0.31359076499938965,0.33022376894950867,0.21535,0.0050374469719827175,-0.617,-5.011,2.346,114.803,0.95494
7702,462174.47,1,0.29776129126548767,0.3271273672580719,0.22016,0.0049689835868775845,-0.657,-5.032,2.397,114.897,0.95514
7703,462238.67,1,0.2955840528011322,0.324000746011734,0.22087,0.004848215263336897,-0.604,-4.997,2.425,114.944,0.95375
7704,462286.8,1,0.2921479642391205,0.324110746383667,0.22178,0.00498143769800663,-0.614,-4.984,2.438,114.834,0.95331
7705,462350.33,1,0.29345226287841797,0.32292282581329346,0.2194,0.005076756235212088,-0.571,-4.973,2.444,114.898,0.95476
7706,462414.33,1,0.2986251711845398,0.3225361704826355,0.21866,0.004929724149405956,-0.533,-5.009,2.431,114.9,0.95407
7707,462478.5,1,0.3017602264881134,0.32252037525177,0.21993,0.004880472552031279,-0.516,-4.999,2.442,114.77,0.95517
7708,462526.47,1,0.3020395040512085,0.32108762860298157,0.22001,0.004857154097408056,-0.499,-5.008,2.463,115.015,0.95462
7709,462590.27,1,0.3053167462348938,0.32436496019363403,0.21982,0.004779369104653597,-0.508,-5.021,2.465,114.79,0.95418
7710,462654.27,1,0.30160996317863464,0.3240903913974762,0.21922,0.004528287798166275,-0.311,-4.945,2.452,114.778,0.95558
7711,462718.5,1,0.29572591185569763,0.3228832483291626,0.21869,0.004451540298759937,-0.301,-4.909,2.413,114.866,0.95506
7712,462766.33,1,0.2923334836959839,0.3247988820075989,0.21901,0.004501221235841513,-0.292,-4.934,2.374,114.884,0.95465
7713,462830.33,1,0.2936039865016937,0.33104971051216125,0.21792,0.00450674956664443,-0.326,-4.918,2.339,114.777,0.95424
7714,462894.4,1,0.2919151782989502,0.3283205032348633,0.21862,0.00445935782045126,-0.296,-4.886,2.347,114.894,0.95485
7715,462958.47,1,0.2943269908428192,0.33027026057243347,0.21792,0.0044473339803516865,-0.306,-4.89,2.324,114.877,0.9544
7716,463006.5,1,0.295397013425827,0.3287312388420105,0.21848,0.004602790344506502,-0.349,-4.895,2.342,114.772,0.95533
7717,463070.33,1,0.29555365443229675,0.3247009813785553,0.22007,0.0046784598380327225,-0.361,-4.886,2.352,114.832,0.95449
7718,463134.43,1,0.2923848032951355,0.32233667373657227,0.2219,0.004677389748394489,-0.364,-4.884,2.37,114.892,0.95444
7719,463198.4,1,0.2940492033958435,0.32148098945617676,0.22242,0.004637851379811764,-0.336,-4.871,2.409,114.795,0.95382
7720,463246.37,1,0.2939502000808716,0.3204030394554138,0.22268,0.004579664673656225,-0.319,-4.868,2.413,114.894,0.95367
7721,463310.33,1,0.29037806391716003,0.3161744177341461,0.22413,0.004427636042237282,-0.249,-4.88,2.418,114.889,0.95424
7722,463374.27,1,0.2909191846847534,0.31448808312416077,0.22449,0.004467773716896772,-0.242,-4.88,2.414,114.77,0.95495
7723,463438.33,1,0.29331284761428833,0.3120659291744232,0.22373,0.004488039296120405,-0.241,-4.877,2.434,114.918,0.95464
7724,463486.73,1,0.2933337092399597,0.3103826940059662,0.22409,0.004551613703370094,-0.257,-4.875,2.43,114.938,0.95455
7725,463550.47,1,0.2961209714412689,0.31439054012298584,0.22374,0.004756942391395569,-0.37,-4.866,2.397,114.881,0.95299
7726,463614.43,1,0.2971511483192444,0.31529971957206726,0.22293,0.004883036948740482,-0.391,-4.872,2.38,114.937,0.95316
7727,463678.7,1,0.29657402634620667,0.3146895170211792,0.22271,0.004813787527382374,-0.394,-4.858,2.38,114.94,0.95328
7728,463726.5,1,0.2996516525745392,0.3162158131599426,0.22189,0.004869589116424322,-0.385,-4.816,2.395,114.864,0.95179
7729,463790.63,1,0.30118879675865173,0.31612321734428406,0.22239,0.005071127787232399,-0.409,-4.813,2.413,114.943,0.95293
7730,463854.47,1,0.3007926642894745,0.31364861130714417,0.2228,0.005059218034148216,-0.379,-4.804,2.418,114.915,0.9531
7731,463918.4,1,0.3021959960460663,0.31053587794303894,0.22366,0.005307289771735668,-0.424,-4.838,2.414,114.798,0.95289
7732,463966.5,1,0.30326762795448303,0.30968624353408813,0.22387,0.005268928594887257,-0.508,-4.844,2.429,114.902,0.95356
7733,464030.47,1,0.2960847318172455,0.3085048794746399,0.22533,0.005293411668390036,-0.479,-4.869,2.44,114.939,0.9522
7734,464094.43,1,0.30053505301475525,0.3092057704925537,0.22614,0.005175851751118898,-0.533,-4.921,2.406,114.84,0.9536
7735,464158.4,1,0.3002076745033264,0.30672913789749146,0.22587,0.005302976816892624,-0.536,-4.92,2.424,114.926,0.95423
7736,464206.73,1,0.2997555732727051,0.3069019317626953,0.22569,0.005108549725264311,-0.541,-4.923,2.435,114.946,0.95326
7737,464270.77,1,0.2980823218822479,0.3036259114742279,0.22686,0.005097220651805401,-0.557,-4.923,2.458,114.827,0.95404
7738,464334.37,1,0.29658541083335876,0.3030893802642822,0.2269,0.005092117004096508,-0.526,-4.921,2.488,114.972,0.95328
7739,464398.7,1,0.29528817534446716,0.3016902804374695,0.22936,0.005009167827665806,-0.57,-4.964,2.488,114.815,0.95412
7740,464446.6,1,0.3012920320034027,0.30562305450439453,0.22636,0.004787098150700331,-0.533,-4.962,2.451,114.797,0.95374
7741,464510.33,1,0.30040138959884644,0.30603158473968506,0.22654,0.004761586431413889,-0.438,-4.967,2.431,114.891,0.9539
7742,464574.33,1,0.3019793927669525,0.30700796842575073,0.22485,0.004602700937539339,-0.417,-4.964,2.433,114.918,0.95346
7743,464638.47,1,0.3066244125366211,0.3105391561985016,0.22502,0.004667430650442839,-0.46,-4.984,2.445,114.774,0.95426
7744,464686.83,1,0.30648282170295715,0.31421878933906555,0.22324,0.004761086776852608,-0.396,-4.926,2.465,114.88,0.95317
7745,464750.33,1,0.30371761322021484,0.3125585615634918,0.22357,0.004787416197359562,-0.32,-4.92,2.487,114.847,0.95357
7746,464814.47,1,0.3031962513923645,0.31414273381233215,0.2232,0.00469930237159133,-0.262,-4.924,2.487,114.777,0.95378
7747,464878.67,1,0.298224538564682,0.31464821100234985,0.22453,0.004558056127279997,-0.281,-4.919,2.488,114.852,0.95452
7748,464926.3,1,0.29406461119651794,0.3138071596622467,0.22572,0.004465311765670776,-0.31,-4.923,2.504,114.865,0.95391
7749,464990.4,1,0.29046863317489624,0.3106483817100525,0.22666,0.0043966989032924175,-0.281,-4.892,2.527,114.762,0.9548
7750,465054.3,1,0.2922002971172333,0.3107604682445526,0.22656,0.004332884680479765,-0.364,-4.881,2.505,114.886,0.95314
7751,465118.27,1,0.29354768991470337,0.3103112578392029,0.22649,0.004579395521432161,-0.4,-4.865,2.543,114.892,0.95367
7752,465166.73,1,0.2941444218158722,0.31048640608787537,0.22577,0.004499294329434633,-0.387,-4.838,2.522,114.793,0.95393
7753,465230.5,1,0.29603710770606995,0.3118361234664917,0.22538,0.004657448269426823,-0.423,-4.877,2.514,114.91,0.95277
7754,465294.37,1,0.2929950952529907,0.30900073051452637,0.22574,0.004532064311206341,-0.389,-4.894,2.528,114.87,0.95319
7755,465358.6,1,0.29240918159484863,0.3103451430797577,0.22662,0.004520556423813105,-0.415,-4.945,2.545,114.772,0.95424
7756,465406.93,1,0.29189127683639526,0.3104601204395294,0.22684,0.004447355400770903,-0.428,-4.959,2.557,114.837,0.95407
7757,465470.37,1,0.29230019450187683,0.30695828795433044,0.22739,0.004461843520402908,-0.437,-4.964,2.543,114.857,0.95298
7758,465534.27,1,0.2922976613044739,0.3080956041812897,0.2277,0.004577113315463066,-0.454,-5.028,2.546,114.761,0.95193
7759,465598.3,1,0.2869027256965637,0.304887980222702,0.22942,0.004531255457550287,-0.454,-5.038,2.549,114.836,0.95237
7760,465646.47,1,0.286810040473938,0.3047974109649658,0.22977,0.0045149377547204494,-0.433,-5.068,2.539,114.862,0.95268
7761,465710.63,1,0.2870934307575226,0.30635133385658264,0.22993,0.004447503015398979,-0.455,-5.056,2.529,114.768,0.95278
7762,465774.33,1,0.28516051173210144,0.3021947741508484,0.23061,0.004429178778082132,-0.487,-5.082,2.512,114.858,0.95285
7763,465838.33,1,0.2840356230735779,0.30440834164619446,0.23093,0.004502819385379553,-0.547,-5.073,2.505,114.855,0.95256
7764,465886.27,1,0.2821158170700073,0.3043116629123688,0.23152,0.004443309735506773,-0.585,-5.056,2.518,114.78,0.95318
7765,465950.3,1,0.28390753269195557,0.3021986782550812,0.23069,0.00443135155364871,-0.577,-5.046,2.514,114.896,0.95393
7766,466014.37,1,0.28228047490119934,0.30182623863220215,0.23118,0.004387889057397842,-0.643,-5.041,2.507,114.867,0.95342
7767,466078.47,1,0.2795266807079315,0.3005812466144562,0.23246,0.004413487855345011,-0.685,-5.051,2.473,114.767,0.95385
7768,466126.63,1,0.2781081199645996,0.300291508436203,0.23211,0.004315165337175131,-0.608,-5.031,2.471,114.913,0.95378
7769,466190.3,1,0.2814166843891144,0.3026542067527771,0.23167,0.004232174251228571,-0.615,-5.026,2.467,114.742,0.95428
7770,466254.4,1,0.28394535183906555,0.30198052525520325,0.23105,0.004498525056988001,-0.693,-4.986,2.442,114.749,0.95384
7771,466318.47,1,0.28467339277267456,0.3001829981803894,0.23115,0.0046001519076526165,-0.717,-4.997,2.45,114.832,0.95425
7772,466366.8,1,0.28577861189842224,0.298967182636261,0.23098,0.004638991318643093,-0.721,-5.001,2.454,114.841,0.95276
7773,466430.5,1,0.28625649213790894,0.299899697303772,0.2305,0.004623075481504202,-0.694,-5.017,2.455,114.726,0.95503
7774,466494.4,1,0.2869264781475067,0.3000243604183197,0.2304,0.004641535226255655,-0.705,-5.059,2.453,114.831,0.9536
7775,466558.67,1,0.2834506034851074,0.2987186014652252,0.23177,0.0045622894540429115,-0.76,-5.097,2.471,114.857,0.95342
7776,466606.33,1,0.2824516296386719,0.2981276512145996,0.23291,0.004486554767936468,-0.812,-5.103,2.486,114.78,0.95138
7777,466670.37,1,0.2825356721878052,0.2990474998950958,0.23305,0.00441828602924943,-0.84,-5.106,2.505,114.887,0.95166
7778,466734.3,1,0.27973219752311707,0.2980082035064697,0.23363,0.004283446352928877,-0.834,-5.11,2.531,114.902,0.95264
7779,466798.63,1,0.27884092926979065,0.2976706922054291,0.23386,0.0040542068891227245,-0.897,-5.075,2.564,114.788,0.95323
7780,466846.8,1,0.28105440735816956,0.29748082160949707,0.23247,0.004186980426311493,-0.886,-5.091,2.572,114.904,0.9527
7781,466910.8,1,0.28001925349235535,0.29771819710731506,0.23286,0.004240044858306646,-0.865,-5.089,2.594,114.901,0.95245
7782,466974.37,1,0.2801492214202881,0.29969698190689087,0.23234,0.004256345331668854,-0.804,-5.164,2.577,114.795,0.9531
7783,467038.53,1,0.2810521125793457,0.2987091839313507,0.23208,0.004306994378566742,-0.834,-5.191,2.589,114.872,0.95299
7784,467086.43,1,0.28091534972190857,0.2997114658355713,0.23184,0.004269803408533335,-0.842,-5.216,2.601,114.894,0.95214
7785,467150.3,1,0.2775409519672394,0.30120396614074707,0.23363,0.004340061452239752,-0.861,-5.21,2.603,114.766,0.95352
7786,467214.43,1,0.2828216850757599,0.30525678396224976,0.23244,0.004455531481653452,-0.904,-5.198,2.617,114.886,0.95272
7787,467278.43,1,0.2877565920352936,0.3068283200263977,0.23005,0.004549609497189522,-0.869,-5.157,2.639,114.908,0.95264
7788,467326.7,1,0.2911560535430908,0.30903786420822144,0.22871,0.004502511583268642,-0.837,-5.13,2.664,114.787,0.95291
7789,467390.37,1,0.2879004180431366,0.3078306317329407,0.22884,0.004307458642870188,-0.832,-5.113,2.656,114.883,0.95213
7790,467454.37,1,0.28825879096984863,0.3108846843242645,0.22912,0.004322351887822151,-0.823,-5.074,2.615,114.9,0.95297
7791,467518.4,1,0.2871990501880646,0.3100842535495758,0.23071,0.00438151927664876,-0.851,-5.012,2.593,114.778,0.95322
7792,467566.43,1,0.287773072719574,0.31004443764686584,0.23045,0.004432633053511381,-0.899,-4.993,2.618,114.898,0.95263
7793,467630.33,1,0.2867160439491272,0.3078016936779022,0.23069,0.004369060043245554,-0.891,-4.976,2.615,114.91,0.95273
7794,467694.37,1,0.2870873510837555,0.3077806234359741,0.23072,0.004304117523133755,-0.876,-4.976,2.619,114.799,0.95254
7795,467758.73,1,0.2869454324245453,0.3078339099884033,0.2306,0.004377500154078007,-0.872,-4.978,2.632,114.931,0.95232
7796,467806.57,1,0.28571873903274536,0.3086341321468353,0.23029,0.004291870631277561,-0.81,-4.995,2.631,114.885,0.95338
7797,467870.53,1,0.283704936504364,0.31067702174186707,0.23071,0.004141411278396845,-0.823,-4.982,2.617,114.769,0.95543
7798,467934.5,1,0.28326424956321716,0.3099293112754822,0.23025,0.004189140163362026,-0.829,-4.987,2.617,114.937,0.95389
7799,467998.3,1,0.2858482003211975,0.31166577339172363,0.22977,0.004250817000865936,-0.823,-5.008,2.623,114.833,0.95143
7800,468046.43,1,0.2844366431236267,0.31244534254074097,0.22964,0.004105648025870323,-0.758,-5.042,2.6,114.768,0.95237
7801,468110.63,1,0.28016340732574463,0.3114376366138458,0.22968,0.003965809941291809,-0.732,-5.046,2.6,114.902,0.95305
7802,468174.37,1,0.28159278631210327,0.313367635011673,0.22929,0.003897495334967971,-0.632,-5.102,2.547,114.884,0.95183
7803,468238.4,1,0.2824057638645172,0.31255120038986206,0.2283,0.003610796295106411,-0.5,-5.084,2.551,114.808,0.95303
7804,468286.37,1,0.2798168659210205,0.3116244077682495,0.22866,0.003570239059627056,-0.441,-5.082,2.537,114.871,0.95318
7805,468350.67,1,0.2811082899570465,0.31333082914352417,0.22792,0.003625138895586133,-0.399,-5.077,2.524,114.883,0.95391
7806,468414.4,1,0.2811475992202759,0.31550976634025574,0.22767,0.003724402515217662,-0.398,-5.063,2.533,114.762,0.95403
7807,468478.83,1,0.27555933594703674,0.3141539394855499,0.2284,0.0036904660519212484,-0.406,-5.047,2.526,114.886,0.95317
7808,468526.43,1,0.27595922350883484,0.3117813766002655,0.2289,0.003778906771913171,-0.468,-5.08,2.522,114.905,0.95272
7809,468590.33,1,0.27746182680130005,0.31586527824401855,0.23031,0.0041093346662819386,-0.673,-5.177,2.552,114.832,0.95296
7810,468654.4,1,0.27338075637817383,0.3130030930042267,0.23084,0.004218998830765486,-0.679,-5.199,2.59,114.919,0.95231
7811,468718.53,1,0.27237361669540405,0.3106810748577118,0.23137,0.0041837808676064014,-0.686,-5.207,2.585,114.894,0.95302
7812,468766.43,1,0.27359363436698914,0.310451477766037,0.23156,0.004186312668025494,-0.694,-5.243,2.596,114.795,0.95372
7813,468830.33,1,0.27385416626930237,0.3092247247695923,0.23187,0.0042154318653047085,-0.722,-5.223,2.581,114.891,0.9531
7814,468894.43,1,0.2771051526069641,0.31209325790405273,0.22945,0.004221325274556875,-0.71,-5.239,2.569,114.885,0.95298
7815,468958.4,1,0.2760850191116333,0.31171315908432007,0.23049,0.004320419393479824,-0.802,-5.244,2.555,114.783,0.95364
7816,469006.5,1,0.2767580449581146,0.3124222755432129,0.23027,0.004378364887088537,-0.838,-5.229,2.551,114.886,0.95263
7817,469070.33,1,0.2765125334262848,0.3139968812465668,0.23101,0.00431025680154562,-0.86,-5.221,2.552,114.872,0.95329
7818,469134.4,1,0.28182798624038696,0.3203781545162201,0.23055,0.004301098641008139,-1.035,-5.262,2.558,114.797,0.95266
7819,469198.67,1,0.2854484021663666,0.3224547505378723,0.22883,0.004311068449169397,-1.092,-5.247,2.573,114.909,0.9529
7820,469246.7,1,0.28563275933265686,0.32255876064300537,0.22804,0.004295668564736843,-1.051,-5.186,2.58,114.904,0.95277
7821,469310.3,1,0.2853034436702728,0.3230821192264557,0.22856,0.0043461997993290424,-1.124,-5.17,2.589,114.792,0.9534
7822,469374.3,1,0.28476768732070923,0.3210756480693817,0.22884,0.004283425863832235,-1.052,-5.17,2.576,114.913,0.95284
7823,469438.47,1,0.28347766399383545,0.32077789306640625,0.22918,0.004311620723456144,-1.053,-5.169,2.568,114.911,0.95202
7824,469486.83,1,0.28155195713043213,0.31825435161590576,0.2303,0.00432944018393755,-1.039,-5.16,2.564,114.838,0.95213
7825,469550.5,1,0.28157278895378113,0.3187096118927002,0.23054,0.004342060536146164,-1.061,-5.156,2.554,114.936,0.95182
7826,469614.33,1,0.27893221378326416,0.3166658580303192,0.23149,0.0043716286309063435,-1.052,-5.161,2.557,114.914,0.95249
7827,469678.83,1,0.2783084213733673,0.3161294758319855,0.23172,0.004233032464981079,-1.086,-5.131,2.572,114.825,0.95261
7828,469726.43,1,0.28077733516693115,0.31596219539642334,0.23146,0.004223670810461044,-1.098,-5.142,2.575,114.945,0.95222
7829,469790.3,1,0.2810235321521759,0.31822702288627625,0.23127,0.004111321177333593,-1.099,-5.156,2.613,114.816,0.95216
7830,469854.37,1,0.28169187903404236,0.3192785978317261,0.23045,0.0036256364546716213,-1.193,-5.179,2.617,114.814,0.95243
7831,469918.63,1,0.27808672189712524,0.31391939520835876,0.23061,0.003528650850057602,-1.17,-5.19,2.653,114.909,0.95362
7832,469966.33,1,0.2825019955635071,0.31560835242271423,0.23026,0.0035956930369138718,-1.22,-5.281,2.673,114.926,0.9529
7833,470030.6,1,0.28942087292671204,0.3186282515525818,0.22876,0.003617003094404936,-1.242,-5.347,2.692,114.813,0.95481
7834,470094.4,1,0.29206523299217224,0.32188183069229126,0.22593,0.003356990171596408,-1.182,-5.378,2.686,114.953,0.95293
7835,470158.77,1,0.2909923791885376,0.3254954516887665,0.22511,0.0033659760374575853,-1.133,-5.402,2.658,114.929,0.95314
7836,470206.67,1,0.2931120991706848,0.32711702585220337,0.22594,0.003410874167457223,-1.192,-5.454,2.674,114.845,0.95291
7837,470270.67,1,0.29319632053375244,0.32580891251564026,0.22574,0.0034749864134937525,-1.184,-5.454,2.723,114.934,0.95304
7838,470334.4,1,0.29278403520584106,0.324632465839386,0.22565,0.003600004129111767,-1.179,-5.449,2.749,114.881,0.95339
7839,470398.5,1,0.2938966155052185,0.32518628239631653,0.22647,0.00374634750187397,-1.223,-5.462,2.775,114.729,0.95404
7840,470446.3,1,0.29203179478645325,0.32337552309036255,0.22644,0.0036492624785751104,-1.141,-5.42,2.782,114.827,0.95371
7841,470510.67,1,0.28929615020751953,0.32400205731391907,0.22725,0.003528954228386283,-1.142,-5.41,2.773,114.849,0.95325
7842,470574.3,1,0.2867647707462311,0.3218403160572052,0.22757,0.003287611296400428,-1.049,-5.326,2.772,114.767,0.95255
7843,470638.3,1,0.2766686975955963,0.32012996077537537,0.22942,0.003144452814012766,-1.069,-5.32,2.753,114.873,0.95287
7844,470686.8,1,0.2737925946712494,0.31943365931510925,0.2296,0.0030708033591508865,-1.068,-5.303,2.761,114.844,0.95288
7845,470750.23,1,0.274336040019989,0.3174859881401062,0.22956,0.003042985452339053,-0.978,-5.303,2.755,114.75,0.95333
7846,470814.3,1,0.2726178467273712,0.31690821051597595,0.22981,0.003082261886447668,-0.95,-5.296,2.727,114.813,0.95388
7847,470878.5,1,0.2769838571548462,0.3180149793624878,0.22887,0.003151777433231473,-1.016,-5.285,2.701,114.834,0.95384
7848,470942.4,1,0.27737900614738464,0.3236113488674164,0.22838,0.0032945259008556604,-1.187,-5.311,2.677,114.754,0.95467
7849,470990.67,1,0.28449276089668274,0.3278649151325226,0.22539,0.0033434215001761913,-1.209,-5.324,2.66,114.869,0.95405
7850,471054.27,1,0.32529503107070923,0.36795032024383545,0.20238,0.0035365025978535414,-1.248,-5.32,2.674,114.879,0.95264
7851,471118.27,1,0.37784433364868164,0.4389345943927765,0.17672,0.003799681318923831,-1.442,-5.359,2.686,114.782,0.95273
7852,471182.27,1,0.39328840374946594,0.4617387354373932,0.16664,0.004017777740955353,-1.499,-5.347,2.699,114.867,0.95285
7853,471230.3,1,0.4076571464538574,0.45211219787597656,0.16504,0.00401826249435544,-1.483,-5.352,2.713,114.873,0.95354
7854,471294.27,1,0.40690186619758606,0.4475652575492859,0.16514,0.004133075475692749,-1.49,-5.352,2.759,114.765,0.95398
7855,471358.73,1,0.4173312783241272,0.4465826749801636,0.16327,0.004181090276688337,-1.512,-5.35,2.785,114.881,0.95329
7856,471422.43,1,0.4045800566673279,0.4413161277770996,0.16525,0.004069449380040169,-1.503,-5.33,2.774,114.878,0.95238
7857,471470.5,1,0.4052971303462982,0.43975505232810974,0.1666,0.003972422797232866,-1.531,-5.325,2.787,114.742,0.95254
7858,471534.3,1,0.39997440576553345,0.44064033031463623,0.16761,0.0039513930678367615,-1.603,-5.312,2.75,114.884,0.95318
7859,471598.3,1,0.36325886845588684,0.4180677831172943,0.1857,0.004066857043653727,-1.581,-5.389,2.662,114.756,0.95349
7860,471662.47,1,0.3493032157421112,0.39143216609954834,0.19194,0.004022968001663685,-1.507,-5.395,2.707,114.764,0.95279
7861,471710.63,1,0.33876192569732666,0.36912399530410767,0.19955,0.004081410355865955,-1.491,-5.383,2.701,114.85,0.95374
7862,471774.3,1,0.3380720913410187,0.35878151655197144,0.20028,0.003975997678935528,-1.422,-5.373,2.726,114.824,0.95329
7863,471838.57,1,0.3393068015575409,0.3564293384552002,0.20135,0.003968040458858013,-1.463,-5.367,2.739,114.726,0.95477
7864,471902.4,1,0.33438795804977417,0.3538084328174591,0.20277,0.003998361993581057,-1.447,-5.378,2.74,114.85,0.95398
7865,471950.23,1,0.3205263316631317,0.34804144501686096,0.2061,0.003958222921937704,-1.429,-5.361,2.765,114.821,0.95414
7866,472014.33,1,0.3208639323711395,0.3463729918003082,0.20774,0.003928180783987045,-1.366,-5.305,2.75,114.721,0.95486
7867,472078.33,1,0.3187895715236664,0.3436310887336731,0.20922,0.004031740594655275,-1.351,-5.312,2.761,114.843,0.95508
7868,472142.5,1,0.3175828456878662,0.34569036960601807,0.20944,0.00408692704513669,-1.377,-5.342,2.738,114.863,0.9545
7869,472190.6,1,0.317226767539978,0.34593722224235535,0.21009,0.004181495402008295,-1.412,-5.352,2.74,114.793,0.95412
7870,472254.37,1,0.31733769178390503,0.34713032841682434,0.20958,0.004200445953756571,-1.388,-5.364,2.751,114.894,0.95499
7871,472318.23,1,0.31586694717407227,0.34666410088539124,0.20991,0.00414494052529335,-1.398,-5.355,2.749,114.895,0.95457
7872,472382.53,1,0.3160472810268402,0.34869080781936646,0.21089,0.004154931753873825,-1.459,-5.381,2.734,114.764,0.95483
7873,472430.27,1,0.3127290904521942,0.3482179343700409,0.21176,0.004115112591534853,-1.449,-5.362,2.725,114.874,0.95416
7874,472494.3,1,0.31032490730285645,0.34635868668556213,0.21278,0.003920163959264755,-1.388,-5.361,2.707,114.869,0.95354
7875,472558.6,1,0.3118085265159607,0.34536513686180115,0.21386,0.0038394310977309942,-1.422,-5.317,2.698,114.757,0.95499
7876,472622.53,1,0.31025180220603943,0.342664510011673,0.21436,0.0037336652167141438,-1.342,-5.319,2.718,114.894,0.95481
7877,472670.47,1,0.3109602928161621,0.34314998984336853,0.21406,0.0037204287946224213,-1.35,-5.318,2.693,114.906,0.9541
7878,472734.4,1,0.3191644847393036,0.3502744138240814,0.21209,0.0037975178565829992,-1.372,-5.307,2.659,114.848,0.95362
7879,472798.23,1,0.31561654806137085,0.3483728766441345,0.21353,0.003754406003281474,-1.373,-5.307,2.667,114.908,0.95335
7880,472862.63,1,0.30938148498535156,0.34846094250679016,0.21456,0.003702799789607525,-1.376,-5.326,2.677,114.935,0.95346
7881,472910.23,1,0.3090426027774811,0.35160306096076965,0.21514,0.0036149106454104185,-1.41,-5.332,2.695,114.828,0.95371
7882,472974.23,1,0.30795714259147644,0.34833672642707825,0.21621,0.0034747435711324215,-1.454,-5.313,2.681,114.93,0.95442
7883,473038.23,1,0.3083287179470062,0.3487541675567627,0.21589,0.003373362822458148,-1.431,-5.319,2.72,114.926,0.95413
7884,473102.27,1,0.31173068284988403,0.35449594259262085,0.21379,0.0034649872686713934,-1.532,-5.391,2.722,114.827,0.955
7885,473150.3,1,0.31249311566352844,0.3534255027770996,0.21333,0.0034358417615294456,-1.592,-5.383,2.753,114.57,0.95726
7886,473214.3,1,0.3083671033382416,0.35071489214897156,0.21428,0.0032917545177042484,-1.636,-5.35,2.783,114.323,0.95814
7887,473278.7,1,0.3109324872493744,0.3538373112678528,0.21299,0.003039097646251321,-1.648,-5.343,2.799,114.106,0.95906
7888,473342.6,1,0.3091637194156647,0.3548069894313812,0.21256,0.0030078443232923746,-1.684,-5.353,2.806,114.26,0.95899
7889,473390.27,1,0.3102620840072632,0.36734676361083984,0.20927,0.003116852603852749,-1.869,-5.477,2.764,114.071,0.95989
7890,473454.27,1,0.31276509165763855,0.38075006008148193,0.20528,0.0032125243451446295,-1.762,-5.546,2.743,114.675,0.93256
7891,473518.2,1,0.3171231150627136,0.3835003972053528,0.20313,0.003232080489397049,-1.68,-5.541,2.701,114.868,0.92921
7892,473582.2,1,0.31237995624542236,0.38274258375167847,0.20348,0.003297276794910431,-1.7,-5.565,2.69,114.893,0.92905
7893,473630.23,1,0.31248706579208374,0.3850574195384979,0.20318,0.0032268252689391375,-1.728,-5.563,2.671,115.107,0.915
7894,473694.23,1,0.3141184449195862,0.38545358180999756,0.20281,0.003149086609482765,-1.7,-5.561,2.658,115.203,0.91532
7895,473758.33,1,0.31328684091567993,0.3855934739112854,0.20258,0.0031352427322417498,-1.683,-5.533,2.625,115.239,0.91604
7896,473822.23,1,0.31380775570869446,0.3864024579524994,0.20337,0.0031273330096155405,-1.745,-5.562,2.622,115.146,0.91685
7897,473870.3,1,0.31741639971733093,0.38784921169281006,0.20223,0.0031843630131334066,-1.728,-5.549,2.614,115.11,0.91748
7898,473934.53,1,0.3192751109600067,0.3878191113471985,0.20088,0.003148993942886591,-1.698,-5.564,2.582,115.073,0.91737
7899,473998.6,1,0.32105302810668945,0.3854525089263916,0.20105,0.0030960964504629374,-1.587,-5.603,2.582,114.188,0.92394
7900,474062.27,1,0.32688018679618835,0.38549473881721497,0.20064,0.003157546743750572,-1.574,-5.606,2.559,114.28,0.92431
7901,474110.23,1,0.3278428912162781,0.3866499364376068,0.19998,0.0032039557117968798,-1.53,-5.631,2.531,114.261,0.92429
7902,474174.2,1,0.3329521715641022,0.39050307869911194,0.19673,0.003336989786475897,-1.564,-5.593,2.509,114.161,0.92404
7903,474238.17,1,0.3339844346046448,0.3922679126262665,0.19609,0.00341017241589725,-1.603,-5.578,2.495,114.243,0.92558
7904,474302.5,1,0.33347800374031067,0.3926642835140228,0.19568,0.003208680311217904,-1.675,-5.591,2.511,114.245,0.92484
7905,474350.33,1,0.3342255651950836,0.3930651843547821,0.19544,0.0032421613577753305,-1.709,-5.588,2.532,114.167,0.92551
7906,474414.33,1,0.33561715483665466,0.3942505121231079,0.1947,0.003218216821551323,-1.7,-5.578,2.535,114.233,0.92502
7907,474478.5,1,0.3321674168109894,0.39235252141952515,0.19585,0.0031156616751104593,-1.643,-5.575,2.519,114.274,0.92464
7908,474542.33,1,0.33538153767585754,0.39612239599227905,0.19628,0.0030747109558433294,-1.629,-5.563,2.514,114.178,0.92475
7909,474590.63,1,0.34036388993263245,0.3974606990814209,0.19541,0.0030555534176528454,-1.642,-5.561,2.512,114.241,0.92469
7910,474654.27,1,0.34188923239707947,0.3979690372943878,0.19578,0.0030471354257315397,-1.625,-5.575,2.503,114.24,0.9249
7911,474718.2,1,0.34548473358154297,0.40228861570358276,0.19431,0.0031348285265266895,-1.639,-5.643,2.526,114.131,0.92407
7912,474782.4,1,0.34767746925354004,0.4074062705039978,0.19253,0.0031527127139270306,-1.718,-5.654,2.566,114.236,0.925
7913,474830.23,1,0.34871983528137207,0.4091043770313263,0.19172,0.0030760907102376223,-1.735,-5.663,2.565,114.265,0.92371
7914,474894.67,1,0.3502308428287506,0.40954262018203735,0.1916,0.0030220411717891693,-1.74,-5.676,2.576,114.173,0.92437
7915,474958.27,1,0.3504972457885742,0.40689802169799805,0.19162,0.002881688065826893,-1.699,-5.65,2.6,114.247,0.92466
7916,475022.23,1,0.3482511043548584,0.40963152050971985,0.19175,0.002782099647447467,-1.674,-5.632,2.611,114.25,0.92467
7917,475070.23,1,0.3507389426231384,0.4093729853630066,0.19223,0.0028224491979926825,-1.731,-5.637,2.624,114.107,0.92503
7918,475134.67,1,0.3491770327091217,0.4070999026298523,0.19191,0.0027538640424609184,-1.744,-5.626,2.649,114.369,0.92456
7919,475198.23,1,0.3460257947444916,0.4055752754211426,0.19291,0.0026978051755577326,-1.806,-5.65,2.675,114.138,0.9242
7920,475262.33,1,0.3496641218662262,0.40543612837791443,0.19185,0.0027214547153562307,-1.779,-5.584,2.645,114.107,0.92388
7921,475310.27,1,0.3471705913543701,0.40556710958480835,0.1912,0.0026967457961291075,-1.778,-5.592,2.628,114.209,0.92451
7922,475374.33,1,0.34774723649024963,0.4091207683086395,0.18965,0.0027202877681702375,-1.75,-5.575,2.585,114.228,0.92423
7923,475438.23,1,0.3478566110134125,0.4106433093547821,0.18993,0.002836682368069887,-1.848,-5.608,2.575,114.159,0.92492
7924,475502.57,1,0.3593604266643524,0.40535709261894226,0.18636,0.002933601150289178,-1.764,-5.49,2.554,114.246,0.92394
7925,475550.47,1,0.36186423897743225,0.4141733646392822,0.18331,0.0030604125931859016,-1.804,-5.474,2.567,114.282,0.92311
7926,475614.33,1,0.35767805576324463,0.4094841182231903,0.1849,0.0031579502392560244,-1.937,-5.443,2.571,114.193,0.92382
7927,475678.3,1,0.35280293226242065,0.40625399351119995,0.18688,0.0030215915758162737,-2.058,-5.422,2.604,114.295,0.92418
7928,475742.63,1,0.3422092795372009,0.4027320444583893,0.18952,0.0029701318126171827,-2.049,-5.407,2.646,114.33,0.9239
7929,475790.3,1,0.3440341353416443,0.4031864106655121,0.19048,0.002808965276926756,-2.073,-5.423,2.693,114.238,0.92362
7930,475854.27,1,0.34173378348350525,0.40311136841773987,0.19154,0.0029125025030225515,-2.104,-5.412,2.719,114.332,0.92387
7931,475918.4,1,0.34568971395492554,0.4053211808204651,0.19025,0.002950015477836132,-2.161,-5.423,2.753,114.323,0.92476
7932,475982.37,1,0.34941935539245605,0.4060073494911194,0.19097,0.002993037924170494,-2.231,-5.431,2.814,114.234,0.92388
7933,476030.27,1,0.34918680787086487,0.40594756603240967,0.19093,0.0029653499368578196,-2.253,-5.435,2.804,114.313,0.92454
7934,476094.23,1,0.3511495888233185,0.40608784556388855,0.19013,0.0029219603165984154,-2.251,-5.432,2.83,114.33,0.92391
7935,476158.27,1,0.35615187883377075,0.40780001878738403,0.18911,0.0028887705411762,-2.262,-5.457,2.838,114.241,0.92448
7936,476222.6,1,0.3553227484226227,0.40754079818725586,0.18913,0.002840450732037425,-2.244,-5.471,2.84,114.299,0.92539
7937,476270.23,1,0.35490682721138,0.408208966255188,0.1892,0.002845976036041975,-2.236,-5.464,2.835,114.291,0.92473
7938,476334.33,1,0.35246989130973816,0.4074500799179077,0.19162,0.0028554368764162064,-2.27,-5.458,2.831,114.172,0.92582
7939,476398.6,1,0.35087236762046814,0.40683841705322266,0.19207,0.0028364895842969418,-2.277,-5.463,2.822,114.261,0.92402
7940,476462.53,1,0.35021060705184937,0.40479788184165955,0.19271,0.002853532787412405,-2.265,-5.494,2.809,114.277,0.92407
7941,476510.27,1,0.3476656675338745,0.40360361337661743,0.19288,0.0028129753191024065,-2.302,-5.494,2.818,114.168,0.92393
7942,476574.27,1,0.34196123480796814,0.39864423871040344,0.19388,0.0028136535547673702,-2.339,-5.505,2.831,114.284,0.92398
7943,476638.23,1,0.3370695114135742,0.3981796205043793,0.19357,0.002768879057839513,-2.401,-5.516,2.81,114.282,0.92479
7944,476702.5,1,0.33629295229911804,0.3979984223842621,0.19406,0.002824395662173629,-2.413,-5.562,2.817,114.21,0.92454
7945,476750.37,1,0.334390789270401,0.3972455561161041,0.19412,0.0027810914907604456,-2.335,-5.568,2.824,114.28,0.92433
7946,476814.23,1,0.3309812843799591,0.39289188385009766,0.19586,0.0027436423115432262,-2.305,-5.574,2.803,114.267,0.92445
7947,476878.17,1,0.3329179883003235,0.3936920762062073,0.19593,0.0028155925683677197,-2.291,-5.603,2.812,114.167,0.92407
7948,476942.67,1,0.3327564597129822,0.39456096291542053,0.19583,0.002667209366336465,-2.25,-5.631,2.818,114.397,0.92372
7949,476990.63,1,0.33240753412246704,0.3946326971054077,0.19615,0.002670055953785777,-2.205,-5.588,2.818,114.153,0.92462
7950,477054.53,1,0.33445701003074646,0.3944779634475708,0.19598,0.0028004369232803583,-2.2,-5.572,2.831,114.083,0.92501
7951,477118.47,1,0.3341808617115021,0.39476171135902405,0.19503,0.0028463169001042843,-2.176,-5.566,2.817,114.196,0.92446
7952,477182.37,1,0.32700443267822266,0.3866174519062042,0.19725,0.0028390910010784864,-2.129,-5.58,2.851,114.204,0.92487
7953,477230.17,1,0.32811683416366577,0.3875553607940674,0.19693,0.002789814956486225,-2.101,-5.586,2.844,114.103,0.92474
7954,477294.33,1,0.3288556933403015,0.38657453656196594,0.1962,0.002775462344288826,-2.116,-5.566,2.853,114.193,0.92473
7955,477358.23,1,0.328271746635437,0.38557010889053345,0.19627,0.0027559075970202684,-2.099,-5.566,2.86,114.21,0.92501
7956,477422.57,1,0.33198028802871704,0.38707441091537476,0.1952,0.0025101262144744396,-2.154,-5.529,2.855,114.107,0.9258
7957,477470.3,1,0.3290698826313019,0.38785022497177124,0.19474,0.002496948931366205,-2.218,-5.467,2.834,114.196,0.92443
7958,477534.37,1,0.3338882327079773,0.39108696579933167,0.1944,0.0025903386995196342,-2.344,-5.534,2.834,114.225,0.92477
7959,477598.47,1,0.33868175745010376,0.38990673422813416,0.19459,0.0025333045050501823,-2.534,-5.483,2.885,114.125,0.92397
7960,477662.63,1,0.3379678726196289,0.3896971642971039,0.19466,0.0025868816301226616,-2.502,-5.512,2.905,114.22,0.9248
7961,477710.27,1,0.33518385887145996,0.38799405097961426,0.19462,0.0026109160389751196,-2.527,-5.495,2.932,114.212,0.92569
7962,477774.4,1,0.33294034004211426,0.38629648089408875,0.19463,0.002483336953446269,-2.51,-5.524,2.931,114.095,0.92638
7963,477838.67,1,0.32762646675109863,0.3850876986980438,0.19463,0.0023257744032889605,-2.49,-5.475,2.927,114.195,0.92551
7964,477902.2,1,0.33052942156791687,0.3901444375514984,0.19332,0.002309089759364724,-2.455,-5.468,2.902,114.192,0.92555
7965,477950.47,1,0.33518505096435547,0.39414286613464355,0.19256,0.0022984398528933525,-2.464,-5.459,2.918,114.067,0.92619
7966,478014.3,1,0.3350994884967804,0.39547982811927795,0.19266,0.002326201880350709,-2.468,-5.468,2.935,114.214,0.92383
7967,478078.33,1,0.3399125039577484,0.39973482489585876,0.19138,0.002462552860379219,-2.525,-5.479,2.941,114.208,0.92546
7968,478142.27,1,0.3461190462112427,0.4076201617717743,0.19034,0.0027097875718027353,-2.588,-5.546,2.963,114.145,0.92442
7969,478190.6,1,0.337809294462204,0.40299296379089355,0.19166,0.0026300649624317884,-2.463,-5.512,2.946,114.262,0.92385
7970,478254.3,1,0.33956876397132874,0.40353924036026,0.19159,0.0026693947147578,-2.454,-5.539,2.929,114.267,0.924
7971,478318.23,1,0.3405015468597412,0.4043266773223877,0.19112,0.0026416366454213858,-2.449,-5.544,2.899,114.219,0.92338
7972,478382.47,1,0.34284791350364685,0.40398740768432617,0.1908,0.0026309231761842966,-2.524,-5.556,2.902,114.37,0.92217
7973,478430.27,1,0.34297704696655273,0.40489310026168823,0.19071,0.002624726854264736,-2.505,-5.549,2.908,114.392,0.92093
7974,478494.4,1,0.34535568952560425,0.4097599387168884,0.1919,0.0026936789508908987,-2.529,-5.586,2.92,114.332,0.91999
7975,478558.23,1,0.3447788953781128,0.4078664779663086,0.19212,0.0026692638639360666,-2.528,-5.581,2.924,114.443,0.91904
7976,478622.6,1,0.3383137285709381,0.40419360995292664,0.19284,0.0026651781518012285,-2.497,-5.614,2.928,114.443,0.92021
7977,478670.53,1,0.34370020031929016,0.4010506272315979,0.18892,0.002797044813632965,-2.541,-5.638,2.841,114.391,0.91912
7978,478734.43,1,0.33896419405937195,0.40307968854904175,0.18748,0.002795591251924634,-2.528,-5.66,2.769,114.651,0.91869
7979,478798.3,1,0.34052202105522156,0.40639528632164,0.18701,0.002853395650163293,-2.653,-5.741,2.754,114.412,0.91826
7980,478862.23,1,0.3716430068016052,0.42292580008506775,0.17689,0.0034498621243983507,-2.66,-5.795,2.639,114.414,0.91816
7981,478910.3,1,0.6874768137931824,0.698379635810852,0.03388,0.004003868903964758,-2.865,-5.74,2.605,114.531,0.91934
7982,478974.23,1,0.8310059309005737,0.7849022746086121,0.04447,0.003593739354982972,-3.14,-5.657,2.417,114.578,0.9188
7983,479038.23,1,0.8141055107116699,0.7846847772598267,0.03658,0.0030549359507858753,-3.242,-5.572,2.454,114.483,0.91925
7984,479102.6,1,0.7801535129547119,0.753123939037323,0.01618,0.0029876132030040026,-3.269,-5.49,2.44,114.575,0.919
7985,479150.57,1,0.8166029453277588,0.7839131355285645,0.03671,0.0030022014398127794,-3.466,-5.434,2.43,114.604,0.91907
7986,479214.3,1,0.8049352169036865,0.7764202356338501,0.02862,0.0029143320862203836,-3.558,-5.337,2.355,114.517,0.91749
7987,479278.4,1,0.7801103591918945,0.7599464058876038,0.01942,0.002937240991741419,-3.293,-5.119,2.384,114.623,0.91923
7988,479342.57,1,0.6591406464576721,0.687827467918396,0.029,0.0031423475593328476,-2.731,-4.868,2.241,114.602,0.91862
7989,479390.63,1,0.5008096098899841,0.5506137609481812,0.10565,0.0032397890463471413,-2.362,-4.7,2.025,114.454,0.91854
7990,479454.47,1,0.41543495655059814,0.47664082050323486,0.14596,0.0031761894933879375,-2.203,-4.56,1.975,114.562,0.91791
7991,479518.5,1,0.41410136222839355,0.4642719328403473,0.14867,0.002900073304772377,-2.015,-4.339,1.767,114.57,0.9189
7992,479582.37,1,0.3956739604473114,0.4838779866695404,0.15408,0.0029431935399770737,-2.07,-4.148,1.436,114.464,0.92007
7993,479630.33,1,0.43364548683166504,0.4979071319103241,0.14603,0.0025191118475049734,-1.813,-3.648,0.979,114.626,0.91986
7994,479694.37,1,0.4143860936164856,0.4949939548969269,0.15533,0.002699777716770768,-1.678,-3.464,0.54,114.652,0.9191
7995,479758.4,1,0.4361220896244049,0.49351465702056885,0.15492,0.002974956063553691,-1.713,-3.366,0.254,114.616,0.91981
7996,479822.33,1,0.4390588402748108,0.49856317043304443,0.15225,0.002947963308542967,-1.582,-3.387,-0.004,114.747,0.92165
7997,479870.33,1,0.4416346549987793,0.4934493601322174,0.15199,0.0029798850882798433,-1.617,-3.388,-0.006,114.818,0.92008
7998,479934.33,1,0.44466033577919006,0.4959443509578705,0.15053,0.0029938151128590107,-1.807,-3.329,0.039,114.712,0.92161
7999,479998.33,1,0.7193156480789185,0.7233377695083618,0.0232,0.0035737878642976284,-2.241,-3.452,0.025,114.87,0.92161
8000,480062.53,1,0.7734024524688721,0.7555492520332336,0.01468,0.003298875642940402,-2.355,-3.609,0.394,114.866,0.92164
8001,480110.27,1,0.7802032828330994,0.7661091089248657,0.02276,0.003359007416293025,-2.398,-4.035,0.98,114.699,0.92261
8002,480174.37,1,0.6480287313461304,0.7333896160125732,0.02807,0.0032521095126867294,-2.696,-4.451,1.698,114.849,0.92278
8003,480238.6,1,0.5087155103683472,0.6454826593399048,0.0865,0.0029274208936840296,-3.085,-4.71,2.183,114.856,0.92287
8004,480302.63,1,0.4384290874004364,0.5595457553863525,0.13372,0.0029960735701024532,-3.312,-4.92,2.39,114.792,0.92281
8005,480350.33,1,0.40245214104652405,0.5141281485557556,0.15174,0.0028166358824819326,-3.437,-5.22,2.5,114.888,0.92334
8006,480414.3,1,0.44138002395629883,0.5029157400131226,0.14526,0.002902016742154956,-3.364,-5.366,2.623,114.848,0.92493
8007,480478.47,1,0.4323662519454956,0.4908076822757721,0.15218,0.002856622450053692,-3.372,-5.474,2.657,114.711,0.92442
8008,480542.47,1,0.4283057749271393,0.48806655406951904,0.15367,0.003216326702386141,-3.244,-5.471,2.637,114.957,0.92412
8009,480590.47,1,0.43146568536758423,0.4799523651599884,0.15997,0.0032824149820953608,-3.163,-5.316,2.592,114.71,0.92495
8010,480654.3,1,0.4456864297389984,0.483509361743927,0.15281,0.003480834886431694,-3.0,-5.18,2.443,114.687,0.92482
8011,480718.5,1,0.4605666697025299,0.5157349109649658,0.13441,0.0040782541036605835,-2.904,-5.227,2.43,114.733,0.92624
8012,480782.33,1,0.45723795890808105,0.5175387859344482,0.13709,0.004093892406672239,-2.816,-5.189,2.301,114.654,0.92741
8013,480830.37,1,0.49405336380004883,0.5361703634262085,0.12366,0.004340265411883593,-2.826,-5.098,2.04,114.419,0.92827
8014,480894.37,1,0.4670938551425934,0.5349792242050171,0.1268,0.004615043289959431,-2.584,-4.999,1.795,114.469,0.92428
8015,480958.57,1,0.516450047492981,0.5446175336837769,0.1149,0.0046516540460288525,-2.623,-4.96,1.591,114.425,0.92346
8016,481022.3,1,0.5138819217681885,0.552207350730896,0.11428,0.0046493494883179665,-2.631,-4.959,1.62,114.722,0.90525
8017,481070.4,1,0.5051059722900391,0.5471425652503967,0.11843,0.004648980684578419,-2.651,-4.962,1.614,114.942,0.90361
8018,481134.43,1,0.5045483708381653,0.5364043116569519,0.12307,0.004411470144987106,-2.544,-4.914,1.559,115.051,0.90304
8019,481198.6,1,0.5005394816398621,0.5199229121208191,0.13034,0.004527017939835787,-2.518,-4.942,1.571,115.048,0.90151
8020,481262.37,1,0.5030965805053711,0.5168664455413818,0.13174,0.004634374752640724,-2.501,-4.875,1.539,115.159,0.90065
8021,481310.4,1,0.5027757883071899,0.5261675119400024,0.12904,0.0046954588033258915,-2.485,-4.845,1.535,115.17,0.90046
8022,481374.6,1,0.4980875849723816,0.5209579467773438,0.1313,0.004306015092879534,-2.43,-4.813,1.528,115.047,0.9019
8023,481438.5,1,0.49665501713752747,0.5219029784202576,0.13179,0.004285480361431837,-2.424,-4.805,1.548,115.069,0.90555
8024,481502.43,1,0.5147679448127747,0.5359370708465576,0.12568,0.004595859441906214,-2.399,-4.795,1.542,115.046,0.90639
8025,481550.57,1,0.516737163066864,0.5363503694534302,0.12504,0.004743986297398806,-2.402,-4.792,1.538,114.494,0.92518
8026,481614.47,1,0.5067882537841797,0.5328686833381653,0.12869,0.004746963735669851,-2.418,-4.802,1.543,114.629,0.92538
8027,481678.37,1,0.5179269909858704,0.5514987111091614,0.12043,0.004725652746856213,-2.389,-4.752,1.498,114.666,0.92472
8028,481742.37,1,0.5135945081710815,0.5531169772148132,0.1219,0.00452845124527812,-2.391,-4.768,1.503,114.522,0.92508
8029,481790.37,1,0.5193402171134949,0.5511176586151123,0.11924,0.004698135890066624,-2.442,-4.726,1.502,114.611,0.92521
8030,481854.37,1,0.5145641565322876,0.5550340414047241,0.11844,0.004779486916959286,-2.4,-4.723,1.464,114.641,0.9253
8031,481918.3,1,0.49585312604904175,0.5398371815681458,0.12695,0.004903462715446949,-2.407,-4.711,1.475,114.533,0.92424
8032,481982.3,1,0.4983135163784027,0.5377576947212219,0.12802,0.005055492278188467,-2.36,-4.563,1.447,114.82,0.92255
8033,482030.27,1,0.4939890503883362,0.5390897989273071,0.12727,0.004991381429135799,-2.339,-4.558,1.464,114.916,0.92135
8034,482094.33,1,0.4991718530654907,0.5347151756286621,0.12788,0.004713063593953848,-2.299,-4.51,1.451,115.588,0.91586
8035,482158.43,1,0.5070081949234009,0.544133186340332,0.12412,0.004750840365886688,-2.306,-4.448,1.447,115.709,0.91533
8036,482222.37,1,0.5061086416244507,0.5429217219352722,0.12411,0.004819871857762337,-2.319,-4.4,1.458,115.639,0.91607
8037,482270.3,1,0.5065945982933044,0.5269216299057007,0.12716,0.0046897996217012405,-2.291,-4.359,1.46,115.492,0.91694
8038,482334.37,1,0.5054981708526611,0.5257878303527832,0.12688,0.004748745821416378,-2.322,-4.334,1.483,115.747,0.91612
8039,482398.23,1,0.4933602213859558,0.5234609246253967,0.12935,0.004622125532478094,-2.318,-4.35,1.503,115.451,0.91715
8040,482462.43,1,0.49791833758354187,0.5238586664199829,0.12829,0.004794425331056118,-2.557,-4.399,1.509,115.464,0.91529
8041,482510.43,1,0.49034079909324646,0.522260308265686,0.1304,0.004748358391225338,-2.536,-4.41,1.512,115.508,0.91596
8042,482574.3,1,0.48877182602882385,0.5144228935241699,0.13286,0.004785921890288591,-2.507,-4.389,1.487,115.545,0.91546
8043,482638.27,1,0.4928114712238312,0.5149531364440918,0.13265,0.0048234001733362675,-2.477,-4.374,1.496,115.471,0.91579
8044,482702.3,1,0.5124460458755493,0.5161218047142029,0.12805,0.005100123584270477,-2.434,-4.341,1.456,115.487,0.91595
8045,482750.27,1,0.5107601881027222,0.512378990650177,0.13025,0.0050841327756643295,-2.397,-4.331,1.49,115.484,0.91576
8046,482814.27,1,0.5147550106048584,0.5100300908088684,0.1303,0.00520390784367919,-2.389,-4.346,1.518,115.44,0.91594
8047,482878.37,1,0.5243712663650513,0.5106513500213623,0.12678,0.005177379120141268,-2.363,-4.324,1.496,115.516,0.91612
8048,482942.3,1,0.5592359304428101,0.5755317807197571,0.10288,0.005416765809059143,-2.309,-4.344,1.523,115.535,0.91627
8049,482990.27,1,0.7731139659881592,0.7247121334075928,0.0197,0.005470745265483856,-2.606,-4.381,1.363,115.459,0.9164
8050,483054.33,1,0.7719233632087708,0.7327737808227539,0.01304,0.005203739739954472,-2.529,-4.334,1.223,115.387,0.91754
8051,483118.3,1,0.7117801904678345,0.7361487150192261,0.0171,0.005634386092424393,-2.385,-4.354,1.291,115.316,0.9181
8052,483182.33,1,0.5390093326568604,0.5744936466217041,0.09312,0.005440786946564913,-2.358,-4.402,1.239,114.528,0.92339
8053,483230.63,1,0.4205940365791321,0.5229576826095581,0.13486,0.005790424067527056,-2.373,-4.402,1.288,114.535,0.92405
8054,483294.4,1,0.38493046164512634,0.4468618333339691,0.16351,0.005918476730585098,-2.274,-4.387,1.249,114.514,0.923
8055,483358.57,1,0.3788706362247467,0.4495818614959717,0.16647,0.006276124157011509,-2.138,-4.346,1.297,114.477,0.92308
8056,483422.57,1,0.374456524848938,0.4359757602214813,0.17302,0.0063063157722353935,-2.081,-4.332,1.349,114.584,0.92382
8057,483470.4,1,0.3718079626560211,0.42052948474884033,0.17775,0.006176439113914967,-1.905,-4.244,1.329,114.672,0.92368
8058,483534.33,1,0.3770388960838318,0.41848331689834595,0.1814,0.006509917788207531,-1.892,-4.227,1.295,114.823,0.92309
8059,483598.3,1,0.3943161964416504,0.4181966185569763,0.1813,0.006476875860244036,-1.893,-4.159,1.228,115.213,0.92076
8060,483662.33,1,0.40840184688568115,0.4284418225288391,0.17703,0.006598193198442459,-1.867,-4.136,1.149,115.305,0.92109
8061,483710.2,1,0.40093955397605896,0.42859214544296265,0.17826,0.005733856000006199,-1.708,-4.091,1.095,118.401,0.89677
8062,483774.27,1,0.39539337158203125,0.4258018732070923,0.18089,0.006136283278465271,-1.619,-4.14,0.981,118.868,0.89605
8063,483838.27,1,0.3771105110645294,0.4190249443054199,0.18364,0.006254836451262236,-1.415,-4.12,0.9,118.868,0.89625
8064,483902.3,1,0.3738531470298767,0.415648877620697,0.18587,0.00602846872061491,-1.29,-4.097,0.896,118.843,0.8967
8065,483950.67,1,0.37278246879577637,0.41913285851478577,0.185,0.005790429655462503,-1.295,-4.085,0.851,118.975,0.89587
8066,484014.4,1,0.41592827439308167,0.45712873339653015,0.16587,0.005806156434118748,-1.239,-4.038,0.882,118.947,0.89708
8067,484078.37,1,0.4071011245250702,0.4540312588214874,0.16795,0.005133042111992836,-1.262,-4.038,0.855,118.859,0.89661
8068,484142.43,1,0.4152648150920868,0.46775177121162415,0.16412,0.0053406693041324615,-1.231,-3.971,0.854,119.037,0.89627
8069,484190.3,1,0.41890451312065125,0.4687410593032837,0.16342,0.0054406579583883286,-1.205,-3.916,0.848,118.852,0.89747
8070,484254.3,1,0.43699654936790466,0.4754573106765747,0.15754,0.005543615203350782,-1.264,-3.946,0.853,118.264,0.91934
8071,484318.43,1,0.4413372576236725,0.4734138548374176,0.1566,0.005663731135427952,-1.269,-3.925,0.852,118.384,0.91824
8072,484382.3,1,0.4382094740867615,0.4756923019886017,0.15672,0.005748188588768244,-1.297,-3.906,0.813,118.358,0.919
8073,484430.43,1,0.4360341727733612,0.47776544094085693,0.15737,0.0056937821209430695,-1.301,-3.887,0.814,118.28,0.91851
8074,484494.27,1,0.43331971764564514,0.47948986291885376,0.15675,0.006027057766914368,-1.354,-3.866,0.841,118.409,0.91911
8075,484558.4,1,0.43077415227890015,0.4766107499599457,0.15809,0.005786039866507053,-1.375,-3.855,0.858,118.369,0.91882
8076,484622.27,1,0.4252421259880066,0.4745596945285797,0.15992,0.005895879119634628,-1.393,-3.86,0.862,118.284,0.91866
8077,484670.33,1,0.4280412197113037,0.47391951084136963,0.15879,0.00587094109505415,-1.386,-3.864,0.865,118.36,0.91946
8078,484734.4,1,0.42545562982559204,0.4763116240501404,0.15911,0.00586444279178977,-1.416,-3.917,0.877,118.39,0.91829
8079,484798.27,1,0.4331359565258026,0.47685933113098145,0.15826,0.006007413379848003,-1.475,-3.912,0.855,118.299,0.91935
8080,484862.37,1,0.43226608633995056,0.4774082601070404,0.15814,0.006058518774807453,-1.481,-3.911,0.876,118.381,0.91974
8081,484910.33,1,0.43213191628456116,0.4774020314216614,0.15751,0.006166975945234299,-1.512,-3.914,0.896,118.378,0.9206
8082,484974.3,1,0.43127286434173584,0.4769631028175354,0.15814,0.006257775239646435,-1.541,-3.926,0.91,118.277,0.92014
8083,485038.3,1,0.4264995753765106,0.47587907314300537,0.15804,0.006344357971101999,-1.559,-3.888,0.888,118.394,0.92016
8084,485102.3,1,0.4205995798110962,0.4639139771461487,0.16034,0.006329186260700226,-1.543,-3.886,0.89,118.386,0.91983
8085,485150.27,1,0.4198259711265564,0.45392298698425293,0.16273,0.006565860938280821,-1.531,-3.897,0.858,118.268,0.92037
8086,485214.37,1,0.6131515502929688,0.640653669834137,0.07513,0.007048644125461578,-1.602,-3.84,0.86,118.405,0.91993
8087,485278.3,1,0.7834040522575378,0.748390257358551,0.01793,0.006602588575333357,-1.841,-3.8,0.68,118.47,0.92031
8088,485342.63,1,0.7304433584213257,0.7150712013244629,0.01199,0.006679622456431389,-1.801,-3.805,0.721,118.336,0.92018
8089,485390.63,1,0.659643292427063,0.6693826913833618,0.03344,0.0062986561097204685,-1.723,-3.756,0.797,118.306,0.92027
8090,485454.47,1,0.522905707359314,0.5509288311004639,0.09035,0.005413593724370003,-1.491,-3.773,0.811,116.469,0.93033
8091,485518.67,1,0.42098379135131836,0.45086410641670227,0.14155,0.0055861943401396275,-1.46,-3.846,0.903,115.524,0.93521
8092,485582.63,1,0.4107760190963745,0.44239410758018494,0.15208,0.006920885760337114,-1.376,-3.822,0.921,115.555,0.93649
8093,485630.3,1,0.3696504235267639,0.3980763256549835,0.17187,0.0064925248734653,-1.2,-3.849,0.841,115.533,0.93685
8094,485694.33,1,0.3731226325035095,0.40756505727767944,0.1734,0.007526921108365059,-1.198,-3.729,0.825,115.414,0.93761
8095,485758.43,1,0.39151453971862793,0.4187959134578705,0.1697,0.00814924668520689,-1.307,-3.744,0.831,115.519,0.93741
8096,485822.3,1,0.3976486027240753,0.4238542914390564,0.16811,0.008861214853823185,-1.479,-3.678,0.834,115.508,0.9374
8097,485870.3,1,0.4062930941581726,0.4286298453807831,0.16615,0.009455828927457333,-1.506,-3.682,0.828,115.415,0.93747
8098,485934.43,1,0.4206528961658478,0.446010947227478,0.15855,0.010449656285345554,-1.515,-3.659,0.813,115.582,0.93707
8099,485998.63,1,0.4195048213005066,0.4475319981575012,0.15784,0.011248252354562283,-1.405,-3.59,0.792,115.425,0.93777
8100,486062.5,1,0.4365794360637665,0.46203646063804626,0.15108,0.012595169246196747,-1.45,-3.587,0.684,115.378,0.93731
8101,486110.63,1,0.4483962953090668,0.4824775755405426,0.14375,0.014058232307434082,-1.755,-3.551,0.576,115.493,0.9374
8102,486174.37,1,0.4641609191894531,0.4898390769958496,0.13872,0.015447829850018024,-1.881,-3.574,0.515,115.531,0.93659
8103,486238.57,1,0.4623408019542694,0.497408390045166,0.13868,0.016812236979603767,-1.897,-3.593,0.408,115.455,0.9368
8104,486302.2,1,0.45384103059768677,0.5010842084884644,0.13813,0.01902068592607975,-1.764,-3.64,0.369,115.481,0.93717
8105,486350.57,1,0.451596736907959,0.5061756372451782,0.13426,0.02285255491733551,-1.619,-3.665,0.361,115.497,0.93737
8106,486414.3,1,0.46549391746520996,0.5193392038345337,0.12568,0.02871215157210827,-1.35,-3.886,0.316,115.388,0.93752
8107,486478.83,1,0.4374716579914093,0.4940905272960663,0.13468,0.03591766580939293,-1.208,-3.918,0.309,115.486,0.9376
8108,486542.4,1,0.41328492760658264,0.4829442501068115,0.14276,0.04557034373283386,-0.768,-3.982,0.207,115.479,0.93656
8109,486590.67,1,0.40309417247772217,0.4680168628692627,0.15072,0.04783807694911957,-0.624,-4.068,0.121,115.36,0.93675
8110,486654.3,1,0.39832550287246704,0.46561411023139954,0.15519,0.049028430134058,-0.688,-4.033,0.076,115.472,0.93581
8111,486718.6,1,0.3970206677913666,0.4634036123752594,0.15596,0.048266246914863586,-0.842,-4.035,0.095,115.462,0.93741
8112,486782.5,1,0.3919457197189331,0.46112075448036194,0.15871,0.04861370101571083,-0.891,-4.042,0.073,115.358,0.93595
8113,486830.57,1,0.38761839270591736,0.45618578791618347,0.15863,0.0498165600001812,-0.88,-4.033,0.145,115.437,0.93764
8114,486894.3,1,0.38364288210868835,0.44046226143836975,0.16305,0.05298600345849991,-0.799,-4.068,0.256,115.452,0.93621
8115,486958.67,1,0.38259419798851013,0.42687270045280457,0.16775,0.0478428453207016,-0.83,-4.173,0.365,115.326,0.93687
8116,487022.17,1,0.37968942523002625,0.41705217957496643,0.17434,0.03232716768980026,-0.97,-4.063,0.452,115.433,0.93721
8117,487070.3,1,0.378506600856781,0.41677793860435486,0.17634,0.019960196688771248,-1.034,-4.032,0.502,115.446,0.93617
8118,487134.33,1,0.3733254075050354,0.4169490933418274,0.18019,0.012994802556931973,-0.942,-4.015,0.528,115.303,0.93751
8119,487198.23,1,0.3650076687335968,0.4136270582675934,0.18442,0.01145401131361723,-0.875,-3.995,0.486,115.438,0.93723
8120,487262.7,1,0.3616158664226532,0.40808653831481934,0.18866,0.010958181694149971,-0.88,-4.033,0.453,115.413,0.93784
8121,487310.17,1,0.36077991127967834,0.40663284063339233,0.19064,0.00997907668352127,-0.761,-4.027,0.376,115.322,0.93732
8122,487374.57,1,0.6010071039199829,0.6146702766418457,0.08201,0.010799706913530827,-0.589,-3.888,0.126,115.441,0.93846
8123,487438.37,1,0.7252004146575928,0.7108767032623291,0.02589,0.009108939208090305,-0.686,-3.755,0.128,115.442,0.93863
8124,487502.47,1,0.7656875848770142,0.7455718517303467,0.01723,0.0077285077422857285,-0.829,-3.597,0.113,115.354,0.93827
8125,487550.2,1,0.6992870569229126,0.7200319766998291,0.02235,0.008076189085841179,-0.695,-3.502,0.25,115.436,0.93802
8126,487614.27,1,0.40316158533096313,0.46539074182510376,0.14557,0.007470176555216312,-0.551,-3.492,0.308,115.412,0.93699
8127,487678.5,1,0.3393135964870453,0.40689679980278015,0.17998,0.00817340612411499,-0.453,-3.504,0.329,115.312,0.93666
8128,487742.53,1,0.3191281855106354,0.39628514647483826,0.1924,0.008036566898226738,-0.503,-3.491,0.37,115.57,0.93783
8129,487790.27,1,0.32343512773513794,0.3901292383670807,0.19812,0.007691198959946632,-0.625,-3.454,0.437,115.312,0.93911
8130,487854.17,1,0.32374680042266846,0.3819939196109772,0.2023,0.007264139596372843,-0.744,-3.468,0.465,115.301,0.93997
8131,487918.17,1,0.32333436608314514,0.38576850295066833,0.20289,0.006714788265526295,-0.876,-3.396,0.53,115.424,0.93913
8132,487982.5,1,0.31883689761161804,0.3758726716041565,0.20657,0.006326104048639536,-1.039,-3.36,0.583,115.426,0.93809
8133,488030.17,1,0.32023850083351135,0.37625396251678467,0.20661,0.006301691755652428,-1.189,-3.4,0.639,115.331,0.93838
8134,488094.2,1,0.3244816064834595,0.37153860926628113,0.20615,0.00623452290892601,-1.208,-3.365,0.625,115.412,0.93732
8135,488158.53,1,0.3272380828857422,0.37204664945602417,0.20614,0.006156148388981819,-1.286,-3.374,0.63,115.449,0.93733
8136,488222.5,1,0.3300393223762512,0.3738982677459717,0.20625,0.006198757328093052,-1.265,-3.366,0.636,115.332,0.93824
8137,488270.17,1,0.33350232243537903,0.3777077794075012,0.20533,0.006268580909818411,-1.242,-3.37,0.642,115.394,0.93776
8138,488334.67,1,0.33968448638916016,0.3782691955566406,0.20421,0.00630552414804697,-1.198,-3.332,0.655,115.401,0.93822
8139,488398.3,1,0.346306711435318,0.3784967362880707,0.20345,0.006488312501460314,-1.174,-3.318,0.664,115.325,0.93813
8140,488462.43,1,0.3488536477088928,0.37857407331466675,0.2029,0.006798500660806894,-1.195,-3.3,0.677,115.408,0.93746
8141,488510.57,1,0.34527257084846497,0.3783111870288849,0.20362,0.006670280825346708,-1.215,-3.284,0.688,115.421,0.93798
8142,488574.27,1,0.3449063003063202,0.37702062726020813,0.20462,0.006770158186554909,-1.232,-3.303,0.68,115.322,0.93654
8143,488638.5,1,0.34757739305496216,0.39395618438720703,0.2009,0.0073741767555475235,-1.328,-3.335,0.658,115.406,0.93638
8144,488702.5,1,0.7680057883262634,0.7118781805038452,0.01928,0.008188948035240173,-1.841,-3.244,0.506,115.441,0.93704
8145,488750.63,1,0.7923697233200073,0.7631441354751587,0.02123,0.007494741585105658,-2.118,-3.191,0.474,115.284,0.93655
8146,488814.17,1,0.7188625335693359,0.7061668634414673,0.01185,0.0071869767270982265,-2.044,-3.138,0.452,115.39,0.93707
8147,488878.53,1,0.5431625247001648,0.5788928866386414,0.07967,0.007210443262010813,-1.738,-3.133,0.524,115.372,0.93685
8148,488942.17,1,0.3988405168056488,0.4453769326210022,0.14959,0.007437522988766432,-1.707,-3.131,0.558,115.29,0.93771
8149,488990.17,1,0.3821701109409332,0.4455583989620209,0.16349,0.008128517307341099,-1.801,-3.172,0.599,115.387,0.93591
8150,489054.23,1,0.37651753425598145,0.4461256265640259,0.16916,0.008244714699685574,-1.746,-3.2,0.586,115.375,0.9367
8151,489118.23,1,0.3880939781665802,0.4537024199962616,0.1696,0.008512445725500584,-1.713,-3.242,0.61,115.26,0.93618
8152,489182.23,1,0.38992440700531006,0.45404258370399475,0.17043,0.008504079654812813,-1.677,-3.221,0.609,115.359,0.93632
8153,489230.5,1,0.38577622175216675,0.45409640669822693,0.17263,0.008554280735552311,-1.676,-3.222,0.625,115.347,0.9366
8154,489294.2,1,0.39052513241767883,0.44284284114837646,0.17551,0.008251856081187725,-1.694,-3.216,0.603,115.221,0.93778
8155,489358.17,1,0.3907267451286316,0.44248512387275696,0.17742,0.008253753185272217,-1.77,-3.287,0.599,115.321,0.93794
8156,489422.47,1,0.46633362770080566,0.47696155309677124,0.15234,0.008355291560292244,-1.821,-3.217,0.586,115.317,0.93824
8157,489470.5,1,0.4977779686450958,0.4855751395225525,0.14281,0.008108370006084442,-1.84,-3.196,0.591,115.202,0.93764
8158,489534.27,1,0.4989210367202759,0.4984968900680542,0.13866,0.008090808987617493,-1.786,-3.128,0.591,115.455,0.9376
8159,489598.63,1,0.4952452480792999,0.5006142854690552,0.13921,0.007971921935677528,-1.754,-3.111,0.606,115.282,0.93727
8160,489662.53,1,0.5453924536705017,0.5307292342185974,0.12227,0.008415358141064644,-1.777,-3.124,0.593,115.26,0.93754
8161,489710.67,1,0.5447094440460205,0.5333518981933594,0.12206,0.0083839800208807,-1.812,-3.124,0.595,115.355,0.93743
8162,489774.3,1,0.5457801818847656,0.531284749507904,0.12023,0.008466765284538269,-1.781,-3.151,0.607,115.372,0.93721
8163,489838.6,1,0.4717744290828705,0.492867648601532,0.14202,0.008926067501306534,-1.731,-3.159,0.567,115.28,0.9375
8164,489902.2,1,0.4504011571407318,0.4836515188217163,0.14917,0.008932143449783325,-1.742,-3.152,0.546,115.411,0.93689
8165,489950.23,1,0.42982739210128784,0.4743698239326477,0.15561,0.008922453038394451,-1.778,-3.175,0.533,115.411,0.93696
8166,490014.23,1,0.42058053612709045,0.4642114043235779,0.16123,0.008984537795186043,-1.809,-3.176,0.532,115.339,0.93662
8167,490078.2,1,0.4056752920150757,0.45441460609436035,0.16725,0.008894599974155426,-1.802,-3.174,0.531,115.445,0.93684
8168,490142.2,1,0.39983639121055603,0.4519328773021698,0.16982,0.00843309797346592,-1.821,-3.17,0.55,115.439,0.93728
8169,490190.5,1,0.3993929624557495,0.44728904962539673,0.1716,0.008678504265844822,-1.875,-3.159,0.566,115.336,0.93793
8170,490254.27,1,0.39363956451416016,0.43929043412208557,0.17493,0.008735931478440762,-1.877,-3.121,0.576,115.46,0.93692
8171,490318.53,1,0.3919469714164734,0.43776044249534607,0.17712,0.008752893656492233,-1.916,-3.113,0.555,115.467,0.9374
8172,490382.13,1,0.3840237557888031,0.4277303218841553,0.18218,0.008957726880908012,-1.937,-3.098,0.55,115.39,0.9371
