frame_idx,t_ms,face,eye_blink_l,eye_blink_r,ear,jaw_open,pitch,yaw,roll,bright_mean,warmth
0,0.0,1,0.47576215863227844,0.5231180191040039,0.13785,0.0119116036221385,-1.815,1.272,-1.868,51.016,1.30954
1,83.33,1,0.49859127402305603,0.5414367914199829,0.13845,0.0070790317840874195,-1.87,1.155,-1.866,50.806,1.33972
2,166.67,1,0.5190020203590393,0.5530433654785156,0.13521,0.0056612370535731316,-1.95,1.034,-1.883,51.105,1.31264
3,250.0,1,0.5210222005844116,0.5519248843193054,0.13593,0.00548534793779254,-1.941,0.94,-1.91,51.071,1.33401
4,333.33,1,0.5105092525482178,0.5404367446899414,0.14028,0.0052604456432163715,-1.904,0.915,-1.879,51.072,1.3155
5,416.67,1,0.4711567759513855,0.5092281103134155,0.15499,0.0054833609610795975,-1.916,0.888,-1.861,51.07,1.31178
6,500.0,1,0.4566766917705536,0.4796786606311798,0.16393,0.006267547141760588,-1.894,0.829,-1.845,50.808,1.29392
7,583.33,1,0.4487488865852356,0.44999995827674866,0.17298,0.006106324959546328,-1.881,0.809,-1.814,51.283,1.28422
8,666.67,1,0.45265093445777893,0.45175498723983765,0.17249,0.006227964535355568,-1.85,0.818,-1.806,51.15,1.28044
9,750.0,1,0.4336649775505066,0.44010889530181885,0.17884,0.005756547674536705,-1.749,0.792,-1.789,51.358,1.26471
10,833.33,1,0.42377322912216187,0.4385565519332886,0.18096,0.0056336624547839165,-1.772,0.752,-1.747,51.255,1.2655
11,916.67,1,0.4208032190799713,0.4376360774040222,0.18138,0.005422533489763737,-1.76,0.753,-1.739,51.272,1.30874
12,1000.0,1,0.4134402275085449,0.43357178568840027,0.18497,0.004391600377857685,-1.665,0.726,-1.699,51.182,1.32554
13,1083.33,1,0.40166619420051575,0.41649025678634644,0.19317,0.0040261209942400455,-1.686,0.723,-1.625,51.288,1.33634
14,1165.0,1,0.3928697109222412,0.4085860252380371,0.19521,0.004792630672454834,-1.718,0.718,-1.562,50.764,1.36181
15,1248.33,1,0.38279202580451965,0.39331144094467163,0.2004,0.0048739793710410595,-1.741,0.72,-1.498,51.246,1.35533
16,1331.67,1,0.38026905059814453,0.38891327381134033,0.20254,0.004853263031691313,-1.702,0.732,-1.471,51.36,1.35146
17,1415.0,1,0.37704676389694214,0.38717183470726013,0.20363,0.00511919753625989,-1.77,0.679,-1.454,51.645,1.34252
18,1498.33,1,0.37539538741111755,0.3862084448337555,0.20402,0.005035888869315386,-2.019,0.585,-1.478,51.522,1.34202
19,1581.67,1,0.37441936135292053,0.387119323015213,0.20434,0.0045436895452439785,-2.0,0.563,-1.486,51.805,1.34002
20,1665.0,1,0.37773218750953674,0.3924240469932556,0.20199,0.004513478837907314,-1.993,0.564,-1.491,51.612,1.33877
21,1748.33,1,0.37825316190719604,0.3982554078102112,0.20037,0.004459950607270002,-1.986,0.567,-1.481,51.81,1.33723
22,1831.67,1,0.3780435025691986,0.40202927589416504,0.19945,0.004486961755901575,-1.953,0.543,-1.46,51.579,1.33874
23,1915.0,1,0.3787508010864258,0.3977239727973938,0.19954,0.00481149647384882,-1.934,0.546,-1.451,51.366,1.35987
24,1998.33,1,0.37836816906929016,0.39694058895111084,0.19888,0.004836501087993383,-1.945,0.606,-1.415,51.359,1.35594
25,2081.67,1,0.3753432333469391,0.39643025398254395,0.20138,0.0045578922145068645,-1.883,0.643,-1.401,51.542,1.34752
26,2165.0,1,0.37563830614089966,0.4011456370353699,0.20206,0.004395947325974703,-1.888,0.614,-1.391,51.318,1.34403
27,2248.33,1,0.3746160864830017,0.40566667914390564,0.20285,0.0045483652502298355,-1.921,0.514,-1.417,50.959,1.37131
28,2331.67,1,0.37227052450180054,0.4099408686161041,0.20312,0.004968450870364904,-1.934,0.533,-1.448,50.486,1.40295
29,2415.0,1,0.3689243793487549,0.41762030124664307,0.20302,0.005134254693984985,-1.792,0.549,-1.474,50.679,1.38307
30,2498.33,1,0.3620355725288391,0.4052698314189911,0.20443,0.005652978550642729,-1.819,0.519,-1.404,50.761,1.36302
31,2581.67,1,0.35830050706863403,0.4009574353694916,0.20548,0.005966614931821823,-1.789,0.507,-1.394,50.566,1.39514
32,2665.0,1,0.35379546880722046,0.39780691266059875,0.20658,0.006423822604119778,-1.756,0.505,-1.399,50.012,1.42374
33,2748.33,1,0.3570372462272644,0.3958648443222046,0.2066,0.006544856354594231,-1.779,0.492,-1.396,50.098,1.4245
34,2831.67,1,0.35620787739753723,0.3809084892272949,0.20978,0.007550186011940241,-1.757,0.436,-1.411,50.315,1.35724
35,2915.0,1,0.3654502332210541,0.38694146275520325,0.20739,0.007041345816105604,-1.802,0.42,-1.421,50.706,1.33306
36,2998.33,1,0.37401142716407776,0.39584842324256897,0.20269,0.006166352890431881,-1.871,0.354,-1.438,50.632,1.32062
37,3081.67,1,0.4001063108444214,0.4170401394367218,0.1931,0.005390229634940624,-1.933,0.344,-1.46,50.412,1.33022
38,3165.0,1,0.45416319370269775,0.47923967242240906,0.17035,0.005366451106965542,-1.962,0.341,-1.472,50.402,1.32186
39,3248.33,1,0.45171499252319336,0.48208171129226685,0.17063,0.005122446455061436,-1.935,0.352,-1.462,50.348,1.34136
40,3331.67,1,0.46055030822753906,0.4949924349784851,0.16715,0.005783527623862028,-1.948,0.34,-1.481,50.217,1.31948
41,3415.0,1,0.4625759720802307,0.5154101848602295,0.16381,0.005804890301078558,-1.955,0.307,-1.484,50.563,1.30074
42,3498.33,1,0.4747045636177063,0.5225045680999756,0.15984,0.005748199764639139,-2.005,0.343,-1.503,50.585,1.30105
43,3581.67,1,0.4786105751991272,0.5344662666320801,0.1567,0.005795615259557962,-1.968,0.381,-1.55,50.824,1.29782
44,3665.0,1,0.47841089963912964,0.5429312586784363,0.15373,0.006047478877007961,-1.932,0.387,-1.593,50.726,1.30169
45,3746.67,1,0.47789883613586426,0.5532150864601135,0.15161,0.006335627753287554,-1.918,0.403,-1.638,50.26,1.33054
46,3830.0,1,0.4887164533138275,0.5594254732131958,0.14824,0.0056411102414131165,-1.812,0.433,-1.669,49.701,1.36297
47,3913.33,1,0.48126086592674255,0.5624167919158936,0.15055,0.004826839081943035,-1.782,0.427,-1.691,49.714,1.36104
48,3996.67,1,0.46167173981666565,0.5474462509155273,0.15754,0.004676997195929289,-1.693,0.438,-1.728,49.33,1.36808
49,4080.0,1,0.4213091731071472,0.5126219987869263,0.17044,0.005037618800997734,-1.707,0.437,-1.704,49.656,1.36798
50,4163.33,1,0.39490604400634766,0.46560177206993103,0.18394,0.005047178827226162,-1.718,0.376,-1.657,49.85,1.34383
51,4246.67,1,0.38604140281677246,0.43507590889930725,0.19132,0.005197922233492136,-1.749,0.358,-1.61,50.491,1.32323
52,4330.0,1,0.3814775347709656,0.41140297055244446,0.19594,0.0052495249547064304,-1.877,0.31,-1.584,50.664,1.31605
53,4413.33,1,0.3690623641014099,0.3936980962753296,0.2001,0.005067453719675541,-1.819,0.302,-1.573,51.074,1.30701
54,4496.67,1,0.3584253787994385,0.37769249081611633,0.20457,0.004759130533784628,-1.773,0.324,-1.556,51.108,1.30487
55,4580.0,1,0.38225752115249634,0.4197388291358948,0.19511,0.0046038394793868065,-1.681,0.356,-1.546,51.38,1.31307
56,4663.33,1,0.6857033967971802,0.7052745819091797,0.06359,0.005739741493016481,-1.504,0.457,-1.725,51.142,1.33637
57,4746.67,1,0.7105191946029663,0.7391546964645386,0.04874,0.005918108858168125,-1.409,0.55,-1.847,50.904,1.38174
58,4830.0,1,0.7146428227424622,0.7385822534561157,0.05233,0.004992799833416939,-1.385,0.55,-1.874,50.479,1.41411
59,4913.33,1,0.6996734142303467,0.7370787858963013,0.0572,0.004428628366440535,-1.372,0.511,-1.833,50.609,1.37449
60,4996.67,1,0.6750884056091309,0.719130277633667,0.0704,0.003977289889007807,-1.513,0.595,-1.849,50.393,1.39928
61,5080.0,1,0.6599184274673462,0.7117446660995483,0.07757,0.00364675628952682,-1.656,0.551,-1.753,50.76,1.40312
62,5163.33,1,0.6670377254486084,0.7219911813735962,0.07239,0.003824905026704073,-1.705,0.578,-1.725,51.175,1.3483
63,5246.67,1,0.6655677556991577,0.7218217253684998,0.07276,0.0038452353328466415,-1.804,0.522,-1.714,51.031,1.35449
64,5330.0,1,0.6655365228652954,0.7223068475723267,0.07295,0.0038960142992436886,-1.829,0.444,-1.705,50.716,1.37205
65,5413.33,1,0.6561781167984009,0.7215322256088257,0.07494,0.003771810559555888,-1.814,0.385,-1.698,51.193,1.34392
66,5496.67,1,0.6332505941390991,0.7092528343200684,0.08297,0.003765535308048129,-1.799,0.344,-1.691,51.223,1.32423
67,5580.0,1,0.6266012191772461,0.6997721791267395,0.08712,0.0034157494083046913,-1.821,0.314,-1.706,51.19,1.31279
68,5663.33,1,0.6086711883544922,0.6868345737457275,0.09538,0.0034579948987811804,-1.876,0.338,-1.74,50.682,1.33853
69,5746.67,1,0.5976384878158569,0.6838386058807373,0.09816,0.0035031605511903763,-1.967,0.378,-1.775,50.65,1.34425
70,5830.0,1,0.590968132019043,0.6729819774627686,0.10065,0.0036815872881561518,-1.979,0.379,-1.822,50.746,1.32825
71,5913.33,1,0.5923542976379395,0.6581087112426758,0.10444,0.0037283168639987707,-2.025,0.383,-1.782,51.001,1.30456
72,5996.67,1,0.6053307056427002,0.6522001624107361,0.10435,0.00408170884475112,-2.134,0.376,-1.787,50.932,1.29735
73,6080.0,1,0.6178910136222839,0.6579830646514893,0.10038,0.005036682356148958,-2.17,0.382,-1.776,50.784,1.31804
74,6163.33,1,0.6287409067153931,0.6632431745529175,0.09537,0.005076211411505938,-2.179,0.386,-1.786,50.789,1.31153
75,6246.67,1,0.638847827911377,0.674004077911377,0.09109,0.004715392366051674,-2.134,0.359,-1.771,50.581,1.33961
76,6328.33,1,0.669047474861145,0.7030411958694458,0.07662,0.004363000858575106,-2.097,0.344,-1.721,50.058,1.35519
77,6411.67,1,0.6732299327850342,0.7081538438796997,0.07343,0.004364112392067909,-1.881,0.319,-1.73,50.473,1.34352
78,6495.0,1,0.6870945692062378,0.7107675075531006,0.06787,0.004211673978716135,-1.79,0.292,-1.701,50.244,1.36488
79,6578.33,1,0.6822736263275146,0.7088490724563599,0.06926,0.004476260859519243,-1.792,0.266,-1.706,50.26,1.37404
80,6661.67,1,0.6721110343933105,0.7057763338088989,0.07252,0.004501189570873976,-1.795,0.253,-1.715,49.962,1.37519
81,6745.0,1,0.6352840065956116,0.6975778341293335,0.08364,0.004611163400113583,-1.822,0.244,-1.722,50.222,1.37263
82,6828.33,1,0.5957973003387451,0.6792793273925781,0.09725,0.005241210572421551,-1.871,0.256,-1.739,50.444,1.34802
83,6911.67,1,0.48428577184677124,0.5906938314437866,0.14143,0.004971507005393505,-1.859,0.285,-1.712,50.878,1.32744
84,6995.0,1,0.42205575108528137,0.4824471175670624,0.17553,0.0049119689501821995,-1.69,0.235,-1.703,50.85,1.31641
85,7078.33,1,0.39397504925727844,0.43830740451812744,0.19068,0.005186759866774082,-1.651,0.206,-1.672,50.758,1.33714
86,7161.67,1,0.397037535905838,0.4339674413204193,0.19225,0.0054027605801820755,-1.675,0.151,-1.64,50.718,1.32829
87,7245.0,1,0.3990940749645233,0.42941394448280334,0.19357,0.005085669923573732,-1.693,0.133,-1.618,50.957,1.32826
88,7328.33,1,0.4041675627231598,0.4329276382923126,0.19085,0.004963971674442291,-1.804,0.156,-1.64,50.57,1.35297
89,7411.67,1,0.45635324716567993,0.49228301644325256,0.16758,0.005969644524157047,-1.832,0.191,-1.635,50.874,1.33668
90,7495.0,1,0.48134925961494446,0.5391641855239868,0.15598,0.004629851784557104,-2.158,0.24,-1.569,51.196,1.32098
91,7578.33,1,0.4963277578353882,0.5523210167884827,0.15261,0.0038839804474264383,-2.292,0.221,-1.493,51.51,1.30624
92,7661.67,1,0.4838632047176361,0.5484765768051147,0.15576,0.0034420599695295095,-2.257,0.203,-1.465,51.259,1.29383
93,7745.0,1,0.49574488401412964,0.541812539100647,0.15422,0.0034632158931344748,-2.269,0.235,-1.504,51.321,1.27876
94,7828.33,1,0.49774935841560364,0.5417067408561707,0.15241,0.003498389618471265,-2.261,0.253,-1.5,51.005,1.26925
95,7911.67,1,0.5072008371353149,0.5581647157669067,0.14672,0.00352804409340024,-2.238,0.282,-1.505,51.31,1.27633
96,7995.0,1,0.5160107016563416,0.5824979543685913,0.14045,0.0035099952947348356,-2.137,0.319,-1.505,51.268,1.28704
97,8078.33,1,0.5307672619819641,0.6080752611160278,0.1331,0.003533652052283287,-2.085,0.355,-1.514,51.34,1.31481
98,8161.67,1,0.5523233413696289,0.6457903385162354,0.12138,0.0036677629686892033,-1.903,0.39,-1.506,50.734,1.38124
99,8245.0,1,0.5860753059387207,0.6740637421607971,0.10772,0.004137695766985416,-1.929,0.407,-1.446,51.155,1.36357
100,8328.33,1,0.6226835250854492,0.6823832988739014,0.09585,0.004329551476985216,-1.95,0.41,-1.351,51.169,1.35475
101,8411.67,1,0.6337788701057434,0.6857765316963196,0.09246,0.004314552992582321,-1.92,0.389,-1.334,51.362,1.35886
102,8495.0,1,0.6312888860702515,0.6840188503265381,0.09073,0.004756053443998098,-1.841,0.326,-1.342,50.951,1.38555
103,8578.33,1,0.6157081127166748,0.6765159368515015,0.09667,0.005003084894269705,-1.896,0.285,-1.359,50.98,1.40488
104,8661.67,1,0.5998121500015259,0.6678537130355835,0.10199,0.00504501024261117,-1.96,0.219,-1.355,50.748,1.42346
105,8745.0,1,0.5841531753540039,0.6641891002655029,0.10711,0.004937697201967239,-2.058,0.19,-1.404,51.159,1.40288
106,8828.33,1,0.5711715221405029,0.6659038066864014,0.11077,0.004612588323652744,-2.121,0.185,-1.466,50.944,1.41432
107,8910.0,1,0.5752643346786499,0.6665149927139282,0.10968,0.0046468451619148254,-2.091,0.145,-1.461,50.96,1.39835
108,8993.33,1,0.5700794458389282,0.667432963848114,0.11213,0.004395742900669575,-2.04,0.122,-1.478,50.853,1.37328
109,9076.67,1,0.5704526901245117,0.6614960432052612,0.11281,0.004344415385276079,-2.058,0.133,-1.459,51.199,1.37473
110,9160.0,1,0.5833420753479004,0.6622077226638794,0.10856,0.004401240963488817,-2.055,0.137,-1.492,51.401,1.3517
111,9243.33,1,0.5806540846824646,0.6621259450912476,0.1061,0.004730775952339172,-2.027,0.134,-1.525,51.608,1.33093
112,9326.67,1,0.5755708813667297,0.6716743111610413,0.10221,0.005086712539196014,-2.009,0.132,-1.585,51.256,1.35378
113,9410.0,1,0.5787261724472046,0.6843961477279663,0.09861,0.00469811400398612,-2.066,0.119,-1.632,51.677,1.33316
114,9493.33,1,0.5944148302078247,0.6951221227645874,0.09258,0.004301502835005522,-1.988,0.16,-1.634,51.639,1.32037
115,9576.67,1,0.5898722410202026,0.6845965385437012,0.0966,0.004669682122766972,-2.057,0.194,-1.639,51.753,1.32547
116,9660.0,1,0.5870693922042847,0.67423415184021,0.09971,0.0042907255701720715,-2.054,0.204,-1.62,51.206,1.35549
117,9743.33,1,0.5848243236541748,0.6663284301757812,0.10324,0.004489658400416374,-2.141,0.201,-1.611,51.154,1.3665
118,9826.67,1,0.590025782585144,0.6616179347038269,0.10502,0.0046020131558179855,-2.148,0.212,-1.582,51.125,1.34511
119,9910.0,1,0.5884321928024292,0.6588525772094727,0.10711,0.004655560944229364,-2.128,0.189,-1.578,50.889,1.36301
120,9993.33,1,0.5967504978179932,0.6632332801818848,0.10362,0.004316417034715414,-2.071,0.191,-1.554,50.898,1.32092
121,10076.67,1,0.6001713275909424,0.6631340384483337,0.10287,0.0042718444019556046,-2.087,0.186,-1.529,51.322,1.31084
122,10160.0,1,0.6045274138450623,0.6622483134269714,0.10162,0.00447483267635107,-2.124,0.166,-1.564,51.289,1.30873
123,10243.33,1,0.5942517518997192,0.6645505428314209,0.10391,0.004508450627326965,-2.108,0.123,-1.569,51.431,1.32331
124,10326.67,1,0.5853885412216187,0.6722532510757446,0.10375,0.004289771895855665,-1.483,0.266,-1.625,57.764,1.19037
125,10410.0,1,0.5542852878570557,0.6651444435119629,0.10898,0.004623235668987036,-1.281,0.489,-1.72,74.071,0.99909
126,10493.33,1,0.5164510011672974,0.657882034778595,0.11603,0.006367029622197151,-1.335,0.381,-1.713,75.573,1.03348
127,10576.67,1,0.6607253551483154,0.7199827432632446,0.05766,0.006923635024577379,-1.264,0.441,-1.719,75.248,1.1053
128,10660.0,1,0.7722458839416504,0.7794291973114014,0.01515,0.007098888047039509,-1.072,0.595,-1.735,75.63,1.12302
129,10743.33,1,0.7814470529556274,0.8025758266448975,0.01635,0.007339535281062126,-1.036,0.638,-1.718,75.08,1.16531
130,10826.67,1,0.779109001159668,0.7975680232048035,0.01535,0.00768183683976531,-1.026,0.661,-1.673,75.361,1.14029
131,10910.0,1,0.6022507548332214,0.7481309175491333,0.05371,0.007417281623929739,-1.111,0.646,-1.608,75.681,1.18477
132,10993.33,1,0.44771310687065125,0.6507555246353149,0.11412,0.007429990451782942,-1.065,0.535,-1.614,75.352,1.22051
133,11076.67,1,0.38750189542770386,0.5655089020729065,0.14746,0.007027802057564259,-1.087,0.477,-1.555,75.551,1.23943
134,11160.0,1,0.31682267785072327,0.4503152072429657,0.18519,0.006862493697553873,-1.097,0.416,-1.453,75.25,1.25186
135,11241.67,1,0.2871205806732178,0.38169875741004944,0.20583,0.006687660701572895,-1.232,0.326,-1.429,75.969,1.22408
136,11325.0,1,0.2798670828342438,0.3540612757205963,0.2141,0.006114300340414047,-1.474,0.243,-1.461,75.929,1.21062
137,11408.33,1,0.2671761214733124,0.33330264687538147,0.22078,0.006037418730556965,-1.456,0.27,-1.458,76.179,1.2041
138,11491.67,1,0.2687157392501831,0.3329339325428009,0.22034,0.006389737594872713,-1.444,0.284,-1.437,75.884,1.20241
139,11575.0,1,0.2670171558856964,0.3371618986129761,0.21991,0.00661933608353138,-1.376,0.311,-1.436,75.685,1.23035
140,11658.33,1,0.2620057165622711,0.3398827016353607,0.22135,0.006620003841817379,-1.272,0.29,-1.431,75.366,1.25053
141,11741.67,1,0.24348896741867065,0.3232867419719696,0.22779,0.006370367482304573,-1.267,0.274,-1.435,75.522,1.24946
142,11825.0,1,0.23189236223697662,0.3130646347999573,0.23102,0.006041102111339569,-1.258,0.254,-1.472,75.661,1.22525
143,11908.33,1,0.22554421424865723,0.2916954457759857,0.23634,0.005969418212771416,-1.089,0.267,-1.502,75.567,1.23239
144,11991.67,1,0.2198312133550644,0.28682205080986023,0.2382,0.005953483749181032,-0.852,0.212,-1.529,75.681,1.21992
145,12075.0,1,0.21752049028873444,0.2827826142311096,0.23788,0.006226111203432083,-0.833,0.227,-1.499,75.354,1.23913
146,12158.33,1,0.2115926593542099,0.2781452536582947,0.23796,0.007830633781850338,-0.633,0.317,-1.494,75.981,1.20956
147,12241.67,1,0.21612995862960815,0.2883364260196686,0.23647,0.007102519273757935,-0.593,0.32,-1.456,76.121,1.20297
148,12325.0,1,0.22074627876281738,0.2956236004829407,0.23624,0.006825872231274843,-0.523,0.338,-1.426,76.028,1.19978
149,12408.33,1,0.2176111340522766,0.2978459894657135,0.24187,0.0044060661457479,-0.73,0.293,-1.515,76.327,1.19832
150,12491.67,1,0.22499066591262817,0.31067484617233276,0.23968,0.004898427985608578,-0.905,0.26,-1.57,75.84,1.2411
151,12575.0,1,0.2335045039653778,0.3105638027191162,0.23778,0.004979327786713839,-1.007,0.254,-1.564,76.228,1.22263
152,12658.33,1,0.2351505607366562,0.30502089858055115,0.23772,0.005192657932639122,-1.018,0.247,-1.565,75.634,1.22502
153,12741.67,1,0.23255661129951477,0.3020195960998535,0.23792,0.005345318466424942,-1.027,0.237,-1.562,75.828,1.23501
154,12825.0,1,0.2299976348876953,0.29974332451820374,0.23792,0.0055533284321427345,-1.126,0.2,-1.574,75.49,1.24623
155,12908.33,1,0.22868821024894714,0.2971605658531189,0.23772,0.005481915548443794,-1.101,0.223,-1.538,75.758,1.25114
156,12991.67,1,0.22768685221672058,0.295136958360672,0.2379,0.005582717247307301,-1.111,0.225,-1.521,75.627,1.25331
157,13075.0,1,0.22886039316654205,0.29516419768333435,0.2375,0.005633947905153036,-1.16,0.186,-1.506,76.121,1.23003
158,13158.33,1,0.23079191148281097,0.2973004877567291,0.23654,0.005364896263927221,-1.278,0.138,-1.514,75.989,1.2157
159,13241.67,1,0.2339581847190857,0.3007846474647522,0.23464,0.005454805679619312,-1.253,0.157,-1.503,76.229,1.21384
160,13325.0,1,0.24229809641838074,0.32828930020332336,0.22691,0.006184055004268885,-1.208,0.192,-1.479,75.583,1.23389
161,13408.33,1,0.2614147663116455,0.348831444978714,0.22052,0.006368803791701794,-1.285,0.135,-1.444,75.524,1.2447
162,13491.67,1,0.2796483635902405,0.3720338046550751,0.21457,0.00602536927908659,-1.474,0.067,-1.473,75.241,1.25094
163,13573.33,1,0.2928338944911957,0.38957297801971436,0.21167,0.005433660000562668,-1.246,0.013,-1.493,63.831,1.4147
164,13656.67,1,0.3048710823059082,0.3968919813632965,0.20994,0.0053286487236619,-1.191,0.028,-1.41,53.249,1.59917
165,13740.0,1,0.30515167117118835,0.4017843008041382,0.21236,0.005554466508328915,-1.722,0.067,-1.344,51.714,1.61582
166,13823.33,1,0.2972564101219177,0.39106011390686035,0.21357,0.006147806998342276,-2.244,-0.147,-1.244,51.041,1.57402
167,13906.67,1,0.2995132505893707,0.38378220796585083,0.21403,0.007513026706874371,-2.25,-0.144,-1.231,50.214,1.60775
168,13990.0,1,0.30606570839881897,0.387775719165802,0.2125,0.00808073952794075,-2.27,-0.136,-1.238,49.525,1.62943
169,14073.33,1,0.3120477497577667,0.38711947202682495,0.21177,0.009251512587070465,-2.211,-0.145,-1.236,50.166,1.5008
170,14156.67,1,0.4836789071559906,0.5640267133712769,0.14304,0.009054075926542282,-1.992,-0.107,-1.32,50.265,1.42466
171,14240.0,1,0.5477438569068909,0.6132289171218872,0.11954,0.008082900196313858,-2.035,0.031,-1.317,50.584,1.40785
172,14323.33,1,0.5812621116638184,0.639195442199707,0.10729,0.00737724220380187,-2.097,0.061,-1.345,50.504,1.40242
173,14406.67,1,0.5815762877464294,0.6457692980766296,0.10525,0.006702361162751913,-1.953,0.156,-1.413,50.671,1.41813
174,14490.0,1,0.5669744610786438,0.6492434740066528,0.10882,0.006231984589248896,-1.793,0.126,-1.412,50.052,1.47967
175,14573.33,1,0.5543503761291504,0.6432454586029053,0.11638,0.005575333721935749,-1.858,0.121,-1.429,50.516,1.41261
176,14656.67,1,0.5479320287704468,0.6202656030654907,0.12279,0.005438049789518118,-1.95,0.097,-1.455,50.827,1.37327
177,14740.0,1,0.5490420460700989,0.6141592264175415,0.1238,0.0052333008497953415,-2.045,0.04,-1.453,51.006,1.36322
178,14823.33,1,0.5472203493118286,0.6090912222862244,0.12395,0.00536250090226531,-2.035,0.04,-1.444,50.88,1.35866
179,14906.67,1,0.5319335460662842,0.5869755744934082,0.1313,0.006127550266683102,-2.113,0.015,-1.438,50.122,1.40036
180,14990.0,1,0.5282339453697205,0.5711709260940552,0.13669,0.005152945872396231,-2.157,0.077,-1.465,50.479,1.37446
181,15073.33,1,0.5059595108032227,0.5603010654449463,0.14377,0.004684041254222393,-2.194,0.083,-1.5,50.326,1.42769
182,15156.67,1,0.495956152677536,0.5667948722839355,0.14518,0.004640867933630943,-2.223,0.095,-1.541,50.0,1.45693
183,15240.0,1,0.4994335174560547,0.5614607334136963,0.14585,0.004575549159198999,-2.21,0.07,-1.566,50.303,1.44093
184,15323.33,1,0.5000474452972412,0.5615416765213013,0.14583,0.0044945296831429005,-2.078,0.005,-1.554,50.818,1.34606
185,15406.67,1,0.5226594805717468,0.5998404026031494,0.13369,0.00447051040828228,-1.917,0.053,-1.516,51.177,1.31975
186,15490.0,1,0.5631625652313232,0.648801863193512,0.11452,0.004404061008244753,-1.852,0.112,-1.439,51.124,1.30672
187,15573.33,1,0.6034715175628662,0.6836005449295044,0.09521,0.004816040396690369,-1.805,0.09,-1.386,50.93,1.33626
188,15656.67,1,0.6481912136077881,0.7139519453048706,0.07662,0.005045196507126093,-2.001,0.121,-1.349,50.983,1.31355
189,15740.0,1,0.6662424206733704,0.7156897783279419,0.07128,0.005141122732311487,-2.114,0.113,-1.343,50.833,1.35256
190,15821.67,1,0.664919912815094,0.7125130891799927,0.07227,0.005164145492017269,-2.061,0.172,-1.346,50.454,1.37549
191,15905.0,1,0.6611000299453735,0.7156797647476196,0.07288,0.004914729855954647,-2.069,0.163,-1.375,50.944,1.352
192,15988.33,1,0.6699889898300171,0.7240164279937744,0.0689,0.004587849136441946,-2.014,0.194,-1.392,50.699,1.36906
193,16071.67,1,0.6640060544013977,0.7183404564857483,0.07274,0.004145458340644836,-2.02,0.219,-1.395,51.252,1.33675
194,16155.0,1,0.6642889976501465,0.7113540768623352,0.07572,0.003966168034821749,-2.078,0.252,-1.377,51.33,1.31576
195,16238.33,1,0.724036455154419,0.7397939562797546,0.05222,0.0036285407841205597,-2.147,0.299,-1.447,51.695,1.30454
196,16321.67,1,0.7910218238830566,0.773553729057312,0.02645,0.0031788204796612263,-2.031,0.432,-1.534,51.597,1.29852
197,16405.0,1,0.7949479818344116,0.78862065076828,0.02291,0.0028234112542122602,-2.243,0.482,-1.607,51.742,1.28116
198,16488.33,1,0.7938564419746399,0.7912360429763794,0.01984,0.0029132335912436247,-2.163,0.549,-1.634,51.604,1.28189
199,16571.67,1,0.7939947843551636,0.7949039936065674,0.01782,0.0030495207756757736,-1.604,0.487,-1.7,51.118,1.35689
200,16655.0,1,0.7570856213569641,0.7930995225906372,0.02276,0.0032571277115494013,-0.835,0.417,-1.675,50.991,1.34346
201,16738.33,1,0.6437007188796997,0.760373592376709,0.05253,0.0035553595516830683,-0.539,0.277,-1.5,51.29,1.34615
202,16821.67,1,0.4161461889743805,0.6611633896827698,0.12201,0.004925717134028673,-0.465,0.114,-1.209,51.153,1.3456
203,16905.0,1,0.3900187313556671,0.5767159461975098,0.15143,0.004948161542415619,-0.378,0.007,-1.134,51.327,1.34546
204,16988.33,1,0.3586406409740448,0.48193803429603577,0.17623,0.005003856960684061,-0.37,0.017,-1.082,51.165,1.34833
205,17071.67,1,0.3436698913574219,0.4400224983692169,0.1894,0.0050587402656674385,-0.268,-0.001,-1.021,50.821,1.38989
206,17155.0,1,0.3139382302761078,0.39759427309036255,0.20174,0.005749987438321114,-0.15,-0.07,-0.949,50.307,1.42373
207,17238.33,1,0.28173527121543884,0.3504638373851776,0.21604,0.006564628798514605,0.069,-0.018,-0.949,50.381,1.41348
208,17321.67,1,0.2735477089881897,0.34205153584480286,0.21929,0.006597974803298712,0.569,-0.11,-0.91,50.596,1.33504
209,17405.0,1,0.2772142291069031,0.34977975487709045,0.21824,0.006207986734807491,0.804,-0.168,-0.916,50.816,1.31895
210,17488.33,1,0.27732333540916443,0.3676605522632599,0.21853,0.004835773725062609,1.02,-0.135,-0.856,51.168,1.29901
211,17571.67,1,0.27620211243629456,0.37483978271484375,0.21856,0.0044287461787462234,1.026,-0.12,-0.837,51.363,1.28863
212,17655.0,1,0.275515079498291,0.3708611726760864,0.21985,0.0038629837799817324,1.018,-0.11,-0.824,51.038,1.27802
213,17738.33,1,0.2726820409297943,0.3645476698875427,0.2212,0.003673304570838809,0.885,-0.168,-0.794,51.292,1.28282
214,17821.67,1,0.27517715096473694,0.36111652851104736,0.22128,0.003706238465383649,0.652,-0.291,-0.766,51.112,1.28262
215,17905.0,1,0.27744606137275696,0.3573516011238098,0.22173,0.004287563730031252,0.226,-0.346,-0.734,50.924,1.32338
216,17988.33,1,0.27359411120414734,0.3483279347419739,0.22462,0.004626668523997068,-0.209,-0.317,-0.713,50.827,1.31504
217,18071.67,1,0.2702808380126953,0.33816447854042053,0.22798,0.004580249078571796,-0.482,-0.294,-0.707,50.605,1.32821
218,18155.0,1,0.27176520228385925,0.3382929265499115,0.22814,0.004431845620274544,-0.581,-0.315,-0.673,50.562,1.31836
219,18236.67,1,0.28783726692199707,0.3491668105125427,0.2242,0.004453839734196663,-0.984,-0.353,-0.675,50.832,1.31946
220,18320.0,1,0.290495902299881,0.35396823287010193,0.22416,0.004232383798807859,-1.234,-0.312,-0.716,50.485,1.34599
221,18403.33,1,0.2982730567455292,0.3521692156791687,0.22357,0.0041746171191334724,-1.374,-0.24,-0.724,50.898,1.32256
222,18486.67,1,0.3033182919025421,0.3591896593570709,0.22219,0.004035125486552715,-1.579,-0.268,-0.721,50.899,1.30787
223,18570.0,1,0.39009830355644226,0.4209047555923462,0.19798,0.00408967724069953,-1.718,-0.259,-0.748,51.098,1.30791
224,18653.33,1,0.6349221467971802,0.6098209619522095,0.11145,0.00441517261788249,-1.803,-0.169,-0.802,50.78,1.33217
225,18736.67,1,0.6596730947494507,0.6380365490913391,0.09172,0.005205544177442789,-1.878,-0.246,-0.837,50.648,1.36511
226,18820.0,1,0.6378952264785767,0.6398757100105286,0.09528,0.006072993390262127,-1.902,-0.311,-0.805,50.569,1.35649
227,18903.33,1,0.4866378903388977,0.5300408601760864,0.14624,0.006807209458202124,-1.95,-0.362,-0.735,50.496,1.3779
228,18986.67,1,0.4274463355541229,0.45819053053855896,0.17192,0.006508039776235819,-1.985,-0.371,-0.716,50.416,1.36933
229,19070.0,1,0.4212208688259125,0.47445932030677795,0.17013,0.0060867732390761375,-2.067,-0.331,-0.72,50.39,1.38994
230,19153.33,1,0.746385931968689,0.7148624658584595,0.0431,0.005593674257397652,-1.841,-0.109,-0.997,50.41,1.37247
231,19236.67,1,0.802679717540741,0.7755497694015503,0.01097,0.005807485897094011,-1.792,-0.062,-1.081,50.766,1.35675
232,19320.0,1,0.8256436586380005,0.7997584939002991,0.01144,0.005005394108593464,-1.901,-0.11,-1.065,50.726,1.34844
233,19403.33,1,0.8257892727851868,0.8131040334701538,0.0143,0.0044597662054002285,-1.976,-0.108,-1.027,50.926,1.33746
234,19486.67,1,0.8209038972854614,0.8078094720840454,0.01271,0.00426745880395174,-1.976,-0.121,-0.973,50.794,1.33582
235,19570.0,1,0.8189950585365295,0.8113533854484558,0.01371,0.004229442216455936,-1.967,-0.137,-0.974,50.98,1.33156
236,19653.33,1,0.81294184923172,0.8139565587043762,0.01492,0.004281868692487478,-1.904,-0.177,-0.924,50.827,1.33074
237,19736.67,1,0.8118548393249512,0.8132094144821167,0.0152,0.004374525509774685,-1.891,-0.182,-0.938,51.065,1.33058
238,19820.0,1,0.8108771443367004,0.8120495080947876,0.01468,0.0045456974767148495,-1.883,-0.187,-0.936,50.948,1.33235
239,19903.33,1,0.8103921413421631,0.8130937218666077,0.01472,0.0047835055738687515,-1.79,-0.175,-0.92,50.981,1.32792
240,19986.67,1,0.8122439384460449,0.8127601146697998,0.01498,0.0034760066773742437,-1.957,-0.292,-0.925,50.91,1.33106
241,20070.0,1,0.8045397400856018,0.8112307786941528,0.01717,0.0029958882369101048,-2.174,-0.358,-0.952,51.012,1.34504
242,20153.33,1,0.8011285662651062,0.8109656572341919,0.01735,0.0027465063612908125,-2.177,-0.376,-0.969,50.532,1.37542
243,20236.67,1,0.800454318523407,0.8133607506752014,0.01731,0.002662169747054577,-2.224,-0.316,-1.042,50.409,1.3824
244,20320.0,1,0.7992282509803772,0.812808632850647,0.01621,0.002827959368005395,-2.16,-0.278,-1.037,50.429,1.3618
245,20403.33,1,0.7902417778968811,0.8134474754333496,0.01708,0.0029603817965835333,-1.908,-0.24,-1.016,50.339,1.38975
246,20485.0,1,0.7506275177001953,0.7997937798500061,0.02766,0.003009326057508588,-1.823,-0.309,-1.021,50.027,1.41234
247,20568.33,1,0.6790934801101685,0.7518721222877502,0.05878,0.003046195488423109,-1.867,-0.423,-0.973,50.456,1.388
248,20651.67,1,0.614766538143158,0.7009816765785217,0.08672,0.0030041090212762356,-1.799,-0.469,-0.947,50.627,1.35263
249,20735.0,1,0.4602273106575012,0.5917482376098633,0.14232,0.0032239400316029787,-1.794,-0.509,-0.906,51.096,1.32574
250,20818.33,1,0.36698535084724426,0.45643335580825806,0.1857,0.0035073813050985336,-1.7,-0.556,-0.824,51.114,1.31297
251,20901.67,1,0.3302513360977173,0.3633725941181183,0.2111,0.003687345189973712,-1.595,-0.561,-0.778,51.436,1.30907
252,20985.0,1,0.30478277802467346,0.3202659487724304,0.22302,0.0038637234829366207,-1.392,-0.514,-0.742,51.217,1.33159
253,21068.33,1,0.2910476326942444,0.3044862747192383,0.22977,0.0042093913070857525,-1.412,-0.522,-0.788,51.517,1.32878
254,21151.67,1,0.2720065414905548,0.2935563325881958,0.23515,0.004497842397540808,-1.443,-0.573,-0.767,51.413,1.32773
255,21235.0,1,0.26699116826057434,0.29093313217163086,0.23618,0.004633921664208174,-1.551,-0.64,-0.744,51.621,1.32007
256,21318.33,1,0.2714604139328003,0.29064688086509705,0.23573,0.004808921832591295,-1.85,-0.728,-0.719,51.395,1.31047
257,21401.67,1,0.26868417859077454,0.28801393508911133,0.23718,0.0046519385650753975,-1.949,-0.729,-0.707,51.706,1.31606
258,21485.0,1,0.26671841740608215,0.29530826210975647,0.23703,0.003948634956032038,-1.932,-0.724,-0.706,51.614,1.32211
259,21568.33,1,0.2815716862678528,0.3138652443885803,0.23196,0.0035007691476494074,-1.9,-0.673,-0.737,51.807,1.33431
260,21651.67,1,0.29080626368522644,0.32489070296287537,0.22883,0.0035732535179704428,-1.895,-0.558,-0.752,51.421,1.36916
261,21735.0,1,0.3046187162399292,0.3399658799171448,0.22419,0.003385935677215457,-1.85,-0.521,-0.736,51.475,1.38611
262,21818.33,1,0.30429983139038086,0.3443472683429718,0.22276,0.0032499420922249556,-1.68,-0.517,-0.694,51.54,1.36207
263,21901.67,1,0.30081862211227417,0.3428562879562378,0.2243,0.0034246447030454874,-1.7,-0.531,-0.667,51.992,1.34553
264,21985.0,1,0.2959286570549011,0.3363427519798279,0.22503,0.0035007542464882135,-1.67,-0.539,-0.654,52.053,1.33542
265,22068.33,1,0.3007446825504303,0.3392723500728607,0.2239,0.0035263830795884132,-1.788,-0.58,-0.637,52.242,1.34239
266,22151.67,1,0.30101823806762695,0.34204041957855225,0.22282,0.0036547144409269094,-1.875,-0.629,-0.639,51.834,1.37174
267,22235.0,1,0.30617213249206543,0.34991762042045593,0.22087,0.00364635419100523,-1.869,-0.617,-0.643,52.106,1.34423
268,22318.33,1,0.31064286828041077,0.352588027715683,0.21952,0.0037010235246270895,-1.859,-0.559,-0.636,51.931,1.32318
269,22401.67,1,0.3104587197303772,0.35585737228393555,0.21902,0.003907392732799053,-1.859,-0.621,-0.633,52.017,1.31533
270,22485.0,1,0.31324973702430725,0.3561984896659851,0.21782,0.003965463489294052,-1.828,-0.644,-0.614,52.043,1.31675
271,22568.33,1,0.31715989112854004,0.3580149710178375,0.21669,0.00419066846370697,-1.847,-0.645,-0.609,52.315,1.31487
272,22651.67,1,0.3191438615322113,0.35420793294906616,0.21742,0.004181419033557177,-1.88,-0.66,-0.61,52.154,1.32044
273,22735.0,1,0.3235069215297699,0.3529485762119293,0.21735,0.004252087324857712,-1.924,-0.661,-0.61,52.312,1.31314
274,22818.33,1,0.32853248715400696,0.3556962311267853,0.21649,0.004694478586316109,-2.069,-0.654,-0.611,51.999,1.30624
275,22900.0,1,0.3285243809223175,0.3549061417579651,0.21666,0.005204581189900637,-2.331,-0.666,-0.616,52.137,1.30136
276,22983.33,1,0.32672229409217834,0.3510383367538452,0.21807,0.005598368123173714,-2.348,-0.688,-0.636,52.019,1.30852
277,23066.67,1,0.326253205537796,0.35028180480003357,0.22005,0.005099054425954819,-2.371,-0.696,-0.624,52.187,1.31188
278,23150.0,1,0.3207167685031891,0.3506423532962799,0.22117,0.00462745176628232,-2.161,-0.691,-0.627,51.952,1.31858
279,23233.33,1,0.3191581964492798,0.34840983152389526,0.22151,0.004735773429274559,-2.08,-0.687,-0.611,51.954,1.32886
280,23316.67,1,0.32283616065979004,0.3498000204563141,0.21942,0.004345710854977369,-1.945,-0.741,-0.648,51.408,1.36426
281,23400.0,1,0.32747432589530945,0.3535490334033966,0.21734,0.004008404444903135,-1.934,-0.732,-0.634,51.367,1.37892
282,23483.33,1,0.334785521030426,0.3579826056957245,0.21342,0.004069358576089144,-1.971,-0.75,-0.625,51.332,1.36067
283,23566.67,1,0.41074997186660767,0.4836314618587494,0.17414,0.004040567670017481,-1.842,-0.811,-0.64,51.184,1.37916
284,23650.0,1,0.6317006349563599,0.67261803150177,0.0939,0.003963923081755638,-1.813,-0.812,-0.726,50.702,1.38866
285,23733.33,1,0.6246628761291504,0.6801092624664307,0.09213,0.003969431389123201,-1.701,-0.876,-0.737,50.8,1.39256
286,23816.67,1,0.6060025691986084,0.6660627722740173,0.09779,0.003900541691109538,-1.65,-0.895,-0.739,50.66,1.36699
287,23900.0,1,0.6026430130004883,0.6588913202285767,0.09955,0.003800144884735346,-1.599,-0.884,-0.742,50.945,1.35363
288,23983.33,1,0.5632688403129578,0.6489013433456421,0.1081,0.0037962317001074553,-1.487,-0.848,-0.742,51.283,1.3258
289,24066.67,1,0.48912766575813293,0.5914382338523865,0.13523,0.003772521624341607,-1.488,-0.81,-0.736,51.878,1.30544
290,24150.0,1,0.4394865930080414,0.5251299738883972,0.15746,0.0037800129503011703,-1.59,-0.842,-0.721,51.965,1.29226
291,24233.33,1,0.4150041341781616,0.48933371901512146,0.17017,0.003761405823752284,-1.662,-0.854,-0.698,52.039,1.31233
292,24316.67,1,0.4030376672744751,0.4779544472694397,0.1751,0.004155972506850958,-1.728,-0.848,-0.659,52.06,1.30144
293,24400.0,1,0.3975229561328888,0.45431873202323914,0.18097,0.0043449969962239265,-1.746,-0.836,-0.671,51.826,1.31906
294,24483.33,1,0.378264456987381,0.43687739968299866,0.18765,0.004831078462302685,-1.725,-0.828,-0.67,51.516,1.34338
295,24566.67,1,0.37162646651268005,0.4222757816314697,0.19207,0.004784804303199053,-1.719,-0.846,-0.664,51.99,1.31606
296,24650.0,1,0.36892351508140564,0.41184723377227783,0.19427,0.004803537391126156,-1.726,-0.858,-0.658,51.958,1.29243
297,24733.33,1,0.37123554944992065,0.4125566780567169,0.19412,0.004877925850450993,-1.696,-0.858,-0.66,52.33,1.28279
298,24816.67,1,0.3780638873577118,0.41819483041763306,0.19198,0.004710664041340351,-1.512,-0.823,-0.664,52.234,1.28081
299,24900.0,1,0.38687655329704285,0.45129817724227905,0.18492,0.00467776320874691,-1.555,-0.823,-0.66,52.134,1.30713
300,24983.33,1,0.45337337255477905,0.5337501764297485,0.15934,0.004421326331794262,-1.585,-0.851,-0.675,51.931,1.29934
301,25066.67,1,0.4927872121334076,0.5760287046432495,0.14529,0.004541328176856041,-1.699,-0.897,-0.674,51.913,1.33121
302,25150.0,1,0.517539381980896,0.5984640121459961,0.13306,0.004684814251959324,-1.681,-0.909,-0.668,51.931,1.33092
303,25233.33,1,0.5181065797805786,0.6028215885162354,0.13023,0.004560200497508049,-1.589,-0.904,-0.701,52.347,1.32502
304,25315.0,1,0.47229889035224915,0.5608062148094177,0.14868,0.004431118257343769,-1.642,-0.911,-0.712,52.355,1.32281
305,25398.33,1,0.4438442587852478,0.5493659377098083,0.15497,0.004388049244880676,-1.674,-0.874,-0.692,52.502,1.30623
306,25481.67,1,0.44705742597579956,0.5500006079673767,0.1527,0.004492053296416998,-1.728,-0.775,-0.666,52.38,1.30722
307,25565.0,1,0.4468696713447571,0.5562342405319214,0.15197,0.004410188645124435,-1.733,-0.675,-0.698,52.554,1.32019
308,25648.33,1,0.4549381136894226,0.564670741558075,0.14851,0.004450580105185509,-1.838,-0.665,-0.674,52.13,1.35142
309,25731.67,1,0.45851442217826843,0.572021484375,0.14654,0.004472119268029928,-1.771,-0.613,-0.658,52.13,1.36594
310,25815.0,1,0.4672970175743103,0.5786031484603882,0.14257,0.0045637935400009155,-1.655,-0.555,-0.669,52.047,1.33544
311,25898.33,1,0.4710233807563782,0.5756826400756836,0.14291,0.004405591636896133,-1.559,-0.562,-0.689,52.114,1.36297
312,25981.67,1,0.47154825925827026,0.5748096704483032,0.14331,0.004288879688829184,-1.563,-0.621,-0.749,51.882,1.38372
313,26065.0,1,0.46459677815437317,0.5644185543060303,0.14655,0.004549299832433462,-1.573,-0.657,-0.741,52.422,1.36794
314,26148.33,1,0.46066468954086304,0.5529587268829346,0.14988,0.0042652832344174385,-1.583,-0.708,-0.762,52.226,1.37896
315,26231.67,1,0.47319936752319336,0.5530422925949097,0.14669,0.004144779406487942,-1.666,-0.771,-0.786,52.388,1.39042
316,26315.0,1,0.4760374128818512,0.5574802756309509,0.14435,0.00407011853531003,-1.636,-0.792,-0.778,52.199,1.39911
317,26398.33,1,0.45781540870666504,0.5534636974334717,0.14927,0.004238903522491455,-1.685,-0.809,-0.79,52.448,1.38161
318,26481.67,1,0.4526953101158142,0.5548189878463745,0.15186,0.004347607493400574,-1.687,-0.832,-0.784,52.674,1.31423
319,26565.0,1,0.44696149230003357,0.5572904348373413,0.15375,0.004533910658210516,-1.742,-0.847,-0.81,52.759,1.31432
320,26648.33,1,0.45178234577178955,0.5668352842330933,0.15187,0.004556743428111076,-1.747,-0.832,-0.782,52.894,1.30133
321,26731.67,1,0.4519255459308624,0.5607008934020996,0.15314,0.004464673809707165,-1.863,-0.839,-0.748,53.276,1.28943
322,26815.0,1,0.4516317546367645,0.5558703541755676,0.15399,0.004298514686524868,-1.912,-0.82,-0.74,53.203,1.28216
323,26898.33,1,0.4568898677825928,0.5387098789215088,0.157,0.004414495546370745,-2.095,-0.805,-0.743,53.286,1.27884
324,26981.67,1,0.4591678977012634,0.5397318601608276,0.15562,0.003994480706751347,-2.265,-0.761,-0.683,53.096,1.2781
325,27065.0,1,0.4685767590999603,0.5381171703338623,0.15386,0.004454178269952536,-2.334,-0.746,-0.668,53.127,1.29946
326,27148.33,1,0.4766543507575989,0.5410664677619934,0.15212,0.004426097497344017,-2.549,-0.768,-0.685,52.93,1.30379
327,27231.67,1,0.4793088138103485,0.547038197517395,0.15101,0.0041949208825826645,-2.506,-0.809,-0.713,52.559,1.33453
328,27315.0,1,0.4867275059223175,0.5551353693008423,0.14851,0.003989079035818577,-2.471,-0.821,-0.732,52.096,1.36661
329,27398.33,1,0.49104973673820496,0.5682964324951172,0.14515,0.003748761722818017,-2.412,-0.813,-0.752,52.353,1.35288
330,27481.67,1,0.4978838562965393,0.5784472227096558,0.13949,0.0043389019556343555,-2.326,-0.818,-0.765,52.482,1.33149
331,27565.0,1,0.4935099184513092,0.5768679976463318,0.14054,0.0046552917920053005,-2.291,-0.872,-0.765,52.449,1.35476
332,27646.67,1,0.5001599788665771,0.5833884477615356,0.13814,0.004985084757208824,-2.219,-0.924,-0.79,52.347,1.34174
333,27730.0,1,0.5075281858444214,0.5901916027069092,0.13491,0.004840778652578592,-2.169,-0.91,-0.859,52.164,1.35075
334,27813.33,1,0.5007522702217102,0.5856807231903076,0.13796,0.004617573227733374,-2.096,-0.89,-0.846,52.113,1.33891
335,27896.67,1,0.4919351041316986,0.574397623538971,0.14195,0.004694861359894276,-2.079,-0.881,-0.813,51.974,1.36287
336,27980.0,1,0.4850452244281769,0.5567252039909363,0.14688,0.004641260486096144,-1.894,-0.85,-0.805,51.596,1.37944
337,28063.33,1,0.48530054092407227,0.5467069149017334,0.14934,0.004348992835730314,-1.703,-0.821,-0.78,51.705,1.37525
338,28146.67,1,0.4877080023288727,0.5489168763160706,0.14846,0.004323097877204418,-1.671,-0.803,-0.773,51.671,1.34222
339,28230.0,1,0.48964178562164307,0.5509355068206787,0.14819,0.004358391277492046,-1.705,-0.791,-0.764,51.944,1.32985
340,28313.33,1,0.4993237257003784,0.5700793862342834,0.14278,0.004134812857955694,-1.752,-0.786,-0.782,51.719,1.35464
341,28396.67,1,0.5057328939437866,0.5787732601165771,0.14003,0.004082103725522757,-1.823,-0.8,-0.764,52.177,1.33633
342,28480.0,1,0.5142158269882202,0.5867289304733276,0.13689,0.0039021947886794806,-1.922,-0.771,-0.756,52.234,1.3272
343,28563.33,1,0.5213018655776978,0.5947037935256958,0.13293,0.0039373948238790035,-2.01,-0.798,-0.738,52.247,1.32866
344,28646.67,1,0.5269215106964111,0.5968388319015503,0.13097,0.003935231827199459,-2.009,-0.798,-0.73,51.862,1.33364
345,28730.0,1,0.5290642976760864,0.6034376621246338,0.12852,0.004027776885777712,-1.979,-0.796,-0.737,51.458,1.36628
346,28813.33,1,0.5275631546974182,0.603817343711853,0.12815,0.004042421467602253,-2.001,-0.801,-0.75,51.119,1.34868
347,28896.67,1,0.5559982061386108,0.6159144639968872,0.12032,0.004003097303211689,-2.039,-0.798,-0.81,51.24,1.33195
348,28980.0,1,0.5860463380813599,0.6448544859886169,0.1087,0.003970055840909481,-2.045,-0.76,-0.872,51.0,1.32429
349,29063.33,1,0.6098821759223938,0.6583829522132874,0.1005,0.003999915439635515,-2.163,-0.714,-0.846,51.322,1.33366
350,29146.67,1,0.6318730711936951,0.6734330654144287,0.09158,0.003763047978281975,-2.229,-0.694,-0.837,51.355,1.33957
351,29230.0,1,0.6580045223236084,0.6937774419784546,0.08112,0.0037709411699324846,-2.261,-0.63,-0.848,51.039,1.38157
352,29313.33,1,0.6851388812065125,0.7229980230331421,0.06603,0.003904839977622032,-2.021,-0.546,-0.895,50.57,1.4159
353,29396.67,1,0.6888848543167114,0.7428627014160156,0.05968,0.0038965120911598206,-1.498,-0.614,-0.915,50.585,1.43197
354,29480.0,1,0.7035970091819763,0.7520276308059692,0.05321,0.003915376029908657,-1.414,-0.595,-0.963,50.331,1.44279
355,29563.33,1,0.728625476360321,0.7723677158355713,0.04088,0.003868367522954941,-1.379,-0.534,-0.97,50.942,1.40046
356,29646.67,1,0.7667639255523682,0.7901438474655151,0.02567,0.003984006587415934,-1.486,-0.462,-1.035,51.121,1.36827
357,29730.0,1,0.7847962379455566,0.7989101409912109,0.01773,0.004186314530670643,-1.47,-0.401,-1.093,51.443,1.34804
358,29813.33,1,0.796160101890564,0.8131442666053772,0.01395,0.004293219652026892,-1.543,-0.399,-1.141,51.281,1.32949
359,29896.67,1,0.8048451542854309,0.816204845905304,0.01214,0.004911577329039574,-1.549,-0.413,-1.065,51.447,1.32953
360,29978.33,1,0.7928692698478699,0.8140791058540344,0.01387,0.004272524733096361,-1.536,-0.427,-1.035,51.682,1.3352
361,30061.67,1,0.6701673865318298,0.7395415306091309,0.05638,0.004336393438279629,-1.52,-0.458,-0.997,51.732,1.32711
362,30145.0,1,0.4406525492668152,0.6164288520812988,0.13617,0.004743867553770542,-1.418,-0.463,-0.848,51.572,1.3318
363,30228.33,1,0.386280357837677,0.4900144040584564,0.17629,0.004870892036706209,-1.484,-0.548,-0.747,51.469,1.36955
364,30311.67,1,0.3642488718032837,0.4535660445690155,0.18825,0.004282661713659763,-1.494,-0.62,-0.7,51.438,1.3637
365,30395.0,1,0.34968045353889465,0.42871183156967163,0.19616,0.0037502332124859095,-1.702,-0.64,-0.611,51.227,1.3774
366,30478.33,1,0.34122639894485474,0.4106113314628601,0.20074,0.0035233600065112114,-1.771,-0.701,-0.576,51.198,1.367
367,30561.67,1,0.32764899730682373,0.3881683945655823,0.20741,0.0035192605573683977,-1.935,-0.712,-0.561,51.445,1.3716
368,30645.0,1,0.3217657208442688,0.3736601769924164,0.21129,0.0035360658075660467,-2.169,-0.729,-0.555,51.064,1.39893
369,30728.33,1,0.31092095375061035,0.35792669653892517,0.2166,0.0038120122626423836,-2.245,-0.748,-0.551,51.33,1.36916
370,30811.67,1,0.30963775515556335,0.351751446723938,0.21794,0.004147074650973082,-2.266,-0.736,-0.537,51.276,1.36007
371,30895.0,1,0.3094133734703064,0.34303849935531616,0.21916,0.004476672504097223,-2.296,-0.745,-0.516,51.09,1.38919
372,30978.33,1,0.3419475257396698,0.3946096897125244,0.20149,0.005720507353544235,-2.343,-0.817,-0.518,50.69,1.41757
373,31061.67,1,0.45439305901527405,0.5720458030700684,0.14826,0.006483439821749926,-2.323,-0.792,-0.491,51.299,1.36348
374,31145.0,1,0.4805578589439392,0.5990450382232666,0.13709,0.006731993984431028,-2.3,-0.873,-0.521,51.352,1.33799
375,31228.33,1,0.4806540012359619,0.5998910069465637,0.13683,0.006640810519456863,-2.289,-0.942,-0.554,51.649,1.32045
376,31311.67,1,0.49634674191474915,0.6119163036346436,0.13012,0.006407770328223705,-2.242,-0.946,-0.546,51.481,1.3132
377,31395.0,1,0.5135111808776855,0.6215457320213318,0.12546,0.0056589096784591675,-2.212,-0.938,-0.557,51.584,1.31088
378,31478.33,1,0.5442152619361877,0.6370503306388855,0.11579,0.005118170753121376,-2.058,-0.94,-0.526,51.115,1.3207
379,31561.67,1,0.6015141606330872,0.6920039653778076,0.09348,0.004722186364233494,-2.032,-0.953,-0.579,51.16,1.33996
380,31645.0,1,0.6819219589233398,0.7732096314430237,0.05364,0.004704541992396116,-1.785,-0.816,-0.621,50.62,1.37698
381,31728.33,1,0.7434698939323425,0.805540919303894,0.02724,0.0046834805980324745,-1.588,-0.7,-0.686,50.921,1.35331
382,31811.67,1,0.7872064113616943,0.8071122169494629,0.01024,0.004825969226658344,-1.621,-0.509,-0.775,50.807,1.33496
383,31895.0,1,0.7963218688964844,0.813630223274231,0.01062,0.004032416734844446,-1.82,-0.473,-0.804,51.141,1.33472
384,31978.33,1,0.8074000477790833,0.8176983594894409,0.01129,0.003722325898706913,-1.96,-0.462,-0.845,51.053,1.33423
385,32061.67,1,0.8042616844177246,0.8178611993789673,0.01148,0.0037043550983071327,-1.966,-0.465,-0.857,50.875,1.35648
386,32145.0,1,0.7512120604515076,0.7991893291473389,0.02269,0.0037341874558478594,-2.029,-0.558,-0.874,50.89,1.35067
387,32228.33,1,0.6956802606582642,0.7581658959388733,0.0494,0.0036468012258410454,-2.109,-0.72,-0.91,51.436,1.34323
388,32311.67,1,0.6080523133277893,0.6923154592514038,0.08856,0.0038204859010875225,-2.163,-0.807,-0.845,51.586,1.33868
389,32393.33,1,0.5387670993804932,0.6303452253341675,0.11743,0.003823766252025962,-2.1,-0.796,-0.78,51.384,1.36638
390,32476.67,1,0.44658559560775757,0.5736284852027893,0.14562,0.004048333037644625,-2.066,-0.809,-0.681,51.744,1.35431
391,32560.0,1,0.4176218509674072,0.506644606590271,0.16421,0.004189241677522659,-2.02,-0.809,-0.686,52.021,1.33012
392,32643.33,1,0.3892628848552704,0.47074997425079346,0.17681,0.004555417690426111,-2.018,-0.806,-0.664,51.986,1.32469
393,32726.67,1,0.37119489908218384,0.45916539430618286,0.1822,0.004885472822934389,-1.799,-0.838,-0.657,52.079,1.32634
394,32810.0,1,0.36240702867507935,0.45471546053886414,0.18418,0.0054108458571136,-1.773,-0.9,-0.622,51.657,1.3594
395,32893.33,1,0.36384037137031555,0.46122920513153076,0.18409,0.005229675676673651,-1.899,-0.99,-0.627,52.149,1.34709
396,32976.67,1,0.3612537384033203,0.4634915292263031,0.18548,0.005197592079639435,-2.007,-1.116,-0.629,52.216,1.3391
397,33060.0,1,0.3599693775177002,0.4534936547279358,0.18986,0.005664848256856203,-2.067,-1.137,-0.623,52.438,1.34083
398,33143.33,1,0.35427024960517883,0.43457648158073425,0.19496,0.006672789808362722,-2.139,-1.129,-0.567,52.047,1.3724
399,33226.67,1,0.35212910175323486,0.429566890001297,0.19718,0.0072701117023825645,-2.171,-1.112,-0.589,52.12,1.3891
400,33310.0,1,0.34830033779144287,0.41917285323143005,0.19977,0.007111034821718931,-2.067,-1.07,-0.565,52.199,1.36822
401,33393.33,1,0.34353041648864746,0.4112135171890259,0.20227,0.0070931329391896725,-2.009,-1.029,-0.57,52.442,1.34345
402,33476.67,1,0.3345687687397003,0.40585461258888245,0.20432,0.007157954853028059,-1.911,-0.971,-0.566,52.209,1.31869
403,33560.0,1,0.32329919934272766,0.4042814373970032,0.20628,0.007705047260969877,-1.749,-0.909,-0.648,52.56,1.30959
404,33643.33,1,0.32028111815452576,0.40530288219451904,0.20643,0.00815241876989603,-1.695,-0.891,-0.709,52.479,1.30417
405,33726.67,1,0.32281428575515747,0.4115390181541443,0.20476,0.00840676762163639,-1.724,-0.877,-0.736,52.507,1.34592
406,33810.0,1,0.3296794593334198,0.42037302255630493,0.20073,0.007944462820887566,-1.955,-0.809,-0.752,52.6,1.33653
407,33893.33,1,0.3473334014415741,0.4359934628009796,0.1945,0.00846569612622261,-2.201,-0.83,-0.741,53.038,1.32944
408,33976.67,1,0.3659249246120453,0.4524085521697998,0.18857,0.008000806905329227,-2.358,-0.908,-0.649,53.058,1.32277
409,34060.0,1,0.3806903660297394,0.4748624861240387,0.18271,0.007031271234154701,-2.624,-0.907,-0.609,53.277,1.33014
410,34143.33,1,0.38859596848487854,0.4886872470378876,0.17565,0.015465760603547096,-3.091,-0.836,-0.661,52.94,1.36382
411,34226.67,1,0.38027262687683105,0.4852472245693207,0.17283,0.06110610440373421,-3.628,-0.879,-0.622,53.263,1.36087
412,34310.0,1,0.3835841715335846,0.5083726644515991,0.16775,0.0763765275478363,-3.79,-0.925,-0.513,52.931,1.38083
413,34393.33,1,0.46798455715179443,0.6583213806152344,0.11558,0.08775480091571808,-3.843,-1.17,-0.213,53.44,1.35567
414,34476.67,1,0.7022743225097656,0.7684332132339478,0.03744,0.06815347820520401,-4.082,-1.469,0.411,53.546,1.33978
415,34560.0,1,0.7391583919525146,0.778198778629303,0.03003,0.0608900785446167,-4.39,-1.834,0.695,53.653,1.33841
416,34643.33,1,0.7205439805984497,0.7580721974372864,0.03853,0.06362209469079971,-4.494,-2.034,0.811,53.062,1.35299
417,34725.0,1,0.6990605592727661,0.7471051216125488,0.04316,0.10127037018537521,-4.633,-2.215,0.883,53.545,1.33762
418,34808.33,1,0.6940774917602539,0.7622349858283997,0.04273,0.09049899131059647,-4.69,-2.419,0.927,53.62,1.33201
419,34891.67,1,0.6952381134033203,0.7645887136459351,0.04377,0.09790541976690292,-4.994,-2.629,0.792,53.366,1.36326
420,34975.0,1,0.7136915922164917,0.7747807502746582,0.03424,0.07982155680656433,-5.128,-2.754,0.819,53.376,1.33402
421,35058.33,1,0.7396131753921509,0.7877827882766724,0.02411,0.06123484671115875,-5.344,-3.066,0.828,53.987,1.32939
422,35141.67,1,0.7547083497047424,0.793380081653595,0.02192,0.0635419711470604,-5.822,-3.256,0.785,54.106,1.3286
423,35225.0,1,0.7756985425949097,0.8013916015625,0.01836,0.05531039834022522,-6.257,-3.303,0.891,54.141,1.36576
424,35308.33,1,0.797863245010376,0.8090235590934753,0.01713,0.05367426201701164,-6.38,-3.259,0.875,54.2,1.38719
425,35391.67,1,0.8167415261268616,0.8068763017654419,0.01922,0.05266297236084938,-6.677,-3.289,0.994,55.282,1.34545
426,35475.0,1,0.8240706920623779,0.8153055906295776,0.02146,0.03682510554790497,-6.833,-3.209,0.989,55.759,1.3143
427,35558.33,1,0.828389585018158,0.8060548305511475,0.0208,0.027657655999064445,-6.84,-3.252,1.017,56.222,1.3034
428,35641.67,1,0.8252116441726685,0.8070729970932007,0.02074,0.02270960621535778,-6.797,-3.307,1.066,56.136,1.29727
429,35725.0,1,0.8267654776573181,0.809325098991394,0.02304,0.020089616999030113,-6.427,-3.563,1.121,55.788,1.31202
430,35808.33,1,0.8293596506118774,0.8182729482650757,0.02665,0.01846608705818653,-6.068,-3.776,1.097,55.655,1.30407
431,35891.67,1,0.8013479113578796,0.7964929938316345,0.02149,0.013532135635614395,-4.857,-4.483,0.741,55.547,1.32727
432,35975.0,1,0.7502478957176208,0.7790104746818542,0.02715,0.007364092394709587,-3.144,-5.149,0.375,55.49,1.31049
433,36058.33,1,0.7231025695800781,0.7741801738739014,0.03049,0.006490212865173817,-2.36,-5.567,0.251,55.279,1.33206
434,36141.67,1,0.6693680286407471,0.7582418918609619,0.04409,0.0047136517241597176,-1.887,-5.987,0.324,55.083,1.31537
435,36225.0,1,0.6249517798423767,0.73302161693573,0.05516,0.005061611998826265,-1.712,-6.4,0.323,55.23,1.30091
436,36308.33,1,0.6479060649871826,0.7180126905441284,0.05586,0.004202133975923061,-1.992,-6.8,0.506,55.034,1.29476
437,36391.67,1,0.6850415468215942,0.725043773651123,0.04714,0.004663663450628519,-1.853,-6.927,0.61,55.056,1.28132
438,36475.0,1,0.7077924013137817,0.7204647660255432,0.04412,0.005195164121687412,-1.603,-6.878,0.741,54.62,1.26782
439,36558.33,1,0.7136122584342957,0.723427951335907,0.05081,0.004002948757261038,-1.525,-7.007,0.837,54.747,1.2689
440,36641.67,1,0.7173720002174377,0.7305456399917603,0.053,0.003419738495722413,-1.27,-7.12,0.928,54.518,1.27448
441,36725.0,1,0.7159988880157471,0.7298600673675537,0.05674,0.003302890108898282,-1.254,-7.028,0.92,54.628,1.27438
442,36808.33,1,0.7157056331634521,0.7306942939758301,0.05906,0.002971324836835265,-1.255,-6.986,0.894,54.345,1.27266
443,36891.67,1,0.7135332226753235,0.7295553684234619,0.05851,0.003357475157827139,-1.258,-6.907,0.921,54.28,1.27934
444,36973.33,1,0.7336941957473755,0.7424111366271973,0.04625,0.004627923481166363,-1.255,-6.695,0.999,53.589,1.30154
445,37056.67,1,0.7410836219787598,0.7430899143218994,0.03909,0.006212437059730291,-1.247,-6.602,1.077,53.896,1.3082
446,37140.0,1,0.7301863431930542,0.7387793660163879,0.03987,0.007604357786476612,-1.174,-6.397,1.145,53.6,1.33451
447,37223.33,1,0.6039614677429199,0.6964908838272095,0.07394,0.009920759126543999,-1.291,-6.247,1.123,54.068,1.31427
448,37306.67,1,0.4350631833076477,0.5151351690292358,0.14397,0.010089102201163769,-1.423,-5.903,1.015,54.077,1.30217
449,37390.0,1,0.33529987931251526,0.36917057633399963,0.19271,0.009425242431461811,-1.716,-5.503,0.987,53.752,1.32797
450,37473.33,1,0.2830505073070526,0.30605757236480713,0.21305,0.010960042476654053,-1.441,-4.941,0.862,53.805,1.31369
451,37556.67,1,0.25357723236083984,0.27994000911712646,0.22206,0.015038687735795975,-1.352,-4.499,0.798,53.986,1.31232
452,37640.0,1,0.24012772738933563,0.27242881059646606,0.2256,0.014502974227070808,-1.381,-4.105,0.705,53.55,1.33295
453,37723.33,1,0.23034228384494781,0.2877923250198364,0.22893,0.013253948651254177,-1.48,-4.004,0.574,53.948,1.31254
454,37806.67,1,0.31430304050445557,0.37742310762405396,0.20016,0.011731513775885105,-1.502,-3.85,0.327,53.89,1.29801
455,37890.0,1,0.7108864188194275,0.686194658279419,0.05056,0.012949647381901741,-1.396,-3.338,0.103,53.84,1.32566
456,37973.33,1,0.8275874853134155,0.7832515239715576,0.01441,0.014413036406040192,-1.192,-2.593,-0.402,53.818,1.3136
457,38056.67,1,0.809984028339386,0.7996712923049927,0.01526,0.02138582430779934,-1.18,-2.026,-0.773,53.703,1.32076
458,38140.0,1,0.8023232221603394,0.8028068542480469,0.01482,0.02162918634712696,-1.1,-1.571,-0.995,53.744,1.30841
459,38223.33,1,0.7854189276695251,0.8011201620101929,0.01512,0.016628725454211235,-0.962,-1.639,-0.954,54.071,1.29875
460,38306.67,1,0.38265153765678406,0.45128777623176575,0.14852,0.016001710668206215,-1.306,-1.75,-0.632,53.998,1.29473
461,38390.0,1,0.26719269156455994,0.35483455657958984,0.19912,0.010321867652237415,-1.565,-1.848,-0.555,54.084,1.28073
462,38473.33,1,0.24896913766860962,0.3187427222728729,0.22071,0.007806757465004921,-1.783,-1.854,-0.5,53.954,1.28271
463,38556.67,1,0.27231332659721375,0.3341468274593353,0.21964,0.005724343471229076,-1.969,-1.947,-0.499,54.162,1.28311
464,38640.0,1,0.2823335826396942,0.3432871401309967,0.21802,0.005105459131300449,-2.124,-1.985,-0.535,53.959,1.28353
465,38723.33,1,0.28599125146865845,0.3522014617919922,0.2177,0.005102597177028656,-2.442,-2.119,-0.528,53.799,1.30753
466,38806.67,1,0.2999172508716583,0.38764244318008423,0.21023,0.005257003474980593,-2.562,-2.186,-0.517,53.61,1.29129
467,38890.0,1,0.33041220903396606,0.41878241300582886,0.19903,0.005493603181093931,-2.608,-2.182,-0.544,53.782,1.29979
468,38973.33,1,0.36308902502059937,0.47837701439857483,0.18136,0.005546786356717348,-2.576,-2.145,-0.564,53.352,1.32618
469,39056.67,1,0.3834168612957001,0.49405160546302795,0.1748,0.00561508210375905,-2.518,-2.11,-0.607,53.575,1.32172
470,39140.0,1,0.38853001594543457,0.4963552951812744,0.17224,0.005880712065845728,-2.466,-2.063,-0.643,53.139,1.34265
471,39221.67,1,0.38636672496795654,0.49494290351867676,0.17159,0.0060321129858493805,-2.321,-1.988,-0.659,53.196,1.3485
472,39305.0,1,0.39203864336013794,0.5027039647102356,0.16933,0.006231308914721012,-2.289,-1.987,-0.694,53.292,1.32841
473,39388.33,1,0.40669113397598267,0.5212734937667847,0.16351,0.005493717733770609,-2.32,-1.963,-0.683,53.712,1.31144
474,39471.67,1,0.4319893419742584,0.5413451194763184,0.15614,0.004977459087967873,-2.272,-1.962,-0.659,53.688,1.30193
475,39555.0,1,0.44921547174453735,0.566128134727478,0.14819,0.004953313618898392,-2.275,-1.986,-0.684,53.3,1.29666
476,39638.33,1,0.45557981729507446,0.5735794305801392,0.1444,0.004933936055749655,-2.432,-1.905,-0.648,52.83,1.30688
477,39721.67,1,0.4667367935180664,0.580945611000061,0.14026,0.005972426850348711,-2.638,-1.934,-0.626,52.904,1.3103
478,39805.0,1,0.47711700201034546,0.5864742398262024,0.13638,0.007516031619161367,-2.848,-1.988,-0.649,52.715,1.31544
479,39888.33,1,0.49510982632637024,0.5829383134841919,0.13534,0.006401811260730028,-2.836,-1.962,-0.623,52.811,1.31733
480,39971.67,1,0.5096595287322998,0.5858331918716431,0.13322,0.006056302227079868,-2.868,-1.957,-0.63,52.292,1.3705
481,40055.0,1,0.4995097517967224,0.577325165271759,0.13689,0.005336390342563391,-2.888,-1.962,-0.612,52.568,1.36246
482,40138.33,1,0.4983954131603241,0.575032114982605,0.13787,0.005408013239502907,-2.885,-1.958,-0.607,52.186,1.37744
483,40221.67,1,0.48347389698028564,0.5689742565155029,0.14199,0.004909657873213291,-2.773,-1.937,-0.626,52.464,1.3468
484,40305.0,1,0.47804853320121765,0.564487099647522,0.14403,0.0047520240768790245,-2.76,-1.905,-0.624,52.422,1.33653
485,40388.33,1,0.4668780565261841,0.5471374988555908,0.15071,0.004612307529896498,-2.78,-1.929,-0.665,52.372,1.35252
486,40471.67,1,0.4648323655128479,0.5329840779304504,0.15417,0.0045755296014249325,-2.734,-1.933,-0.705,52.212,1.33363
487,40555.0,1,0.4607750177383423,0.5236337184906006,0.15686,0.004552352242171764,-2.702,-1.911,-0.722,52.476,1.31945
488,40638.33,1,0.49055078625679016,0.5357396602630615,0.14643,0.004745488055050373,-2.708,-1.87,-0.708,52.314,1.30965
489,40721.67,1,0.5478596687316895,0.5602765083312988,0.12955,0.0048584709875285625,-2.65,-1.791,-0.732,52.311,1.34087
490,40805.0,1,0.6303279399871826,0.6068507432937622,0.10232,0.004865824244916439,-2.618,-1.747,-0.761,52.347,1.33714
491,40888.33,1,0.664655327796936,0.6322998404502869,0.08806,0.004591513425111771,-2.513,-1.707,-0.804,52.67,1.33294
492,40971.67,1,0.6733200550079346,0.6511774659156799,0.08207,0.004148605279624462,-2.469,-1.698,-0.832,52.525,1.32964
493,41055.0,1,0.6708261966705322,0.6573132276535034,0.0798,0.003998117055743933,-2.416,-1.688,-0.835,52.509,1.32788
494,41138.33,1,0.6641943454742432,0.6534396409988403,0.08047,0.004248462617397308,-2.367,-1.671,-0.836,52.086,1.35944
495,41221.67,1,0.6553159356117249,0.6647858023643494,0.08025,0.004285126458853483,-2.399,-1.672,-0.831,52.07,1.38681
496,41305.0,1,0.6496394872665405,0.6669940948486328,0.08076,0.004310287535190582,-2.507,-1.731,-0.837,51.812,1.40258
497,41388.33,1,0.6499260663986206,0.6670814752578735,0.0811,0.0042077586986124516,-2.533,-1.714,-0.85,52.032,1.39799
498,41470.0,1,0.6372250914573669,0.6633427143096924,0.08541,0.004319131840020418,-2.494,-1.673,-0.885,52.321,1.33885
499,41553.33,1,0.5881234407424927,0.637643575668335,0.10109,0.00441284803673625,-2.594,-1.691,-0.885,52.564,1.33052
500,41636.67,1,0.5443798303604126,0.6029433608055115,0.11671,0.004661154467612505,-2.713,-1.728,-0.915,51.99,1.35556
501,41720.0,1,0.4728756844997406,0.5434142351150513,0.14155,0.0046353270299732685,-2.805,-1.69,-0.865,52.15,1.33146
502,41803.33,1,0.44379130005836487,0.49012628197669983,0.15716,0.0045294309966266155,-2.888,-1.64,-0.803,52.003,1.31931
503,41886.67,1,0.43459343910217285,0.4664706289768219,0.16325,0.004323212895542383,-2.953,-1.682,-0.771,51.833,1.34646
504,41970.0,1,0.4299657940864563,0.44084441661834717,0.16929,0.004111391492187977,-3.027,-1.661,-0.771,51.792,1.33285
505,42053.33,1,0.3954024016857147,0.39114025235176086,0.17916,0.004345001187175512,-3.062,-1.643,-0.763,51.623,1.35057
506,42136.67,1,0.32746174931526184,0.3040839731693268,0.20313,0.005067732185125351,-3.102,-1.605,-0.712,51.542,1.33498
507,42220.0,1,0.2881735563278198,0.2680974006652832,0.21728,0.005505617242306471,-3.063,-1.618,-0.662,51.327,1.35977
508,42303.33,1,0.25074082612991333,0.21564066410064697,0.23308,0.005971849430352449,-2.894,-1.684,-0.602,50.783,1.36717
509,42386.67,1,0.2400432676076889,0.20790541172027588,0.23772,0.006072705145925283,-2.691,-1.722,-0.57,50.635,1.3691
510,42470.0,1,0.24436110258102417,0.21513521671295166,0.23759,0.006231341511011124,-2.619,-1.723,-0.536,51.131,1.34056
511,42553.33,1,0.2564408481121063,0.2185462862253189,0.23498,0.00640275701880455,-2.503,-1.787,-0.484,51.371,1.33045
512,42636.67,1,0.44784852862358093,0.5032593011856079,0.14756,0.005949046928435564,-2.172,-1.818,-0.465,51.08,1.35418
513,42720.0,1,0.7574189901351929,0.7614519596099854,0.02506,0.0055121686309576035,-2.022,-1.604,-0.622,51.568,1.3336
514,42803.33,1,0.8097723126411438,0.8151112794876099,0.01105,0.0048986091278493404,-1.993,-1.531,-0.8,51.58,1.31905
515,42886.67,1,0.8090635538101196,0.8154129981994629,0.01169,0.0039052111096680164,-2.063,-1.518,-0.819,51.942,1.30958
516,42970.0,1,0.8202863931655884,0.8153000473976135,0.01196,0.0033067711628973484,-2.165,-1.502,-0.814,51.859,1.30509
517,43053.33,1,0.8159081339836121,0.807939887046814,0.00993,0.0030173887498676777,-2.223,-1.474,-0.792,51.676,1.34443
518,43136.67,1,0.8147046566009521,0.8115808963775635,0.01044,0.0027453505899757147,-2.26,-1.521,-0.798,51.228,1.37169
519,43220.0,1,0.8193493485450745,0.8097638487815857,0.01043,0.0026689590886235237,-2.25,-1.539,-0.755,51.622,1.34601
520,43303.33,1,0.8174728751182556,0.8040200471878052,0.01002,0.002583337016403675,-2.237,-1.552,-0.72,51.58,1.32949
521,43386.67,1,0.8109269738197327,0.7978079319000244,0.01041,0.002577955136075616,-1.991,-1.616,-0.679,51.789,1.32982
522,43470.0,1,0.7983284592628479,0.7916022539138794,0.01725,0.0025605252012610435,-2.12,-1.68,-0.685,51.395,1.35674
523,43553.33,1,0.793379008769989,0.7922653555870056,0.01791,0.002638742560520768,-2.088,-1.637,-0.693,51.791,1.33299
524,43636.67,1,0.7592190504074097,0.7905694246292114,0.0277,0.002899348037317395,-2.281,-1.741,-0.722,51.757,1.31888
525,43720.0,1,0.6936761736869812,0.7494723796844482,0.05434,0.003131897421553731,-2.583,-1.907,-0.734,51.656,1.33413
526,43803.33,1,0.5294839143753052,0.6494624614715576,0.11139,0.003218905534595251,-2.583,-1.992,-0.706,51.518,1.31168
527,43885.0,1,0.43789342045783997,0.5598890781402588,0.14805,0.003368678968399763,-2.548,-2.001,-0.675,51.766,1.31792
528,43968.33,1,0.41182389855384827,0.529437780380249,0.1581,0.0038304184563457966,-2.583,-2.033,-0.637,51.37,1.34729
529,44051.67,1,0.4165307581424713,0.5322052240371704,0.15806,0.00387951685115695,-2.661,-2.031,-0.617,51.688,1.34236
530,44135.0,1,0.41186729073524475,0.537726104259491,0.15815,0.00354978209361434,-2.654,-2.045,-0.585,51.356,1.36496
531,44218.33,1,0.4967682659626007,0.6111093759536743,0.13135,0.0035669924691319466,-2.664,-2.043,-0.561,51.805,1.33996
532,44301.67,1,0.7268130779266357,0.7408342361450195,0.0452,0.003294906346127391,-2.42,-1.796,-0.619,51.793,1.3226
533,44385.0,1,0.7719982266426086,0.7767850160598755,0.02317,0.0032998400274664164,-2.439,-1.768,-0.696,51.848,1.33363
534,44468.33,1,0.7971998453140259,0.8074182271957397,0.01264,0.0033665120135992765,-2.345,-1.679,-0.718,51.117,1.38736
535,44551.67,1,0.8038217425346375,0.8054412603378296,0.01293,0.003220680635422468,-2.276,-1.662,-0.737,51.411,1.36751
536,44635.0,1,0.805543065071106,0.8029963374137878,0.01327,0.003009832464158535,-2.249,-1.707,-0.769,51.361,1.35547
537,44718.33,1,0.8044168949127197,0.802920937538147,0.01471,0.002676771255210042,-2.169,-1.717,-0.777,51.279,1.37976
538,44801.67,1,0.8030411005020142,0.8023685216903687,0.01398,0.002956267911940813,-1.788,-1.492,-0.766,51.225,1.36703
539,44885.0,1,0.8014616370201111,0.7996500134468079,0.01481,0.003199080005288124,-1.775,-1.492,-0.778,50.95,1.39315
540,44968.33,1,0.8131358623504639,0.796168863773346,0.01238,0.003249810542911291,-1.726,-1.432,-0.767,51.169,1.37186
541,45051.67,1,0.8139136433601379,0.7996620535850525,0.01245,0.003158954670652747,-1.75,-1.449,-0.788,51.392,1.34737
542,45135.0,1,0.7850836515426636,0.7825745344161987,0.02269,0.0027631695847958326,-1.932,-1.659,-0.828,51.283,1.34305
543,45218.33,1,0.7002169489860535,0.7343270778656006,0.0542,0.0033040628768503666,-2.276,-1.935,-0.728,51.053,1.38168
544,45301.67,1,0.5001699924468994,0.6118484139442444,0.1256,0.004602587316185236,-2.34,-2.13,-0.678,50.598,1.40533
545,45385.0,1,0.4180248975753784,0.5243749618530273,0.16024,0.0045444960705935955,-2.454,-2.199,-0.581,50.929,1.38131
546,45468.33,1,0.3693006634712219,0.4345216751098633,0.18557,0.004164490383118391,-2.468,-2.261,-0.502,51.109,1.3497
547,45551.67,1,0.3397502899169922,0.38898617029190063,0.1987,0.004306717775762081,-2.45,-2.226,-0.479,51.483,1.32341
548,45635.0,1,0.3283127546310425,0.36765623092651367,0.20336,0.005292207468301058,-2.514,-2.212,-0.446,51.432,1.30924
549,45718.33,1,0.33114707469940186,0.355288565158844,0.2055,0.005542161874473095,-2.572,-2.227,-0.442,51.169,1.32318
550,45801.67,1,0.31533557176589966,0.33739691972732544,0.21403,0.004786420613527298,-2.451,-2.228,-0.429,51.127,1.31595
551,45885.0,1,0.32907307147979736,0.346854567527771,0.21248,0.0045404876582324505,-2.374,-2.236,-0.467,51.423,1.30414
552,45968.33,1,0.3581240475177765,0.3726482689380646,0.2052,0.004351557698100805,-2.363,-2.242,-0.49,51.295,1.29069
553,46051.67,1,0.38195371627807617,0.4040170907974243,0.19577,0.004438735079020262,-2.434,-2.29,-0.544,51.627,1.29137
554,46133.33,1,0.383643239736557,0.4073328673839569,0.19289,0.005124534014612436,-2.721,-2.319,-0.568,51.573,1.2939
555,46216.67,1,0.39342254400253296,0.4080772399902344,0.19069,0.0048873876221477985,-2.774,-2.356,-0.61,51.5,1.33615
556,46300.0,1,0.40921738743782043,0.42345523834228516,0.18444,0.004857813939452171,-2.788,-2.364,-0.592,50.944,1.38079
557,46383.33,1,0.4173218011856079,0.4318557679653168,0.18129,0.004675485659390688,-2.833,-2.374,-0.585,50.888,1.40859
558,46466.67,1,0.4246332347393036,0.4393274784088135,0.1776,0.004436500370502472,-2.911,-2.399,-0.552,50.622,1.43051
559,46550.0,1,0.4296709895133972,0.44063249230384827,0.17692,0.004651395604014397,-3.021,-2.398,-0.499,51.183,1.39935
560,46633.33,1,0.432725727558136,0.44316431879997253,0.17642,0.004807888530194759,-3.096,-2.355,-0.437,51.274,1.37348
561,46716.67,1,0.43138062953948975,0.4324949085712433,0.17984,0.004486655350774527,-3.137,-2.356,-0.396,51.416,1.36402
562,46800.0,1,0.42798298597335815,0.43485042452812195,0.18034,0.004135725554078817,-3.124,-2.328,-0.392,50.906,1.37754
563,46883.33,1,0.4585760533809662,0.4989544451236725,0.16109,0.004357131198048592,-3.008,-2.197,-0.423,51.468,1.36206
564,46966.67,1,0.6237839460372925,0.6657977104187012,0.09134,0.0039382027462124825,-2.87,-2.069,-0.533,51.577,1.35462
565,47050.0,1,0.7135211229324341,0.7315587997436523,0.0538,0.0034110620617866516,-2.581,-1.935,-0.622,51.782,1.34278
566,47133.33,1,0.7534337043762207,0.7591989040374756,0.03886,0.0031034876592457294,-2.382,-1.842,-0.649,51.49,1.32688
567,47216.67,1,0.7720291018486023,0.7861714363098145,0.02715,0.003090394427999854,-2.154,-1.696,-0.764,51.574,1.32053
568,47300.0,1,0.7829173803329468,0.7941712141036987,0.0211,0.0030488045886158943,-2.1,-1.617,-0.851,51.488,1.32766
569,47383.33,1,0.7898894548416138,0.7934730052947998,0.01924,0.0028864145278930664,-2.114,-1.589,-0.934,51.128,1.37196
570,47466.67,1,0.8048481941223145,0.8034391403198242,0.01289,0.003214025404304266,-1.911,-1.505,-0.972,50.757,1.42357
571,47550.0,1,0.8052983283996582,0.806571364402771,0.01451,0.0032277991995215416,-1.787,-1.512,-1.022,50.988,1.39435
572,47633.33,1,0.8053947687149048,0.8092633485794067,0.01492,0.003127374453470111,-1.687,-1.58,-1.007,50.688,1.40972
573,47716.67,1,0.8105621337890625,0.8129692077636719,0.01485,0.0029974179342389107,-1.749,-1.682,-0.984,51.131,1.38289
574,47800.0,1,0.8097833395004272,0.8134220838546753,0.01513,0.002609281102195382,-1.871,-1.708,-0.994,51.08,1.36514
575,47883.33,1,0.805683434009552,0.8089866638183594,0.01573,0.002773560117930174,-2.03,-1.743,-1.003,51.258,1.36976
576,47966.67,1,0.7432135343551636,0.7750808596611023,0.03289,0.0033737318590283394,-2.245,-1.757,-1.018,50.85,1.39737
577,48050.0,1,0.6134032011032104,0.6975039839744568,0.08529,0.004213722422719002,-2.704,-2.025,-0.927,51.055,1.3887
578,48133.33,1,0.44312259554862976,0.5735400915145874,0.14503,0.004469296894967556,-2.815,-2.098,-0.865,50.714,1.40797
579,48216.67,1,0.40583422780036926,0.515954852104187,0.16689,0.0044381325133144855,-2.86,-2.116,-0.82,50.966,1.39437
580,48300.0,1,0.39600199460983276,0.497673898935318,0.17429,0.0041577466763556,-2.973,-2.103,-0.766,50.608,1.41112
581,48383.33,1,0.41106170415878296,0.5060051679611206,0.17202,0.0039915600791573524,-2.978,-2.107,-0.753,51.018,1.38019
582,48466.67,1,0.4198288917541504,0.5021095275878906,0.17159,0.003923054318875074,-2.999,-2.093,-0.71,50.897,1.35414
583,48548.33,1,0.42250773310661316,0.5076833963394165,0.17025,0.0038267497438937426,-3.003,-2.113,-0.697,51.494,1.34087
584,48631.67,1,0.4327452778816223,0.5227429866790771,0.16399,0.0038759743329137564,-3.013,-2.152,-0.713,51.772,1.33447
585,48715.0,1,0.4314172565937042,0.5316027402877808,0.15962,0.004101189319044352,-2.872,-2.069,-0.714,52.629,1.30867
586,48798.33,1,0.4317677915096283,0.5345224142074585,0.15649,0.00430673873052001,-2.656,-2.038,-0.705,53.198,1.3001
587,48881.67,1,0.43268758058547974,0.5357524156570435,0.15413,0.00428526708856225,-2.512,-2.056,-0.781,53.444,1.3213
588,48965.0,1,0.43514662981033325,0.5454147458076477,0.15031,0.0042821005918085575,-2.461,-2.058,-0.802,53.527,1.29931
589,49048.33,1,0.43163174390792847,0.5435041189193726,0.15346,0.0042989738285541534,-2.358,-2.104,-0.811,53.922,1.28386
590,49131.67,1,0.41971468925476074,0.518940806388855,0.16226,0.004221741110086441,-2.253,-2.147,-0.811,53.992,1.28195
591,49215.0,1,0.4132118821144104,0.4995133876800537,0.16841,0.004239960573613644,-2.236,-2.149,-0.814,54.105,1.28887
592,49298.33,1,0.400283545255661,0.49073031544685364,0.17237,0.0040879943408071995,-2.17,-2.133,-0.794,53.579,1.31296
593,49381.67,1,0.4006406366825104,0.4879625141620636,0.1751,0.003689749399200082,-2.179,-2.099,-0.786,54.078,1.30223
594,49465.0,1,0.40181025862693787,0.48302793502807617,0.17738,0.003248979803174734,-2.177,-2.052,-0.736,54.137,1.29769
595,49548.33,1,0.4004720151424408,0.4777699112892151,0.17948,0.003429688746109605,-2.149,-2.033,-0.721,53.961,1.31226
596,49631.67,1,0.41293710470199585,0.4888573884963989,0.17525,0.00353908515535295,-2.183,-2.049,-0.706,53.955,1.30906
597,49715.0,1,0.4205949306488037,0.5001500844955444,0.17007,0.0037776613608002663,-2.321,-2.049,-0.697,54.251,1.29963
598,49798.33,1,0.43936124444007874,0.5242400169372559,0.1588,0.0037999828346073627,-2.282,-2.036,-0.674,54.192,1.2964
599,49881.67,1,0.44133883714675903,0.5430715084075928,0.15208,0.004016564693301916,-2.244,-2.043,-0.74,54.25,1.29142
600,49965.0,1,0.4180711507797241,0.5055310726165771,0.16252,0.003968421369791031,-2.237,-1.972,-0.725,54.385,1.29587
601,50048.33,1,0.41994550824165344,0.5079532861709595,0.1626,0.003956420347094536,-2.296,-1.948,-0.679,53.356,1.34045
602,50131.67,1,0.49460840225219727,0.5719688534736633,0.137,0.0038515604101121426,-2.275,-1.939,-0.675,52.356,1.34499
603,50215.0,1,0.7334492206573486,0.7157143354415894,0.0476,0.0035182142164558172,-2.358,-1.829,-0.754,52.197,1.33605
604,50298.33,1,0.7988221049308777,0.7822744846343994,0.01333,0.002920144936069846,-2.353,-1.662,-0.877,51.707,1.32478
605,50381.67,1,0.8025432229042053,0.8023694753646851,0.01084,0.002944567706435919,-2.355,-1.626,-0.944,51.756,1.32783
606,50465.0,1,0.8043287396430969,0.8028905391693115,0.01222,0.0028568306006491184,-2.436,-1.653,-0.889,51.54,1.33417
607,50548.33,1,0.7961093187332153,0.8010450601577759,0.01471,0.0030122343450784683,-2.431,-1.606,-0.884,51.35,1.36635
608,50631.67,1,0.7940288782119751,0.803297221660614,0.01551,0.0031093470752239227,-2.489,-1.537,-0.874,51.292,1.36104
609,50715.0,1,0.7969434261322021,0.8025630712509155,0.01466,0.0031402078457176685,-2.452,-1.527,-0.925,51.172,1.38532
610,50798.33,1,0.7253499627113342,0.7549562454223633,0.0387,0.003473586170002818,-2.473,-1.553,-0.896,51.109,1.37187
611,50880.0,1,0.5756686925888062,0.6629062294960022,0.0973,0.003805983578786254,-2.511,-1.58,-0.825,51.412,1.35942
612,50963.33,1,0.4835577607154846,0.5978927612304688,0.13236,0.0038990837056189775,-2.591,-1.659,-0.76,51.323,1.35145
613,51046.67,1,0.4202268421649933,0.5323508977890015,0.15956,0.004025341011583805,-2.639,-1.711,-0.684,51.527,1.34453
614,51130.0,1,0.3958299458026886,0.4791605770587921,0.17374,0.004090072121471167,-2.637,-1.737,-0.565,51.349,1.34372
615,51213.33,1,0.363878071308136,0.4224090278148651,0.19426,0.0042589083313941956,-2.686,-1.83,-0.423,51.035,1.37194
616,51296.67,1,0.35733795166015625,0.39366528391838074,0.20211,0.004194211680442095,-2.729,-1.905,-0.283,50.651,1.40416
617,51380.0,1,0.3636159300804138,0.39440226554870605,0.20437,0.0040680780075490475,-2.906,-2.06,-0.144,50.951,1.39641
618,51463.33,1,0.3724963068962097,0.4001225531101227,0.20352,0.004041722510010004,-3.069,-2.184,-0.067,50.64,1.41397
619,51546.67,1,0.3821079134941101,0.3996424973011017,0.20358,0.00414368137717247,-2.924,-2.278,0.026,51.07,1.38681
620,51630.0,1,0.38989877700805664,0.4007493555545807,0.20265,0.003899952629581094,-2.86,-2.357,0.134,51.099,1.36605
621,51713.33,1,0.3939436674118042,0.40225082635879517,0.20171,0.004084685817360878,-2.881,-2.382,0.18,51.348,1.3485
622,51796.67,1,0.3905804455280304,0.39952439069747925,0.20188,0.0042347172275185585,-2.87,-2.451,0.209,51.119,1.3338
623,51880.0,1,0.3902072608470917,0.39805904030799866,0.20231,0.004172076471149921,-2.928,-2.425,0.24,51.377,1.33215
624,51963.33,1,0.38592422008514404,0.39634934067726135,0.20343,0.003962523303925991,-2.969,-2.401,0.251,51.282,1.33718
625,52046.67,1,0.3836275041103363,0.3878709077835083,0.20566,0.0035854403395205736,-3.068,-2.356,0.273,51.373,1.34777
626,52130.0,1,0.3707054853439331,0.37631598114967346,0.20953,0.003531928174197674,-3.113,-2.317,0.285,50.879,1.38803
627,52213.33,1,0.36267396807670593,0.36482030153274536,0.21166,0.0036072381772100925,-3.13,-2.313,0.293,51.276,1.36614
628,52296.67,1,0.3553847372531891,0.3596042990684509,0.21246,0.0036630507092922926,-3.078,-2.325,0.29,51.267,1.35343
629,52380.0,1,0.35066285729408264,0.3549400269985199,0.21269,0.003596222959458828,-2.812,-2.464,0.294,51.389,1.34979
630,52463.33,1,0.3449835479259491,0.3484932780265808,0.21398,0.0031571397557854652,-2.771,-2.531,0.305,51.447,1.34025
631,52546.67,1,0.34055542945861816,0.3480730652809143,0.21372,0.0030195387080311775,-2.743,-2.523,0.273,51.752,1.33763
632,52630.0,1,0.3392590284347534,0.3500964939594269,0.213,0.0030010028276592493,-2.716,-2.532,0.249,51.578,1.33889
633,52713.33,1,0.3402306139469147,0.3504774868488312,0.21197,0.003207154106348753,-2.668,-2.564,0.236,51.822,1.33919
634,52796.67,1,0.34437862038612366,0.35370752215385437,0.21008,0.0034232439938932657,-2.657,-2.578,0.214,51.636,1.34274
635,52880.0,1,0.348239004611969,0.35859426856040955,0.20779,0.0038419836200773716,-2.613,-2.574,0.208,51.653,1.35225
636,52963.33,1,0.34980493783950806,0.3621726334095001,0.20636,0.00401011249050498,-2.533,-2.559,0.185,51.126,1.38199
637,53046.67,1,0.34965780377388,0.36622917652130127,0.20656,0.004161633551120758,-2.499,-2.528,0.153,51.45,1.36614
638,53128.33,1,0.34892332553863525,0.3695608079433441,0.20649,0.004229940474033356,-2.502,-2.508,0.119,51.413,1.35915
639,53211.67,1,0.3464798331260681,0.3640117347240448,0.20732,0.0046598101034760475,-2.606,-2.442,0.072,51.674,1.35303
640,53295.0,1,0.34582170844078064,0.36578258872032166,0.2072,0.004336024168878794,-2.632,-2.405,0.059,51.533,1.35223
641,53378.33,1,0.3450634181499481,0.36761873960494995,0.20734,0.00394070241600275,-2.694,-2.369,0.053,51.735,1.34438
642,53461.67,1,0.3435943126678467,0.3673165738582611,0.20759,0.003855649149045348,-2.762,-2.318,0.063,51.554,1.3428
643,53545.0,1,0.340809166431427,0.36615318059921265,0.20797,0.003833082737401128,-2.786,-2.283,0.057,51.614,1.35097
644,53628.33,1,0.34026795625686646,0.3673877418041229,0.20719,0.0039859674870967865,-2.837,-2.25,0.028,51.051,1.37036
645,53711.67,1,0.3370576798915863,0.3651319444179535,0.20847,0.003867513034492731,-2.835,-2.233,0.004,51.122,1.39153
646,53795.0,1,0.33250463008880615,0.3597506284713745,0.20961,0.00395747646689415,-2.81,-2.26,0.006,51.179,1.37312
647,53878.33,1,0.3335210680961609,0.36052805185317993,0.20867,0.004057213664054871,-2.838,-2.312,0.013,51.635,1.3596
648,53961.67,1,0.33690062165260315,0.3624016344547272,0.20799,0.003989117220044136,-2.839,-2.34,0.03,51.636,1.35166
649,54045.0,1,0.3435156047344208,0.36259666085243225,0.20736,0.00417342409491539,-2.868,-2.303,0.026,51.494,1.38909
650,54128.33,1,0.34753262996673584,0.36342304944992065,0.20622,0.004128586500883102,-2.885,-2.307,0.015,51.112,1.41731
651,54211.67,1,0.350684255361557,0.36293089389801025,0.20467,0.004182353150099516,-2.931,-2.322,0.012,51.591,1.38349
652,54295.0,1,0.3504743278026581,0.3593282401561737,0.20513,0.004770214669406414,-2.959,-2.339,0.007,51.686,1.3632
653,54378.33,1,0.3503352999687195,0.35963165760040283,0.20547,0.004793031141161919,-3.068,-2.35,-0.011,51.877,1.36538
654,54461.67,1,0.35416141152381897,0.35879209637641907,0.20573,0.004552888218313456,-3.101,-2.372,-0.012,51.45,1.39462
655,54545.0,1,0.3551381230354309,0.35967305302619934,0.20529,0.004233409184962511,-3.052,-2.375,-0.011,51.8,1.3727
656,54628.33,1,0.3565947115421295,0.35893869400024414,0.20504,0.004015839658677578,-3.021,-2.369,-0.002,51.742,1.35867
657,54711.67,1,0.3580488860607147,0.3613629937171936,0.20474,0.003920685034245253,-3.019,-2.357,-0.009,51.408,1.36593
658,54795.0,1,0.35788190364837646,0.36583057045936584,0.20419,0.003908588085323572,-3.043,-2.301,-0.004,51.175,1.34361
659,54878.33,1,0.35861003398895264,0.3685796856880188,0.20383,0.003963189199566841,-3.074,-2.261,0.006,51.301,1.3401
660,54961.67,1,0.35898634791374207,0.37809211015701294,0.20221,0.004334773402661085,-3.123,-2.28,0.011,51.293,1.32599
661,55045.0,1,0.3621913492679596,0.39201274514198303,0.19837,0.004504933953285217,-3.057,-2.295,0.005,51.664,1.33028
662,55128.33,1,0.36406153440475464,0.4033302366733551,0.1961,0.004459552466869354,-3.005,-2.305,-0.005,51.597,1.33389
663,55211.67,1,0.3738032281398773,0.4285513162612915,0.19003,0.004415151663124561,-2.844,-2.326,0.005,51.514,1.37393
664,55295.0,1,0.3859820067882538,0.480050653219223,0.17785,0.0046964907087385654,-2.462,-2.405,0.022,51.173,1.40364
665,55378.33,1,0.4108539819717407,0.5250644087791443,0.16229,0.005758286453783512,-2.417,-2.446,0.03,51.687,1.38038
666,55460.0,1,0.4601231813430786,0.5792728662490845,0.14127,0.006458130199462175,-2.42,-2.416,0.012,51.786,1.36559
667,55543.33,1,0.48926806449890137,0.613433301448822,0.12696,0.0063986084423959255,-2.369,-2.437,0.017,51.843,1.38306
668,55626.67,1,0.5107923746109009,0.6217626929283142,0.11961,0.006381907965987921,-2.412,-2.465,-0.001,51.865,1.36759
669,55710.0,1,0.5039733052253723,0.6217159032821655,0.12087,0.005911679472774267,-2.503,-2.528,-0.002,51.98,1.38685
670,55793.33,1,0.5062886476516724,0.6153739094734192,0.12102,0.00598027603700757,-2.596,-2.547,0.042,52.072,1.37247
671,55876.67,1,0.49180153012275696,0.5971899628639221,0.12981,0.00490613142028451,-2.651,-2.497,0.071,52.332,1.35002
672,55960.0,1,0.6558827757835388,0.6547067165374756,0.08434,0.00408149603754282,-2.626,-2.455,-0.002,52.133,1.33307
673,56043.33,1,0.7636696100234985,0.7834032773971558,0.02535,0.0035597477108240128,-2.585,-2.375,-0.045,52.507,1.33157
674,56126.67,1,0.7545616030693054,0.7920152544975281,0.02518,0.003447253257036209,-2.537,-2.387,-0.119,52.518,1.33706
675,56210.0,1,0.7461878061294556,0.7813153862953186,0.02945,0.003409642493352294,-2.552,-2.422,-0.148,52.723,1.33401
676,56293.33,1,0.628975510597229,0.7022488117218018,0.07692,0.003104252042248845,-2.656,-2.459,-0.136,52.527,1.33708
677,56376.67,1,0.5413289070129395,0.6324190497398376,0.11486,0.0032004548702389,-2.723,-2.479,-0.173,52.581,1.32472
678,56460.0,1,0.48542705178260803,0.5885358452796936,0.13657,0.0031976893078535795,-2.76,-2.507,-0.182,52.361,1.32931
679,56543.33,1,0.45250368118286133,0.5428454875946045,0.15283,0.00318323727697134,-2.785,-2.519,-0.143,52.393,1.34321
680,56626.67,1,0.42415356636047363,0.4890601933002472,0.16667,0.003713125828653574,-2.77,-2.552,-0.127,51.805,1.37923
681,56710.0,1,0.40494871139526367,0.48696690797805786,0.17136,0.003848491469398141,-2.791,-2.542,-0.11,51.981,1.37536
682,56793.33,1,0.4009073078632355,0.4920959174633026,0.16987,0.00417970260605216,-2.753,-2.528,-0.108,51.554,1.39414
683,56876.67,1,0.3963727056980133,0.4893753230571747,0.17148,0.0042251707054674625,-2.822,-2.518,-0.095,51.887,1.37056
684,56960.0,1,0.4033201038837433,0.4838842451572418,0.17165,0.0037979907356202602,-2.861,-2.503,-0.125,51.842,1.35809
685,57043.33,1,0.40598922967910767,0.46375563740730286,0.17829,0.003236347809433937,-2.877,-2.517,-0.109,51.881,1.3608
686,57126.67,1,0.4170761704444885,0.47341036796569824,0.17565,0.0032658688724040985,-2.858,-2.526,-0.07,51.349,1.39009
687,57210.0,1,0.4119572043418884,0.4661482274532318,0.17749,0.0038258389104157686,-2.918,-2.514,-0.019,51.308,1.39832
688,57293.33,1,0.42050468921661377,0.47355154156684875,0.17428,0.004853201098740101,-3.006,-2.517,0.009,51.219,1.36862
689,57376.67,1,0.4268365800380707,0.4800110459327698,0.1707,0.005381015129387379,-2.879,-2.506,0.047,51.079,1.39502
690,57460.0,1,0.4251025915145874,0.48172956705093384,0.17041,0.005304479040205479,-2.798,-2.443,0.052,51.357,1.37494
691,57543.33,1,0.4239112138748169,0.4818241000175476,0.17065,0.005214824806898832,-2.794,-2.415,0.046,51.471,1.39176
692,57626.67,1,0.42816534638404846,0.48429369926452637,0.16921,0.005157029256224632,-2.802,-2.393,0.047,51.495,1.37708
693,57710.0,1,0.42547500133514404,0.48605719208717346,0.1693,0.005301646422594786,-2.967,-2.334,0.04,51.449,1.38499
694,57791.67,1,0.4230542480945587,0.4812285304069519,0.17091,0.005087566561996937,-3.061,-2.269,0.036,51.254,1.36044
695,57875.0,1,0.4196043908596039,0.472823828458786,0.17272,0.004984281491488218,-3.089,-2.247,0.025,51.395,1.38267
696,57958.33,1,0.41972675919532776,0.4704051613807678,0.17328,0.004690207075327635,-3.078,-2.248,0.041,51.475,1.36984
697,58041.67,1,0.41901522874832153,0.4691261351108551,0.17332,0.004747416358441114,-3.035,-2.265,0.03,51.677,1.36814
698,58125.0,1,0.41816428303718567,0.4687364101409912,0.1733,0.0048383427783846855,-3.001,-2.305,0.028,51.264,1.39181
699,58208.33,1,0.4119536876678467,0.4624819755554199,0.17484,0.005564194172620773,-2.991,-2.306,0.036,51.538,1.36152
700,58291.67,1,0.4083822965621948,0.45760759711265564,0.17602,0.005376807413995266,-2.954,-2.338,0.036,51.522,1.35298
701,58375.0,1,0.4057043790817261,0.4511842429637909,0.178,0.005401287693530321,-2.945,-2.346,0.041,51.654,1.36023
702,58458.33,1,0.4075365960597992,0.44929683208465576,0.17878,0.004953776020556688,-2.853,-2.383,0.018,51.202,1.39136
703,58541.67,1,0.40515339374542236,0.4409620463848114,0.18023,0.005805649794638157,-2.875,-2.389,0.028,51.286,1.40382
704,58625.0,1,0.4053010046482086,0.44239121675491333,0.18027,0.0056488122791051865,-2.901,-2.368,-0.001,51.314,1.38684
705,58708.33,1,0.4087441861629486,0.4547932744026184,0.17746,0.00568905146792531,-2.925,-2.379,0.003,51.199,1.39251
706,58791.67,1,0.4143906235694885,0.4732244312763214,0.17349,0.005355896893888712,-2.934,-2.386,0.004,50.832,1.36845
707,58875.0,1,0.4194313585758209,0.47875097393989563,0.17101,0.005218444857746363,-2.949,-2.394,0.0,51.205,1.35158
708,58958.33,1,0.42454224824905396,0.48425036668777466,0.16738,0.00537838926538825,-2.992,-2.446,0.008,50.895,1.36641
709,59041.67,1,0.42921730875968933,0.49168071150779724,0.16363,0.0055938540026545525,-2.992,-2.441,-0.007,51.11,1.33117
710,59125.0,1,0.4340260624885559,0.4985162615776062,0.16141,0.0053068408742547035,-2.897,-2.432,-0.032,50.753,1.33756
711,59208.33,1,0.4545614421367645,0.5310391187667847,0.15225,0.004915336146950722,-2.865,-2.418,-0.023,51.006,1.35105
712,59291.67,1,0.4738001823425293,0.5528780817985535,0.14446,0.00490938313305378,-2.742,-2.369,-0.028,51.181,1.31545
713,59375.0,1,0.48219236731529236,0.5620054006576538,0.14242,0.005179961211979389,-2.744,-2.382,-0.013,51.654,1.29917
714,59458.33,1,0.4865180253982544,0.5493860244750977,0.14429,0.005065448582172394,-2.716,-2.405,-0.002,51.664,1.28625
715,59541.67,1,0.47109824419021606,0.5287355184555054,0.15106,0.005295194685459137,-2.716,-2.434,-0.011,51.989,1.27687
716,59625.0,1,0.45652487874031067,0.5185341835021973,0.15525,0.005657380912452936,-2.726,-2.482,0.006,51.984,1.28178
717,59708.33,1,0.5664254426956177,0.6215431690216064,0.10685,0.006631046999245882,-2.747,-2.438,-0.07,52.297,1.28637
718,59791.67,1,0.7535074353218079,0.7598996758460999,0.02446,0.006891784258186817,-2.309,-2.081,-0.185,52.242,1.29163
719,59875.0,1,0.7492479085922241,0.7748332023620605,0.02262,0.00636505801230669,-2.303,-2.159,-0.224,52.332,1.2918
720,59958.33,1,0.7219762802124023,0.7608038187026978,0.0318,0.00663152476772666,-2.584,-2.338,-0.223,52.354,1.29614
721,60041.67,1,0.6766728162765503,0.692322850227356,0.05935,0.0071413349360227585,-2.693,-2.417,-0.177,52.207,1.33397
722,60123.33,1,0.6093177795410156,0.6464396715164185,0.08499,0.007683316711336374,-2.824,-2.522,-0.097,51.741,1.36193
723,60206.67,1,0.5494248867034912,0.6006289124488831,0.10919,0.007701227907091379,-2.849,-2.535,-0.066,52.124,1.33505
724,60290.0,1,0.48964419960975647,0.5586644411087036,0.13049,0.007183666806668043,-2.874,-2.521,-0.085,52.071,1.31753
725,60373.33,1,0.45738714933395386,0.5160337686538696,0.14732,0.006199494004249573,-2.904,-2.544,-0.085,51.788,1.33619
726,60456.67,1,0.4358673691749573,0.48684269189834595,0.15842,0.006015689577907324,-2.936,-2.556,-0.063,51.372,1.35865
727,60540.0,1,0.41504204273223877,0.4576537013053894,0.16848,0.005303170531988144,-2.899,-2.584,-0.046,51.516,1.33114
728,60623.33,1,0.4073381721973419,0.43853142857551575,0.17455,0.006400793790817261,-2.886,-2.598,-0.026,51.068,1.33715
729,60706.67,1,0.3983442783355713,0.42250168323516846,0.18075,0.0070867049507796764,-3.039,-2.653,-0.021,51.3,1.31625
730,60790.0,1,0.3924931585788727,0.41768231987953186,0.18396,0.00707754772156477,-3.096,-2.694,-0.02,50.974,1.32772
731,60873.33,1,0.3814280331134796,0.400802344083786,0.19053,0.006237551104277372,-3.053,-2.663,-0.007,51.405,1.3041
732,60956.67,1,0.3828299045562744,0.39899885654449463,0.19306,0.005162179470062256,-2.928,-2.629,-0.012,51.486,1.29851
733,61040.0,1,0.3955504596233368,0.40561017394065857,0.19224,0.004657229874283075,-2.922,-2.607,-0.045,51.718,1.30817
734,61123.33,1,0.41142308712005615,0.4164305329322815,0.18867,0.0039290147833526134,-2.721,-2.534,-0.031,51.322,1.3407
735,61206.67,1,0.4193848967552185,0.42634958028793335,0.18531,0.003884148085489869,-2.755,-2.576,-0.041,51.291,1.36463
736,61290.0,1,0.42417386174201965,0.43434882164001465,0.18225,0.004022524226456881,-2.846,-2.635,-0.067,50.972,1.38024
737,61373.33,1,0.42966705560684204,0.46503591537475586,0.17536,0.0039627449586987495,-2.95,-2.66,-0.098,51.335,1.3626
738,61456.67,1,0.4376390278339386,0.49148890376091003,0.16895,0.0041947318241000175,-3.042,-2.609,-0.072,51.029,1.37256
739,61540.0,1,0.4969277083873749,0.5600584149360657,0.14519,0.004457879811525345,-3.062,-2.567,-0.074,51.458,1.35707
740,61623.33,1,0.6449847221374512,0.6798065900802612,0.08524,0.004223176743835211,-2.991,-2.491,-0.148,51.174,1.36953
741,61706.67,1,0.7525157928466797,0.7728981971740723,0.03062,0.0038229564670473337,-2.897,-2.387,-0.173,51.268,1.36868
742,61790.0,1,0.8041174411773682,0.8079485893249512,0.01207,0.0035078644286841154,-2.613,-2.163,-0.187,51.235,1.32979
743,61873.33,1,0.7970790266990662,0.8027532696723938,0.01448,0.0032152817584574223,-2.667,-2.139,-0.249,51.678,1.31327
744,61956.67,1,0.809532880783081,0.8052709698677063,0.01266,0.002943501342087984,-2.849,-2.024,-0.249,51.692,1.30763
745,62040.0,1,0.8049447536468506,0.8024603724479675,0.01375,0.0027001372072845697,-2.972,-2.066,-0.221,51.892,1.29752
746,62123.33,1,0.8029968738555908,0.8032050132751465,0.01381,0.0027225979138165712,-2.958,-2.062,-0.253,51.633,1.28066
747,62206.67,1,0.8024362921714783,0.7989317178726196,0.01365,0.0027625923976302147,-2.926,-2.063,-0.272,51.811,1.29803
748,62290.0,1,0.8084079027175903,0.8024107217788696,0.01294,0.00286105927079916,-2.878,-2.043,-0.305,51.487,1.34342
749,62373.33,1,0.8078570365905762,0.8005874156951904,0.0125,0.002867824165150523,-2.783,-2.011,-0.303,51.532,1.34581
750,62455.0,1,0.7958541512489319,0.8014566898345947,0.01455,0.002834424376487732,-2.601,-2.041,-0.319,51.063,1.40293
751,62538.33,1,0.7623959183692932,0.7748541831970215,0.02872,0.0029653869569301605,-2.531,-2.102,-0.34,51.39,1.37839
752,62621.67,1,0.6152579188346863,0.6713961362838745,0.08881,0.003322345670312643,-2.42,-2.208,-0.291,51.209,1.35645
753,62705.0,1,0.5464375019073486,0.6137798428535461,0.11767,0.004018085077404976,-2.604,-2.328,-0.232,51.303,1.38368
754,62788.33,1,0.5233428478240967,0.5796507000923157,0.13051,0.004340230952948332,-2.743,-2.436,-0.2,51.344,1.37473
755,62871.67,1,0.5062884092330933,0.5539587736129761,0.13849,0.004949812777340412,-2.762,-2.459,-0.156,51.517,1.3785
756,62955.0,1,0.504346489906311,0.5497987270355225,0.13982,0.004848786164075136,-2.75,-2.471,-0.124,51.092,1.40187
757,63038.33,1,0.4888909161090851,0.5398913621902466,0.14704,0.004367992281913757,-2.824,-2.486,-0.11,51.637,1.38454
758,63121.67,1,0.4731620252132416,0.5257065892219543,0.15567,0.004169840831309557,-2.901,-2.475,-0.124,51.855,1.37057
759,63205.0,1,0.4567438066005707,0.5069396495819092,0.16308,0.004120942205190659,-2.844,-2.457,-0.093,52.459,1.35117
760,63288.33,1,0.43992850184440613,0.48790082335472107,0.16918,0.00456088874489069,-2.767,-2.474,-0.073,52.539,1.34118
761,63371.67,1,0.43241241574287415,0.46413958072662354,0.17472,0.004284597933292389,-2.747,-2.499,-0.01,52.938,1.33381
762,63455.0,1,0.4250938296318054,0.44369184970855713,0.17898,0.004446233157068491,-2.745,-2.523,0.034,52.901,1.33457
763,63538.33,1,0.420187771320343,0.4310092031955719,0.18232,0.004463639575988054,-2.716,-2.53,0.046,52.802,1.35496
764,63621.67,1,0.41120272874832153,0.4208952784538269,0.18634,0.0040622977539896965,-2.553,-2.504,0.027,52.682,1.33769
765,63705.0,1,0.39895573258399963,0.40998712182044983,0.18935,0.004291114397346973,-2.535,-2.497,0.014,53.006,1.33407
766,63788.33,1,0.3904336988925934,0.40213850140571594,0.19155,0.004468254745006561,-2.614,-2.515,0.024,52.911,1.33331
767,63871.67,1,0.38642534613609314,0.3933221101760864,0.19392,0.0047258008271455765,-2.62,-2.529,0.003,53.16,1.3302
768,63955.0,1,0.3857104480266571,0.3936088979244232,0.19439,0.004844544921070337,-2.641,-2.533,0.005,52.953,1.33132
769,64038.33,1,0.3870619535446167,0.3891597390174866,0.19589,0.005052823573350906,-2.704,-2.553,0.028,53.021,1.32261
770,64121.67,1,0.3889015018939972,0.3821175992488861,0.19698,0.004910510033369064,-2.794,-2.483,0.066,52.865,1.32919
771,64205.0,1,0.3944532573223114,0.3826398551464081,0.19697,0.00434038694947958,-2.857,-2.477,0.058,52.915,1.31852
772,64288.33,1,0.39210039377212524,0.3759375810623169,0.20013,0.004207314923405647,-2.886,-2.453,0.051,52.699,1.32438
773,64371.67,1,0.39153164625167847,0.37342000007629395,0.20149,0.004065762273967266,-2.922,-2.476,0.013,52.409,1.36014
774,64455.0,1,0.3777066469192505,0.37534376978874207,0.20184,0.004408181179314852,-2.893,-2.488,-0.0,51.851,1.38261
775,64538.33,1,0.3747596740722656,0.3718266189098358,0.2034,0.0042840647511184216,-2.992,-2.514,0.005,52.362,1.36158
776,64621.67,1,0.3838318884372711,0.3737054467201233,0.2013,0.004078122321516275,-3.04,-2.544,0.016,52.435,1.35072
777,64703.33,1,0.3910392224788666,0.37274423241615295,0.20052,0.004231378901749849,-3.149,-2.564,0.019,52.588,1.34983
778,64786.67,1,0.39733657240867615,0.37248876690864563,0.19997,0.003946205135434866,-3.158,-2.558,0.037,52.118,1.37829
779,64870.0,1,0.3906826972961426,0.3606891334056854,0.20261,0.003920871298760176,-3.164,-2.58,0.043,52.27,1.36131
780,64953.33,1,0.3775046169757843,0.35085248947143555,0.20607,0.004033722914755344,-3.129,-2.626,0.054,52.418,1.3442
781,65036.67,1,0.3716162145137787,0.3485060930252075,0.20745,0.003972736187279224,-3.138,-2.61,0.048,52.676,1.33448
782,65120.0,1,0.36221563816070557,0.34073856472969055,0.21029,0.004072948824614286,-3.12,-2.574,0.041,52.438,1.32347
783,65203.33,1,0.3571792542934418,0.333902508020401,0.21202,0.004028410650789738,-2.972,-2.536,0.036,52.572,1.3396
784,65286.67,1,0.35393914580345154,0.32962289452552795,0.21218,0.004253722727298737,-2.823,-2.534,0.04,52.103,1.37525
785,65370.0,1,0.35299786925315857,0.32880842685699463,0.21226,0.004306931048631668,-2.787,-2.54,0.035,52.372,1.3754
786,65453.33,1,0.3516133427619934,0.32858896255493164,0.21229,0.004676071461290121,-2.811,-2.537,0.022,52.049,1.39683
787,65536.67,1,0.3486507534980774,0.3314873278141022,0.21277,0.004767648410052061,-2.831,-2.54,0.013,52.504,1.37251
788,65620.0,1,0.34522515535354614,0.3318258225917816,0.21305,0.005077540874481201,-2.903,-2.557,-0.018,52.49,1.35998
789,65703.33,1,0.34478500485420227,0.3331805169582367,0.21312,0.005091461353003979,-3.016,-2.521,-0.016,52.604,1.36496
790,65786.67,1,0.3468219041824341,0.3338436186313629,0.21282,0.005161858629435301,-3.033,-2.506,-0.023,52.142,1.39219
791,65870.0,1,0.347356915473938,0.33522897958755493,0.21284,0.004932255484163761,-3.005,-2.469,-0.042,52.181,1.40478
792,65953.33,1,0.34742477536201477,0.3358405530452728,0.213,0.004569478332996368,-2.955,-2.456,-0.041,52.198,1.38456
793,66036.67,1,0.3457139730453491,0.3378063142299652,0.21289,0.004388520028442144,-2.881,-2.448,-0.073,52.178,1.40124
794,66120.0,1,0.3458579480648041,0.3389933705329895,0.21334,0.004423368722200394,-2.865,-2.433,-0.069,52.136,1.38188
795,66203.33,1,0.3465458154678345,0.3383478820323944,0.21306,0.004345587454736233,-2.916,-2.421,-0.065,52.156,1.39473
796,66286.67,1,0.35002198815345764,0.34471267461776733,0.21164,0.004029912408441305,-2.986,-2.435,-0.066,52.18,1.37827
797,66370.0,1,0.3877997100353241,0.4375116229057312,0.18952,0.003961288370192051,-2.983,-2.462,-0.075,52.393,1.35105
798,66453.33,1,0.4530513286590576,0.5526143312454224,0.15304,0.00414537126198411,-2.927,-2.457,-0.094,52.333,1.34402
799,66536.67,1,0.4706195592880249,0.5798743963241577,0.14304,0.004253302700817585,-2.781,-2.528,-0.152,52.075,1.35868
800,66620.0,1,0.46767544746398926,0.5731006860733032,0.14379,0.004423446953296661,-2.637,-2.516,-0.166,51.991,1.35261
801,66703.33,1,0.46449169516563416,0.5665754079818726,0.14579,0.004415945615619421,-2.603,-2.523,-0.176,52.357,1.34028
802,66786.67,1,0.46420976519584656,0.5598329305648804,0.14742,0.004321877844631672,-2.587,-2.528,-0.184,52.223,1.32447
803,66870.0,1,0.4558477997779846,0.5515581369400024,0.15024,0.0049083116464316845,-2.531,-2.607,-0.189,52.406,1.33997
804,66953.33,1,0.447030246257782,0.541988730430603,0.1533,0.0048202998004853725,-2.512,-2.608,-0.199,52.003,1.37771
805,67036.67,1,0.434721976518631,0.5224609971046448,0.15844,0.004728216677904129,-2.517,-2.604,-0.204,52.271,1.36238
806,67118.33,1,0.4335961937904358,0.5062291622161865,0.1612,0.004738997668027878,-2.475,-2.622,-0.177,52.083,1.38738
807,67201.67,1,0.43713417649269104,0.5107114911079407,0.15896,0.004766099154949188,-2.589,-2.663,-0.167,52.634,1.3679
808,67285.0,1,0.42707499861717224,0.5075731873512268,0.16099,0.004745155107229948,-2.577,-2.704,-0.17,52.744,1.354
809,67368.33,1,0.42048054933547974,0.5072019696235657,0.16081,0.004693315830081701,-2.661,-2.737,-0.139,52.516,1.38104
810,67451.67,1,0.4109285771846771,0.4727099537849426,0.16888,0.005286767613142729,-2.66,-2.631,-0.065,52.221,1.42085
811,67535.0,1,0.41696739196777344,0.46964359283447266,0.17281,0.004870804492384195,-2.597,-2.558,-0.054,52.624,1.40349
812,67618.33,1,0.42104318737983704,0.47007444500923157,0.17312,0.004899873398244381,-2.554,-2.555,-0.061,52.381,1.41286
813,67701.67,1,0.4208865463733673,0.4594935178756714,0.17544,0.005561400670558214,-2.531,-2.542,-0.057,52.454,1.39972
814,67785.0,1,0.41904938220977783,0.43612024188041687,0.18011,0.005545021966099739,-2.54,-2.589,-0.072,52.588,1.32423
815,67868.33,1,0.40475550293922424,0.41446876525878906,0.1856,0.005598938092589378,-2.396,-2.585,-0.102,52.585,1.32605
816,67951.67,1,0.39069971442222595,0.39472851157188416,0.19154,0.005388655234128237,-2.339,-2.569,-0.123,52.631,1.31433
817,68035.0,1,0.3796008229255676,0.39038345217704773,0.19529,0.004921172745525837,-2.336,-2.568,-0.14,52.961,1.30041
818,68118.33,1,0.37609612941741943,0.3853279650211334,0.19769,0.004384207539260387,-2.38,-2.582,-0.145,52.885,1.29685
819,68201.67,1,0.3755967319011688,0.38324934244155884,0.19927,0.004053629469126463,-2.457,-2.614,-0.158,53.074,1.29141
820,68285.0,1,0.3825013041496277,0.376982182264328,0.20185,0.0033297971822321415,-2.495,-2.655,-0.17,52.839,1.29015
821,68368.33,1,0.38281112909317017,0.3767244219779968,0.20372,0.0032525411807000637,-2.526,-2.621,-0.155,52.894,1.29251
822,68451.67,1,0.37943020462989807,0.3709772825241089,0.20438,0.003505200147628784,-2.56,-2.6,-0.12,52.437,1.30614
823,68535.0,1,0.3780461251735687,0.3768506348133087,0.20259,0.003949557431042194,-2.646,-2.563,-0.106,52.638,1.31295
824,68618.33,1,0.37712782621383667,0.3793884813785553,0.20204,0.004122453276067972,-2.702,-2.53,-0.108,52.454,1.31675
825,68701.67,1,0.3756644129753113,0.38064664602279663,0.20191,0.004193718079477549,-2.714,-2.518,-0.104,52.657,1.32092
826,68785.0,1,0.376840740442276,0.3802143931388855,0.20187,0.004103328101336956,-2.769,-2.468,-0.088,52.477,1.3207
827,68868.33,1,0.3762543499469757,0.380174845457077,0.20201,0.003973228391259909,-2.791,-2.464,-0.072,52.536,1.30906
828,68951.67,1,0.37761613726615906,0.38144123554229736,0.20151,0.0038682555314153433,-2.845,-2.498,-0.064,52.271,1.29931
829,69035.0,1,0.38082990050315857,0.3876676559448242,0.19953,0.0038443664088845253,-2.911,-2.5,-0.075,52.592,1.30936
830,69118.33,1,0.38412347435951233,0.3904649317264557,0.19884,0.003538566641509533,-2.943,-2.508,-0.067,52.562,1.3166
831,69201.67,1,0.3904401957988739,0.3957078754901886,0.19602,0.003739882493391633,-2.942,-2.507,-0.074,52.473,1.31601
832,69285.0,1,0.39262890815734863,0.4020603597164154,0.19196,0.004990252200514078,-2.872,-2.504,-0.089,51.909,1.34146
833,69368.33,1,0.3991163671016693,0.41427183151245117,0.18686,0.005443780217319727,-2.85,-2.497,-0.097,52.202,1.33987
834,69450.0,1,0.4080013930797577,0.43241193890571594,0.18006,0.0056638335809111595,-2.874,-2.469,-0.109,51.811,1.3547
835,69533.33,1,0.4125033915042877,0.4466238021850586,0.17702,0.0055543482303619385,-2.894,-2.457,-0.111,52.329,1.34114
836,69616.67,1,0.41666027903556824,0.47231417894363403,0.17255,0.005402399227023125,-2.985,-2.457,-0.118,52.462,1.33533
837,69700.0,1,0.4158398509025574,0.47256016731262207,0.17268,0.005251508206129074,-2.926,-2.482,-0.124,52.782,1.3277
838,69783.33,1,0.4184502065181732,0.4719274044036865,0.17296,0.004828521050512791,-2.916,-2.517,-0.116,52.672,1.32643
839,69866.67,1,0.41909855604171753,0.4656449258327484,0.17403,0.004702376201748848,-2.94,-2.583,-0.096,52.628,1.31115
840,69950.0,1,0.4138267934322357,0.4595952332019806,0.17603,0.004821498412638903,-3.139,-2.63,-0.104,52.439,1.29692
841,70033.33,1,0.40967071056365967,0.45108652114868164,0.17888,0.00483875535428524,-3.09,-2.603,-0.064,52.643,1.28998
842,70116.67,1,0.4085368514060974,0.4508701264858246,0.17959,0.004695066716521978,-3.055,-2.589,-0.088,52.434,1.28857
843,70200.0,1,0.40380340814590454,0.4439184367656708,0.18144,0.004722868092358112,-2.967,-2.589,-0.092,52.598,1.31231
844,70283.33,1,0.3956966698169708,0.43737635016441345,0.18369,0.004516699817031622,-2.747,-2.609,-0.117,52.123,1.34861
845,70366.67,1,0.39353710412979126,0.43803146481513977,0.18461,0.004276368301361799,-2.714,-2.619,-0.094,52.399,1.32629
846,70450.0,1,0.39349934458732605,0.4385682940483093,0.18493,0.004226057790219784,-2.683,-2.64,-0.079,52.262,1.31153
847,70533.33,1,0.39353296160697937,0.4359530806541443,0.18577,0.004223106894642115,-2.665,-2.642,-0.076,52.636,1.31586
848,70616.67,1,0.39307528734207153,0.43342286348342896,0.18661,0.004027149640023708,-2.684,-2.665,-0.078,52.622,1.32015
849,70700.0,1,0.39249855279922485,0.4320209324359894,0.18751,0.004151469096541405,-2.711,-2.658,-0.068,52.553,1.35595
850,70783.33,1,0.3865715265274048,0.42449861764907837,0.18955,0.0044795554131269455,-2.685,-2.685,-0.078,52.563,1.34594
851,70866.67,1,0.3921094536781311,0.42653688788414,0.18827,0.005030923988670111,-2.671,-2.709,-0.045,52.561,1.37405
852,70950.0,1,0.39339303970336914,0.41750314831733704,0.18876,0.004932253155857325,-2.649,-2.736,-0.036,52.61,1.35296
853,71033.33,1,0.39207711815834045,0.4089050590991974,0.1902,0.005319892894476652,-2.656,-2.719,-0.06,52.835,1.32983
854,71116.67,1,0.38730549812316895,0.40167179703712463,0.19131,0.004734992049634457,-2.656,-2.712,-0.086,52.802,1.32451
855,71200.0,1,0.390097975730896,0.4051937162876129,0.19107,0.004385783337056637,-2.752,-2.762,-0.082,53.02,1.33358
856,71283.33,1,0.3915371894836426,0.40918412804603577,0.19037,0.004773838445544243,-2.768,-2.787,-0.045,52.664,1.36418
857,71366.67,1,0.3849164545536041,0.3977223038673401,0.19451,0.0045130327343940735,-2.81,-2.773,-0.018,52.823,1.33898
858,71450.0,1,0.3834126889705658,0.3911565840244293,0.19611,0.004359439946711063,-2.821,-2.798,0.015,52.653,1.33168
859,71533.33,1,0.3839259147644043,0.38716253638267517,0.19724,0.004303081892430782,-2.826,-2.814,0.036,52.871,1.33079
860,71616.67,1,0.38190412521362305,0.3836335837841034,0.19869,0.004592123907059431,-2.843,-2.822,0.047,52.725,1.33333
861,71700.0,1,0.3790360391139984,0.3820457458496094,0.19982,0.004436807241290808,-2.943,-2.865,0.057,52.832,1.3317
862,71781.67,1,0.38100966811180115,0.3818974196910858,0.20042,0.004476655274629593,-3.134,-2.873,0.078,52.628,1.33413
863,71865.0,1,0.37660542130470276,0.37985169887542725,0.20248,0.004629623610526323,-3.183,-2.834,0.098,52.611,1.34264
864,71948.33,1,0.37016060948371887,0.36765339970588684,0.20537,0.004298829007893801,-3.158,-2.838,0.107,52.07,1.37715
865,72031.67,1,0.37216469645500183,0.3704884946346283,0.2049,0.0044019450433552265,-3.085,-2.816,0.119,52.026,1.39872
866,72115.0,1,0.36980292201042175,0.362565815448761,0.20681,0.004346462432295084,-3.06,-2.814,0.125,52.036,1.37516
867,72198.33,1,0.36373525857925415,0.3509255349636078,0.21052,0.004585149697959423,-3.082,-2.788,0.087,52.224,1.34431
868,72281.67,1,0.3592250943183899,0.3441624343395233,0.21127,0.004735646303743124,-2.996,-2.741,0.052,52.193,1.33609
869,72365.0,1,0.3643724322319031,0.34953102469444275,0.20955,0.004826797638088465,-2.957,-2.698,0.038,52.303,1.3339
870,72448.33,1,0.3593488931655884,0.34849977493286133,0.21114,0.004711582325398922,-2.985,-2.666,0.044,52.361,1.33212
871,72531.67,1,0.3577931821346283,0.34843796491622925,0.2118,0.004594683181494474,-3.026,-2.623,0.047,52.28,1.36063
872,72615.0,1,0.35725098848342896,0.347527414560318,0.21202,0.004630759824067354,-3.074,-2.568,0.053,52.196,1.35415
873,72698.33,1,0.3573474884033203,0.3478471338748932,0.21215,0.004694964271038771,-3.093,-2.569,0.045,52.447,1.34594
874,72781.67,1,0.3591718375682831,0.35142675042152405,0.21079,0.004995413590222597,-3.121,-2.56,0.024,52.302,1.34081
875,72865.0,1,0.360213041305542,0.3537123203277588,0.21027,0.004722747020423412,-3.133,-2.547,0.014,52.425,1.32576
876,72948.33,1,0.36070922017097473,0.35426005721092224,0.21,0.0045196255668997765,-3.14,-2.547,-0.007,52.3,1.32974
877,73031.67,1,0.3607194125652313,0.3573076128959656,0.20889,0.004526352509856224,-3.181,-2.581,-0.013,52.511,1.32854
878,73115.0,1,0.3645945191383362,0.3735853135585785,0.20538,0.004606606438755989,-3.274,-2.67,-0.016,52.406,1.33327
879,73198.33,1,0.3708861470222473,0.3809904158115387,0.20245,0.004683814011514187,-3.34,-2.688,-0.023,52.627,1.34011
880,73281.67,1,0.37491196393966675,0.38109585642814636,0.20112,0.0047758459113538265,-3.435,-2.715,-0.025,52.245,1.36873
881,73365.0,1,0.3768432140350342,0.38192033767700195,0.20046,0.004805135540664196,-3.423,-2.709,-0.062,52.651,1.35038
882,73448.33,1,0.37690603733062744,0.3814997971057892,0.19992,0.0046072122640907764,-3.245,-2.712,-0.089,52.631,1.34236
883,73531.67,1,0.3788512647151947,0.3841899037361145,0.19903,0.0046724132262170315,-3.098,-2.701,-0.114,52.906,1.33236
884,73615.0,1,0.3780597448348999,0.3866536021232605,0.19795,0.00523137953132391,-3.046,-2.673,-0.133,52.797,1.33044
885,73698.33,1,0.37902888655662537,0.3864855468273163,0.1972,0.005880899261683226,-3.019,-2.675,-0.122,52.721,1.35753
886,73781.67,1,0.37979742884635925,0.38676929473876953,0.1963,0.006518350914120674,-2.976,-2.68,-0.112,52.655,1.3503
887,73865.0,1,0.382061630487442,0.38823646306991577,0.19569,0.006511814892292023,-2.91,-2.663,-0.1,52.507,1.3819
888,73948.33,1,0.3832913637161255,0.3912357985973358,0.19553,0.006042758002877235,-2.96,-2.644,-0.083,52.083,1.40501
889,74031.67,1,0.3828375041484833,0.39181363582611084,0.1958,0.00611136807128787,-3.005,-2.652,-0.078,52.25,1.39783
890,74113.33,1,0.37987324595451355,0.39107054471969604,0.19638,0.005763688590377569,-2.99,-2.66,-0.066,52.59,1.32896
891,74196.67,1,0.3783872425556183,0.39031660556793213,0.19704,0.005937161855399609,-2.955,-2.652,-0.063,52.755,1.30531
892,74280.0,1,0.3785320818424225,0.3899228572845459,0.19704,0.005650808103382587,-2.909,-2.641,-0.052,52.377,1.327
893,74363.33,1,0.3732774257659912,0.3828164041042328,0.1994,0.005610079038888216,-2.872,-2.596,-0.035,52.786,1.29831
894,74446.67,1,0.36829403042793274,0.3719152808189392,0.20165,0.005430190358310938,-2.841,-2.566,-0.039,52.734,1.27163
895,74530.0,1,0.3601416051387787,0.36337414383888245,0.20452,0.005829851143062115,-2.792,-2.524,-0.034,53.145,1.26709
896,74613.33,1,0.3509639799594879,0.3519611954689026,0.2078,0.006347138434648514,-2.787,-2.514,-0.039,53.137,1.26782
897,74696.67,1,0.348091185092926,0.3479256331920624,0.20923,0.007343702483922243,-2.791,-2.531,-0.001,52.979,1.30758
898,74780.0,1,0.3492274582386017,0.35213640332221985,0.20833,0.00846406351774931,-2.816,-2.586,0.007,52.504,1.35706
899,74863.33,1,0.35105136036872864,0.35627126693725586,0.20778,0.010009171441197395,-2.844,-2.578,0.038,52.708,1.34831
900,74946.67,1,0.3330938220024109,0.3490621745586395,0.21311,0.008523911237716675,-2.91,-2.561,0.089,52.976,1.34154
901,75030.0,1,0.3301573097705841,0.34564295411109924,0.2141,0.0077380528673529625,-2.945,-2.533,0.094,52.907,1.37254
902,75113.33,1,0.3300643861293793,0.34452202916145325,0.21387,0.007486477494239807,-2.92,-2.478,0.08,52.494,1.39988
903,75196.67,1,0.33422261476516724,0.3468187749385834,0.21353,0.006978328805416822,-2.9,-2.453,0.05,52.931,1.37339
904,75280.0,1,0.33448275923728943,0.3453099727630615,0.21393,0.006716226227581501,-2.858,-2.405,0.034,52.933,1.35728
905,75363.33,1,0.33334675431251526,0.34317079186439514,0.21473,0.006528765894472599,-2.863,-2.451,0.007,53.072,1.33187
906,75446.67,1,0.3267950713634491,0.3408587574958801,0.21601,0.006730693392455578,-2.981,-2.538,0.014,52.932,1.3291
907,75530.0,1,0.3246629238128662,0.3370967209339142,0.21712,0.006401567719876766,-2.969,-2.555,0.007,52.808,1.3505
908,75613.33,1,0.32179099321365356,0.3274279236793518,0.2199,0.005671550985425711,-2.971,-2.547,-0.014,52.625,1.33535
909,75696.67,1,0.3191412091255188,0.32162779569625854,0.22178,0.005553428549319506,-2.954,-2.557,-0.029,52.416,1.37142
910,75780.0,1,0.31847241520881653,0.3157722055912018,0.22244,0.0054190559312701225,-2.953,-2.567,-0.033,52.022,1.39483
911,75863.33,1,0.32092970609664917,0.31994372606277466,0.2223,0.004883097484707832,-2.975,-2.601,-0.035,52.451,1.37409
912,75946.67,1,0.3241040110588074,0.3206789493560791,0.2221,0.004640733823180199,-3.052,-2.658,-0.02,52.447,1.35939
913,76030.0,1,0.3297771215438843,0.32626065611839294,0.22037,0.0046674711629748344,-3.169,-2.684,-0.018,52.672,1.34002
914,76113.33,1,0.33024561405181885,0.32466569542884827,0.22018,0.004785449244081974,-3.261,-2.685,-0.015,52.446,1.32638
915,76196.67,1,0.32954126596450806,0.3239684998989105,0.22032,0.004759267903864384,-3.386,-2.714,-0.013,52.58,1.33666
916,76280.0,1,0.32840636372566223,0.3258451521396637,0.22047,0.004904165398329496,-3.372,-2.71,-0.019,52.186,1.37065
917,76363.33,1,0.33020347356796265,0.33049291372299194,0.21947,0.0050383866764605045,-3.334,-2.674,-0.031,52.413,1.34207
918,76446.67,1,0.3315049707889557,0.3326781392097473,0.21825,0.005168221890926361,-3.185,-2.626,-0.028,52.28,1.32487
919,76528.33,1,0.3338056206703186,0.3352448344230652,0.21647,0.006033977027982473,-3.189,-2.627,-0.037,52.304,1.35047
920,76611.67,1,0.3340162932872772,0.33634552359580994,0.21576,0.006141543388366699,-3.252,-2.599,-0.03,52.273,1.33683
921,76695.0,1,0.3898884356021881,0.40678736567497253,0.18821,0.007000841666013002,-3.208,-2.579,-0.014,52.663,1.33411
922,76778.33,1,0.7479501962661743,0.6979410648345947,0.04946,0.006105375941842794,-2.773,-2.267,-0.099,52.619,1.33366
923,76861.67,1,0.7099810838699341,0.6747226715087891,0.06295,0.005633739288896322,-2.679,-2.3,-0.15,52.737,1.32111
924,76945.0,1,0.6272901892662048,0.6349352598190308,0.09495,0.005786413326859474,-2.68,-2.358,-0.146,52.651,1.3249
925,77028.33,1,0.502527117729187,0.5146007537841797,0.14306,0.0056149596348404884,-2.72,-2.403,-0.135,52.767,1.34052
926,77111.67,1,0.42082130908966064,0.4314502775669098,0.17371,0.005474417470395565,-2.725,-2.376,-0.103,52.323,1.37719
927,77195.0,1,0.4100929796695709,0.41036689281463623,0.18129,0.005966855678707361,-2.806,-2.354,-0.123,52.537,1.34375
928,77278.33,1,0.4087146818637848,0.420381635427475,0.18068,0.005994070786982775,-2.891,-2.359,-0.104,52.369,1.32119
929,77361.67,1,0.4058266282081604,0.41116684675216675,0.18366,0.005943302530795336,-2.984,-2.374,-0.088,52.114,1.35714
930,77445.0,1,0.4043736755847931,0.41420283913612366,0.1827,0.0064363861456513405,-2.96,-2.356,-0.076,52.386,1.35812
931,77528.33,1,0.40294644236564636,0.4125782251358032,0.18365,0.006435376591980457,-2.96,-2.352,-0.075,52.694,1.33551
932,77611.67,1,0.40171143412590027,0.4133915603160858,0.1842,0.006037862040102482,-2.926,-2.393,-0.068,52.636,1.32906
933,77695.0,1,0.3991332948207855,0.4069710373878479,0.1862,0.005965415854007006,-2.918,-2.407,-0.064,52.869,1.31726
934,77778.33,1,0.3937279284000397,0.41031524538993835,0.1853,0.0062724226154387,-2.818,-2.417,-0.078,52.743,1.32182
935,77861.67,1,0.38985976576805115,0.39250603318214417,0.19003,0.006151618901640177,-2.818,-2.42,-0.104,52.888,1.33767
936,77945.0,1,0.387136310338974,0.3851395845413208,0.19247,0.005870632361620665,-2.761,-2.478,-0.103,52.416,1.373
937,78028.33,1,0.3793080151081085,0.3757100999355316,0.19616,0.005480319261550903,-2.776,-2.484,-0.099,52.745,1.35287
938,78111.67,1,0.3723207414150238,0.3677586615085602,0.19945,0.0047335512936115265,-2.787,-2.488,-0.107,52.587,1.33555
939,78195.0,1,0.3624352812767029,0.3602805733680725,0.20204,0.0049264878034591675,-2.801,-2.495,-0.091,52.814,1.34475
940,78278.33,1,0.34920603036880493,0.3491947650909424,0.20565,0.0050528328865766525,-2.82,-2.516,-0.064,52.436,1.37651
941,78361.67,1,0.3473377823829651,0.3469262421131134,0.20701,0.005027042236179113,-2.766,-2.549,-0.06,52.878,1.35896
942,78445.0,1,0.33949148654937744,0.3359924852848053,0.21093,0.005151929333806038,-2.663,-2.585,-0.05,52.837,1.34721
943,78528.33,1,0.33131515979766846,0.32642093300819397,0.21427,0.006236446090042591,-2.688,-2.573,-0.003,52.868,1.33355
944,78611.67,1,0.32186710834503174,0.32315874099731445,0.21528,0.008110035210847855,-2.617,-2.516,0.026,52.326,1.3478
945,78695.0,1,0.3237336575984955,0.32286930084228516,0.21557,0.00835229828953743,-2.63,-2.503,0.031,52.573,1.34614
946,78778.33,1,0.31750649213790894,0.3173653781414032,0.21739,0.00893297977745533,-2.696,-2.515,0.039,52.179,1.36067
947,78861.67,1,0.30936819314956665,0.3162032961845398,0.21908,0.007659855764359236,-2.514,-2.458,0.027,52.827,1.34607
948,78945.0,1,0.29719752073287964,0.30574697256088257,0.22266,0.0072543122805655,-2.404,-2.442,0.02,53.015,1.338
949,79026.67,1,0.28831449151039124,0.29860252141952515,0.22463,0.009467989206314087,-2.391,-2.389,-0.005,53.316,1.32722
950,79110.0,1,0.2890152931213379,0.29637324810028076,0.22491,0.009893294423818588,-2.542,-2.423,-0.04,53.074,1.31763
951,79193.33,1,0.296221524477005,0.294807493686676,0.22465,0.010441179387271404,-2.908,-2.5,-0.048,53.285,1.32277
952,79276.67,1,0.29795539379119873,0.2945592403411865,0.2247,0.010280782356858253,-3.045,-2.613,-0.052,53.133,1.33076
953,79360.0,1,0.30679404735565186,0.3030340075492859,0.22363,0.008076292462646961,-3.128,-2.671,-0.052,52.812,1.36728
954,79443.33,1,0.3202681541442871,0.30848047137260437,0.22098,0.009177900850772858,-3.181,-2.689,-0.045,52.188,1.38731
955,79526.67,1,0.33276355266571045,0.3198377192020416,0.21788,0.006788529455661774,-3.172,-2.668,-0.05,52.561,1.36449
956,79610.0,1,0.34095555543899536,0.3269507884979248,0.21506,0.006091837305575609,-3.122,-2.642,-0.002,52.555,1.35238
957,79693.33,1,0.33884429931640625,0.33298978209495544,0.2138,0.005582870915532112,-3.159,-2.632,-0.002,52.378,1.37166
958,79776.67,1,0.34187015891075134,0.3370439112186432,0.21231,0.005356570240110159,-3.191,-2.63,0.02,52.044,1.39458
959,79860.0,1,0.34818756580352783,0.33816856145858765,0.21125,0.004997578449547291,-3.125,-2.593,0.032,52.119,1.38681
960,79943.33,1,0.342532217502594,0.3397834300994873,0.21202,0.00497743533924222,-3.105,-2.601,0.038,52.472,1.34806
961,80026.67,1,0.3424574136734009,0.34464457631111145,0.21106,0.004994402173906565,-3.094,-2.599,0.026,52.957,1.32724
962,80110.0,1,0.3441147804260254,0.3467057943344116,0.2102,0.0051832133904099464,-3.056,-2.596,0.021,52.909,1.31397
963,80193.33,1,0.3461852967739105,0.34814271330833435,0.20921,0.005081902723759413,-3.039,-2.572,0.02,53.176,1.30355
964,80276.67,1,0.34750035405158997,0.35044556856155396,0.20818,0.005076001863926649,-3.024,-2.553,0.015,52.976,1.29884
965,80360.0,1,0.34605199098587036,0.3503102660179138,0.20793,0.004953642375767231,-2.991,-2.545,0.017,52.972,1.31713
966,80443.33,1,0.34536638855934143,0.3524690270423889,0.20696,0.004966496955603361,-2.929,-2.563,0.03,52.737,1.32133
967,80526.67,1,0.3410946726799011,0.34608328342437744,0.20802,0.0051205893978476524,-2.912,-2.576,0.025,52.985,1.32037
968,80610.0,1,0.33756715059280396,0.34304413199424744,0.20849,0.005041645374149084,-2.86,-2.578,0.018,52.834,1.32279
969,80693.33,1,0.33375284075737,0.34092554450035095,0.2093,0.005522571969777346,-2.801,-2.583,0.033,52.988,1.32235
970,80776.67,1,0.33262941241264343,0.3371894955635071,0.21017,0.00607185298576951,-2.746,-2.562,0.042,52.797,1.32738
971,80860.0,1,0.3304537534713745,0.33613622188568115,0.21116,0.006240301299840212,-2.752,-2.563,0.029,52.547,1.34313
972,80943.33,1,0.3252856433391571,0.3337317407131195,0.21208,0.006664671935141087,-2.75,-2.558,0.017,52.47,1.33802
973,81026.67,1,0.3235947787761688,0.3317963182926178,0.21262,0.0068810912780463696,-2.778,-2.565,0.011,52.206,1.35911
974,81110.0,1,0.3222258388996124,0.32987532019615173,0.21343,0.0068602003157138824,-2.782,-2.566,0.015,51.835,1.38244
975,81193.33,1,0.3225773572921753,0.3282678425312042,0.21411,0.006815447937697172,-2.783,-2.564,0.024,52.192,1.37407
976,81276.67,1,0.3238767981529236,0.32744818925857544,0.21471,0.006988044828176498,-2.953,-2.561,0.044,51.885,1.39004
977,81360.0,1,0.32561442255973816,0.32778146862983704,0.21478,0.006924612447619438,-2.981,-2.54,0.033,52.455,1.36588
978,81441.67,1,0.32562851905822754,0.3294442594051361,0.21466,0.0065957303158938885,-2.97,-2.521,0.033,52.531,1.35118
979,81525.0,1,0.3260807394981384,0.32791757583618164,0.21492,0.006679958663880825,-2.936,-2.516,0.021,52.79,1.33676
980,81608.33,1,0.3241574168205261,0.32658690214157104,0.21521,0.006732105743139982,-2.916,-2.528,0.009,52.642,1.32907
981,81691.67,1,0.32248544692993164,0.32492199540138245,0.21583,0.006333839148283005,-2.906,-2.525,0.005,52.687,1.33596
982,81775.0,1,0.3251463770866394,0.327510267496109,0.21482,0.006331723649054766,-2.952,-2.552,0.002,52.202,1.37036
983,81858.33,1,0.3221864700317383,0.3247101604938507,0.21558,0.0074189635924994946,-2.956,-2.562,-0.008,52.174,1.38243
984,81941.67,1,0.3194473683834076,0.3225930631160736,0.2166,0.008245483040809631,-3.038,-2.532,-0.018,52.161,1.34676
985,82025.0,1,0.31802690029144287,0.3205879032611847,0.21734,0.008705017156898975,-2.961,-2.527,-0.012,52.354,1.3372
986,82108.33,1,0.31499963998794556,0.3158639371395111,0.21855,0.007813755422830582,-2.687,-2.601,-0.018,52.03,1.36961
987,82191.67,1,0.31173405051231384,0.3110427260398865,0.2198,0.007167866453528404,-2.611,-2.56,-0.022,52.422,1.3627
988,82275.0,1,0.3059898316860199,0.3062005639076233,0.22184,0.006562147755175829,-2.604,-2.543,-0.03,52.186,1.38571
989,82358.33,1,0.3049808442592621,0.3048689067363739,0.22218,0.005908077582716942,-2.519,-2.527,-0.042,52.18,1.40031
990,82441.67,1,0.2930516302585602,0.295916885137558,0.22593,0.005856955889612436,-2.533,-2.54,-0.014,52.449,1.38351
991,82525.0,1,0.28830641508102417,0.28718212246894836,0.22754,0.006534022744745016,-2.557,-2.543,-0.004,53.112,1.34489
992,82608.33,1,0.2885860800743103,0.2848881185054779,0.22749,0.007221289444714785,-2.582,-2.552,-0.009,53.321,1.3239
993,82691.67,1,0.2904839515686035,0.2856057286262512,0.2276,0.007384208030998707,-2.638,-2.569,0.008,53.267,1.34703
994,82775.0,1,0.29122844338417053,0.2892504930496216,0.22643,0.007344922516494989,-2.646,-2.57,0.025,52.902,1.36556
995,82858.33,1,0.2916266620159149,0.2910882830619812,0.22569,0.007490815129131079,-2.698,-2.571,0.025,52.83,1.36705
996,82941.67,1,0.29256969690322876,0.2916406989097595,0.22523,0.0072640017606318,-2.685,-2.607,0.012,52.369,1.36195
997,83025.0,1,0.2948952913284302,0.2943941056728363,0.22449,0.007189814932644367,-2.736,-2.609,0.011,52.564,1.37006
998,83108.33,1,0.3000573217868805,0.2985574007034302,0.22282,0.007821382023394108,-2.846,-2.619,0.011,52.409,1.37855
999,83191.67,1,0.30039268732070923,0.2993766665458679,0.22339,0.008146650157868862,-2.86,-2.625,0.017,52.958,1.34099
1000,83275.0,1,0.3093377649784088,0.3025265336036682,0.22187,0.008937460370361805,-2.885,-2.632,0.024,53.071,1.31883
1001,83358.33,1,0.3048233091831207,0.2983013987541199,0.223,0.009696491993963718,-2.869,-2.636,0.033,53.257,1.29105
1002,83441.67,1,0.30323001742362976,0.2988628149032593,0.22283,0.00963206123560667,-2.828,-2.634,0.002,53.003,1.2741
1003,83525.0,1,0.29907721281051636,0.29443618655204773,0.22431,0.009427214972674847,-2.864,-2.588,-0.019,53.09,1.26297
1004,83608.33,1,0.29874828457832336,0.2918941080570221,0.22503,0.008288235403597355,-2.936,-2.55,-0.024,52.842,1.25712
1005,83691.67,1,0.29413315653800964,0.28737738728523254,0.2273,0.006312100682407618,-2.962,-2.562,-0.044,53.026,1.26815
1006,83773.33,1,0.28696125745773315,0.2859708368778229,0.22964,0.005451397504657507,-3.038,-2.634,-0.05,52.744,1.27815
1007,83856.67,1,0.2886183559894562,0.28918731212615967,0.22955,0.004993345122784376,-3.042,-2.643,-0.049,52.687,1.28542
1008,83940.0,1,0.29220426082611084,0.29063305258750916,0.22973,0.0047367108054459095,-3.008,-2.646,-0.036,52.355,1.29205
1009,84023.33,1,0.29830101132392883,0.29906365275382996,0.22749,0.004698004573583603,-3.029,-2.663,-0.021,52.563,1.31507
1010,84106.67,1,0.3296358287334442,0.348844438791275,0.21454,0.00488671800121665,-3.055,-2.676,0.014,52.573,1.3215
1011,84190.0,1,0.35733872652053833,0.3815523684024811,0.20371,0.005160489585250616,-3.12,-2.668,0.032,52.77,1.33403
1012,84273.33,1,0.3696061968803406,0.41351014375686646,0.19455,0.0054883453994989395,-3.094,-2.686,0.039,52.342,1.36672
1013,84356.67,1,0.37798836827278137,0.42150354385375977,0.18925,0.005852529313415289,-3.077,-2.688,0.032,52.265,1.36706
1014,84440.0,1,0.3856127858161926,0.42683902382850647,0.18561,0.006069652270525694,-3.079,-2.685,0.024,52.245,1.33464
1015,84523.33,1,0.3875869810581207,0.428295761346817,0.18446,0.006468593142926693,-3.035,-2.638,0.042,52.38,1.36031
1016,84606.67,1,0.38725948333740234,0.429386168718338,0.18404,0.006613277830183506,-2.998,-2.612,0.034,52.591,1.33787
1017,84690.0,1,0.3874019682407379,0.42809855937957764,0.18472,0.006670767441391945,-2.959,-2.598,0.022,52.994,1.32298
1018,84773.33,1,0.38279667496681213,0.42663073539733887,0.18502,0.007163230329751968,-2.807,-2.565,0.007,52.986,1.31908
1019,84856.67,1,0.38082101941108704,0.4167522192001343,0.18737,0.007002286147326231,-2.747,-2.597,-0.012,53.046,1.31514
1020,84940.0,1,0.383596271276474,0.41655662655830383,0.18817,0.005423742812126875,-2.672,-2.599,-0.05,52.648,1.36002
1021,85023.33,1,0.3854880928993225,0.4139676094055176,0.18884,0.005068525671958923,-2.602,-2.623,-0.086,52.98,1.3263
1022,85106.67,1,0.3834761083126068,0.41424229741096497,0.18932,0.004803496412932873,-2.544,-2.664,-0.099,52.945,1.31439
1023,85190.0,1,0.38337448239326477,0.40767499804496765,0.19039,0.00460353959351778,-2.546,-2.672,-0.103,53.244,1.30961
1024,85273.33,1,0.3829953074455261,0.4037761390209198,0.19147,0.0045464979484677315,-2.55,-2.671,-0.102,53.106,1.30914
1025,85356.67,1,0.3787184953689575,0.3949931859970093,0.19428,0.004664536099880934,-2.541,-2.674,-0.101,53.118,1.3312
1026,85440.0,1,0.3709787130355835,0.3873157501220703,0.197,0.00488638412207365,-2.543,-2.676,-0.096,52.712,1.3671
1027,85523.33,1,0.3625282943248749,0.3791256844997406,0.19983,0.004908644128590822,-2.553,-2.664,-0.091,52.799,1.38714
1028,85606.67,1,0.35177648067474365,0.3656313717365265,0.20368,0.0049190036952495575,-2.559,-2.658,-0.077,52.556,1.39969
1029,85690.0,1,0.3456946313381195,0.3596174120903015,0.20589,0.00506452564150095,-2.573,-2.663,-0.069,52.796,1.399
1030,85773.33,1,0.3378216624259949,0.3474035859107971,0.20851,0.005151767749339342,-2.562,-2.692,-0.059,52.946,1.36875
1031,85856.67,1,0.3359936475753784,0.3442229926586151,0.20923,0.005467887502163649,-2.566,-2.635,-0.042,53.096,1.37164
1032,85940.0,1,0.33485743403434753,0.3415438234806061,0.21001,0.006057869177311659,-2.565,-2.616,-0.024,53.073,1.34182
1033,86021.67,1,0.33238112926483154,0.3360280692577362,0.21094,0.006997712422162294,-2.565,-2.556,-0.031,53.531,1.32656
1034,86105.0,1,0.32525157928466797,0.32921427488327026,0.21284,0.006269851699471474,-2.43,-2.515,-0.058,53.52,1.31973
1035,86188.33,1,0.32344475388526917,0.32544317841529846,0.21349,0.005695463623851538,-2.438,-2.521,-0.053,54.171,1.29312
1036,86271.67,1,0.3247968554496765,0.322032630443573,0.21256,0.005405702628195286,-2.369,-2.545,-0.041,53.659,1.33392
1037,86355.0,1,0.32265588641166687,0.31792429089546204,0.21436,0.005375619512051344,-2.368,-2.54,-0.043,53.827,1.33866
1038,86438.33,1,0.310303658246994,0.3108299672603607,0.21826,0.005555535666644573,-2.448,-2.518,-0.053,53.33,1.36365
1039,86521.67,1,0.30294904112815857,0.30157509446144104,0.22021,0.0072944555431604385,-2.511,-2.526,-0.061,53.169,1.37805
1040,86605.0,1,0.3028809428215027,0.3053535521030426,0.21971,0.0076821427792310715,-2.605,-2.525,-0.05,53.092,1.36392
1041,86688.33,1,0.3021621108055115,0.3092532753944397,0.21892,0.0070646982640028,-2.572,-2.513,-0.019,53.386,1.35028
1042,86771.67,1,0.37971755862236023,0.44547605514526367,0.17844,0.006435397546738386,-2.592,-2.498,0.006,53.322,1.34522
1043,86855.0,1,0.5931172370910645,0.6650774478912354,0.09586,0.005904846359044313,-2.507,-2.498,-0.11,53.004,1.36221
1044,86938.33,1,0.6028474569320679,0.6449214220046997,0.09496,0.008595054037868977,-2.489,-2.568,-0.199,52.487,1.37634
1045,87021.67,1,0.5248833894729614,0.588986873626709,0.1207,0.00903271697461605,-2.539,-2.582,-0.233,52.855,1.37042
1046,87105.0,1,0.43312713503837585,0.4930448830127716,0.16072,0.007189478259533644,-2.584,-2.547,-0.16,53.02,1.35042
1047,87188.33,1,0.3921351730823517,0.42287519574165344,0.18285,0.006367573048919439,-2.606,-2.515,-0.129,53.452,1.33209
1048,87271.67,1,0.3601473867893219,0.3603815734386444,0.20039,0.0072581032291054726,-2.722,-2.469,-0.099,53.409,1.32246
1049,87355.0,1,0.3361836075782776,0.3313210606575012,0.21161,0.006346533540636301,-2.717,-2.472,-0.089,53.466,1.31789
1050,87438.33,1,0.32386213541030884,0.3087821304798126,0.22019,0.006136600859463215,-2.63,-2.464,-0.055,53.525,1.31264
1051,87521.67,1,0.3280039429664612,0.3154545724391937,0.21945,0.006057660095393658,-2.674,-2.462,-0.049,53.487,1.31551
1052,87605.0,1,0.3336556851863861,0.32406380772590637,0.2155,0.006968053989112377,-2.799,-2.466,-0.061,52.88,1.33508
1053,87688.33,1,0.3510245680809021,0.3428480923175812,0.20652,0.007363768760114908,-2.808,-2.467,-0.049,53.23,1.32126
1054,87771.67,1,0.36382511258125305,0.3635353446006775,0.19867,0.008434023708105087,-2.829,-2.458,-0.057,53.149,1.31385
1055,87855.0,1,0.3741953670978546,0.38196101784706116,0.1926,0.009027212858200073,-2.909,-2.45,-0.065,52.936,1.34332
1056,87938.33,1,0.37609872221946716,0.3916095793247223,0.1918,0.007773243356496096,-2.902,-2.481,-0.054,52.659,1.33669
1057,88021.67,1,0.3829418420791626,0.3969270586967468,0.18892,0.007481787819415331,-2.956,-2.464,-0.029,52.703,1.32986
1058,88105.0,1,0.4119272828102112,0.47254103422164917,0.16908,0.007608638145029545,-2.993,-2.518,0.01,52.607,1.3246
1059,88188.33,1,0.574593186378479,0.6423003673553467,0.10426,0.006600778084248304,-2.887,-2.601,-0.09,52.899,1.32376
1060,88271.67,1,0.7480597496032715,0.7684226036071777,0.03218,0.004815379623323679,-2.68,-2.411,-0.174,52.827,1.32178
1061,88353.33,1,0.7680727243423462,0.8015621304512024,0.01882,0.004354554694145918,-2.34,-2.319,-0.249,53.118,1.32208
1062,88436.67,1,0.7702525854110718,0.7988743185997009,0.0189,0.0040286569856107235,-2.013,-2.305,-0.303,53.017,1.32185
1063,88520.0,1,0.7549858689308167,0.7862928509712219,0.02474,0.004013081081211567,-2.044,-2.34,-0.332,52.889,1.35669
1064,88603.33,1,0.7477487921714783,0.7845472097396851,0.0274,0.003904715646058321,-2.084,-2.311,-0.324,52.833,1.34687
1065,88686.67,1,0.7380164861679077,0.7742049694061279,0.03201,0.004391404800117016,-2.254,-2.352,-0.338,53.155,1.3388
1066,88770.0,1,0.7315589785575867,0.7682142853736877,0.03506,0.004763192962855101,-2.271,-2.343,-0.328,53.064,1.33439
1067,88853.33,1,0.7296535968780518,0.7684584259986877,0.03648,0.00421665096655488,-2.31,-2.371,-0.34,53.33,1.33068
1068,88936.67,1,0.7329492568969727,0.7713646292686462,0.03568,0.0038879946805536747,-2.301,-2.389,-0.334,53.164,1.33055
1069,89020.0,1,0.7430812120437622,0.7736262679100037,0.03411,0.0036891670897603035,-2.362,-2.341,-0.323,52.838,1.36749
1070,89103.33,1,0.761690080165863,0.7924712896347046,0.0275,0.0034539734479039907,-2.427,-2.317,-0.319,52.358,1.39515
1071,89186.67,1,0.777962327003479,0.8019799590110779,0.02254,0.003447599010542035,-2.546,-2.294,-0.316,52.75,1.36603
1072,89270.0,1,0.785764753818512,0.8178750276565552,0.01797,0.003682180307805538,-2.307,-2.175,-0.265,52.74,1.3512
1073,89353.33,1,0.7870239019393921,0.8208808898925781,0.01833,0.0037535410374403,-2.195,-2.234,-0.288,52.673,1.37785
1074,89436.67,1,0.7850719094276428,0.8198766708374023,0.01865,0.00380115257576108,-2.034,-2.238,-0.293,52.294,1.40228
1075,89520.0,1,0.7694579362869263,0.8010441064834595,0.02302,0.0038760281167924404,-1.881,-2.268,-0.314,52.785,1.37163
1076,89603.33,1,0.7567284107208252,0.7894547581672668,0.02703,0.0040284013375639915,-1.859,-2.277,-0.3,52.899,1.35291
1077,89686.67,1,0.7190096378326416,0.7727205753326416,0.03894,0.004337750840932131,-1.799,-2.328,-0.297,52.882,1.37354
1078,89770.0,1,0.6639058589935303,0.7404453158378601,0.05858,0.004632045514881611,-1.827,-2.334,-0.249,52.894,1.35928
1079,89853.33,1,0.5836559534072876,0.6853106021881104,0.08768,0.004621458705514669,-1.876,-2.36,-0.175,52.918,1.33252
1080,89936.67,1,0.49511903524398804,0.6340168714523315,0.11788,0.005609522573649883,-1.913,-2.377,-0.181,53.144,1.32538
1081,90020.0,1,0.4764457941055298,0.6156015396118164,0.12652,0.005436562467366457,-1.877,-2.466,-0.168,53.149,1.35665
1082,90103.33,1,0.4729343056678772,0.6126182079315186,0.12778,0.005823580548167229,-2.026,-2.566,-0.153,53.171,1.34541
1083,90186.67,1,0.47240060567855835,0.6030749082565308,0.1307,0.005552117247134447,-2.17,-2.601,-0.072,53.214,1.36894
1084,90270.0,1,0.46717551350593567,0.5946677327156067,0.13279,0.0065288059413433075,-2.128,-2.631,-0.034,53.194,1.35431
1085,90353.33,1,0.4464472830295563,0.5605614185333252,0.14352,0.006053627002984285,-2.142,-2.661,0.01,53.52,1.33974
1086,90436.67,1,0.4141210615634918,0.512054443359375,0.15914,0.005928950384259224,-2.198,-2.696,0.038,53.443,1.33311
1087,90520.0,1,0.38867539167404175,0.45409342646598816,0.1755,0.006202265154570341,-2.263,-2.741,0.014,53.248,1.36549
1088,90603.33,1,0.36463356018066406,0.417733371257782,0.18602,0.0063608246855437756,-2.267,-2.753,0.018,52.845,1.39313
1089,90686.67,1,0.3596688508987427,0.4027805030345917,0.1908,0.006458308082073927,-2.154,-2.729,0.053,53.184,1.38095
1090,90768.33,1,0.3496536314487457,0.3830273151397705,0.1955,0.005886686034500599,-2.009,-2.688,0.135,52.93,1.39384
1091,90851.67,1,0.3418445587158203,0.35980796813964844,0.20058,0.004723735619336367,-1.879,-2.602,0.242,53.244,1.37573
1092,90935.0,1,0.3255506753921509,0.3326595723628998,0.20687,0.004701716359704733,-1.887,-2.516,0.332,52.889,1.38454
1093,91018.33,1,0.3168923556804657,0.3190671503543854,0.212,0.00478806858882308,-1.902,-2.511,0.339,53.06,1.38872
1094,91101.67,1,0.31607115268707275,0.31305035948753357,0.21449,0.005421949550509453,-2.218,-2.564,0.358,53.132,1.37437
1095,91185.0,1,0.3138166666030884,0.3129616677761078,0.21545,0.005263421218842268,-2.287,-2.526,0.383,53.333,1.34268
1096,91268.33,1,0.30926939845085144,0.31168752908706665,0.21651,0.005832300521433353,-2.318,-2.526,0.398,53.244,1.33379
1097,91351.67,1,0.31259143352508545,0.3152524530887604,0.21682,0.006105856504291296,-2.427,-2.538,0.38,53.547,1.32624
1098,91435.0,1,0.31409019231796265,0.3211517930030823,0.21609,0.006035784725099802,-2.505,-2.546,0.349,53.433,1.32535
1099,91518.33,1,0.309286504983902,0.3235206604003906,0.21615,0.00645331060513854,-2.67,-2.621,0.337,53.567,1.32673
1100,91601.67,1,0.30488884449005127,0.3254227340221405,0.21645,0.006692267954349518,-2.706,-2.623,0.306,53.371,1.33036
1101,91685.0,1,0.3087101876735687,0.32921114563941956,0.21516,0.0063847205601632595,-2.784,-2.642,0.265,53.604,1.32866
1102,91768.33,1,0.3143123984336853,0.3359176218509674,0.21398,0.005917112808674574,-2.763,-2.594,0.183,53.471,1.33158
1103,91851.67,1,0.3216090798377991,0.3362186551094055,0.21346,0.005972590763121843,-2.715,-2.497,0.159,53.584,1.32602
1104,91935.0,1,0.32337239384651184,0.3407658040523529,0.21256,0.005839930381625891,-2.553,-2.457,0.044,60.731,1.17403
1105,92018.33,1,0.3247801661491394,0.3567880690097809,0.20802,0.0062251584604382515,-1.927,-2.331,-0.094,73.67,1.08278
1106,92101.67,1,0.34746238589286804,0.39828553795814514,0.18896,0.006724301725625992,-1.866,-2.33,-0.166,75.553,1.06694
1107,92185.0,1,0.3289527893066406,0.39678651094436646,0.18941,0.0063436152413487434,-1.589,-2.319,-0.179,75.272,1.12773
1108,92268.33,1,0.3059602379798889,0.37933751940727234,0.19651,0.006279615685343742,-1.77,-2.233,-0.095,55.99,1.60549
1109,92351.67,1,0.30661410093307495,0.3716471493244171,0.19992,0.005044825375080109,-2.125,-2.545,-0.174,52.346,1.7075
1110,92435.0,1,0.29746344685554504,0.3653302788734436,0.20168,0.005961266346275806,-2.111,-2.653,-0.222,50.454,1.64614
1111,92518.33,1,0.2811647355556488,0.3519984185695648,0.20964,0.004564038477838039,-1.993,-2.762,-0.244,50.956,1.55425
1112,92601.67,1,0.28443634510040283,0.3449884355068207,0.21613,0.003257082775235176,-1.963,-2.918,-0.308,49.969,1.59474
1113,92685.0,1,0.3006629943847656,0.3486494719982147,0.2122,0.004624133463948965,-2.25,-2.885,-0.248,50.797,1.474
1114,92768.33,1,0.30872005224227905,0.36091965436935425,0.20985,0.0041163619607687,-2.062,-2.654,-0.187,51.081,1.4084
1115,92851.67,1,0.32193323969841003,0.3762122094631195,0.20346,0.0043617426417768,-1.94,-2.607,-0.166,51.412,1.39646
1116,92935.0,1,0.32428523898124695,0.38550421595573425,0.20064,0.005090937949717045,-1.947,-2.652,-0.125,51.258,1.39237
1117,93018.33,1,0.34536710381507874,0.4107392728328705,0.19115,0.004803439136594534,-1.946,-2.65,-0.186,50.964,1.44614
1118,93100.0,1,0.35839274525642395,0.4588603079319,0.17947,0.0046517932787537575,-1.718,-2.525,-0.232,51.94,1.37881
1119,93183.33,1,0.33827129006385803,0.455147385597229,0.1818,0.004969271365553141,-1.219,-2.373,-0.27,68.769,1.06946
1120,93266.67,1,0.32329705357551575,0.46275004744529724,0.17859,0.005200028885155916,-1.134,-2.331,-0.369,73.977,1.10442
1121,93350.0,1,0.3248125910758972,0.46297547221183777,0.17736,0.005621923133730888,-1.071,-2.239,-0.398,75.775,1.08536
1122,93433.33,1,0.333588570356369,0.46914029121398926,0.17565,0.005156613886356354,-0.969,-2.251,-0.448,76.008,1.10947
1123,93516.67,1,0.3365285098552704,0.46831461787223816,0.17527,0.0052230386063456535,-0.914,-2.242,-0.459,76.558,1.13801
1124,93600.0,1,0.335675448179245,0.46434950828552246,0.17505,0.005973513238132,-0.928,-2.259,-0.464,76.773,1.1434
1125,93683.33,1,0.3348734974861145,0.4568327069282532,0.17617,0.0065703256987035275,-0.977,-2.278,-0.46,76.393,1.19048
1126,93766.67,1,0.3338320851325989,0.44508883357048035,0.17867,0.006773410830646753,-1.008,-2.292,-0.448,76.72,1.18141
1127,93850.0,1,0.33025339245796204,0.4378299415111542,0.18058,0.0065622408874332905,-0.975,-2.295,-0.437,76.81,1.20427
1128,93933.33,1,0.32412347197532654,0.43116044998168945,0.18285,0.0071313343942165375,-0.879,-2.288,-0.426,76.922,1.19476
1129,94016.67,1,0.32154473662376404,0.42173314094543457,0.18547,0.006729031912982464,-0.883,-2.305,-0.386,76.903,1.18758
1130,94100.0,1,0.32084202766418457,0.41560590267181396,0.18641,0.006772018037736416,-0.95,-2.305,-0.338,76.489,1.21587
1131,94183.33,1,0.3175249695777893,0.41495755314826965,0.1882,0.006807015277445316,-0.967,-2.288,-0.334,77.121,1.20741
1132,94266.67,1,0.31638938188552856,0.41832584142684937,0.19023,0.007234442047774792,-1.198,-2.297,-0.349,76.798,1.22594
1133,94350.0,1,0.3130527138710022,0.4087204337120056,0.19363,0.006965839769691229,-1.211,-2.332,-0.392,76.55,1.22953
1134,94433.33,1,0.3135620355606079,0.40592724084854126,0.194,0.006311149802058935,-1.32,-2.388,-0.346,75.742,1.22085
1135,94516.67,1,0.315766841173172,0.4008850157260895,0.19425,0.005815756972879171,-1.485,-2.42,-0.334,74.295,1.23707
1136,94683.33,1,0.34592053294181824,0.4095872640609741,0.18956,0.004683485254645348,-2.227,-2.323,-0.314,55.781,1.59141
1137,94766.67,1,0.3658895790576935,0.4097742736339569,0.18909,0.00519932247698307,-2.695,-2.38,-0.275,53.934,1.6594
1138,94850.0,1,0.36722639203071594,0.4068696200847626,0.18905,0.005120975896716118,-2.689,-2.343,-0.24,53.612,1.54887
1139,94933.33,1,0.3695327341556549,0.40838730335235596,0.19089,0.004775326699018478,-2.718,-2.391,-0.228,53.337,1.54052
1140,95016.67,1,0.36797234416007996,0.40665459632873535,0.18994,0.004614764824509621,-2.533,-2.415,-0.222,52.632,1.43676
1141,95100.0,1,0.3816872835159302,0.41625285148620605,0.18766,0.004306217655539513,-2.437,-2.445,-0.222,52.108,1.49011
1142,95183.33,1,0.3847373127937317,0.410126656293869,0.18884,0.00471737515181303,-2.364,-2.448,-0.177,52.137,1.41934
1143,95266.67,1,0.38363614678382874,0.39721763134002686,0.19069,0.005486856214702129,-2.415,-2.463,-0.205,52.504,1.40523
1144,95350.0,1,0.3892894983291626,0.3896283507347107,0.19066,0.007147062104195356,-2.632,-2.458,-0.269,52.332,1.40574
1145,95433.33,1,0.3885277807712555,0.3887992799282074,0.19082,0.008118340745568275,-2.716,-2.411,-0.325,52.482,1.40444
1146,95515.0,1,0.3852621018886566,0.38784259557724,0.19164,0.00788893923163414,-2.797,-2.352,-0.342,52.317,1.40265
1147,95598.33,1,0.3757017254829407,0.38358253240585327,0.19303,0.007169496268033981,-2.777,-2.353,-0.359,52.329,1.39372
1148,95681.67,1,0.3695469796657562,0.38532304763793945,0.19352,0.006930110510438681,-2.724,-2.36,-0.361,51.954,1.37583
1149,95765.0,1,0.3684363067150116,0.39115506410598755,0.192,0.006986564956605434,-2.553,-2.398,-0.377,52.166,1.3842
1150,95848.33,1,0.36734166741371155,0.39069652557373047,0.19229,0.007545286789536476,-2.563,-2.41,-0.346,52.08,1.39533
1151,95931.67,1,0.3699168860912323,0.3921944797039032,0.19261,0.007132955826818943,-2.576,-2.42,-0.331,52.078,1.37663
1152,96015.0,1,0.3696148991584778,0.3907943069934845,0.19266,0.0077726878225803375,-2.662,-2.385,-0.316,51.806,1.36702
1153,96098.33,1,0.3701312839984894,0.39067307114601135,0.19324,0.0069070300087332726,-2.724,-2.388,-0.336,51.714,1.43586
1154,96181.67,1,0.36945268511772156,0.38302144408226013,0.19622,0.005924567114561796,-2.761,-2.412,-0.316,51.422,1.47675
1155,96265.0,1,0.37157419323921204,0.38119378685951233,0.19652,0.005456026177853346,-2.773,-2.431,-0.302,52.209,1.38424
1156,96348.33,1,0.37231120467185974,0.37947115302085876,0.19684,0.005772658158093691,-3.063,-2.441,-0.287,52.231,1.35559
1157,96431.67,1,0.37271642684936523,0.38450121879577637,0.19591,0.005810401868075132,-3.114,-2.421,-0.285,52.122,1.38314
1158,96515.0,1,0.4961588680744171,0.4975758492946625,0.15111,0.005866754334419966,-3.043,-2.386,-0.396,52.169,1.36023
1159,96598.33,1,0.4998164772987366,0.5123956799507141,0.14491,0.005464752670377493,-2.904,-2.289,-0.441,52.392,1.33686
1160,96681.67,1,0.4986196756362915,0.5088908672332764,0.14425,0.005574509035795927,-2.819,-2.168,-0.456,52.102,1.31822
1161,96765.0,1,0.47703227400779724,0.4829137623310089,0.15178,0.005458549130707979,-2.718,-2.104,-0.46,52.217,1.3258
1162,96848.33,1,0.4482349753379822,0.45275676250457764,0.16323,0.006681518163532019,-2.712,-2.084,-0.456,51.735,1.35752
1163,96931.67,1,0.4179536998271942,0.42980003356933594,0.17274,0.007527362555265427,-2.597,-2.106,-0.44,52.251,1.34455
1164,97015.0,1,0.3929358422756195,0.4036661982536316,0.18131,0.0078050680458545685,-2.552,-2.141,-0.375,52.289,1.33552
1165,97098.33,1,0.37684619426727295,0.38380858302116394,0.18785,0.008201203308999538,-2.557,-2.141,-0.256,52.14,1.37157
1166,97181.67,1,0.3720841109752655,0.3729971647262573,0.19056,0.00914763193577528,-2.497,-2.188,-0.233,51.851,1.3959
1167,97265.0,1,0.3631162643432617,0.3626243770122528,0.19395,0.00916540902107954,-2.456,-2.186,-0.214,52.421,1.36718
1168,97348.33,1,0.35408544540405273,0.354378342628479,0.19695,0.008372658863663673,-2.405,-2.208,-0.199,52.506,1.34699
1169,97431.67,1,0.3452582359313965,0.3414621353149414,0.20051,0.006843100301921368,-2.273,-2.186,-0.125,52.26,1.375
1170,97515.0,1,0.33368009328842163,0.33505117893218994,0.20347,0.006060261279344559,-2.137,-2.208,-0.042,52.03,1.40852
1171,97598.33,1,0.3326413929462433,0.33094191551208496,0.20361,0.006369480397552252,-2.15,-2.205,0.007,52.545,1.38681
1172,97681.67,1,0.3315450847148895,0.33971503376960754,0.20169,0.007210937794297934,-2.192,-2.218,0.024,52.369,1.39685
1173,97765.0,1,0.34148553013801575,0.3482680022716522,0.1978,0.008000053465366364,-2.2,-2.245,0.004,52.861,1.36764
1174,97846.67,1,0.36121273040771484,0.37636616826057434,0.19057,0.007850516587495804,-2.283,-2.308,-0.049,52.874,1.35102
1175,97930.0,1,0.3710640072822571,0.39066803455352783,0.18656,0.007645266596227884,-2.299,-2.261,-0.087,52.771,1.35691
1176,98013.33,1,0.3769714832305908,0.40071871876716614,0.18313,0.007563277613371611,-2.296,-2.222,-0.096,52.723,1.35018
1177,98096.67,1,0.3797774314880371,0.40353041887283325,0.18179,0.007416449952870607,-2.338,-2.221,-0.087,52.955,1.3524
1178,98180.0,1,0.38046038150787354,0.3987502157688141,0.18334,0.006984884385019541,-2.345,-2.207,-0.055,52.568,1.37904
1179,98263.33,1,0.38110411167144775,0.3935243487358093,0.18384,0.006339919287711382,-2.366,-2.189,-0.015,52.6,1.38835
1180,98346.67,1,0.3725728392601013,0.4010133743286133,0.18312,0.006271736230701208,-2.307,-2.18,0.017,52.714,1.36799
1181,98430.0,1,0.3997898995876312,0.47441402077674866,0.16721,0.006510657723993063,-1.701,-1.86,-0.176,53.564,1.36022
1182,98513.33,1,0.3941478431224823,0.5236197710037231,0.14287,0.005605313926935196,-1.906,-1.931,0.103,70.906,1.05408
1183,98596.67,1,0.6867003440856934,0.7731747627258301,0.03664,0.005958723835647106,-1.942,-1.923,-0.117,75.218,1.07587
1184,98680.0,1,0.7735722064971924,0.8110008239746094,0.01057,0.005205524619668722,-1.85,-1.838,-0.376,76.367,1.10242
1185,98763.33,1,0.7902795076370239,0.8172597885131836,0.01489,0.003909566439688206,-1.983,-1.863,-0.28,77.487,1.1299
1186,98846.67,1,0.7986254096031189,0.8194918036460876,0.01368,0.0036343825049698353,-2.234,-1.796,-0.24,76.678,1.19122
1187,98930.0,1,0.7993085980415344,0.8166971206665039,0.01442,0.0037829193752259016,-2.49,-1.781,-0.117,77.515,1.17295
1188,99013.33,1,0.7954024076461792,0.8143540024757385,0.0152,0.004442864563316107,-2.592,-1.784,-0.006,77.05,1.19175
1189,99096.67,1,0.796698808670044,0.81092369556427,0.01406,0.004630084615200758,-2.555,-1.792,0.066,76.922,1.2175
1190,99180.0,1,0.7670497894287109,0.7771132588386536,0.02004,0.0056926230899989605,-2.528,-1.794,0.386,76.689,1.18702
1191,99263.33,1,0.7873722910881042,0.7920822501182556,0.01119,0.006318025290966034,-2.043,-1.73,0.339,75.748,1.22091
1192,99346.67,1,0.779774010181427,0.8019838333129883,0.01249,0.005339732393622398,-1.855,-1.67,0.401,76.242,1.19323
1193,99430.0,1,0.7755119800567627,0.809804379940033,0.01666,0.0038413831498473883,-1.822,-1.78,0.521,75.841,1.2119
1194,99513.33,1,0.7696856260299683,0.8132498860359192,0.01769,0.003970800898969173,-1.707,-1.828,0.539,76.83,1.15591
1195,99596.67,1,0.780075192451477,0.8102657794952393,0.01635,0.00396460248157382,-1.672,-1.845,0.499,74.885,1.19492
1196,99680.0,1,0.7763147354125977,0.8159117102622986,0.01568,0.00479744141921401,-1.504,-1.893,0.389,72.82,1.2509
1197,99763.33,1,0.7866494059562683,0.8141984939575195,0.01433,0.005294285714626312,-1.433,-1.941,0.423,72.144,1.26999
1198,99846.67,1,0.7760812640190125,0.8094496726989746,0.01683,0.005133130121976137,-1.416,-1.918,0.467,71.492,1.28293
1199,99930.0,1,0.7746597528457642,0.8104313015937805,0.0168,0.005280973389744759,-1.423,-1.92,0.464,71.806,1.25618
1200,100013.33,1,0.7776825428009033,0.8057132959365845,0.01735,0.004865399561822414,-1.342,-1.89,0.478,71.355,1.24639
1201,100095.0,1,0.7815958261489868,0.7984239459037781,0.01657,0.004362109117209911,-1.354,-1.939,0.52,70.994,1.27285
1202,100178.33,1,0.7685045003890991,0.7804557085037231,0.01623,0.006758843082934618,-1.126,-1.915,0.502,70.877,1.25908
1203,100261.67,1,0.7695359587669373,0.7761898636817932,0.01593,0.004276346415281296,-0.41,-1.77,0.653,71.115,1.26569
1204,100345.0,1,0.7746845483779907,0.7875935435295105,0.01553,0.0034521487541496754,0.206,-1.994,0.477,70.655,1.30742
1205,100428.33,1,0.7706190943717957,0.7913121581077576,0.01527,0.004831438418477774,0.318,-2.055,0.5,69.888,1.27914
1206,100511.67,1,0.7718876600265503,0.7918503284454346,0.01538,0.004325563088059425,0.775,-2.116,0.494,59.553,1.51493
1207,100595.0,1,0.7895114421844482,0.7904324531555176,0.01774,0.0030121873132884502,0.964,-2.285,0.549,57.469,1.55839
1208,100678.33,1,0.8255813717842102,0.8146014213562012,0.01295,0.0026369758415967226,1.21,-2.353,0.619,55.824,1.581
1209,100761.67,1,0.823681652545929,0.8028478026390076,0.01215,0.005167942028492689,1.548,-2.253,0.656,56.161,1.50509
1210,100845.0,1,0.8262078166007996,0.8037633299827576,0.01475,0.008193929679691792,2.147,-2.113,0.438,56.314,1.43598
1211,100928.33,1,0.8162393569946289,0.8100502490997314,0.013,0.00982767902314663,2.055,-2.132,0.249,56.334,1.41446
1212,101011.67,1,0.7890506982803345,0.8062542676925659,0.01318,0.010542577132582664,2.059,-2.049,0.129,55.896,1.40023
1213,101095.0,1,0.7763917446136475,0.7960479259490967,0.01521,0.013227383606135845,1.93,-2.089,-0.067,56.286,1.39256
1214,101178.33,1,0.7701981067657471,0.7946827411651611,0.01481,0.0107044642791152,1.825,-2.043,-0.254,56.323,1.35403
1215,101261.67,1,0.7694866061210632,0.7917245626449585,0.0142,0.006128733046352863,1.621,-1.823,-0.432,56.35,1.36381
1216,101345.0,1,0.7725080251693726,0.7905644178390503,0.01253,0.005120186600834131,1.232,-1.424,-0.648,55.784,1.42096
1217,101428.33,1,0.7522592544555664,0.7599691152572632,0.02646,0.004217545967549086,-0.224,-1.224,-0.988,56.504,1.3685
1218,101511.67,1,0.37653636932373047,0.45183467864990234,0.18135,0.004727059043943882,-1.288,-1.42,-1.492,56.546,1.35385
1219,101595.0,1,0.26214599609375,0.33320286870002747,0.22782,0.00548402639105916,-1.771,-1.178,-1.75,56.306,1.34681
1220,101678.33,1,0.24984098970890045,0.32780060172080994,0.23385,0.005095634609460831,-2.253,-1.077,-1.999,55.62,1.42017
1221,101761.67,1,0.2689686119556427,0.3139209449291229,0.2355,0.005132988560944796,-2.595,-0.952,-2.139,56.051,1.40685
1222,101845.0,1,0.23773249983787537,0.3323047161102295,0.23518,0.004714304581284523,-2.558,-1.114,-2.174,56.071,1.40485
1223,101928.33,1,0.2593763470649719,0.338565856218338,0.23103,0.004823509603738785,-2.588,-1.132,-2.136,56.71,1.33113
1224,102011.67,1,0.32940927147865295,0.40449583530426025,0.20677,0.005082109943032265,-2.535,-1.102,-2.122,56.837,1.29445
1225,102095.0,1,0.5762654542922974,0.6782914400100708,0.08926,0.008951608091592789,-2.253,-0.818,-2.01,57.576,1.29762
1226,102178.33,1,0.7963391542434692,0.7799533605575562,0.01071,0.012218412943184376,-2.628,-0.395,-2.156,57.662,1.30188
1227,102261.67,1,0.7969571352005005,0.79095458984375,0.01423,0.006995383650064468,-3.033,-0.401,-2.073,57.314,1.37836
1228,102345.0,1,0.7985877394676208,0.8043751120567322,0.01684,0.00703715905547142,-3.198,-0.633,-2.103,56.935,1.3973
1229,102426.67,1,0.8013458251953125,0.8118294477462769,0.01946,0.007004429120570421,-3.519,-0.824,-1.983,57.538,1.39518
1230,102510.0,1,0.8017879724502563,0.8095517754554749,0.02044,0.0036393445916473866,-3.836,-1.001,-2.026,57.406,1.39738
1231,102593.33,1,0.8066851496696472,0.8093277215957642,0.01896,0.003325732657685876,-3.91,-1.002,-2.086,58.329,1.31848
1232,102676.67,1,0.8141967058181763,0.7980995178222656,0.01603,0.0056726401671767235,-3.516,-1.036,-2.358,58.326,1.34609
1233,102760.0,1,0.7899770736694336,0.7912600636482239,0.0197,0.0062580956146121025,-2.879,-0.847,-2.474,59.8,1.28538
1234,102843.33,1,0.6081974506378174,0.6884211897850037,0.07983,0.024129506200551987,-1.388,-1.015,-2.213,63.767,1.17342
1235,102926.67,1,0.3341386020183563,0.5686894059181213,0.15629,0.004250683821737766,-1.389,-1.189,-2.163,77.811,1.04978
1236,103010.0,1,0.31256622076034546,0.5689362287521362,0.16208,0.0047905840910971165,-1.658,-1.318,-2.312,78.783,1.07663
1237,103093.33,1,0.3146125376224518,0.5670914649963379,0.16361,0.005880639422684908,-1.878,-1.2,-2.496,79.752,1.11775
1238,103176.67,1,0.321994811296463,0.5531915426254272,0.16622,0.006548447534441948,-2.114,-0.779,-2.818,79.815,1.14982
1239,103260.0,1,0.4773828983306885,0.594965934753418,0.12432,0.005207488313317299,-2.529,-0.289,-3.086,80.09,1.15134
1240,103343.33,1,0.6938294172286987,0.6962724924087524,0.05467,0.005532249342650175,-2.521,0.142,-3.563,80.048,1.14742
1241,103426.67,1,0.47459253668785095,0.6040955781936646,0.11986,0.007202586624771357,-2.282,0.391,-3.713,80.389,1.15609
1242,103510.0,1,0.3449677526950836,0.4887511432170868,0.17887,0.0079154958948493,-2.372,0.335,-3.785,80.206,1.16294
1243,103593.33,1,0.28153783082962036,0.4153135418891907,0.21287,0.008373173885047436,-2.518,0.677,-3.705,79.572,1.22407
1244,103676.67,1,0.2510135769844055,0.3837831914424896,0.22737,0.007938490249216557,-2.473,0.795,-3.617,79.161,1.22208
1245,103760.0,1,0.25054559111595154,0.36744391918182373,0.22893,0.009406362660229206,-2.556,0.852,-3.57,79.195,1.22076
1246,103843.33,1,0.26974740624427795,0.3819037973880768,0.22027,0.009949417784810066,-2.361,0.893,-3.521,78.904,1.2207
1247,103926.67,1,0.7444807291030884,0.7650381326675415,0.03262,0.008191307075321674,-1.95,1.075,-3.489,78.875,1.2305
1248,104010.0,1,0.760003387928009,0.7744852304458618,0.01658,0.007383924443274736,-1.842,0.979,-3.469,78.16,1.25953
1249,104093.33,1,0.7904446125030518,0.8071932792663574,0.0166,0.00628258939832449,-1.68,0.828,-3.335,78.368,1.23237
1250,104176.67,1,0.8197158575057983,0.8241891860961914,0.02525,0.0054053617641329765,-1.602,0.705,-3.136,78.437,1.2292
1251,104260.0,1,0.8289231657981873,0.8397481441497803,0.03173,0.0051806713454425335,-1.654,0.554,-2.989,78.258,1.2488
1252,104343.33,1,0.8336824178695679,0.8429003953933716,0.03283,0.0049875350669026375,-1.664,0.386,-2.779,78.212,1.23578
1253,104426.67,1,0.8250542283058167,0.8423267602920532,0.0296,0.004789852071553469,-1.856,0.105,-2.531,78.117,1.25376
1254,104510.0,1,0.7298668622970581,0.8073520064353943,0.02535,0.005497196223586798,-1.754,-0.244,-2.096,78.015,1.23822
1255,104593.33,1,0.4721215069293976,0.6765201091766357,0.0965,0.0050409045070409775,-1.946,-0.725,-1.685,78.038,1.25097
1256,104676.67,1,0.3443089723587036,0.5386171340942383,0.15297,0.004754110239446163,-2.03,-1.007,-1.312,78.006,1.24075
1257,104758.33,1,0.3293202817440033,0.4577960968017578,0.1774,0.00442708982154727,-2.162,-1.197,-1.17,78.331,1.23362
1258,104841.67,1,0.33352458477020264,0.4335844814777374,0.18626,0.004185223486274481,-2.208,-1.224,-1.08,77.847,1.23217
1259,104925.0,1,0.31701546907424927,0.3856338560581207,0.19977,0.004675927106291056,-2.162,-1.31,-0.948,77.14,1.23543
1260,105008.33,1,0.27804550528526306,0.3607333302497864,0.21115,0.006860924884676933,-2.115,-1.434,-0.786,76.589,1.23933
1261,105091.67,1,0.2886207401752472,0.3679138123989105,0.21424,0.005713827908039093,-2.009,-1.441,-0.812,75.232,1.25382
1262,105175.0,1,0.3111509084701538,0.37131550908088684,0.2075,0.006551186088472605,-1.826,-1.475,-0.797,73.288,1.27971
1263,105258.33,1,0.3181358277797699,0.3653915524482727,0.20689,0.005457806866616011,-2.005,-1.375,-0.803,72.575,1.29071
1264,105341.67,1,0.3253234028816223,0.36673152446746826,0.20394,0.005424506962299347,-2.02,-1.363,-0.828,71.707,1.34054
1265,105425.0,1,0.3216947317123413,0.3708949685096741,0.20444,0.005237651523202658,-1.692,-1.367,-0.851,71.759,1.32223
1266,105508.33,1,0.3372321128845215,0.3969719111919403,0.19446,0.005327500868588686,-1.64,-1.339,-0.896,70.979,1.35398
1267,105591.67,1,0.48420390486717224,0.6273856163024902,0.12214,0.005569969769567251,-1.524,-1.318,-0.908,71.32,1.31238
1268,105675.0,1,0.7463706135749817,0.7764467597007751,0.02611,0.005635831039398909,-1.638,-1.271,-0.934,71.405,1.27905
1269,105758.33,1,0.8064003586769104,0.8186419010162354,0.01811,0.005230106879025698,-1.677,-1.184,-0.943,71.534,1.26608
1270,105841.67,1,0.8178697228431702,0.8232110142707825,0.02087,0.0049492185935378075,-1.76,-1.118,-0.973,70.976,1.29081
1271,105925.0,1,0.8040727376937866,0.8171215057373047,0.01787,0.0051239556632936,-1.789,-1.083,-1.012,70.989,1.25967
1272,106008.33,1,0.7082952857017517,0.7892263531684875,0.02931,0.0045432476326823235,-1.824,-1.056,-0.999,70.458,1.28711
1273,106091.67,1,0.5111539959907532,0.6935825347900391,0.09457,0.004448235500603914,-1.725,-1.164,-1.041,70.518,1.26773
1274,106175.0,1,0.39691871404647827,0.599862277507782,0.14091,0.004353413358330727,-1.626,-1.302,-1.0,69.576,1.278
1275,106258.33,1,0.35550522804260254,0.4902130961418152,0.17272,0.004500225186347961,-1.661,-1.418,-1.032,69.864,1.28182
1276,106341.67,1,0.38606423139572144,0.5225744247436523,0.16301,0.004515407141298056,-1.7,-1.486,-1.024,70.023,1.25758
1277,106425.0,1,0.3918355405330658,0.5176564455032349,0.16577,0.005171551834791899,-1.82,-1.499,-0.987,70.807,1.22681
1278,106508.33,1,0.3839246332645416,0.479853093624115,0.17503,0.00542136887088418,-2.195,-1.5,-0.958,70.989,1.21157
1279,106591.67,1,0.3761925995349884,0.4435620903968811,0.18442,0.005057298578321934,-2.286,-1.448,-0.908,71.206,1.21509
1280,106675.0,1,0.36992576718330383,0.4277411699295044,0.18911,0.004926184192299843,-2.364,-1.465,-0.88,70.695,1.2373
1281,106758.33,1,0.3654458224773407,0.41532832384109497,0.19336,0.004449093248695135,-2.496,-1.51,-0.851,71.114,1.21049
1282,106841.67,1,0.35544121265411377,0.40199384093284607,0.19889,0.004195614252239466,-2.462,-1.512,-0.84,71.237,1.20151
1283,106925.0,1,0.349736750125885,0.39396852254867554,0.20235,0.004233579151332378,-2.455,-1.524,-0.847,71.578,1.19885
1284,107006.67,1,0.3456294536590576,0.3859833776950836,0.20419,0.004291515797376633,-2.415,-1.548,-0.831,71.423,1.19868
1285,107090.0,1,0.34886327385902405,0.3882061541080475,0.20319,0.004327658098191023,-2.415,-1.611,-0.83,71.445,1.18973
1286,107173.33,1,0.35589033365249634,0.3986436128616333,0.19982,0.004543255548924208,-2.317,-1.7,-0.852,71.2,1.19445
1287,107256.67,1,0.35825446248054504,0.40516018867492676,0.19799,0.004693792201578617,-2.228,-1.753,-0.878,71.477,1.19524
1288,107340.0,1,0.35106560587882996,0.40625688433647156,0.19881,0.004912855569273233,-2.173,-1.789,-0.876,71.257,1.20123
1289,107423.33,1,0.3448246121406555,0.4034133851528168,0.1989,0.005789551418274641,-2.019,-1.85,-0.87,70.839,1.22688
1290,107506.67,1,0.339367151260376,0.39409729838371277,0.20041,0.005968782119452953,-1.831,-1.691,-0.867,70.397,1.25549
1291,107590.0,1,0.32952064275741577,0.39089304208755493,0.20144,0.006052006967365742,-1.744,-1.643,-0.866,70.785,1.24156
1292,107673.33,1,0.32755109667778015,0.39411866664886475,0.20021,0.005882156081497669,-1.761,-1.641,-0.877,70.463,1.25096
1293,107756.67,1,0.33276426792144775,0.39637821912765503,0.19704,0.005941632203757763,-1.756,-1.641,-0.918,70.93,1.23084
1294,107840.0,1,0.3386426866054535,0.40151408314704895,0.19469,0.006014763377606869,-1.816,-1.701,-0.945,70.719,1.21971
1295,107923.33,1,0.33591532707214355,0.3993337154388428,0.19856,0.005487908609211445,-1.927,-1.68,-0.993,71.06,1.21009
1296,108006.67,1,0.33391812443733215,0.3947288393974304,0.20063,0.005388177465647459,-1.938,-1.676,-1.035,70.89,1.20514
1297,108090.0,1,0.33583852648735046,0.39068087935447693,0.19924,0.005481795407831669,-1.947,-1.659,-1.03,70.768,1.21959
1298,108173.33,1,0.3378940224647522,0.39046722650527954,0.1978,0.005419422872364521,-1.926,-1.633,-1.044,70.542,1.2133
1299,108256.67,1,0.33774882555007935,0.38993898034095764,0.19882,0.005301060155034065,-1.944,-1.629,-1.055,70.683,1.21574
1300,108340.0,1,0.3430250585079193,0.39330196380615234,0.1984,0.005251084454357624,-2.026,-1.609,-1.074,70.282,1.231
1301,108423.33,1,0.35649093985557556,0.396977037191391,0.19552,0.005307357292622328,-2.179,-1.602,-1.041,70.26,1.24317
1302,108506.67,1,0.3714844286441803,0.4023743271827698,0.19,0.0053634666837751865,-2.216,-1.569,-1.026,69.94,1.25273
1303,108590.0,1,0.3805100917816162,0.41008517146110535,0.18526,0.005381701048463583,-2.308,-1.489,-1.033,70.452,1.23074
1304,108673.33,1,0.41488781571388245,0.5230511426925659,0.15712,0.005464553367346525,-2.33,-1.504,-1.038,70.463,1.21899
1305,108756.67,1,0.4461730122566223,0.5737373232841492,0.14304,0.005412672646343708,-2.288,-1.503,-1.047,70.669,1.21684
1306,108840.0,1,0.45478513836860657,0.574674129486084,0.14267,0.005446709226816893,-2.259,-1.518,-1.041,70.27,1.23244
1307,108923.33,1,0.45418697595596313,0.5684171915054321,0.14467,0.005467464681714773,-2.284,-1.482,-1.036,70.583,1.22032
1308,109006.67,1,0.4535441994667053,0.56168532371521,0.14654,0.0054995897226035595,-2.247,-1.411,-1.024,70.49,1.2135
1309,109090.0,1,0.4510309398174286,0.5538005828857422,0.14939,0.0054778712801635265,-2.245,-1.39,-1.016,70.426,1.20145
1310,109173.33,1,0.4485049545764923,0.5469701290130615,0.15116,0.005485877860337496,-2.234,-1.353,-1.005,69.813,1.20912
1311,109256.67,1,0.4443315863609314,0.5407938957214355,0.15313,0.005377101246267557,-2.256,-1.326,-0.996,70.153,1.2094
1312,109338.33,1,0.4366733729839325,0.5280354022979736,0.15604,0.0055502066388726234,-2.32,-1.262,-0.975,69.858,1.22417
1313,109421.67,1,0.4300268888473511,0.5105660557746887,0.16046,0.005666984245181084,-2.318,-1.252,-0.96,70.129,1.23444
1314,109505.0,1,0.4199557900428772,0.4974801242351532,0.16565,0.005708715878427029,-2.322,-1.264,-0.945,70.218,1.22423
1315,109588.33,1,0.41515102982521057,0.4915773570537567,0.16823,0.005828347522765398,-2.261,-1.313,-0.964,70.254,1.23489
1316,109671.67,1,0.42397379875183105,0.5288997888565063,0.15853,0.0061576454900205135,-2.071,-1.429,-0.996,69.897,1.23623
1317,109755.0,1,0.4273819625377655,0.5669859647750854,0.14914,0.007339535281062126,-1.875,-1.468,-0.997,70.649,1.22166
1318,109838.33,1,0.42424407601356506,0.5801751613616943,0.14829,0.005614725407212973,-1.782,-1.396,-0.813,71.011,1.21374
1319,109921.67,1,0.5020956993103027,0.5667782425880432,0.12888,0.00527778547257185,-1.549,-0.976,-0.716,71.545,1.21171
1320,110005.0,1,0.49856242537498474,0.603105902671814,0.11834,0.007782933302223682,-2.287,-0.787,-0.895,71.526,1.26782
1321,110088.33,1,0.7466095685958862,0.7722499370574951,0.02277,0.004488699603825808,-2.27,-0.719,-1.16,71.991,1.27567
1322,110171.67,1,0.8023356795310974,0.8123553395271301,0.01133,0.004856923595070839,-2.321,-0.712,-1.141,72.197,1.27909
1323,110255.0,1,0.8223576545715332,0.8430106043815613,0.02153,0.004752003587782383,-2.305,-0.854,-1.09,72.879,1.23465
1324,110338.33,1,0.80988609790802,0.8343147039413452,0.01653,0.004307720344513655,-2.371,-1.012,-1.036,72.966,1.2207
1325,110421.67,1,0.8066157102584839,0.8335323333740234,0.01537,0.004118219017982483,-2.522,-1.175,-1.01,72.688,1.24501
1326,110505.0,1,0.7997705340385437,0.8215606212615967,0.01483,0.0045585776679217815,-2.583,-1.254,-0.982,72.524,1.22548
1327,110588.33,1,0.8047806024551392,0.784818172454834,0.01274,0.004005782306194305,-2.727,-1.375,-1.215,72.14,1.23913
1328,110671.67,1,0.7955924272537231,0.7867956161499023,0.01534,0.004986063111573458,-2.813,-1.379,-1.482,71.698,1.2071
1329,110755.0,1,0.7850922346115112,0.7865972518920898,0.02053,0.003707071766257286,-2.83,-1.336,-1.521,71.862,1.20041
1330,110838.33,1,0.78766268491745,0.7811975479125977,0.01878,0.0033293257001787424,-2.765,-1.309,-1.583,71.509,1.18873
1331,110921.67,1,0.7890978455543518,0.788956344127655,0.01712,0.0029790366534143686,-2.752,-1.331,-1.56,71.229,1.22291
1332,111005.0,1,0.8075110912322998,0.8005070686340332,0.01363,0.0022877531591802835,-2.765,-1.341,-1.585,71.155,1.19753
1333,111088.33,1,0.7929666042327881,0.770108163356781,0.01765,0.0025072062853723764,-2.728,-1.31,-1.576,71.473,1.19049
1334,111171.67,1,0.6415036916732788,0.6372467875480652,0.08244,0.002681044163182378,-2.866,-1.31,-1.487,71.589,1.19719
1335,111255.0,1,0.5027894973754883,0.5551469326019287,0.12651,0.003506359877064824,-2.732,-1.282,-1.537,71.655,1.20109
1336,111338.33,1,0.45214197039604187,0.5162693858146667,0.14954,0.0033764939289540052,-2.902,-1.514,-1.408,71.657,1.20815
1337,111421.67,1,0.43845364451408386,0.5010079145431519,0.15933,0.0033653874415904284,-2.843,-1.643,-1.359,71.061,1.25906
1338,111505.0,1,0.46198269724845886,0.5367726683616638,0.14954,0.003766134846955538,-2.752,-1.781,-1.378,70.458,1.26949
1339,111588.33,1,0.4366888105869293,0.5288554430007935,0.15398,0.004436799790710211,-2.749,-1.814,-1.34,70.669,1.26637
1340,111670.0,1,0.4393215775489807,0.5302703380584717,0.15249,0.004767619073390961,-2.772,-1.827,-1.256,70.856,1.23466
1341,111753.33,1,0.4350579082965851,0.5279091000556946,0.15452,0.0049242437817156315,-2.817,-1.873,-1.239,71.244,1.23072
1342,111836.67,1,0.4340142011642456,0.5220990777015686,0.1571,0.005128310527652502,-2.9,-2.039,-1.285,70.709,1.25239
1343,111920.0,1,0.4309033751487732,0.5329598188400269,0.15418,0.0051299799233675,-2.895,-2.089,-1.264,70.975,1.25772
1344,112003.33,1,0.4411848783493042,0.5729385614395142,0.14307,0.005103509407490492,-2.731,-2.125,-1.173,71.341,1.2343
1345,112086.67,1,0.49902719259262085,0.5777984857559204,0.12714,0.00895032286643982,-2.825,-2.071,-1.085,71.696,1.22997
1346,112170.0,1,0.4665663540363312,0.5543391704559326,0.13834,0.011342122219502926,-2.899,-2.123,-1.074,71.092,1.25725
1347,112253.33,1,0.4723568558692932,0.5549362301826477,0.13542,0.007923760451376438,-2.943,-2.18,-0.938,71.424,1.23908
1348,112336.67,1,0.4527195394039154,0.5452943444252014,0.14251,0.012116295285522938,-3.068,-2.407,-0.363,71.466,1.26845
1349,112420.0,1,0.42879942059516907,0.5174502730369568,0.14957,0.011808517388999462,-3.087,-2.652,-0.189,72.229,1.22763
1350,112503.33,1,0.42544472217559814,0.5110426545143127,0.15274,0.009359227493405342,-2.905,-2.868,-0.241,72.287,1.21416
1351,112586.67,1,0.4216325879096985,0.5156052112579346,0.15224,0.009653043001890182,-2.91,-2.906,-0.381,71.907,1.2464
1352,112670.0,1,0.4221707284450531,0.48977386951446533,0.15879,0.006552834529429674,-2.97,-2.892,-0.496,71.909,1.22327
1353,112753.33,1,0.42492610216140747,0.5131018161773682,0.15094,0.005141640082001686,-2.99,-2.901,-0.648,72.313,1.20761
1354,112836.67,1,0.4237719178199768,0.5315378308296204,0.14533,0.006110377609729767,-2.945,-2.997,-0.773,71.99,1.19417
1355,112920.0,1,0.435146689414978,0.5591658353805542,0.13521,0.006227657664567232,-2.869,-2.971,-0.87,71.651,1.21036
1356,113003.33,1,0.43280544877052307,0.5478732585906982,0.13958,0.005854038987308741,-2.938,-2.955,-0.971,71.479,1.20596
1357,113086.67,1,0.42230790853500366,0.5420899987220764,0.14565,0.005374156404286623,-2.931,-2.952,-1.063,71.736,1.19696
1358,113170.0,1,0.4156757593154907,0.5462924242019653,0.1495,0.004760528914630413,-2.882,-2.982,-1.15,71.698,1.20026
1359,113253.33,1,0.4052671194076538,0.5210165977478027,0.15783,0.004994032438844442,-2.915,-2.924,-1.187,71.313,1.2406
1360,113336.67,1,0.39648571610450745,0.5229048728942871,0.15954,0.005057672504335642,-2.825,-2.892,-1.23,70.864,1.25913
1361,113420.0,1,0.39127033948898315,0.5221309661865234,0.16022,0.005067289806902409,-2.683,-2.73,-1.277,71.162,1.25624
1362,113503.33,1,0.39062055945396423,0.5209383964538574,0.16014,0.004870832432061434,-2.703,-2.644,-1.286,71.476,1.23096
1363,113586.67,1,0.39271947741508484,0.526046633720398,0.15933,0.004727642051875591,-2.641,-2.647,-1.295,71.606,1.22261
1364,113670.0,1,0.39226189255714417,0.5238465070724487,0.16132,0.005341945681720972,-2.597,-2.661,-1.303,70.807,1.23401
1365,113753.33,1,0.40225207805633545,0.5303217172622681,0.15959,0.005428353790193796,-2.637,-2.668,-1.336,71.178,1.21362
1366,113836.67,1,0.4125937521457672,0.533376932144165,0.15768,0.005487988702952862,-2.648,-2.668,-1.326,70.938,1.1997
1367,113920.0,1,0.4304099380970001,0.5561667084693909,0.15222,0.005249361041933298,-2.754,-2.636,-1.308,70.887,1.20767
1368,114003.33,1,0.46667230129241943,0.5972766876220703,0.13801,0.004983700346201658,-2.85,-2.641,-1.279,69.961,1.22967
1369,114085.0,1,0.49028918147087097,0.6211789846420288,0.12512,0.004860489163547754,-2.816,-2.566,-1.224,70.019,1.23164
1370,114168.33,1,0.5135809779167175,0.6330394744873047,0.11416,0.004891237244009972,-2.701,-2.544,-1.182,69.401,1.24147
1371,114251.67,1,0.5277632474899292,0.6442966461181641,0.10714,0.004944739397615194,-2.577,-2.517,-1.172,69.63,1.2294
1372,114335.0,1,0.5056755542755127,0.6391060948371887,0.11257,0.005090959370136261,-2.537,-2.526,-1.178,69.306,1.217
1373,114418.33,1,0.4846976101398468,0.617510974407196,0.12089,0.005047279875725508,-2.531,-2.519,-1.184,69.153,1.2385
1374,114501.67,1,0.45107412338256836,0.573360800743103,0.13582,0.005180553533136845,-2.673,-2.503,-1.154,69.007,1.23881
1375,114585.0,1,0.4238201081752777,0.5210460424423218,0.15281,0.005590494722127914,-2.765,-2.54,-1.121,69.082,1.23639
1376,114668.33,1,0.4273132383823395,0.5124809741973877,0.15525,0.005873682908713818,-2.815,-2.583,-1.101,68.43,1.24364
1377,114751.67,1,0.4227246940135956,0.4987117350101471,0.15767,0.005984821356832981,-2.824,-2.576,-1.1,68.778,1.22615
1378,114835.0,1,0.4238556921482086,0.5077512264251709,0.15686,0.005431395024061203,-2.807,-2.603,-1.091,68.763,1.22328
1379,114918.33,1,0.4260764718055725,0.5106565952301025,0.15588,0.005314967595040798,-2.728,-2.594,-1.066,68.899,1.22298
1380,115001.67,1,0.44023847579956055,0.5179001688957214,0.15497,0.004126137122511864,-2.725,-2.531,-1.023,68.958,1.22559
1381,115085.0,1,0.44778743386268616,0.5263738632202148,0.1537,0.0039003468118608,-2.72,-2.547,-1.038,68.835,1.23994
1382,115168.33,1,0.45592886209487915,0.5337655544281006,0.15272,0.0039129978977143764,-2.639,-2.598,-1.054,68.534,1.22722
1383,115251.67,1,0.458644300699234,0.5408389568328857,0.15082,0.004076571203768253,-2.589,-2.663,-1.075,68.783,1.23528
1384,115335.0,1,0.4583946466445923,0.5439072847366333,0.15081,0.004309444688260555,-2.627,-2.668,-1.085,68.415,1.25682
1385,115418.33,1,0.4602082371711731,0.5547746419906616,0.1475,0.004575976636260748,-2.686,-2.736,-1.097,68.479,1.25614
1386,115501.67,1,0.4579489231109619,0.5615429878234863,0.14481,0.005183650646358728,-2.596,-2.786,-1.12,68.51,1.24785
1387,115585.0,1,0.4561748504638672,0.5656936168670654,0.14419,0.005106437020003796,-2.565,-2.785,-1.139,68.848,1.24741
1388,115668.33,1,0.4563088119029999,0.584235668182373,0.14028,0.005209172610193491,-2.429,-2.769,-1.141,68.509,1.26381
1389,115751.67,1,0.45721903443336487,0.5903360843658447,0.13865,0.0052106804214417934,-2.442,-2.796,-1.149,68.899,1.26027
1390,115835.0,1,0.4549432694911957,0.5881935358047485,0.13849,0.0054578534327447414,-2.436,-2.814,-1.131,68.56,1.27151
1391,115918.33,1,0.4550127387046814,0.5900049805641174,0.13764,0.005674068816006184,-2.455,-2.795,-1.178,69.001,1.25513
1392,116001.67,1,0.45815223455429077,0.5983778238296509,0.1349,0.005927522201091051,-2.461,-2.791,-1.182,68.947,1.24548
1393,116085.0,1,0.4636812210083008,0.611054539680481,0.13092,0.006126888561993837,-2.479,-2.801,-1.189,69.274,1.23663
1394,116168.33,1,0.4637708365917206,0.6192885637283325,0.12881,0.006069606635719538,-2.485,-2.795,-1.185,69.053,1.23249
1395,116251.67,1,0.4739391505718231,0.6251256465911865,0.1252,0.006075596436858177,-2.377,-2.777,-1.182,69.22,1.23799
1396,116335.0,1,0.47860732674598694,0.6275144219398499,0.12432,0.006060115061700344,-2.274,-2.792,-1.184,68.738,1.25868
1397,116418.33,1,0.4740988314151764,0.6337076425552368,0.12237,0.006978501100093126,-2.167,-2.789,-1.166,68.621,1.27002
1398,116500.0,1,0.483827143907547,0.6313737630844116,0.12081,0.007817408069968224,-2.171,-2.801,-1.172,68.139,1.26867
1399,116583.33,1,0.5128612518310547,0.6439845561981201,0.11059,0.008275960572063923,-2.125,-2.785,-1.119,68.72,1.25125
1400,116666.67,1,0.5136060118675232,0.6327911615371704,0.11396,0.00829392857849598,-2.205,-2.761,-1.095,68.832,1.24187
1401,116750.0,1,0.49932658672332764,0.6142264604568481,0.11955,0.008036733604967594,-2.218,-2.75,-1.096,68.992,1.25395
1402,116833.33,1,0.48123395442962646,0.5995455980300903,0.12762,0.006901595741510391,-2.145,-2.754,-1.111,68.994,1.24996
1403,116916.67,1,0.46368342638015747,0.5775806903839111,0.13757,0.00612961919978261,-2.176,-2.72,-1.075,69.447,1.24174
1404,117000.0,1,0.4497716724872589,0.5505538582801819,0.14701,0.005076158791780472,-2.276,-2.636,-1.006,69.454,1.23677
1405,117083.33,1,0.43985655903816223,0.5128300189971924,0.15648,0.00489624822512269,-2.449,-2.652,-0.928,69.591,1.22192
1406,117166.67,1,0.42668092250823975,0.48608335852622986,0.16401,0.00490649975836277,-2.485,-2.65,-0.889,69.451,1.22141
1407,117250.0,1,0.41317400336265564,0.4664091169834137,0.17021,0.005018030293285847,-2.494,-2.659,-0.896,69.684,1.22892
1408,117333.33,1,0.3956819474697113,0.44313085079193115,0.17573,0.0053366306237876415,-2.467,-2.687,-0.895,69.41,1.25028
1409,117416.67,1,0.38392260670661926,0.42339789867401123,0.18169,0.0049706995487213135,-2.475,-2.68,-0.871,69.601,1.23952
1410,117500.0,1,0.37117573618888855,0.4015360474586487,0.18829,0.0047117238864302635,-2.73,-2.612,-0.861,69.653,1.21303
1411,117583.33,1,0.36753761768341064,0.39069509506225586,0.19031,0.004728524014353752,-2.83,-2.597,-0.84,70.064,1.21367
1412,117666.67,1,0.3648732304573059,0.38523516058921814,0.19118,0.004816383123397827,-2.819,-2.589,-0.814,69.88,1.21576
1413,117750.0,1,0.37046295404434204,0.3979480564594269,0.18752,0.004991492722183466,-2.772,-2.625,-0.807,69.825,1.24228
1414,117833.33,1,0.383151113986969,0.41850200295448303,0.1819,0.0055294642224907875,-2.763,-2.732,-0.777,69.341,1.26225
1415,117916.67,1,0.39517003297805786,0.4250446856021881,0.17898,0.005774245597422123,-2.745,-2.756,-0.73,69.735,1.26279
1416,118000.0,1,0.4036784768104553,0.42214101552963257,0.17831,0.0058171735145151615,-2.703,-2.762,-0.699,69.357,1.27027
1417,118083.33,1,0.4153065085411072,0.4231473207473755,0.17875,0.005164187867194414,-2.703,-2.76,-0.708,69.703,1.25069
1418,118166.67,1,0.4275782108306885,0.43133774399757385,0.17706,0.004804200958460569,-2.765,-2.792,-0.693,69.612,1.23987
1419,118250.0,1,0.5347121953964233,0.551721453666687,0.13287,0.0051400987431406975,-2.671,-2.807,-0.811,69.686,1.23527
1420,118333.33,1,0.5734500885009766,0.608368992805481,0.10932,0.005597924813628197,-2.48,-2.79,-0.906,69.008,1.24167
1421,118416.67,1,0.5768430233001709,0.6200553178787231,0.10658,0.005381029564887285,-2.482,-2.791,-0.954,69.064,1.2513
1422,118500.0,1,0.5251523852348328,0.5937720537185669,0.12423,0.00502708088606596,-2.515,-2.816,-0.954,69.064,1.24284
1423,118583.33,1,0.4842958152294159,0.5402642488479614,0.14218,0.0049325646832585335,-2.666,-2.825,-0.947,69.306,1.22864
1424,118666.67,1,0.45334091782569885,0.4973832368850708,0.15551,0.004632665775716305,-2.722,-2.785,-0.926,68.937,1.21371
1425,118750.0,1,0.44127634167671204,0.489956259727478,0.15974,0.004789406433701515,-2.733,-2.783,-0.921,69.245,1.20904
1426,118831.67,1,0.4379793405532837,0.47253403067588806,0.16389,0.0047927675768733025,-2.718,-2.81,-0.926,69.068,1.20272
1427,118915.0,1,0.43609619140625,0.46537572145462036,0.16642,0.004719730466604233,-2.693,-2.808,-0.928,69.104,1.22906
1428,118998.33,1,0.43225762248039246,0.4627026915550232,0.16787,0.004669134505093098,-2.462,-2.857,-0.932,69.074,1.22925
1429,119081.67,1,0.43179526925086975,0.46039092540740967,0.16941,0.004481201525777578,-2.41,-2.889,-0.96,69.233,1.23223
1430,119165.0,1,0.43065503239631653,0.45696642994880676,0.17073,0.004328661132603884,-2.343,-2.897,-0.983,68.846,1.25187
1431,119248.33,1,0.42998749017715454,0.45519259572029114,0.1723,0.004007323645055294,-2.36,-2.886,-0.996,69.273,1.23841
1432,119331.67,1,0.4277624785900116,0.4527325928211212,0.17378,0.0038965733256191015,-2.373,-2.867,-0.979,69.197,1.23122
1433,119415.0,1,0.4314965605735779,0.46388599276542664,0.17131,0.0038968767039477825,-2.399,-2.875,-0.96,69.21,1.24399
1434,119498.33,1,0.4400089979171753,0.4876839816570282,0.16506,0.003796251257881522,-2.534,-2.89,-0.924,69.201,1.23736
1435,119581.67,1,0.444369912147522,0.5020319223403931,0.16144,0.004011049401015043,-2.533,-2.859,-0.934,69.246,1.25255
1436,119665.0,1,0.44518032670021057,0.5051075220108032,0.15992,0.004327904898673296,-2.552,-2.844,-0.946,69.242,1.24145
1437,119748.33,1,0.4418613910675049,0.5012832880020142,0.16016,0.004690487403422594,-2.548,-2.798,-0.963,69.399,1.2227
1438,119831.67,1,0.434879332780838,0.49542826414108276,0.16039,0.0049955821596086025,-2.518,-2.778,-0.986,69.25,1.22039
1439,119915.0,1,0.4317009449005127,0.4882129728794098,0.1611,0.0049121929332613945,-2.501,-2.735,-0.999,68.882,1.24309
1440,119998.33,1,0.4293753206729889,0.48484906554222107,0.16173,0.004656537435948849,-2.507,-2.718,-1.009,68.469,1.27727
1441,120081.67,1,0.42929840087890625,0.4835752844810486,0.16214,0.004709501285105944,-2.521,-2.717,-1.008,68.743,1.26422
1442,120165.0,1,0.4274919927120209,0.4824771583080292,0.16216,0.004914953839033842,-2.51,-2.714,-1.008,68.241,1.26242
1443,120248.33,1,0.4275055527687073,0.47879981994628906,0.16323,0.005020383279770613,-2.515,-2.73,-1.019,68.722,1.24766
1444,120331.67,1,0.42795810103416443,0.476974219083786,0.16358,0.005117762368172407,-2.48,-2.764,-1.017,68.76,1.24048
1445,120415.0,1,0.4266931414604187,0.4771483242511749,0.16341,0.005373753607273102,-2.411,-2.804,-1.022,69.166,1.23593
1446,120498.33,1,0.4245840013027191,0.47458717226982117,0.16409,0.005671035498380661,-2.386,-2.811,-1.009,69.036,1.23508
1447,120581.67,1,0.4224090576171875,0.46540576219558716,0.16574,0.0059468867257237434,-2.38,-2.796,-0.989,69.25,1.22151
1448,120665.0,1,0.4227534830570221,0.4576248526573181,0.16701,0.0056256987154483795,-2.361,-2.79,-0.944,69.183,1.2218
1449,120748.33,1,0.42354875802993774,0.4484754204750061,0.16893,0.005534694530069828,-2.501,-2.752,-0.879,69.335,1.22567
1450,120831.67,1,0.4167267084121704,0.4229985475540161,0.17537,0.005263748113065958,-2.515,-2.757,-0.839,68.796,1.23806
1451,120915.0,1,0.40736305713653564,0.4085044264793396,0.17852,0.005193175282329321,-2.551,-2.736,-0.848,69.061,1.25541
1452,120998.33,1,0.394056111574173,0.39398062229156494,0.18507,0.0047101471573114395,-2.557,-2.72,-0.85,69.192,1.24916
1453,121081.67,1,0.3901929259300232,0.3876619040966034,0.18726,0.004617588594555855,-2.506,-2.706,-0.814,69.473,1.24512
1454,121165.0,1,0.38475126028060913,0.3791632056236267,0.18979,0.004590767901390791,-2.561,-2.717,-0.756,69.003,1.25061
1455,121246.67,1,0.40777337551116943,0.41635775566101074,0.17832,0.004944509826600552,-2.572,-2.717,-0.799,69.607,1.24059
1456,121330.0,1,0.6050258874893188,0.6526331901550293,0.09105,0.005232213530689478,-2.364,-2.74,-0.836,69.695,1.23657
1457,121413.33,1,0.5963799357414246,0.6516329646110535,0.08934,0.005179403815418482,-2.317,-2.703,-0.902,69.84,1.23721
1458,121496.67,1,0.5651299953460693,0.6500020027160645,0.09692,0.005253645125776529,-2.244,-2.768,-0.94,69.247,1.24801
1459,121580.0,1,0.47897419333457947,0.5696089267730713,0.13214,0.004836453124880791,-2.206,-2.858,-0.957,69.625,1.23956
1460,121663.33,1,0.42244115471839905,0.4979811906814575,0.15794,0.004529234021902084,-2.196,-2.912,-0.959,69.592,1.23718
1461,121746.67,1,0.4064686596393585,0.4594974219799042,0.17097,0.004519367590546608,-2.224,-2.943,-0.96,69.586,1.23107
1462,121830.0,1,0.39618414640426636,0.4359729588031769,0.17749,0.004674156196415424,-2.223,-2.975,-0.947,69.147,1.25098
1463,121913.33,1,0.3803645074367523,0.41297703981399536,0.18399,0.004854334518313408,-2.241,-2.994,-0.944,69.408,1.23396
1464,121996.67,1,0.35747775435447693,0.40017440915107727,0.18884,0.005424154456704855,-2.256,-3.038,-0.913,69.36,1.23288
1465,122080.0,1,0.3509281575679779,0.3934217095375061,0.19119,0.006417948752641678,-2.229,-3.032,-0.898,69.263,1.2542
1466,122163.33,1,0.34929782152175903,0.3842732906341553,0.19377,0.006605388596653938,-2.213,-3.025,-0.939,69.117,1.24744
1467,122246.67,1,0.34568822383880615,0.38001206517219543,0.19644,0.006561364512890577,-2.277,-3.0,-0.932,69.454,1.2395
1468,122330.0,1,0.35931289196014404,0.3869209587574005,0.19339,0.006544319912791252,-2.434,-2.949,-0.922,69.323,1.23702
1469,122413.33,1,0.37152767181396484,0.3903311789035797,0.19142,0.00647367350757122,-2.449,-2.917,-0.898,68.917,1.25707
1470,122496.67,1,0.37953290343284607,0.4031654894351959,0.18629,0.00705732312053442,-2.422,-2.937,-0.894,68.565,1.28339
1471,122580.0,1,0.38503962755203247,0.4177868962287903,0.18379,0.006779520772397518,-2.416,-2.896,-0.886,69.131,1.26352
1472,122663.33,1,0.3900443911552429,0.4424781799316406,0.17792,0.008096965029835701,-2.194,-2.776,-0.903,69.061,1.25065
1473,122746.67,1,0.3910580575466156,0.4548951983451843,0.17512,0.007509734947234392,-2.146,-2.782,-0.923,69.046,1.26514
1474,122830.0,1,0.39407360553741455,0.4765576720237732,0.16912,0.007287342566996813,-2.076,-2.738,-0.949,68.574,1.27922
1475,122913.33,1,0.4021250009536743,0.4885406792163849,0.16585,0.0067007876932621,-2.132,-2.706,-0.961,68.59,1.27791
1476,122996.67,1,0.4036030173301697,0.4845801889896393,0.16729,0.006641811691224575,-2.231,-2.747,-0.986,68.397,1.28586
1477,123080.0,1,0.40314197540283203,0.4727018177509308,0.17014,0.006540172733366489,-2.252,-2.771,-1.014,68.619,1.29196
1478,123163.33,1,0.39315280318260193,0.4584023952484131,0.17493,0.006502150092273951,-2.297,-2.822,-1.027,68.395,1.29569
1479,123246.67,1,0.39165982604026794,0.45763662457466125,0.17442,0.006958162412047386,-2.298,-2.875,-1.034,68.847,1.2622
1480,123330.0,1,0.38678014278411865,0.4565194249153137,0.17551,0.007333244197070599,-2.435,-2.927,-1.028,68.956,1.25004
1481,123413.33,1,0.38725951313972473,0.4546738564968109,0.17614,0.007372494321316481,-2.452,-2.947,-1.023,69.386,1.24108
1482,123496.67,1,0.3873737156391144,0.4482284486293793,0.17796,0.007588203996419907,-2.445,-2.941,-0.989,69.248,1.23732
1483,123580.0,1,0.39038577675819397,0.44330111145973206,0.17931,0.006792305503040552,-2.546,-2.935,-0.969,69.576,1.23124
1484,123663.33,1,0.3926907479763031,0.4396379292011261,0.18,0.006327249109745026,-2.535,-2.919,-0.939,69.405,1.22951
1485,123746.67,1,0.3919166326522827,0.4366794228553772,0.18033,0.006321154069155455,-2.468,-2.869,-0.937,69.267,1.25669
1486,123828.33,1,0.39114829897880554,0.4360960125923157,0.18024,0.0062962546944618225,-2.389,-2.895,-0.951,68.863,1.27623
1487,123911.67,1,0.38993319869041443,0.4345918893814087,0.18042,0.006487073376774788,-2.349,-2.902,-0.932,68.885,1.28486
1488,123995.0,1,0.3906548321247101,0.4351390302181244,0.18057,0.006445604842156172,-2.338,-2.905,-0.928,68.615,1.29235
1489,124078.33,1,0.39305683970451355,0.4402583837509155,0.17974,0.006436151452362537,-2.377,-2.919,-0.921,68.914,1.26772
1490,124161.67,1,0.38905060291290283,0.44125109910964966,0.17988,0.006577272899448872,-2.452,-2.944,-0.934,68.751,1.27578
1491,124245.0,1,0.38712161779403687,0.4414743483066559,0.17995,0.006600306369364262,-2.481,-2.96,-0.938,69.041,1.24613
1492,124328.33,1,0.38470137119293213,0.4396970272064209,0.17959,0.006737458053976297,-2.555,-2.957,-0.928,69.016,1.23587
1493,124411.67,1,0.3838779926300049,0.43329015374183655,0.18062,0.00703418767079711,-2.511,-2.914,-0.933,69.411,1.23235
1494,124495.0,1,0.383015513420105,0.42250633239746094,0.18293,0.006955593824386597,-2.578,-2.829,-0.924,69.323,1.23333
1495,124578.33,1,0.38638222217559814,0.42043447494506836,0.18294,0.0068855807185173035,-2.568,-2.822,-0.919,69.579,1.22984
1496,124661.67,1,0.38579261302948,0.41860151290893555,0.18388,0.0067774089984595776,-2.541,-2.832,-0.912,69.461,1.22998
1497,124745.0,1,0.3846161365509033,0.41491952538490295,0.18494,0.006683936808258295,-2.543,-2.85,-0.885,69.409,1.25088
1498,124828.33,1,0.38700905442237854,0.40984877943992615,0.18629,0.006138764787465334,-2.563,-2.857,-0.854,69.354,1.24702
1499,124911.67,1,0.38833245635032654,0.4065617024898529,0.18748,0.005972398445010185,-2.526,-2.853,-0.826,69.183,1.26504
1500,124995.0,1,0.3954017162322998,0.42142829298973083,0.18272,0.005961871240288019,-2.59,-2.9,-0.906,69.448,1.2528
1501,125078.33,1,0.39533522725105286,0.4361211061477661,0.18017,0.005570384208112955,-2.605,-2.897,-0.94,69.604,1.26057
1502,125161.67,1,0.3883667290210724,0.4359196424484253,0.18208,0.005434808786958456,-2.556,-2.882,-0.97,69.545,1.25277
1503,125245.0,1,0.3833240270614624,0.4357958137989044,0.18264,0.005299871321767569,-2.536,-2.883,-0.995,69.849,1.23544
1504,125328.33,1,0.38710999488830566,0.43537718057632446,0.18306,0.005391807295382023,-2.558,-2.884,-0.975,69.773,1.23199
1505,125411.67,1,0.38768935203552246,0.43477824330329895,0.18368,0.005295803304761648,-2.528,-2.903,-0.958,69.991,1.23649
1506,125495.0,1,0.3915293514728546,0.4318617880344391,0.18371,0.005468691233545542,-2.558,-2.903,-0.975,69.626,1.25711
1507,125578.33,1,0.3947758972644806,0.43322914838790894,0.18479,0.0052438657730817795,-2.58,-2.866,-0.983,70.073,1.24504
1508,125661.67,1,0.39587467908859253,0.43258222937583923,0.18495,0.005103981122374535,-2.58,-2.831,-1.008,70.004,1.23943
1509,125745.0,1,0.3943905830383301,0.42933300137519836,0.18503,0.005208935588598251,-2.59,-2.823,-1.013,69.929,1.2463
1510,125828.33,1,0.3905388116836548,0.42159944772720337,0.18506,0.005471053533256054,-2.573,-2.825,-0.997,69.923,1.24046
1511,125911.67,1,0.3899030387401581,0.41913825273513794,0.18542,0.005433958955109119,-2.601,-2.848,-0.975,69.996,1.25503
1512,125995.0,1,0.39101889729499817,0.4186655879020691,0.18556,0.005586315877735615,-2.593,-2.83,-0.956,69.955,1.25012
1513,126078.33,1,0.3924091160297394,0.4174693524837494,0.18603,0.0056507703848183155,-2.6,-2.855,-0.925,69.922,1.26019
1514,126161.67,1,0.3999713063240051,0.4242183268070221,0.18517,0.00558225903660059,-2.668,-2.879,-0.932,69.654,1.24115
1515,126243.33,1,0.4078574776649475,0.4312586486339569,0.18384,0.00518860574811697,-2.767,-2.918,-0.925,69.674,1.25867
1516,126326.67,1,0.40980812907218933,0.43442830443382263,0.18315,0.004941620863974094,-2.784,-2.938,-0.905,69.628,1.25047
1517,126410.0,1,0.4127148985862732,0.4383382201194763,0.18145,0.005363252945244312,-2.811,-2.937,-0.903,69.643,1.25996
1518,126493.33,1,0.4135593771934509,0.4394666850566864,0.18059,0.005499897059053183,-2.83,-2.954,-0.896,69.546,1.24943
1519,126576.67,1,0.4151703417301178,0.44205623865127563,0.1796,0.005776523146778345,-2.833,-2.953,-0.902,69.955,1.24192
1520,126660.0,1,0.4128437638282776,0.44202348589897156,0.17979,0.006133364979177713,-2.81,-2.954,-0.92,69.844,1.2394
1521,126743.33,1,0.4088153839111328,0.4403127431869507,0.18075,0.0059655229561030865,-2.729,-2.944,-0.935,69.976,1.24364
1522,126826.67,1,0.39680391550064087,0.4352876543998718,0.1838,0.005659264046698809,-2.604,-2.924,-0.985,69.474,1.26361
1523,126910.0,1,0.40684399008750916,0.44365906715393066,0.1812,0.005319948308169842,-2.588,-2.911,-0.987,69.761,1.24965
1524,126993.33,1,0.4147961735725403,0.4668181538581848,0.1742,0.005568474996834993,-2.571,-2.898,-0.999,69.646,1.2435
1525,127076.67,1,0.42415863275527954,0.489653617143631,0.16636,0.005731512792408466,-2.447,-2.91,-1.025,69.476,1.2473
1526,127160.0,1,0.4332771599292755,0.5164363980293274,0.15856,0.005649864673614502,-2.293,-2.923,-1.08,69.381,1.24333
1527,127243.33,1,0.4490785300731659,0.5338572263717651,0.15286,0.005593650043010712,-2.402,-2.901,-1.077,69.637,1.23814
1528,127326.67,1,0.5172349214553833,0.6175451278686523,0.12303,0.005619977600872517,-2.328,-2.833,-1.071,69.588,1.23685
1529,127410.0,1,0.5617555975914001,0.6558206677436829,0.10311,0.0056058247573673725,-2.224,-2.71,-1.107,69.618,1.23666
1530,127493.33,1,0.5653224587440491,0.6588999032974243,0.10015,0.00484910374507308,-2.205,-2.72,-1.111,69.639,1.23592
1531,127576.67,1,0.5682010650634766,0.6558346748352051,0.10043,0.004282986745238304,-2.174,-2.704,-1.095,69.913,1.23383
1532,127660.0,1,0.5615837574005127,0.6528784036636353,0.10251,0.0037622004747390747,-2.165,-2.711,-1.061,69.639,1.23452
1533,127743.33,1,0.5388270616531372,0.6482497453689575,0.10772,0.0036193733103573322,-2.012,-2.658,-1.034,69.825,1.23161
1534,127826.67,1,0.5254303812980652,0.6468085050582886,0.11065,0.003619249677285552,-1.745,-2.568,-1.004,69.537,1.23123
1535,127910.0,1,0.5134737491607666,0.6452374458312988,0.11363,0.0032323417253792286,-1.633,-2.586,-0.989,69.755,1.23037
1536,127993.33,1,0.512240469455719,0.6414656043052673,0.11406,0.0031199981458485126,-1.367,-2.637,-0.934,69.584,1.23249
1537,128076.67,1,0.558326005935669,0.665931224822998,0.09632,0.0033821207471191883,-1.19,-2.597,-0.865,69.552,1.23228
1538,128160.0,1,0.7110640406608582,0.7324357032775879,0.04573,0.0036244515795260668,-1.006,-2.378,-0.808,69.16,1.25425
1539,128243.33,1,0.7542939782142639,0.761093020439148,0.02675,0.0037444971967488527,-1.054,-2.266,-0.73,69.238,1.24598
1540,128326.67,1,0.749457836151123,0.7598432898521423,0.02598,0.0037854285910725594,-1.107,-2.242,-0.697,68.901,1.26217
1541,128410.0,1,0.6667107343673706,0.7241427898406982,0.05474,0.003731188364326954,-1.138,-2.269,-0.655,69.063,1.26884
1542,128493.33,1,0.5638294219970703,0.6711273789405823,0.09183,0.0037801386788487434,-1.236,-2.586,-0.608,69.062,1.2585
1543,128576.67,1,0.4909703731536865,0.633785605430603,0.1168,0.003770644310861826,-1.275,-2.666,-0.596,69.048,1.27155
1544,128660.0,1,0.4552745223045349,0.5783087015151978,0.14001,0.0038442090153694153,-1.442,-2.83,-0.613,68.648,1.28311
1545,128741.67,1,0.4469946622848511,0.56353360414505,0.14553,0.0041074189357459545,-1.538,-2.882,-0.534,68.912,1.2835
1546,128825.0,1,0.43702566623687744,0.5318630933761597,0.15514,0.004592051729559898,-1.574,-2.904,-0.508,69.106,1.26701
1547,128908.33,1,0.43506067991256714,0.5122381448745728,0.16018,0.004904951900243759,-1.742,-2.925,-0.412,69.628,1.25162
1548,128991.67,1,0.42927491664886475,0.49781233072280884,0.16479,0.005089695565402508,-1.935,-2.892,-0.398,69.6,1.24149
1549,129075.0,1,0.42804470658302307,0.4908965528011322,0.16794,0.00492556206882,-2.159,-2.968,-0.409,69.618,1.23417
1550,129158.33,1,0.4293401837348938,0.4952898323535919,0.16584,0.005144087597727776,-2.205,-3.007,-0.367,69.206,1.25465
1551,129241.67,1,0.42911213636398315,0.4909326136112213,0.16737,0.005137305706739426,-2.273,-3.055,-0.393,69.736,1.24562
1552,129325.0,1,0.42785120010375977,0.4929036498069763,0.16657,0.005249236710369587,-2.299,-3.071,-0.401,69.791,1.24185
1553,129408.33,1,0.4359569549560547,0.5011388659477234,0.16456,0.004882874898612499,-2.417,-3.126,-0.474,70.091,1.2324
1554,129491.67,1,0.440242737531662,0.5198079347610474,0.16055,0.004779165145009756,-2.4,-3.153,-0.49,69.91,1.22355
1555,129575.0,1,0.4399177134037018,0.5264666080474854,0.15873,0.004823619499802589,-2.359,-3.129,-0.512,70.261,1.23549
1556,129658.33,1,0.43703070282936096,0.5254861116409302,0.15903,0.004550818353891373,-2.135,-3.094,-0.507,69.962,1.25954
1557,129741.67,1,0.4304000735282898,0.5281152725219727,0.15896,0.004278586246073246,-1.952,-3.036,-0.487,70.306,1.25931
1558,129825.0,1,0.4312695562839508,0.528761625289917,0.15866,0.004158283118158579,-1.871,-3.052,-0.515,70.097,1.27432
1559,129908.33,1,0.4344695806503296,0.5294418334960938,0.15773,0.004419032949954271,-1.919,-3.059,-0.531,70.372,1.26243
1560,129991.67,1,0.45478180050849915,0.579900324344635,0.14087,0.004179004114121199,-1.889,-3.037,-0.529,71.234,1.2508
1561,130075.0,1,0.7189085483551025,0.7312283515930176,0.04165,0.0041630687192082405,-1.605,-2.757,-0.525,72.54,1.25673
1562,130158.33,1,0.8275496959686279,0.8355234265327454,0.02707,0.005080813076347113,-1.419,-2.403,-0.552,74.183,1.25614
1563,130241.67,1,0.8391688466072083,0.8432649374008179,0.03379,0.005554113071411848,-1.614,-2.243,-0.648,74.404,1.21548
1564,130325.0,1,0.8373926281929016,0.8526661992073059,0.03603,0.00537980766966939,-1.642,-2.199,-0.722,73.596,1.2681
1565,130408.33,1,0.8353626728057861,0.8496991991996765,0.03248,0.004921877756714821,-1.814,-2.126,-0.737,71.479,1.24794
1566,130491.67,1,0.83029705286026,0.8476217985153198,0.02877,0.005473143421113491,-1.885,-2.037,-0.797,70.537,1.24173
1567,130575.0,1,0.8325186967849731,0.841486930847168,0.02605,0.005110791884362698,-1.919,-2.019,-0.814,69.875,1.27255
1568,130658.33,1,0.8428411483764648,0.8469692468643188,0.02859,0.003969429526478052,-2.01,-2.018,-0.796,69.174,1.28737
1569,130741.67,1,0.8444716334342957,0.8445267677307129,0.0275,0.0035269258078187704,-2.144,-1.991,-0.749,69.87,1.26114
1570,130825.0,1,0.8460432887077332,0.8419673442840576,0.02672,0.003352006897330284,-2.186,-1.968,-0.719,69.926,1.24658
1571,130908.33,1,0.8450019955635071,0.8391306400299072,0.02636,0.003509283298626542,-2.182,-1.961,-0.709,69.752,1.2637
1572,130990.0,1,0.8409368991851807,0.8364914655685425,0.02594,0.0039251865819096565,-2.126,-1.96,-0.692,69.163,1.26714
1573,131073.33,1,0.8280261754989624,0.8273366093635559,0.01974,0.004100454971194267,-2.031,-2.051,-0.66,69.51,1.23865
1574,131156.67,1,0.7977506518363953,0.8115277886390686,0.01066,0.004298281855881214,-1.955,-2.123,-0.535,69.448,1.22149
1575,131240.0,1,0.7840613126754761,0.8019775152206421,0.01178,0.004488030914217234,-1.934,-2.139,-0.466,69.628,1.23023
1576,131323.33,1,0.7563758492469788,0.7919672131538391,0.01639,0.004183038137853146,-1.897,-2.159,-0.502,68.895,1.25119
1577,131406.67,1,0.5552763938903809,0.6463061571121216,0.09439,0.004602204542607069,-2.01,-2.218,-0.463,69.199,1.23751
1578,131490.0,1,0.4120277464389801,0.49113547801971436,0.15943,0.0037459556479007006,-2.319,-2.502,-0.415,68.853,1.26556
1579,131573.33,1,0.3582592010498047,0.4135560989379883,0.19041,0.0036368423607200384,-2.524,-2.606,-0.369,69.255,1.2574
1580,131656.67,1,0.35428425669670105,0.4150075912475586,0.19223,0.004069666378200054,-2.501,-2.677,-0.328,68.876,1.27702
1581,131740.0,1,0.3448065221309662,0.41793811321258545,0.19499,0.004104103893041611,-2.512,-2.719,-0.291,69.074,1.27865
1582,131823.33,1,0.34216752648353577,0.414833128452301,0.19653,0.004098845180124044,-2.517,-2.789,-0.29,69.201,1.26013
1583,131906.67,1,0.3603760898113251,0.42845308780670166,0.19312,0.0042044539004564285,-2.519,-2.81,-0.28,69.611,1.24775
1584,131990.0,1,0.3839547634124756,0.47892293334007263,0.1791,0.004778122063726187,-2.501,-2.826,-0.263,69.545,1.24041
1585,132073.33,1,0.49444130063056946,0.5744340419769287,0.12692,0.012457546778023243,-2.015,-2.419,-0.044,70.103,1.23749
1586,132156.67,1,0.4794673025608063,0.5624338388442993,0.13767,0.007445881608873606,-1.672,-2.327,0.128,70.333,1.23646
1587,132240.0,1,0.43574458360671997,0.5115394592285156,0.16139,0.005226250737905502,-1.461,-2.32,0.221,70.859,1.23538
1588,132323.33,1,0.4262259304523468,0.4795294404029846,0.171,0.005053316708654165,-1.579,-2.394,0.249,70.874,1.23735
1589,132406.67,1,0.4051685631275177,0.46420663595199585,0.17558,0.005810024216771126,-1.867,-2.498,0.136,70.231,1.2506
1590,132490.0,1,0.3855302333831787,0.42637306451797485,0.18319,0.006461846176534891,-2.158,-2.559,-0.032,70.138,1.23309
1591,132573.33,1,0.3577248156070709,0.3801512122154236,0.19364,0.006546406541019678,-2.195,-2.591,-0.088,70.612,1.23291
1592,132656.67,1,0.3260124623775482,0.34617742896080017,0.20262,0.006437486968934536,-2.182,-2.596,-0.14,70.508,1.23819
1593,132740.0,1,0.30174702405929565,0.32273221015930176,0.21058,0.005960308946669102,-2.292,-2.656,-0.179,70.742,1.23706
1594,132823.33,1,0.28897222876548767,0.3143237829208374,0.21539,0.005414722021669149,-2.28,-2.682,-0.212,70.601,1.23885
1595,132906.67,1,0.28391072154045105,0.31682464480400085,0.21601,0.004882624838501215,-2.147,-2.654,-0.245,70.868,1.2355
1596,132990.0,1,0.2859356999397278,0.322031706571579,0.2158,0.004492053296416998,-2.229,-2.674,-0.324,70.828,1.23928
1597,133073.33,1,0.29351961612701416,0.3281802535057068,0.21332,0.004627196118235588,-2.187,-2.696,-0.33,71.01,1.2462
1598,133156.67,1,0.29279449582099915,0.32731419801712036,0.21393,0.004610335920006037,-2.325,-2.669,-0.352,70.573,1.26815
1599,133240.0,1,0.2861190140247345,0.3246772587299347,0.21528,0.00430943863466382,-2.263,-2.626,-0.355,70.751,1.24887
1600,133321.67,1,0.27436915040016174,0.3174326717853546,0.21654,0.0043173665180802345,-2.295,-2.609,-0.308,70.611,1.24277
1601,133405.0,1,0.2803112864494324,0.32392698526382446,0.2162,0.004035491496324539,-2.178,-2.655,-0.313,70.859,1.23562
1602,133488.33,1,0.2685961425304413,0.30930793285369873,0.22255,0.0039459653198719025,-2.229,-2.749,-0.387,70.586,1.23336
1603,133571.67,1,0.2662053108215332,0.30365267395973206,0.22507,0.004167336970567703,-2.169,-2.761,-0.459,70.402,1.25703
1604,133655.0,1,0.27538636326789856,0.31408992409706116,0.22202,0.004315330181270838,-2.228,-2.817,-0.517,69.969,1.27528
1605,133738.33,1,0.28164225816726685,0.32062214612960815,0.22015,0.004487837199121714,-2.276,-2.839,-0.559,70.26,1.25353
1606,133821.67,1,0.28746625781059265,0.32637256383895874,0.21914,0.004633067641407251,-2.53,-2.83,-0.539,70.098,1.23587
1607,133905.0,1,0.2961495518684387,0.33209022879600525,0.21737,0.004844931419938803,-2.544,-2.846,-0.552,70.072,1.25647
1608,133988.33,1,0.2953115701675415,0.33589452505111694,0.2143,0.005118746310472488,-2.496,-2.88,-0.591,69.653,1.27494
1609,134071.67,1,0.27733114361763,0.3153156340122223,0.21987,0.005340828560292721,-2.42,-2.896,-0.629,69.653,1.28607
1610,134155.0,1,0.2722773551940918,0.3050515651702881,0.2223,0.0057395757175982,-2.256,-2.818,-0.633,69.233,1.29212
1611,134238.33,1,0.260049045085907,0.29526451230049133,0.22487,0.005867485422641039,-2.167,-2.823,-0.637,69.647,1.27919
1612,134321.67,1,0.25253549218177795,0.29050496220588684,0.22589,0.005761164240539074,-2.112,-2.841,-0.648,69.354,1.28547
1613,134405.0,1,0.24884210526943207,0.28933534026145935,0.22632,0.005270908121019602,-1.964,-2.847,-0.631,69.687,1.27483
1614,134488.33,1,0.245356485247612,0.2972885072231293,0.22497,0.004133477807044983,-1.659,-2.905,-0.645,69.193,1.282
1615,134571.67,1,0.25213003158569336,0.3112592101097107,0.22066,0.003768590046092868,-1.636,-2.921,-0.646,69.322,1.28912
1616,134655.0,1,0.25822967290878296,0.3153657019138336,0.21969,0.004214250948280096,-1.824,-3.002,-0.694,69.021,1.29624
1617,134738.33,1,0.25977271795272827,0.3102957606315613,0.2202,0.004522139672189951,-2.079,-3.048,-0.725,69.57,1.27249
1618,134821.67,1,0.2645193040370941,0.3092803955078125,0.22073,0.004566360730677843,-2.317,-3.038,-0.741,69.571,1.25849
1619,134905.0,1,0.26017752289772034,0.3013419508934021,0.22461,0.004516812972724438,-2.469,-2.971,-0.714,69.653,1.24521
1620,134988.33,1,0.2653275430202484,0.30616703629493713,0.22111,0.00484395632520318,-2.383,-2.964,-0.773,69.373,1.21941
1621,135071.67,1,0.2638116478919983,0.3077954351902008,0.22086,0.00524286599829793,-2.349,-2.976,-0.798,69.599,1.21348
1622,135155.0,1,0.26253798604011536,0.30397829413414,0.22112,0.00593574671074748,-2.332,-2.985,-0.781,69.354,1.21804
1623,135238.33,1,0.262834757566452,0.3066914975643158,0.22043,0.005758251063525677,-2.313,-2.958,-0.778,69.689,1.22241
1624,135321.67,1,0.26936104893684387,0.31357312202453613,0.21907,0.0056884088553488255,-2.257,-2.92,-0.777,69.455,1.22909
1625,135405.0,1,0.2803153991699219,0.3215944170951843,0.21848,0.005346428137272596,-2.252,-2.911,-0.78,69.355,1.24812
1626,135488.33,1,0.291205495595932,0.32625824213027954,0.21772,0.004842605907469988,-2.27,-2.926,-0.772,69.225,1.24569
1627,135571.67,1,0.295229971408844,0.3302338421344757,0.21541,0.005306166596710682,-2.234,-2.925,-0.778,69.361,1.24952
1628,135655.0,1,0.33493733406066895,0.41770076751708984,0.19243,0.005862172693014145,-1.989,-2.915,-0.803,68.88,1.26662
1629,135738.33,1,0.34741947054862976,0.4605579674243927,0.18204,0.005726395640522242,-1.781,-2.978,-0.862,69.135,1.24461
1630,135820.0,1,0.3507370054721832,0.46764957904815674,0.17973,0.005974895786494017,-1.75,-2.937,-0.876,69.08,1.2396
1631,135903.33,1,0.3496305048465729,0.4635911285877228,0.18134,0.006226400379091501,-1.748,-2.917,-0.887,69.463,1.23656
1632,135986.67,1,0.3499971330165863,0.4540708065032959,0.18366,0.006298067979514599,-1.779,-2.934,-0.886,69.279,1.23653
1633,136070.0,1,0.3455064296722412,0.44327619671821594,0.18612,0.006008428987115622,-1.819,-2.935,-0.875,69.535,1.23074
1634,136153.33,1,0.33703920245170593,0.42337504029273987,0.19095,0.0060049076564610004,-1.788,-2.932,-0.911,69.356,1.22287
1635,136236.67,1,0.32272273302078247,0.3925057351589203,0.19812,0.006014441139996052,-1.638,-2.81,-0.951,69.691,1.23615
1636,136320.0,1,0.33382999897003174,0.38069966435432434,0.19953,0.0055612181313335896,-1.595,-2.777,-1.017,69.33,1.26156
1637,136403.33,1,0.3213426172733307,0.37267857789993286,0.20184,0.005444576498121023,-1.517,-2.695,-1.043,69.469,1.27796
1638,136486.67,1,0.32509198784828186,0.37462085485458374,0.2017,0.005390148144215345,-1.445,-2.658,-1.019,69.271,1.28837
1639,136570.0,1,0.32393258810043335,0.38912391662597656,0.20019,0.0055602011270821095,-1.173,-2.586,-1.021,69.944,1.26727
1640,136653.33,1,0.40646836161613464,0.5244364738464355,0.15644,0.006402232218533754,-0.909,-2.634,-0.979,70.284,1.25366
1641,136736.67,1,0.6194274425506592,0.7104014754295349,0.06123,0.01010031346231699,-0.554,-2.392,-0.961,70.836,1.24792
1642,136820.0,1,0.6907824873924255,0.7692887783050537,0.02813,0.008538265712559223,-0.515,-2.181,-0.836,70.969,1.24858
1643,136903.33,1,0.742310643196106,0.7725468277931213,0.01293,0.00863709207624197,-0.529,-2.006,-0.948,71.419,1.23794
1644,136986.67,1,0.7540518045425415,0.7859508991241455,0.01348,0.005871823523193598,-0.595,-1.926,-0.956,71.493,1.24008
1645,137070.0,1,0.7277388572692871,0.7273907661437988,0.03611,0.004648007918149233,-0.933,-2.048,-0.852,71.814,1.24069
1646,137153.33,1,0.5705463886260986,0.6746829152107239,0.08965,0.004715925082564354,-1.237,-2.287,-0.786,71.63,1.24288
1647,137236.67,1,0.484078586101532,0.594691276550293,0.12445,0.004761084448546171,-1.574,-2.342,-0.75,71.781,1.24113
1648,137320.0,1,0.45646435022354126,0.5667779445648193,0.13281,0.004817068576812744,-1.794,-2.428,-0.717,71.519,1.24365
1649,137403.33,1,0.6531223058700562,0.6936042308807373,0.06204,0.004531870596110821,-1.654,-2.289,-0.731,71.451,1.24452
1650,137486.67,1,0.5747816562652588,0.6986731886863708,0.07233,0.006296092644333839,-1.488,-2.179,-0.533,70.799,1.28113
1651,137570.0,1,0.4678017795085907,0.5888727903366089,0.11458,0.008851295337080956,-1.463,-2.102,-0.308,70.694,1.27998
1652,137653.33,1,0.36542484164237976,0.46109825372695923,0.16216,0.009316581301391125,-1.481,-2.163,-0.132,70.254,1.25912
1653,137736.67,1,0.3172801434993744,0.41632765531539917,0.18044,0.015923164784908295,-1.438,-2.048,0.04,70.149,1.26666
1654,137820.0,1,0.3418459892272949,0.4730921685695648,0.16489,0.07738765329122543,-0.795,-1.705,-0.106,69.724,1.26003
1655,137903.33,1,0.3213733732700348,0.40993404388427734,0.19434,0.008910478092730045,-0.731,-2.065,-0.098,68.285,1.28396
1656,137986.67,1,0.3005157709121704,0.3666548430919647,0.20536,0.0061959316954016685,-1.13,-2.37,0.023,67.982,1.22134
1657,138070.0,1,0.310114324092865,0.37047910690307617,0.20577,0.00491035683080554,-1.048,-2.455,-0.13,68.217,1.23737
1658,138151.67,1,0.32662615180015564,0.3662748634815216,0.20352,0.005202197469770908,-1.136,-2.492,-0.222,67.456,1.28793
1659,138235.0,1,0.33062317967414856,0.3734712600708008,0.20314,0.004484022967517376,-1.231,-2.518,-0.216,67.892,1.25193
1660,138318.33,1,0.3303554058074951,0.3664661943912506,0.20455,0.004541343543678522,-1.25,-2.55,-0.273,67.707,1.23729
1661,138401.67,1,0.3389347493648529,0.3655039370059967,0.20354,0.005784237757325172,-0.98,-2.464,-0.202,67.907,1.23585
1662,138485.0,1,0.35145625472068787,0.38268324732780457,0.19976,0.0058436524122953415,-1.079,-2.424,-0.194,67.678,1.23369
1663,138568.33,1,0.3358917832374573,0.37595662474632263,0.20297,0.0058651939034461975,-1.176,-2.446,-0.156,67.418,1.24108
1664,138651.67,1,0.3359048366546631,0.38326960802078247,0.20108,0.006092356983572245,-1.286,-2.472,-0.152,66.435,1.27892
1665,138735.0,1,0.3289034366607666,0.37967026233673096,0.20042,0.00661322521045804,-1.326,-2.496,-0.152,66.714,1.26163
1666,138818.33,1,0.3233587443828583,0.3735848367214203,0.20102,0.006349093746393919,-1.317,-2.507,-0.138,66.109,1.28326
1667,138901.67,1,0.31090444326400757,0.3699265420436859,0.20401,0.006061735097318888,-1.269,-2.522,-0.147,66.348,1.25112
1668,138985.0,1,0.30054524540901184,0.3677748441696167,0.20784,0.0055152918212115765,-1.274,-2.527,-0.163,65.904,1.27696
1669,139068.33,1,0.29919496178627014,0.3685338497161865,0.20983,0.005277116782963276,-1.238,-2.519,-0.136,66.063,1.27718
1670,139151.67,1,0.29934558272361755,0.36824214458465576,0.21019,0.005164863541722298,-1.238,-2.493,-0.112,66.091,1.23844
1671,139235.0,1,0.30047187209129333,0.36748412251472473,0.21096,0.0050432151183485985,-1.305,-2.506,-0.114,66.349,1.24043
1672,139318.33,1,0.3027820587158203,0.36732393503189087,0.21037,0.005150380078703165,-1.345,-2.491,-0.132,65.841,1.26714
1673,139401.67,1,0.3140091001987457,0.3759956657886505,0.20651,0.005315295420587063,-1.339,-2.471,-0.15,66.218,1.23727
1674,139485.0,1,0.31847578287124634,0.3821905255317688,0.20425,0.005250907968729734,-1.288,-2.446,-0.163,66.322,1.2305
1675,139568.33,1,0.32686668634414673,0.3890945017337799,0.20145,0.0051858690567314625,-1.305,-2.442,-0.173,66.153,1.25177
1676,139651.67,1,0.34445318579673767,0.4050552546977997,0.19615,0.005080006085336208,-1.271,-2.442,-0.175,65.901,1.27489
1677,139735.0,1,0.36945173144340515,0.4356260299682617,0.18681,0.0049993423745036125,-1.244,-2.445,-0.187,66.513,1.24985
1678,139818.33,1,0.3869212865829468,0.46678516268730164,0.1761,0.0053400639444589615,-1.246,-2.461,-0.191,66.473,1.22806
1679,139901.67,1,0.38487493991851807,0.45416000485420227,0.17788,0.005175350699573755,-1.201,-2.407,-0.229,66.804,1.22686
1680,139985.0,1,0.36607277393341064,0.44107723236083984,0.18623,0.005514898803085089,-1.137,-2.371,-0.178,67.052,1.22484
1681,140068.33,1,0.35988983511924744,0.43128660321235657,0.18977,0.00630479259416461,-1.133,-2.377,-0.174,67.457,1.22395
1682,140151.67,1,0.3538353443145752,0.4125223755836487,0.19516,0.00706836162135005,-1.158,-2.38,-0.154,67.313,1.22708
1683,140235.0,1,0.3469496965408325,0.398391455411911,0.19952,0.007046488579362631,-1.387,-2.317,-0.16,67.414,1.23363
1684,140318.33,1,0.3520680069923401,0.3989952504634857,0.19844,0.006519506219774485,-1.533,-2.318,-0.14,66.851,1.25271
1685,140401.67,1,0.3448910117149353,0.3924007713794708,0.19999,0.006461570505052805,-1.615,-2.277,-0.178,66.969,1.26514
1686,140485.0,1,0.34071406722068787,0.389961302280426,0.20077,0.006348034832626581,-1.555,-2.235,-0.194,67.037,1.24716
1687,140566.67,1,0.3370656967163086,0.3852449357509613,0.20248,0.00624924385920167,-1.53,-2.243,-0.196,67.413,1.2356
1688,140650.0,1,0.3357211649417877,0.38099151849746704,0.20398,0.006053153891116381,-1.526,-2.249,-0.2,67.257,1.22811
1689,140733.33,1,0.3308538794517517,0.37262797355651855,0.20613,0.005845204461365938,-1.537,-2.238,-0.203,67.502,1.2227
1690,140816.67,1,0.3293364346027374,0.36764442920684814,0.20732,0.006066914182156324,-1.562,-2.264,-0.211,67.286,1.22125
1691,140900.0,1,0.32432740926742554,0.35564538836479187,0.20989,0.005665960256010294,-1.534,-2.314,-0.233,67.495,1.21228
1692,140983.33,1,0.32079851627349854,0.353270560503006,0.21105,0.004932323470711708,-1.474,-2.364,-0.238,67.264,1.20371
1693,141066.67,1,0.3124788999557495,0.3450888991355896,0.21315,0.0049996268935501575,-1.386,-2.384,-0.256,67.424,1.21639
1694,141150.0,1,0.3077738285064697,0.34559333324432373,0.21417,0.004602132830768824,-1.349,-2.404,-0.265,66.901,1.24075
1695,141233.33,1,0.2971595525741577,0.3398553431034088,0.21622,0.004601468797773123,-1.283,-2.426,-0.257,67.068,1.22409
1696,141316.67,1,0.2852567434310913,0.3353101909160614,0.21872,0.00428397161886096,-1.236,-2.472,-0.24,66.958,1.22033
1697,141400.0,1,0.28088656067848206,0.32608094811439514,0.2217,0.004067846108227968,-1.241,-2.462,-0.197,66.986,1.21905
1698,141483.33,1,0.2825857698917389,0.322923868894577,0.2223,0.0037649108562618494,-1.227,-2.433,-0.19,66.533,1.24273
1699,141566.67,1,0.28648415207862854,0.32545599341392517,0.22107,0.004061088431626558,-1.177,-2.382,-0.215,66.855,1.22732
1700,141650.0,1,0.2905205190181732,0.32823196053504944,0.21931,0.0041712247766554356,-1.169,-2.378,-0.233,66.835,1.22529
1701,141733.33,1,0.29160308837890625,0.33142969012260437,0.21938,0.004442394245415926,-1.148,-2.35,-0.226,67.121,1.2214
1702,141816.67,1,0.2992420196533203,0.3381432890892029,0.21814,0.0044738007709383965,-1.142,-2.353,-0.217,66.914,1.2225
1703,141900.0,1,0.3029439151287079,0.3399125933647156,0.21657,0.004702956415712833,-1.166,-2.356,-0.196,66.82,1.23992
1704,141983.33,1,0.30510470271110535,0.3446841239929199,0.21519,0.004870106466114521,-1.225,-2.365,-0.214,66.574,1.22611
1705,142066.67,1,0.29677510261535645,0.3361928462982178,0.2177,0.004804006777703762,-1.213,-2.357,-0.204,66.771,1.21398
1706,142150.0,1,0.2894500494003296,0.3300992548465729,0.21841,0.005193653516471386,-1.175,-2.364,-0.186,66.737,1.2144
1707,142233.33,1,0.29018160700798035,0.33282288908958435,0.2181,0.005334419198334217,-1.152,-2.361,-0.158,67.055,1.21638
1708,142316.67,1,0.28936198353767395,0.3320411741733551,0.21896,0.005415908060967922,-1.043,-2.384,-0.1,66.901,1.21946
1709,142400.0,1,0.2912960648536682,0.3326658010482788,0.21942,0.005537501070648432,-0.965,-2.464,-0.087,66.59,1.24446
1710,142483.33,1,0.29058289527893066,0.33411866426467896,0.21973,0.005614964757114649,-0.99,-2.47,-0.102,66.694,1.24055
1711,142566.67,1,0.29015910625457764,0.3371031582355499,0.21963,0.005338293965905905,-1.054,-2.475,-0.128,66.904,1.24377
1712,142650.0,1,0.2932289242744446,0.3387470841407776,0.21867,0.005326298996806145,-1.094,-2.504,-0.133,66.426,1.2614
1713,142733.33,1,0.2929781377315521,0.34123507142066956,0.21775,0.005564453080296516,-1.097,-2.49,-0.136,66.459,1.26304
1714,142816.67,1,0.29534539580345154,0.34424763917922974,0.21765,0.005131824873387814,-1.162,-2.447,-0.147,66.27,1.23953
1715,142898.33,1,0.2959933578968048,0.34751003980636597,0.21736,0.0050985366106033325,-1.163,-2.446,-0.171,66.656,1.23881
1716,142981.67,1,0.3009929060935974,0.34917062520980835,0.21631,0.004884292837232351,-1.119,-2.416,-0.162,66.286,1.2529
1717,143065.0,1,0.3043132722377777,0.35058513283729553,0.21549,0.004716332070529461,-0.977,-2.375,-0.144,66.367,1.25014
1718,143148.33,1,0.3061339557170868,0.3546088635921478,0.21408,0.004884353373199701,-0.945,-2.392,-0.159,66.369,1.24344
1719,143231.67,1,0.3089279532432556,0.3559545576572418,0.21335,0.00480314064770937,-0.856,-2.355,-0.172,66.509,1.2475
1720,143315.0,1,0.31191638112068176,0.3584812581539154,0.21244,0.004747921135276556,-0.846,-2.35,-0.193,66.384,1.2301
1721,143398.33,1,0.3177294135093689,0.3647059202194214,0.21037,0.004761206451803446,-0.783,-2.376,-0.242,66.676,1.20978
1722,143481.67,1,0.32313811779022217,0.37935715913772583,0.20578,0.005244343541562557,-0.644,-2.394,-0.299,66.537,1.19897
1723,143565.0,1,0.3363926410675049,0.4042358100414276,0.19879,0.0048980750143527985,-0.579,-2.434,-0.304,67.04,1.20372
1724,143648.33,1,0.3667212724685669,0.46239879727363586,0.18089,0.004954105243086815,-0.405,-2.439,-0.299,67.106,1.20766
1725,143731.67,1,0.384750097990036,0.5152736902236938,0.16816,0.004703635815531015,-0.358,-2.407,-0.291,67.081,1.23626
1726,143815.0,1,0.40125077962875366,0.5375330448150635,0.16221,0.004465093370527029,-0.323,-2.393,-0.287,66.746,1.25718
1727,143898.33,1,0.40523022413253784,0.5192743539810181,0.16649,0.004570984281599522,-0.406,-2.403,-0.242,66.851,1.26788
1728,143981.67,1,0.4044635593891144,0.4995262622833252,0.17098,0.004821088630706072,-0.627,-2.377,-0.188,66.584,1.27477
1729,144065.0,1,0.39901694655418396,0.47804558277130127,0.17672,0.004767103586345911,-0.719,-2.359,-0.141,66.865,1.26998
1730,144148.33,1,0.40860724449157715,0.48560622334480286,0.17341,0.005082124378532171,-0.749,-2.39,-0.148,67.05,1.25087
1731,144231.67,1,0.4263850450515747,0.4900537133216858,0.16987,0.005555130075663328,-0.725,-2.39,-0.146,67.368,1.24125
1732,144315.0,1,0.4312893748283386,0.48219019174575806,0.17182,0.005246254615485668,-0.791,-2.378,-0.143,67.052,1.25347
1733,144398.33,1,0.42864295840263367,0.47807440161705017,0.17331,0.0051209586672484875,-0.906,-2.386,-0.149,67.403,1.23481
1734,144481.67,1,0.4248351752758026,0.47491955757141113,0.17435,0.005080702248960733,-0.924,-2.336,-0.144,67.328,1.2263
1735,144565.0,1,0.42115145921707153,0.4737817347049713,0.17521,0.0049609034322202206,-0.86,-2.321,-0.151,67.062,1.22433
1736,144648.33,1,0.4100802540779114,0.4707363247871399,0.17749,0.004853894934058189,-0.827,-2.321,-0.151,66.815,1.20849
1737,144731.67,1,0.3933677673339844,0.4592481255531311,0.18216,0.0046474081464111805,-0.862,-2.316,-0.151,67.122,1.20572
1738,144815.0,1,0.38749614357948303,0.4451817274093628,0.18555,0.004280498251318932,-0.956,-2.327,-0.171,66.992,1.20611
1739,144898.33,1,0.3635198771953583,0.42804765701293945,0.19051,0.004316391423344612,-0.955,-2.323,-0.188,66.68,1.23029
1740,144981.67,1,0.3477413058280945,0.41388776898384094,0.19639,0.004585097543895245,-1.08,-2.34,-0.205,66.829,1.22761
1741,145065.0,1,0.3371689021587372,0.40237754583358765,0.20045,0.004794302862137556,-1.253,-2.392,-0.236,66.906,1.23753
1742,145148.33,1,0.3311537504196167,0.3895984888076782,0.20401,0.00489087076857686,-1.256,-2.393,-0.282,66.757,1.2316
1743,145230.0,1,0.32796353101730347,0.38016265630722046,0.20563,0.004903118126094341,-1.333,-2.424,-0.316,66.733,1.2459
1744,145313.33,1,0.31980690360069275,0.36727723479270935,0.20908,0.005022217519581318,-1.336,-2.395,-0.306,66.579,1.23349
1745,145396.67,1,0.3176891803741455,0.37270769476890564,0.20888,0.004813419654965401,-1.28,-2.389,-0.313,66.775,1.23392
1746,145480.0,1,0.309643030166626,0.36743152141571045,0.21093,0.004954340402036905,-1.207,-2.37,-0.304,66.33,1.24992
1747,145563.33,1,0.3109148144721985,0.37052062153816223,0.2108,0.004512338899075985,-1.165,-2.336,-0.291,66.136,1.26207
1748,145646.67,1,0.30952340364456177,0.36759239435195923,0.21186,0.004374049603939056,-1.147,-2.314,-0.288,66.138,1.26197
1749,145730.0,1,0.30822423100471497,0.36407387256622314,0.21263,0.004192953929305077,-1.149,-2.313,-0.29,66.405,1.24951
1750,145813.33,1,0.31012246012687683,0.3646946847438812,0.21244,0.004135629627853632,-1.159,-2.316,-0.296,66.054,1.25406
1751,145896.67,1,0.316089928150177,0.36922624707221985,0.21051,0.0039941067807376385,-1.154,-2.332,-0.304,66.527,1.2327
1752,145980.0,1,0.3186369836330414,0.3661571145057678,0.21001,0.0044438582845032215,-1.136,-2.362,-0.301,66.26,1.23393
1753,146063.33,1,0.32318708300590515,0.3683352470397949,0.20819,0.0044888705015182495,-1.031,-2.38,-0.287,66.83,1.21016
1754,146146.67,1,0.32878026366233826,0.3768691122531891,0.20562,0.0045544784516096115,-0.912,-2.39,-0.287,66.807,1.1966
1755,146230.0,1,0.32819652557373047,0.37862980365753174,0.20567,0.004430142231285572,-0.946,-2.391,-0.304,66.791,1.18203
1756,146313.33,1,0.32195350527763367,0.3727681636810303,0.20796,0.004291285760700703,-0.882,-2.367,-0.291,66.442,1.17233
1757,146396.67,1,0.3207724392414093,0.3719387352466583,0.20868,0.004080702550709248,-0.854,-2.379,-0.304,66.689,1.16989
1758,146480.0,1,0.32213374972343445,0.3756225109100342,0.20754,0.003937118221074343,-0.775,-2.405,-0.301,66.5,1.16483
1759,146563.33,1,0.3281102776527405,0.3817613124847412,0.20472,0.003971479833126068,-0.731,-2.395,-0.297,66.593,1.18486
1760,146646.67,1,0.33224430680274963,0.38778361678123474,0.20224,0.004102562088519335,-0.724,-2.405,-0.283,66.476,1.19566
1761,146730.0,1,0.33973583579063416,0.39981016516685486,0.19738,0.00439462810754776,-0.678,-2.43,-0.29,66.634,1.21008
1762,146813.33,1,0.35008662939071655,0.41533923149108887,0.19196,0.004730876535177231,-0.678,-2.431,-0.295,66.204,1.23593
1763,146896.67,1,0.35433369874954224,0.42323312163352966,0.1887,0.005033751484006643,-0.74,-2.419,-0.311,66.568,1.22601
1764,146980.0,1,0.3590216040611267,0.4300419092178345,0.18684,0.005177934654057026,-0.794,-2.414,-0.311,66.439,1.21829
1765,147063.33,1,0.3620140552520752,0.435354083776474,0.18508,0.005295119248330593,-0.695,-2.445,-0.318,66.569,1.21661
1766,147146.67,1,0.36360445618629456,0.4386695623397827,0.18391,0.005312981083989143,-0.599,-2.462,-0.328,66.001,1.22344
1767,147230.0,1,0.362434059381485,0.43756189942359924,0.18471,0.005110665690153837,-0.589,-2.465,-0.329,66.427,1.21639
1768,147313.33,1,0.35500967502593994,0.4289085268974304,0.18743,0.0050171115435659885,-0.562,-2.485,-0.347,66.445,1.21221
1769,147396.67,1,0.34111055731773376,0.41960448026657104,0.19128,0.0051949298940598965,-0.416,-2.474,-0.368,66.345,1.23466
1770,147478.33,1,0.3184489607810974,0.40539199113845825,0.1971,0.005419373977929354,-0.22,-2.408,-0.376,66.749,1.23037
1771,147561.67,1,0.3002958297729492,0.3881306052207947,0.20093,0.005121313501149416,0.123,-2.345,-0.384,66.814,1.22718
1772,147645.0,1,0.28997012972831726,0.37464165687561035,0.20322,0.0049185738898813725,0.299,-2.272,-0.398,66.973,1.20901
1773,147728.33,1,0.28549277782440186,0.36733174324035645,0.20519,0.004727630876004696,0.316,-2.262,-0.411,67.07,1.19833
1774,147811.67,1,0.29019102454185486,0.36187416315078735,0.20687,0.004712466150522232,0.272,-2.268,-0.384,66.734,1.21305
1775,147895.0,1,0.30434542894363403,0.36179009079933167,0.20701,0.004213586915284395,0.041,-2.242,-0.371,67.227,1.20228
1776,147978.33,1,0.321001261472702,0.37421831488609314,0.20354,0.004145064856857061,-0.344,-2.235,-0.273,67.216,1.19759
1777,148061.67,1,0.36307165026664734,0.4175693392753601,0.18734,0.004549759905785322,-0.445,-2.285,-0.22,67.508,1.1957
1778,148145.0,1,0.39597487449645996,0.4926927387714386,0.16943,0.004633015487343073,-0.537,-2.328,-0.142,67.249,1.20087
1779,148228.33,1,0.412362277507782,0.5117273330688477,0.16366,0.004810393787920475,-0.556,-2.362,-0.137,67.559,1.19928
1780,148311.67,1,0.40774330496788025,0.5053348541259766,0.16565,0.0051777479238808155,-0.596,-2.402,-0.142,67.336,1.1995
1781,148395.0,1,0.40374651551246643,0.5024623870849609,0.16653,0.005291966255754232,-0.613,-2.419,-0.157,67.594,1.19991
1782,148478.33,1,0.39615705609321594,0.4826448857784271,0.17194,0.004946860950440168,-0.699,-2.429,-0.181,67.321,1.20165
1783,148561.67,1,0.37019291520118713,0.4302714169025421,0.18478,0.004750869702547789,-0.689,-2.405,-0.228,67.491,1.1959
1784,148645.0,1,0.35021400451660156,0.3909918963909149,0.19511,0.004762568976730108,-0.59,-2.366,-0.281,67.115,1.18719
1785,148728.33,1,0.3346211910247803,0.3740890324115753,0.20119,0.004782584495842457,-0.522,-2.356,-0.304,67.288,1.19201
1786,148811.67,1,0.32621118426322937,0.36689168214797974,0.20462,0.004739681258797646,-0.434,-2.359,-0.323,67.053,1.19782
1787,148895.0,1,0.3213484287261963,0.3611072897911072,0.2064,0.004781810566782951,-0.417,-2.355,-0.342,67.316,1.20114
1788,148978.33,1,0.3165466785430908,0.36089858412742615,0.20686,0.004735981114208698,-0.418,-2.344,-0.344,67.08,1.20296
1789,149061.67,1,0.31828561425209045,0.36232274770736694,0.20645,0.004737401846796274,-0.432,-2.31,-0.357,67.08,1.19299
1790,149145.0,1,0.3177635371685028,0.36303287744522095,0.20683,0.0045898291282355785,-0.4,-2.293,-0.351,66.905,1.19647
1791,149228.33,1,0.31289416551589966,0.3622211515903473,0.20889,0.004078616388142109,-0.449,-2.265,-0.348,67.048,1.20209
1792,149311.67,1,0.3059845566749573,0.355533629655838,0.21235,0.0037261724937707186,-0.753,-2.266,-0.321,66.804,1.21375
1793,149395.0,1,0.30605456233024597,0.346506267786026,0.21471,0.00387787283398211,-0.742,-2.274,-0.305,66.509,1.24563
1794,149478.33,1,0.3007216155529022,0.34689000248908997,0.21445,0.004364766646176577,-0.753,-2.318,-0.312,66.311,1.2497
1795,149561.67,1,0.2913846969604492,0.3395276367664337,0.21611,0.005031867418438196,-0.727,-2.331,-0.321,66.499,1.24916
1796,149645.0,1,0.2883930504322052,0.3454887568950653,0.21472,0.0054562692530453205,-0.746,-2.344,-0.335,66.363,1.24929
1797,149728.33,1,0.29349347949028015,0.3552402853965759,0.21205,0.005370374768972397,-0.623,-2.315,-0.342,66.205,1.27635
1798,149810.0,1,0.3042949140071869,0.3661823272705078,0.20924,0.005093619227409363,-0.596,-2.318,-0.325,65.762,1.29422
1799,149893.33,1,0.3177109360694885,0.38335177302360535,0.20283,0.005146696697920561,-0.459,-2.359,-0.324,66.085,1.24436
1800,149976.67,1,0.3374854624271393,0.42359113693237305,0.19209,0.00514583196491003,-0.384,-2.362,-0.334,66.29,1.21908
1801,150060.0,1,0.3572190999984741,0.47201523184776306,0.17947,0.005201856140047312,-0.294,-2.362,-0.327,66.568,1.20704
1802,150143.33,1,0.37756282091140747,0.5223129987716675,0.16594,0.005531158298254013,-0.281,-2.356,-0.344,66.231,1.19841
1803,150226.67,1,0.38140490651130676,0.550991415977478,0.15913,0.005621755495667458,-0.253,-2.335,-0.324,66.586,1.19609
1804,150310.0,1,0.38485386967658997,0.5672176480293274,0.15473,0.005840711295604706,-0.23,-2.407,-0.332,66.362,1.19831
1805,150393.33,1,0.38754960894584656,0.5674181580543518,0.15287,0.005829535890370607,-0.233,-2.418,-0.328,66.632,1.19714
1806,150476.67,1,0.37909290194511414,0.5440012216567993,0.15783,0.005542269442230463,-0.199,-2.43,-0.316,66.404,1.19866
1807,150560.0,1,0.3773597776889801,0.5158215761184692,0.16507,0.005350587889552116,-0.158,-2.427,-0.283,66.54,1.20673
1808,150643.33,1,0.37539419531822205,0.48513326048851013,0.17256,0.0054358914494514465,-0.143,-2.413,-0.236,66.046,1.22682
1809,150726.67,1,0.3704178035259247,0.4626424312591553,0.18071,0.005215779412537813,-0.213,-2.362,-0.193,66.276,1.21728
1810,150810.0,1,0.3628753423690796,0.43907415866851807,0.18707,0.005071026738733053,-0.282,-2.356,-0.167,66.055,1.23229
1811,150893.33,1,0.3415537476539612,0.414772093296051,0.19426,0.005134624894708395,-0.329,-2.331,-0.194,66.13,1.23297
1812,150976.67,1,0.32337358593940735,0.39263129234313965,0.20109,0.004947654902935028,-0.274,-2.281,-0.204,66.223,1.22327
1813,151060.0,1,0.314376562833786,0.37846672534942627,0.20506,0.004664863459765911,-0.259,-2.229,-0.203,66.658,1.20514
1814,151143.33,1,0.3150991201400757,0.3781817853450775,0.2055,0.004620331339538097,-0.304,-2.211,-0.227,66.7,1.20309
1815,151226.67,1,0.30938294529914856,0.36984971165657043,0.20939,0.00457647442817688,-0.475,-2.205,-0.202,66.676,1.22904
1816,151310.0,1,0.3096561133861542,0.36201199889183044,0.21007,0.004854394588619471,-0.567,-2.211,-0.201,66.303,1.24842
1817,151393.33,1,0.3026828467845917,0.3549349009990692,0.21239,0.004867542069405317,-0.555,-2.208,-0.184,66.791,1.23767
1818,151476.67,1,0.3016970455646515,0.3471795320510864,0.21446,0.004796461667865515,-0.585,-2.198,-0.168,66.58,1.24722
1819,151560.0,1,0.2954035997390747,0.3433865010738373,0.21679,0.004794932436197996,-0.588,-2.195,-0.182,66.674,1.25566
1820,151643.33,1,0.29325342178344727,0.34017086029052734,0.21795,0.0047989352606236935,-0.596,-2.197,-0.187,66.374,1.26321
1821,151726.67,1,0.2900524139404297,0.33786508440971375,0.21878,0.004731406457722187,-0.624,-2.211,-0.189,66.554,1.26065
1822,151810.0,1,0.2833295464515686,0.33006611466407776,0.22032,0.004767501726746559,-0.734,-2.233,-0.199,66.559,1.24013
1823,151893.33,1,0.2803621292114258,0.3260095417499542,0.22065,0.0048153819516301155,-0.748,-2.246,-0.244,66.796,1.21411
1824,151976.67,1,0.2780126929283142,0.3241012394428253,0.22017,0.004876768682152033,-0.674,-2.267,-0.3,66.786,1.20736
1825,152060.0,1,0.2819425165653229,0.3294012248516083,0.218,0.004788386169821024,-0.638,-2.271,-0.318,67.082,1.20182
1826,152141.67,1,0.2922195494174957,0.33954259753227234,0.21427,0.005016359966248274,-0.628,-2.26,-0.331,66.911,1.20197
1827,152225.0,1,0.3030567467212677,0.3474119007587433,0.21151,0.0047846585512161255,-0.75,-2.254,-0.324,67.166,1.20091
1828,152308.33,1,0.3150049149990082,0.35946986079216003,0.20659,0.004915517754852772,-0.835,-2.226,-0.316,66.996,1.20236
1829,152391.67,1,0.3273375630378723,0.3681524395942688,0.20378,0.0046890429221093655,-0.867,-2.253,-0.278,66.485,1.21571
1830,152475.0,1,0.3399280309677124,0.3801976144313812,0.19962,0.005057135596871376,-0.883,-2.258,-0.265,66.534,1.18347
1831,152558.33,1,0.34338825941085815,0.38862210512161255,0.19829,0.005268693435937166,-0.939,-2.264,-0.237,66.745,1.18694
1832,152641.67,1,0.34084615111351013,0.39383426308631897,0.1977,0.006024743430316448,-1.032,-2.276,-0.22,66.761,1.17874
1833,152725.0,1,0.3300911784172058,0.3901626765727997,0.20073,0.005926044657826424,-1.033,-2.269,-0.207,67.146,1.18021
1834,152808.33,1,0.32478782534599304,0.38165295124053955,0.20282,0.005874712951481342,-1.045,-2.279,-0.217,66.849,1.19304
1835,152891.67,1,0.3236989974975586,0.377393513917923,0.20397,0.005809762980788946,-1.035,-2.294,-0.234,67.139,1.19119
1836,152975.0,1,0.32107970118522644,0.37805333733558655,0.20387,0.005783898290246725,-0.863,-2.269,-0.27,66.951,1.19144
1837,153058.33,1,0.3150765299797058,0.36691638827323914,0.20693,0.005603586323559284,-0.777,-2.256,-0.263,66.637,1.21225
1838,153141.67,1,0.3093235492706299,0.3580477237701416,0.20783,0.00564494589343667,-0.711,-2.253,-0.25,66.382,1.19495
1839,153225.0,1,0.30695244669914246,0.34753933548927307,0.21019,0.005243209190666676,-0.731,-2.304,-0.272,66.336,1.20728
1840,153308.33,1,0.30544695258140564,0.3446381390094757,0.21147,0.005072975996881723,-0.751,-2.337,-0.273,66.168,1.19518
1841,153391.67,1,0.30031439661979675,0.34601467847824097,0.21207,0.004949152935296297,-0.777,-2.382,-0.275,66.396,1.2048
1842,153475.0,1,0.29342934489250183,0.34520983695983887,0.21282,0.0050598615780472755,-0.776,-2.376,-0.284,65.918,1.22531
1843,153558.33,1,0.2924702763557434,0.3466847538948059,0.21352,0.004913403186947107,-0.851,-2.327,-0.283,66.095,1.22196
1844,153641.67,1,0.2914203405380249,0.3455965220928192,0.21402,0.005238717421889305,-0.963,-2.294,-0.28,65.785,1.21444
1845,153725.0,1,0.29536810517311096,0.3463309109210968,0.21316,0.005322757642716169,-0.986,-2.313,-0.277,66.026,1.22798
1846,153808.33,1,0.2953101694583893,0.347289502620697,0.21214,0.005717367399483919,-0.951,-2.338,-0.282,65.633,1.25415
1847,153891.67,1,0.29937994480133057,0.34949991106987,0.21088,0.005774201359599829,-0.986,-2.317,-0.265,65.593,1.25721
1848,153975.0,1,0.3075745701789856,0.36024782061576843,0.20688,0.005527676083147526,-0.939,-2.365,-0.271,65.789,1.22652
1849,154058.33,1,0.3154170513153076,0.3681819438934326,0.20475,0.005477344151586294,-0.888,-2.383,-0.269,66.265,1.21385
1850,154141.67,1,0.3287859559059143,0.383771687746048,0.20068,0.005509582348167896,-0.887,-2.365,-0.258,66.166,1.202
1851,154225.0,1,0.34956294298171997,0.4005233645439148,0.19463,0.005411974620074034,-0.763,-2.314,-0.261,66.625,1.20436
1852,154308.33,1,0.35182374715805054,0.40522727370262146,0.19466,0.005153649486601353,-0.757,-2.313,-0.24,66.644,1.2092
1853,154391.67,1,0.3592417240142822,0.41294267773628235,0.19273,0.0052015529945492744,-0.614,-2.238,-0.233,67.074,1.20879
1854,154473.33,1,0.3601459562778473,0.40659207105636597,0.19487,0.004801094066351652,-0.563,-2.187,-0.228,67.058,1.21195
1855,154556.67,1,0.37059804797172546,0.41407549381256104,0.19112,0.004981135483831167,-0.525,-2.165,-0.22,66.896,1.23771
1856,154640.0,1,0.37097716331481934,0.4183260500431061,0.19181,0.004906514193862677,-0.55,-2.121,-0.187,66.532,1.25745
1857,154723.33,1,0.37524065375328064,0.42027655243873596,0.18986,0.004769003950059414,-0.466,-2.086,-0.181,66.976,1.25238
1858,154806.67,1,0.3837273418903351,0.42283040285110474,0.18899,0.004488256759941578,-0.396,-2.106,-0.2,66.714,1.26324
1859,154890.0,1,0.3838247060775757,0.4202648401260376,0.18906,0.0045099686831235886,-0.384,-2.117,-0.216,66.653,1.2691
1860,154973.33,1,0.3800957500934601,0.4248652160167694,0.18659,0.005054698325693607,-0.444,-2.105,-0.221,67.035,1.24633
1861,155056.67,1,0.37478142976760864,0.42763790488243103,0.18721,0.00506180664524436,-0.476,-2.107,-0.224,67.284,1.23654
1862,155140.0,1,0.3697606921195984,0.431056410074234,0.18644,0.00500098429620266,-0.509,-2.134,-0.239,66.799,1.24088
1863,155223.33,1,0.369064062833786,0.43210676312446594,0.18606,0.004981830716133118,-0.544,-2.151,-0.239,67.026,1.24081
1864,155306.67,1,0.3723205029964447,0.43536460399627686,0.18469,0.005001378245651722,-0.557,-2.16,-0.218,67.058,1.21784
1865,155390.0,1,0.37423262000083923,0.43820321559906006,0.18432,0.004965278320014477,-0.579,-2.193,-0.211,67.462,1.20242
1866,155473.33,1,0.38176804780960083,0.4533213675022125,0.17922,0.005099823232740164,-0.44,-2.233,-0.202,67.419,1.20036
1867,155556.67,1,0.3798571228981018,0.4576132297515869,0.17806,0.005240266211330891,-0.399,-2.264,-0.219,67.667,1.19558
1868,155640.0,1,0.3736066520214081,0.4487057626247406,0.18072,0.005646014120429754,-0.348,-2.266,-0.247,67.321,1.18926
1869,155723.33,1,0.36680975556373596,0.4324903190135956,0.18618,0.005427484400570393,-0.37,-2.277,-0.256,67.5,1.2027
1870,155806.67,1,0.36586061120033264,0.4209464490413666,0.18948,0.005150047596544027,-0.435,-2.331,-0.254,67.054,1.22744
1871,155890.0,1,0.36216574907302856,0.4050401747226715,0.194,0.005125159397721291,-0.498,-2.312,-0.286,67.08,1.24182
1872,155973.33,1,0.35076820850372314,0.392528235912323,0.19913,0.004967439454048872,-0.441,-2.305,-0.315,66.98,1.22806
1873,156056.67,1,0.3361867070198059,0.38265934586524963,0.20261,0.004852482583373785,-0.243,-2.244,-0.302,67.182,1.20778
1874,156140.0,1,0.3340573012828827,0.3786683976650238,0.20486,0.004520002286881208,-0.225,-2.263,-0.361,67.051,1.20439
1875,156223.33,1,0.33401426672935486,0.3783359229564667,0.2051,0.004377521108835936,-0.286,-2.283,-0.356,67.232,1.21024
1876,156306.67,1,0.33397412300109863,0.3778599500656128,0.20583,0.004451822489500046,-0.333,-2.328,-0.352,66.791,1.23284
1877,156390.0,1,0.33499085903167725,0.38105401396751404,0.20475,0.004343949258327484,-0.649,-2.483,-0.365,66.687,1.23064
1878,156473.33,1,0.3431369662284851,0.37957465648651123,0.20436,0.004106708336621523,-1.017,-2.465,-0.351,66.701,1.21837
1879,156556.67,1,0.34325703978538513,0.3761197626590729,0.20414,0.004220048431307077,-1.185,-2.465,-0.342,66.954,1.20197
1880,156640.0,1,0.33973103761672974,0.3767753839492798,0.20377,0.004424383398145437,-1.139,-2.455,-0.371,66.913,1.19985
1881,156721.67,1,0.34062230587005615,0.37411704659461975,0.20331,0.004663987085223198,-1.134,-2.425,-0.341,66.781,1.21203
1882,156805.0,1,0.3388529419898987,0.37185555696487427,0.20384,0.004881556611508131,-1.089,-2.401,-0.317,66.758,1.20958
1883,156888.33,1,0.336940735578537,0.3705819547176361,0.20443,0.004838633816689253,-0.988,-2.349,-0.3,67.155,1.20772
1884,156971.67,1,0.3332723081111908,0.37096694111824036,0.20533,0.004457964561879635,-0.971,-2.323,-0.303,67.089,1.20661
1885,157055.0,1,0.3307530879974365,0.3697947561740875,0.20653,0.004346202127635479,-0.96,-2.307,-0.309,67.074,1.20251
1886,157138.33,1,0.32408562302589417,0.369432270526886,0.20712,0.004522698000073433,-0.896,-2.327,-0.313,66.58,1.2238
1887,157221.67,1,0.32689183950424194,0.3738577365875244,0.20591,0.004587411414831877,-0.716,-2.313,-0.319,66.874,1.21293
1888,157305.0,1,0.32999059557914734,0.37836340069770813,0.2042,0.004714331589639187,-0.66,-2.321,-0.326,66.805,1.20798
1889,157388.33,1,0.5030480623245239,0.5627734661102295,0.13371,0.005534200929105282,-0.335,-2.189,-0.359,66.471,1.22768
1890,157471.67,1,0.679004967212677,0.7128384113311768,0.05839,0.005166135728359222,-0.166,-1.955,-0.449,66.789,1.22238
1891,157555.0,1,0.6111112833023071,0.7031037211418152,0.07307,0.0051045967265963554,-0.154,-1.997,-0.44,66.98,1.22876
1892,157638.33,1,0.46122580766677856,0.627306342124939,0.11968,0.004773256368935108,-0.135,-2.076,-0.379,66.937,1.22327
1893,157721.67,1,0.4204912483692169,0.6092218160629272,0.13386,0.004637266043573618,-0.209,-2.134,-0.335,67.396,1.21419
1894,157805.0,1,0.4056123197078705,0.5866622924804688,0.1421,0.0045516956597566605,-0.27,-2.198,-0.312,67.272,1.20764
1895,157888.33,1,0.39502179622650146,0.5597581267356873,0.14899,0.004614777863025665,-0.157,-2.215,-0.306,67.496,1.19265
1896,157971.67,1,0.3865946829319,0.529273271560669,0.15667,0.004584011621773243,-0.291,-2.288,-0.334,67.327,1.19166
1897,158055.0,1,0.38020747900009155,0.4892113506793976,0.1678,0.004651859402656555,-0.536,-2.294,-0.286,67.573,1.1831
1898,158138.33,1,0.36998265981674194,0.46207982301712036,0.17619,0.004597904160618782,-0.544,-2.304,-0.227,67.527,1.1865
1899,158221.67,1,0.36117443442344666,0.4393974542617798,0.18499,0.0042800139635801315,-0.627,-2.3,-0.18,67.606,1.19677
1900,158305.0,1,0.34819498658180237,0.4103277921676636,0.19373,0.004121983423829079,-0.611,-2.334,-0.128,66.998,1.21849
1901,158388.33,1,0.3323041498661041,0.3935098648071289,0.1986,0.004102405160665512,-0.58,-2.334,-0.173,67.296,1.21022
1902,158471.67,1,0.3263545632362366,0.38428327441215515,0.20119,0.004586041904985905,-0.566,-2.323,-0.229,67.199,1.20542
1903,158555.0,1,0.32067111134529114,0.37548497319221497,0.20432,0.004413969349116087,-0.518,-2.287,-0.247,67.225,1.1873
1904,158638.33,1,0.31796348094940186,0.37098929286003113,0.20613,0.0041149877943098545,-0.496,-2.266,-0.245,66.872,1.17766
1905,158721.67,1,0.31740933656692505,0.3671960234642029,0.20739,0.004159140400588512,-0.576,-2.288,-0.224,67.004,1.17405
1906,158805.0,1,0.31328555941581726,0.3575487434864044,0.21007,0.004220621194690466,-0.711,-2.325,-0.191,66.91,1.17993
1907,158888.33,1,0.3128349184989929,0.3576319217681885,0.21005,0.00429840013384819,-0.713,-2.331,-0.196,67.178,1.18534
1908,158970.0,1,0.3148682415485382,0.3596043884754181,0.20968,0.00440508546307683,-0.703,-2.331,-0.196,66.986,1.18941
1909,159053.33,1,0.3181806802749634,0.3617146909236908,0.20918,0.004432413727045059,-0.638,-2.278,-0.186,66.877,1.21021
1910,159136.67,1,0.3173936903476715,0.3632394075393677,0.20886,0.004817448556423187,-0.601,-2.256,-0.214,66.515,1.21763
1911,159220.0,1,0.32243359088897705,0.36988213658332825,0.20584,0.005205260589718819,-0.626,-2.249,-0.24,66.533,1.23093
1912,159303.33,1,0.33294975757598877,0.3870583176612854,0.20035,0.00558348186314106,-0.63,-2.222,-0.274,65.987,1.25614
1913,159386.67,1,0.3464389741420746,0.40127164125442505,0.1948,0.005620843730866909,-0.601,-2.201,-0.265,66.164,1.25103
1914,159470.0,1,0.35542795062065125,0.4113534390926361,0.19266,0.005364377982914448,-0.57,-2.183,-0.247,65.637,1.25633
1915,159553.33,1,0.35391438007354736,0.41325974464416504,0.19403,0.005141934845596552,-0.526,-2.175,-0.224,65.504,1.25275
1916,159636.67,1,0.34925252199172974,0.4150720238685608,0.19421,0.005043928045779467,-0.418,-2.197,-0.252,65.292,1.23964
1917,159720.0,1,0.3478557765483856,0.41435563564300537,0.19462,0.005058560520410538,-0.409,-2.183,-0.247,65.938,1.22453
1918,159803.33,1,0.3433629870414734,0.4071098864078522,0.19664,0.0053650694899261,-0.452,-2.184,-0.22,66.103,1.21642
1919,159886.67,1,0.34461209177970886,0.40496715903282166,0.19621,0.005360882729291916,-0.413,-2.177,-0.219,66.244,1.2114
1920,159970.0,1,0.349016010761261,0.4031025767326355,0.19544,0.005276451352983713,-0.482,-2.185,-0.218,66.221,1.20983
1921,160053.33,1,0.35408326983451843,0.4071114957332611,0.19329,0.004942654632031918,-0.561,-2.211,-0.25,66.532,1.20654
1922,160136.67,1,0.3564395308494568,0.4133903682231903,0.19197,0.005268643610179424,-0.503,-2.237,-0.28,66.233,1.2069
1923,160220.0,1,0.35258206725120544,0.42126452922821045,0.18889,0.005344865377992392,-0.481,-2.266,-0.287,66.526,1.20513
1924,160303.33,1,0.3448759913444519,0.42962121963500977,0.18693,0.00523452227935195,-0.315,-2.308,-0.337,66.261,1.20604
1925,160386.67,1,0.3472888171672821,0.4262946546077728,0.18829,0.005369595717638731,-0.334,-2.307,-0.364,66.364,1.19534
1926,160470.0,1,0.3477869927883148,0.4230839014053345,0.18951,0.005706632975488901,-0.346,-2.307,-0.378,66.161,1.19793
1927,160553.33,1,0.34257596731185913,0.4216020107269287,0.1904,0.0060457997024059296,-0.383,-2.344,-0.402,66.111,1.22173
1928,160636.67,1,0.3470190167427063,0.4280547499656677,0.18761,0.006522512063384056,-0.563,-2.384,-0.418,66.045,1.21692
1929,160720.0,1,0.3497295379638672,0.4350368082523346,0.18327,0.006618950050324202,-0.565,-2.409,-0.424,65.909,1.23804
1930,160803.33,1,0.3547702729701996,0.475117564201355,0.17177,0.00683515565469861,-0.43,-2.471,-0.403,65.43,1.25163
1931,160886.67,1,0.3760027289390564,0.5373138189315796,0.155,0.006964715663343668,-0.51,-2.367,-0.367,65.578,1.25399
1932,160970.0,1,0.4208413362503052,0.5944727063179016,0.13642,0.006779187358915806,-0.578,-2.361,-0.386,65.563,1.23739
1933,161053.33,1,0.6175837516784668,0.7028918266296387,0.06807,0.007069057319313288,-0.473,-2.21,-0.314,65.874,1.23203
1934,161136.67,1,0.8008944392204285,0.8068657517433167,0.01526,0.006489425431936979,-0.202,-1.77,-0.297,65.481,1.2451
1935,161220.0,1,0.8298810720443726,0.8275628089904785,0.02793,0.005591730121523142,-0.009,-1.605,-0.276,65.759,1.24453
1936,161301.67,1,0.8327416777610779,0.8340510129928589,0.02866,0.005006482359021902,0.029,-1.562,-0.277,65.895,1.22674
1937,161385.0,1,0.8226900100708008,0.8334946632385254,0.02402,0.0046957130543887615,-0.052,-1.55,-0.242,66.339,1.20897
1938,161468.33,1,0.8125158548355103,0.8272320628166199,0.01736,0.004233802203088999,-0.193,-1.566,-0.273,66.328,1.20074
1939,161551.67,1,0.8088694214820862,0.8215800523757935,0.01372,0.004106568638235331,-0.295,-1.562,-0.261,66.266,1.21233
1940,161635.0,1,0.8309716582298279,0.8201302289962769,0.01764,0.003735184669494629,-0.317,-1.607,-0.338,66.033,1.2087
1941,161718.33,1,0.8477497696876526,0.8337340354919434,0.02554,0.0036213172134011984,-0.319,-1.589,-0.378,66.31,1.19574
1942,161801.67,1,0.8538172245025635,0.8388859629631042,0.02876,0.0034194686450064182,-0.333,-1.571,-0.432,66.099,1.18455
1943,161885.0,1,0.8530570864677429,0.8426262140274048,0.03017,0.003596923314034939,-0.246,-1.548,-0.428,66.425,1.18341
1944,161968.33,1,0.8505814075469971,0.8409386873245239,0.02949,0.003979568835347891,0.085,-1.588,-0.407,66.331,1.18531
1945,162051.67,1,0.8456770777702332,0.8392475843429565,0.02807,0.004682037979364395,0.589,-1.644,-0.393,66.498,1.1922
1946,162135.0,1,0.8225110769271851,0.8397563695907593,0.02435,0.005337577313184738,0.93,-1.768,-0.3,66.05,1.20969
1947,162218.33,1,0.7851316928863525,0.8162782192230225,0.01362,0.005753524135798216,1.175,-1.875,-0.188,66.493,1.19673
1948,162301.67,1,0.6844611167907715,0.7826355695724487,0.02435,0.006031486671417952,1.364,-1.919,-0.064,66.399,1.18835
1949,162385.0,1,0.5082169771194458,0.7169934511184692,0.07339,0.005874671041965485,1.584,-1.994,0.007,65.965,1.19728
1950,162468.33,1,0.42381149530410767,0.657230019569397,0.10511,0.0058829281479120255,1.623,-2.069,0.066,66.143,1.18904
1951,162551.67,1,0.3934575319290161,0.6323208808898926,0.11886,0.005782682914286852,1.463,-2.187,0.135,66.439,1.19172
1952,162635.0,1,0.37740227580070496,0.6016455888748169,0.12936,0.005901169963181019,1.222,-2.272,0.204,66.02,1.20604
1953,162718.33,1,0.37861162424087524,0.5937755107879639,0.13264,0.0055479621514678,0.983,-2.353,0.236,66.467,1.19538
1954,162801.67,1,0.3928869366645813,0.6017434000968933,0.12902,0.005360516719520092,0.833,-2.429,0.238,66.4,1.1904
1955,162885.0,1,0.3994966149330139,0.5996582508087158,0.13085,0.004768026061356068,0.517,-2.504,0.223,66.306,1.19822
1956,162968.33,1,0.3876053988933563,0.5854294300079346,0.13844,0.004477668087929487,0.228,-2.692,0.186,66.052,1.18219
1957,163051.67,1,0.376291424036026,0.5654259920120239,0.1448,0.004606000613421202,0.03,-2.733,0.204,66.236,1.20291
1958,163135.0,1,0.3772819936275482,0.566338062286377,0.14547,0.004774538334459066,-0.198,-2.786,0.2,66.327,1.19577
1959,163218.33,1,0.5205990076065063,0.6502749919891357,0.09561,0.005575212650001049,-0.367,-2.693,0.172,66.459,1.2098
1960,163301.67,1,0.7726645469665527,0.799148440361023,0.01274,0.005829090718179941,-0.232,-2.338,0.011,66.502,1.20338
1961,163385.0,1,0.8182647228240967,0.8332163095474243,0.02472,0.004969190806150436,-0.244,-2.157,-0.042,66.983,1.195
1962,163468.33,1,0.8143661022186279,0.8269921541213989,0.01777,0.0038332431577146053,-0.447,-1.995,-0.101,66.966,1.19131
1963,163551.67,1,0.8125829100608826,0.8182988166809082,0.01342,0.003253873670473695,-0.481,-1.889,-0.186,66.95,1.20771
1964,163635.0,1,0.8212195634841919,0.8320247530937195,0.0157,0.0031742877326905727,-0.5,-1.853,-0.164,66.894,1.20064
1965,163716.67,1,0.8249173164367676,0.8359784483909607,0.01879,0.003517214208841324,-0.428,-1.787,-0.183,66.868,1.22063
1966,163800.0,1,0.8161014914512634,0.8305537700653076,0.01613,0.003800715785473585,-0.271,-1.697,-0.221,66.509,1.23657
1967,163883.33,1,0.8117598295211792,0.8312888145446777,0.01656,0.004342959728091955,-0.256,-1.697,-0.222,66.886,1.21576
1968,163966.67,1,0.7810662984848022,0.8108197450637817,0.00913,0.0046243816614151,-0.307,-1.741,-0.188,66.848,1.20389
1969,164050.0,1,0.7625185251235962,0.7909303903579712,0.01021,0.005275765899568796,-0.404,-1.829,-0.165,66.963,1.20291
1970,164133.33,1,0.7091612815856934,0.766973614692688,0.023,0.006195045076310635,-0.402,-1.84,-0.157,66.457,1.22033
1971,164216.67,1,0.5366542339324951,0.668813943862915,0.08415,0.005732179153710604,-0.567,-2.04,-0.209,66.533,1.20711
1972,164300.0,1,0.4465384781360626,0.6065584421157837,0.12068,0.005381634458899498,-0.754,-2.279,-0.269,66.093,1.22648
1973,164383.33,1,0.4127857983112335,0.5574355721473694,0.14282,0.004783959593623877,-1.08,-2.358,-0.238,66.003,1.24174
1974,164466.67,1,0.3845857083797455,0.5156952142715454,0.15951,0.004615329671651125,-1.205,-2.375,-0.149,65.533,1.24537
1975,164550.0,1,0.38151296973228455,0.4864650368690491,0.16757,0.004642427898943424,-1.254,-2.354,-0.104,66.105,1.23168
1976,164633.33,1,0.38492754101753235,0.48031923174858093,0.16983,0.004474029876291752,-1.286,-2.327,-0.085,66.177,1.22487
1977,164716.67,1,0.38454410433769226,0.4708171486854553,0.17207,0.004520839545875788,-1.319,-2.322,-0.077,66.58,1.21781
1978,164800.0,1,0.3891730308532715,0.4802002012729645,0.17045,0.004471987951546907,-1.299,-2.354,-0.093,66.442,1.21546
1979,164883.33,1,0.392214834690094,0.48025453090667725,0.1707,0.004604079760611057,-1.282,-2.382,-0.083,66.464,1.21253
1980,164966.67,1,0.39266645908355713,0.48803460597991943,0.16953,0.004573076497763395,-1.165,-2.422,-0.032,66.532,1.20899
1981,165050.0,1,0.3928146958351135,0.48672983050346375,0.16976,0.0047613829374313354,-1.172,-2.429,-0.015,66.318,1.22475
1982,165133.33,1,0.3935033082962036,0.49024420976638794,0.16943,0.004560765344649553,-1.181,-2.429,-0.044,65.866,1.24677
1983,165216.67,1,0.391531378030777,0.4966900050640106,0.16758,0.0043778312392532825,-1.085,-2.423,-0.05,65.849,1.25362
1984,165300.0,1,0.4284850060939789,0.5555967092514038,0.14796,0.004542738664895296,-1.004,-2.409,-0.077,65.595,1.26376
1985,165383.33,1,0.7333953380584717,0.7058027982711792,0.04438,0.004314054735004902,-0.741,-2.084,-0.072,65.972,1.25001
1986,165466.67,1,0.7214518785476685,0.7079018354415894,0.0435,0.005679610650986433,-0.653,-1.806,0.516,66.817,1.20206
1987,165550.0,1,0.7123947143554688,0.7057085037231445,0.04365,0.006209052167832851,-0.712,-1.8,0.449,67.223,1.22791
1988,165633.33,1,0.701930046081543,0.7155184745788574,0.04434,0.005428961478173733,-0.702,-1.84,0.359,66.303,1.2823
1989,165716.67,1,0.70216965675354,0.7185138463973999,0.04749,0.004395711235702038,-0.653,-2.035,0.356,67.144,1.24597
1990,165800.0,1,0.6987506151199341,0.7207062840461731,0.04796,0.004518833477050066,-0.559,-2.09,0.319,67.221,1.23335
1991,165883.33,1,0.6933234930038452,0.7205939292907715,0.0497,0.004539013374596834,-0.643,-2.09,0.352,67.382,1.21942
1992,165966.67,1,0.6883549690246582,0.7159146070480347,0.05151,0.004563889000564814,-0.746,-1.968,0.349,66.911,1.20434
1993,166050.0,1,0.6738412976264954,0.7119259834289551,0.05714,0.004549403674900532,-1.021,-1.893,0.358,66.554,1.2298
1994,166133.33,1,0.670531153678894,0.7116246819496155,0.05801,0.004458226729184389,-1.094,-1.953,0.373,66.608,1.22161
1995,166215.0,1,0.6671702861785889,0.7091712951660156,0.05893,0.004364851396530867,-1.092,-1.954,0.364,66.767,1.22802
1996,166298.33,1,0.6635414958000183,0.7068094611167908,0.05957,0.005164089612662792,-1.098,-1.93,0.357,66.275,1.26316
1997,166381.67,1,0.6650823950767517,0.7076635360717773,0.05901,0.005198775324970484,-0.995,-1.934,0.336,66.419,1.26851
1998,166465.0,1,0.6636579632759094,0.7060973048210144,0.05943,0.00510741863399744,-0.641,-1.856,0.298,66.63,1.2443
1999,166548.33,1,0.6631707549095154,0.7031241655349731,0.06015,0.005058145150542259,-0.63,-1.864,0.289,66.734,1.2298
2000,166631.67,1,0.6636698246002197,0.704229474067688,0.05982,0.005000855773687363,-0.677,-1.893,0.268,66.268,1.25425
2001,166715.0,1,0.6710391640663147,0.7016348242759705,0.05913,0.0047943685203790665,-0.76,-1.892,0.271,66.641,1.27816
2002,166798.33,1,0.6702057123184204,0.7054533362388611,0.05878,0.004862403497099876,-0.759,-1.934,0.311,66.727,1.29378
2003,166881.67,1,0.6941329836845398,0.711876630783081,0.0507,0.0050743259489536285,-0.722,-1.936,0.331,67.594,1.25916
2004,166965.0,1,0.6953498125076294,0.7151912450790405,0.04804,0.005073111038655043,-0.477,-1.912,0.334,67.657,1.23035
2005,167048.33,1,0.6786807775497437,0.7034582495689392,0.05277,0.004660539794713259,-0.49,-1.971,0.303,68.286,1.22967
2006,167131.67,1,0.5566525459289551,0.6597115993499756,0.09403,0.00452599348500371,-0.448,-2.083,0.306,68.493,1.23291
2007,167215.0,1,0.48212045431137085,0.604622483253479,0.12318,0.0046173762530088425,-0.563,-2.189,0.27,69.055,1.23473
2008,167298.33,1,0.4388379454612732,0.534099817276001,0.14987,0.004656294360756874,-0.789,-2.246,0.268,69.07,1.2369
2009,167381.67,1,0.422544002532959,0.49897074699401855,0.16186,0.004801923409104347,-1.011,-2.348,0.263,68.914,1.22775
2010,167465.0,1,0.40600988268852234,0.4681074917316437,0.172,0.005221962928771973,-1.018,-2.419,0.257,68.775,1.22687
2011,167548.33,1,0.4002493619918823,0.46185317635536194,0.17249,0.005244276486337185,-1.172,-2.428,0.236,68.662,1.22461
2012,167631.67,1,0.40636610984802246,0.47799602150917053,0.1686,0.005241230595856905,-1.339,-2.417,0.19,68.002,1.24584
2013,167715.0,1,0.41072046756744385,0.4839669167995453,0.16714,0.005156481638550758,-1.358,-2.387,0.167,68.293,1.2342
2014,167798.33,1,0.4177561402320862,0.5059350728988647,0.16215,0.005027285777032375,-1.24,-2.376,0.134,68.068,1.22822
2015,167881.67,1,0.4247494339942932,0.5133360624313354,0.15971,0.0048661427572369576,-1.249,-2.368,0.095,68.239,1.22821
2016,167965.0,1,0.4281173646450043,0.5173234343528748,0.15741,0.004971825517714024,-1.211,-2.353,0.057,67.804,1.2392
2017,168048.33,1,0.4350918233394623,0.5288128852844238,0.15517,0.004622981417924166,-1.268,-2.315,0.031,68.082,1.21594
2018,168131.67,1,0.4497973620891571,0.5436068773269653,0.14967,0.005123556591570377,-1.332,-2.338,0.01,67.87,1.20441
2019,168215.0,1,0.46182242035865784,0.5528602600097656,0.14505,0.005459904205054045,-1.326,-2.346,0.018,68.147,1.20042
2020,168298.33,1,0.4696240723133087,0.5637043714523315,0.14359,0.005579089745879173,-1.327,-2.328,0.013,67.874,1.20571
2021,168381.67,1,0.47523847222328186,0.5742060542106628,0.1407,0.005679534748196602,-1.318,-2.313,-0.021,67.648,1.22403
2022,168463.33,1,0.47455257177352905,0.5784311294555664,0.14175,0.005888597574084997,-1.359,-2.283,-0.029,67.406,1.21702
2023,168546.67,1,0.5006768703460693,0.5969449281692505,0.13074,0.005946938414126635,-1.334,-2.244,0.014,67.669,1.20991
2024,168630.0,1,0.5383824706077576,0.6131752133369446,0.11907,0.004855228587985039,-1.26,-2.228,0.057,67.479,1.20578
2025,168713.33,1,0.5533886551856995,0.6243883371353149,0.11352,0.004766013007611036,-1.26,-2.192,0.036,67.673,1.21262
2026,168796.67,1,0.5683459043502808,0.6354498863220215,0.1104,0.004107746761292219,-1.247,-2.171,0.011,67.201,1.23247
2027,168880.0,1,0.5839210748672485,0.6471544504165649,0.10573,0.0036216790322214365,-1.319,-2.129,0.021,67.251,1.20531
2028,168963.33,1,0.5950148701667786,0.6541482210159302,0.10181,0.003522963263094425,-1.313,-2.086,0.029,66.936,1.19024
2029,169046.67,1,0.6010315418243408,0.6601994037628174,0.09848,0.0035668329801410437,-1.358,-2.08,0.011,67.21,1.20189
2030,169130.0,1,0.6127474308013916,0.6627424955368042,0.09359,0.003661777125671506,-1.269,-2.055,-0.001,66.842,1.22929
2031,169213.33,1,0.6336773037910461,0.6799402236938477,0.0839,0.0038648610934615135,-1.251,-2.073,-0.026,66.89,1.24583
2032,169296.67,1,0.6519457101821899,0.6898996829986572,0.0762,0.0043191974982619286,-1.224,-2.103,-0.023,66.587,1.25771
2033,169380.0,1,0.6794977784156799,0.7012662887573242,0.0636,0.004863422829657793,-1.055,-2.018,-0.012,66.761,1.26345
2034,169463.33,1,0.6613165140151978,0.6998950242996216,0.06701,0.005433525890111923,-0.895,-1.993,-0.025,66.605,1.268
2035,169546.67,1,0.553852915763855,0.6742980480194092,0.09282,0.005689650774002075,-0.717,-2.032,-0.077,66.751,1.27041
2036,169630.0,1,0.45087841153144836,0.6130282282829285,0.12592,0.0054579004645347595,-0.54,-2.093,-0.123,66.479,1.27454
2037,169713.33,1,0.414267361164093,0.5863417387008667,0.13898,0.005285308230668306,-0.515,-2.089,-0.12,66.694,1.24938
2038,169796.67,1,0.39483219385147095,0.5551010966300964,0.14343,0.006278432440012693,-0.382,-2.098,-0.082,66.415,1.24665
2039,169880.0,1,0.3810158669948578,0.5170906782150269,0.15486,0.006578843109309673,-0.394,-2.16,-0.068,66.58,1.25562
2040,169963.33,1,0.33950933814048767,0.4424048662185669,0.1748,0.006117720156908035,-0.105,-2.181,0.023,67.047,1.2001
2041,170046.67,1,0.33986255526542664,0.3889101445674896,0.19396,0.0052138324826955795,-0.128,-2.153,0.04,67.3,1.19551
2042,170130.0,1,0.34924304485321045,0.40569350123405457,0.19169,0.005823662970215082,-0.162,-2.188,-0.009,66.603,1.23295
2043,170213.33,1,0.49974554777145386,0.5636511445045471,0.12698,0.007507027592509985,-0.112,-2.014,-0.075,66.736,1.25002
2044,170296.67,1,0.5710476636886597,0.6415102481842041,0.09694,0.0066067217849195,-0.292,-1.99,-0.159,66.592,1.26205
2045,170380.0,1,0.5693067908287048,0.6544085741043091,0.09364,0.006177255883812904,-0.463,-1.882,-0.183,66.829,1.233
2046,170463.33,1,0.5889632701873779,0.6619598865509033,0.08971,0.005637499038130045,-0.511,-1.879,-0.174,66.986,1.22495
2047,170546.67,1,0.5839037299156189,0.653600811958313,0.09357,0.0055316961370408535,-0.556,-1.908,-0.198,67.117,1.22352
2048,170630.0,1,0.5717833042144775,0.6462032198905945,0.09714,0.005639918614178896,-0.519,-1.919,-0.23,66.606,1.24634
2049,170713.33,1,0.5339147448539734,0.6412215232849121,0.10578,0.005348763428628445,-0.486,-1.942,-0.278,66.817,1.2315
2050,170796.67,1,0.5135848522186279,0.6420661807060242,0.11139,0.005193544551730156,-0.564,-2.031,-0.323,66.434,1.26469
2051,170880.0,1,0.49277785420417786,0.6295196413993835,0.11781,0.0051626297645270824,-0.501,-1.985,-0.347,66.993,1.25144
2052,170961.67,1,0.4739709794521332,0.6225333213806152,0.12358,0.005325596313923597,-0.497,-1.986,-0.321,66.713,1.27507
2053,171045.0,1,0.46556639671325684,0.6140443086624146,0.12793,0.004964942112565041,-0.413,-1.98,-0.312,67.548,1.24064
2054,171128.33,1,0.45673078298568726,0.6032052040100098,0.13298,0.004871999844908714,-0.376,-1.983,-0.306,67.555,1.22722
2055,171211.67,1,0.4422936737537384,0.5740753412246704,0.14311,0.0048811789602041245,-0.406,-1.991,-0.302,67.836,1.21814
2056,171295.0,1,0.42461949586868286,0.5544396638870239,0.15076,0.004942896775901318,-0.385,-1.989,-0.277,67.678,1.21708
2057,171378.33,1,0.40743258595466614,0.547948956489563,0.15316,0.004674389027059078,-0.483,-2.074,-0.251,67.828,1.21572
2058,171461.67,1,0.4252299964427948,0.5651116967201233,0.14802,0.0045870328322052956,-0.715,-2.167,-0.254,67.513,1.21327
2059,171545.0,1,0.44668033719062805,0.5777699947357178,0.14365,0.004324255511164665,-0.807,-2.17,-0.276,67.576,1.22583
2060,171628.33,1,0.45673489570617676,0.5920113921165466,0.14334,0.004454694222658873,-0.927,-2.21,-0.314,67.307,1.22896
2061,171711.67,1,0.4633385241031647,0.5943111181259155,0.13545,0.005609717220067978,-0.961,-2.151,-0.396,67.3,1.22158
2062,171795.0,1,0.4353073835372925,0.5460211038589478,0.1495,0.005399196874350309,-1.094,-2.15,-0.408,66.814,1.2117
2063,171878.33,1,0.39078810811042786,0.4692283570766449,0.17333,0.004753367509692907,-1.107,-2.178,-0.37,66.971,1.21033
2064,171961.67,1,0.37835872173309326,0.44098278880119324,0.18546,0.004048646427690983,-1.073,-2.164,-0.364,66.686,1.2056
2065,172045.0,1,0.36070600152015686,0.42551669478416443,0.19346,0.0037187400739639997,-1.042,-2.137,-0.33,66.694,1.2161
2066,172128.33,1,0.3525440990924835,0.4138873219490051,0.19811,0.0037568232510238886,-1.036,-2.124,-0.316,66.102,1.23807
2067,172211.67,1,0.34838199615478516,0.39909887313842773,0.20066,0.004016568418592215,-1.071,-2.083,-0.316,66.216,1.25901
2068,172295.0,1,0.34836965799331665,0.4082392454147339,0.19768,0.004523260984569788,-0.937,-2.094,-0.361,66.288,1.24721
2069,172378.33,1,0.33345508575439453,0.40081846714019775,0.19816,0.00477922149002552,-0.692,-2.099,-0.412,66.324,1.23075
2070,172461.67,1,0.30560240149497986,0.38848644495010376,0.20184,0.004844457842409611,-0.611,-2.153,-0.439,65.976,1.25884
2071,172545.0,1,0.30552223324775696,0.3887731432914734,0.20202,0.004767499398440123,-0.599,-2.148,-0.447,66.242,1.268
2072,172628.33,1,0.3036496043205261,0.3873395323753357,0.20307,0.004475087393075228,-0.554,-2.179,-0.458,66.252,1.25358
2073,172711.67,1,0.3061085343360901,0.39033570885658264,0.20171,0.004643180873245001,-0.573,-2.207,-0.459,66.659,1.24257
2074,172795.0,1,0.30535757541656494,0.3910003900527954,0.20056,0.004794193431735039,-0.356,-2.208,-0.466,66.482,1.23577
2075,172878.33,1,0.3082738220691681,0.3926364779472351,0.19867,0.004700310993939638,-0.348,-2.216,-0.449,66.428,1.25163
2076,172961.67,1,0.31012436747550964,0.3951120972633362,0.19794,0.0045473589561879635,-0.525,-2.226,-0.443,66.231,1.24309
2077,173045.0,1,0.3183072805404663,0.40003153681755066,0.1954,0.004991656634956598,-0.473,-2.191,-0.448,66.395,1.22681
2078,173128.33,1,0.311736136674881,0.391512930393219,0.19596,0.005708364304155111,-0.381,-2.143,-0.465,66.229,1.22584
2079,173211.67,1,0.31004849076271057,0.38751187920570374,0.19574,0.005824952386319637,-0.255,-2.107,-0.463,66.431,1.23189
2080,173293.33,1,0.3070923089981079,0.38441532850265503,0.19642,0.005995672661811113,-0.264,-2.081,-0.439,66.152,1.25374
2081,173376.67,1,0.30861422419548035,0.3863968551158905,0.196,0.0060700890608131886,-0.25,-2.111,-0.436,66.431,1.25318
2082,173460.0,1,0.3139785826206207,0.3949466347694397,0.19392,0.00662419805303216,-0.225,-2.111,-0.457,66.219,1.26909
2083,173543.33,1,0.30713674426078796,0.3954405188560486,0.19701,0.00672106072306633,-0.187,-2.122,-0.494,66.434,1.2506
2084,173626.67,1,0.3000015616416931,0.382591187953949,0.20211,0.007359768729656935,-0.3,-2.119,-0.467,66.189,1.26229
2085,173710.0,1,0.3348052501678467,0.46086305379867554,0.17747,0.007800121791660786,-0.419,-2.106,-0.516,66.703,1.2466
2086,173793.33,1,0.744111180305481,0.7671966552734375,0.01875,0.0070916288532316685,-0.058,-1.633,-0.556,66.783,1.23895
2087,173876.67,1,0.7996827363967896,0.8164273500442505,0.01695,0.005945249460637569,-0.036,-1.452,-0.529,66.697,1.24354
2088,173960.0,1,0.8024605512619019,0.8121614456176758,0.01079,0.0051917023956775665,-0.065,-1.383,-0.492,66.687,1.24014
2089,174043.33,1,0.7933799028396606,0.8115679025650024,0.01017,0.004753123968839645,-0.042,-1.375,-0.478,66.674,1.25708
2090,174126.67,1,0.7853826284408569,0.8114287257194519,0.01102,0.004550550598651171,-0.078,-1.367,-0.511,66.643,1.24958
2091,174210.0,1,0.787947952747345,0.8146395683288574,0.01183,0.00448333565145731,-0.098,-1.364,-0.517,66.674,1.26071
2092,174293.33,1,0.7913609147071838,0.8184999227523804,0.01229,0.004451374989002943,-0.091,-1.431,-0.521,66.634,1.2494
2093,174376.67,1,0.7951098680496216,0.8130667209625244,0.01124,0.004871446639299393,-0.118,-1.459,-0.457,66.555,1.26323
2094,174460.0,1,0.7846953868865967,0.7942591309547424,0.00979,0.005584822501987219,-0.29,-1.412,-0.107,66.366,1.29509
2095,174543.33,1,0.7831346988677979,0.789881706237793,0.01137,0.0044462596997618675,-0.379,-1.406,-0.066,67.221,1.26046
2096,174626.67,1,0.7828680872917175,0.7972527742385864,0.01207,0.004721803590655327,-0.371,-1.376,-0.121,66.594,1.29089
2097,174710.0,1,0.7822912335395813,0.8032711744308472,0.01415,0.004491765052080154,-0.408,-1.4,-0.131,66.712,1.2893
2098,174793.33,1,0.7824205756187439,0.8095735907554626,0.01497,0.004540427587926388,-0.458,-1.408,-0.135,67.024,1.25404
2099,174876.67,1,0.7845771908760071,0.8069697618484497,0.01462,0.00485643558204174,-0.603,-1.399,-0.151,66.279,1.26227
2100,174960.0,1,0.7830770015716553,0.7874345779418945,0.01275,0.006786138750612736,-0.443,-1.303,-0.069,66.56,1.20206
2101,175043.33,1,0.7714285254478455,0.7849061489105225,0.0182,0.005956146400421858,-0.51,-1.343,-0.147,66.719,1.19294
2102,175126.67,1,0.7757515907287598,0.7945142984390259,0.0141,0.00476971035823226,-0.493,-1.42,-0.223,66.277,1.17957
2103,175210.0,1,0.7726967334747314,0.8031339645385742,0.01409,0.004767297767102718,-0.46,-1.416,-0.349,67.07,1.169
2104,175293.33,1,0.7761484384536743,0.7955058217048645,0.01262,0.004463999532163143,-0.366,-1.435,-0.389,66.956,1.15354
2105,175376.67,1,0.7797482013702393,0.8009200096130371,0.01161,0.0038351642433553934,-0.26,-1.52,-0.383,66.938,1.19994
2106,175460.0,1,0.7902777791023254,0.8007627725601196,0.00951,0.003011312335729599,-0.233,-1.568,-0.378,67.131,1.18274
2107,175543.33,1,0.7911641597747803,0.8009995222091675,0.00921,0.002991615328937769,-0.169,-1.593,-0.335,66.954,1.19869
2108,175626.67,1,0.7844911813735962,0.7973194122314453,0.01069,0.0029699949081987143,-0.075,-1.565,-0.312,66.782,1.18442
2109,175708.33,1,0.7812267541885376,0.7942134141921997,0.01183,0.0028255267534404993,0.072,-1.572,-0.319,66.548,1.2125
2110,175791.67,1,0.7858960628509521,0.7911718487739563,0.01122,0.00278204376809299,0.019,-1.603,-0.359,66.311,1.20143
2111,175875.0,1,0.7876467108726501,0.7879602313041687,0.01144,0.002758197020739317,-0.133,-1.524,-0.375,66.15,1.21161
2112,175958.33,1,0.7821073532104492,0.7869873642921448,0.01379,0.0028298289980739355,-0.176,-1.491,-0.406,66.138,1.18129
2113,176041.67,1,0.7717748284339905,0.782738447189331,0.01599,0.0031960830092430115,-0.261,-1.429,-0.451,66.758,1.18149
2114,176125.0,1,0.7451837658882141,0.7574253082275391,0.02849,0.00436097988858819,-0.286,-1.461,-0.383,67.57,1.17019
2115,176208.33,1,0.7159225940704346,0.7486448884010315,0.03671,0.004575571045279503,-0.296,-1.487,-0.289,69.141,1.18047
2116,176291.67,1,0.7202738523483276,0.7514352798461914,0.03543,0.004267440177500248,-0.328,-1.492,-0.226,69.206,1.18428
2117,176375.0,1,0.7229223251342773,0.7524534463882446,0.03401,0.004354879260063171,-0.37,-1.558,-0.209,68.79,1.23257
2118,176458.33,1,0.7250083684921265,0.7518477439880371,0.03393,0.004429196007549763,-0.36,-1.582,-0.24,68.563,1.24583
2119,176541.67,1,0.7395746111869812,0.7708513736724854,0.02779,0.00433378154411912,-0.226,-1.518,-0.354,69.369,1.21225
2120,176625.0,1,0.7453300952911377,0.779346227645874,0.02478,0.004452402237802744,-0.328,-1.514,-0.432,69.146,1.19771
2121,176708.33,1,0.7498310208320618,0.7817571759223938,0.02292,0.004489385522902012,-0.357,-1.465,-0.452,69.084,1.25262
2122,176791.67,1,0.7578729391098022,0.7829056978225708,0.02089,0.004044660832732916,-0.383,-1.451,-0.477,69.209,1.24092
2123,176875.0,1,0.7682107090950012,0.7823526859283447,0.01858,0.0041497088968753815,-0.404,-1.413,-0.496,69.247,1.25953
2124,176958.33,1,0.7825354933738708,0.7829005122184753,0.01432,0.00424605468288064,-0.399,-1.38,-0.485,69.397,1.24162
2125,177041.67,1,0.7813484072685242,0.7839259505271912,0.0154,0.0039136153645813465,-0.413,-1.381,-0.385,69.455,1.26392
2126,177125.0,1,0.7808921337127686,0.7861007452011108,0.01371,0.003941782284528017,-0.423,-1.363,-0.37,69.777,1.235
2127,177208.33,1,0.777712881565094,0.7991180419921875,0.01228,0.004100099205970764,-0.437,-1.16,-0.343,69.519,1.27247
2128,177291.67,1,0.7639718055725098,0.7962042093276978,0.01767,0.003774948650971055,-0.672,-1.157,-0.464,69.861,1.23995
2129,177375.0,1,0.7684113383293152,0.7934022545814514,0.01563,0.004675436764955521,-0.544,-1.032,-0.523,69.599,1.27179
2130,177458.33,1,0.773553729057312,0.7975735068321228,0.01543,0.005061066709458828,-0.71,-1.038,-0.463,69.276,1.2922
2131,177541.67,1,0.7781487703323364,0.8018430471420288,0.01462,0.0049424925819039345,-0.787,-1.103,-0.435,69.516,1.28561
2132,177625.0,1,0.7803604602813721,0.8078727722167969,0.01518,0.004852001089602709,-0.836,-1.145,-0.432,69.384,1.26978
2133,177708.33,1,0.7818943858146667,0.8073551058769226,0.01435,0.004831720609217882,-0.835,-1.205,-0.418,69.796,1.25772
2134,177791.67,1,0.7844882011413574,0.8077878952026367,0.01368,0.004787759389728308,-0.812,-1.27,-0.415,69.841,1.24091
2135,177875.0,1,0.7840423583984375,0.8080720901489258,0.01404,0.004489198327064514,-0.791,-1.241,-0.376,69.849,1.26009
2136,177958.33,1,0.7797976136207581,0.8059203624725342,0.01422,0.00429125502705574,-0.69,-1.232,-0.197,69.701,1.27589
2137,178041.67,1,0.7831393480300903,0.8101574182510376,0.01314,0.004524429328739643,-0.74,-1.336,-0.052,69.288,1.25429
2138,178123.33,1,0.7733491063117981,0.8057202100753784,0.01516,0.004690997768193483,-0.63,-1.373,-0.046,69.748,1.22644
2139,178206.67,1,0.7698836326599121,0.8041051626205444,0.01498,0.005051639396697283,-0.439,-1.417,-0.067,70.158,1.21876
2140,178290.0,1,0.776024580001831,0.7925595045089722,0.01386,0.0057281688787043095,-0.37,-1.363,-0.055,69.734,1.21826
2141,178373.33,1,0.7644046545028687,0.7832942008972168,0.01457,0.004540518391877413,-0.336,-1.368,-0.16,69.672,1.22396
2142,178456.67,1,0.7795283794403076,0.785228431224823,0.0112,0.0038650708738714457,-0.246,-1.334,-0.109,68.943,1.26038
2143,178540.0,1,0.7842134237289429,0.7904917001724243,0.00963,0.003724135225638747,-0.08,-1.402,-0.142,69.065,1.25985
2144,178623.33,1,0.7931915521621704,0.7899600267410278,0.0083,0.0035248033236712217,-0.103,-1.377,-0.147,69.0,1.20954
2145,178706.67,1,0.7978312373161316,0.7969440817832947,0.0081,0.0036975438706576824,-0.18,-1.359,-0.157,69.345,1.19731
2146,178790.0,1,0.7862866520881653,0.7851755619049072,0.00984,0.003929514437913895,-0.157,-1.414,-0.245,69.437,1.20473
2147,178873.33,1,0.4335581958293915,0.6104333400726318,0.12346,0.004075189586728811,-0.058,-1.695,-0.098,69.355,1.23248
2148,178956.67,1,0.35381168127059937,0.5128228068351746,0.15949,0.0047226836904883385,-0.042,-2.024,-0.061,69.195,1.22536
2149,179040.0,1,0.3544498682022095,0.4464724361896515,0.1759,0.005102446768432856,-0.482,-2.155,-0.112,69.166,1.26257
2150,179123.33,1,0.3528118133544922,0.4403603971004486,0.17991,0.006130464840680361,-0.415,-2.16,-0.092,69.54,1.22211
2151,179206.67,1,0.3487546145915985,0.436836302280426,0.18258,0.007586304564028978,-0.489,-2.114,-0.107,69.143,1.25141
2152,179290.0,1,0.30302977561950684,0.3611626625061035,0.20839,0.003945404663681984,-0.049,-1.936,-0.221,70.073,1.22923
2153,179373.33,1,0.2926223576068878,0.37393718957901,0.2099,0.004532855935394764,-0.338,-1.989,-0.149,70.611,1.22185
2154,179456.67,1,0.28526705503463745,0.39057019352912903,0.20569,0.004609642084687948,-0.382,-2.117,-0.407,71.072,1.22166
2155,179540.0,1,0.27782198786735535,0.3819057047367096,0.20384,0.005793588235974312,-0.355,-2.148,-0.371,69.24,1.24113
2156,179623.33,1,0.26965227723121643,0.36736592650413513,0.20797,0.007320210803300142,-0.388,-2.104,-0.388,67.912,1.25841
2157,179706.67,1,0.2706247568130493,0.33091479539871216,0.21479,0.006942766718566418,-0.653,-2.197,-0.126,68.01,1.26551
2158,179790.0,1,0.2559647560119629,0.307547390460968,0.22095,0.005509600974619389,-0.695,-2.249,-0.135,68.318,1.27261
2159,179873.33,1,0.22759221494197845,0.2470824271440506,0.23004,0.014311689883470535,-0.582,-2.231,0.256,69.404,1.27368
2160,179956.67,1,0.24636758863925934,0.2885051965713501,0.22399,0.00825803168118,-0.733,-2.663,0.294,68.281,1.30125
2161,180040.0,1,0.23774191737174988,0.2893599271774292,0.22173,0.007786125410348177,-0.899,-2.964,0.264,68.604,1.31477
2162,180123.33,1,0.24602404236793518,0.29576948285102844,0.21986,0.007916645146906376,-1.502,-3.301,0.272,68.76,1.2968
2163,180206.67,1,0.25005221366882324,0.2942376136779785,0.22041,0.007161431945860386,-1.596,-3.262,0.283,68.705,1.31119
2164,180290.0,1,0.2511565685272217,0.29223600029945374,0.2209,0.007001262158155441,-1.573,-3.237,0.315,68.484,1.28428
2165,180373.33,1,0.25380825996398926,0.30790042877197266,0.21829,0.0053518395870924,-1.525,-3.164,0.34,68.979,1.22979
2166,180456.67,1,0.255656361579895,0.3352884352207184,0.21623,0.003984212875366211,-1.593,-3.16,0.397,69.524,1.20555
2167,180538.33,1,0.23479634523391724,0.3422917127609253,0.21833,0.005336853209882975,-1.41,-3.064,0.416,73.09,1.1644
2168,180621.67,1,0.23984883725643158,0.3470354676246643,0.20997,0.008445460349321365,-1.23,-2.981,0.386,73.816,1.18456
2169,180705.0,1,0.24907967448234558,0.36256104707717896,0.20485,0.007504725828766823,-1.233,-3.011,0.321,74.775,1.15291
2170,180788.33,1,0.25938326120376587,0.35745352506637573,0.20553,0.006904485635459423,-1.392,-3.018,0.273,74.819,1.14324
2171,180871.67,1,0.26009950041770935,0.33894115686416626,0.20969,0.007120991125702858,-1.355,-3.023,0.231,75.111,1.1672
2172,180955.0,1,0.258261114358902,0.3277720510959625,0.21254,0.007282452192157507,-1.306,-3.025,0.159,75.026,1.17407
2173,181038.33,1,0.2574223577976227,0.3132692575454712,0.2149,0.007169403601437807,-1.268,-2.991,0.12,75.221,1.17298
2174,181121.67,1,0.25561168789863586,0.31324395537376404,0.21498,0.006969116628170013,-1.279,-3.013,0.083,74.94,1.17626
2175,181205.0,1,0.25407737493515015,0.3135574460029602,0.21517,0.0065506924875080585,-1.298,-3.002,0.057,74.535,1.23649
2176,181288.33,1,0.2546762526035309,0.31372010707855225,0.21519,0.0058515965938568115,-1.303,-2.992,0.036,74.525,1.22745
2177,181371.67,1,0.2562953531742096,0.31599897146224976,0.21479,0.005771202966570854,-1.325,-2.984,0.009,74.705,1.22554
2178,181455.0,1,0.2613147795200348,0.32351571321487427,0.21466,0.0050864615477621555,-1.382,-2.881,-0.008,74.582,1.22565
2179,181538.33,1,0.26224610209465027,0.32520973682403564,0.21448,0.005095243453979492,-1.396,-2.873,-0.018,74.846,1.22657
2180,181621.67,1,0.2729676365852356,0.33294734358787537,0.21166,0.005347193218767643,-1.533,-2.982,-0.057,74.636,1.2283
2181,181705.0,1,0.2808261513710022,0.3389861285686493,0.21082,0.005062637384980917,-1.565,-2.97,-0.11,74.77,1.22474
2182,181788.33,1,0.30213457345962524,0.3574371039867401,0.20484,0.004326662048697472,-1.581,-2.942,-0.149,74.502,1.22399
2183,181871.67,1,0.3117416501045227,0.3711327612400055,0.20226,0.0046393126249313354,-1.543,-2.887,-0.162,74.332,1.22312
2184,181955.0,1,0.3225676417350769,0.3754049837589264,0.20093,0.005100398790091276,-1.512,-2.801,-0.144,73.692,1.25291
2185,182038.33,1,0.31469979882240295,0.3741195797920227,0.20308,0.005588414613157511,-1.516,-2.767,-0.13,73.721,1.2621
2186,182121.67,1,0.30196210741996765,0.36297470331192017,0.20636,0.00680833775550127,-1.491,-2.747,-0.139,73.65,1.24725
2187,182205.0,1,0.2992037832736969,0.36340999603271484,0.20625,0.006905937101691961,-1.494,-2.733,-0.18,73.692,1.26438
2188,182288.33,1,0.3017265498638153,0.3618069589138031,0.20582,0.006781369913369417,-1.532,-2.734,-0.186,73.384,1.27655
2189,182371.67,1,0.2999632954597473,0.3551514446735382,0.20616,0.007042305544018745,-1.552,-2.729,-0.201,73.835,1.24719
2190,182455.0,1,0.29913628101348877,0.3562626838684082,0.20517,0.006489874329417944,-1.55,-2.76,-0.224,74.082,1.22226
2191,182538.33,1,0.2978861629962921,0.35737061500549316,0.2039,0.0065595428459346294,-1.544,-2.765,-0.232,74.322,1.21005
2192,182621.67,1,0.2937141954898834,0.3557869791984558,0.20299,0.006642820779234171,-1.479,-2.743,-0.246,74.05,1.19846
2193,182705.0,1,0.2946239411830902,0.35615313053131104,0.20267,0.006492364685982466,-1.482,-2.751,-0.245,74.213,1.2072
2194,182788.33,1,0.3032016158103943,0.35908764600753784,0.20195,0.006434154696762562,-1.557,-2.857,-0.25,73.705,1.22878
2195,182870.0,1,0.3069116771221161,0.3631848990917206,0.20234,0.0061750346794724464,-1.58,-2.871,-0.245,74.137,1.22066
2196,182953.33,1,0.3211019039154053,0.38377997279167175,0.19631,0.006373317446559668,-1.606,-2.895,-0.226,74.12,1.21725
2197,183036.67,1,0.35377758741378784,0.4373123347759247,0.18139,0.006151741836220026,-1.612,-2.902,-0.216,74.497,1.21352
2198,183120.0,1,0.4084334075450897,0.5343047380447388,0.15447,0.005891674663871527,-1.542,-2.911,-0.23,74.338,1.21137
2199,183203.33,1,0.4239659607410431,0.5683226585388184,0.14408,0.006007632240653038,-1.277,-2.783,-0.223,74.476,1.20045
2200,183286.67,1,0.4318825602531433,0.5833677053451538,0.13796,0.006151601206511259,-1.119,-2.688,-0.249,74.251,1.20246
2201,183370.0,1,0.4641786813735962,0.621612012386322,0.12322,0.006658016704022884,-1.067,-2.601,-0.243,74.424,1.20224
2202,183453.33,1,0.4961678087711334,0.6647405624389648,0.106,0.0070597161538898945,-1.073,-2.59,-0.23,74.247,1.20742
2203,183536.67,1,0.5111790895462036,0.6792269945144653,0.09721,0.007358751725405455,-1.069,-2.572,-0.24,74.326,1.21383
2204,183620.0,1,0.5273876190185547,0.6933432817459106,0.08824,0.007963449694216251,-0.964,-2.499,-0.245,73.832,1.23278
2205,183703.33,1,0.5385819673538208,0.7002586126327515,0.08371,0.007297011092305183,-0.941,-2.461,-0.255,73.746,1.24592
2206,183786.67,1,0.5543625354766846,0.7065340280532837,0.08049,0.0066919573582708836,-0.97,-2.464,-0.276,73.361,1.25499
2207,183870.0,1,0.597180962562561,0.7255180478096008,0.06667,0.006297614891082048,-0.964,-2.468,-0.267,73.62,1.23832
2208,183953.33,1,0.6325527429580688,0.7348207831382751,0.05385,0.006671793758869171,-0.927,-2.444,-0.249,73.369,1.24788
2209,184036.67,1,0.6195365190505981,0.7343778610229492,0.05639,0.007240403443574905,-0.922,-2.455,-0.229,73.901,1.23089
2210,184120.0,1,0.6135752201080322,0.7345603704452515,0.05504,0.00723404111340642,-0.845,-2.444,-0.206,73.952,1.22066
2211,184203.33,1,0.6010357141494751,0.7280206680297852,0.0624,0.006747834384441376,-0.768,-2.468,-0.258,74.023,1.23272
2212,184286.67,1,0.5967454314231873,0.7173833847045898,0.06673,0.006112874019891024,-0.734,-2.43,-0.243,73.998,1.22517
2213,184370.0,1,0.5682241916656494,0.6932277083396912,0.07959,0.0065776277333498,-0.688,-2.406,-0.302,74.331,1.22769
2214,184453.33,1,0.540094792842865,0.6730344295501709,0.08983,0.007117805071175098,-0.685,-2.419,-0.346,73.997,1.24246
2215,184536.67,1,0.5087184906005859,0.6409962177276611,0.10456,0.007008422631770372,-0.689,-2.451,-0.356,74.364,1.2272
2216,184620.0,1,0.4926864802837372,0.6341018080711365,0.11119,0.006535183638334274,-0.665,-2.503,-0.381,74.165,1.2131
2217,184703.33,1,0.49452152848243713,0.6236234307289124,0.11364,0.006296307314187288,-0.698,-2.482,-0.367,74.551,1.21024
2218,184786.67,1,0.47809070348739624,0.6091979742050171,0.1215,0.006091009359806776,-0.657,-2.478,-0.343,74.477,1.21103
2219,184870.0,1,0.46283969283103943,0.5941845178604126,0.12955,0.005669863428920507,-0.667,-2.479,-0.313,74.533,1.21016
2220,184953.33,1,0.40211859345436096,0.5509759783744812,0.14383,0.007418149150907993,-0.63,-2.496,-0.269,74.609,1.20966
2221,185036.67,1,0.3125602602958679,0.4329926073551178,0.17574,0.00843777321279049,-0.538,-2.468,-0.174,74.467,1.21626
2222,185118.33,1,0.26131173968315125,0.36883610486984253,0.19987,0.007979514077305794,-0.473,-2.484,-0.14,74.272,1.21552
2223,185201.67,1,0.24426665902137756,0.3294326663017273,0.21119,0.007911109365522861,-0.443,-2.491,-0.135,74.408,1.21161
2224,185285.0,1,0.24589385092258453,0.3270482122898102,0.21385,0.0076800743117928505,-0.457,-2.509,-0.064,74.007,1.22674
2225,185368.33,1,0.23837009072303772,0.3147335350513458,0.21738,0.007208306808024645,-0.482,-2.493,-0.008,74.435,1.21508
2226,185451.67,1,0.24006325006484985,0.30925253033638,0.21855,0.007349391467869282,-0.872,-2.567,0.024,74.207,1.20567
2227,185535.0,1,0.2347332239151001,0.2798604369163513,0.22163,0.006859517656266689,-0.845,-2.564,-0.0,74.545,1.20553
2228,185618.33,1,0.22963805496692657,0.2756979763507843,0.22433,0.00675801420584321,-0.812,-2.569,0.03,74.352,1.20756
2229,185701.67,1,0.22862869501113892,0.2710409462451935,0.226,0.007404036819934845,-0.834,-2.575,0.022,74.51,1.20311
2230,185785.0,1,0.22816090285778046,0.26655447483062744,0.22665,0.0093689588829875,-0.887,-2.61,0.0,74.124,1.19681
2231,185868.33,1,0.23193727433681488,0.2682837247848511,0.22468,0.009853622876107693,-0.887,-2.616,-0.031,74.174,1.19911
2232,185951.67,1,0.25969189405441284,0.290223091840744,0.21612,0.008760985918343067,-0.905,-2.638,-0.067,73.749,1.22097
2233,186035.0,1,0.28872936964035034,0.3214787244796753,0.20418,0.008762559853494167,-0.945,-2.659,-0.085,73.953,1.22492
2234,186118.33,1,0.31317803263664246,0.37347087264060974,0.18868,0.008668340742588043,-1.023,-2.716,-0.094,73.565,1.23893
2235,186201.67,1,0.36195066571235657,0.4199921786785126,0.173,0.008201063610613346,-1.091,-2.741,-0.123,74.034,1.22724
2236,186285.0,1,0.3742532730102539,0.45937594771385193,0.16706,0.007359427399933338,-1.206,-2.81,-0.172,73.941,1.21963
2237,186368.33,1,0.3847493529319763,0.4650173485279083,0.16726,0.006544642150402069,-1.293,-2.801,-0.222,74.035,1.21374
2238,186451.67,1,0.6618833541870117,0.6689123511314392,0.06792,0.006341325119137764,-1.118,-2.628,-0.274,73.716,1.23354
2239,186535.0,1,0.6809395551681519,0.7046986818313599,0.05279,0.00612269714474678,-1.178,-2.504,-0.305,74.051,1.23124
2240,186618.33,1,0.5632379055023193,0.6814351677894592,0.08152,0.005923359654843807,-1.189,-2.525,-0.37,73.755,1.24333
2241,186701.67,1,0.4500054717063904,0.5865932703018188,0.12473,0.00568057456985116,-1.188,-2.558,-0.355,74.065,1.2373
2242,186785.0,1,0.3730565309524536,0.4934137463569641,0.1548,0.006170395761728287,-1.151,-2.571,-0.309,73.655,1.24831
2243,186868.33,1,0.3439449369907379,0.4440753161907196,0.17161,0.006213720887899399,-1.165,-2.571,-0.301,74.182,1.23289
2244,186951.67,1,0.3301718235015869,0.41103580594062805,0.18245,0.0062012397684156895,-1.136,-2.61,-0.307,74.206,1.22472
2245,187035.0,1,0.3154785931110382,0.39220914244651794,0.18906,0.006112187635153532,-1.127,-2.601,-0.29,74.497,1.21343
2246,187118.33,1,0.3084923326969147,0.3871860206127167,0.19109,0.006075345445424318,-1.113,-2.605,-0.277,74.174,1.20268
2247,187201.67,1,0.3027985095977783,0.38342970609664917,0.19286,0.006091982126235962,-1.131,-2.638,-0.279,74.351,1.21023
2248,187285.0,1,0.2805144190788269,0.37582528591156006,0.19772,0.00628313422203064,-1.095,-2.664,-0.281,73.886,1.23103
2249,187366.67,1,0.25952285528182983,0.3502717912197113,0.20515,0.0069496603682637215,-0.947,-2.656,-0.293,73.685,1.24625
2250,187450.0,1,0.23527440428733826,0.32297033071517944,0.21526,0.006569692865014076,-0.702,-2.573,-0.289,73.91,1.23259
2251,187533.33,1,0.2254052460193634,0.31722408533096313,0.21907,0.007008257322013378,-0.657,-2.546,-0.271,74.219,1.22155
2252,187616.67,1,0.2310701310634613,0.3207717537879944,0.21885,0.007671161089092493,-0.637,-2.548,-0.246,74.083,1.2167
2253,187700.0,1,0.23394329845905304,0.3184257447719574,0.21931,0.007310477551072836,-0.598,-2.547,-0.266,74.364,1.21166
2254,187783.33,1,0.23538599908351898,0.3186785876750946,0.21945,0.007124356459826231,-0.602,-2.573,-0.261,74.119,1.20947
2255,187866.67,1,0.23585210740566254,0.3148433566093445,0.22023,0.006744408514350653,-0.57,-2.592,-0.269,74.3,1.21513
2256,187950.0,1,0.2353707253932953,0.31115031242370605,0.2207,0.0066421134397387505,-0.613,-2.662,-0.268,73.803,1.23085
2257,188033.33,1,0.24007295072078705,0.32448872923851013,0.21402,0.006720181554555893,-0.621,-2.669,-0.235,74.046,1.21357
2258,188116.67,1,0.5167886018753052,0.6591016054153442,0.09679,0.007862660102546215,-0.589,-2.568,-0.223,74.018,1.21135
2259,188200.0,1,0.4521205425262451,0.6305744051933289,0.11349,0.006693231873214245,-0.584,-2.517,-0.223,74.123,1.22338
2260,188283.33,1,0.4159327447414398,0.594995379447937,0.13219,0.006241882685571909,-0.635,-2.566,-0.23,74.017,1.20898
2261,188366.67,1,0.38408124446868896,0.5299782752990723,0.15457,0.005499772261828184,-0.809,-2.601,-0.267,74.312,1.22596
2262,188450.0,1,0.3493533730506897,0.46635860204696655,0.17307,0.005279981531202793,-0.852,-2.575,-0.335,74.427,1.22229
2263,188533.33,1,0.32885533571243286,0.4476441442966461,0.18176,0.004669015295803547,-0.947,-2.545,-0.39,74.875,1.21603
2264,188616.67,1,0.3197237551212311,0.41776639223098755,0.18803,0.004574980586767197,-0.993,-2.555,-0.411,74.781,1.2128
2265,188700.0,1,0.303989052772522,0.37756431102752686,0.19711,0.0045846295543015,-1.005,-2.561,-0.431,74.896,1.22885
2266,188783.33,1,0.2904200553894043,0.3600587546825409,0.20216,0.004610452335327864,-1.034,-2.584,-0.435,74.823,1.22434
2267,188866.67,1,0.273526132106781,0.33584439754486084,0.20638,0.005196522455662489,-1.024,-2.564,-0.367,74.965,1.21598
2268,188950.0,1,0.27431532740592957,0.34387415647506714,0.20552,0.004822784103453159,-0.968,-2.529,-0.311,74.667,1.22852
2269,189033.33,1,0.2822316586971283,0.3707473576068878,0.20145,0.004929836373776197,-0.954,-2.553,-0.307,75.072,1.22326
2270,189116.67,1,0.35893765091896057,0.4816349148750305,0.16763,0.010181493125855923,-0.856,-2.408,-0.355,76.276,1.21299
2271,189200.0,1,0.3156929612159729,0.40778911113739014,0.1898,0.006677190773189068,-0.971,-2.468,-0.39,76.6,1.21426
2272,189283.33,1,0.2946802079677582,0.39776521921157837,0.1956,0.006250857375562191,-1.124,-2.614,-0.431,75.756,1.23441
2273,189366.67,1,0.28098803758621216,0.40039026737213135,0.19634,0.006314652506262064,-1.201,-2.562,-0.402,75.919,1.21691
2274,189450.0,1,0.2838006019592285,0.3970752954483032,0.19747,0.007610729895532131,-1.352,-2.636,-0.339,75.306,1.25024
2275,189533.33,1,0.2585170865058899,0.3592599034309387,0.20656,0.011308124288916588,-1.221,-2.557,-0.403,75.786,1.22652
2276,189616.67,1,0.26330870389938354,0.35116273164749146,0.20612,0.008398649282753468,-1.162,-2.534,-0.372,75.592,1.2161
2277,189698.33,1,0.2593850791454315,0.33433470129966736,0.21143,0.006869348231703043,-1.111,-2.528,-0.358,75.67,1.20598
2278,189781.67,1,0.2571815252304077,0.33854809403419495,0.21043,0.006129381246864796,-1.052,-2.536,-0.395,75.242,1.20143
2279,189865.0,1,0.24182695150375366,0.3200366795063019,0.21686,0.006352848839014769,-0.968,-2.577,-0.408,75.144,1.20344
2280,189948.33,1,0.23647241294384003,0.32727524638175964,0.2201,0.005737967789173126,-1.196,-2.635,-0.375,74.612,1.18353
2281,190031.67,1,0.23907893896102905,0.3180897533893585,0.2244,0.005234228912740946,-1.11,-2.616,-0.424,74.894,1.19343
2282,190115.0,1,0.23618602752685547,0.30793899297714233,0.22564,0.0051046134904026985,-1.056,-2.678,-0.504,74.666,1.19661
2283,190198.33,1,0.23413270711898804,0.2996708154678345,0.22575,0.005363820120692253,-1.02,-2.637,-0.549,74.809,1.18596
2284,190281.67,1,0.23554584383964539,0.2950979471206665,0.22549,0.005055408459156752,-0.866,-2.648,-0.593,74.43,1.18029
2285,190365.0,1,0.23543833196163177,0.2933357357978821,0.2255,0.004798424895852804,-0.779,-2.678,-0.597,74.767,1.18752
2286,190448.33,1,0.23513531684875488,0.2926623821258545,0.22558,0.004488243721425533,-0.805,-2.723,-0.604,74.576,1.19343
2287,190531.67,1,0.23225557804107666,0.2904589772224426,0.22612,0.004411579109728336,-0.791,-2.703,-0.629,74.555,1.21312
2288,190615.0,1,0.23192590475082397,0.2899618446826935,0.22558,0.004332926124334335,-0.775,-2.69,-0.669,74.495,1.21073
2289,190698.33,1,0.23239846527576447,0.28925788402557373,0.22509,0.004307325463742018,-0.772,-2.642,-0.683,74.468,1.23311
2290,190781.67,1,0.23427742719650269,0.2908961772918701,0.22437,0.004393424838781357,-0.782,-2.65,-0.683,74.524,1.22056
2291,190865.0,1,0.23706494271755219,0.2923949360847473,0.2236,0.004405928310006857,-0.763,-2.61,-0.673,74.492,1.23663
2292,190948.33,1,0.23973819613456726,0.29831504821777344,0.22237,0.004503811243921518,-0.764,-2.609,-0.69,74.406,1.22314
2293,191031.67,1,0.24071986973285675,0.3003791272640228,0.22218,0.004511908628046513,-0.801,-2.62,-0.708,74.608,1.20813
2294,191115.0,1,0.24105022847652435,0.30228230357170105,0.22192,0.0045638191513717175,-0.817,-2.628,-0.721,74.236,1.19205
2295,191198.33,1,0.2407580465078354,0.3031653165817261,0.22175,0.0045214444398880005,-0.788,-2.593,-0.74,74.522,1.18936
2296,191281.67,1,0.27795183658599854,0.3777356445789337,0.19874,0.004969655070453882,-0.666,-2.492,-0.735,74.29,1.18355
2297,191365.0,1,0.4459962844848633,0.6023944020271301,0.12799,0.005882727447897196,-0.574,-2.344,-0.732,74.617,1.18865
2298,191448.33,1,0.4561043679714203,0.5864192247390747,0.12844,0.006771665532141924,-0.587,-2.281,-0.702,74.418,1.19397
2299,191531.67,1,0.4143209457397461,0.5261189341545105,0.14722,0.006751656997948885,-0.706,-2.391,-0.655,74.422,1.18468
2300,191615.0,1,0.36795398592948914,0.4586670696735382,0.1702,0.006286136340349913,-0.922,-2.543,-0.637,74.22,1.18817
2301,191698.33,1,0.33963197469711304,0.41250768303871155,0.18516,0.005995769519358873,-1.04,-2.582,-0.615,74.565,1.19142
2302,191781.67,1,0.3336414098739624,0.39770135283470154,0.19138,0.005704614799469709,-1.122,-2.561,-0.601,74.403,1.19464
2303,191865.0,1,0.3305431604385376,0.3933837115764618,0.195,0.005542776547372341,-1.145,-2.59,-0.594,74.754,1.19621
2304,191948.33,1,0.3300076723098755,0.39226701855659485,0.19596,0.005787877831608057,-1.162,-2.644,-0.597,74.645,1.19939
2305,192031.67,1,0.32582762837409973,0.38665536046028137,0.1963,0.006146915722638369,-1.171,-2.635,-0.582,74.417,1.20734
2306,192115.0,1,0.3244789242744446,0.39833393692970276,0.19333,0.006145864259451628,-1.096,-2.599,-0.577,74.368,1.20475
2307,192198.33,1,0.3314022123813629,0.4016208052635193,0.19072,0.005468001589179039,-0.976,-2.558,-0.577,74.709,1.20993
2308,192280.0,1,0.3307211995124817,0.4028482139110565,0.19032,0.005108702927827835,-0.957,-2.559,-0.625,74.417,1.22738
2309,192363.33,1,0.3329753577709198,0.41147586703300476,0.18728,0.004852362908422947,-0.935,-2.562,-0.623,74.597,1.21946
2310,192446.67,1,0.33905401825904846,0.4324071705341339,0.18136,0.004582034423947334,-0.855,-2.567,-0.681,74.325,1.23937
2311,192530.0,1,0.35153478384017944,0.438908189535141,0.17699,0.004484276752918959,-0.785,-2.515,-0.713,74.82,1.22377
2312,192613.33,1,0.35464906692504883,0.4354487955570221,0.17502,0.005138797219842672,-0.651,-2.495,-0.715,74.742,1.213
2313,192696.67,1,0.35743698477745056,0.4349977970123291,0.17269,0.005580356810241938,-0.605,-2.474,-0.692,74.884,1.21443
2314,192780.0,1,0.3596899211406708,0.43844807147979736,0.17161,0.0055659194476902485,-0.624,-2.46,-0.682,74.36,1.22779
2315,192863.33,1,0.35686588287353516,0.43377649784088135,0.17259,0.006111050024628639,-0.635,-2.437,-0.665,74.571,1.21637
2316,192946.67,1,0.3565889894962311,0.4339793026447296,0.17325,0.006278551183640957,-0.701,-2.388,-0.641,74.278,1.22901
2317,193030.0,1,0.3602389395236969,0.4368276000022888,0.17344,0.006152097135782242,-0.753,-2.396,-0.635,74.236,1.2375
2318,193113.33,1,0.36405643820762634,0.4434417486190796,0.17274,0.005946112331002951,-0.863,-2.428,-0.633,73.65,1.23771
2319,193196.67,1,0.3703334927558899,0.46006491780281067,0.16901,0.00564191397279501,-0.914,-2.453,-0.634,73.924,1.22443
2320,193280.0,1,0.3765679895877838,0.47302621603012085,0.16499,0.0053366911597549915,-0.938,-2.48,-0.641,73.758,1.21646
2321,193363.33,1,0.3636704087257385,0.4629606306552887,0.167,0.005800012964755297,-0.861,-2.472,-0.627,73.906,1.21841
2322,193446.67,1,0.35431018471717834,0.4335249960422516,0.17176,0.006846535950899124,-0.82,-2.466,-0.573,73.418,1.23469
2323,193530.0,1,0.3343852162361145,0.41706186532974243,0.17623,0.008930742740631104,-0.73,-2.462,-0.505,73.627,1.2326
2324,193613.33,1,0.32677149772644043,0.4243290424346924,0.17524,0.0086417431011796,-0.566,-2.431,-0.433,73.274,1.24499
2325,193696.67,1,0.32714521884918213,0.43127259612083435,0.17596,0.008316628634929657,-0.533,-2.422,-0.38,73.272,1.25524
2326,193780.0,1,0.3255467414855957,0.43985068798065186,0.17706,0.007671251893043518,-0.557,-2.422,-0.394,72.893,1.26288
2327,193863.33,1,0.32845979928970337,0.4432447552680969,0.17728,0.006630903109908104,-0.716,-2.378,-0.416,73.188,1.25965
2328,193946.67,1,0.3258886933326721,0.4384751617908478,0.17832,0.006045166403055191,-0.731,-2.365,-0.424,73.272,1.24297
2329,194030.0,1,0.3292994201183319,0.4400579333305359,0.17888,0.005495538469403982,-0.856,-2.344,-0.425,73.6,1.22902
2330,194113.33,1,0.3282816708087921,0.4340512752532959,0.17925,0.005441489163786173,-0.906,-2.31,-0.453,73.438,1.22211
2331,194196.67,1,0.3273504376411438,0.42687541246414185,0.1801,0.005553871393203735,-0.939,-2.321,-0.488,73.242,1.23524
2332,194280.0,1,0.3258363902568817,0.4211304187774658,0.18097,0.005488774739205837,-0.975,-2.353,-0.5,72.581,1.24004
2333,194363.33,1,0.3249928951263428,0.4185777008533478,0.1828,0.005385425873100758,-0.978,-2.374,-0.511,72.718,1.25122
2334,194446.67,1,0.3211800158023834,0.4087829291820526,0.18638,0.005311131943017244,-0.947,-2.393,-0.542,72.454,1.25825
2335,194530.0,1,0.31434133648872375,0.39206743240356445,0.19027,0.005574672948569059,-0.913,-2.401,-0.549,73.036,1.23969
2336,194611.67,1,0.30633124709129333,0.3775757849216461,0.19378,0.005696792621165514,-0.83,-2.436,-0.546,73.003,1.22705
2337,194695.0,1,0.30335038900375366,0.36773449182510376,0.19574,0.005748346913605928,-0.769,-2.443,-0.55,73.278,1.2255
2338,194778.33,1,0.3014993667602539,0.36576586961746216,0.19683,0.005367028992623091,-0.728,-2.42,-0.554,72.896,1.24031
2339,194861.67,1,0.2999100983142853,0.3637753129005432,0.1976,0.0052522653713822365,-0.7,-2.419,-0.546,73.093,1.23163
2340,194945.0,1,0.28882771730422974,0.3495597243309021,0.19981,0.006110365968197584,-0.631,-2.475,-0.54,72.839,1.24902
2341,195028.33,1,0.28444182872772217,0.34159326553344727,0.20133,0.006087182089686394,-0.605,-2.52,-0.54,73.224,1.22678
2342,195111.67,1,0.2849215269088745,0.34190765023231506,0.2014,0.006167159415781498,-0.635,-2.588,-0.56,73.173,1.21964
2343,195195.0,1,0.2853486239910126,0.34214359521865845,0.20195,0.005853212438523769,-0.739,-2.626,-0.568,73.443,1.2219
2344,195278.33,1,0.2884179353713989,0.34457769989967346,0.20217,0.005667273886501789,-0.944,-2.69,-0.585,72.996,1.23693
2345,195361.67,1,0.28505009412765503,0.34073296189308167,0.20323,0.005741012282669544,-0.989,-2.668,-0.589,73.114,1.2435
2346,195445.0,1,0.2805846631526947,0.3371978998184204,0.20388,0.005611334461718798,-1.07,-2.637,-0.595,73.03,1.23216
2347,195528.33,1,0.2786248028278351,0.33474457263946533,0.20458,0.005617058370262384,-1.065,-2.621,-0.596,73.47,1.22261
2348,195611.67,1,0.27354273200035095,0.3304429352283478,0.20547,0.005818161182105541,-1.0,-2.597,-0.604,73.346,1.21946
2349,195695.0,1,0.28029778599739075,0.33372244238853455,0.20544,0.005565260071307421,-0.998,-2.615,-0.643,73.205,1.23709
2350,195778.33,1,0.2829876244068146,0.33477783203125,0.20764,0.005456135142594576,-1.147,-2.554,-0.614,72.771,1.2498
2351,195861.67,1,0.28202149271965027,0.3380943536758423,0.20988,0.005316514987498522,-1.156,-2.576,-0.61,73.144,1.24321
2352,195945.0,1,0.2872622311115265,0.34378644824028015,0.20965,0.005327071528881788,-1.111,-2.569,-0.622,72.933,1.25006
2353,196028.33,1,0.3014538586139679,0.3558802902698517,0.20681,0.005380262155085802,-1.114,-2.588,-0.663,73.066,1.24427
2354,196111.67,1,0.30027052760124207,0.35996106266975403,0.20632,0.005316762253642082,-1.074,-2.592,-0.664,72.926,1.22532
2355,196195.0,1,0.29845359921455383,0.35921984910964966,0.20663,0.005435061175376177,-1.097,-2.608,-0.662,73.458,1.21567
2356,196278.33,1,0.29513460397720337,0.3551729917526245,0.20781,0.0054390281438827515,-1.123,-2.616,-0.645,73.459,1.21133
2357,196361.67,1,0.29533305764198303,0.3483114242553711,0.21037,0.0051288604736328125,-1.151,-2.632,-0.622,73.455,1.22159
2358,196445.0,1,0.2935994565486908,0.35024207830429077,0.20953,0.005525168031454086,-1.13,-2.648,-0.625,73.283,1.20794
2359,196528.33,1,0.3009999692440033,0.3559868633747101,0.2068,0.005688817240297794,-1.186,-2.659,-0.589,73.565,1.22517
2360,196611.67,1,0.32002007961273193,0.3695637881755829,0.20108,0.006582573987543583,-1.184,-2.667,-0.597,73.669,1.22325
2361,196695.0,1,0.333611398935318,0.3830387592315674,0.19692,0.006976373493671417,-1.191,-2.647,-0.577,74.138,1.2159
2362,196778.33,1,0.3431316018104553,0.38533830642700195,0.19667,0.007039859425276518,-1.208,-2.648,-0.542,74.041,1.21361
2363,196860.0,1,0.34196874499320984,0.39224839210510254,0.19526,0.007677280344069004,-1.237,-2.662,-0.536,74.184,1.21354
2364,196943.33,1,0.337594211101532,0.3896888792514801,0.1951,0.008986066095530987,-1.296,-2.655,-0.516,73.596,1.22243
2365,197026.67,1,0.3383614420890808,0.3886091709136963,0.1943,0.008662167936563492,-1.358,-2.667,-0.512,73.693,1.23295
2366,197110.0,1,0.3417617082595825,0.389297217130661,0.1936,0.007935221306979656,-1.401,-2.665,-0.534,73.675,1.22743
2367,197193.33,1,0.343110054731369,0.387787401676178,0.19307,0.0076080188155174255,-1.407,-2.677,-0.537,73.604,1.24127
2368,197276.67,1,0.34833216667175293,0.38701075315475464,0.19177,0.0077371010556817055,-1.417,-2.696,-0.547,73.148,1.25283
2369,197360.0,1,0.35040655732154846,0.39081883430480957,0.19079,0.00793898943811655,-1.418,-2.698,-0.556,73.018,1.26013
2370,197443.33,1,0.3605119585990906,0.40411707758903503,0.18708,0.007145934738218784,-1.326,-2.614,-0.594,72.974,1.26977
2371,197526.67,1,0.3622034192085266,0.41172897815704346,0.18489,0.006899047177284956,-1.174,-2.557,-0.599,73.306,1.26084
2372,197610.0,1,0.3654292821884155,0.4153764247894287,0.18369,0.006529319565743208,-1.163,-2.544,-0.593,73.205,1.2472
2373,197693.33,1,0.37108099460601807,0.4222770929336548,0.18216,0.005698977969586849,-1.135,-2.521,-0.586,73.477,1.23893
2374,197776.67,1,0.37785208225250244,0.43415969610214233,0.17982,0.0053718420676887035,-1.134,-2.511,-0.577,73.11,1.24777
2375,197860.0,1,0.3789898455142975,0.4417934715747833,0.17648,0.005495773162692785,-1.03,-2.509,-0.584,72.986,1.24615
2376,197943.33,1,0.3745475113391876,0.43852412700653076,0.17701,0.005484447348862886,-0.94,-2.466,-0.565,72.686,1.25473
2377,198026.67,1,0.369457483291626,0.43841975927352905,0.17771,0.005385735537856817,-0.93,-2.472,-0.561,73.0,1.25566
2378,198110.0,1,0.35679304599761963,0.42751777172088623,0.18128,0.0057840486988425255,-0.916,-2.504,-0.549,73.038,1.24301
2379,198193.33,1,0.3527359366416931,0.42192429304122925,0.18306,0.005897791590541601,-0.91,-2.511,-0.537,73.431,1.22796
2380,198276.67,1,0.3544284701347351,0.42593351006507874,0.18176,0.0058759162202477455,-0.88,-2.535,-0.553,73.338,1.21967
2381,198360.0,1,0.35650041699409485,0.4319581687450409,0.17881,0.005921316333115101,-0.833,-2.524,-0.558,73.685,1.2134
2382,198443.33,1,0.35761088132858276,0.43836697936058044,0.17622,0.006054640747606754,-0.782,-2.487,-0.575,73.513,1.21304
2383,198526.67,1,0.36019468307495117,0.44400763511657715,0.17493,0.005908536724746227,-0.907,-2.51,-0.612,73.796,1.21016
2384,198610.0,1,0.3685579001903534,0.45227423310279846,0.17401,0.005777476355433464,-1.101,-2.551,-0.678,73.579,1.20857
2385,198693.33,1,0.37435001134872437,0.45989662408828735,0.172,0.005941052455455065,-1.122,-2.536,-0.732,73.534,1.22835
2386,198776.67,1,0.37835657596588135,0.4720030128955841,0.16841,0.006040862295776606,-1.052,-2.503,-0.743,73.446,1.22341
2387,198860.0,1,0.3913414478302002,0.49733680486679077,0.16158,0.005827584769576788,-0.936,-2.449,-0.737,73.568,1.22447
2388,198943.33,1,0.3945414423942566,0.5130101442337036,0.1585,0.005779668688774109,-0.893,-2.478,-0.735,73.16,1.24051
2389,199026.67,1,0.39750465750694275,0.5348731279373169,0.15338,0.005830937530845404,-0.835,-2.464,-0.711,73.408,1.23573
2390,199108.33,1,0.40009984374046326,0.547507643699646,0.15057,0.00584185216575861,-0.746,-2.477,-0.688,73.086,1.2483
2391,199191.67,1,0.4028575122356415,0.5573373436927795,0.14742,0.005948305130004883,-0.733,-2.475,-0.674,73.57,1.23461
2392,199275.0,1,0.40686342120170593,0.5620826482772827,0.14451,0.0060510458424687386,-0.738,-2.487,-0.678,73.541,1.22774
2393,199358.33,1,0.4103906750679016,0.5653365850448608,0.14311,0.006024232599884272,-0.737,-2.485,-0.692,73.647,1.21166
2394,199441.67,1,0.4176784157752991,0.5727506875991821,0.13966,0.005943139083683491,-0.663,-2.485,-0.714,73.465,1.21018
2395,199525.0,1,0.41981518268585205,0.5748375654220581,0.13904,0.0060930438339710236,-0.666,-2.489,-0.709,73.731,1.20668
2396,199608.33,1,0.41905677318573,0.5732907652854919,0.13924,0.00629750732332468,-0.619,-2.485,-0.715,73.613,1.20844
2397,199691.67,1,0.4154404401779175,0.5692102909088135,0.14098,0.0060670264065265656,-0.635,-2.493,-0.724,73.869,1.20597
2398,199775.0,1,0.41666823625564575,0.5604562759399414,0.14336,0.0059468112885952,-0.636,-2.502,-0.731,73.747,1.20769
2399,199858.33,1,0.41986921429634094,0.5431832075119019,0.14634,0.005643606651574373,-0.63,-2.505,-0.711,73.478,1.22698
2400,199941.67,1,0.40770015120506287,0.5127933025360107,0.15547,0.006542239338159561,-0.615,-2.52,-0.622,73.587,1.226
2401,200025.0,1,0.40073731541633606,0.49215367436408997,0.16032,0.007148892618715763,-0.579,-2.483,-0.561,73.735,1.24095
2402,200108.33,1,0.3983843922615051,0.48348355293273926,0.16372,0.006804734002798796,-0.667,-2.517,-0.575,73.361,1.25557
2403,200191.67,1,0.3905658423900604,0.46834897994995117,0.16852,0.006409619003534317,-0.704,-2.489,-0.574,73.92,1.23772
2404,200275.0,1,0.385519415140152,0.45627841353416443,0.1725,0.0058043645694851875,-0.764,-2.52,-0.577,73.855,1.22585
2405,200358.33,1,0.39681658148765564,0.4526440501213074,0.17294,0.005693876650184393,-0.788,-2.489,-0.585,74.007,1.2045
2406,200441.67,1,0.4213090240955353,0.4828329384326935,0.16552,0.0055069695226848125,-0.846,-2.471,-0.594,73.669,1.19344
2407,200525.0,1,0.42240801453590393,0.5063241720199585,0.16202,0.0051328763365745544,-0.993,-2.446,-0.604,73.546,1.20588
2408,200608.33,1,0.43573665618896484,0.5348324775695801,0.15526,0.005013834685087204,-1.064,-2.497,-0.612,73.481,1.20735
2409,200691.67,1,0.43584585189819336,0.534834086894989,0.15452,0.004887293092906475,-1.08,-2.497,-0.606,73.895,1.20781
2410,200775.0,1,0.4306581914424896,0.5143587589263916,0.1597,0.004837892483919859,-1.084,-2.488,-0.606,73.852,1.21024
2411,200858.33,1,0.3957395553588867,0.4590911269187927,0.17294,0.005135407205671072,-1.008,-2.465,-0.6,73.781,1.20799
2412,200941.67,1,0.3747031092643738,0.41941937804222107,0.18318,0.005620777141302824,-0.994,-2.501,-0.653,73.262,1.2255
2413,201025.0,1,0.3406866192817688,0.38407185673713684,0.19302,0.005963488016277552,-0.877,-2.546,-0.685,73.614,1.2198
2414,201108.33,1,0.33068326115608215,0.3697134256362915,0.19644,0.006049087271094322,-0.905,-2.581,-0.724,73.497,1.21619
2415,201191.67,1,0.32258960604667664,0.3578774631023407,0.19859,0.006069474387913942,-0.955,-2.619,-0.792,73.366,1.23996
2416,201275.0,1,0.31508558988571167,0.34514322876930237,0.20321,0.005995999556034803,-1.03,-2.66,-0.822,72.916,1.25337
2417,201356.67,1,0.31361517310142517,0.3432735204696655,0.20285,0.006017577834427357,-0.922,-2.658,-0.771,73.245,1.24625
2418,201440.0,1,0.30891314148902893,0.35323357582092285,0.20074,0.006651798263192177,-0.796,-2.605,-0.703,72.952,1.25388
2419,201523.33,1,0.30395373702049255,0.3603876829147339,0.20208,0.006462639197707176,-0.828,-2.603,-0.665,73.3,1.24686
2420,201606.67,1,0.3059418201446533,0.3529682755470276,0.20322,0.006398375146090984,-0.828,-2.601,-0.622,73.009,1.25587
2421,201690.0,1,0.3062838613986969,0.3431626558303833,0.20477,0.005974827334284782,-0.838,-2.595,-0.615,73.289,1.2454
2422,201773.33,1,0.3070395588874817,0.3363999128341675,0.20571,0.0055826823227107525,-0.826,-2.594,-0.637,72.928,1.2549
2423,201856.67,1,0.3075205683708191,0.337835431098938,0.20539,0.005353471729904413,-0.833,-2.613,-0.669,73.242,1.24487
2424,201940.0,1,0.3054433763027191,0.3342103362083435,0.20543,0.005101821850985289,-0.805,-2.612,-0.707,72.875,1.25257
2425,202023.33,1,0.3033736050128937,0.3337177336215973,0.20539,0.005046626087278128,-0.853,-2.614,-0.718,73.391,1.2366
2426,202106.67,1,0.3039971888065338,0.3339836299419403,0.20495,0.005145038943737745,-0.868,-2.63,-0.72,73.368,1.22856
2427,202190.0,1,0.30715274810791016,0.3394850194454193,0.20385,0.005114637315273285,-1.007,-2.669,-0.733,73.719,1.2201
2428,202273.33,1,0.3097110390663147,0.34083908796310425,0.20354,0.005155439488589764,-1.074,-2.664,-0.725,73.453,1.21681
2429,202356.67,1,0.309361070394516,0.3392898440361023,0.20408,0.005408043507486582,-1.048,-2.639,-0.73,73.166,1.23642
2430,202440.0,1,0.3046092987060547,0.33729174733161926,0.20523,0.005159358959645033,-0.953,-2.539,-0.735,73.228,1.23066
2431,202523.33,1,0.3018431067466736,0.33646154403686523,0.20589,0.005054396111518145,-0.906,-2.493,-0.72,73.344,1.24221
2432,202606.67,1,0.2992730736732483,0.33386731147766113,0.20665,0.0053159501403570175,-0.932,-2.48,-0.706,73.207,1.23433
2433,202690.0,1,0.2988140285015106,0.3318798840045929,0.20712,0.005275715608149767,-0.957,-2.454,-0.689,73.605,1.22046
2434,202773.33,1,0.29610151052474976,0.32563596963882446,0.20801,0.005355043802410364,-0.94,-2.414,-0.675,73.394,1.2079
2435,202856.67,1,0.2998948395252228,0.3299310803413391,0.20725,0.00518726697191596,-1.111,-2.343,-0.667,72.154,1.22464
2436,202940.0,1,0.3036215603351593,0.3342883586883545,0.20691,0.005043818149715662,-1.009,-2.347,-0.649,69.097,1.31025
2437,203023.33,1,0.4340035617351532,0.5125497579574585,0.14749,0.005712736863642931,-0.726,-2.423,-0.628,68.668,1.32713
2438,203106.67,1,0.7346349954605103,0.7518079280853271,0.0317,0.006895441096276045,-0.45,-2.143,-0.766,68.365,1.33137
2439,203190.0,1,0.5677807331085205,0.7225092649459839,0.06809,0.00682184798642993,-0.364,-2.196,-0.723,68.417,1.3393
2440,203273.33,1,0.41734662652015686,0.5824189186096191,0.12771,0.006091756746172905,-0.541,-2.414,-0.698,68.141,1.36287
2441,203356.67,1,0.3263731002807617,0.4535543918609619,0.16956,0.005652759224176407,-0.622,-2.517,-0.698,68.643,1.26663
2442,203440.0,1,0.3060811161994934,0.4054231643676758,0.18525,0.005868011154234409,-0.624,-2.514,-0.72,67.966,1.27224
2443,203523.33,1,0.29584845900535583,0.3848326802253723,0.1934,0.005623773671686649,-0.711,-2.532,-0.702,68.36,1.25098
2444,203606.67,1,0.3132389187812805,0.3896944522857666,0.19573,0.005158299580216408,-0.937,-2.624,-0.669,67.849,1.27013
2445,203690.0,1,0.32155662775039673,0.3973553478717804,0.19618,0.005550309084355831,-0.944,-2.623,-0.62,67.83,1.27473
2446,203773.33,1,0.3283504545688629,0.417194664478302,0.19467,0.005211837589740753,-0.903,-2.648,-0.607,67.918,1.24475
2447,203855.0,1,0.33334171772003174,0.41255536675453186,0.1964,0.005048204213380814,-0.761,-2.67,-0.622,67.586,1.24928
2448,203938.33,1,0.3287215530872345,0.40182507038116455,0.19962,0.005025351885706186,-0.832,-2.718,-0.638,67.703,1.23475
2449,204021.67,1,0.3262256681919098,0.3955727815628052,0.20087,0.004942863713949919,-0.861,-2.71,-0.608,68.115,1.22842
2450,204105.0,1,0.3205800950527191,0.39204826951026917,0.20025,0.005240673199295998,-0.834,-2.715,-0.587,68.031,1.22503
2451,204188.33,1,0.3190714716911316,0.38734981417655945,0.20006,0.0052384366281330585,-0.93,-2.65,-0.578,68.199,1.2113
2452,204271.67,1,0.31946882605552673,0.38974013924598694,0.19949,0.005402358714491129,-0.963,-2.664,-0.594,68.036,1.21738
2453,204355.0,1,0.3196069896221161,0.3896670639514923,0.19937,0.005448564421385527,-1.0,-2.675,-0.568,67.631,1.24326
2454,204438.33,1,0.3196502923965454,0.3930639624595642,0.19884,0.005516065284609795,-1.04,-2.726,-0.563,67.289,1.27064
2455,204521.67,1,0.32164570689201355,0.3950364589691162,0.1983,0.005423573311418295,-1.044,-2.758,-0.573,67.919,1.25064
2456,204605.0,1,0.32580167055130005,0.4002321660518646,0.19713,0.005040311254560947,-1.078,-2.773,-0.58,68.014,1.23864
2457,204688.33,1,0.32882067561149597,0.4066873788833618,0.19501,0.004920386243611574,-1.083,-2.755,-0.609,68.144,1.23838
2458,204771.67,1,0.33832550048828125,0.4267934560775757,0.18832,0.00486281793564558,-0.941,-2.723,-0.629,67.62,1.26006
2459,204855.0,1,0.33913859724998474,0.4437559247016907,0.1822,0.005111390724778175,-0.795,-2.671,-0.654,67.556,1.23502
2460,204938.33,1,0.3553045094013214,0.4683372974395752,0.17508,0.005321303848177195,-0.767,-2.668,-0.686,67.774,1.2244
2461,205021.67,1,0.37226617336273193,0.49215808510780334,0.16829,0.005438575521111488,-0.69,-2.627,-0.695,67.614,1.23695
2462,205105.0,1,0.38062816858291626,0.5163133144378662,0.16379,0.005564394872635603,-0.68,-2.62,-0.715,67.306,1.22185
2463,205188.33,1,0.3858451843261719,0.5229314565658569,0.16178,0.0056601823307573795,-0.541,-2.592,-0.719,67.245,1.22876
2464,205271.67,1,0.3890766501426697,0.5284581184387207,0.16026,0.004940745886415243,-0.601,-2.544,-0.759,67.103,1.21597
2465,205355.0,1,0.38874274492263794,0.5310964584350586,0.15879,0.005041169933974743,-0.531,-2.534,-0.778,67.586,1.2172
2466,205438.33,1,0.39008718729019165,0.5311048030853271,0.1581,0.005208144895732403,-0.633,-2.533,-0.784,67.532,1.21815
2467,205521.67,1,0.38926392793655396,0.531252384185791,0.15868,0.0052762567065656185,-0.664,-2.549,-0.783,67.868,1.21303
2468,205605.0,1,0.3883262574672699,0.528591513633728,0.15913,0.00522575993090868,-0.668,-2.558,-0.784,67.621,1.20678
2469,205688.33,1,0.3856794238090515,0.5262254476547241,0.15915,0.005195846781134605,-0.591,-2.57,-0.772,67.877,1.20201
2470,205771.67,1,0.3853914737701416,0.5240757465362549,0.15902,0.005025695078074932,-0.6,-2.578,-0.761,67.74,1.2083
2471,205855.0,1,0.3869738280773163,0.524749755859375,0.15871,0.004873391706496477,-0.629,-2.58,-0.751,67.848,1.22016
2472,205938.33,1,0.38890135288238525,0.5256227254867554,0.15838,0.00478348508477211,-0.642,-2.57,-0.73,67.407,1.24606
2473,206021.67,1,0.390931099653244,0.5283977389335632,0.15789,0.004622322972863913,-0.619,-2.577,-0.74,67.503,1.26023
2474,206105.0,1,0.3972700536251068,0.530975341796875,0.15678,0.004594597965478897,-0.647,-2.591,-0.749,67.515,1.24843
2475,206188.33,1,0.3995271623134613,0.529137134552002,0.1565,0.004519256763160229,-0.723,-2.541,-0.75,67.87,1.24036
2476,206270.0,1,0.40143996477127075,0.5231412053108215,0.15692,0.004567143507301807,-0.773,-2.511,-0.732,67.743,1.23565
2477,206353.33,1,0.38872694969177246,0.4959107041358948,0.16355,0.004559203051030636,-0.805,-2.478,-0.708,67.782,1.23428
2478,206436.67,1,0.38169771432876587,0.47254234552383423,0.16989,0.0045997085981070995,-0.84,-2.475,-0.72,67.122,1.24341
2479,206520.0,1,0.3788546621799469,0.4483250677585602,0.1772,0.004563360475003719,-0.852,-2.483,-0.731,67.223,1.25867
2480,206603.33,1,0.3758811056613922,0.43308115005493164,0.18166,0.0045708827674388885,-0.922,-2.518,-0.69,67.272,1.24521
2481,206686.67,1,0.37508323788642883,0.42370787262916565,0.18451,0.00466935196891427,-0.968,-2.498,-0.696,67.263,1.26227
2482,206770.0,1,0.37189048528671265,0.41559356451034546,0.18715,0.004735077265650034,-1.045,-2.494,-0.702,66.937,1.27472
2483,206853.33,1,0.36735883355140686,0.414063960313797,0.18778,0.004993094131350517,-1.103,-2.517,-0.717,67.3,1.24555
2484,206936.67,1,0.3617824912071228,0.4133194386959076,0.1885,0.005183665547519922,-1.082,-2.525,-0.754,67.346,1.2354
2485,207020.0,1,0.35490334033966064,0.4145038425922394,0.18875,0.005480932537466288,-0.911,-2.483,-0.784,67.795,1.22956
2486,207103.33,1,0.3531317114830017,0.43154892325401306,0.18338,0.0060650743544101715,-0.807,-2.499,-0.81,67.763,1.22561
2487,207186.67,1,0.3670768737792969,0.4723673164844513,0.17226,0.00630258210003376,-0.804,-2.506,-0.817,67.727,1.24354
2488,207270.0,1,0.38407251238822937,0.5159621834754944,0.16148,0.006576680578291416,-0.743,-2.507,-0.791,67.639,1.23882
2489,207353.33,1,0.4128923714160919,0.5727236270904541,0.1473,0.006579111330211163,-0.712,-2.478,-0.759,67.837,1.23602
2490,207436.67,1,0.43519264459609985,0.5981991291046143,0.1375,0.006638919934630394,-0.704,-2.463,-0.822,67.692,1.20996
2491,207520.0,1,0.43786099553108215,0.6005144715309143,0.13715,0.006333047524094582,-0.803,-2.438,-0.846,68.061,1.20578
2492,207603.33,1,0.43959882855415344,0.584161639213562,0.14062,0.005942373536527157,-0.841,-2.444,-0.859,67.832,1.20231
2493,207686.67,1,0.43840980529785156,0.577873945236206,0.1405,0.006280425004661083,-0.901,-2.454,-0.867,68.113,1.21134
2494,207770.0,1,0.44038474559783936,0.5728572010993958,0.14189,0.006134786177426577,-0.97,-2.491,-0.864,67.653,1.22876
2495,207853.33,1,0.44183018803596497,0.5579601526260376,0.14586,0.005942930933088064,-0.981,-2.492,-0.832,67.868,1.22537
2496,207936.67,1,0.4349227547645569,0.5453260540962219,0.14893,0.006597049068659544,-0.903,-2.47,-0.809,67.55,1.24363
2497,208020.0,1,0.43278124928474426,0.5448415279388428,0.1501,0.006448701489716768,-0.923,-2.461,-0.818,68.045,1.23466
2498,208103.33,1,0.4307534098625183,0.5406019687652588,0.15211,0.006700149271637201,-0.947,-2.466,-0.828,67.957,1.23038
2499,208186.67,1,0.42931777238845825,0.5412003993988037,0.15221,0.00693164998665452,-0.883,-2.461,-0.856,67.916,1.24118
2500,208270.0,1,0.43089067935943604,0.5449135303497314,0.15104,0.007054249290376902,-0.826,-2.424,-0.862,67.696,1.22655
2501,208353.33,1,0.43419569730758667,0.547173261642456,0.15126,0.006474845111370087,-0.82,-2.432,-0.869,67.831,1.22197
2502,208436.67,1,0.43830376863479614,0.5503674745559692,0.14987,0.005604899954050779,-0.792,-2.413,-0.881,67.441,1.24239
2503,208520.0,1,0.4276285767555237,0.5455400943756104,0.15209,0.005238786805421114,-0.799,-2.416,-0.876,67.904,1.23362
2504,208601.67,1,0.4206392467021942,0.5435687303543091,0.15202,0.005183016415685415,-0.635,-2.355,-0.863,67.872,1.22922
2505,208685.0,1,0.4176589548587799,0.5426002740859985,0.15375,0.004897619131952524,-0.685,-2.37,-0.844,68.127,1.23214
2506,208768.33,1,0.42133456468582153,0.5451349020004272,0.15215,0.0048366389237344265,-0.751,-2.369,-0.811,67.694,1.25253
2507,208851.67,1,0.42539313435554504,0.5467360019683838,0.15249,0.00432737497612834,-0.771,-2.365,-0.779,67.93,1.25018
2508,208935.0,1,0.4285258948802948,0.5466246604919434,0.15265,0.004426455125212669,-0.802,-2.377,-0.78,67.567,1.26358
2509,209018.33,1,0.4292919337749481,0.5478026866912842,0.1527,0.004530085250735283,-0.8,-2.377,-0.79,67.791,1.25506
2510,209101.67,1,0.43056705594062805,0.5499688386917114,0.15293,0.004495907574892044,-0.826,-2.392,-0.806,67.422,1.26565
2511,209185.0,1,0.4311709702014923,0.5480587482452393,0.15437,0.004849669989198446,-0.911,-2.43,-0.796,67.762,1.23537
2512,209268.33,1,0.4335121512413025,0.5457149147987366,0.15578,0.004771076608449221,-0.987,-2.454,-0.777,67.63,1.21661
2513,209351.67,1,0.4308479428291321,0.5341029167175293,0.1588,0.004679908510297537,-1.025,-2.439,-0.787,67.993,1.2262
2514,209435.0,1,0.43179288506507874,0.5232110619544983,0.16077,0.004501614253968,-1.05,-2.505,-0.773,67.738,1.25071
2515,209518.33,1,0.42075827717781067,0.5124737024307251,0.16274,0.004501783289015293,-1.048,-2.508,-0.82,68.142,1.23916
2516,209601.67,1,0.40604913234710693,0.49689093232154846,0.16652,0.004996399860829115,-1.021,-2.534,-0.844,68.126,1.23232
2517,209685.0,1,0.3986092805862427,0.4897654056549072,0.17069,0.004647908266633749,-1.103,-2.609,-0.901,68.349,1.23427
2518,209768.33,1,0.4156127870082855,0.4942682683467865,0.16775,0.0050051831640303135,-1.168,-2.593,-0.96,67.962,1.25297
2519,209851.67,1,0.43366146087646484,0.5340074300765991,0.15528,0.0051694889552891254,-1.12,-2.556,-0.961,67.977,1.23404
2520,209935.0,1,0.46442505717277527,0.5570623874664307,0.145,0.00536874495446682,-1.128,-2.561,-1.006,67.697,1.25503
2521,210018.33,1,0.4652820825576782,0.5563814043998718,0.14431,0.005419340915977955,-1.177,-2.505,-1.024,67.959,1.2437
2522,210101.67,1,0.46862199902534485,0.5573785305023193,0.14212,0.0053588394075632095,-1.281,-2.502,-1.059,67.652,1.25549
2523,210185.0,1,0.4658247232437134,0.5562896132469177,0.14162,0.005166211631149054,-1.283,-2.488,-1.008,68.203,1.24213
2524,210268.33,1,0.46596649289131165,0.5598047971725464,0.14198,0.0044912854209542274,-1.506,-2.551,-0.964,68.176,1.23637
2525,210351.67,1,0.4622977077960968,0.5593979358673096,0.14412,0.004333715885877609,-1.547,-2.576,-0.949,68.503,1.22573
2526,210435.0,1,0.4567320644855499,0.5565898418426514,0.14604,0.00432852515950799,-1.539,-2.615,-0.907,68.225,1.21487
2527,210518.33,1,0.43331363797187805,0.5299630165100098,0.15401,0.0043732174672186375,-1.511,-2.656,-0.872,68.615,1.21647
2528,210601.67,1,0.4068983793258667,0.49949729442596436,0.16253,0.004632588475942612,-1.387,-2.708,-0.876,68.491,1.21939
2529,210685.0,1,0.3989517092704773,0.48087242245674133,0.16738,0.004656944423913956,-1.382,-2.725,-0.87,68.54,1.21999
2530,210768.33,1,0.3951405882835388,0.4673483669757843,0.17224,0.004511796869337559,-1.436,-2.731,-0.839,68.041,1.24356
2531,210850.0,1,0.39228901267051697,0.45686131715774536,0.17524,0.004393927752971649,-1.399,-2.771,-0.817,68.343,1.23159
2532,210933.33,1,0.38400202989578247,0.44324150681495667,0.17843,0.004631674382835627,-1.349,-2.824,-0.815,68.092,1.21748
2533,211016.67,1,0.3731233775615692,0.44331037998199463,0.17867,0.004904858767986298,-1.265,-2.851,-0.819,68.488,1.21791
2534,211100.0,1,0.3739748001098633,0.45001670718193054,0.17503,0.005274350289255381,-1.196,-2.837,-0.792,68.354,1.22074
2535,211183.33,1,0.4466175436973572,0.5661826133728027,0.13922,0.005336245987564325,-1.06,-2.701,-0.795,68.389,1.21814
2536,211266.67,1,0.6093364953994751,0.6823583841323853,0.07745,0.005227903835475445,-0.798,-2.49,-0.801,67.977,1.24191
2537,211350.0,1,0.6203590631484985,0.7049723863601685,0.06832,0.005023380275815725,-0.938,-2.406,-0.802,68.491,1.23509
2538,211433.33,1,0.6520049571990967,0.7173466682434082,0.05879,0.004573195707052946,-1.15,-2.36,-0.775,68.559,1.23092
2539,211516.67,1,0.623928964138031,0.7066425085067749,0.07008,0.004170519765466452,-1.456,-2.355,-0.763,68.934,1.2251
2540,211600.0,1,0.5920179486274719,0.6903278231620789,0.08379,0.004509206861257553,-1.457,-2.385,-0.749,68.897,1.22503
2541,211683.33,1,0.5349586009979248,0.6448279619216919,0.10937,0.00505784060806036,-1.515,-2.453,-0.759,69.255,1.22224
2542,211766.67,1,0.5007436871528625,0.5822348594665527,0.13339,0.00514967180788517,-1.62,-2.499,-0.72,69.143,1.2215
2543,211850.0,1,0.4663010239601135,0.5320172309875488,0.15188,0.006034795194864273,-1.678,-2.532,-0.679,69.221,1.22477
2544,211933.33,1,0.4484901428222656,0.5070153474807739,0.16032,0.006663472391664982,-1.693,-2.506,-0.688,68.646,1.2372
2545,212016.67,1,0.42797374725341797,0.4882144629955292,0.16733,0.006696808617562056,-1.702,-2.509,-0.69,69.049,1.24142
2546,212100.0,1,0.4135538637638092,0.4717315435409546,0.17153,0.006969792768359184,-1.757,-2.532,-0.678,68.782,1.25931
2547,212183.33,1,0.4032997488975525,0.46465668082237244,0.17377,0.006730824243277311,-1.811,-2.536,-0.682,69.089,1.23353
2548,212266.67,1,0.41306519508361816,0.4772602915763855,0.1695,0.006219406146556139,-1.809,-2.494,-0.663,68.885,1.21718
2549,212350.0,1,0.41709229350090027,0.49060294032096863,0.16539,0.005856350529938936,-1.758,-2.452,-0.626,69.02,1.21718
2550,212433.33,1,0.4221748113632202,0.4991634488105774,0.16223,0.005990202073007822,-1.774,-2.502,-0.634,69.219,1.22035
2551,212516.67,1,0.42797282338142395,0.5116689801216125,0.15776,0.005871358793228865,-1.681,-2.478,-0.647,69.492,1.22021
2552,212600.0,1,0.4339991807937622,0.5257588624954224,0.15299,0.006259438581764698,-1.651,-2.479,-0.678,69.2,1.22097
2553,212683.33,1,0.4422094523906708,0.5409517288208008,0.14866,0.005328132770955563,-1.547,-2.537,-0.732,69.006,1.2455
2554,212766.67,1,0.4523669183254242,0.5579382181167603,0.14213,0.005258113611489534,-1.343,-2.531,-0.793,68.414,1.26568
2555,212850.0,1,0.4591119885444641,0.5673462152481079,0.1385,0.005224461201578379,-1.183,-2.526,-0.781,68.749,1.24563
2556,212933.33,1,0.4652351438999176,0.5790332555770874,0.13708,0.004887696821242571,-1.128,-2.508,-0.805,68.555,1.2287
2557,213016.67,1,0.4784555435180664,0.5911241769790649,0.13276,0.004802939482033253,-1.065,-2.511,-0.779,68.422,1.24243
2558,213100.0,1,0.4957819879055023,0.5989453792572021,0.12849,0.004706145264208317,-0.975,-2.507,-0.744,68.058,1.26125
2559,213183.33,1,0.5057481527328491,0.6081334948539734,0.12363,0.004781118128448725,-0.92,-2.491,-0.744,68.497,1.24656
2560,213265.0,1,0.5162513256072998,0.6135842800140381,0.11888,0.004938947968184948,-0.92,-2.477,-0.722,68.472,1.23914
2561,213348.33,1,0.5238760709762573,0.6169737577438354,0.11734,0.004919643513858318,-0.916,-2.475,-0.699,68.773,1.23082
2562,213431.67,1,0.5347963571548462,0.6210124492645264,0.11363,0.005193954333662987,-0.907,-2.501,-0.692,68.586,1.22807
2563,213515.0,1,0.546226978302002,0.6261318922042847,0.10693,0.005799226928502321,-0.85,-2.498,-0.701,68.72,1.21249
2564,213598.33,1,0.5473089218139648,0.6279565095901489,0.10478,0.00608207518234849,-0.797,-2.516,-0.706,68.41,1.20438
2565,213681.67,1,0.5385426878929138,0.627714216709137,0.10664,0.006306620314717293,-0.807,-2.513,-0.709,68.663,1.20887
2566,213765.0,1,0.5450527667999268,0.6318656802177429,0.105,0.006405226420611143,-0.881,-2.554,-0.728,68.552,1.21453
2567,213848.33,1,0.5590108633041382,0.6430518627166748,0.09567,0.0073454370722174644,-0.913,-2.539,-0.755,68.435,1.24447
2568,213931.67,1,0.5756081938743591,0.6554569005966187,0.08376,0.007971220649778843,-0.899,-2.526,-0.803,68.005,1.26643
2569,214015.0,1,0.612537145614624,0.6644877195358276,0.07219,0.007883895188570023,-0.871,-2.502,-0.801,68.278,1.25672
2570,214098.33,1,0.7629488110542297,0.7468796372413635,0.01673,0.007125422358512878,-0.752,-2.366,-0.832,67.986,1.26729
2571,214181.67,1,0.8027501106262207,0.8011422157287598,0.0143,0.006586666218936443,-0.773,-2.329,-0.822,68.458,1.25159
2572,214265.0,1,0.812385082244873,0.8196316957473755,0.01858,0.0059127784334123135,-0.765,-2.238,-0.824,68.422,1.24073
2573,214348.33,1,0.8120513558387756,0.8265388011932373,0.01984,0.005944122560322285,-0.718,-2.115,-0.811,68.605,1.23581
2574,214431.67,1,0.8105807304382324,0.8218579292297363,0.01915,0.006268266122788191,-0.679,-2.072,-0.796,68.062,1.24424
2575,214515.0,1,0.729498565196991,0.7870047092437744,0.02248,0.006362886168062687,-0.673,-2.059,-0.701,68.015,1.24225
2576,214598.33,1,0.5977205038070679,0.7326980829238892,0.06249,0.006278200075030327,-0.757,-2.189,-0.704,68.049,1.21219
2577,214681.67,1,0.5050690770149231,0.6761192083358765,0.09834,0.005797006189823151,-0.948,-2.273,-0.664,68.407,1.21762
2578,214765.0,1,0.4547877609729767,0.6145763397216797,0.12414,0.0056787035427987576,-1.218,-2.372,-0.563,68.074,1.2378
2579,214848.33,1,0.4350165128707886,0.5680114030838013,0.13866,0.005853986367583275,-1.322,-2.417,-0.527,68.316,1.23093
2580,214931.67,1,0.45241352915763855,0.5832282304763794,0.13298,0.005905227269977331,-1.314,-2.428,-0.53,68.677,1.22122
2581,215015.0,1,0.6952023506164551,0.7040094137191772,0.05126,0.005533757619559765,-0.903,-2.275,-0.576,69.083,1.21743
2582,215098.33,1,0.8339691162109375,0.8177653551101685,0.02018,0.004796986468136311,-0.669,-2.066,-0.691,68.985,1.2153
2583,215181.67,1,0.8264447450637817,0.8268463015556335,0.02215,0.004895091522485018,-0.636,-2.029,-0.653,68.914,1.23172
2584,215265.0,1,0.8111231327056885,0.8177533745765686,0.01642,0.005252357572317123,-0.653,-2.044,-0.627,68.733,1.22713
2585,215348.33,1,0.8067228198051453,0.8170514106750488,0.01589,0.005459531210362911,-0.733,-2.043,-0.601,68.943,1.23119
2586,215431.67,1,0.8056069612503052,0.8193848133087158,0.01681,0.005292172078043222,-0.77,-2.041,-0.616,68.503,1.24726
2587,215515.0,1,0.8081421852111816,0.8205850124359131,0.01769,0.005493365693837404,-0.816,-2.044,-0.618,68.55,1.25219
2588,215598.33,1,0.8127392530441284,0.8227507472038269,0.01939,0.0054464563727378845,-0.877,-1.983,-0.633,68.499,1.24044
2589,215680.0,1,0.8132481575012207,0.8203852772712708,0.0192,0.005449342075735331,-0.89,-1.944,-0.635,68.685,1.2184
2590,215763.33,1,0.7630262970924377,0.7951316237449646,0.01747,0.005203786306083202,-0.805,-1.94,-0.677,68.534,1.21319
2591,215846.67,1,0.5953510403633118,0.7204902172088623,0.06471,0.004961464088410139,-0.776,-2.022,-0.712,68.775,1.21933
2592,215930.0,1,0.48820891976356506,0.638312816619873,0.1124,0.004721957724541426,-1.11,-2.196,-0.746,68.317,1.23836
2593,216013.33,1,0.44005250930786133,0.6010534763336182,0.13433,0.005103714764118195,-1.237,-2.399,-0.733,68.369,1.25311
2594,216096.67,1,0.4231494665145874,0.5592160224914551,0.1485,0.005420841742306948,-1.323,-2.51,-0.707,68.084,1.26286
2595,216180.0,1,0.4195393919944763,0.5405940413475037,0.15401,0.005486023612320423,-1.457,-2.56,-0.679,68.516,1.24942
2596,216263.33,1,0.4174201488494873,0.5393964648246765,0.15656,0.005507542286068201,-1.466,-2.556,-0.679,68.451,1.25847
2597,216346.67,1,0.392849862575531,0.5242183208465576,0.16479,0.005156814586371183,-1.378,-2.616,-0.718,68.963,1.24056
2598,216430.0,1,0.36560213565826416,0.4934905469417572,0.17718,0.004405842628329992,-1.36,-2.621,-0.726,68.916,1.25232
2599,216513.33,1,0.35516294836997986,0.4676085412502289,0.18213,0.0039962660521268845,-1.257,-2.628,-0.69,69.191,1.23905
2600,216596.67,1,0.35369279980659485,0.44778814911842346,0.18616,0.004278437700122595,-1.328,-2.577,-0.673,68.737,1.23816
2601,216680.0,1,0.34328505396842957,0.421889066696167,0.19263,0.0042256927117705345,-1.347,-2.583,-0.681,68.87,1.24582
2602,216763.33,1,0.3302885890007019,0.4041025936603546,0.19711,0.004683111794292927,-1.327,-2.571,-0.695,68.612,1.24776
2603,216846.67,1,0.324211448431015,0.39670735597610474,0.19926,0.004925164859741926,-1.464,-2.512,-0.711,68.815,1.25223
2604,216930.0,1,0.3179616630077362,0.3866690993309021,0.20203,0.005425391718745232,-1.653,-2.453,-0.716,68.521,1.24821
2605,217013.33,1,0.31736674904823303,0.38374873995780945,0.2034,0.005402988754212856,-1.693,-2.457,-0.703,68.822,1.25557
2606,217096.67,1,0.32124581933021545,0.38302379846572876,0.20392,0.005283614154905081,-1.737,-2.467,-0.686,68.638,1.26358
2607,217180.0,1,0.3319302499294281,0.38959556818008423,0.20197,0.005393692292273045,-1.766,-2.485,-0.665,69.147,1.23143
2608,217263.33,1,0.3422699272632599,0.39551448822021484,0.19954,0.005388880148530006,-1.828,-2.496,-0.658,69.252,1.21738
2609,217346.67,1,0.3730553090572357,0.422325074672699,0.19073,0.005304621998220682,-1.927,-2.499,-0.671,69.1,1.23417
2610,217430.0,1,0.3760668635368347,0.4307979643344879,0.18839,0.004804109688848257,-1.956,-2.451,-0.668,69.342,1.22629
2611,217513.33,1,0.3782775402069092,0.43123534321784973,0.1874,0.004777748137712479,-1.982,-2.409,-0.67,69.741,1.2174
2612,217596.67,1,0.37852829694747925,0.4310910105705261,0.18731,0.005000770557671785,-1.978,-2.414,-0.682,69.524,1.21312
2613,217680.0,1,0.3774797022342682,0.4288691282272339,0.18778,0.0052261813543736935,-1.981,-2.421,-0.692,69.594,1.21323
2614,217763.33,1,0.3736199140548706,0.4275481700897217,0.18721,0.005380907095968723,-1.915,-2.451,-0.699,68.906,1.22167
2615,217846.67,1,0.3701542317867279,0.42751914262771606,0.18641,0.0055259885266423225,-1.805,-2.453,-0.696,69.262,1.22406
2616,217930.0,1,0.37957268953323364,0.44279953837394714,0.18156,0.005596579052507877,-1.637,-2.443,-0.712,68.961,1.23878
2617,218011.67,1,0.511568546295166,0.5924795866012573,0.1226,0.005792723502963781,-1.485,-2.381,-0.741,68.972,1.23802
2618,218095.0,1,0.6894585490226746,0.7133489847183228,0.04963,0.005740555468946695,-1.26,-2.244,-0.692,68.987,1.2282
2619,218178.33,1,0.7264201641082764,0.7427266240119934,0.03067,0.0057140798307955265,-1.233,-2.184,-0.679,69.211,1.21644
2620,218261.67,1,0.7430452108383179,0.7638063430786133,0.0184,0.005859157536178827,-1.026,-2.067,-0.683,69.015,1.21122
2621,218345.0,1,0.7708712816238403,0.7879217863082886,0.01278,0.005558192729949951,-0.964,-2.031,-0.661,69.036,1.22856
2622,218428.33,1,0.7955760955810547,0.8027603030204773,0.01353,0.005430522374808788,-0.936,-1.974,-0.658,68.988,1.22218
2623,218511.67,1,0.8010903596878052,0.8044084310531616,0.01444,0.005449114833027124,-0.872,-1.927,-0.628,69.014,1.23326
2624,218595.0,1,0.8024765253067017,0.8021769523620605,0.01517,0.006059336941689253,-0.847,-1.906,-0.624,68.916,1.22626
2625,218678.33,1,0.805801272392273,0.8029390573501587,0.0164,0.0060859969817101955,-0.821,-1.872,-0.604,69.08,1.22409
2626,218761.67,1,0.779385507106781,0.7867774963378906,0.01292,0.006147212348878384,-0.823,-1.867,-0.588,68.621,1.2389
2627,218845.0,1,0.643119215965271,0.7120622396469116,0.04827,0.006387552246451378,-0.725,-1.932,-0.567,68.57,1.23481
2628,218928.33,1,0.488065242767334,0.6097191572189331,0.10663,0.006037544924765825,-0.97,-2.177,-0.58,68.629,1.22564
2629,219011.67,1,0.4014092683792114,0.5185182094573975,0.1464,0.0061765448190271854,-1.198,-2.264,-0.538,68.697,1.24461
2630,219095.0,1,0.3789937198162079,0.4604262709617615,0.16719,0.006211124360561371,-1.374,-2.292,-0.513,68.409,1.25672
2631,219178.33,1,0.34537509083747864,0.40726593136787415,0.18548,0.0059204064309597015,-1.521,-2.371,-0.519,68.433,1.24713
2632,219261.67,1,0.32916662096977234,0.3856102526187897,0.19416,0.005737134721130133,-1.67,-2.387,-0.512,68.45,1.23273
2633,219345.0,1,0.31958311796188354,0.36922699213027954,0.19978,0.005757620092481375,-1.724,-2.406,-0.519,68.594,1.23841
2634,219428.33,1,0.30933690071105957,0.348629891872406,0.20617,0.0054505751468241215,-1.814,-2.415,-0.517,68.628,1.22867
2635,219511.67,1,0.30496746301651,0.34359657764434814,0.20909,0.005505580920726061,-1.821,-2.419,-0.513,68.729,1.23906
2636,219595.0,1,0.3016700744628906,0.340084046125412,0.21057,0.005753164179623127,-1.853,-2.405,-0.511,68.681,1.2288
2637,219678.33,1,0.2998066246509552,0.33692416548728943,0.2109,0.006891298107802868,-1.869,-2.394,-0.513,69.015,1.22667
2638,219761.67,1,0.2999110519886017,0.3371129631996155,0.21116,0.007198397535830736,-1.888,-2.378,-0.521,68.676,1.24379
2639,219845.0,1,0.304679274559021,0.34594959020614624,0.20877,0.007744316477328539,-1.917,-2.43,-0.523,68.812,1.23188
2640,219928.33,1,0.333089679479599,0.40182965993881226,0.19414,0.008522383868694305,-1.721,-2.517,-0.533,68.5,1.25071
2641,220011.67,1,0.34612128138542175,0.4457358717918396,0.18378,0.008339270949363708,-1.551,-2.572,-0.535,69.016,1.23401
2642,220095.0,1,0.3584277629852295,0.44934582710266113,0.18141,0.007843345403671265,-1.479,-2.559,-0.524,68.963,1.22444
2643,220176.67,1,0.36731547117233276,0.45320382714271545,0.17938,0.007445285562425852,-1.467,-2.561,-0.533,69.221,1.22558
2644,220260.0,1,0.3859580457210541,0.4820444583892822,0.17227,0.007296866737306118,-1.4,-2.581,-0.53,68.789,1.23983
2645,220343.33,1,0.6516492366790771,0.7140330076217651,0.0605,0.007896526716649532,-0.863,-2.316,-0.578,68.921,1.22632
2646,220426.67,1,0.6638225317001343,0.7576832175254822,0.04467,0.007324879989027977,-0.714,-2.197,-0.616,68.6,1.23999
2647,220510.0,1,0.6429671049118042,0.7378126978874207,0.05443,0.006746053695678711,-0.721,-2.212,-0.654,68.948,1.23528
2648,220593.33,1,0.5462101697921753,0.700563907623291,0.08277,0.006417556200176477,-1.089,-2.435,-0.676,68.668,1.24637
2649,220676.67,1,0.49343612790107727,0.6546200513839722,0.10458,0.005994729697704315,-1.115,-2.477,-0.634,69.216,1.23155
2650,220760.0,1,0.4567301869392395,0.6160738468170166,0.12189,0.005504312459379435,-1.136,-2.502,-0.61,69.229,1.22369
2651,220843.33,1,0.4332192540168762,0.5722020268440247,0.13866,0.005521529819816351,-1.218,-2.568,-0.609,69.644,1.2151
2652,220926.67,1,0.42492637038230896,0.5252895355224609,0.15173,0.005874556954950094,-1.256,-2.577,-0.599,69.516,1.21083
2653,221010.0,1,0.4157930016517639,0.5045608282089233,0.15993,0.006317938212305307,-1.327,-2.608,-0.56,69.277,1.24253
2654,221093.33,1,0.39903345704078674,0.4756558835506439,0.16846,0.007041619159281254,-1.38,-2.6,-0.5,68.912,1.26304
2655,221176.67,1,0.3911394476890564,0.46502038836479187,0.17183,0.0073355697095394135,-1.589,-2.551,-0.519,69.424,1.24569
2656,221260.0,1,0.39317935705184937,0.4608517587184906,0.17245,0.007284221239387989,-1.525,-2.569,-0.513,69.452,1.23423
2657,221343.33,1,0.39032989740371704,0.45465439558029175,0.17412,0.007064534816890955,-1.669,-2.562,-0.531,69.401,1.25216
2658,221426.67,1,0.37966492772102356,0.44705450534820557,0.17883,0.006639502942562103,-1.68,-2.557,-0.582,68.991,1.26546
2659,221510.0,1,0.36169666051864624,0.4387211203575134,0.18392,0.0063002947717905045,-1.723,-2.542,-0.626,69.161,1.27444
2660,221593.33,1,0.35403650999069214,0.43207985162734985,0.18628,0.00652176421135664,-1.815,-2.526,-0.649,68.969,1.28063
2661,221676.67,1,0.352563738822937,0.4345511794090271,0.18734,0.0063416920602321625,-1.91,-2.496,-0.676,69.517,1.24917
2662,221760.0,1,0.35654646158218384,0.42962026596069336,0.18945,0.0066351923160254955,-1.959,-2.469,-0.689,69.269,1.24858
2663,221843.33,1,0.365619033575058,0.4373878836631775,0.18658,0.006557886488735676,-1.952,-2.453,-0.702,69.444,1.24491
2664,221926.67,1,0.36869531869888306,0.43551328778266907,0.18662,0.0060781012289226055,-1.952,-2.394,-0.684,69.398,1.22937
2665,222010.0,1,0.3758775293827057,0.4400913417339325,0.18448,0.005757896229624748,-1.872,-2.35,-0.665,69.666,1.22052
2666,222093.33,1,0.3880652189254761,0.4545844793319702,0.18042,0.005611632950603962,-1.893,-2.356,-0.657,69.335,1.23446
2667,222176.67,1,0.3910180926322937,0.4576006829738617,0.17965,0.005664088763296604,-1.884,-2.369,-0.656,69.659,1.21778
2668,222260.0,1,0.3975929319858551,0.46191948652267456,0.17792,0.005564949009567499,-1.883,-2.39,-0.654,69.542,1.20574
2669,222343.33,1,0.4124368131160736,0.48953884840011597,0.17011,0.004953764379024506,-1.845,-2.426,-0.684,69.628,1.20223
2670,222425.0,1,0.4110245704650879,0.4633026123046875,0.1727,0.005056972149759531,-1.83,-2.493,-0.597,69.621,1.19775
2671,222508.33,1,0.4197365641593933,0.4666637182235718,0.17086,0.005092872306704521,-1.849,-2.51,-0.584,69.762,1.20324
2672,222591.67,1,0.423201322555542,0.47433820366859436,0.16832,0.005379838403314352,-1.87,-2.583,-0.591,69.285,1.21529
2673,222675.0,1,0.4247002601623535,0.4805079996585846,0.16667,0.00506187416613102,-1.904,-2.585,-0.598,69.435,1.2149
2674,222758.33,1,0.426189661026001,0.48732495307922363,0.16468,0.005278103053569794,-1.862,-2.627,-0.621,69.114,1.21587
2675,222841.67,1,0.4264242649078369,0.4910944998264313,0.16384,0.00596160301938653,-1.813,-2.63,-0.614,69.17,1.22362
2676,222925.0,1,0.42796680331230164,0.49491938948631287,0.16327,0.006735858973115683,-1.792,-2.684,-0.624,68.574,1.24209
2677,223008.33,1,0.4312211275100708,0.4997375011444092,0.16073,0.0075006322003901005,-1.785,-2.671,-0.626,68.562,1.25688
2678,223091.67,1,0.4266336262226105,0.4969349205493927,0.16244,0.007393314503133297,-1.786,-2.692,-0.642,68.259,1.26856
2679,223175.0,1,0.42543497681617737,0.49918848276138306,0.1622,0.007857807911932468,-1.807,-2.702,-0.648,68.585,1.25824
2680,223258.33,1,0.42377427220344543,0.49181535840034485,0.1635,0.007896739058196545,-1.794,-2.704,-0.646,68.218,1.26575
2681,223341.67,1,0.42236822843551636,0.4918575882911682,0.16378,0.008410030044615269,-1.806,-2.712,-0.65,68.457,1.26373
2682,223425.0,1,0.4237530827522278,0.4952845573425293,0.16312,0.00818178616464138,-1.895,-2.712,-0.645,68.471,1.24902
2683,223508.33,1,0.5984542965888977,0.6307500600814819,0.09909,0.007815204560756683,-1.799,-2.635,-0.691,68.708,1.22189
2684,223591.67,1,0.8141801357269287,0.7920840978622437,0.00766,0.0073351734317839146,-1.264,-2.054,-0.71,68.448,1.20706
2685,223675.0,1,0.8382500410079956,0.8208637833595276,0.02295,0.006735616363584995,-1.038,-1.82,-0.76,68.479,1.23447
2686,223758.33,1,0.8456436991691589,0.8275811672210693,0.02759,0.0063438075594604015,-0.911,-1.702,-0.831,68.134,1.25426
2687,223841.67,1,0.8323484659194946,0.8246064186096191,0.0239,0.006349845789372921,-0.917,-1.693,-0.848,68.606,1.23537
2688,223925.0,1,0.8212040662765503,0.8283460140228271,0.02461,0.0067370301112532616,-0.916,-1.683,-0.829,68.514,1.21753
2689,224008.33,1,0.766157329082489,0.7947483062744141,0.0138,0.006467821076512337,-0.911,-1.741,-0.806,68.913,1.21382
2690,224091.67,1,0.7107448577880859,0.7600383758544922,0.0281,0.007560703903436661,-1.002,-1.85,-0.803,68.816,1.21576
2691,224175.0,1,0.6986414194107056,0.7527717351913452,0.03308,0.008294254541397095,-1.045,-1.909,-0.808,68.67,1.22614
2692,224258.33,1,0.6996060609817505,0.7524926066398621,0.03321,0.008174712769687176,-1.114,-1.964,-0.792,68.614,1.22339
2693,224341.67,1,0.7339450716972351,0.7667089700698853,0.0201,0.008375723846256733,-1.097,-1.973,-0.757,68.847,1.22849
2694,224425.0,1,0.7748944163322449,0.7884923815727234,0.0135,0.009300127625465393,-1.224,-1.957,-0.754,68.478,1.24733
2695,224508.33,1,0.8045896291732788,0.7959840297698975,0.01486,0.022087974473834038,-1.371,-1.948,-0.749,68.564,1.2608
2696,224591.67,1,0.8266573548316956,0.8019644021987915,0.02269,0.033168304711580276,-1.448,-1.902,-0.756,68.268,1.26761
2697,224675.0,1,0.834210216999054,0.8088324069976807,0.02798,0.04192468896508217,-1.547,-1.856,-0.757,68.979,1.23484
2698,224758.33,1,0.8299826383590698,0.813694179058075,0.02879,0.05028770864009857,-1.609,-1.828,-0.753,69.222,1.21716
2699,224841.67,1,0.8297594785690308,0.8155911564826965,0.03002,0.07260464876890182,-1.672,-1.808,-0.686,69.094,1.23382
2700,224923.33,1,0.8279911279678345,0.8113170862197876,0.02971,0.08650043606758118,-1.714,-1.77,-0.587,69.37,1.22303
2701,225006.67,1,0.8112284541130066,0.812073826789856,0.02745,0.11883223056793213,-1.716,-1.745,-0.446,69.586,1.22165
2702,225090.0,1,0.7980035543441772,0.8076247572898865,0.02425,0.14671599864959717,-1.694,-1.741,-0.289,69.064,1.23407
2703,225173.33,1,0.7861058115959167,0.808893620967865,0.02127,0.1823105365037918,-1.888,-1.866,-0.164,69.481,1.22228
2704,225256.67,1,0.7826738953590393,0.8059017658233643,0.01977,0.1825682371854782,-2.208,-1.966,0.009,69.363,1.21265
2705,225340.0,1,0.7947946190834045,0.8099887371063232,0.02426,0.14460764825344086,-2.426,-2.176,0.129,69.693,1.21159
2706,225423.33,1,0.8057367205619812,0.8125914931297302,0.0251,0.0926622599363327,-2.409,-2.32,0.285,69.395,1.21986
2707,225506.67,1,0.8023588061332703,0.8104718327522278,0.02173,0.07432246953248978,-2.3,-2.498,0.417,69.685,1.21833
2708,225590.0,1,0.7892735004425049,0.802577018737793,0.01693,0.06371471285820007,-1.967,-2.657,0.555,69.47,1.21795
2709,225673.33,1,0.7863531708717346,0.8015848398208618,0.01563,0.0413658581674099,-1.623,-2.764,0.697,69.292,1.24152
2710,225756.67,1,0.8039971590042114,0.8054325580596924,0.01473,0.011142546311020851,-1.431,-2.849,0.847,68.852,1.26055
2711,225840.0,1,0.8095909357070923,0.8045690059661865,0.01511,0.010490978136658669,-1.463,-2.962,1.015,68.855,1.27236
2712,225923.33,1,0.813418447971344,0.8033447265625,0.01451,0.0077696251682937145,-1.571,-3.06,1.149,68.554,1.27889
2713,226006.67,1,0.8162333965301514,0.8087420463562012,0.01606,0.006293628830462694,-1.685,-3.104,1.245,68.92,1.26688
2714,226090.0,1,0.8182445764541626,0.8129314184188843,0.01838,0.005930748302489519,-1.658,-3.083,1.337,68.643,1.27194
2715,226173.33,1,0.8073610663414001,0.8127219676971436,0.01644,0.006193128414452076,-1.724,-3.146,1.404,68.666,1.26285
2716,226256.67,1,0.7606872916221619,0.7960878014564514,0.01695,0.006500268820673227,-1.662,-3.155,1.492,68.625,1.25503
2717,226340.0,1,0.6848739385604858,0.7723597884178162,0.0295,0.006460885051637888,-1.644,-3.163,1.595,69.219,1.23181
2718,226423.33,1,0.5968106985092163,0.7435792684555054,0.05174,0.006300077307969332,-1.517,-3.174,1.627,69.267,1.21829
2719,226506.67,1,0.5252959132194519,0.6918551921844482,0.08135,0.006209602579474449,-1.374,-3.225,1.621,69.428,1.21447
2720,226590.0,1,0.4771463871002197,0.6412390470504761,0.10492,0.005797733552753925,-0.961,-3.27,1.6,68.964,1.23142
2721,226673.33,1,0.48417016863822937,0.6263728141784668,0.10996,0.005197562277317047,-0.837,-3.27,1.605,69.177,1.20882
2722,226756.67,1,0.47969406843185425,0.5978143215179443,0.11842,0.004868702031672001,-0.672,-3.249,1.572,69.181,1.20276
2723,226840.0,1,0.4661964774131775,0.5804738402366638,0.12657,0.004214915446937084,-0.681,-3.249,1.578,69.136,1.2173
2724,226923.33,1,0.4479440152645111,0.5718621015548706,0.13447,0.003923360258340836,-0.694,-3.286,1.553,68.913,1.20284
2725,227006.67,1,0.43553897738456726,0.5581289529800415,0.14184,0.003905836259946227,-0.975,-3.431,1.517,68.735,1.21611
2726,227090.0,1,0.4221520721912384,0.5326166152954102,0.15079,0.0034350939095020294,-1.352,-3.508,1.518,68.361,1.23618
2727,227173.33,1,0.41049373149871826,0.5185363292694092,0.15653,0.003260811557993293,-1.6,-3.492,1.539,68.72,1.22974
2728,227256.67,1,0.3974348306655884,0.501117467880249,0.16316,0.0032469823490828276,-1.662,-3.454,1.558,68.426,1.24117
2729,227340.0,1,0.3935210406780243,0.4861520826816559,0.16839,0.0031611488666385412,-1.688,-3.469,1.555,68.149,1.23998
2730,227423.33,1,0.39718371629714966,0.4831106960773468,0.16955,0.0030871685594320297,-1.94,-3.421,1.55,68.41,1.22125
2731,227505.0,1,0.40207967162132263,0.48472699522972107,0.16858,0.0032113988418132067,-2.101,-3.366,1.548,68.898,1.21134
2732,227588.33,1,0.4218522310256958,0.4969567060470581,0.1628,0.0034722923301160336,-2.234,-3.364,1.562,68.796,1.20556
2733,227671.67,1,0.4306222200393677,0.5002284049987793,0.16056,0.003570632776245475,-2.347,-3.328,1.582,68.855,1.22339
2734,227755.0,1,0.43627095222473145,0.5048345923423767,0.15865,0.003446183865889907,-2.34,-3.298,1.582,68.786,1.216
2735,227838.33,1,0.4384269714355469,0.5058434009552002,0.15796,0.0034508148673921824,-2.33,-3.282,1.582,69.006,1.21746
2736,227921.67,1,0.43890413641929626,0.5080846548080444,0.15766,0.0035466665867716074,-2.33,-3.256,1.572,68.586,1.23183
2737,228005.0,1,0.44022223353385925,0.5189966559410095,0.15485,0.0037723854184150696,-2.317,-3.268,1.542,68.953,1.21935
2738,228088.33,1,0.4454103410243988,0.5211771726608276,0.15337,0.003915656823664904,-2.31,-3.267,1.533,68.801,1.2119
2739,228171.67,1,0.45342570543289185,0.5241631865501404,0.15144,0.0041770185343921185,-2.31,-3.25,1.513,68.752,1.21835
2740,228255.0,1,0.45241880416870117,0.5221998691558838,0.15289,0.004326195456087589,-2.324,-3.223,1.512,68.57,1.20464
2741,228338.33,1,0.45200297236442566,0.5175372958183289,0.15604,0.004139645490795374,-2.343,-3.202,1.505,68.869,1.19496
2742,228421.67,1,0.4527134597301483,0.5161830186843872,0.15655,0.004148981999605894,-2.361,-3.196,1.506,68.652,1.18715
2743,228505.0,1,0.447969913482666,0.5108261108398438,0.15873,0.00448527280241251,-2.354,-3.128,1.507,68.795,1.18983
2744,228588.33,1,0.4592384994029999,0.5103657245635986,0.15725,0.004466746933758259,-2.294,-3.106,1.479,68.433,1.21306
2745,228671.67,1,0.4601837992668152,0.5102914571762085,0.15774,0.004334291908890009,-2.259,-3.084,1.454,68.729,1.21625
2746,228755.0,1,0.45994389057159424,0.49957752227783203,0.15933,0.004182557109743357,-2.218,-3.064,1.445,68.372,1.23228
2747,228838.33,1,0.45567694306373596,0.4871269464492798,0.1629,0.004177039954811335,-2.209,-3.044,1.447,68.88,1.22083
2748,228921.67,1,0.44822797179222107,0.4813806414604187,0.16577,0.004299236927181482,-2.21,-3.062,1.43,68.882,1.21398
2749,229005.0,1,0.4389215111732483,0.47353291511535645,0.16831,0.004304481670260429,-2.248,-3.066,1.389,69.117,1.21552
2750,229088.33,1,0.42859435081481934,0.4671998620033264,0.1698,0.004451041109859943,-2.306,-3.066,1.359,68.644,1.23241
2751,229171.67,1,0.4247734546661377,0.4677508473396301,0.17017,0.004345441237092018,-2.302,-3.066,1.343,68.751,1.24122
2752,229255.0,1,0.42820778489112854,0.47755250334739685,0.1681,0.004507406149059534,-2.071,-3.086,1.334,68.74,1.22602
2753,229338.33,1,0.4274013936519623,0.4799540936946869,0.16945,0.004622867330908775,-2.084,-3.076,1.314,69.088,1.21036
2754,229421.67,1,0.4318065345287323,0.4898601174354553,0.16652,0.004582222085446119,-2.02,-3.058,1.293,68.859,1.19589
2755,229505.0,1,0.4319944679737091,0.48727643489837646,0.16864,0.004466488026082516,-2.011,-3.092,1.248,69.141,1.18965
2756,229588.33,1,0.40557152032852173,0.45435959100723267,0.18098,0.004292921628803015,-1.991,-3.132,1.195,68.86,1.18195
2757,229671.67,1,0.37007954716682434,0.4125039279460907,0.19363,0.004460758995264769,-1.946,-3.142,1.167,68.814,1.20238
2758,229753.33,1,0.3399612307548523,0.39255619049072266,0.2019,0.004461095668375492,-1.865,-3.134,1.174,68.721,1.19426
2759,229836.67,1,0.3292842209339142,0.38682395219802856,0.20553,0.004522294737398624,-1.838,-3.161,1.181,68.834,1.19456
2760,229920.0,1,0.30421337485313416,0.36209842562675476,0.21225,0.004863752983510494,-1.831,-3.174,1.201,68.743,1.18179
2761,230003.33,1,0.2879674434661865,0.3417004942893982,0.21791,0.0047889151610434055,-1.813,-3.188,1.199,68.785,1.21323
2762,230086.67,1,0.2751493453979492,0.325800359249115,0.22168,0.0046526058577001095,-1.832,-3.244,1.198,68.45,1.23624
2763,230170.0,1,0.2717922031879425,0.32352206110954285,0.22249,0.004806934855878353,-1.837,-3.269,1.191,69.062,1.22344
2764,230253.33,1,0.2879757881164551,0.33829885721206665,0.21795,0.004212546162307262,-1.794,-3.27,1.186,69.077,1.21353
2765,230336.67,1,0.31360703706741333,0.3628734350204468,0.20873,0.004624534863978624,-1.773,-3.276,1.197,69.411,1.20495
2766,230420.0,1,0.3506840765476227,0.3997734487056732,0.19496,0.004869685973972082,-1.749,-3.282,1.2,69.315,1.20286
2767,230503.33,1,0.3588870167732239,0.41846251487731934,0.19132,0.004791475832462311,-1.7,-3.269,1.204,69.365,1.22011
2768,230586.67,1,0.3655022978782654,0.4269278347492218,0.18891,0.004856053274124861,-1.653,-3.283,1.166,68.854,1.24419
2769,230670.0,1,0.3778868615627289,0.44408100843429565,0.18637,0.004517681896686554,-1.707,-3.299,1.108,68.873,1.25008
2770,230753.33,1,0.3974556028842926,0.4607083797454834,0.18033,0.004237901419401169,-1.761,-3.292,1.122,68.751,1.22981
2771,230836.67,1,0.41786426305770874,0.4873049855232239,0.17145,0.00492195226252079,-1.859,-3.303,1.123,68.958,1.24734
2772,230920.0,1,0.4809780716896057,0.5674231648445129,0.14157,0.005336827598512173,-1.736,-3.293,1.169,69.06,1.23671
2773,231003.33,1,0.49918755888938904,0.5779029130935669,0.13673,0.005165280308574438,-1.828,-3.283,1.161,69.219,1.25586
2774,231086.67,1,0.4872618019580841,0.5704291462898254,0.14218,0.005224768538028002,-1.958,-3.32,1.16,68.944,1.26901
2775,231170.0,1,0.476480096578598,0.5551241636276245,0.14781,0.005204842891544104,-2.032,-3.347,1.143,69.123,1.27158
2776,231253.33,1,0.47199779748916626,0.5426763296127319,0.15236,0.004988330416381359,-2.106,-3.388,1.164,69.126,1.25324
2777,231336.67,1,0.46927064657211304,0.5292336344718933,0.1564,0.004904488567262888,-2.235,-3.409,1.182,69.419,1.23155
2778,231420.0,1,0.46396684646606445,0.513313889503479,0.16093,0.004929143935441971,-2.237,-3.422,1.184,69.202,1.21481
2779,231503.33,1,0.4524182379245758,0.4992489218711853,0.16503,0.005176962353289127,-2.241,-3.424,1.178,69.445,1.2226
2780,231586.67,1,0.44851773977279663,0.48744872212409973,0.16876,0.005046410486102104,-2.129,-3.376,1.167,69.042,1.24599
2781,231670.0,1,0.429993212223053,0.44940099120140076,0.1776,0.005216210149228573,-2.056,-3.301,1.112,69.401,1.23473
2782,231753.33,1,0.39936563372612,0.4130302369594574,0.18669,0.005499307997524738,-2.117,-3.156,1.116,69.343,1.22869
2783,231836.67,1,0.3661041259765625,0.38509199023246765,0.19684,0.005271113011986017,-2.088,-3.122,1.132,69.157,1.24559
2784,231920.0,1,0.34183764457702637,0.3598136901855469,0.20539,0.00537125114351511,-1.943,-3.104,1.149,68.595,1.25054
2785,232003.33,1,0.33280158042907715,0.3366854190826416,0.21232,0.005485316272825003,-1.882,-3.067,1.154,68.865,1.24832
2786,232085.0,1,0.3209943473339081,0.32963401079177856,0.21613,0.0053877332247793674,-1.862,-3.078,1.173,68.459,1.25991
2787,232168.33,1,0.3173763155937195,0.3230172395706177,0.21892,0.005387446377426386,-1.858,-3.055,1.176,68.476,1.24954
2788,232251.67,1,0.32014399766921997,0.3236216604709625,0.21885,0.004455271176993847,-1.988,-2.994,1.116,68.64,1.2275
2789,232335.0,1,0.32055357098579407,0.325014591217041,0.21762,0.004445107653737068,-2.028,-2.984,1.071,68.527,1.24238
2790,232418.33,1,0.31906014680862427,0.3271162509918213,0.21377,0.005049769766628742,-2.017,-3.022,1.022,68.181,1.24482
2791,232501.67,1,0.322069376707077,0.3350486755371094,0.21139,0.005034465342760086,-1.99,-3.028,1.001,68.866,1.22866
2792,232585.0,1,0.3285400867462158,0.34050989151000977,0.20885,0.0051773302257061005,-1.975,-3.026,1.025,68.932,1.21947
2793,232668.33,1,0.3342800438404083,0.34747424721717834,0.20778,0.004842118825763464,-2.077,-2.994,1.016,69.212,1.20429
2794,232751.67,1,0.3348488509654999,0.3510116934776306,0.2072,0.00472080847248435,-2.084,-2.939,1.018,68.91,1.19404
2795,232835.0,1,0.3361615836620331,0.35345038771629333,0.20731,0.004732012283056974,-2.096,-2.919,1.024,69.213,1.19426
2796,232918.33,1,0.3362731635570526,0.3549044728279114,0.20737,0.00480254739522934,-2.107,-2.914,1.037,69.038,1.19627
2797,233001.67,1,0.33859309554100037,0.35797539353370667,0.20694,0.005062616430222988,-2.108,-2.903,1.04,68.977,1.22299
2798,233085.0,1,0.3572832942008972,0.3953237235546112,0.19677,0.005395506974309683,-2.094,-2.914,1.05,68.624,1.2447
2799,233168.33,1,0.4284919798374176,0.4832462668418884,0.16776,0.005729176104068756,-2.067,-2.938,1.024,68.79,1.24942
2800,233251.67,1,0.5216534733772278,0.602321982383728,0.12818,0.005917946342378855,-1.904,-3.044,0.997,68.78,1.23776
2801,233335.0,1,0.5503406524658203,0.6467812061309814,0.11121,0.005886532831937075,-1.898,-3.105,0.964,68.942,1.24319
2802,233418.33,1,0.5730408430099487,0.6684437990188599,0.09967,0.005793426185846329,-1.749,-3.118,0.955,68.88,1.23059
2803,233501.67,1,0.5866503715515137,0.6750820875167847,0.09412,0.0055808937177062035,-1.77,-3.147,0.946,69.119,1.22758
2804,233585.0,1,0.6405857801437378,0.7047840356826782,0.07202,0.005433469545096159,-1.675,-3.124,0.944,68.703,1.24175
2805,233668.33,1,0.7730420827865601,0.7608450651168823,0.0179,0.004999297671020031,-1.525,-2.912,0.921,68.818,1.25431
2806,233751.67,1,0.8293030261993408,0.8190028667449951,0.01713,0.00492502935230732,-1.333,-2.542,0.875,68.538,1.26323
2807,233835.0,1,0.8095606565475464,0.8113667964935303,0.01092,0.005360404960811138,-1.377,-2.497,0.886,69.08,1.24057
2808,233918.33,1,0.8068121075630188,0.8028668761253357,0.00873,0.005598386283963919,-1.422,-2.486,0.889,69.103,1.22508
2809,234001.67,1,0.7407153844833374,0.7667348384857178,0.02244,0.005567973479628563,-1.49,-2.529,0.899,69.094,1.2335
2810,234085.0,1,0.6645879745483398,0.7259665727615356,0.05162,0.005566402804106474,-1.706,-2.634,0.921,69.016,1.22647
2811,234168.33,1,0.6114640235900879,0.7039064168930054,0.07278,0.005598282907158136,-1.905,-2.765,0.937,68.792,1.23355
2812,234251.67,1,0.5968968868255615,0.6939194202423096,0.08283,0.005254777148365974,-2.111,-2.863,0.916,68.41,1.24868
2813,234335.0,1,0.5786269307136536,0.6807141900062561,0.09322,0.00509058078750968,-2.11,-2.907,0.927,68.619,1.23812
2814,234416.67,1,0.5539783239364624,0.6610819101333618,0.10408,0.005152305122464895,-2.094,-2.897,0.959,68.419,1.24842
2815,234500.0,1,0.5456690788269043,0.6440047025680542,0.11065,0.004753526300191879,-1.955,-2.898,0.973,68.983,1.22823
2816,234583.33,1,0.5370862483978271,0.6312934756278992,0.11646,0.004719339311122894,-1.791,-2.899,0.975,69.059,1.2166
2817,234666.67,1,0.5315276384353638,0.6224001049995422,0.12124,0.004964609630405903,-1.873,-2.948,1.004,69.471,1.20773
2818,234750.0,1,0.5261902213096619,0.6135852336883545,0.12575,0.0050755636766552925,-1.902,-2.972,1.025,69.438,1.20616
2819,234833.33,1,0.5103163719177246,0.6056250333786011,0.1276,0.005813408177345991,-1.774,-2.97,1.017,69.467,1.2145
2820,234916.67,1,0.48149678111076355,0.5790868997573853,0.14038,0.005645612254738808,-1.852,-2.961,0.99,69.332,1.20046
2821,235000.0,1,0.4686279594898224,0.5608898997306824,0.14882,0.0053713382221758366,-1.982,-2.976,0.993,69.438,1.2281
2822,235083.33,1,0.4704381823539734,0.5563675165176392,0.14981,0.004946541972458363,-1.968,-2.969,1.028,69.421,1.22291
2823,235166.67,1,0.4854043126106262,0.5686250925064087,0.14517,0.004906725604087114,-2.149,-2.951,1.035,69.806,1.21506
2824,235250.0,1,0.5126569271087646,0.5982835292816162,0.13342,0.005338167306035757,-2.26,-2.938,1.043,69.54,1.20633
2825,235333.33,1,0.6523284912109375,0.666250467300415,0.08364,0.0053009395487606525,-2.238,-2.909,0.96,69.541,1.22698
2826,235416.67,1,0.8033294677734375,0.7639976143836975,0.01108,0.005162813235074282,-1.787,-2.589,0.868,69.442,1.22532
2827,235500.0,1,0.8213914632797241,0.8073931932449341,0.01194,0.0049856663681566715,-1.741,-2.472,0.807,69.371,1.247
2828,235583.33,1,0.8250867128372192,0.8159381151199341,0.01632,0.0046403417363762856,-1.76,-2.337,0.739,69.022,1.26423
2829,235666.67,1,0.8269810676574707,0.8177891373634338,0.01795,0.004409122746437788,-1.685,-2.301,0.707,68.888,1.25955
2830,235750.0,1,0.8253841400146484,0.8198729157447815,0.01938,0.00399561133235693,-1.653,-2.293,0.635,68.402,1.25607
2831,235833.33,1,0.8329185247421265,0.8294394016265869,0.02668,0.004123300779610872,-1.652,-2.282,0.618,68.818,1.24823
2832,235916.67,1,0.8337684869766235,0.8334771394729614,0.02905,0.00448515173047781,-1.722,-2.244,0.624,68.938,1.23625
2833,236000.0,1,0.8244149088859558,0.8368669152259827,0.02672,0.004698236472904682,-1.885,-2.225,0.641,69.376,1.22299
2834,236083.33,1,0.8185487985610962,0.8342218399047852,0.02439,0.004859935492277145,-1.834,-2.215,0.634,69.221,1.21496
2835,236166.67,1,0.7806998491287231,0.8083493113517761,0.01721,0.004659248050302267,-1.786,-2.278,0.634,69.098,1.2264
2836,236250.0,1,0.5339422225952148,0.6933935880661011,0.08549,0.00442341947928071,-1.913,-2.563,0.642,68.854,1.20913
2837,236333.33,1,0.4210512638092041,0.6105771660804749,0.1374,0.003638559952378273,-2.012,-2.748,0.675,69.177,1.20628
2838,236416.67,1,0.3691105544567108,0.5206274390220642,0.1703,0.0034757526591420174,-1.922,-2.85,0.774,69.09,1.20649
2839,236500.0,1,0.36073070764541626,0.49298617243766785,0.18027,0.0037125402595847845,-2.127,-2.89,0.867,68.956,1.22519
2840,236583.33,1,0.3533370792865753,0.44089391827583313,0.19434,0.0038486213888972998,-2.505,-2.906,0.919,68.877,1.2187
2841,236666.67,1,0.3354349136352539,0.4142431318759918,0.2045,0.0041770124807953835,-2.624,-2.9,0.927,69.3,1.21743
2842,236748.33,1,0.3293071985244751,0.40241751074790955,0.20962,0.004342992324382067,-2.616,-2.901,0.902,69.125,1.22933
2843,236831.67,1,0.3346906006336212,0.4003554582595825,0.2085,0.004354376345872879,-2.534,-2.922,0.884,69.592,1.20384
2844,236915.0,1,0.3364553153514862,0.3945290744304657,0.20725,0.004659845028072596,-2.455,-2.944,0.857,69.698,1.19715
2845,236998.33,1,0.33787772059440613,0.3981890380382538,0.20595,0.004827796947211027,-2.293,-2.994,0.843,70.043,1.19758
2846,237081.67,1,0.3376738429069519,0.39872294664382935,0.20577,0.004729072097688913,-2.198,-3.0,0.838,69.752,1.20888
2847,237165.0,1,0.3327045738697052,0.3974079489707947,0.20577,0.004813225474208593,-2.17,-3.017,0.812,69.743,1.23587
2848,237248.33,1,0.32606664299964905,0.39731690287590027,0.20493,0.005033276043832302,-2.127,-2.973,0.804,69.36,1.25377
2849,237331.67,1,0.3239440619945526,0.3997021019458771,0.20427,0.005125885829329491,-2.139,-2.931,0.778,69.504,1.2282
2850,237415.0,1,0.3296961784362793,0.39888468384742737,0.20334,0.005203493405133486,-2.218,-2.9,0.806,69.56,1.24394
2851,237498.33,1,0.3306621313095093,0.398826539516449,0.20262,0.004903749097138643,-2.244,-2.887,0.811,70.101,1.2381
2852,237581.67,1,0.33019739389419556,0.39867523312568665,0.20232,0.004886926151812077,-2.244,-2.888,0.807,69.89,1.24762
2853,237665.0,1,0.3308636248111725,0.3988875448703766,0.20175,0.004992302507162094,-2.213,-2.877,0.808,70.236,1.22317
2854,237748.33,1,0.33441585302352905,0.40223097801208496,0.20031,0.005309172905981541,-2.237,-2.882,0.818,70.091,1.21782
2855,237831.67,1,0.3451412320137024,0.4147522449493408,0.19546,0.007388399448245764,-2.25,-2.848,0.818,69.864,1.23206
2856,237915.0,1,0.35109782218933105,0.4347481429576874,0.19072,0.010088838636875153,-2.181,-2.856,0.816,69.453,1.21929
2857,237998.33,1,0.3581281900405884,0.43995043635368347,0.18882,0.00946830678731203,-2.182,-2.862,0.794,69.29,1.22796
2858,238081.67,1,0.36139726638793945,0.44357189536094666,0.18735,0.0088247861713171,-2.092,-2.855,0.762,69.131,1.21692
2859,238165.0,1,0.3613041341304779,0.45261770486831665,0.18532,0.007316220551729202,-1.621,-2.952,0.702,69.635,1.21612
2860,238248.33,1,0.36280593276023865,0.45718225836753845,0.18326,0.006137292832136154,-1.101,-2.956,0.671,69.613,1.21723
2861,238331.67,1,0.3581863045692444,0.4567267894744873,0.18301,0.005801371764391661,-0.651,-2.855,0.655,69.566,1.22985
2862,238415.0,1,0.3514724373817444,0.45505231618881226,0.184,0.005655530374497175,-0.405,-2.824,0.67,69.425,1.21949
2863,238498.33,1,0.35062193870544434,0.44667378067970276,0.18668,0.005317179020494223,-0.413,-2.842,0.664,69.505,1.24327
2864,238581.67,1,0.35505765676498413,0.44637250900268555,0.18713,0.005194159224629402,-0.362,-2.903,0.682,69.16,1.26062
2865,238665.0,1,0.364618182182312,0.4539756774902344,0.18473,0.0051555573008954525,-0.403,-2.955,0.728,69.725,1.24393
2866,238748.33,1,0.3636445105075836,0.44591203331947327,0.18675,0.005149370990693569,-0.434,-3.012,0.77,69.808,1.23369
2867,238831.67,1,0.35827088356018066,0.42712700366973877,0.19207,0.005123136565089226,-0.771,-3.003,0.811,69.945,1.24882
2868,238915.0,1,0.3554791808128357,0.415303498506546,0.19535,0.005041904281824827,-1.119,-3.001,0.807,69.979,1.2426
2869,238998.33,1,0.35018885135650635,0.410555362701416,0.19635,0.004928253125399351,-1.326,-2.997,0.778,69.816,1.25469
2870,239080.0,1,0.3468188941478729,0.404656320810318,0.19646,0.004981050733476877,-1.381,-2.971,0.772,69.291,1.25974
2871,239163.33,1,0.34605035185813904,0.4011152386665344,0.19706,0.004918791353702545,-1.434,-2.967,0.769,69.593,1.2365
2872,239246.67,1,0.34501922130584717,0.39858657121658325,0.19803,0.004823294933885336,-1.457,-2.983,0.766,69.608,1.2299
2873,239330.0,1,0.3440510630607605,0.39511987566947937,0.19915,0.004468825180083513,-1.623,-2.997,0.761,69.963,1.22428
2874,239413.33,1,0.3437621295452118,0.3917742669582367,0.19993,0.004534893669188023,-1.866,-3.103,0.748,69.823,1.22151
2875,239496.67,1,0.3386964499950409,0.38680610060691833,0.20137,0.004655809141695499,-1.964,-3.072,0.771,70.258,1.21379
2876,239580.0,1,0.3411802053451538,0.3824809193611145,0.20166,0.005076471716165543,-2.107,-3.036,0.818,70.18,1.20368
2877,239663.33,1,0.3424064815044403,0.37805503606796265,0.20225,0.004910892341285944,-2.122,-3.043,0.802,70.536,1.19718
2878,239746.67,1,0.34221088886260986,0.3717782497406006,0.20286,0.005185574293136597,-2.107,-3.059,0.787,70.397,1.19005
2879,239830.0,1,0.32907307147979736,0.3609277009963989,0.20698,0.00501057505607605,-2.088,-3.061,0.764,70.45,1.19484
2880,239913.33,1,0.31356868147850037,0.3579255938529968,0.2107,0.0037411670200526714,-1.911,-3.073,0.7,70.078,1.23481
2881,239996.67,1,0.2989824116230011,0.34754639863967896,0.21436,0.004050177056342363,-1.778,-3.083,0.669,69.974,1.24022
2882,240080.0,1,0.29342222213745117,0.34630459547042847,0.21403,0.004784523043781519,-1.7,-3.062,0.655,69.579,1.25278
2883,240163.33,1,0.2860325872898102,0.3405497670173645,0.2163,0.004960350692272186,-1.692,-3.054,0.651,69.779,1.25423
2884,240246.67,1,0.28007611632347107,0.34049302339553833,0.21787,0.00514203542843461,-1.727,-3.063,0.634,69.772,1.24126
2885,240330.0,1,0.2876425087451935,0.34215855598449707,0.21633,0.005352890118956566,-1.816,-3.045,0.642,70.247,1.2277
2886,240413.33,1,0.2963927388191223,0.34882473945617676,0.21332,0.00544667849317193,-1.8,-3.035,0.65,70.2,1.22152
2887,240496.67,1,0.2975064516067505,0.35063472390174866,0.21276,0.0053742253221571445,-1.813,-3.036,0.64,70.337,1.22283
2888,240580.0,1,0.29989975690841675,0.35367733240127563,0.21224,0.005250873044133186,-1.842,-3.028,0.631,69.838,1.23846
2889,240663.33,1,0.3023625314235687,0.3560307025909424,0.21185,0.004988808184862137,-1.937,-2.984,0.635,70.261,1.227
2890,240746.67,1,0.30338117480278015,0.35575783252716064,0.21178,0.004956912714987993,-1.981,-2.973,0.637,70.148,1.21848
2891,240830.0,1,0.30414119362831116,0.3521251380443573,0.21255,0.004936055280268192,-1.991,-2.965,0.633,70.447,1.21264
2892,240913.33,1,0.30447497963905334,0.34903255105018616,0.2129,0.005045531317591667,-1.996,-2.977,0.63,70.264,1.21057
2893,240996.67,1,0.3041604161262512,0.3461166024208069,0.21306,0.005157602485269308,-1.982,-2.979,0.624,70.505,1.20867
2894,241080.0,1,0.3042823076248169,0.34766972064971924,0.21265,0.005034708883613348,-1.808,-2.979,0.62,70.195,1.21141
2895,241163.33,1,0.3020601272583008,0.3529756963253021,0.21205,0.005122806411236525,-1.81,-2.974,0.616,70.441,1.20973
2896,241246.67,1,0.3005817234516144,0.3549708425998688,0.21199,0.005325510166585445,-1.809,-2.981,0.611,70.29,1.21045
2897,241330.0,1,0.30122700333595276,0.3557458221912384,0.21218,0.005368959158658981,-1.84,-2.989,0.613,70.232,1.23356
2898,241413.33,1,0.30120959877967834,0.3558025360107422,0.21274,0.0050142486579716206,-1.883,-2.979,0.605,70.163,1.22701
2899,241496.67,1,0.30012038350105286,0.3551449477672577,0.21337,0.004889963194727898,-1.913,-2.958,0.596,70.528,1.22026
2900,241578.33,1,0.296766072511673,0.3537459373474121,0.21485,0.00482814759016037,-1.929,-2.947,0.581,70.435,1.21756
2901,241661.67,1,0.294280081987381,0.35236260294914246,0.21543,0.004895551595836878,-1.868,-2.933,0.575,70.336,1.23401
2902,241745.0,1,0.29298678040504456,0.3515366017818451,0.2156,0.005131235811859369,-1.859,-2.93,0.572,70.216,1.22789
2903,241828.33,1,0.2930964231491089,0.351338267326355,0.21561,0.005122494883835316,-1.857,-2.93,0.569,70.366,1.20891
2904,241911.67,1,0.2917229235172272,0.3507257401943207,0.21583,0.005229323636740446,-1.888,-2.964,0.568,70.162,1.19647
2905,241995.0,1,0.2912673056125641,0.35079267621040344,0.2159,0.005478988867253065,-1.915,-2.998,0.567,70.354,1.18846
2906,242078.33,1,0.2911309599876404,0.350985586643219,0.2162,0.005542054306715727,-1.906,-3.007,0.566,70.213,1.18586
2907,242161.67,1,0.28944119811058044,0.3502691984176636,0.21695,0.005658808164298534,-1.972,-2.991,0.574,70.154,1.20884
2908,242245.0,1,0.28871530294418335,0.35053086280822754,0.21751,0.005562717095017433,-1.978,-2.988,0.577,69.989,1.20382
2909,242328.33,1,0.2855171263217926,0.3460935056209564,0.21894,0.005490662530064583,-1.954,-2.989,0.578,70.07,1.19759
2910,242411.67,1,0.2829152047634125,0.34016793966293335,0.22051,0.005503242369741201,-1.892,-3.018,0.553,70.059,1.2493
2911,242495.0,1,0.27844810485839844,0.3356083631515503,0.22118,0.006309484131634235,-1.826,-3.024,0.536,70.696,1.24022
2912,242578.33,1,0.2769027352333069,0.3329516053199768,0.2222,0.006122279446572065,-1.767,-3.041,0.55,70.732,1.23618
2913,242661.67,1,0.2709319591522217,0.3278350532054901,0.2243,0.006188053637742996,-1.781,-3.042,0.563,71.081,1.22756
2914,242745.0,1,0.2636019289493561,0.3251633942127228,0.22463,0.006242075469344854,-1.718,-3.078,0.587,70.848,1.22011
2915,242828.33,1,0.2533054053783417,0.3135458528995514,0.22929,0.006234401371330023,-1.808,-3.063,0.625,71.093,1.22799
2916,242911.67,1,0.2549992501735687,0.3161444664001465,0.22821,0.0058748465962708,-1.921,-3.043,0.672,70.771,1.25035
2917,242995.0,1,0.2540154457092285,0.311394602060318,0.22861,0.005785694345831871,-1.951,-3.056,0.679,71.217,1.24186
2918,243078.33,1,0.25192707777023315,0.30778637528419495,0.22993,0.005111924838274717,-1.944,-3.066,0.688,71.082,1.23668
2919,243161.67,1,0.25165513157844543,0.3101389706134796,0.23093,0.004860216751694679,-1.953,-3.086,0.662,71.129,1.24783
2920,243245.0,1,0.24995699524879456,0.3103235363960266,0.23143,0.005126012023538351,-1.919,-3.087,0.672,71.092,1.23928
2921,243328.33,1,0.24761131405830383,0.3068653643131256,0.23333,0.005272743757814169,-1.884,-3.058,0.663,71.368,1.23836
2922,243411.67,1,0.24816735088825226,0.30491191148757935,0.23303,0.005854881834238768,-1.817,-3.055,0.655,70.95,1.24832
2923,243495.0,1,0.25168439745903015,0.3028353750705719,0.23358,0.005788920447230339,-1.856,-3.057,0.63,71.227,1.22766
2924,243578.33,1,0.2511947751045227,0.3016854524612427,0.23344,0.005828032270073891,-1.839,-3.057,0.615,71.011,1.21515
2925,243661.67,1,0.24927003681659698,0.3000050187110901,0.23332,0.005708769895136356,-1.883,-3.048,0.603,71.202,1.20514
2926,243745.0,1,0.2443193793296814,0.29717695713043213,0.23369,0.005482411943376064,-1.877,-3.046,0.62,70.9,1.20086
2927,243828.33,1,0.24631871283054352,0.30050966143608093,0.23333,0.004837724380195141,-1.892,-3.031,0.611,71.066,1.22671
2928,243910.0,1,0.2529211640357971,0.30539563298225403,0.23134,0.004491234663873911,-1.98,-3.055,0.592,71.138,1.22904
2929,243993.33,1,0.2533966898918152,0.3014923334121704,0.23187,0.004440720193088055,-1.997,-3.063,0.601,71.081,1.24399
2930,244076.67,1,0.256379097700119,0.3010431230068207,0.23096,0.004628053400665522,-2.022,-3.072,0.587,70.915,1.22969
2931,244160.0,1,0.2526545524597168,0.29564857482910156,0.23195,0.004600392188876867,-1.907,-3.098,0.585,70.898,1.25045
2932,244243.33,1,0.25743812322616577,0.29745081067085266,0.22943,0.004763269796967506,-1.89,-3.113,0.584,70.519,1.26703
2933,244326.67,1,0.25483956933021545,0.296369731426239,0.23063,0.004867893178015947,-1.93,-3.106,0.596,70.939,1.25104
2934,244410.0,1,0.2578580379486084,0.29433494806289673,0.23173,0.004615427926182747,-1.898,-3.095,0.627,70.899,1.24103
2935,244576.67,1,0.25920525193214417,0.29534441232681274,0.23104,0.004347064532339573,-1.915,-3.107,0.642,70.773,1.24725
2936,244743.33,1,0.26040077209472656,0.3031218647956848,0.22842,0.00431440956890583,-1.892,-3.092,0.632,70.59,1.23768
2937,244826.67,1,0.2534923255443573,0.30085670948028564,0.22896,0.004529805388301611,-1.901,-3.094,0.614,70.638,1.25611
2938,244910.0,1,0.2592690587043762,0.31015267968177795,0.22579,0.004484338685870171,-1.903,-3.082,0.573,70.261,1.27013
2939,244993.33,1,0.2570894658565521,0.30622515082359314,0.22682,0.004624782595783472,-1.841,-3.054,0.554,70.167,1.27988
2940,245076.67,1,0.26048824191093445,0.31089627742767334,0.22487,0.004720891360193491,-1.851,-3.045,0.533,70.582,1.2577
2941,245160.0,1,0.26066160202026367,0.3113337457180023,0.22527,0.0049256510101258755,-1.897,-3.043,0.538,70.8,1.26535
2942,245243.33,1,0.2624397873878479,0.3130141496658325,0.22523,0.004929022863507271,-1.941,-3.021,0.543,70.754,1.25527
2943,245326.67,1,0.2650243043899536,0.311776340007782,0.22562,0.004852524027228355,-1.922,-2.983,0.558,71.123,1.24409
2944,245410.0,1,0.26883164048194885,0.31500566005706787,0.22467,0.004909159615635872,-2.01,-2.981,0.565,70.964,1.23808
2945,245493.33,1,0.27023613452911377,0.3205912709236145,0.22396,0.0043578180484473705,-2.0,-2.953,0.564,71.116,1.24148
2946,245576.67,1,0.270609587430954,0.3234516382217407,0.22383,0.004121012054383755,-1.988,-2.951,0.553,70.658,1.25853
2947,245660.0,1,0.2718241810798645,0.3260761797428131,0.2234,0.0038046748377382755,-1.986,-2.973,0.54,70.614,1.27037
2948,245743.33,1,0.2720068097114563,0.3272208571434021,0.22307,0.0037405146285891533,-1.992,-2.984,0.53,70.33,1.28043
2949,245826.67,1,0.2720983922481537,0.33009737730026245,0.22255,0.0035163641441613436,-1.789,-3.014,0.509,70.604,1.27025
2950,245910.0,1,0.2705075144767761,0.3342786431312561,0.22219,0.0033114368561655283,-1.177,-3.042,0.483,70.255,1.27661
2951,245993.33,1,0.27162593603134155,0.33648452162742615,0.22181,0.0030565597116947174,-1.029,-3.043,0.476,70.66,1.26643
2952,246076.67,1,0.2717239260673523,0.335883766412735,0.22171,0.002793872030451894,-0.918,-3.002,0.484,70.347,1.27316
2953,246160.0,1,0.27153176069259644,0.3359789550304413,0.22137,0.0026555135846138,-0.802,-2.983,0.487,70.348,1.27146
2954,246243.33,1,0.2720339596271515,0.3357621729373932,0.2207,0.0026773137506097555,-0.801,-2.984,0.497,70.148,1.28167
2955,246326.67,1,0.2725914716720581,0.3360746204853058,0.22013,0.0026452108286321163,-0.786,-2.971,0.496,70.626,1.26033
2956,246408.33,1,0.27321362495422363,0.33554399013519287,0.2197,0.002519532572478056,-0.808,-2.951,0.503,70.537,1.24788
2957,246491.67,1,0.27297264337539673,0.3344173729419708,0.21961,0.00253200251609087,-0.853,-2.968,0.506,70.448,1.2437
2958,246575.0,1,0.27140775322914124,0.3307884633541107,0.21997,0.002637083875015378,-0.835,-2.981,0.515,70.276,1.22957
2959,246658.33,1,0.26914411783218384,0.328386127948761,0.21993,0.002701090183109045,-0.83,-2.989,0.526,70.291,1.2517
2960,246741.67,1,0.2670612931251526,0.32682403922080994,0.22005,0.0028171821031719446,-0.962,-2.965,0.526,70.0,1.26861
2961,246825.0,1,0.26615458726882935,0.3253861367702484,0.22018,0.00282474746927619,-0.997,-2.978,0.532,70.554,1.25274
2962,246908.33,1,0.26369643211364746,0.32311952114105225,0.22062,0.0029574641957879066,-1.01,-2.98,0.533,70.567,1.24373
2963,246991.67,1,0.2625616192817688,0.3190600275993347,0.22165,0.0030677567701786757,-1.108,-2.963,0.543,70.98,1.23547
2964,247075.0,1,0.25988468527793884,0.315843790769577,0.22307,0.0031845916528254747,-1.155,-2.981,0.557,70.872,1.23366
2965,247158.33,1,0.25817936658859253,0.31435054540634155,0.22405,0.003372112987563014,-1.204,-2.993,0.553,71.111,1.23051
2966,247241.67,1,0.2566594183444977,0.3142366111278534,0.22479,0.0033377523068338633,-1.185,-3.02,0.549,70.826,1.23075
2967,247325.0,1,0.2552594542503357,0.3114756643772125,0.22541,0.0036263035144656897,-1.148,-3.027,0.559,70.972,1.23603
2968,247408.33,1,0.2525204122066498,0.3091920018196106,0.22605,0.004079882986843586,-1.137,-3.03,0.574,70.511,1.25473
2969,247491.67,1,0.256833016872406,0.31025391817092896,0.22444,0.004610163159668446,-1.133,-3.053,0.587,70.303,1.26969
2970,247575.0,1,0.25818488001823425,0.2993547022342682,0.22562,0.004600171931087971,-1.186,-3.018,0.597,70.541,1.25431
2971,247658.33,1,0.2559623122215271,0.29479482769966125,0.22663,0.004813140723854303,-1.231,-3.021,0.614,70.939,1.25323
2972,247741.67,1,0.24620366096496582,0.2846466898918152,0.2294,0.004617673810571432,-1.221,-3.023,0.636,70.622,1.2657
2973,247825.0,1,0.251475989818573,0.28451967239379883,0.22863,0.00465314881876111,-1.434,-3.034,0.631,70.825,1.25853
2974,247908.33,1,0.26184216141700745,0.2924407720565796,0.2249,0.004645096603780985,-1.504,-3.062,0.654,70.454,1.26869
2975,247991.67,1,0.2680755853652954,0.29515817761421204,0.22383,0.0045522055588662624,-1.566,-3.083,0.673,71.015,1.25195
2976,248075.0,1,0.27308353781700134,0.2967039942741394,0.22241,0.005080093163996935,-1.682,-3.118,0.687,71.098,1.24353
2977,248158.33,1,0.270958811044693,0.2980186343193054,0.22318,0.00517195463180542,-1.729,-3.119,0.665,71.384,1.2324
2978,248241.67,1,0.2662452459335327,0.29804351925849915,0.22394,0.005139501299709082,-1.663,-3.115,0.624,70.971,1.22459
2979,248325.0,1,0.2636382281780243,0.2982127070426941,0.22421,0.004919788334518671,-1.666,-3.138,0.602,71.007,1.24507
2980,248408.33,1,0.2636745274066925,0.29831984639167786,0.22494,0.004566861782222986,-1.678,-3.126,0.595,70.94,1.24336
2981,248491.67,1,0.265645295381546,0.3008241653442383,0.22491,0.004368091467767954,-1.707,-3.128,0.602,70.65,1.25322
2982,248575.0,1,0.26789015531539917,0.30416107177734375,0.22404,0.004449311178177595,-1.719,-3.128,0.621,70.085,1.25931
2983,248658.33,1,0.276287704706192,0.3091772794723511,0.22181,0.004429988097399473,-1.773,-3.081,0.643,70.615,1.24807
2984,248740.0,1,0.28816622495651245,0.3181748688220978,0.2181,0.004350884351879358,-1.834,-3.059,0.667,70.636,1.24154
2985,248823.33,1,0.2903325855731964,0.32573893666267395,0.21604,0.004260105546563864,-1.839,-3.033,0.673,70.983,1.2358
2986,248906.67,1,0.29601481556892395,0.3374471068382263,0.21243,0.004483256489038467,-1.713,-3.011,0.643,70.76,1.23374
2987,248990.0,1,0.30363813042640686,0.3472875654697418,0.21039,0.004666186403483152,-1.725,-3.003,0.616,70.869,1.2418
2988,249073.33,1,0.30613216757774353,0.3441045582294464,0.21136,0.0052177319303154945,-1.722,-3.012,0.581,70.357,1.26283
2989,249156.67,1,0.30141395330429077,0.3421335220336914,0.21241,0.00593006843701005,-1.791,-2.996,0.572,69.999,1.26983
2990,249240.0,1,0.29720455408096313,0.34049052000045776,0.2132,0.005846927408128977,-1.75,-2.949,0.498,69.565,1.28326
2991,249323.33,1,0.2943805158138275,0.339659720659256,0.21288,0.005603541154414415,-1.676,-2.948,0.485,69.978,1.26308
2992,249406.67,1,0.2921127378940582,0.3399415612220764,0.2126,0.0052610523998737335,-1.552,-2.992,0.479,69.929,1.2522
2993,249490.0,1,0.2895031273365021,0.33998486399650574,0.21166,0.0052643343806266785,-1.474,-2.984,0.504,70.254,1.24324
2994,249573.33,1,0.29243895411491394,0.34291091561317444,0.2102,0.005498945713043213,-1.508,-2.967,0.511,70.06,1.23966
2995,249656.67,1,0.2949615716934204,0.34484249353408813,0.20907,0.005390056408941746,-1.495,-2.927,0.512,70.065,1.24125
2996,249740.0,1,0.30106016993522644,0.34935373067855835,0.20767,0.005354073364287615,-1.502,-2.937,0.514,69.333,1.25038
2997,249823.33,1,0.30603551864624023,0.3533251881599426,0.20651,0.005298960953950882,-1.515,-2.926,0.51,69.593,1.23552
2998,249906.67,1,0.30936098098754883,0.35639438033103943,0.2056,0.0051898532547056675,-1.544,-2.926,0.514,69.631,1.23451
2999,249990.0,1,0.31195658445358276,0.3587900996208191,0.20522,0.005247021559625864,-1.589,-2.926,0.505,69.793,1.23525
3000,250073.33,1,0.3135402500629425,0.3605782389640808,0.20471,0.005310049280524254,-1.693,-2.932,0.475,69.575,1.26903
3001,250156.67,1,0.3140468895435333,0.3617342412471771,0.20497,0.00506331492215395,-1.734,-2.919,0.469,69.751,1.27285
3002,250240.0,1,0.3138217628002167,0.36252984404563904,0.20404,0.004958136472851038,-1.774,-2.925,0.463,69.655,1.26511
3003,250323.33,1,0.30813875794410706,0.3561197817325592,0.20434,0.007235038094222546,-1.859,-2.93,0.492,69.66,1.27924
3004,250406.67,1,0.297305703163147,0.34425798058509827,0.20572,0.013876927085220814,-1.919,-2.915,0.541,69.235,1.28792
3005,250490.0,1,0.28602930903434753,0.33171090483665466,0.2066,0.03723748028278351,-1.968,-2.9,0.576,69.589,1.25965
3006,250573.33,1,0.28039678931236267,0.328737735748291,0.2065,0.04929262027144432,-1.888,-2.834,0.588,69.573,1.25027
3007,250656.67,1,0.27917468547821045,0.3323289155960083,0.20531,0.05548672378063202,-1.933,-2.768,0.578,69.542,1.26869
3008,250740.0,1,0.27870243787765503,0.3330743908882141,0.20442,0.05638272315263748,-1.969,-2.779,0.562,69.171,1.28374
3009,250823.33,1,0.27648958563804626,0.3330850303173065,0.20465,0.056018438190221786,-1.976,-2.779,0.559,69.325,1.28755
3010,250906.67,1,0.27398231625556946,0.33179447054862976,0.20501,0.057619526982307434,-1.97,-2.805,0.55,69.314,1.27487
3011,250990.0,1,0.27329275012016296,0.3336949348449707,0.206,0.04470418021082878,-1.981,-2.875,0.531,69.86,1.26176
3012,251073.33,1,0.28349485993385315,0.3431365489959717,0.20618,0.016648324206471443,-1.926,-2.952,0.509,69.865,1.25627
3013,251156.67,1,0.2821420729160309,0.3352595269680023,0.21132,0.010427191853523254,-1.809,-3.007,0.494,69.932,1.2654
3014,251238.33,1,0.2849577069282532,0.32929590344429016,0.21416,0.008673381991684437,-1.716,-3.059,0.47,69.769,1.24752
3015,251321.67,1,0.2916809022426605,0.32190901041030884,0.21679,0.007610574830323458,-1.737,-3.065,0.481,69.87,1.25401
3016,251405.0,1,0.3060064911842346,0.328522652387619,0.21334,0.006409603636711836,-1.697,-3.082,0.521,69.996,1.25163
3017,251488.33,1,0.3084208369255066,0.3312572240829468,0.21116,0.005864351522177458,-1.704,-3.095,0.52,70.477,1.24692
3018,251571.67,1,0.3128337562084198,0.33286184072494507,0.20976,0.005584849510341883,-1.687,-3.094,0.548,70.41,1.24493
3019,251655.0,1,0.3148208558559418,0.3370068371295929,0.20842,0.005524102132767439,-1.742,-3.112,0.539,70.73,1.24014
3020,251738.33,1,0.3129274845123291,0.339712917804718,0.20803,0.005468216724693775,-1.842,-3.128,0.547,70.611,1.24235
3021,251821.67,1,0.3140149712562561,0.34264475107192993,0.20713,0.005231776740401983,-1.935,-3.161,0.547,70.465,1.26891
3022,251905.0,1,0.3088732957839966,0.3403441905975342,0.20778,0.005339577328413725,-1.927,-3.191,0.548,70.029,1.28625
3023,251988.33,1,0.3074862062931061,0.3391767144203186,0.20782,0.005285018123686314,-1.926,-3.188,0.544,70.329,1.27883
3024,252071.67,1,0.3050972819328308,0.33765709400177,0.20802,0.005592613480985165,-1.945,-3.17,0.549,69.982,1.2874
3025,252155.0,1,0.30422869324684143,0.3390105664730072,0.20854,0.005658099427819252,-1.938,-3.139,0.53,69.852,1.29188
3026,252238.33,1,0.3029550313949585,0.3391493260860443,0.20938,0.0056239222176373005,-1.849,-3.09,0.52,69.288,1.28755
3027,252321.67,1,0.30019131302833557,0.33621686697006226,0.21078,0.005675540305674076,-1.907,-3.07,0.51,69.786,1.27111
3028,252405.0,1,0.2942942678928375,0.33026066422462463,0.21155,0.005861320067197084,-1.873,-3.06,0.533,69.851,1.2626
3029,252488.33,1,0.28571444749832153,0.32916611433029175,0.20997,0.007487196940928698,-1.832,-3.027,0.531,69.973,1.2588
3030,252571.67,1,0.27880287170410156,0.31908366084098816,0.20788,0.02255464717745781,-2.215,-2.955,0.526,70.017,1.25227
3031,252655.0,1,0.2735831141471863,0.3140815794467926,0.20708,0.046413760632276535,-2.372,-2.92,0.535,70.154,1.23906
3032,252738.33,1,0.2738426923751831,0.3155444860458374,0.20566,0.07328003644943237,-2.475,-2.886,0.551,69.899,1.2392
3033,252821.67,1,0.2695193290710449,0.3178439140319824,0.20473,0.08605938404798508,-2.495,-2.806,0.55,70.04,1.24991
3034,252905.0,1,0.2676811218261719,0.31888291239738464,0.20442,0.08206134289503098,-2.464,-2.758,0.525,69.533,1.27059
3035,252988.33,1,0.26604580879211426,0.32484710216522217,0.20211,0.09579996764659882,-2.304,-2.718,0.494,69.634,1.28603
3036,253071.67,1,0.2660861015319824,0.33367082476615906,0.19851,0.10879231244325638,-2.248,-2.731,0.477,69.672,1.27276
3037,253155.0,1,0.2673337459564209,0.34037479758262634,0.1958,0.13358092308044434,-2.242,-2.757,0.446,69.944,1.27953
3038,253238.33,1,0.27094441652297974,0.3433789014816284,0.19514,0.14260201156139374,-2.366,-2.804,0.421,70.043,1.26952
3039,253321.67,1,0.26823538541793823,0.34208112955093384,0.19524,0.1806115061044693,-2.57,-2.822,0.366,70.231,1.28302
3040,253405.0,1,0.2639581561088562,0.33822062611579895,0.19544,0.21534740924835205,-2.736,-2.801,0.28,70.094,1.29424
3041,253486.67,1,0.27567434310913086,0.3464817404747009,0.19472,0.20641246438026428,-3.157,-2.732,0.249,70.646,1.29547
3042,253570.0,1,0.30701637268066406,0.4086449146270752,0.17741,0.18923206627368927,-3.459,-2.889,0.116,71.094,1.27865
3043,253653.33,1,0.5995276570320129,0.6601813435554504,0.07073,0.18942804634571075,-3.892,-2.721,-0.006,71.81,1.25636
3044,253736.67,1,0.80745929479599,0.805618941783905,0.02111,0.14534492790699005,-4.4,-2.498,-0.197,72.036,1.23659
3045,253820.0,1,0.8158273696899414,0.8257043361663818,0.02574,0.1214713305234909,-5.023,-2.503,-0.288,72.563,1.2526
3046,253903.33,1,0.830259382724762,0.8185145854949951,0.02901,0.11775025725364685,-5.426,-2.56,-0.232,72.917,1.24125
3047,253986.67,1,0.8281241655349731,0.8014681935310364,0.02412,0.10217750817537308,-5.882,-2.91,0.073,73.649,1.23535
3048,254070.0,1,0.8361090421676636,0.8029575347900391,0.02664,0.08473402261734009,-5.887,-3.234,0.383,73.659,1.22531
3049,254153.33,1,0.8279693126678467,0.7932716608047485,0.02288,0.07098384201526642,-5.675,-3.78,0.777,74.104,1.2264
3050,254236.67,1,0.8254045844078064,0.7960454821586609,0.0246,0.06327001005411148,-5.159,-4.284,1.062,73.995,1.23016
3051,254320.0,1,0.8276094794273376,0.7953647971153259,0.0239,0.06606939435005188,-5.055,-4.525,1.327,74.121,1.23885
3052,254403.33,1,0.8167929649353027,0.7879894375801086,0.01887,0.0810105949640274,-4.729,-4.717,1.525,73.584,1.25937
3053,254486.67,1,0.7949318885803223,0.7790132164955139,0.0123,0.09276136755943298,-3.996,-4.819,1.768,73.642,1.26821
3054,254570.0,1,0.8157945871353149,0.7952309846878052,0.02101,0.06050695478916168,-3.574,-4.667,1.75,73.448,1.25571
3055,254653.33,1,0.8411917090415955,0.8096432685852051,0.03146,0.04396338388323784,-3.257,-4.567,1.479,73.601,1.23455
3056,254736.67,1,0.8299359083175659,0.8154705762863159,0.03028,0.04108533263206482,-3.067,-4.477,1.265,72.711,1.2094
3057,254820.0,1,0.8253883719444275,0.825920820236206,0.03301,0.027400296181440353,-2.694,-4.255,0.9,72.049,1.25629
3058,254903.33,1,0.5621936321258545,0.7199041843414307,0.06634,0.004837355110794306,-1.318,-4.8,0.262,71.951,1.21698
3059,254986.67,1,0.39194977283477783,0.5871552228927612,0.139,0.0028735699597746134,-0.707,-5.166,0.124,72.258,1.22033
3060,255070.0,1,0.3809502124786377,0.5339615345001221,0.16372,0.00229903613217175,-0.089,-5.072,-0.014,71.622,1.27562
3061,255153.33,1,0.3780006170272827,0.5433452129364014,0.15587,0.004455328453332186,-0.199,-4.922,-0.246,71.996,1.25072
3062,255236.67,1,0.299367755651474,0.45106804370880127,0.18008,0.005368805956095457,0.222,-4.936,-0.418,71.74,1.23874
3063,255320.0,1,0.2192356437444687,0.3565371334552765,0.21101,0.005160827189683914,0.437,-4.899,-0.457,71.706,1.22476
3064,255403.33,1,0.2497836947441101,0.38717886805534363,0.20563,0.0038478991482406855,0.638,-4.78,-0.567,71.173,1.21689
3065,255486.67,1,0.26477986574172974,0.3964928686618805,0.19955,0.004093554336577654,0.725,-4.592,-0.641,71.262,1.2317
3066,255570.0,1,0.31409528851509094,0.4471777677536011,0.18161,0.005467288661748171,0.876,-4.352,-0.895,70.556,1.2617
3067,255653.33,1,0.3049928545951843,0.4461864233016968,0.1824,0.005766355898231268,0.968,-3.9,-1.089,70.666,1.24177
3068,255736.67,1,0.3705793619155884,0.4759596288204193,0.16217,0.006656582001596689,1.363,-3.181,-1.31,70.425,1.26768
3069,255820.0,1,0.5175474882125854,0.6088433265686035,0.10694,0.007330925203859806,0.99,-2.415,-1.425,70.652,1.23085
3070,255901.67,1,0.7171105742454529,0.7118493914604187,0.03806,0.0072561874985694885,0.644,-1.444,-1.593,70.298,1.28306
3071,255985.0,1,0.6905072927474976,0.7308615446090698,0.04179,0.004176619462668896,-0.443,-0.088,-1.943,70.168,1.27738
3072,256068.33,1,0.486404150724411,0.5700005292892456,0.12587,0.003966711927205324,-0.553,0.495,-2.314,70.051,1.29095
3073,256151.67,1,0.35006165504455566,0.4291655719280243,0.17892,0.004689072258770466,-0.823,0.662,-2.609,70.658,1.2674
3074,256235.0,1,0.3047294616699219,0.42062827944755554,0.19609,0.003872266737744212,-0.869,0.66,-2.83,70.208,1.28537
3075,256318.33,1,0.26221588253974915,0.4018285572528839,0.21136,0.004353608004748821,-0.958,0.794,-2.826,70.666,1.25141
3076,256401.67,1,0.2539162039756775,0.3919588625431061,0.21443,0.004821567330509424,-0.993,0.933,-2.933,70.349,1.22763
3077,256485.0,1,0.2554331421852112,0.39429420232772827,0.21264,0.0059423139318823814,-1.244,1.003,-3.097,70.777,1.22631
3078,256568.33,1,0.25728684663772583,0.39955416321754456,0.21044,0.006745628081262112,-1.426,1.119,-3.299,70.577,1.22753
3079,256651.67,1,0.26880913972854614,0.4077605605125427,0.2087,0.006652818527072668,-1.473,1.256,-3.406,70.63,1.23799
3080,256735.0,1,0.45904621481895447,0.654037594795227,0.11893,0.005944035481661558,-1.151,1.8,-3.605,70.036,1.27144
3081,256818.33,1,0.7273063659667969,0.7901602387428284,0.0236,0.005507612135261297,-0.927,1.99,-3.725,70.415,1.24625
3082,256901.67,1,0.6775857210159302,0.794045627117157,0.03128,0.0059920367784798145,-0.946,2.075,-3.74,70.143,1.22554
3083,256985.0,1,0.5201693773269653,0.7812636494636536,0.06354,0.007314993999898434,-0.924,2.058,-3.705,70.043,1.25352
3084,257068.33,1,0.42252305150032043,0.7175893783569336,0.10174,0.006920262705534697,-0.879,1.904,-3.601,70.097,1.24659
3085,257151.67,1,0.37543508410453796,0.6749539375305176,0.12367,0.006390112917870283,-0.976,1.636,-3.448,70.456,1.23762
3086,257235.0,1,0.3681616187095642,0.6581102609634399,0.13121,0.005202742759138346,-0.843,1.2,-3.277,70.35,1.23243
3087,257318.33,1,0.3740250766277313,0.6386454105377197,0.13801,0.0040869154036045074,-0.862,1.14,-3.039,70.412,1.22229
3088,257401.67,1,0.3884490728378296,0.6373369693756104,0.13933,0.004130887798964977,-1.05,0.933,-2.941,70.333,1.22575
3089,257485.0,1,0.4003400206565857,0.6424260139465332,0.13792,0.004312853328883648,-1.237,0.828,-2.943,70.189,1.21823
3090,257568.33,1,0.3995896875858307,0.6340693235397339,0.13508,0.009036354720592499,-1.125,0.851,-2.908,69.446,1.24301
3091,257651.67,1,0.4300393760204315,0.6544830799102783,0.12442,0.008350934833288193,-0.904,0.929,-2.871,70.098,1.23813
3092,257735.0,1,0.48144301772117615,0.6912280321121216,0.10486,0.00836684089154005,-0.736,0.998,-2.817,70.146,1.23703
3093,257818.33,1,0.48644140362739563,0.6901761293411255,0.10427,0.007753507234156132,-0.597,0.981,-2.765,70.093,1.24738
3094,257901.67,1,0.48208993673324585,0.6814486980438232,0.10826,0.006978652905672789,-0.543,1.005,-2.672,69.907,1.23251
3095,257985.0,1,0.47746312618255615,0.6647757291793823,0.11477,0.007062554359436035,-0.585,0.982,-2.497,69.85,1.25
3096,258068.33,1,0.45949217677116394,0.6469625234603882,0.12465,0.006573615595698357,-0.635,0.9,-2.339,69.707,1.23286
3097,258150.0,1,0.44242236018180847,0.6388263702392578,0.13071,0.005600173491984606,-0.787,0.801,-2.316,69.663,1.25391
3098,258233.33,1,0.4194634258747101,0.5971832275390625,0.14382,0.005030940752476454,-0.713,0.572,-2.215,69.583,1.25037
3099,258316.67,1,0.39802196621894836,0.5797086358070374,0.14703,0.0055677518248558044,-0.614,0.498,-2.057,69.984,1.24338
3100,258400.0,1,0.3829241991043091,0.5578082799911499,0.15294,0.006618797313421965,-0.679,0.258,-1.883,69.807,1.23992
3101,258483.33,1,0.37082794308662415,0.5359885692596436,0.16008,0.006457549054175615,-0.742,-0.001,-1.779,69.905,1.22706
3102,258566.67,1,0.3655953109264374,0.5295151472091675,0.16391,0.005854374263435602,-0.77,-0.125,-1.719,69.709,1.22905
3103,258650.0,1,0.3728185296058655,0.5305168032646179,0.16488,0.004790179431438446,-0.761,-0.147,-1.682,69.927,1.22834
3104,258733.33,1,0.3685096502304077,0.5306717157363892,0.16736,0.004304888658225536,-0.791,-0.193,-1.621,69.702,1.23058
3105,258816.67,1,0.3757742643356323,0.5512688159942627,0.16274,0.0038204824086278677,-0.943,-0.226,-1.616,70.004,1.23163
3106,258900.0,1,0.40858641266822815,0.6054688692092896,0.14488,0.0034586077090352774,-1.161,-0.311,-1.616,69.827,1.23243
3107,258983.33,1,0.48732107877731323,0.691680371761322,0.10698,0.0035386625677347183,-1.363,-0.366,-1.541,69.989,1.21221
3108,259066.67,1,0.5271213054656982,0.7148196697235107,0.09277,0.0035546363797038794,-1.402,-0.399,-1.536,69.761,1.20816
3109,259150.0,1,0.5339164733886719,0.7141674757003784,0.09082,0.003457822371274233,-1.384,-0.476,-1.468,69.661,1.23056
3110,259233.33,1,0.4928603768348694,0.7057007551193237,0.10105,0.003294226946309209,-1.297,-0.601,-1.388,69.2,1.24745
3111,259316.67,1,0.45632216334342957,0.6705085039138794,0.11507,0.0030638526659458876,-1.172,-0.694,-1.21,69.194,1.23854
3112,259400.0,1,0.4150112271308899,0.6338135004043579,0.1308,0.0029498697258532047,-1.234,-0.725,-1.083,69.138,1.21225
3113,259483.33,1,0.3982357084751129,0.5955910682678223,0.14455,0.0027719975914806128,-1.434,-0.831,-1.024,69.317,1.22502
3114,259566.67,1,0.39631274342536926,0.5957703590393066,0.14812,0.0030031378846615553,-1.677,-0.967,-0.983,69.126,1.22556
3115,259650.0,1,0.4518390893936157,0.6600698828697205,0.12282,0.0028431343380361795,-1.659,-1.044,-0.948,69.312,1.23173
3116,259733.33,1,0.5307190418243408,0.7078906297683716,0.09504,0.0029535270296037197,-1.668,-1.086,-0.92,68.997,1.23171
3117,259816.67,1,0.5187134742736816,0.7053998708724976,0.09869,0.0030570365488529205,-1.665,-1.118,-0.95,69.452,1.23621
3118,259900.0,1,0.48034971952438354,0.685107946395874,0.11079,0.003120084060356021,-1.597,-1.222,-0.93,69.777,1.21263
3119,259983.33,1,0.4526921808719635,0.6576778292655945,0.12357,0.003124405862763524,-1.507,-1.276,-0.928,69.518,1.21139
3120,260066.67,1,0.4341382682323456,0.6265391111373901,0.13434,0.003148576244711876,-1.499,-1.287,-0.9,69.85,1.19915
3121,260150.0,1,0.42621269822120667,0.5938014984130859,0.14482,0.003178373444825411,-1.544,-1.275,-0.887,70.071,1.19158
3122,260233.33,1,0.4079199731349945,0.5607417821884155,0.15522,0.003116529667750001,-1.752,-1.257,-0.822,69.682,1.20649
3123,260316.67,1,0.3978285789489746,0.5268591642379761,0.16443,0.002997147385030985,-1.982,-1.227,-0.763,70.098,1.18734
3124,260400.0,1,0.3936023414134979,0.5020637512207031,0.17115,0.002950161462649703,-2.112,-1.241,-0.68,70.101,1.18232
3125,260483.33,1,0.395582377910614,0.49434202909469604,0.17296,0.00295650539919734,-2.114,-1.266,-0.675,70.333,1.19775
3126,260565.0,1,0.3926292657852173,0.49232393503189087,0.17453,0.002935409778729081,-2.118,-1.304,-0.682,70.187,1.20233
3127,260648.33,1,0.3930985629558563,0.4908367097377777,0.17536,0.003190018702298403,-2.225,-1.323,-0.704,69.992,1.23127
3128,260731.67,1,0.39229151606559753,0.490468829870224,0.17548,0.0037401062436401844,-2.232,-1.342,-0.743,69.476,1.24672
3129,260815.0,1,0.39394789934158325,0.5049222707748413,0.17084,0.003899119095876813,-2.257,-1.321,-0.86,69.92,1.23549
3130,260898.33,1,0.3909667134284973,0.5159040689468384,0.16797,0.004462020937353373,-2.222,-1.295,-0.947,69.864,1.22846
3131,260981.67,1,0.37848225235939026,0.5165698528289795,0.16875,0.004890383221209049,-2.215,-1.266,-0.996,69.84,1.239
3132,261065.0,1,0.3716908395290375,0.5222285985946655,0.16836,0.004678728524595499,-2.205,-1.218,-0.99,69.648,1.23348
3133,261148.33,1,0.3630371391773224,0.518140971660614,0.16985,0.005650360602885485,-2.048,-1.154,-0.967,69.547,1.24267
3134,261231.67,1,0.3572695255279541,0.5147449970245361,0.17196,0.005954426247626543,-2.032,-1.134,-0.963,69.335,1.23304
3135,261315.0,1,0.3577752709388733,0.5177610516548157,0.17372,0.005720252171158791,-2.126,-1.082,-0.966,69.168,1.2356
3136,261398.33,1,0.3539995849132538,0.5161949396133423,0.17776,0.005101899616420269,-2.14,-0.995,-0.953,69.13,1.22878
3137,261481.67,1,0.3493703007698059,0.5081595778465271,0.17963,0.004814285319298506,-2.112,-0.959,-0.955,69.155,1.24071
3138,261565.0,1,0.39191946387290955,0.5956671237945557,0.14654,0.007422367110848427,-2.101,-0.848,-1.004,69.088,1.23262
3139,261648.33,1,0.6372032165527344,0.7033302783966064,0.05999,0.04356743022799492,-1.963,-0.367,-1.095,69.28,1.22766
3140,261731.67,1,0.5995231866836548,0.714836597442627,0.05904,0.06569986790418625,-1.792,-0.152,-1.147,68.78,1.23572
3141,261815.0,1,0.5699805617332458,0.707638144493103,0.06846,0.06985166668891907,-1.846,-0.17,-1.152,69.046,1.21396
3142,261898.33,1,0.47479507327079773,0.6687319278717041,0.09436,0.06897962838411331,-2.044,-0.127,-1.127,68.986,1.20105
3143,261981.67,1,0.40192320942878723,0.6162879467010498,0.12,0.06384876370429993,-2.243,-0.184,-1.092,69.389,1.20576
3144,262065.0,1,0.38191577792167664,0.5851558446884155,0.13233,0.05758141353726387,-2.24,-0.224,-1.09,69.26,1.21037
3145,262148.33,1,0.37245243787765503,0.5560659170150757,0.14262,0.052223313599824905,-2.219,-0.229,-1.062,69.165,1.23176
3146,262231.67,1,0.36560675501823425,0.5372536778450012,0.15054,0.04095548018813133,-2.265,-0.276,-1.031,68.99,1.21978
3147,262315.0,1,0.3701768219470978,0.5468709468841553,0.15584,0.012258676812052727,-2.375,-0.34,-1.015,69.348,1.2191
3148,262398.33,1,0.3796803951263428,0.5572806596755981,0.15922,0.005160808097571135,-2.394,-0.421,-1.014,69.243,1.22041
3149,262481.67,1,0.3828636407852173,0.550004780292511,0.16139,0.00396122457459569,-2.32,-0.451,-1.012,69.29,1.21941
3150,262565.0,1,0.37707921862602234,0.5192222595214844,0.16973,0.0032727757934480906,-2.357,-0.441,-0.951,68.643,1.23707
3151,262648.33,1,0.3756968677043915,0.500158965587616,0.17439,0.0030915108509361744,-2.289,-0.454,-0.942,68.87,1.25367
3152,262731.67,1,0.3732014298439026,0.49282872676849365,0.17698,0.003109639510512352,-2.153,-0.471,-0.922,68.613,1.26841
3153,262813.33,1,0.37188348174095154,0.49159863591194153,0.17737,0.003014039248228073,-1.906,-0.498,-0.922,69.197,1.24912
3154,262896.67,1,0.3700321316719055,0.4965059161186218,0.17729,0.0028858862351626158,-1.476,-0.57,-0.947,69.195,1.23527
3155,262980.0,1,0.3638516366481781,0.4963219463825226,0.17705,0.0032143613789230585,-0.703,-0.558,-0.973,69.609,1.22588
3156,263063.33,1,0.3525528013706207,0.503390908241272,0.17504,0.0034763009753078222,0.257,-0.607,-0.984,69.464,1.22172
3157,263146.67,1,0.3521682620048523,0.5056803226470947,0.17235,0.003214607946574688,0.678,-0.504,-0.947,69.681,1.22728
3158,263230.0,1,0.3525428771972656,0.5045250654220581,0.17185,0.002760797506198287,0.907,-0.422,-0.918,69.27,1.24463
3159,263313.33,1,0.3577146828174591,0.5123064517974854,0.16842,0.00266753020696342,0.849,-0.4,-0.936,69.4,1.23056
3160,263396.67,1,0.35528916120529175,0.5158942937850952,0.16774,0.0027102993335574865,0.83,-0.388,-0.946,68.921,1.23355
3161,263480.0,1,0.35857176780700684,0.5164849758148193,0.16774,0.0024784414563328028,0.831,-0.356,-0.961,69.572,1.21634
3162,263563.33,1,0.35159575939178467,0.5088772773742676,0.17182,0.0030686126556247473,0.83,-0.311,-0.923,69.908,1.19245
3163,263646.67,1,0.35057690739631653,0.5024772882461548,0.17616,0.0031370793003588915,0.605,-0.353,-0.892,69.841,1.22503
3164,263730.0,1,0.3496989607810974,0.4986106753349304,0.17926,0.0036276960745453835,0.181,-0.419,-0.921,69.436,1.2485
3165,263813.33,1,0.34900224208831787,0.4973186254501343,0.18078,0.0037570015992969275,-0.223,-0.502,-0.947,69.833,1.24402
3166,263896.67,1,0.3547247350215912,0.49375855922698975,0.18094,0.0037771444767713547,-0.494,-0.484,-0.942,69.548,1.25359
3167,263980.0,1,0.3564428985118866,0.49370089173316956,0.18148,0.003691579680889845,-0.69,-0.47,-0.952,69.873,1.24365
3168,264063.33,1,0.35596519708633423,0.4895716607570648,0.18279,0.0037719840183854103,-1.004,-0.487,-0.979,69.558,1.25068
3169,264146.67,1,0.357513964176178,0.49086499214172363,0.18281,0.003700703615322709,-1.124,-0.525,-1.0,69.545,1.24626
3170,264230.0,1,0.3585001528263092,0.4929480254650116,0.18252,0.0036014155484735966,-1.219,-0.578,-1.026,69.179,1.24444
3171,264313.33,1,0.36233338713645935,0.4939589500427246,0.18206,0.003553182352334261,-1.298,-0.611,-1.039,69.513,1.2487
3172,264396.67,1,0.3662939965724945,0.4921341836452484,0.18124,0.003710364457219839,-1.436,-0.626,-1.048,69.6,1.23546
3173,264480.0,1,0.37023642659187317,0.4933081567287445,0.18045,0.0035088062286376953,-1.54,-0.562,-1.026,69.571,1.23236
3174,264563.33,1,0.3756944537162781,0.49325746297836304,0.17973,0.0033738906495273113,-1.647,-0.493,-1.007,69.536,1.22408
3175,264646.67,1,0.3799462914466858,0.49097850918769836,0.17956,0.003254806622862816,-1.671,-0.496,-0.976,69.656,1.2361
3176,264730.0,1,0.38312122225761414,0.4924672245979309,0.17852,0.003064323216676712,-1.66,-0.51,-0.955,69.653,1.22889
3177,264813.33,1,0.44693899154663086,0.6147818565368652,0.13999,0.0031271635089069605,-1.631,-0.533,-0.927,69.714,1.23735
3178,264896.67,1,0.7247812151908875,0.7462275624275208,0.04136,0.003033566288650036,-1.241,-0.41,-0.904,69.598,1.22002
3179,264980.0,1,0.7310608625411987,0.7723380923271179,0.02717,0.0029699269216507673,-1.26,-0.365,-0.94,69.75,1.21703
3180,265063.33,1,0.7125929594039917,0.7557092308998108,0.0378,0.0027473662048578262,-1.332,-0.484,-0.945,69.949,1.21325
3181,265145.0,1,0.60023432970047,0.7069762945175171,0.07621,0.002707014326006174,-1.619,-0.692,-0.952,69.849,1.23578
3182,265228.33,1,0.4997909665107727,0.6621187925338745,0.11122,0.0025522219948470592,-1.738,-0.801,-0.834,69.352,1.25549
3183,265311.67,1,0.4678877592086792,0.632104218006134,0.12779,0.002516057575121522,-1.757,-0.904,-0.828,69.532,1.25793
3184,265395.0,1,0.45100390911102295,0.6137439012527466,0.13675,0.002490339567884803,-1.721,-0.977,-0.803,69.528,1.24577
3185,265478.33,1,0.4437392055988312,0.6157763600349426,0.13893,0.002449730411171913,-1.719,-0.997,-0.795,69.659,1.24978
3186,265561.67,1,0.4440564513206482,0.6146849393844604,0.13992,0.00245796050876379,-1.725,-1.022,-0.798,69.612,1.23803
3187,265645.0,1,0.44582828879356384,0.6165930032730103,0.13923,0.0025556047912687063,-1.788,-1.058,-0.813,69.743,1.24868
3188,265728.33,1,0.4441114664077759,0.618510901927948,0.13942,0.0025304299779236317,-1.68,-1.166,-0.833,69.719,1.23693
3189,265811.67,1,0.4432275593280792,0.6109790802001953,0.14142,0.00258815404959023,-1.528,-1.192,-0.843,69.94,1.2359
3190,265895.0,1,0.44246938824653625,0.600325882434845,0.14386,0.0025294506922364235,-1.463,-1.179,-0.831,69.401,1.25174
3191,265978.33,1,0.4349788725376129,0.5831149816513062,0.15011,0.0024745964910835028,-1.464,-1.166,-0.809,69.098,1.26532
3192,266061.67,1,0.42824405431747437,0.5681972503662109,0.15532,0.0028424165211617947,-1.434,-1.167,-0.8,68.737,1.2563
3193,266145.0,1,0.41715747117996216,0.5475918650627136,0.16333,0.0030934205278754234,-1.478,-1.181,-0.798,68.677,1.26334
3194,266228.33,1,0.4095410108566284,0.5279988646507263,0.16774,0.0036448787432163954,-1.476,-1.156,-0.777,68.454,1.24544
3195,266311.67,1,0.40524977445602417,0.508690595626831,0.17099,0.004313696641474962,-1.478,-1.068,-0.749,68.863,1.24027
3196,266395.0,1,0.399942547082901,0.492930144071579,0.175,0.004477355163544416,-1.392,-1.013,-0.714,68.79,1.23777
3197,266478.33,1,0.3911599814891815,0.48120251297950745,0.18038,0.004412837792187929,-1.446,-0.969,-0.683,68.735,1.26383
3198,266561.67,1,0.38216647505760193,0.47182586789131165,0.18355,0.004354432225227356,-1.428,-0.964,-0.66,68.33,1.28311
3199,266645.0,1,0.38030746579170227,0.47279319167137146,0.18393,0.004118023905903101,-1.367,-0.977,-0.65,68.789,1.26555
3200,266728.33,1,0.3735339045524597,0.47426727414131165,0.18423,0.004100387450307608,-1.347,-1.027,-0.667,68.728,1.25274
3201,266811.67,1,0.3769262731075287,0.49413788318634033,0.17982,0.004101987462490797,-1.344,-1.055,-0.678,68.774,1.26635
3202,266895.0,1,0.4051194190979004,0.5322725772857666,0.16816,0.003935981076210737,-1.477,-1.116,-0.683,68.684,1.25748
3203,266978.33,1,0.41739702224731445,0.5397047996520996,0.16377,0.004081161692738533,-1.474,-1.124,-0.686,68.827,1.2565
3204,267061.67,1,0.4207322299480438,0.5445154905319214,0.16163,0.004327198024839163,-1.459,-1.125,-0.706,68.379,1.2718
3205,267145.0,1,0.4154336154460907,0.541893482208252,0.16233,0.004533662926405668,-1.507,-1.129,-0.69,68.65,1.26722
3206,267228.33,1,0.40754643082618713,0.5219745635986328,0.16775,0.004483839962631464,-1.511,-1.119,-0.659,68.24,1.27808
3207,267311.67,1,0.400282084941864,0.5112093687057495,0.1703,0.004513904917985201,-1.496,-1.102,-0.646,68.182,1.27014
3208,267395.0,1,0.39783382415771484,0.5143770575523376,0.16969,0.004373148083686829,-1.484,-1.101,-0.632,68.161,1.2575
3209,267478.33,1,0.39697709679603577,0.5152428150177002,0.16899,0.004333166405558586,-1.513,-1.105,-0.633,68.575,1.24508
3210,267561.67,1,0.39102041721343994,0.509064257144928,0.17105,0.004517131485044956,-1.578,-1.18,-0.65,69.237,1.22646
3211,267643.33,1,0.39306095242500305,0.5075379014015198,0.17084,0.004345668014138937,-1.569,-1.18,-0.655,69.687,1.21947
3212,267726.67,1,0.4010729193687439,0.5291540622711182,0.16362,0.004227155819535255,-1.543,-1.199,-0.704,69.579,1.21837
3213,267810.0,1,0.4076134264469147,0.55408775806427,0.1555,0.004288313910365105,-1.413,-1.23,-0.721,69.937,1.21584
3214,267893.33,1,0.4120064377784729,0.568270206451416,0.15059,0.004350735805928707,-1.415,-1.235,-0.732,69.706,1.21748
3215,267976.67,1,0.41552263498306274,0.5791398882865906,0.14839,0.003920372575521469,-1.409,-1.233,-0.73,69.762,1.20584
3216,268060.0,1,0.4228978753089905,0.5852994322776794,0.14775,0.003588569350540638,-1.399,-1.211,-0.713,69.312,1.19546
3217,268143.33,1,0.4199545681476593,0.5744693279266357,0.1514,0.0033506497275084257,-1.416,-1.203,-0.726,69.127,1.20532
3218,268226.67,1,0.4179260730743408,0.5613749623298645,0.15469,0.00333769409917295,-1.438,-1.177,-0.702,68.931,1.19627
3219,268310.0,1,0.414296418428421,0.5561438798904419,0.15615,0.00316497846506536,-1.429,-1.164,-0.691,69.25,1.18992
3220,268393.33,1,0.4115704894065857,0.5510424375534058,0.15796,0.00308742537163198,-1.416,-1.167,-0.681,69.174,1.19484
3221,268476.67,1,0.41045457124710083,0.5520439147949219,0.15808,0.0031017709989100695,-1.424,-1.176,-0.678,69.534,1.19663
3222,268560.0,1,0.4117624759674072,0.5633879899978638,0.15528,0.0031991591677069664,-1.366,-1.18,-0.669,69.375,1.19915
3223,268643.33,1,0.5019828081130981,0.6494739651679993,0.11537,0.003382164053618908,-1.392,-1.179,-0.666,69.631,1.19887
3224,268726.67,1,0.7288124561309814,0.7655346989631653,0.03264,0.0036210347898304462,-1.226,-0.993,-0.732,69.392,1.20048
3225,268810.0,1,0.7140377163887024,0.7795355916023254,0.02821,0.0036029128823429346,-1.156,-0.911,-0.709,69.396,1.20235
3226,268893.33,1,0.7025926113128662,0.7646503448486328,0.03397,0.0034556640312075615,-1.079,-0.905,-0.687,69.023,1.22464
3227,268976.67,1,0.5644947290420532,0.736657977104187,0.0706,0.003289148909971118,-1.132,-0.948,-0.713,69.161,1.23949
3228,269060.0,1,0.4994558095932007,0.7045261859893799,0.0922,0.0034673588816076517,-1.073,-0.972,-0.739,69.249,1.22993
3229,269143.33,1,0.46840086579322815,0.6685137152671814,0.10925,0.0036919128615409136,-1.157,-1.004,-0.744,69.6,1.21549
3230,269226.67,1,0.4480350613594055,0.6325876712799072,0.1253,0.004109463654458523,-1.163,-1.02,-0.682,69.474,1.20121
3231,269310.0,1,0.4365103244781494,0.6197882890701294,0.13205,0.004806905053555965,-1.274,-1.087,-0.631,69.946,1.20167
3232,269393.33,1,0.4205280542373657,0.605980634689331,0.13844,0.006105456966906786,-1.508,-1.112,-0.616,69.945,1.20456
3233,269476.67,1,0.4177546501159668,0.598655104637146,0.1434,0.005244828294962645,-1.607,-1.132,-0.61,69.96,1.22185
3234,269560.0,1,0.41846370697021484,0.5809066295623779,0.14861,0.0043758065439760685,-1.559,-1.137,-0.594,69.959,1.21793
3235,269643.33,1,0.4136408567428589,0.579501748085022,0.15049,0.003527906257659197,-1.346,-1.221,-0.642,69.963,1.21122
3236,269726.67,1,0.41805073618888855,0.5621371269226074,0.15495,0.0031778193078935146,-1.245,-1.231,-0.643,69.478,1.23065
3237,269810.0,1,0.40566515922546387,0.5509010553359985,0.15928,0.0030809566378593445,-1.067,-1.275,-0.639,69.906,1.22013
3238,269893.33,1,0.3987995982170105,0.5538564920425415,0.15856,0.002967418869957328,-0.812,-1.302,-0.655,69.8,1.21478
3239,269976.67,1,0.39697688817977905,0.5568256378173828,0.157,0.002862005028873682,-0.752,-1.294,-0.664,69.822,1.21
3240,270058.33,1,0.3915409445762634,0.545742928981781,0.15907,0.0030306088738143444,-0.623,-1.307,-0.616,69.299,1.23975
3241,270141.67,1,0.3920412063598633,0.5445255041122437,0.15743,0.0032885612454265356,-0.58,-1.322,-0.586,69.446,1.24721
3242,270225.0,1,0.4077216684818268,0.5542824864387512,0.15149,0.003304018871858716,-0.527,-1.308,-0.559,69.347,1.23391
3243,270308.33,1,0.4172104299068451,0.5621041655540466,0.14818,0.003158426145091653,-0.498,-1.293,-0.54,69.377,1.24854
3244,270391.67,1,0.4138035476207733,0.562542200088501,0.14776,0.0030014037620276213,-0.451,-1.28,-0.533,68.961,1.25906
3245,270475.0,1,0.4052131175994873,0.5617668032646179,0.15137,0.0027221618220210075,-0.512,-1.279,-0.52,69.238,1.25028
3246,270558.33,1,0.4035695791244507,0.5502357482910156,0.15807,0.0024127066135406494,-0.705,-1.268,-0.542,68.853,1.25697
3247,270641.67,1,0.39942485094070435,0.5545544624328613,0.15853,0.0022541657090187073,-0.774,-1.238,-0.587,68.913,1.26379
3248,270725.0,1,0.39149847626686096,0.5559425354003906,0.15852,0.002409751992672682,-0.805,-1.256,-0.637,68.633,1.27019
3249,270808.33,1,0.39149540662765503,0.5617886185646057,0.15768,0.002391539979726076,-0.983,-1.28,-0.686,69.254,1.23388
3250,270891.67,1,0.38438600301742554,0.5387035608291626,0.16294,0.002475402783602476,-1.003,-1.274,-0.702,69.239,1.21404
3251,270975.0,1,0.3793362081050873,0.5252721905708313,0.16738,0.002535196952521801,-1.054,-1.245,-0.719,69.093,1.22178
3252,271058.33,1,0.3751758933067322,0.5083708167076111,0.17109,0.002522949129343033,-1.127,-1.218,-0.741,68.55,1.22379
3253,271141.67,1,0.37755122780799866,0.5122624635696411,0.17083,0.0025701348204165697,-1.256,-1.18,-0.729,68.962,1.20312
3254,271225.0,1,0.37701550126075745,0.5092719793319702,0.17203,0.002501619514077902,-1.297,-1.123,-0.732,68.995,1.19791
3255,271308.33,1,0.3765203356742859,0.5082153081893921,0.17322,0.0024647205136716366,-1.411,-1.097,-0.74,69.228,1.19969
3256,271391.67,1,0.3778156042098999,0.5035005211830139,0.1744,0.0023503440897911787,-1.482,-1.055,-0.754,68.796,1.21818
3257,271475.0,1,0.3741188049316406,0.4846245050430298,0.17881,0.0022550569847226143,-1.539,-1.066,-0.739,69.24,1.20584
3258,271558.33,1,0.3735075891017914,0.47266221046447754,0.18143,0.0021736545022577047,-1.547,-1.065,-0.727,69.279,1.1993
3259,271641.67,1,0.37211722135543823,0.4678038954734802,0.18377,0.002107348060235381,-1.597,-1.029,-0.743,69.386,1.19189
3260,271725.0,1,0.3607179820537567,0.4628787934780121,0.18711,0.0020779871847480536,-1.604,-1.042,-0.74,69.082,1.21173
3261,271808.33,1,0.3586086332798004,0.4600108563899994,0.18871,0.0020844603423029184,-1.691,-1.031,-0.726,69.218,1.2235
3262,271891.67,1,0.3578033745288849,0.4587478041648865,0.18919,0.0020497895311564207,-1.751,-1.031,-0.729,69.264,1.21348
3263,271975.0,1,0.3559072017669678,0.45841431617736816,0.19,0.0020105803851038218,-1.771,-1.023,-0.739,69.508,1.20849
3264,272058.33,1,0.35549333691596985,0.4590378701686859,0.18993,0.002017573220655322,-1.797,-1.026,-0.752,69.131,1.22344
3265,272141.67,1,0.37607622146606445,0.4993625581264496,0.17865,0.002117623807862401,-1.809,-1.019,-0.765,69.548,1.20908
3266,272225.0,1,0.4216781258583069,0.5756924152374268,0.15472,0.0022641660179942846,-1.683,-1.048,-0.828,69.444,1.19918
3267,272306.67,1,0.42321130633354187,0.5873932838439941,0.15084,0.002522861585021019,-1.598,-1.081,-0.884,69.65,1.20257
3268,272390.0,1,0.42002296447753906,0.5875679850578308,0.1507,0.0026276095304638147,-1.593,-1.091,-0.913,69.202,1.22014
3269,272473.33,1,0.40489065647125244,0.5660332441329956,0.15624,0.0027277700137346983,-1.494,-1.11,-0.873,69.23,1.1992
3270,272556.67,1,0.392424076795578,0.5492174625396729,0.16131,0.0027482130099087954,-1.516,-1.141,-0.826,68.772,1.20566
3271,272640.0,1,0.3933604657649994,0.538916826248169,0.16429,0.002717924304306507,-1.606,-1.146,-0.816,69.209,1.19054
3272,272723.33,1,0.39119818806648254,0.5264018774032593,0.16959,0.002608158392831683,-1.64,-1.13,-0.795,69.188,1.18683
3273,272806.67,1,0.38816413283348083,0.5161169767379761,0.17388,0.0025984356179833412,-1.619,-1.118,-0.765,69.604,1.1827
3274,272890.0,1,0.3834574520587921,0.4983561038970947,0.17812,0.002645137719810009,-1.595,-1.099,-0.745,69.47,1.18329
3275,272973.33,1,0.38279882073402405,0.47964128851890564,0.1821,0.0026973679196089506,-1.544,-1.104,-0.711,69.68,1.18259
3276,273056.67,1,0.383115291595459,0.469197154045105,0.18418,0.0027140146121382713,-1.54,-1.108,-0.648,69.439,1.18414
3277,273140.0,1,0.3808131515979767,0.4610062539577484,0.1861,0.002722960663959384,-1.59,-1.148,-0.634,69.584,1.19191
3278,273223.33,1,0.38067957758903503,0.4595421850681305,0.18651,0.0026517249643802643,-1.567,-1.159,-0.614,69.079,1.21005
3279,273306.67,1,0.3799915015697479,0.45608946681022644,0.18738,0.002667177701368928,-1.546,-1.168,-0.596,69.188,1.22217
3280,273390.0,1,0.3789224624633789,0.4533928334712982,0.18806,0.0026853985618799925,-1.478,-1.163,-0.58,69.218,1.21183
3281,273473.33,1,0.3730255663394928,0.4476301670074463,0.19046,0.0026617355179041624,-1.456,-1.156,-0.56,69.585,1.20034
3282,273556.67,1,0.3703801929950714,0.440375417470932,0.19253,0.0025156147312372923,-1.43,-1.147,-0.508,69.466,1.19456
3283,273640.0,1,0.37083765864372253,0.4332260489463806,0.19382,0.0025144133251160383,-1.398,-1.138,-0.48,69.6,1.21077
3284,273723.33,1,0.3608165681362152,0.42569997906684875,0.19651,0.0024425385054200888,-1.411,-1.137,-0.465,69.593,1.20658
3285,273806.67,1,0.3568470776081085,0.42031168937683105,0.19846,0.002666305284947157,-1.442,-1.143,-0.429,69.556,1.22469
3286,273890.0,1,0.3504766821861267,0.40701696276664734,0.20148,0.0030231578275561333,-1.432,-1.156,-0.391,69.187,1.23636
3287,273973.33,1,0.3429596722126007,0.3938251733779907,0.20496,0.003513803705573082,-1.416,-1.18,-0.33,69.505,1.2051
3288,274056.67,1,0.3415234386920929,0.3946632742881775,0.20488,0.0038189648184925318,-1.345,-1.188,-0.275,69.381,1.18224
3289,274140.0,1,0.3469850420951843,0.40485909581184387,0.20185,0.0039860643446445465,-1.367,-1.168,-0.277,69.662,1.18132
3290,274223.33,1,0.35658198595046997,0.42805904150009155,0.19563,0.004178132861852646,-1.438,-1.211,-0.328,69.418,1.20493
3291,274306.67,1,0.3733212947845459,0.45553311705589294,0.18728,0.004281730391085148,-1.484,-1.23,-0.36,69.881,1.18776
3292,274390.0,1,0.3770318925380707,0.4752747416496277,0.18111,0.004585994873195887,-1.373,-1.214,-0.379,69.873,1.18449
3293,274473.33,1,0.3807109594345093,0.49727535247802734,0.17551,0.004555054008960724,-1.286,-1.274,-0.409,69.885,1.20801
3294,274555.0,1,0.3867048919200897,0.5220487713813782,0.16818,0.004567321389913559,-1.225,-1.312,-0.43,69.467,1.22659
3295,274638.33,1,0.3894132375717163,0.5274711847305298,0.16516,0.004531563259661198,-1.227,-1.337,-0.465,69.931,1.21062
3296,274721.67,1,0.3878331780433655,0.5251566171646118,0.16494,0.004558151122182608,-1.186,-1.371,-0.484,69.907,1.19842
3297,274805.0,1,0.3886384665966034,0.531733512878418,0.16128,0.004596219398081303,-1.221,-1.423,-0.529,69.904,1.21091
3298,274888.33,1,0.39236146211624146,0.5401484966278076,0.15938,0.004133278038352728,-1.292,-1.456,-0.566,69.853,1.20494
3299,274971.67,1,0.39557692408561707,0.5475481152534485,0.15944,0.004159488249570131,-1.383,-1.423,-0.597,70.125,1.20946
3300,275055.0,1,0.4003741145133972,0.5619741678237915,0.15402,0.004221893846988678,-1.462,-1.396,-0.6,69.647,1.23096
3301,275138.33,1,0.5411586761474609,0.676123857498169,0.09635,0.00409594364464283,-1.382,-1.271,-0.618,69.912,1.22233
3302,275221.67,1,0.7562347650527954,0.8093666434288025,0.01687,0.004179726354777813,-0.976,-0.911,-0.614,69.455,1.22907
3303,275305.0,1,0.8060283064842224,0.8387308120727539,0.02317,0.0038171294145286083,-0.612,-0.71,-0.642,69.418,1.2402
3304,275388.33,1,0.8246917724609375,0.8422083854675293,0.03197,0.0031498128082603216,-0.532,-0.644,-0.675,69.001,1.24573
3305,275471.67,1,0.8141030073165894,0.8350947499275208,0.02682,0.0029861675575375557,-0.509,-0.658,-0.708,69.225,1.21666
3306,275555.0,1,0.7889923453330994,0.8272593021392822,0.01791,0.003222427796572447,-0.523,-0.673,-0.821,69.138,1.20514
3307,275638.33,1,0.651803195476532,0.7702834606170654,0.0346,0.0031668157316744328,-0.701,-0.845,-0.865,69.286,1.20353
3308,275721.67,1,0.45546913146972656,0.6656020283699036,0.10142,0.003054739674553275,-1.123,-0.961,-0.809,68.901,1.21886
3309,275805.0,1,0.38530054688453674,0.6214381456375122,0.13203,0.002717426512390375,-1.28,-1.026,-0.729,69.164,1.19875
3310,275888.33,1,0.3757702708244324,0.6046395301818848,0.14309,0.0026141242124140263,-1.351,-1.092,-0.72,69.146,1.19334
3311,275971.67,1,0.4697742462158203,0.6417072415351868,0.11622,0.0025216112844645977,-1.427,-1.144,-0.71,69.208,1.21501
3312,276055.0,1,0.789419412612915,0.7703626751899719,0.01024,0.0025652742478996515,-1.163,-0.954,-0.813,68.915,1.23156
3313,276138.33,1,0.8356799483299255,0.8056145310401917,0.02098,0.002904940629377961,-1.052,-0.901,-0.864,69.219,1.2245
3314,276221.67,1,0.8482598662376404,0.8195594549179077,0.03203,0.003418890293687582,-1.099,-0.801,-0.862,68.81,1.23269
3315,276305.0,1,0.8435866832733154,0.8178800344467163,0.03101,0.003701454261317849,-1.36,-0.739,-0.845,69.226,1.21274
3316,276388.33,1,0.8390272855758667,0.8189716339111328,0.02929,0.0036128826905041933,-1.452,-0.637,-0.813,69.225,1.20271
3317,276471.67,1,0.8409756422042847,0.8223061561584473,0.03055,0.0035724628251045942,-1.482,-0.636,-0.841,69.561,1.1948
3318,276555.0,1,0.8395340442657471,0.824816882610321,0.03012,0.003475481877103448,-1.486,-0.638,-0.873,69.407,1.19261
3319,276638.33,1,0.7987788319587708,0.8119171857833862,0.015,0.0034088357351720333,-1.514,-0.69,-0.84,69.502,1.19572
3320,276721.67,1,0.551828145980835,0.7007295489311218,0.07799,0.0032663706224411726,-1.777,-0.964,-0.791,69.035,1.21536
3321,276805.0,1,0.4336067736148834,0.6380093693733215,0.12618,0.002954925876110792,-2.145,-1.101,-0.711,68.939,1.21085
3322,276888.33,1,0.41525182127952576,0.581410825252533,0.14651,0.0030012766364961863,-2.133,-1.119,-0.688,68.806,1.19135
3323,276970.0,1,0.3705959618091583,0.5278636813163757,0.16704,0.003095814026892185,-2.271,-1.171,-0.595,68.882,1.20991
3324,277053.33,1,0.3557744026184082,0.5100259184837341,0.17463,0.0033491612412035465,-2.326,-1.174,-0.504,68.545,1.21824
3325,277136.67,1,0.35022759437561035,0.49857383966445923,0.17907,0.0034664086997509003,-2.354,-1.19,-0.425,69.194,1.20605
3326,277220.0,1,0.3530804216861725,0.4934178590774536,0.18031,0.0034937553573399782,-2.358,-1.185,-0.37,69.26,1.19766
3327,277303.33,1,0.35260215401649475,0.4872972071170807,0.18283,0.0034127351827919483,-2.372,-1.227,-0.321,69.355,1.21676
3328,277386.67,1,0.35269150137901306,0.4812449514865875,0.18558,0.0034244905691593885,-2.36,-1.254,-0.309,69.031,1.23077
3329,277470.0,1,0.5741392374038696,0.6443728804588318,0.09572,0.003872412024065852,-2.09,-1.106,-0.35,68.943,1.22856
3330,277553.33,1,0.7466434836387634,0.7696970701217651,0.02345,0.0039048418402671814,-1.866,-1.05,-0.488,68.791,1.22458
3331,277636.67,1,0.6861468553543091,0.7405047416687012,0.05041,0.0035648304037749767,-1.991,-1.114,-0.53,69.263,1.23377
3332,277720.0,1,0.5183296203613281,0.634017825126648,0.11528,0.0038163752760738134,-2.107,-1.192,-0.557,69.325,1.242
3333,277803.33,1,0.4335634708404541,0.5379928946495056,0.15604,0.0035398839972913265,-2.126,-1.282,-0.478,69.943,1.22013
3334,277886.67,1,0.402279794216156,0.5044276118278503,0.16926,0.003325835568830371,-2.104,-1.328,-0.465,69.984,1.20576
3335,277970.0,1,0.38670337200164795,0.4885382354259491,0.17595,0.003219965845346451,-2.008,-1.389,-0.44,70.21,1.18927
3336,278053.33,1,0.3808468282222748,0.4744934141635895,0.17917,0.003415278624743223,-2.026,-1.403,-0.395,70.187,1.18791
3337,278136.67,1,0.37258201837539673,0.4666954576969147,0.18209,0.0036002930719405413,-1.975,-1.43,-0.38,69.813,1.21896
3338,278220.0,1,0.36879822611808777,0.46438872814178467,0.18263,0.003596970811486244,-1.883,-1.455,-0.351,69.771,1.21827
3339,278303.33,1,0.36475980281829834,0.46176591515541077,0.18326,0.003351180348545313,-1.73,-1.453,-0.337,70.099,1.217
3340,278386.67,1,0.36120009422302246,0.4597875773906708,0.18362,0.0033258746843785048,-1.67,-1.456,-0.335,69.944,1.21714
3341,278470.0,1,0.3632669746875763,0.46335119009017944,0.18334,0.0032760563772171736,-1.738,-1.424,-0.342,69.847,1.23569
3342,278553.33,1,0.36236345767974854,0.46001654863357544,0.18467,0.00330256181769073,-1.887,-1.337,-0.321,69.697,1.22808
3343,278636.67,1,0.3598783314228058,0.45579105615615845,0.18753,0.003328955266624689,-2.095,-1.346,-0.327,69.939,1.21606
3344,278720.0,1,0.3561820983886719,0.44297531247138977,0.19108,0.00349039351567626,-2.181,-1.311,-0.299,69.657,1.20325
3345,278803.33,1,0.3475559949874878,0.4342694878578186,0.19537,0.0035714302211999893,-2.176,-1.289,-0.289,69.931,1.20195
3346,278886.67,1,0.3416985273361206,0.4260842502117157,0.19979,0.0032988928724080324,-2.163,-1.284,-0.254,69.638,1.19749
3347,278970.0,1,0.3400595486164093,0.42200472950935364,0.2018,0.0033362028189003468,-2.122,-1.267,-0.232,69.66,1.20072
3348,279053.33,1,0.34013989567756653,0.41892603039741516,0.20286,0.0031808672938495874,-2.125,-1.277,-0.232,69.156,1.22633
3349,279136.67,1,0.3294617533683777,0.4069667160511017,0.20561,0.0032489518634974957,-2.023,-1.28,-0.229,69.236,1.24212
3350,279220.0,1,0.32788169384002686,0.4089590609073639,0.20398,0.003426854033023119,-1.979,-1.34,-0.208,69.242,1.23389
3351,279303.33,1,0.3316406011581421,0.40923845767974854,0.20093,0.003739711595699191,-1.859,-1.475,-0.17,69.654,1.22669
3352,279385.0,1,0.3449134826660156,0.43338266015052795,0.18855,0.0037806411273777485,-1.764,-1.645,-0.192,69.632,1.22453
3353,279468.33,1,0.3659856617450714,0.4796658456325531,0.16957,0.0035903670359402895,-1.8,-1.768,-0.159,69.498,1.23044
3354,279551.67,1,0.3833558261394501,0.5063756108283997,0.16013,0.003492148360237479,-1.99,-1.943,-0.115,69.495,1.22703
3355,279635.0,1,0.39583927392959595,0.5163109302520752,0.15767,0.0036201458424329758,-2.1,-2.023,-0.098,69.584,1.24135
3356,279718.33,1,0.3943512737751007,0.5041782259941101,0.16177,0.003639835864305496,-2.097,-2.034,-0.055,69.581,1.23478
3357,279801.67,1,0.40182429552078247,0.5262596607208252,0.15694,0.0035412292927503586,-2.235,-2.063,-0.055,69.903,1.22627
3358,279885.0,1,0.6229289770126343,0.6704508066177368,0.07812,0.0035618182737380266,-1.956,-2.067,-0.087,69.788,1.22424
3359,279968.33,1,0.6108565926551819,0.6858452558517456,0.07573,0.00342423003166914,-1.946,-2.077,-0.13,69.792,1.21916
3360,280051.67,1,0.503682017326355,0.6818774938583374,0.09623,0.0035325842909514904,-1.854,-2.086,-0.163,69.341,1.24983
3361,280135.0,1,0.4227977991104126,0.6223780512809753,0.12493,0.0035410833079367876,-1.784,-2.047,-0.164,69.805,1.23608
3362,280218.33,1,0.36892640590667725,0.5385157465934753,0.15331,0.003593773813918233,-1.789,-1.995,-0.142,69.644,1.22728
3363,280301.67,1,0.3445482850074768,0.4846838712692261,0.17225,0.0035682448651641607,-1.833,-1.941,-0.137,69.784,1.21079
3364,280385.0,1,0.3321284055709839,0.45033055543899536,0.18546,0.003425473114475608,-1.824,-1.931,-0.114,69.563,1.20958
3365,280468.33,1,0.3253869116306305,0.4387838840484619,0.19133,0.003585751634091139,-1.75,-1.891,-0.11,69.952,1.21026
3366,280551.67,1,0.3256756067276001,0.43635496497154236,0.19494,0.0033810939639806747,-1.563,-1.775,-0.071,69.826,1.21098
3367,280635.0,1,0.3316119313240051,0.4310726225376129,0.19681,0.0032832298893481493,-1.552,-1.741,-0.046,69.735,1.22684
3368,280718.33,1,0.33646079897880554,0.4352319538593292,0.19482,0.0035644560120999813,-1.57,-1.724,-0.032,69.527,1.2132
3369,280801.67,1,0.35571423172950745,0.47494783997535706,0.18242,0.003754755249246955,-1.531,-1.74,-0.055,69.772,1.21798
3370,280885.0,1,0.400204062461853,0.5613635778427124,0.15686,0.003913905005902052,-1.541,-1.779,-0.041,69.285,1.22863
3371,280968.33,1,0.5094250440597534,0.6542624235153198,0.11171,0.004168472718447447,-1.455,-1.783,-0.031,69.333,1.2426
3372,281051.67,1,0.5705142021179199,0.6928802728652954,0.08312,0.004918093327432871,-1.377,-1.709,-0.053,69.023,1.24814
3373,281135.0,1,0.5495820045471191,0.6948555707931519,0.08447,0.00599032174795866,-1.31,-1.591,-0.055,69.684,1.23792
3374,281218.33,1,0.5223770141601562,0.6775257587432861,0.09518,0.0064054932445287704,-1.302,-1.53,-0.085,69.737,1.22956
3375,281301.67,1,0.4895618259906769,0.6742234230041504,0.10299,0.006697468925267458,-1.307,-1.511,-0.1,69.903,1.23017
3376,281385.0,1,0.4499838948249817,0.6599947810173035,0.11669,0.007141490932554007,-1.395,-1.484,-0.089,69.408,1.24822
3377,281468.33,1,0.43086937069892883,0.6319453716278076,0.13049,0.006398063153028488,-1.614,-1.462,-0.085,69.78,1.23683
3378,281551.67,1,0.42955097556114197,0.6156772375106812,0.13811,0.0050962395034730434,-1.803,-1.405,-0.011,69.637,1.2293
3379,281635.0,1,0.4282785952091217,0.6120110750198364,0.14113,0.005440348293632269,-1.909,-1.401,0.013,69.33,1.2303
3380,281716.67,1,0.4263562262058258,0.5964612364768982,0.14766,0.005493741482496262,-1.97,-1.393,0.048,69.063,1.21312
3381,281800.0,1,0.4249982237815857,0.5826050639152527,0.15106,0.005998640786856413,-1.961,-1.386,0.032,68.918,1.23033
3382,281883.33,1,0.42135316133499146,0.5706005692481995,0.15394,0.006150500383228064,-1.91,-1.364,0.014,68.615,1.25115
3383,281966.67,1,0.41939643025398254,0.5703679323196411,0.15435,0.006198962684720755,-1.81,-1.367,0.001,68.548,1.25412
3384,282050.0,1,0.4182278513908386,0.5719050168991089,0.15471,0.00554693304002285,-1.783,-1.347,-0.021,68.311,1.26367
3385,282133.33,1,0.41573622822761536,0.5668895840644836,0.15675,0.005334669724106789,-1.792,-1.297,-0.056,68.734,1.24756
3386,282216.67,1,0.4167967140674591,0.5530754327774048,0.1589,0.005651091691106558,-1.962,-1.271,-0.075,68.819,1.22837
3387,282300.0,1,0.4202888607978821,0.5527360439300537,0.15861,0.0049408795312047005,-2.042,-1.223,-0.072,69.23,1.22203
3388,282383.33,1,0.425708532333374,0.5577901005744934,0.15592,0.004491735715419054,-2.006,-1.207,-0.086,68.945,1.23444
3389,282466.67,1,0.42429763078689575,0.5607362985610962,0.15516,0.004364646505564451,-2.064,-1.139,-0.073,68.644,1.23189
3390,282550.0,1,0.42130976915359497,0.5639316439628601,0.15421,0.00469113327562809,-2.301,-1.089,-0.091,68.548,1.24573
3391,282633.33,1,0.4206969738006592,0.5634145736694336,0.15459,0.004552633035928011,-2.415,-1.123,-0.091,68.952,1.24239
3392,282716.67,1,0.418570339679718,0.5635570287704468,0.1545,0.004561411216855049,-2.416,-1.163,-0.093,69.012,1.22817
3393,282800.0,1,0.42072874307632446,0.565850019454956,0.15378,0.004168844781816006,-2.448,-1.202,-0.073,69.546,1.21407
3394,282883.33,1,0.4204302430152893,0.5614385604858398,0.15598,0.0038485098630189896,-2.451,-1.218,-0.049,69.486,1.20695
3395,282966.67,1,0.42582324147224426,0.5639299154281616,0.15505,0.003490204457193613,-2.414,-1.212,-0.04,69.662,1.2015
3396,283050.0,1,0.43046697974205017,0.5603399276733398,0.15505,0.003346371930092573,-2.395,-1.199,-0.007,69.342,1.19252
3397,283133.33,1,0.41845905780792236,0.5395321846008301,0.16114,0.0033558495342731476,-2.389,-1.186,0.015,69.194,1.20624
3398,283216.67,1,0.41205477714538574,0.5263254642486572,0.16503,0.0034730411134660244,-2.369,-1.19,0.032,69.147,1.20772
3399,283300.0,1,0.40979060530662537,0.5194346904754639,0.16723,0.0034969602711498737,-2.41,-1.178,0.047,69.576,1.20628
3400,283383.33,1,0.39406242966651917,0.49606630206108093,0.17304,0.003799062455072999,-2.336,-1.19,0.07,69.531,1.20728
3401,283466.67,1,0.37606924772262573,0.4706001579761505,0.18,0.004067148547619581,-2.244,-1.204,0.074,69.489,1.22637
3402,283550.0,1,0.36182844638824463,0.44446682929992676,0.18659,0.003989598713815212,-2.181,-1.233,0.06,69.402,1.21759
3403,283633.33,1,0.35289639234542847,0.4359882175922394,0.18985,0.003950747661292553,-2.101,-1.269,0.041,69.599,1.21898
3404,283716.67,1,0.33986449241638184,0.42390525341033936,0.19419,0.0042519234120845795,-2.061,-1.27,0.044,69.164,1.23527
3405,283800.0,1,0.3279263377189636,0.4073389768600464,0.19955,0.004372036084532738,-2.094,-1.256,0.038,69.16,1.24257
3406,283883.33,1,0.31939423084259033,0.40208762884140015,0.20214,0.0049132793210446835,-2.076,-1.269,0.036,68.796,1.24368
3407,283966.67,1,0.31930097937583923,0.4016009271144867,0.20265,0.004790898412466049,-2.041,-1.272,0.039,69.111,1.24576
3408,284050.0,1,0.3195449411869049,0.39994099736213684,0.20299,0.004680745303630829,-1.921,-1.277,0.044,69.259,1.2343
3409,284131.67,1,0.318911075592041,0.39911574125289917,0.20333,0.004527688026428223,-1.86,-1.295,0.032,69.352,1.23919
3410,284215.0,1,0.3179183304309845,0.4000823199748993,0.20358,0.004373708739876747,-1.807,-1.314,0.025,69.289,1.22793
3411,284298.33,1,0.3173635005950928,0.3986840546131134,0.20411,0.004180483985692263,-1.772,-1.303,0.012,69.664,1.2157
3412,284381.67,1,0.31727197766304016,0.3998957872390747,0.20415,0.004090253263711929,-1.761,-1.304,0.015,69.618,1.21191
3413,284465.0,1,0.31826111674308777,0.40074390172958374,0.20373,0.004031796474009752,-1.65,-1.312,0.006,69.805,1.21532
3414,284548.33,1,0.329568088054657,0.41429373621940613,0.19948,0.004193271975964308,-1.474,-1.377,-0.023,69.333,1.23382
3415,284631.67,1,0.3538139760494232,0.44800612330436707,0.19027,0.004342029802501202,-1.488,-1.379,-0.05,69.436,1.21642
3416,284715.0,1,0.382809042930603,0.4784516990184784,0.17785,0.004676009528338909,-1.428,-1.375,-0.081,69.077,1.2194
3417,284798.33,1,0.38311514258384705,0.48487892746925354,0.17656,0.004767949227243662,-1.516,-1.379,-0.073,69.518,1.20089
3418,284881.67,1,0.385562539100647,0.4887150824069977,0.17552,0.0050009461119771,-1.647,-1.392,-0.08,69.671,1.19776
3419,284965.0,1,0.37564605474472046,0.4805438816547394,0.17966,0.004957025870680809,-1.684,-1.439,-0.064,69.541,1.2202
3420,285048.33,1,0.3691743314266205,0.4767930507659912,0.1785,0.005038881674408913,-1.706,-1.46,-0.013,69.867,1.21595
3421,285131.67,1,0.3612613081932068,0.4658316373825073,0.1797,0.005586543586105108,-1.702,-1.509,0.043,70.087,1.22809
3422,285215.0,1,0.3449864089488983,0.4553430378437042,0.1841,0.006776157300919294,-1.664,-1.53,0.039,70.107,1.22117
3423,285298.33,1,0.3326897919178009,0.4437544047832489,0.18929,0.007233257405459881,-1.691,-1.54,0.037,70.367,1.20511
3424,285381.67,1,0.3251921236515045,0.42635709047317505,0.19535,0.007140375208109617,-1.845,-1.501,0.085,70.245,1.20295
3425,285465.0,1,0.3150849938392639,0.4108281433582306,0.20202,0.006152616813778877,-1.916,-1.491,0.109,70.536,1.2011
3426,285548.33,1,0.30820542573928833,0.402696430683136,0.20539,0.0058523910120129585,-1.906,-1.483,0.106,70.338,1.20244
3427,285631.67,1,0.30657637119293213,0.39886364340782166,0.20708,0.005498200189322233,-1.884,-1.463,0.106,70.614,1.2012
3428,285715.0,1,0.3059002161026001,0.39494073390960693,0.2077,0.004839497152715921,-1.908,-1.417,0.105,70.371,1.2021
3429,285798.33,1,0.3051813840866089,0.39428049325942993,0.20787,0.004953799769282341,-1.892,-1.408,0.078,70.289,1.21871
3430,285881.67,1,0.3025168180465698,0.3949204087257385,0.20787,0.005556582007557154,-1.859,-1.406,0.051,70.148,1.21664
3431,285965.0,1,0.302296906709671,0.3974347412586212,0.20644,0.006555402185767889,-1.806,-1.44,0.035,70.325,1.21882
3432,286048.33,1,0.3144133388996124,0.40174010396003723,0.20353,0.006958557292819023,-1.833,-1.433,0.026,69.915,1.23392
3433,286131.67,1,0.3263604938983917,0.4110177755355835,0.19803,0.008675911463797092,-2.005,-1.422,0.009,70.045,1.22445
3434,286215.0,1,0.3399665057659149,0.41289567947387695,0.19476,0.008411499671638012,-2.026,-1.396,0.034,69.471,1.22766
3435,286298.33,1,0.35053569078445435,0.41545504331588745,0.19192,0.007788985036313534,-2.138,-1.364,0.032,69.839,1.21208
3436,286381.67,1,0.3585599362850189,0.41545265913009644,0.193,0.0057096234522759914,-2.265,-1.351,0.035,69.599,1.1967
3437,286463.33,1,0.34959283471107483,0.40913042426109314,0.19353,0.0064636399038136005,-2.313,-1.332,0.025,69.533,1.2239
3438,286546.67,1,0.3362986147403717,0.3900356590747833,0.19806,0.006986340042203665,-2.307,-1.298,0.063,69.095,1.24234
3439,286630.0,1,0.3292534351348877,0.3740779757499695,0.20197,0.0077607533894479275,-2.321,-1.275,0.072,69.325,1.22746
3440,286713.33,1,0.34506115317344666,0.4248957931995392,0.18589,0.008072744123637676,-2.256,-1.243,0.039,69.083,1.23947
3441,286796.67,1,0.6649948358535767,0.6902502775192261,0.06454,0.009021558798849583,-1.759,-1.14,-0.07,69.23,1.23652
3442,286880.0,1,0.6053632497787476,0.6915818452835083,0.06777,0.01657538302242756,-1.638,-1.136,-0.083,69.267,1.21686
3443,286963.33,1,0.5778560638427734,0.6733077764511108,0.07514,0.019507529214024544,-1.633,-1.146,-0.125,69.598,1.19826
3444,287046.67,1,0.5446211099624634,0.6775834560394287,0.08051,0.021382641047239304,-1.563,-1.174,-0.147,69.574,1.19563
3445,287130.0,1,0.5126323699951172,0.6770508289337158,0.08645,0.029261605814099312,-1.581,-1.187,-0.225,69.924,1.19332
3446,287213.33,1,0.4995751976966858,0.6718640923500061,0.08763,0.03667429834604263,-1.659,-1.216,-0.309,69.791,1.19482
3447,287296.67,1,0.4669220745563507,0.6529963612556458,0.09783,0.03755541145801544,-1.704,-1.25,-0.35,69.782,1.21639
3448,287380.0,1,0.4364805221557617,0.6325432062149048,0.11043,0.041826095432043076,-1.788,-1.342,-0.355,69.671,1.21036
3449,287463.33,1,0.41760846972465515,0.6189643144607544,0.12031,0.03977403789758682,-1.926,-1.433,-0.31,69.735,1.2055
3450,287546.67,1,0.41264840960502625,0.5970573425292969,0.12885,0.03262700140476227,-2.079,-1.48,-0.312,69.541,1.18503
3451,287630.0,1,0.41740256547927856,0.5905364751815796,0.1329,0.023963145911693573,-2.222,-1.477,-0.299,69.903,1.1883
3452,287713.33,1,0.4162314832210541,0.5797898173332214,0.13844,0.022918837144970894,-2.288,-1.485,-0.258,69.76,1.19487
3453,287796.67,1,0.4130186438560486,0.5545347929000854,0.14814,0.020345810800790787,-2.382,-1.45,-0.191,69.817,1.20131
3454,287880.0,1,0.4074566662311554,0.5270389318466187,0.15678,0.017549311742186546,-2.402,-1.431,-0.134,69.13,1.2144
3455,287963.33,1,0.3979596495628357,0.4999862313270569,0.16372,0.019226180389523506,-2.456,-1.462,-0.101,69.165,1.23408
3456,288046.67,1,0.40475285053253174,0.4938221871852875,0.16555,0.018227437511086464,-2.55,-1.446,-0.057,68.864,1.24618
3457,288130.0,1,0.4233616590499878,0.5206549763679504,0.15934,0.014204413630068302,-2.502,-1.44,-0.002,69.185,1.2561
3458,288213.33,1,0.45245906710624695,0.549067497253418,0.14658,0.009790442883968353,-2.34,-1.389,0.033,69.085,1.26204
3459,288296.67,1,0.4584314227104187,0.5551799535751343,0.14464,0.007357706781476736,-2.333,-1.414,0.054,69.302,1.25201
3460,288380.0,1,0.46362534165382385,0.5503147840499878,0.14264,0.009192499332129955,-2.258,-1.409,0.065,69.203,1.2261
3461,288463.33,1,0.4556470513343811,0.5557492971420288,0.14415,0.009085480123758316,-2.18,-1.425,0.023,69.569,1.2215
3462,288546.67,1,0.44693654775619507,0.5573001503944397,0.14644,0.009348331950604916,-2.023,-1.436,0.026,69.255,1.23686
3463,288630.0,1,0.4376721978187561,0.548576831817627,0.15007,0.011021780781447887,-2.01,-1.432,0.049,69.537,1.22713
3464,288713.33,1,0.42933350801467896,0.5388826131820679,0.15146,0.016120698302984238,-2.012,-1.441,0.05,69.068,1.23106
3465,288796.67,1,0.4315711259841919,0.5340127944946289,0.15163,0.021922478452324867,-2.051,-1.437,0.009,69.266,1.23751
3466,288878.33,1,0.4279252290725708,0.5338202714920044,0.15207,0.02783050946891308,-2.119,-1.4,-0.006,69.269,1.22718
3467,288961.67,1,0.424572616815567,0.5317912697792053,0.15259,0.03626260906457901,-2.062,-1.4,-0.032,69.558,1.20402
3468,289045.0,1,0.4192783832550049,0.5261547565460205,0.15418,0.043498191982507706,-2.052,-1.383,-0.057,69.319,1.18895
3469,289128.33,1,0.41439351439476013,0.5112035870552063,0.1584,0.04797409847378731,-2.048,-1.356,-0.039,69.746,1.18749
3470,289211.67,1,0.408773273229599,0.494052916765213,0.1634,0.047860391438007355,-2.129,-1.324,-0.034,69.718,1.19113
3471,289295.0,1,0.41470545530319214,0.4879853129386902,0.1662,0.040388450026512146,-2.149,-1.313,-0.013,70.006,1.19335
3472,289378.33,1,0.41673097014427185,0.48721107840538025,0.16669,0.04061855375766754,-2.342,-1.29,-0.009,69.766,1.19554
3473,289461.67,1,0.4178459048271179,0.49150046706199646,0.1651,0.04189246892929077,-2.363,-1.339,-0.008,69.952,1.19591
3474,289545.0,1,0.4120492935180664,0.48313435912132263,0.16699,0.04240582138299942,-2.336,-1.366,-0.001,69.783,1.19915
3475,289628.33,1,0.4100174903869629,0.48321080207824707,0.16676,0.041878294199705124,-2.285,-1.422,-0.008,69.618,1.22635
3476,289711.67,1,0.40951231122016907,0.4784984886646271,0.16735,0.03836725279688835,-2.261,-1.432,0.004,69.146,1.24524
3477,289795.0,1,0.41248854994773865,0.48763835430145264,0.16343,0.038054145872592926,-2.216,-1.495,-0.018,69.227,1.24533
3478,289878.33,1,0.40682917833328247,0.48388516902923584,0.16376,0.040452443063259125,-2.221,-1.488,-0.043,69.106,1.22064
3479,289961.67,1,0.40299561619758606,0.4788815379142761,0.16437,0.03927965462207794,-2.16,-1.5,-0.061,69.281,1.21457
3480,290045.0,1,0.3999166488647461,0.47379070520401,0.16539,0.04636777192354202,-2.187,-1.451,-0.046,69.574,1.20621
3481,290128.33,1,0.400060772895813,0.47443029284477234,0.16573,0.0481053963303566,-2.189,-1.406,-0.042,69.933,1.20406
3482,290211.67,1,0.4041987955570221,0.48024168610572815,0.16434,0.047246359288692474,-2.198,-1.385,-0.051,69.734,1.2037
3483,290295.0,1,0.4076007604598999,0.48630496859550476,0.16436,0.04516084864735603,-2.168,-1.422,-0.057,70.065,1.20204
3484,290378.33,1,0.39828458428382874,0.4894031882286072,0.16689,0.04386557266116142,-2.062,-1.461,-0.083,69.969,1.20592
3485,290461.67,1,0.39082491397857666,0.4803745448589325,0.17081,0.04318219795823097,-2.08,-1.516,-0.077,69.732,1.21984
3486,290545.0,1,0.3859773576259613,0.4552735686302185,0.17686,0.03634572774171829,-2.033,-1.544,-0.03,69.438,1.20473
3487,290628.33,1,0.38435909152030945,0.4553733468055725,0.177,0.0369839072227478,-2.062,-1.574,-0.042,69.36,1.21606
3488,290711.67,1,0.383309930562973,0.4636012315750122,0.17478,0.03727177903056145,-2.246,-1.543,-0.032,69.384,1.21298
3489,290795.0,1,0.381985068321228,0.46002092957496643,0.17508,0.035414718091487885,-2.258,-1.502,-0.023,69.772,1.20673
3490,290878.33,1,0.38330134749412537,0.4550980031490326,0.17623,0.03543054312467575,-2.297,-1.468,-0.014,69.72,1.20431
3491,290961.67,1,0.37715765833854675,0.4493601322174072,0.17816,0.03990933671593666,-2.341,-1.486,-0.018,69.685,1.21887
3492,291045.0,1,0.3715563714504242,0.4478779435157776,0.17914,0.04081697762012482,-2.303,-1.492,-0.046,69.461,1.20585
3493,291128.33,1,0.36678457260131836,0.44826534390449524,0.17924,0.042488135397434235,-2.337,-1.464,-0.058,69.775,1.20388
3494,291211.67,1,0.36546117067337036,0.4556925594806671,0.17733,0.04340541362762451,-2.342,-1.431,-0.062,69.623,1.20384
3495,291295.0,1,0.3676721751689911,0.4672408699989319,0.17387,0.03906287997961044,-2.326,-1.412,-0.067,69.453,1.21388
3496,291378.33,1,0.3757770359516144,0.506725549697876,0.16514,0.03435302525758743,-2.307,-1.403,-0.067,69.386,1.21033
3497,291460.0,1,0.3969782590866089,0.5390306115150452,0.15552,0.02653014473617077,-2.212,-1.375,-0.08,69.207,1.22254
3498,291543.33,1,0.4144643545150757,0.5560808777809143,0.14946,0.014597154222428799,-2.101,-1.384,-0.087,68.908,1.23936
3499,291626.67,1,0.41885438561439514,0.5631553530693054,0.14738,0.011911057867109776,-2.053,-1.384,-0.083,69.283,1.2459
3500,291710.0,1,0.4359632432460785,0.5781043767929077,0.14203,0.009651333093643188,-2.097,-1.327,-0.048,69.549,1.23211
3501,291793.33,1,0.45011869072914124,0.5761229395866394,0.14172,0.007412367966026068,-2.052,-1.348,-0.059,69.833,1.21926
3502,291876.67,1,0.4512960612773895,0.5750916004180908,0.14225,0.005805302876979113,-1.916,-1.38,-0.068,69.607,1.23231
3503,291960.0,1,0.4485386312007904,0.5701090097427368,0.14484,0.00431836536154151,-1.858,-1.413,-0.04,69.946,1.21472
3504,292043.33,1,0.45336148142814636,0.5605682134628296,0.14689,0.003526270855218172,-1.763,-1.433,-0.02,69.738,1.19955
3505,292126.67,1,0.4521995186805725,0.5506942272186279,0.14933,0.0032645207829773426,-1.604,-1.416,-0.02,69.996,1.21843
3506,292210.0,1,0.4471758008003235,0.5447705388069153,0.15026,0.0032456102780997753,-1.437,-1.437,-0.026,70.12,1.21959
3507,292293.33,1,0.44651299715042114,0.5433477759361267,0.15118,0.003211844712495804,-1.328,-1.458,-0.031,70.014,1.2271
3508,292376.67,1,0.4443972408771515,0.536613941192627,0.15457,0.0031140136998146772,-1.344,-1.449,-0.028,69.748,1.21059
3509,292460.0,1,0.4468410313129425,0.5329120755195618,0.15564,0.003046345664188266,-1.485,-1.512,0.001,69.871,1.20811
3510,292543.33,1,0.44541871547698975,0.5278444886207581,0.15762,0.0029385413508862257,-1.59,-1.542,0.016,69.577,1.2383
3511,292626.67,1,0.44670915603637695,0.5262242555618286,0.15839,0.002737577073276043,-1.723,-1.494,0.021,69.993,1.22457
3512,292710.0,1,0.4523647725582123,0.5274659991264343,0.15721,0.002411419292911887,-1.754,-1.488,-0.009,69.857,1.21863
3513,292793.33,1,0.4494193494319916,0.5274316072463989,0.15874,0.0022508897818624973,-1.778,-1.492,-0.016,69.801,1.23768
3514,292876.67,1,0.45086339116096497,0.5304960012435913,0.15767,0.002396543975919485,-1.773,-1.488,-0.061,69.33,1.25295
3515,292960.0,1,0.4446749687194824,0.5219639539718628,0.16001,0.0024533653631806374,-1.782,-1.479,-0.073,69.768,1.23403
3516,293043.33,1,0.44215747714042664,0.5151587724685669,0.16049,0.0028014809358865023,-1.838,-1.482,-0.079,69.673,1.22219
3517,293126.67,1,0.44440409541130066,0.5115078091621399,0.15928,0.0029514762572944164,-1.934,-1.446,-0.043,69.785,1.21243
3518,293210.0,1,0.4495907723903656,0.501742959022522,0.15951,0.0031846521887928247,-1.961,-1.393,-0.045,69.395,1.22861
3519,293293.33,1,0.4394354224205017,0.49053701758384705,0.16378,0.0033389839809387922,-2.041,-1.342,-0.034,69.68,1.22435
3520,293376.67,1,0.43792563676834106,0.48406508564949036,0.16492,0.003235460491850972,-1.965,-1.337,-0.033,69.303,1.23399
3521,293460.0,1,0.42991167306900024,0.47524628043174744,0.16776,0.003197841579094529,-1.971,-1.334,-0.04,69.734,1.217
3522,293543.33,1,0.4223996102809906,0.47408851981163025,0.16904,0.0030216637533158064,-1.979,-1.341,-0.031,69.633,1.20724
3523,293626.67,1,0.4225732386112213,0.4765457808971405,0.16699,0.0033533498644828796,-2.029,-1.357,-0.032,69.743,1.21863
3524,293710.0,1,0.4215881824493408,0.47600454092025757,0.1666,0.003451426513493061,-1.999,-1.369,-0.041,69.643,1.21477
3525,293791.67,1,0.4263037145137787,0.49305427074432373,0.16266,0.0035362020134925842,-2.012,-1.392,-0.048,69.927,1.21165
3526,293875.0,1,0.4356224536895752,0.515801191329956,0.15862,0.0032356849405914545,-2.068,-1.373,-0.031,69.439,1.21838
3527,293958.33,1,0.4442891776561737,0.5381603837013245,0.15207,0.0032156086526811123,-2.025,-1.379,-0.055,69.816,1.20559
3528,294041.67,1,0.4496005177497864,0.5499690771102905,0.14827,0.0031715549994260073,-1.991,-1.422,-0.101,69.599,1.19106
3529,294125.0,1,0.45029619336128235,0.558172881603241,0.14614,0.0033460173290222883,-1.988,-1.458,-0.136,69.837,1.19938
3530,294208.33,1,0.4484100639820099,0.5610862970352173,0.14587,0.0035562519915401936,-1.982,-1.46,-0.139,69.476,1.22352
3531,294291.67,1,0.4461018145084381,0.5577409267425537,0.14695,0.0035204612649977207,-1.975,-1.442,-0.122,69.909,1.21435
3532,294375.0,1,0.44667181372642517,0.5491357445716858,0.14856,0.0033789288718253374,-1.961,-1.435,-0.105,69.871,1.20863
3533,294458.33,1,0.44634178280830383,0.5403141975402832,0.15037,0.003370044520124793,-1.951,-1.433,-0.076,70.046,1.19434
3534,294541.67,1,0.4159405827522278,0.5134562849998474,0.16301,0.0032955361530184746,-1.919,-1.455,0.0,69.953,1.19477
3535,294625.0,1,0.41559574007987976,0.5179740190505981,0.16252,0.003327864222228527,-1.909,-1.451,-0.005,69.874,1.20789
3536,294708.33,1,0.7409231662750244,0.7307485342025757,0.03435,0.00367960287258029,-0.961,-1.13,-0.106,69.747,1.19741
3537,294791.67,1,0.7135921716690063,0.7313199043273926,0.03569,0.0038247997872531414,-1.045,-1.113,-0.093,69.777,1.21235
3538,294875.0,1,0.6352983117103577,0.7096588611602783,0.0586,0.0033962170127779245,-1.401,-1.198,-0.096,69.64,1.19907
3539,294958.33,1,0.5139012336730957,0.6291645169258118,0.10661,0.0030671211425215006,-1.712,-1.274,-0.068,69.774,1.1976
3540,295041.67,1,0.46096816658973694,0.5394477844238281,0.1392,0.0025821884628385305,-1.783,-1.258,-0.061,69.417,1.22692
3541,295125.0,1,0.42615416646003723,0.48317161202430725,0.15864,0.0025845449417829514,-1.827,-1.253,-0.058,69.613,1.2353
3542,295208.33,1,0.41388019919395447,0.4521549940109253,0.16866,0.0027047523763030767,-1.798,-1.224,-0.058,69.56,1.22244
3543,295291.67,1,0.4046493470668793,0.437553733587265,0.17484,0.002799268113449216,-1.812,-1.217,-0.047,69.96,1.20642
3544,295375.0,1,0.4005589187145233,0.42990773916244507,0.17782,0.0028467662632465363,-1.833,-1.211,-0.038,69.802,1.19436
3545,295458.33,1,0.40010011196136475,0.42694324254989624,0.17974,0.002773624612018466,-1.916,-1.227,-0.014,69.976,1.18479
3546,295541.67,1,0.399099737405777,0.42404410243034363,0.18141,0.0027199748437851667,-1.95,-1.224,0.005,69.79,1.18796
3547,295625.0,1,0.3951781988143921,0.4184523820877075,0.18422,0.002777387388050556,-2.107,-1.216,0.021,70.046,1.18239
3548,295708.33,1,0.3986947536468506,0.421393483877182,0.18421,0.0028726686723530293,-2.083,-1.213,0.035,69.953,1.18788
3549,295791.67,1,0.40272337198257446,0.4308284521102905,0.1837,0.003347017802298069,-2.082,-1.221,0.085,69.899,1.21696
3550,295875.0,1,0.41099637746810913,0.4403218924999237,0.18207,0.0035920594818890095,-2.065,-1.204,0.105,69.491,1.23731
3551,295958.33,1,0.4159194231033325,0.4388883411884308,0.18219,0.0039988672360777855,-2.072,-1.213,0.099,69.916,1.23432
3552,296040.0,1,0.4109956622123718,0.42951130867004395,0.18305,0.005360214505344629,-2.132,-1.203,0.113,69.695,1.2465
3553,296123.33,1,0.4048839509487152,0.42412081360816956,0.18627,0.005876509938389063,-2.26,-1.196,0.107,69.521,1.24237
3554,296206.67,1,0.40864235162734985,0.4355299174785614,0.18239,0.006151111330837011,-2.423,-1.161,0.069,69.269,1.23365
3555,296290.0,1,0.40413913130760193,0.43784162402153015,0.18112,0.007079612463712692,-2.64,-1.159,0.064,69.459,1.22488
3556,296373.33,1,0.40277478098869324,0.4434790313243866,0.17991,0.0077113318257033825,-2.623,-1.196,0.066,69.252,1.22145
3557,296456.67,1,0.40864717960357666,0.4464220702648163,0.17846,0.007225392386317253,-2.629,-1.212,0.073,69.359,1.22822
3558,296540.0,1,0.4059202969074249,0.4523608088493347,0.17757,0.0077333212830126286,-2.612,-1.209,0.069,68.871,1.24885
3559,296623.33,1,0.4085662364959717,0.4609537422657013,0.17576,0.007759661879390478,-2.642,-1.223,0.071,69.277,1.23755
3560,296706.67,1,0.4093892574310303,0.46283888816833496,0.17485,0.008245429024100304,-2.528,-1.27,0.06,69.165,1.23082
3561,296790.0,1,0.4101165533065796,0.46565595269203186,0.17318,0.00916631706058979,-2.507,-1.303,0.046,69.094,1.25154
3562,296873.33,1,0.4160911440849304,0.4743930399417877,0.17025,0.010219931602478027,-2.477,-1.344,0.025,68.688,1.26721
3563,296956.67,1,0.42823439836502075,0.4939267039299011,0.16405,0.007800886407494545,-2.464,-1.362,-0.001,69.079,1.24851
3564,297040.0,1,0.4427699148654938,0.527814507484436,0.15401,0.006560068111866713,-2.442,-1.397,-0.021,68.964,1.23484
3565,297123.33,1,0.4520986080169678,0.5403892993927002,0.14971,0.005887941922992468,-2.523,-1.443,-0.032,69.228,1.2248
3566,297206.67,1,0.4670372009277344,0.5617446899414062,0.14198,0.006136553827673197,-2.5,-1.472,-0.08,69.07,1.22069
3567,297290.0,1,0.48193925619125366,0.590154767036438,0.13101,0.006319704465568066,-2.506,-1.535,-0.108,69.418,1.21916
3568,297373.33,1,0.4755348265171051,0.6158089637756348,0.12609,0.006716003641486168,-2.427,-1.595,-0.119,69.286,1.21894
3569,297456.67,1,0.45508038997650146,0.6211720705032349,0.12881,0.006566242314875126,-2.401,-1.617,-0.116,68.992,1.22884
3570,297540.0,1,0.441812127828598,0.6238023042678833,0.13198,0.0061519332230091095,-2.34,-1.629,-0.1,69.652,1.21933
3571,297623.33,1,0.442853182554245,0.6262897253036499,0.13203,0.006012702826410532,-2.301,-1.673,-0.094,70.257,1.21216
3572,297706.67,1,0.43900570273399353,0.6280285120010376,0.13206,0.005986393429338932,-2.296,-1.684,-0.067,70.213,1.20875
3573,297790.0,1,0.4383510649204254,0.6310678124427795,0.13129,0.005773467477411032,-2.227,-1.736,-0.064,70.556,1.2023
3574,297873.33,1,0.4376579821109772,0.6312410831451416,0.13026,0.005992775317281485,-2.136,-1.766,-0.046,70.334,1.20125
3575,297956.67,1,0.43734267354011536,0.633611261844635,0.12593,0.006771781016141176,-1.98,-1.697,-0.034,70.231,1.22276
3576,298040.0,1,0.4376356303691864,0.6368579864501953,0.12295,0.007257706020027399,-1.907,-1.651,-0.049,69.724,1.23995
3577,298123.33,1,0.43715900182724,0.6359001398086548,0.12276,0.0072440654039382935,-1.854,-1.629,-0.042,70.143,1.21991
3578,298206.67,1,0.4375706613063812,0.6365817785263062,0.12325,0.0068627605214715,-1.828,-1.664,-0.044,70.005,1.20184
3579,298290.0,1,0.4316425323486328,0.6221429109573364,0.13096,0.0068581597879529,-1.849,-1.666,-0.052,70.318,1.18844
3580,298371.67,1,0.4223288893699646,0.6013550758361816,0.14166,0.0058973245322704315,-2.054,-1.658,-0.061,70.271,1.19045
3581,298455.0,1,0.4071393609046936,0.5684406161308289,0.15569,0.0051879119127988815,-2.13,-1.671,-0.046,70.574,1.19712
3582,298538.33,1,0.3896191120147705,0.5347804427146912,0.1681,0.004742136690765619,-2.104,-1.701,-0.051,70.154,1.21085
3583,298621.67,1,0.3797358572483063,0.5068249702453613,0.17706,0.0045080166310071945,-2.104,-1.668,-0.012,70.766,1.20563
3584,298705.0,1,0.3701925277709961,0.4807046353816986,0.18456,0.0048359758220613,-2.221,-1.636,0.051,70.842,1.20391
3585,298788.33,1,0.3659043312072754,0.4600762128829956,0.19022,0.004869584459811449,-2.268,-1.615,0.089,70.934,1.22068
3586,298871.67,1,0.37088385224342346,0.4428052306175232,0.19422,0.004605384077876806,-2.23,-1.597,0.074,70.875,1.21444
3587,298955.0,1,0.36268338561058044,0.4210463762283325,0.19857,0.005146183539181948,-2.272,-1.563,0.081,71.1,1.21099
3588,299038.33,1,0.3511078655719757,0.4048319160938263,0.20144,0.005850232206285,-2.126,-1.541,0.095,70.581,1.21694
3589,299121.67,1,0.3443010151386261,0.3997640311717987,0.20394,0.005113974679261446,-2.072,-1.525,0.167,71.091,1.20836
3590,299205.0,1,0.34538936614990234,0.3998427987098694,0.20305,0.0049814218655228615,-2.054,-1.533,0.2,71.127,1.20289
3591,299288.33,1,0.3369724452495575,0.39508140087127686,0.20505,0.004786103032529354,-2.096,-1.573,0.233,70.97,1.22573
3592,299371.67,1,0.3309674561023712,0.3985794484615326,0.20529,0.004933903459459543,-2.115,-1.571,0.234,70.542,1.24306
3593,299455.0,1,0.3271433115005493,0.3946361541748047,0.20575,0.0058867111802101135,-2.149,-1.569,0.227,70.57,1.24722
3594,299538.33,1,0.32309502363204956,0.39063596725463867,0.20607,0.00787549652159214,-2.205,-1.542,0.219,70.495,1.23597
3595,299621.67,1,0.3232441246509552,0.38853293657302856,0.20622,0.00837666168808937,-2.361,-1.484,0.231,70.561,1.24367
3596,299705.0,1,0.32091236114501953,0.3848714530467987,0.20684,0.009564564563333988,-2.373,-1.52,0.236,70.52,1.23236
3597,299788.33,1,0.3222433030605316,0.38037413358688354,0.20788,0.009458539076149464,-2.377,-1.55,0.226,70.373,1.24564
3598,299871.67,1,0.3233451247215271,0.38167083263397217,0.20718,0.009630045853555202,-2.444,-1.587,0.205,69.913,1.25625
3599,299955.0,1,0.32618385553359985,0.38612064719200134,0.20527,0.01053109485656023,-2.444,-1.599,0.206,70.064,1.24111
3600,300038.33,1,0.33398765325546265,0.3946181833744049,0.20225,0.012330697849392891,-2.398,-1.641,0.188,70.272,1.22161
3601,300121.67,1,0.33798906207084656,0.4051322638988495,0.19824,0.01478847861289978,-2.383,-1.654,0.151,70.553,1.20679
3602,300205.0,1,0.3438524603843689,0.41293808817863464,0.1952,0.015597178600728512,-2.375,-1.653,0.135,70.415,1.20487
3603,300288.33,1,0.34254467487335205,0.4105980694293976,0.19376,0.020457690581679344,-2.406,-1.639,0.145,70.824,1.20328
3604,300371.67,1,0.3443438708782196,0.4115684926509857,0.19301,0.025386592373251915,-2.559,-1.661,0.168,70.653,1.20507
3605,300455.0,1,0.3497089743614197,0.424376517534256,0.1899,0.029292535036802292,-2.593,-1.64,0.173,70.825,1.20296
3606,300538.33,1,0.3613757789134979,0.45075052976608276,0.18303,0.030529549345374107,-2.663,-1.633,0.167,70.519,1.2043
3607,300621.67,1,0.3712983727455139,0.4744392931461334,0.17633,0.03067677654325962,-2.654,-1.614,0.182,70.768,1.20343
3608,300703.33,1,0.3757353723049164,0.48700010776519775,0.17194,0.0316404365003109,-2.581,-1.643,0.205,70.572,1.20437
3609,300786.67,1,0.38454508781433105,0.5187127590179443,0.16455,0.03515325486660004,-2.557,-1.654,0.193,70.746,1.20217
3610,300870.0,1,0.39341652393341064,0.5292754173278809,0.16115,0.03500897064805031,-2.524,-1.654,0.182,70.485,1.20325
3611,300953.33,1,0.43751856684684753,0.5773458480834961,0.14158,0.0347440280020237,-2.383,-1.72,0.15,70.732,1.2033
3612,301036.67,1,0.47839194536209106,0.5990512371063232,0.1243,0.04536726325750351,-2.127,-1.743,0.107,70.618,1.20334
3613,301120.0,1,0.48354682326316833,0.6060233116149902,0.11986,0.04111574590206146,-2.127,-1.761,0.086,70.947,1.20352
3614,301203.33,1,0.478412002325058,0.6169216632843018,0.11692,0.03926020860671997,-2.073,-1.764,0.09,70.81,1.20641
3615,301286.67,1,0.47796115279197693,0.6103887557983398,0.11833,0.03443245589733124,-2.147,-1.744,0.094,70.835,1.21507
3616,301370.0,1,0.4744943678379059,0.6034032106399536,0.12213,0.029123812913894653,-2.212,-1.723,0.111,70.199,1.24028
3617,301453.33,1,0.4858570396900177,0.6173254251480103,0.11876,0.014796539209783077,-2.277,-1.716,0.133,70.582,1.22915
3618,301536.67,1,0.48689618706703186,0.6328785419464111,0.11771,0.008795656263828278,-2.266,-1.644,0.131,70.516,1.2223
3619,301620.0,1,0.4874536991119385,0.6270262002944946,0.11905,0.007626812439411879,-2.324,-1.55,0.173,70.49,1.21415
3620,301703.33,1,0.48296231031417847,0.6332898139953613,0.11819,0.00722389155998826,-2.257,-1.502,0.176,70.091,1.23445
3621,301786.67,1,0.49655383825302124,0.6285028457641602,0.11771,0.00820438377559185,-2.248,-1.49,0.215,70.309,1.24718
3622,301870.0,1,0.4893449544906616,0.6147939562797546,0.12009,0.011459960602223873,-2.225,-1.527,0.234,70.366,1.23604
3623,301953.33,1,0.4859123229980469,0.6238594651222229,0.11744,0.0174498800188303,-2.206,-1.639,0.271,70.43,1.23454
3624,302036.67,1,0.46425294876098633,0.6241878867149353,0.11873,0.026285473257303238,-2.1,-1.675,0.275,69.915,1.2499
3625,302120.0,1,0.4464319348335266,0.6095535755157471,0.12318,0.03589072450995445,-2.026,-1.695,0.288,70.186,1.2388
3626,302203.33,1,0.44218841195106506,0.5985249876976013,0.1265,0.04393971338868141,-1.852,-1.694,0.275,69.765,1.23956
3627,302286.67,1,0.4286424517631531,0.5827519297599792,0.13214,0.05336298421025276,-1.814,-1.706,0.267,69.913,1.24418
3628,302370.0,1,0.42902758717536926,0.5762143135070801,0.13465,0.05327052250504494,-1.854,-1.726,0.282,70.039,1.21857
3629,302453.33,1,0.4304908812046051,0.5748581290245056,0.13608,0.04803076386451721,-1.839,-1.739,0.292,69.859,1.23249
3630,302536.67,1,0.4332743287086487,0.5510916709899902,0.14102,0.050947923213243484,-2.067,-1.627,0.26,70.129,1.21725
3631,302620.0,1,0.4365954101085663,0.5516809225082397,0.14245,0.04340501129627228,-2.234,-1.622,0.243,70.404,1.21598
3632,302703.33,1,0.44158023595809937,0.5471974611282349,0.14389,0.03768729418516159,-2.467,-1.514,0.261,69.99,1.22814
3633,302786.67,1,0.44234344363212585,0.5378042459487915,0.14697,0.036937810480594635,-2.632,-1.443,0.246,70.323,1.2253
3634,302870.0,1,0.4443429112434387,0.5353671312332153,0.14691,0.038259319961071014,-2.693,-1.459,0.233,69.949,1.23725
3635,302953.33,1,0.4338231682777405,0.5154975652694702,0.15191,0.042482584714889526,-2.683,-1.441,0.201,70.308,1.21771
3636,303035.0,1,0.43073222041130066,0.5170058012008667,0.15246,0.04500860348343849,-2.538,-1.397,0.177,70.045,1.20029
3637,303118.33,1,0.4160614609718323,0.5104426741600037,0.15412,0.05029455944895744,-2.263,-1.4,0.137,69.882,1.20467
3638,303201.67,1,0.42935022711753845,0.527143120765686,0.14531,0.05766525864601135,-2.031,-1.359,0.124,69.712,1.2025
3639,303285.0,1,0.45958301424980164,0.5663707256317139,0.12702,0.06245555728673935,-1.807,-1.263,0.047,69.726,1.21948
3640,303368.33,1,0.4258221685886383,0.5752388834953308,0.12907,0.06223715469241142,-1.518,-1.275,-0.006,69.617,1.21102
3641,303451.67,1,0.4175925552845001,0.5861584544181824,0.12985,0.059771519154310226,-1.331,-1.286,-0.084,69.601,1.22188
3642,303535.0,1,0.40949127078056335,0.5694655179977417,0.13981,0.06597918272018433,-1.451,-1.354,-0.128,69.466,1.21463
3643,303618.33,1,0.40364670753479004,0.5678063631057739,0.14063,0.058519210666418076,-1.406,-1.327,-0.077,69.633,1.21596
3644,303701.67,1,0.3922959864139557,0.5430282354354858,0.1481,0.05294910818338394,-1.335,-1.301,-0.043,69.142,1.23003
3645,303785.0,1,0.3840737044811249,0.5246060490608215,0.15569,0.04548558592796326,-1.462,-1.26,0.0,69.266,1.20511
3646,303868.33,1,0.369487464427948,0.5092798471450806,0.16238,0.04897933080792427,-1.521,-1.177,0.047,69.133,1.1978
3647,303951.67,1,0.34808647632598877,0.49690428376197815,0.16721,0.05062608793377876,-1.639,-1.212,0.049,69.098,1.21634
3648,304035.0,1,0.32937711477279663,0.4591811001300812,0.1755,0.05513569712638855,-1.663,-1.259,0.038,69.047,1.20886
3649,304118.33,1,0.3133537173271179,0.4283926784992218,0.18189,0.05701736733317375,-1.664,-1.266,0.004,69.307,1.1962
3650,304201.67,1,0.292519748210907,0.39182934165000916,0.19003,0.05825963243842125,-1.607,-1.226,-0.021,69.048,1.18483
3651,304285.0,1,0.28598928451538086,0.3676674962043762,0.19399,0.056688327342271805,-1.6,-1.211,-0.029,69.353,1.18578
3652,304368.33,1,0.28572410345077515,0.3650658130645752,0.19522,0.05326283723115921,-1.661,-1.235,-0.022,69.17,1.18924
3653,304451.67,1,0.28867945075035095,0.3633500933647156,0.196,0.054054103791713715,-1.702,-1.232,-0.008,69.485,1.19009
3654,304535.0,1,0.2911756932735443,0.3646561801433563,0.19583,0.05518944188952446,-1.769,-1.235,-0.008,69.342,1.19292
3655,304618.33,1,0.29781293869018555,0.3720119893550873,0.19454,0.0571194626390934,-1.939,-1.252,-0.014,69.505,1.18859
3656,304701.67,1,0.30540961027145386,0.3772530257701874,0.19246,0.05601927638053894,-2.113,-1.251,-0.012,69.171,1.1812
3657,304785.0,1,0.31494054198265076,0.38267096877098083,0.19074,0.04389767721295357,-2.197,-1.225,-0.022,69.459,1.18439
3658,304868.33,1,0.32129713892936707,0.384638249874115,0.18943,0.043042946606874466,-2.245,-1.215,-0.031,69.335,1.1874
3659,304951.67,1,0.3191211223602295,0.3792024552822113,0.19034,0.04281175881624222,-2.251,-1.195,-0.039,69.185,1.17982
3660,305035.0,1,0.30414363741874695,0.370359867811203,0.19209,0.047079648822546005,-2.046,-1.265,0.004,68.562,1.21586
3661,305118.33,1,0.2977999746799469,0.3644625246524811,0.19244,0.0528755784034729,-2.02,-1.28,0.054,68.652,1.22654
3662,305201.67,1,0.2941657304763794,0.3604353666305542,0.19297,0.055792246013879776,-2.013,-1.287,0.092,68.229,1.22924
3663,305285.0,1,0.29120445251464844,0.35654282569885254,0.19447,0.05403941124677658,-1.928,-1.28,0.119,68.545,1.24021
3664,305368.33,1,0.28621676564216614,0.35186436772346497,0.1961,0.05081168934702873,-1.766,-1.266,0.151,68.384,1.2473
3665,305451.67,1,0.28166210651397705,0.3508804440498352,0.19761,0.048540227115154266,-1.791,-1.262,0.171,68.751,1.24244
3666,305535.0,1,0.27760571241378784,0.3526686728000641,0.1987,0.05606386438012123,-1.807,-1.279,0.174,68.879,1.22561
3667,305616.67,1,0.2669254243373871,0.343794047832489,0.20312,0.058657366782426834,-1.851,-1.241,0.147,69.102,1.22405
3668,305700.0,1,0.2860562205314636,0.38291749358177185,0.19172,0.06966623663902283,-1.812,-1.269,0.122,69.05,1.20314
3669,305783.33,1,0.31703662872314453,0.44820302724838257,0.17515,0.06366673856973648,-1.797,-1.293,0.047,69.543,1.20627
3670,305866.67,1,0.3610980808734894,0.5266896486282349,0.15668,0.053811460733413696,-1.809,-1.375,0.012,69.317,1.22379
3671,305950.0,1,0.47143614292144775,0.615405261516571,0.1195,0.05113007128238678,-1.628,-1.42,-0.041,69.469,1.2115
3672,306033.33,1,0.6760041117668152,0.7228735685348511,0.04599,0.051031626760959625,-1.608,-1.376,-0.106,69.117,1.22485
3673,306116.67,1,0.7852817177772522,0.8051937222480774,0.01523,0.04579890891909599,-1.488,-1.231,-0.148,69.658,1.21168
3674,306200.0,1,0.7882491946220398,0.8142505884170532,0.01887,0.04439088702201843,-1.238,-1.163,-0.181,69.609,1.20334
3675,306283.33,1,0.7511165142059326,0.7915763854980469,0.01653,0.04425806179642677,-1.151,-1.119,-0.184,69.503,1.22503
3676,306366.67,1,0.6341923475265503,0.7726346254348755,0.03878,0.04216603934764862,-1.08,-1.199,-0.156,69.016,1.23701
3677,306450.0,1,0.5381065607070923,0.7281370162963867,0.06504,0.04032118618488312,-1.034,-1.237,-0.158,69.168,1.23968
3678,306533.33,1,0.4809248447418213,0.6788201332092285,0.09125,0.04004640504717827,-1.028,-1.319,-0.181,69.27,1.22472
3679,306616.67,1,0.453538715839386,0.6537177562713623,0.10578,0.038084618747234344,-1.0,-1.377,-0.193,69.256,1.23857
3680,306700.0,1,0.43982693552970886,0.6440753936767578,0.1152,0.02228565700352192,-0.896,-1.447,-0.196,68.868,1.24818
3681,306783.33,1,0.4666745364665985,0.649695873260498,0.11775,0.005611494183540344,-0.791,-1.43,-0.19,69.503,1.2293
3682,306866.67,1,0.5081424713134766,0.6465871334075928,0.11445,0.0030770753510296345,-0.381,-1.305,-0.168,69.617,1.21449
3683,306950.0,1,0.516855001449585,0.648634672164917,0.11323,0.0027427994646131992,-0.177,-1.29,-0.147,69.897,1.21672
3684,307033.33,1,0.5188411474227905,0.6489763259887695,0.11109,0.0029611659701913595,-0.007,-1.244,-0.124,69.537,1.23259
3685,307116.67,1,0.517160177230835,0.6486183404922485,0.11215,0.002720253076404333,0.031,-1.262,-0.123,69.939,1.2192
3686,307200.0,1,0.5019745826721191,0.6430607438087463,0.11528,0.0027671586722135544,-0.007,-1.318,-0.145,69.779,1.21015
3687,307283.33,1,0.443411260843277,0.5796422958374023,0.13938,0.002753176726400852,-0.209,-1.398,-0.182,70.001,1.20192
3688,307366.67,1,0.42697712779045105,0.542788028717041,0.15322,0.0020112255588173866,-0.6,-1.43,-0.221,69.862,1.20086
3689,307450.0,1,0.40164729952812195,0.4862380921840668,0.16949,0.0020506540313363075,-1.017,-1.422,-0.149,69.7,1.1905
3690,307533.33,1,0.39116087555885315,0.47190070152282715,0.17654,0.0021775467321276665,-1.417,-1.31,-0.137,69.196,1.22143
3691,307616.67,1,0.38553887605667114,0.46048521995544434,0.18171,0.0023340831976383924,-1.774,-1.262,-0.161,69.558,1.20442
3692,307700.0,1,0.38630303740501404,0.463808536529541,0.18233,0.002358066150918603,-2.059,-1.203,-0.2,69.262,1.19082
3693,307783.33,1,0.38796180486679077,0.47160646319389343,0.18162,0.0022468497045338154,-2.159,-1.209,-0.217,69.045,1.20147
3694,307866.67,1,0.3939089775085449,0.47539499402046204,0.17975,0.002147367922589183,-2.207,-1.154,-0.271,68.477,1.21117
3695,307948.33,1,0.39836061000823975,0.4859309494495392,0.17809,0.00205937959253788,-2.281,-1.16,-0.306,69.059,1.20299
3696,308031.67,1,0.41663244366645813,0.4993872046470642,0.17297,0.0017551115015521646,-2.405,-1.16,-0.359,69.07,1.19662
3697,308115.0,1,0.42625492811203003,0.5089479088783264,0.17003,0.0016967238625511527,-2.413,-1.179,-0.346,69.017,1.21824
3698,308198.33,1,0.4360933005809784,0.5093869566917419,0.1676,0.0018111900426447392,-2.341,-1.191,-0.316,68.616,1.23433
3699,308281.67,1,0.44421297311782837,0.512923002243042,0.16463,0.001900683157145977,-2.332,-1.229,-0.264,68.733,1.24558
3700,308365.0,1,0.4499365985393524,0.5170309543609619,0.16137,0.00202771439217031,-2.326,-1.266,-0.223,68.465,1.25232
3701,308448.33,1,0.4563400447368622,0.5233712792396545,0.15884,0.0020919949747622013,-2.238,-1.271,-0.189,68.791,1.21817
3702,308531.67,1,0.46620872616767883,0.5300933122634888,0.15606,0.0018976895371451974,-2.184,-1.263,-0.128,68.645,1.19722
3703,308615.0,1,0.4798683226108551,0.531512975692749,0.15359,0.0017305820947512984,-2.132,-1.28,-0.057,69.131,1.19308
3704,308698.33,1,0.49229323863983154,0.5365698337554932,0.15067,0.0015253324527293444,-2.118,-1.305,-0.001,69.062,1.1942
3705,308781.67,1,0.499054491519928,0.5400093793869019,0.14883,0.0015239156782627106,-2.077,-1.316,0.063,69.224,1.18675
3706,308865.0,1,0.49937182664871216,0.5435692071914673,0.14767,0.0017130093183368444,-2.065,-1.32,0.086,68.87,1.1778
3707,308948.33,1,0.4962945282459259,0.5471634268760681,0.14703,0.0018141631735488772,-2.064,-1.321,0.071,68.899,1.18191
3708,309031.67,1,0.49499496817588806,0.5645674467086792,0.14245,0.002067465567961335,-2.082,-1.334,0.014,68.532,1.20838
3709,309115.0,1,0.4260343015193939,0.5230233669281006,0.16261,0.0022991125006228685,-1.928,-1.429,0.016,69.006,1.20376
3710,309198.33,1,0.3667261600494385,0.4451112151145935,0.18714,0.002634050790220499,-1.808,-1.526,0.011,68.985,1.20261
3711,309281.67,1,0.3426855504512787,0.396585613489151,0.2009,0.003044398967176676,-1.795,-1.531,-0.008,68.963,1.21837
3712,309365.0,1,0.32029592990875244,0.37470924854278564,0.20804,0.003136184997856617,-1.793,-1.517,0.029,68.92,1.21273
3713,309448.33,1,0.3274143934249878,0.3796340525150299,0.20639,0.003241606755182147,-1.777,-1.499,0.033,69.244,1.20431
3714,309531.67,1,0.36051908135414124,0.3860050141811371,0.19958,0.0032678223215043545,-1.748,-1.434,0.054,69.158,1.20245
3715,309615.0,1,0.39469245076179504,0.39680731296539307,0.19059,0.0032149869948625565,-1.838,-1.358,0.077,69.135,1.1942
3716,309698.33,1,0.4011175036430359,0.4055013954639435,0.18809,0.003634624183177948,-1.894,-1.349,0.072,68.547,1.2025
3717,309781.67,1,0.3983027935028076,0.39814966917037964,0.19044,0.0033003243152052164,-1.823,-1.384,0.107,69.16,1.19853
3718,309865.0,1,0.3967020809650421,0.4002133309841156,0.18833,0.003931056708097458,-1.812,-1.369,0.142,69.245,1.19901
3719,309948.33,1,0.4032500684261322,0.40694963932037354,0.1862,0.0037073022685945034,-1.821,-1.392,0.161,68.936,1.21029
3720,310031.67,1,0.4108677804470062,0.4321509301662445,0.18099,0.003266292857006192,-1.917,-1.392,0.175,68.368,1.22059
3721,310115.0,1,0.41117990016937256,0.44396495819091797,0.17929,0.0029801358468830585,-1.944,-1.383,0.187,69.078,1.21102
3722,310198.33,1,0.41036027669906616,0.45182883739471436,0.17809,0.0028056802693754435,-2.001,-1.359,0.175,69.16,1.20661
3723,310280.0,1,0.41590362787246704,0.45356157422065735,0.17714,0.002574468031525612,-2.048,-1.336,0.166,69.32,1.21832
3724,310363.33,1,0.4168551564216614,0.4518784284591675,0.17756,0.00250014360062778,-2.031,-1.323,0.152,69.231,1.21221
3725,310446.67,1,0.4231184422969818,0.45313143730163574,0.17704,0.0023895681370049715,-2.079,-1.332,0.139,69.324,1.22726
3726,310530.0,1,0.42780032753944397,0.4585689306259155,0.17601,0.0022679080720990896,-2.062,-1.331,0.132,69.284,1.21919
3727,310613.33,1,0.42534542083740234,0.4628656804561615,0.17685,0.002289589960128069,-2.181,-1.36,0.122,69.142,1.21961
3728,310696.67,1,0.4138938784599304,0.46287479996681213,0.18037,0.0023498914670199156,-2.197,-1.398,0.123,68.968,1.19965
3729,310780.0,1,0.39006683230400085,0.44755423069000244,0.18748,0.002463848562911153,-2.195,-1.434,0.123,69.162,1.2163
3730,310863.33,1,0.3680347204208374,0.4265211820602417,0.19492,0.0025997906923294067,-2.17,-1.446,0.124,69.207,1.21318
3731,310946.67,1,0.35133442282676697,0.4026365280151367,0.20195,0.002555528422817588,-2.162,-1.472,0.092,69.439,1.21426
3732,311030.0,1,0.33827102184295654,0.38221532106399536,0.20714,0.0024849355686455965,-2.123,-1.507,0.071,69.029,1.23077
3733,311113.33,1,0.31800830364227295,0.36527350544929504,0.21202,0.002378438599407673,-2.0,-1.576,0.052,69.322,1.22693
3734,311196.67,1,0.3074001967906952,0.35541456937789917,0.21551,0.0021933598909527063,-1.983,-1.57,0.089,68.896,1.23749
3735,311280.0,1,0.2980271279811859,0.344510555267334,0.22021,0.0021092179231345654,-2.06,-1.583,0.111,69.204,1.2126
3736,311363.33,1,0.2898140549659729,0.33899474143981934,0.22216,0.0020812430884689093,-2.011,-1.613,0.108,69.208,1.20557
3737,311446.67,1,0.2934310734272003,0.34092703461647034,0.22104,0.002135033253580332,-2.022,-1.653,0.099,69.094,1.20898
3738,311530.0,1,0.2963670790195465,0.3425111174583435,0.2209,0.0021685310639441013,-2.055,-1.628,0.095,68.925,1.19422
3739,311613.33,1,0.2991292178630829,0.34322595596313477,0.22127,0.0021983846090734005,-2.004,-1.626,0.091,68.893,1.2028
3740,311696.67,1,0.29885783791542053,0.34102070331573486,0.22166,0.0023058545775711536,-1.887,-1.628,0.1,68.841,1.19213
3741,311780.0,1,0.30423006415367126,0.34149354696273804,0.221,0.0023503152187913656,-1.82,-1.644,0.072,69.213,1.18683
3742,311863.33,1,0.3189357817173004,0.3494028151035309,0.21706,0.002501750597730279,-1.796,-1.634,0.036,69.055,1.1814
3743,311946.67,1,0.33214423060417175,0.35589519143104553,0.21272,0.0029310276731848717,-1.78,-1.622,0.036,69.644,1.18554
3744,312030.0,1,0.31611067056655884,0.35102760791778564,0.21403,0.0033195395953953266,-1.774,-1.672,0.052,69.726,1.18929
3745,312113.33,1,0.325727641582489,0.37668538093566895,0.21049,0.003183226566761732,-1.849,-1.661,0.06,69.614,1.21357
3746,312196.67,1,0.33291882276535034,0.3777538537979126,0.21047,0.0029270618688315153,-1.807,-1.614,0.064,69.146,1.22464
3747,312280.0,1,0.3548787832260132,0.40270963311195374,0.20351,0.002835475839674473,-1.856,-1.628,0.081,69.418,1.23275
3748,312363.33,1,0.39031776785850525,0.4312979280948639,0.18971,0.002939780941233039,-1.854,-1.616,0.033,69.68,1.22137
3749,312445.0,1,0.39659610390663147,0.4277362823486328,0.18908,0.0026718650478869677,-1.888,-1.607,0.016,69.891,1.21369
3750,312528.33,1,0.40377628803253174,0.43952107429504395,0.18393,0.002602271968498826,-1.879,-1.579,0.021,69.549,1.23425
3751,312611.67,1,0.40858981013298035,0.44460412859916687,0.18245,0.002499753376469016,-1.951,-1.563,0.025,69.914,1.2281
3752,312695.0,1,0.41173067688941956,0.4469568133354187,0.18028,0.00241090077906847,-2.075,-1.536,0.041,69.55,1.23798
3753,312778.33,1,0.4181056320667267,0.4554969370365143,0.17723,0.002473230008035898,-2.107,-1.52,0.017,69.823,1.23218
3754,312861.67,1,0.41669759154319763,0.458858847618103,0.17663,0.002559891901910305,-2.095,-1.517,0.018,69.352,1.2406
3755,312945.0,1,0.4193296432495117,0.4670025110244751,0.17379,0.002589720068499446,-2.103,-1.514,-0.013,69.3,1.2402
3756,313028.33,1,0.41985568404197693,0.4698333442211151,0.17165,0.0027828591410070658,-2.105,-1.515,-0.017,69.029,1.24821
3757,313111.67,1,0.4216582775115967,0.46924614906311035,0.17191,0.0027084953617304564,-2.186,-1.507,-0.017,69.493,1.22129
3758,313195.0,1,0.422039657831192,0.46378180384635925,0.17314,0.0027304994873702526,-2.167,-1.505,-0.003,69.341,1.20042
3759,313278.33,1,0.42090049386024475,0.46425914764404297,0.17366,0.0027725370600819588,-2.198,-1.506,-0.026,69.725,1.19636
3760,313361.67,1,0.4212511479854584,0.46414458751678467,0.17385,0.002673716749995947,-2.238,-1.514,-0.023,69.596,1.1951
3761,313445.0,1,0.4260742664337158,0.4751697778701782,0.17236,0.0029130771290510893,-2.255,-1.524,-0.038,69.807,1.18917
3762,313528.33,1,0.4132756292819977,0.46497607231140137,0.18058,0.0030307876877486706,-2.196,-1.543,-0.035,69.534,1.18405
3763,313611.67,1,0.39273038506507874,0.4455856680870056,0.18907,0.0027052555233240128,-2.192,-1.565,-0.014,69.457,1.20088
3764,313695.0,1,0.3615567088127136,0.41961467266082764,0.19853,0.002442392287775874,-2.154,-1.578,-0.004,69.209,1.19181
3765,313778.33,1,0.3486042022705078,0.40063992142677307,0.20344,0.002430400811135769,-2.135,-1.595,0.011,69.631,1.19458
3766,313861.67,1,0.35264840722084045,0.40286293625831604,0.20198,0.0025024062488228083,-2.133,-1.584,0.004,69.611,1.19664
3767,313945.0,1,0.364375501871109,0.4045650362968445,0.19928,0.002538032131269574,-2.17,-1.573,-0.012,69.843,1.19597
3768,314028.33,1,0.3681981563568115,0.4034193456172943,0.19707,0.0025385888293385506,-2.245,-1.551,-0.003,69.664,1.19762
3769,314111.67,1,0.3683079779148102,0.4012427031993866,0.19644,0.002589436946436763,-2.197,-1.466,-0.003,69.871,1.19588
3770,314195.0,1,0.3655227720737457,0.4036162197589874,0.19594,0.0026466853450983763,-2.222,-1.394,-0.037,69.745,1.19701
3771,314278.33,1,0.3658123016357422,0.4062064290046692,0.19499,0.0025141313672065735,-2.262,-1.37,-0.062,69.838,1.20442
3772,314361.67,1,0.36579611897468567,0.40655916929244995,0.19546,0.002519702771678567,-2.308,-1.349,-0.065,69.225,1.224
3773,314445.0,1,0.36840420961380005,0.4068746566772461,0.19521,0.0025309501215815544,-2.339,-1.374,-0.05,69.126,1.23574
3774,314528.33,1,0.37096482515335083,0.4089871346950531,0.19454,0.002470046281814575,-2.363,-1.397,-0.042,68.914,1.22462
3775,314611.67,1,0.3728678822517395,0.41151097416877747,0.19385,0.0024320671800523996,-2.355,-1.397,-0.043,69.133,1.21759
3776,314695.0,1,0.3751687705516815,0.41384753584861755,0.19291,0.0024209083057940006,-2.335,-1.395,-0.038,68.851,1.21385
3777,314776.67,1,0.38517048954963684,0.41656163334846497,0.1907,0.0024749543517827988,-2.277,-1.389,-0.041,68.989,1.20467
3778,314860.0,1,0.39351969957351685,0.42424628138542175,0.18768,0.0025684162974357605,-2.183,-1.361,-0.044,68.629,1.19518
3779,314943.33,1,0.4077421724796295,0.43724507093429565,0.18256,0.002695741830393672,-2.176,-1.352,-0.052,68.698,1.19993
3780,315026.67,1,0.41699400544166565,0.46239718794822693,0.17699,0.0026337075978517532,-2.018,-1.261,-0.047,68.262,1.23758
3781,315110.0,1,0.42078182101249695,0.47030502557754517,0.17533,0.0025861766189336777,-1.989,-1.221,-0.054,68.223,1.24492
3782,315193.33,1,0.4251423180103302,0.4720686376094818,0.17524,0.002448981162160635,-1.949,-1.24,-0.041,67.676,1.24809
3783,315276.67,1,0.430976003408432,0.47620466351509094,0.1745,0.0025327831972390413,-1.946,-1.259,-0.018,68.109,1.22127
3784,315360.0,1,0.4339347779750824,0.47703683376312256,0.17406,0.002630355302244425,-1.907,-1.285,-0.038,68.018,1.20502
3785,315443.33,1,0.44251030683517456,0.4770095646381378,0.17276,0.0025664553977549076,-1.879,-1.315,-0.027,68.481,1.19527
3786,315526.67,1,0.41487985849380493,0.4542325437068939,0.18146,0.002549360040575266,-1.822,-1.37,-0.016,68.516,1.19977
3787,315610.0,1,0.35772982239723206,0.41008177399635315,0.19718,0.002388279652222991,-1.706,-1.399,0.02,68.527,1.22605
3788,315693.33,1,0.3363642990589142,0.38980135321617126,0.20354,0.002547251293435693,-1.673,-1.42,0.042,68.262,1.24663
3789,315776.67,1,0.3390651345252991,0.3871024549007416,0.2027,0.002584680449217558,-1.602,-1.427,0.043,68.456,1.25921
3790,315860.0,1,0.3854127526283264,0.3996528685092926,0.19383,0.0028238773811608553,-1.591,-1.419,0.028,68.24,1.26564
3791,315943.33,1,0.4113942086696625,0.4215303659439087,0.1861,0.0027527317870408297,-1.592,-1.423,-0.044,68.642,1.26407
3792,316026.67,1,0.43205201625823975,0.4651946723461151,0.17511,0.0027938359417021275,-1.561,-1.445,-0.093,68.532,1.26544
3793,316110.0,1,0.45920106768608093,0.5578727126121521,0.15312,0.0027260854840278625,-1.71,-1.45,-0.14,69.257,1.23656
3794,316193.33,1,0.47309449315071106,0.5942193269729614,0.1443,0.0025591759476810694,-2.013,-1.458,-0.137,69.421,1.21628
3795,316276.67,1,0.46810680627822876,0.5916147828102112,0.14643,0.0025216052308678627,-2.148,-1.529,-0.152,69.737,1.19585
3796,316360.0,1,0.4444766342639923,0.5708568096160889,0.15539,0.002513995161280036,-2.199,-1.567,-0.137,69.721,1.1927
3797,316443.33,1,0.4298277199268341,0.5508555173873901,0.16254,0.0025268869940191507,-2.219,-1.586,-0.138,69.969,1.18601
3798,316526.67,1,0.4119287431240082,0.5200703144073486,0.17017,0.002575251506641507,-2.221,-1.614,-0.135,69.717,1.17856
3799,316610.0,1,0.3902168571949005,0.48684319853782654,0.17963,0.002708590589463711,-2.232,-1.616,-0.129,69.736,1.17576
3800,316693.33,1,0.37559235095977783,0.46690911054611206,0.18528,0.0026630128268152475,-2.243,-1.607,-0.106,69.47,1.18369
3801,316776.67,1,0.367554634809494,0.44939354062080383,0.18903,0.002722476376220584,-2.235,-1.603,-0.133,69.551,1.1816
3802,316860.0,1,0.37070325016975403,0.45268604159355164,0.18585,0.0029053296893835068,-2.21,-1.619,-0.16,69.389,1.18867
3803,316943.33,1,0.36430826783180237,0.4325457215309143,0.18924,0.002962595084682107,-2.115,-1.627,-0.217,69.454,1.18787
3804,317026.67,1,0.33335909247398376,0.3984818458557129,0.19988,0.002887807786464691,-2.05,-1.626,-0.236,69.055,1.18364
3805,317110.0,1,0.3050685226917267,0.3593233525753021,0.21058,0.002940054750069976,-1.926,-1.584,-0.224,68.837,1.20168
3806,317193.33,1,0.2803308665752411,0.3319045901298523,0.21845,0.0029202147852629423,-1.749,-1.536,-0.22,68.596,1.21272
3807,317275.0,1,0.2687992751598358,0.3183790445327759,0.22152,0.003070155158638954,-1.695,-1.515,-0.201,68.689,1.23095
3808,317358.33,1,0.262760728597641,0.31569352746009827,0.22296,0.003123773727566004,-1.679,-1.518,-0.155,68.124,1.2579
3809,317441.67,1,0.2645741105079651,0.31904011964797974,0.2224,0.004300708416849375,-1.708,-1.532,-0.097,67.913,1.27674
3810,317525.0,1,0.2608715295791626,0.3157554268836975,0.22231,0.004826275631785393,-1.605,-1.625,-0.086,68.1,1.25993
3811,317608.33,1,0.2627756595611572,0.3276692032814026,0.22041,0.004424509592354298,-1.551,-1.618,-0.057,68.232,1.26792
3812,317691.67,1,0.2657773494720459,0.3472970426082611,0.21757,0.0037600442301481962,-1.372,-1.601,-0.052,68.13,1.25809
3813,317775.0,1,0.28537991642951965,0.3737778663635254,0.21129,0.003385935677215457,-1.414,-1.598,-0.051,68.427,1.24079
3814,317858.33,1,0.31091591715812683,0.40196603536605835,0.20242,0.0032603000290691853,-1.431,-1.602,-0.01,68.354,1.23814
3815,317941.67,1,0.3303527534008026,0.4241407513618469,0.19639,0.003136587329208851,-1.443,-1.6,-0.005,68.461,1.23978
3816,318025.0,1,0.34253254532814026,0.4385281801223755,0.19241,0.0031609840225428343,-1.325,-1.61,-0.019,67.811,1.24941
3817,318108.33,1,0.3468388617038727,0.44140759110450745,0.19158,0.0032668921630829573,-1.379,-1.605,-0.03,67.829,1.26181
3818,318191.67,1,0.34686174988746643,0.44332900643348694,0.19099,0.003353952197358012,-1.375,-1.614,-0.043,67.599,1.27882
3819,318275.0,1,0.3531968593597412,0.4500953257083893,0.18748,0.003727224189788103,-1.429,-1.61,-0.047,68.012,1.2701
3820,318358.33,1,0.3599155843257904,0.4530741572380066,0.18524,0.003972866106778383,-1.552,-1.584,-0.084,67.739,1.28
3821,318441.67,1,0.35234376788139343,0.43401509523391724,0.18761,0.004186396487057209,-1.597,-1.548,-0.145,68.198,1.26267
3822,318525.0,1,0.33772024512290955,0.41499555110931396,0.19299,0.004094069357961416,-1.722,-1.526,-0.158,68.14,1.25184
3823,318608.33,1,0.32825642824172974,0.410316526889801,0.19615,0.0041761137545108795,-1.806,-1.52,-0.139,68.386,1.25461
3824,318691.67,1,0.3156757056713104,0.4049712121486664,0.19986,0.004102774895727634,-1.808,-1.522,-0.11,67.98,1.2713
3825,318775.0,1,0.3211193084716797,0.4410340487957001,0.19055,0.004225125070661306,-1.763,-1.518,-0.121,68.051,1.28346
3826,318858.33,1,0.5610671043395996,0.6823418140411377,0.09268,0.004654219839721918,-1.527,-1.497,-0.243,67.845,1.29263
3827,318941.67,1,0.5176556706428528,0.6637876033782959,0.10409,0.004487720318138599,-1.59,-1.561,-0.304,68.365,1.27026
3828,319025.0,1,0.48177534341812134,0.6487234830856323,0.114,0.0049919611774384975,-1.582,-1.588,-0.328,68.504,1.25581
3829,319108.33,1,0.729644238948822,0.7635952234268188,0.0223,0.005183385219424963,-1.195,-1.327,-0.39,68.799,1.23941
3830,319191.67,1,0.7803259491920471,0.7911363244056702,0.01008,0.005273391492664814,-0.97,-1.188,-0.499,68.544,1.22553
3831,319275.0,1,0.7423174381256104,0.7694366574287415,0.01287,0.005200324114412069,-0.964,-1.247,-0.49,68.461,1.25419
3832,319358.33,1,0.5603380799293518,0.7246500253677368,0.06733,0.004853823687881231,-1.374,-1.462,-0.461,68.162,1.27628
3833,319441.67,1,0.43352288007736206,0.6502147912979126,0.11626,0.00443023256957531,-1.606,-1.589,-0.305,68.772,1.25985
3834,319525.0,1,0.36039939522743225,0.5603874921798706,0.15376,0.0041061039082705975,-1.641,-1.61,-0.17,68.841,1.24941
3835,319606.67,1,0.32399460673332214,0.4628352224826813,0.18019,0.003519481047987938,-1.53,-1.596,-0.114,69.186,1.24074
3836,319690.0,1,0.30845651030540466,0.41806116700172424,0.19189,0.0028235523495823145,-1.372,-1.601,-0.086,69.097,1.23903
3837,319773.33,1,0.29615938663482666,0.3989907205104828,0.19845,0.002633147407323122,-1.134,-1.703,-0.094,69.18,1.24357
3838,319856.67,1,0.27809494733810425,0.3795151710510254,0.20593,0.0026075567584484816,-0.924,-1.781,-0.101,68.598,1.26212
3839,319940.0,1,0.27206936478614807,0.3685046136379242,0.2094,0.00243604788556695,-0.474,-1.95,-0.126,68.388,1.27778
3840,320023.33,1,0.27056533098220825,0.37153586745262146,0.20873,0.002531898906454444,0.258,-2.036,-0.081,68.563,1.26132
3841,320106.67,1,0.2651210129261017,0.3652111291885376,0.20898,0.002689736196771264,0.578,-1.965,0.012,68.598,1.27624
3842,320190.0,1,0.259835422039032,0.3602619767189026,0.20874,0.0029424363747239113,0.887,-1.838,0.12,68.133,1.28834
3843,320273.33,1,0.26064902544021606,0.36158475279808044,0.20747,0.0031271902844309807,0.894,-1.78,0.188,68.246,1.28812
3844,320356.67,1,0.28072285652160645,0.3809942901134491,0.20338,0.003104886505752802,0.546,-1.782,0.239,68.133,1.26729
3845,320440.0,1,0.2919537425041199,0.3808865547180176,0.205,0.003138454630970955,0.065,-1.863,0.222,68.443,1.25154
3846,320523.33,1,0.2948395311832428,0.3796108365058899,0.20574,0.0033692424185574055,-0.073,-1.926,0.192,68.309,1.24432
3847,320606.67,1,0.29501599073410034,0.376220166683197,0.20663,0.003662706119939685,-0.19,-1.954,0.175,68.434,1.24603
3848,320690.0,1,0.30763134360313416,0.3917100131511688,0.20065,0.003795412601903081,-0.183,-1.941,0.152,67.903,1.26211
3849,320773.33,1,0.5234103202819824,0.5864263772964478,0.12151,0.004427539650350809,-0.364,-1.883,0.087,67.862,1.2764
3850,320856.67,1,0.5166553258895874,0.5781480073928833,0.12172,0.0044789561070501804,-0.45,-1.877,0.084,67.463,1.2877
3851,320940.0,1,0.4508040249347687,0.5440036654472351,0.14105,0.004053459968417883,-0.557,-1.87,0.078,68.01,1.26962
3852,321023.33,1,0.3795207738876343,0.46529221534729004,0.16979,0.003617716021835804,-0.672,-1.809,0.108,68.012,1.25744
3853,321106.67,1,0.3376825153827667,0.42786186933517456,0.18469,0.0035213346127420664,-0.747,-1.79,0.135,68.026,1.26302
3854,321190.0,1,0.3193495273590088,0.4079373776912689,0.19393,0.003448249539360404,-0.774,-1.797,0.201,67.908,1.25598
3855,321273.33,1,0.31586694717407227,0.40463772416114807,0.19792,0.0034281047992408276,-0.933,-1.893,0.227,68.162,1.24487
3856,321356.67,1,0.5357217788696289,0.6463804244995117,0.1052,0.00348246144130826,-0.832,-1.868,0.177,68.046,1.23755
3857,321440.0,1,0.5196454524993896,0.6315828561782837,0.1087,0.0034706457518041134,-0.968,-1.986,0.191,68.193,1.22442
3858,321523.33,1,0.43173038959503174,0.5706539154052734,0.13657,0.0034286067821085453,-0.904,-2.125,0.31,68.087,1.22594
3859,321606.67,1,0.3572029769420624,0.49804770946502686,0.16509,0.003326351987197995,-0.922,-2.171,0.395,67.864,1.23638
3860,321690.0,1,0.3130660355091095,0.43895211815834045,0.18463,0.0032993038184940815,-0.778,-2.198,0.484,67.693,1.2258
3861,321773.33,1,0.30043572187423706,0.4163050353527069,0.19181,0.00323712476529181,-0.766,-2.188,0.571,67.802,1.22169
3862,321856.67,1,0.30172938108444214,0.4105812907218933,0.19327,0.003242531092837453,-0.755,-2.175,0.628,67.351,1.23566
3863,321940.0,1,0.2994360625743866,0.40766751766204834,0.19505,0.003446446033194661,-0.75,-2.173,0.658,67.885,1.23185
3864,322021.67,1,0.2987807095050812,0.4065282344818115,0.19558,0.0036335366312414408,-0.775,-2.139,0.678,67.925,1.23155
3865,322105.0,1,0.2985647916793823,0.4074896275997162,0.19587,0.003754320554435253,-0.796,-2.151,0.681,68.189,1.22914
3866,322188.33,1,0.4192410111427307,0.5613186359405518,0.14358,0.003942462615668774,-0.843,-2.13,0.65,68.108,1.23125
3867,322271.67,1,0.662545919418335,0.7248052358627319,0.05485,0.004402365069836378,-0.671,-1.926,0.608,67.971,1.25737
3868,322355.0,1,0.6246792078018188,0.7308060526847839,0.05584,0.004470900632441044,-0.665,-1.897,0.568,67.458,1.27596
3869,322438.33,1,0.4853762984275818,0.6920233964920044,0.08975,0.004356264602392912,-0.565,-1.942,0.589,67.613,1.26283
3870,322521.67,1,0.3872986435890198,0.5627397298812866,0.14065,0.004126021638512611,-0.906,-2.135,0.591,67.43,1.28288
3871,322605.0,1,0.3510065972805023,0.4887533187866211,0.16686,0.004194825422018766,-0.974,-2.254,0.601,67.852,1.25413
3872,322688.33,1,0.3333505094051361,0.4523756504058838,0.17887,0.004203714430332184,-0.97,-2.252,0.592,67.868,1.24419
3873,322771.67,1,0.3117826581001282,0.42721977829933167,0.18641,0.004267137963324785,-0.816,-2.282,0.612,68.015,1.22399
3874,322855.0,1,0.29982584714889526,0.4087962210178375,0.19243,0.004400286357849836,-0.77,-2.268,0.625,67.666,1.21379
3875,322938.33,1,0.2992124557495117,0.40594807267189026,0.19361,0.0043510557152330875,-0.751,-2.269,0.602,67.892,1.22464
3876,323021.67,1,0.29764890670776367,0.4034575819969177,0.19729,0.004107190296053886,-0.768,-2.261,0.599,67.486,1.24852
3877,323105.0,1,0.298913836479187,0.4091110825538635,0.19919,0.003910798113793135,-0.766,-2.236,0.606,68.009,1.24033
3878,323188.33,1,0.3168937861919403,0.41585105657577515,0.19769,0.00386197492480278,-0.721,-2.175,0.566,68.102,1.23659
3879,323271.67,1,0.32970795035362244,0.437296599149704,0.19256,0.003799697384238243,-0.668,-2.128,0.491,69.012,1.22484
3880,323355.0,1,0.34152814745903015,0.46175944805145264,0.18744,0.0036978828720748425,-0.673,-2.015,0.444,69.343,1.22057
3881,323438.33,1,0.46348071098327637,0.5682238936424255,0.14158,0.003925779368728399,-0.818,-1.853,0.387,69.78,1.22466
3882,323521.67,1,0.8002001047134399,0.790972113609314,0.00916,0.004193250089883804,-0.466,-1.446,0.197,69.456,1.24122
3883,323605.0,1,0.789494514465332,0.8084061741828918,0.01276,0.004311195109039545,-0.439,-1.451,0.18,69.984,1.22923
3884,323688.33,1,0.7523676156997681,0.7827903628349304,0.0135,0.0044135297648608685,-0.426,-1.481,0.172,69.967,1.2225
3885,323771.67,1,0.6320220232009888,0.7661669254302979,0.03933,0.0042399144731462,-0.66,-1.748,0.132,70.126,1.2172
3886,323855.0,1,0.6822365522384644,0.7670669555664062,0.02834,0.003960530739277601,-0.584,-1.861,0.148,69.855,1.21684
3887,323938.33,1,0.7320269346237183,0.7751437425613403,0.01674,0.0037333371583372355,-0.449,-1.806,0.143,69.638,1.23919
3888,324021.67,1,0.6693371534347534,0.7633780837059021,0.03378,0.003434199606999755,-0.582,-1.836,0.102,69.312,1.23821
3889,324105.0,1,0.49526548385620117,0.6704304814338684,0.08933,0.003024894278496504,-0.739,-1.912,0.094,69.45,1.23481
3890,324188.33,1,0.39247626066207886,0.5641474723815918,0.13327,0.0027658946346491575,-0.95,-2.02,0.125,69.135,1.23267
3891,324271.67,1,0.35464659333229065,0.4900187849998474,0.15769,0.0027812477201223373,-1.201,-2.042,0.178,69.159,1.22661
3892,324353.33,1,0.33897969126701355,0.43053188920021057,0.17539,0.0028562163934111595,-1.28,-1.991,0.209,68.694,1.21757
3893,324436.67,1,0.3305187523365021,0.4027002155780792,0.18631,0.002954676980152726,-1.537,-1.986,0.25,68.474,1.23221
3894,324520.0,1,0.3356088101863861,0.40605148673057556,0.18759,0.0029876388143748045,-1.537,-1.925,0.296,68.395,1.2324
3895,324603.33,1,0.594308614730835,0.6308741569519043,0.09248,0.0033181202597916126,-1.249,-1.914,0.256,68.589,1.22706
3896,324686.67,1,0.590668797492981,0.6412115097045898,0.0856,0.003618656424805522,-1.228,-1.911,0.159,68.241,1.21609
3897,324770.0,1,0.463837206363678,0.5982571840286255,0.11974,0.003224033396691084,-1.326,-1.954,0.122,68.252,1.21736
3898,324853.33,1,0.37401705980300903,0.48616331815719604,0.15915,0.0027341933455318213,-1.335,-2.022,0.139,67.824,1.24227
3899,324936.67,1,0.33080145716667175,0.4283030331134796,0.18013,0.0026878847274929285,-1.428,-2.08,0.224,67.596,1.26143
3900,325020.0,1,0.30425235629081726,0.40112701058387756,0.19242,0.002990328473970294,-1.308,-2.05,0.25,67.856,1.25454
3901,325103.33,1,0.29376015067100525,0.3729107975959778,0.20076,0.0031437489669770002,-1.312,-2.02,0.27,67.875,1.26843
3902,325186.67,1,0.29242247343063354,0.364836186170578,0.20414,0.0030055930837988853,-1.382,-1.995,0.294,67.427,1.28037
3903,325270.0,1,0.295610249042511,0.3659144639968872,0.20462,0.003118788357824087,-1.38,-1.995,0.3,67.692,1.28108
3904,325353.33,1,0.2971367835998535,0.36594051122665405,0.20438,0.003264368511736393,-1.389,-1.986,0.333,67.728,1.26518
3905,325436.67,1,0.2992086112499237,0.36580610275268555,0.20432,0.003296305425465107,-1.348,-2.003,0.332,68.008,1.24005
3906,325520.0,1,0.29648539423942566,0.3710811734199524,0.20501,0.0032658118288964033,-1.219,-2.1,0.326,67.94,1.23417
3907,325603.33,1,0.29367172718048096,0.37812596559524536,0.2034,0.003295642789453268,-1.107,-2.104,0.334,68.12,1.23918
3908,325686.67,1,0.2980545461177826,0.38418617844581604,0.20171,0.003209215123206377,-1.063,-2.077,0.337,67.714,1.25838
3909,325770.0,1,0.3091666102409363,0.388849139213562,0.20019,0.0030447375029325485,-1.081,-2.037,0.34,67.8,1.24481
3910,325853.33,1,0.3162371516227722,0.39681756496429443,0.19841,0.003222648287191987,-1.096,-2.043,0.355,67.352,1.2504
3911,325936.67,1,0.32241418957710266,0.4034680724143982,0.19578,0.003051372244954109,-1.138,-2.047,0.336,67.865,1.24115
3912,326020.0,1,0.32208287715911865,0.403874933719635,0.19474,0.002956096548587084,-1.041,-2.027,0.342,67.914,1.23733
3913,326103.33,1,0.32115742564201355,0.39986950159072876,0.19599,0.0030756595078855753,-1.095,-2.015,0.357,68.052,1.25502
3914,326186.67,1,0.3213036060333252,0.3986271917819977,0.19633,0.003134554484859109,-1.17,-2.049,0.356,68.095,1.24985
3915,326270.0,1,0.3223858177661896,0.3925067186355591,0.198,0.00310590211302042,-1.291,-2.052,0.408,68.544,1.24232
3916,326353.33,1,0.3208179175853729,0.38658058643341064,0.20136,0.003045655321329832,-1.484,-2.041,0.435,68.476,1.23657
3917,326436.67,1,0.3236713111400604,0.3907325863838196,0.20109,0.003066160250455141,-1.552,-2.028,0.458,68.371,1.25259
3918,326520.0,1,0.37969309091567993,0.5060513615608215,0.16985,0.0028961587231606245,-1.566,-2.027,0.409,68.178,1.23285
3919,326603.33,1,0.7092554569244385,0.7518826723098755,0.03936,0.0027898652479052544,-1.156,-1.915,0.298,68.282,1.25097
3920,326685.0,1,0.7469128370285034,0.7657319903373718,0.02135,0.0030263615772128105,-1.018,-1.919,0.262,68.364,1.24718
3921,326768.33,1,0.7065499424934387,0.7294166088104248,0.04189,0.0029641701839864254,-1.093,-2.001,0.219,68.692,1.25038
3922,326851.67,1,0.5081762075424194,0.6317678689956665,0.10165,0.0029985697474330664,-1.117,-2.012,0.235,68.402,1.26856
3923,326935.0,1,0.41886672377586365,0.5400409698486328,0.14233,0.0027754888869822025,-1.186,-2.024,0.274,68.502,1.27239
3924,327018.33,1,0.41157403588294983,0.5365506410598755,0.14702,0.002675269730389118,-1.253,-1.998,0.28,68.527,1.25818
3925,327101.67,1,0.5875271558761597,0.6702748537063599,0.08529,0.002917808247730136,-1.202,-1.906,0.25,68.807,1.24138
3926,327185.0,1,0.49236175417900085,0.6351634860038757,0.10895,0.0029766683001071215,-1.543,-1.982,0.256,68.499,1.22597
3927,327268.33,1,0.3716338276863098,0.48251181840896606,0.16352,0.002634103409945965,-1.625,-1.999,0.338,68.771,1.22485
3928,327351.67,1,0.3247659206390381,0.39116328954696655,0.19462,0.0024952341336756945,-1.618,-1.997,0.352,68.56,1.22665
3929,327435.0,1,0.3088763952255249,0.3814365565776825,0.20462,0.0025310367345809937,-1.682,-2.0,0.354,68.536,1.22746
3930,327518.33,1,0.30321618914604187,0.3706238269805908,0.20827,0.0028007645159959793,-1.533,-1.951,0.346,68.52,1.22918
3931,327601.67,1,0.28604230284690857,0.36745235323905945,0.21144,0.003044173354282975,-1.251,-1.935,0.3,68.254,1.24191
3932,327685.0,1,0.28803732991218567,0.3728102445602417,0.20962,0.0030158585868775845,-1.124,-1.961,0.232,68.134,1.23471
3933,327768.33,1,0.2879675626754761,0.3709370791912079,0.20934,0.002991592511534691,-0.985,-1.948,0.228,68.085,1.25889
3934,327851.67,1,0.28719231486320496,0.3635372221469879,0.21096,0.0030029267072677612,-0.931,-1.906,0.256,67.63,1.27989
3935,327935.0,1,0.28296589851379395,0.3496883809566498,0.21364,0.003210763679817319,-0.895,-1.905,0.278,68.041,1.26181
3936,328018.33,1,0.28440728783607483,0.3470751941204071,0.21368,0.0034474206622689962,-0.854,-1.895,0.28,67.976,1.25031
3937,328101.67,1,0.28567421436309814,0.342693567276001,0.21428,0.0034102092031389475,-0.821,-1.9,0.29,68.177,1.24957
3938,328185.0,1,0.28659525513648987,0.34290623664855957,0.2147,0.003627058118581772,-0.822,-1.903,0.291,67.679,1.26303
3939,328268.33,1,0.28742823004722595,0.34667161107063293,0.21405,0.00365498848259449,-0.813,-1.914,0.299,68.076,1.25004
3940,328351.67,1,0.28872716426849365,0.34848955273628235,0.21389,0.0037055695429444313,-0.818,-1.911,0.307,68.004,1.24313
3941,328435.0,1,0.29068174958229065,0.3533807098865509,0.21305,0.003717891639098525,-0.867,-1.937,0.3,68.415,1.23564
3942,328518.33,1,0.29218292236328125,0.3601648807525635,0.2113,0.0036050225608050823,-0.868,-1.943,0.29,68.338,1.23401
3943,328601.67,1,0.3383721113204956,0.4381603002548218,0.18527,0.003537246957421303,-0.867,-1.954,0.227,68.612,1.2305
3944,328685.0,1,0.6934397220611572,0.7267577648162842,0.05001,0.00385886337608099,-0.633,-1.661,0.092,68.451,1.23306
3945,328768.33,1,0.6126505136489868,0.7110496759414673,0.06768,0.0036203658673912287,-0.961,-1.893,0.055,68.247,1.25866
3946,328851.67,1,0.517829179763794,0.6961603760719299,0.08886,0.0034150048159062862,-1.052,-1.999,0.058,67.816,1.27866
3947,328935.0,1,0.40551093220710754,0.5704807043075562,0.13779,0.003112936392426491,-1.157,-2.032,0.115,67.85,1.27934
3948,329016.67,1,0.3545311987400055,0.4697287380695343,0.16819,0.002827944466844201,-1.161,-2.01,0.18,67.669,1.25362
3949,329100.0,1,0.32585105299949646,0.41778597235679626,0.1854,0.002720136661082506,-1.138,-1.997,0.226,67.87,1.26529
3950,329183.33,1,0.3127965033054352,0.3865329325199127,0.19504,0.0027374650817364454,-1.117,-1.972,0.259,67.907,1.25455
3951,329266.67,1,0.30015721917152405,0.3594948649406433,0.20291,0.0028007354121655226,-1.117,-1.985,0.259,68.146,1.25234
3952,329350.0,1,0.2894681394100189,0.34655070304870605,0.20805,0.002901544561609626,-1.13,-1.973,0.265,67.796,1.26976
3953,329433.33,1,0.27953168749809265,0.3419487178325653,0.21125,0.002970306668430567,-1.155,-2.016,0.269,68.175,1.25442
3954,329516.67,1,0.2801511585712433,0.340490460395813,0.21254,0.0029886956326663494,-1.153,-2.018,0.261,68.126,1.24676
3955,329600.0,1,0.27842584252357483,0.3380477726459503,0.21408,0.003083731746301055,-1.139,-2.01,0.25,68.186,1.24092
3956,329683.33,1,0.2761663794517517,0.33906662464141846,0.21423,0.0032121515832841396,-1.075,-2.011,0.238,67.568,1.2482
3957,329766.67,1,0.27078408002853394,0.3318761885166168,0.2173,0.003362223505973816,-1.054,-2.002,0.233,67.616,1.26955
3958,329850.0,1,0.2730873227119446,0.3262101411819458,0.2205,0.002985576866194606,-1.226,-1.958,0.204,67.289,1.28353
3959,329933.33,1,0.27352678775787354,0.326364129781723,0.2205,0.0030613744165748358,-1.212,-1.952,0.191,67.373,1.29141
3960,330016.67,1,0.26652979850769043,0.3286934792995453,0.22121,0.003632875392213464,-1.029,-1.987,0.153,67.781,1.26454
3961,330100.0,1,0.2560538351535797,0.3248983323574066,0.22079,0.004465034231543541,-0.758,-1.917,0.13,67.961,1.26691
3962,330183.33,1,0.2531176507472992,0.3273434638977051,0.21952,0.004774533677846193,-0.73,-1.921,0.127,67.85,1.24586
3963,330266.67,1,0.24746288359165192,0.3234941363334656,0.21961,0.00507383793592453,-0.676,-1.955,0.127,68.042,1.25395
3964,330350.0,1,0.24456830322742462,0.32443204522132874,0.21846,0.005293306428939104,-0.638,-1.962,0.131,67.981,1.2458
3965,330433.33,1,0.2416486293077469,0.32267311215400696,0.21914,0.005862881429493427,-0.62,-1.898,0.111,68.161,1.25755
3966,330516.67,1,0.25135183334350586,0.3259719908237457,0.21769,0.005889995954930782,-0.555,-1.792,0.072,68.201,1.25157
3967,330600.0,1,0.2547009289264679,0.329546183347702,0.21699,0.005881891120225191,-0.532,-1.721,0.032,68.337,1.26373
3968,330683.33,1,0.25439560413360596,0.330132395029068,0.21762,0.004970054142177105,-0.657,-1.679,-0.033,68.365,1.25118
3969,330766.67,1,0.25479939579963684,0.33038392663002014,0.21825,0.004722899291664362,-0.868,-1.685,-0.04,68.612,1.25075
3970,330850.0,1,0.2562869191169739,0.3289645314216614,0.21972,0.004815679509192705,-1.127,-1.747,-0.067,68.303,1.26729
3971,330933.33,1,0.2561090290546417,0.3247509300708771,0.22085,0.0046271770261228085,-1.167,-1.755,-0.108,68.725,1.25206
3972,331016.67,1,0.257224977016449,0.3299340605735779,0.22039,0.0042542158626019955,-1.385,-1.798,-0.134,68.644,1.24287
3973,331100.0,1,0.2678684592247009,0.3348264694213867,0.21819,0.004309240262955427,-1.414,-1.784,-0.168,69.033,1.23691
3974,331183.33,1,0.28264540433883667,0.3615849018096924,0.2123,0.004246818833053112,-1.46,-1.81,-0.195,68.894,1.23608
3975,331266.67,1,0.3019331693649292,0.3736620843410492,0.20756,0.004194765817373991,-1.475,-1.809,-0.213,68.655,1.25556
3976,331348.33,1,0.318327397108078,0.3938922584056854,0.20191,0.004180734511464834,-1.564,-1.808,-0.239,68.119,1.26437
3977,331431.67,1,0.3315373957157135,0.41470733284950256,0.1966,0.004085777793079615,-1.568,-1.806,-0.257,68.602,1.25159
3978,331515.0,1,0.3337860405445099,0.4170074760913849,0.19526,0.00444524921476841,-1.573,-1.804,-0.256,68.577,1.24494
3979,331598.33,1,0.3353024423122406,0.41704121232032776,0.19475,0.004430239088833332,-1.574,-1.808,-0.254,68.54,1.25986
3980,331681.67,1,0.5339207649230957,0.6235350370407104,0.11148,0.004805317614227533,-1.426,-1.767,-0.336,68.446,1.25109
3981,331765.0,1,0.5238845944404602,0.6412842273712158,0.1051,0.005060646217316389,-1.524,-1.83,-0.352,68.516,1.23391
3982,331848.33,1,0.4622892141342163,0.6303561925888062,0.11628,0.004886360373347998,-1.481,-1.809,-0.32,68.38,1.23059
3983,331931.67,1,0.3895612359046936,0.5422651767730713,0.14835,0.004856375511735678,-1.55,-1.759,-0.254,68.341,1.22552
3984,332015.0,1,0.35543522238731384,0.4828172028064728,0.16908,0.004715481773018837,-1.582,-1.712,-0.186,67.76,1.23827
3985,332098.33,1,0.3218182623386383,0.4305424094200134,0.18541,0.004923173692077398,-1.531,-1.737,-0.176,67.669,1.25078
3986,332181.67,1,0.3046063780784607,0.4075038731098175,0.19499,0.005300280638039112,-1.495,-1.729,-0.15,67.542,1.26483
3987,332265.0,1,0.29306575655937195,0.3992025554180145,0.20083,0.005085679702460766,-1.376,-1.786,-0.139,68.005,1.24293
3988,332348.33,1,0.2887994945049286,0.38877472281455994,0.20476,0.004779375623911619,-1.225,-1.806,-0.128,67.969,1.22326
3989,332431.67,1,0.2865125238895416,0.3810751736164093,0.2074,0.004733595997095108,-1.145,-1.838,-0.116,68.194,1.2209
3990,332515.0,1,0.2802790701389313,0.3782723844051361,0.21054,0.003662864677608013,-1.108,-1.855,-0.117,67.853,1.25318
3991,332598.33,1,0.28265810012817383,0.3800596594810486,0.21054,0.003358113346621394,-1.027,-1.857,-0.107,67.919,1.25762
3992,332681.67,1,0.287355899810791,0.38288453221321106,0.20986,0.0030654652509838343,-1.02,-1.837,-0.087,67.635,1.26958
3993,332765.0,1,0.28259921073913574,0.3806641101837158,0.21122,0.0029810497071594,-0.987,-1.831,-0.072,67.775,1.26089
3994,332848.33,1,0.28251931071281433,0.37825992703437805,0.21105,0.00285297236405313,-0.956,-1.808,-0.043,67.747,1.24884
3995,332931.67,1,0.2806287407875061,0.3762800693511963,0.212,0.0027166632935404778,-0.949,-1.798,-0.032,68.297,1.23686
3996,333015.0,1,0.2805255651473999,0.3766140341758728,0.21221,0.0026385982055217028,-0.932,-1.793,-0.027,68.299,1.23308
3997,333098.33,1,0.27919429540634155,0.37718304991722107,0.21234,0.0028905330691486597,-0.922,-1.791,-0.043,68.466,1.21703
3998,333181.67,1,0.27727699279785156,0.37596750259399414,0.21262,0.003206920810043812,-0.862,-1.807,-0.048,68.324,1.21661
3999,333265.0,1,0.3467544615268707,0.4169910252094269,0.18798,0.0032309964299201965,-0.984,-1.751,-0.155,68.595,1.21021
4000,333348.33,1,0.7267393469810486,0.7044911980628967,0.04719,0.0036691436544060707,-0.67,-1.545,-0.208,68.351,1.20678
4001,333431.67,1,0.6524286270141602,0.6872221231460571,0.06363,0.003939804155379534,-0.603,-1.646,-0.214,68.036,1.22973
4002,333515.0,1,0.5175304412841797,0.6767144203186035,0.09098,0.0039249928668141365,-0.708,-1.796,-0.209,67.898,1.22003
4003,333598.33,1,0.42308852076530457,0.5894495248794556,0.1301,0.0038231632206588984,-0.8,-1.902,-0.186,67.884,1.24436
4004,333680.0,1,0.36380574107170105,0.5006939172744751,0.15951,0.003892831038683653,-0.879,-1.925,-0.138,67.474,1.25653
4005,333763.33,1,0.32995080947875977,0.442172110080719,0.17813,0.003840753575786948,-0.822,-1.88,-0.112,68.035,1.24369
4006,333846.67,1,0.3119640350341797,0.41616395115852356,0.18722,0.0037991199642419815,-0.691,-1.851,-0.075,67.862,1.2551
4007,333930.0,1,0.31130823493003845,0.4085482656955719,0.18956,0.003744034795090556,-0.617,-1.83,-0.065,68.395,1.23796
4008,334013.33,1,0.31134745478630066,0.4066663384437561,0.19138,0.0036898476537317038,-0.539,-1.808,-0.046,68.391,1.22778
4009,334096.67,1,0.3148843050003052,0.4218396246433258,0.18928,0.003636506851762533,-0.498,-1.824,-0.04,68.529,1.21124
4010,334180.0,1,0.3187991976737976,0.4268047511577606,0.18846,0.00331031228415668,-0.517,-1.855,-0.046,68.433,1.21042
4011,334263.33,1,0.411392480134964,0.5503442883491516,0.14888,0.0034206146374344826,-0.482,-1.789,-0.07,68.131,1.22466
4012,334346.67,1,0.7670590877532959,0.7600834369659424,0.02009,0.0039221420884132385,-0.005,-1.347,-0.205,67.607,1.23482
4013,334430.0,1,0.8266620635986328,0.8264209628105164,0.02677,0.003833355847746134,0.121,-1.279,-0.22,67.845,1.24291
4014,334513.33,1,0.8441593050956726,0.8359527587890625,0.0355,0.003823836799710989,0.172,-1.138,-0.294,68.063,1.23625
4015,334596.67,1,0.8358403444290161,0.8317805528640747,0.02953,0.0036267030518501997,0.145,-1.073,-0.363,68.551,1.22626
4016,334680.0,1,0.8262231945991516,0.8248512744903564,0.02297,0.003370498074218631,0.138,-0.999,-0.383,68.578,1.22147
4017,334763.33,1,0.8173536062240601,0.8280534744262695,0.02005,0.0034627323038876057,-0.028,-1.005,-0.392,68.88,1.2161
4018,334846.67,1,0.8135137557983398,0.8308110237121582,0.02034,0.003735841019079089,-0.152,-1.042,-0.388,68.644,1.21781
4019,334930.0,1,0.8084045648574829,0.8322052955627441,0.01906,0.003657825058326125,-0.134,-1.05,-0.405,68.704,1.21627
4020,335013.33,1,0.8206341862678528,0.8419912457466125,0.02519,0.003416213672608137,-0.196,-1.043,-0.45,68.141,1.23479
4021,335096.67,1,0.8241500854492188,0.8423997163772583,0.0259,0.0029992684721946716,-0.206,-1.049,-0.433,68.458,1.24449
4022,335180.0,1,0.8263932466506958,0.8379459381103516,0.02579,0.0029040302615612745,-0.288,-1.04,-0.393,68.505,1.23951
4023,335263.33,1,0.8257609605789185,0.8326138854026794,0.02372,0.002728217514231801,-0.349,-1.03,-0.366,68.887,1.24002
4024,335346.67,1,0.826194703578949,0.8357017040252686,0.02467,0.0027131654787808657,-0.381,-1.019,-0.364,68.604,1.25643
4025,335430.0,1,0.8259682655334473,0.8370316028594971,0.02549,0.0028867742512375116,-0.427,-1.005,-0.341,68.645,1.25421
4026,335513.33,1,0.824961245059967,0.836142361164093,0.02562,0.0030897685792297125,-0.437,-1.001,-0.33,68.724,1.2427
4027,335596.67,1,0.8014974594116211,0.8254079818725586,0.01562,0.003348282305523753,-0.524,-1.068,-0.273,68.89,1.23592
4028,335680.0,1,0.7413485050201416,0.7874104380607605,0.01776,0.0033886590972542763,-0.538,-1.098,-0.235,68.281,1.24288
4029,335763.33,1,0.6731621026992798,0.7583455443382263,0.03823,0.0033168825320899487,-0.564,-1.163,-0.214,68.436,1.25926
4030,335846.67,1,0.6282621622085571,0.7384071350097656,0.05593,0.0032822845969349146,-0.623,-1.33,-0.227,68.195,1.2691
4031,335930.0,1,0.5904547572135925,0.7091720104217529,0.07324,0.0033174201380461454,-0.679,-1.414,-0.25,68.847,1.23688
4032,336013.33,1,0.5613264441490173,0.6916297674179077,0.08744,0.0032648525666445494,-0.89,-1.559,-0.292,68.965,1.22043
4033,336095.0,1,0.5423471331596375,0.6776459217071533,0.09754,0.0032625163439661264,-1.133,-1.618,-0.276,68.818,1.22201
4034,336178.33,1,0.5143998265266418,0.666592001914978,0.10926,0.0031316562090069056,-1.13,-1.703,-0.21,68.706,1.21575
4035,336261.67,1,0.5062694549560547,0.6497324705123901,0.11838,0.002732169581577182,-1.155,-1.708,-0.205,68.964,1.20513
4036,336345.0,1,0.4843249022960663,0.6303019523620605,0.13014,0.0025368784554302692,-1.355,-1.738,-0.216,68.641,1.19134
4037,336428.33,1,0.48881521821022034,0.6300003528594971,0.13227,0.002512944396585226,-1.415,-1.732,-0.206,68.714,1.19545
4038,336511.67,1,0.513087272644043,0.6368569731712341,0.12729,0.0025497216265648603,-1.531,-1.693,-0.199,68.06,1.21078
4039,336595.0,1,0.5208515524864197,0.6423565745353699,0.12209,0.0027236584573984146,-1.582,-1.692,-0.251,68.239,1.2048
4040,336678.33,1,0.5285862684249878,0.6534351110458374,0.11345,0.003051057690754533,-1.628,-1.702,-0.332,67.952,1.22363
4041,336761.67,1,0.5427857637405396,0.6603708267211914,0.10645,0.003254559123888612,-1.631,-1.713,-0.352,68.491,1.20162
4042,336928.33,1,0.5376052856445312,0.6510522365570068,0.09329,0.031631309539079666,-1.669,-1.624,-0.371,69.126,1.16757
4043,337011.67,1,0.5265365839004517,0.6572268605232239,0.09268,0.045009795576334,-1.628,-1.601,-0.337,69.703,1.16283
4044,337095.0,1,0.4919957220554352,0.6424061059951782,0.10159,0.04635784029960632,-1.53,-1.595,-0.311,69.663,1.15907
4045,337178.33,1,0.44679075479507446,0.6073465347290039,0.11431,0.07064364850521088,-1.545,-1.578,-0.338,69.848,1.18076
4046,337261.67,1,0.4218602180480957,0.5873038172721863,0.12182,0.07935876399278641,-1.544,-1.548,-0.356,69.874,1.18207
4047,337345.0,1,0.4050007462501526,0.5732195377349854,0.12822,0.0840550884604454,-1.633,-1.569,-0.349,69.971,1.20152
4048,337428.33,1,0.39330753684043884,0.5666961669921875,0.13249,0.08520859479904175,-1.701,-1.605,-0.323,70.006,1.19197
4049,337511.67,1,0.394649475812912,0.5618323683738708,0.1357,0.08139675855636597,-1.759,-1.7,-0.265,70.231,1.18655
4050,337595.0,1,0.4029847979545593,0.5594198703765869,0.13241,0.09947814047336578,-1.888,-1.591,-0.089,69.495,1.22521
4051,337678.33,1,0.3962576985359192,0.5668717622756958,0.1235,0.1973038762807846,-1.882,-1.646,0.103,70.237,1.21647
4052,337761.67,1,0.4418124556541443,0.5974864363670349,0.10267,0.2801438868045807,-2.059,-1.787,0.297,70.36,1.21102
4053,337845.0,1,0.5069375038146973,0.6355301141738892,0.07903,0.34391310811042786,-2.299,-2.174,0.427,70.415,1.218
4054,337928.33,1,0.6216187477111816,0.6727942228317261,0.04894,0.38586002588272095,-3.036,-2.512,0.606,70.418,1.21534
4055,338011.67,1,0.7059844732284546,0.7080738544464111,0.02688,0.42260444164276123,-3.649,-2.461,0.728,70.636,1.19909
4056,338095.0,1,0.7531307935714722,0.7415449023246765,0.02033,0.41711220145225525,-4.328,-2.576,0.732,70.481,1.19005
4057,338178.33,1,0.7672274112701416,0.7498183250427246,0.0218,0.4582698941230774,-4.929,-2.639,0.702,70.813,1.18422
4058,338261.67,1,0.7412371635437012,0.7356225252151489,0.02295,0.5257439017295837,-5.473,-2.889,0.615,70.733,1.1816
4059,338345.0,1,0.7280644178390503,0.7187721729278564,0.02591,0.5682815313339233,-5.968,-2.958,0.329,71.218,1.18931
4060,338428.33,1,0.7321174144744873,0.7330453395843506,0.02799,0.5770068764686584,-6.746,-3.051,0.235,71.366,1.19915
4061,338511.67,1,0.7357990741729736,0.7290544509887695,0.02554,0.5512782335281372,-7.496,-3.057,0.233,71.894,1.20326
4062,338593.33,1,0.7370807528495789,0.7416452765464783,0.02694,0.5285681486129761,-7.745,-2.992,0.136,72.284,1.20788
4063,338676.67,1,0.7451437711715698,0.7309902906417847,0.02444,0.494363397359848,-8.562,-2.776,0.194,72.894,1.21445
4064,338760.0,1,0.7480543851852417,0.7435522079467773,0.02368,0.4872041344642639,-9.753,-3.109,0.077,72.439,1.26663
4065,338843.33,1,0.7370571494102478,0.7253042459487915,0.02667,0.47510406374931335,-10.361,-3.14,0.049,72.985,1.21176
4066,338926.67,1,0.7398890256881714,0.7178046107292175,0.02935,0.47588226199150085,-11.102,-3.387,-0.072,73.268,1.21093
4067,339010.0,1,0.7472230195999146,0.7204995155334473,0.03244,0.5142359733581543,-11.34,-3.442,-0.144,73.415,1.21416
4068,339093.33,1,0.7502660155296326,0.7195107936859131,0.03733,0.5592130422592163,-11.31,-3.353,-0.33,72.737,1.24939
4069,339176.67,1,0.6852269768714905,0.7199611067771912,0.05346,0.6357049942016602,-11.228,-3.283,-0.647,73.191,1.22783
4070,339260.0,1,0.6635805368423462,0.7227753400802612,0.05736,0.6886686086654663,-11.326,-3.255,-1.106,73.032,1.21523
4071,339343.33,1,0.6531357765197754,0.7409644722938538,0.05563,0.7145552635192871,-11.161,-3.202,-1.397,72.427,1.22757
4072,339426.67,1,0.6297212243080139,0.7332531809806824,0.05701,0.7338889241218567,-11.061,-3.191,-1.523,72.41,1.2151
4073,339510.0,1,0.6378682851791382,0.7424048185348511,0.05564,0.7246700525283813,-11.091,-3.071,-1.526,72.309,1.24234
4074,339593.33,1,0.6356372237205505,0.7427611351013184,0.05565,0.6986514925956726,-11.307,-2.909,-1.512,72.526,1.22478
4075,339676.67,1,0.6340104341506958,0.7476734519004822,0.05461,0.6784995198249817,-11.53,-2.571,-1.551,72.317,1.23821
4076,339760.0,1,0.6296520233154297,0.7509870529174805,0.05462,0.6903141736984253,-11.821,-2.393,-1.678,72.296,1.21084
4077,339843.33,1,0.645508885383606,0.7479965090751648,0.05331,0.7092147469520569,-11.888,-2.435,-1.855,72.213,1.22643
4078,339926.67,1,0.668923020362854,0.7486473917961121,0.05212,0.6838427186012268,-12.332,-2.633,-1.985,72.522,1.22026
4079,340010.0,1,0.6853203773498535,0.7575139999389648,0.04928,0.6425944566726685,-12.438,-2.692,-1.982,72.585,1.21659
4080,340093.33,1,0.6990271806716919,0.754994809627533,0.04833,0.6296308040618896,-12.41,-2.689,-1.877,71.904,1.23567
4081,340176.67,1,0.7039859294891357,0.7812721133232117,0.04803,0.6045626997947693,-12.063,-2.493,-1.748,72.708,1.21834
4082,340260.0,1,0.7090016603469849,0.8001158833503723,0.04738,0.591688334941864,-11.801,-2.087,-1.76,72.604,1.21436
4083,340343.33,1,0.7210749387741089,0.7862544059753418,0.047,0.5809337496757507,-12.227,-1.922,-1.538,72.514,1.23331
4084,340426.67,1,0.7166347503662109,0.7678869366645813,0.04849,0.6096582412719727,-13.055,-1.68,-1.252,77.259,1.28672
4085,340510.0,1,0.7869470119476318,0.748420238494873,0.04086,0.04099877178668976,-15.16,-0.847,0.155,80.342,1.24907
4086,340593.33,1,0.788381814956665,0.7969636917114258,0.03669,0.0013594306074082851,-15.6,-1.216,-0.675,81.328,1.24655
4087,340676.67,1,0.755858302116394,0.8383675813674927,0.03014,0.0002515348023734987,-16.338,-2.748,-1.537,81.474,1.25915
4088,340760.0,1,0.6865639686584473,0.8630105257034302,0.03304,0.0022753619123250246,-15.877,-3.848,-2.381,80.86,1.29879
4089,340843.33,1,0.6893547177314758,0.8892611861228943,0.03282,0.0005958208930678666,-15.712,-4.205,-2.357,81.272,1.25048
4090,340925.0,1,0.7066124677658081,0.882615327835083,0.02778,0.0009162482456304133,-15.462,-4.021,-2.277,81.282,1.25251
4091,341008.33,1,0.730719804763794,0.8818565011024475,0.02892,0.00033944821916520596,-14.546,-3.649,-1.844,81.321,1.24503
4092,341091.67,1,0.7564090490341187,0.8760002255439758,0.02943,0.0004393363487906754,-12.642,-3.151,-1.49,80.964,1.24578
4093,341175.0,1,0.783583402633667,0.8492411375045776,0.02413,0.0002495966327842325,-8.82,-2.502,-0.558,80.001,1.26587
4094,341258.33,1,0.7781271934509277,0.8081629276275635,0.01907,0.0002514609368517995,-8.512,-3.403,0.242,79.607,1.29803
4095,341341.67,1,0.7496773600578308,0.769412636756897,0.03004,0.00019743616576306522,-11.131,-5.894,0.047,80.163,1.27329
4096,341425.0,1,0.7408557534217834,0.6358941793441772,0.0398,0.003319378709420562,-10.459,-5.33,0.427,79.905,1.30164
4097,341508.33,1,0.7828440070152283,0.6860849261283875,0.02837,0.008473265916109085,-9.983,-5.714,-1.429,80.474,1.28347
4098,341591.67,1,0.7775936126708984,0.7501139044761658,0.02699,0.012618816457688808,-9.187,-4.556,-4.315,81.381,1.25782
4099,341675.0,1,0.7726905345916748,0.7678529620170593,0.02662,0.010755879804491997,-8.826,-4.564,-5.994,79.868,1.2602
4100,341758.33,1,0.7865720987319946,0.7855358123779297,0.01539,0.01155439205467701,-7.613,-4.868,-6.484,75.611,1.29965
4101,341841.67,1,0.7946791052818298,0.7508628964424133,0.02035,0.04032265394926071,-6.263,-4.384,-7.411,72.982,1.27945
4102,341925.0,1,0.7135664820671082,0.7553796768188477,0.02326,0.04685647040605545,-4.352,-3.475,-7.625,71.751,1.24598
4103,342008.33,1,0.7304534912109375,0.7453136444091797,0.02242,0.04831768944859505,-4.716,-3.103,-7.072,70.799,1.26765
4104,342091.67,1,0.7443499565124512,0.7651629447937012,0.01247,0.0207351241260767,-4.289,-2.37,-7.639,70.334,1.20973
4105,342175.0,1,0.7454074621200562,0.7724587917327881,0.01445,0.0065424563363194466,-3.726,-2.003,-7.841,70.683,1.21144
4106,342258.33,1,0.7814004421234131,0.7816218137741089,0.01305,0.004305900540202856,-3.166,-1.336,-8.177,70.749,1.21628
4107,342341.67,1,0.7754314541816711,0.7867529988288879,0.01551,0.005496208555996418,-3.084,-0.957,-8.47,70.257,1.25692
4108,342425.0,1,0.7578424215316772,0.7684303522109985,0.01304,0.004578238818794489,-2.433,-0.6,-8.601,70.493,1.22688
4109,342508.33,1,0.7684041857719421,0.7823760509490967,0.01395,0.006150994915515184,-2.298,-0.419,-8.621,69.97,1.2612
4110,342591.67,1,0.7590305209159851,0.7805193066596985,0.01357,0.005853699985891581,-2.231,-0.314,-8.681,70.247,1.23086
4111,342675.0,1,0.7565487623214722,0.7837733030319214,0.01407,0.004959362093359232,-2.047,-0.299,-8.688,70.069,1.21547
4112,342758.33,1,0.7579962611198425,0.7854838967323303,0.0146,0.004816243890672922,-1.816,-0.215,-8.704,69.258,1.2276
4113,342841.67,1,0.7568562626838684,0.7735459208488464,0.01414,0.004080937243998051,-1.521,-0.178,-8.669,69.76,1.21211
4114,342925.0,1,0.7533684372901917,0.7824869155883789,0.01885,0.003308597719296813,-0.967,-0.152,-8.765,69.732,1.20996
4115,343008.33,1,0.7144967317581177,0.7718726396560669,0.03016,0.002240383066236973,-0.441,-0.188,-8.745,70.22,1.22125
4116,343091.67,1,0.6834841370582581,0.7591835856437683,0.04589,0.0016853628912940621,-0.818,-0.435,-8.688,69.326,1.26679
4117,343175.0,1,0.5865185260772705,0.736331582069397,0.07001,0.001686440664343536,-1.314,-0.497,-8.872,70.048,1.23775
4118,343258.33,1,0.5150336027145386,0.6701961755752563,0.09965,0.001815550378523767,-1.462,-0.479,-9.01,70.254,1.24056
4119,343340.0,1,0.4383825957775116,0.6334971785545349,0.12613,0.002165478654205799,-1.514,-0.377,-8.902,70.113,1.23211
4120,343423.33,1,0.41123709082603455,0.6059750914573669,0.13743,0.002392411697655916,-1.497,-0.229,-8.864,69.4,1.25466
4121,343506.67,1,0.38727447390556335,0.5678739547729492,0.1499,0.0028543509542942047,-1.466,-0.088,-8.749,69.22,1.25217
4122,343590.0,1,0.37838444113731384,0.5454422235488892,0.15856,0.003055075416341424,-1.403,-0.081,-8.635,68.881,1.2599
4123,343673.33,1,0.38523069024086,0.5344269871711731,0.15856,0.0032872126903384924,-1.075,0.054,-8.511,69.339,1.24671
4124,343756.67,1,0.6419703960418701,0.7215014100074768,0.06401,0.002635802375152707,-0.691,0.376,-8.195,68.726,1.26249
4125,343840.0,1,0.6794528961181641,0.751125693321228,0.04713,0.002285935217514634,-0.623,0.399,-8.069,68.734,1.26391
4126,343923.33,1,0.7015765905380249,0.7473909854888916,0.04155,0.0021245377138257027,-0.647,0.414,-7.845,68.92,1.21742
4127,344006.67,1,0.6972031593322754,0.7475581169128418,0.03961,0.002688096836209297,-0.706,0.319,-7.78,69.278,1.20848
4128,344090.0,1,0.5344671010971069,0.6470154523849487,0.1011,0.002419868251308799,-0.583,0.223,-7.742,69.165,1.20514
4129,344173.33,1,0.44833219051361084,0.6067939400672913,0.12846,0.002347016939893365,-0.627,0.207,-7.643,68.841,1.23291
4130,344256.67,1,0.431538850069046,0.5730118751525879,0.13951,0.0024564480409026146,-0.719,0.175,-7.589,68.746,1.20203
4131,344340.0,1,0.4058528542518616,0.5352379083633423,0.15285,0.0024197245948016644,-0.817,0.198,-7.579,69.03,1.21388
4132,344423.33,1,0.3918245732784271,0.5048720836639404,0.16247,0.002487531863152981,-0.92,0.193,-7.551,68.557,1.24174
4133,344506.67,1,0.390244722366333,0.48104560375213623,0.16733,0.0023170863278210163,-1.34,0.119,-7.532,68.482,1.25946
4134,344590.0,1,0.3880002796649933,0.46656548976898193,0.17329,0.0017961467383429408,-1.731,0.009,-7.53,68.091,1.26781
4135,344673.33,1,0.35635843873023987,0.4370978772640228,0.18418,0.0019009598763659596,-1.868,-0.067,-7.502,68.084,1.24985
4136,344756.67,1,0.34806573390960693,0.4276593029499054,0.18874,0.002099013654515147,-1.96,-0.012,-7.496,68.365,1.22645
4137,344840.0,1,0.3428414463996887,0.42804834246635437,0.19037,0.002209246391430497,-2.166,-0.003,-7.506,68.366,1.24491
4138,344923.33,1,0.342664510011673,0.4310965836048126,0.18787,0.002356616547331214,-2.044,-0.019,-7.45,68.439,1.22298
4139,345006.67,1,0.35389235615730286,0.4283098578453064,0.18622,0.0018823615973815322,-1.95,-0.057,-7.385,68.575,1.21552
4140,345090.0,1,0.3725171387195587,0.44878101348876953,0.18275,0.0013780362205579877,-2.161,-0.165,-7.425,68.773,1.2063
4141,345173.33,1,0.38285183906555176,0.4655897617340088,0.17878,0.0011028354056179523,-2.312,-0.159,-7.363,68.66,1.2049
4142,345256.67,1,0.39589542150497437,0.48443305492401123,0.1738,0.0010649027535691857,-2.334,-0.148,-7.343,68.062,1.23149
4143,345340.0,1,0.39747777581214905,0.4864535927772522,0.17459,0.0009897075360640883,-2.342,-0.115,-7.338,68.663,1.21813
4144,345423.33,1,0.41127756237983704,0.5182896256446838,0.16587,0.0009351536864414811,-2.213,-0.122,-7.344,68.642,1.21323
4145,345506.67,1,0.4182957112789154,0.5298343896865845,0.16256,0.0009541360777802765,-2.162,-0.152,-7.382,68.743,1.20839
4146,345590.0,1,0.4342232346534729,0.5598474740982056,0.15527,0.0009914373513311148,-2.124,-0.137,-7.411,68.282,1.23366
4147,345671.67,1,0.48140209913253784,0.6063379049301147,0.13432,0.0009938882431015372,-1.992,-0.094,-7.451,68.54,1.21076
4148,345755.0,1,0.5151631832122803,0.6536203622817993,0.11456,0.0013407513033598661,-1.804,0.007,-7.478,68.51,1.20447
4149,345838.33,1,0.5101606845855713,0.6474469900131226,0.11552,0.0014303241623565555,-1.789,-0.034,-7.48,68.47,1.22766
4150,345921.67,1,0.49569031596183777,0.6301082372665405,0.12365,0.0018147745868191123,-1.863,0.023,-7.442,68.437,1.21858
4151,346005.0,1,0.4833332300186157,0.5795179605484009,0.13455,0.0016696524107828736,-1.866,0.033,-7.398,68.634,1.22021
4152,346088.33,1,0.4585011601448059,0.5050593614578247,0.15132,0.0015767007134854794,-1.895,0.01,-7.386,68.182,1.23658
4153,346171.67,1,0.43539121747016907,0.467833548784256,0.16242,0.001459193299524486,-1.924,0.01,-7.376,68.477,1.21311
4154,346255.0,1,0.4274044334888458,0.45115187764167786,0.16699,0.001374265062622726,-1.84,-0.014,-7.394,68.379,1.20831
4155,346338.33,1,0.41903766989707947,0.4459112584590912,0.16956,0.0013037652242928743,-1.693,-0.032,-7.404,68.453,1.20342
4156,346421.67,1,0.42403170466423035,0.4603106677532196,0.16569,0.0011456110514700413,-1.46,-0.063,-7.374,68.084,1.22462
4157,346505.0,1,0.7227250337600708,0.7473440170288086,0.03691,0.0011343671940267086,-0.197,0.19,-7.231,68.553,1.21512
4158,346588.33,1,0.7601035237312317,0.7818816304206848,0.01778,0.0010305827017873526,0.218,0.025,-7.168,68.547,1.21057
4159,346671.67,1,0.6844351291656494,0.7484171390533447,0.0446,0.0008857593056745827,0.278,-0.258,-6.993,68.803,1.20048
4160,346755.0,1,0.6015366315841675,0.7434039115905762,0.06926,0.0008157464326359332,0.027,-0.385,-7.081,68.484,1.18973
4161,346838.33,1,0.5315738916397095,0.7174049615859985,0.0939,0.0007420004112645984,-0.484,-0.554,-7.18,68.543,1.1904
4162,346921.67,1,0.4912487864494324,0.6883834600448608,0.10745,0.0009172239806503057,-0.669,-0.753,-7.157,68.11,1.21511
4163,347005.0,1,0.46687614917755127,0.6647101640701294,0.11549,0.0014368158299475908,-0.862,-0.946,-7.003,68.267,1.23341
4164,347088.33,1,0.4570108950138092,0.6459709405899048,0.12145,0.0018882242729887366,-0.955,-1.121,-6.745,68.317,1.22302
4165,347171.67,1,0.4529149830341339,0.6277321577072144,0.12637,0.0018146710935980082,-1.04,-1.281,-6.538,68.586,1.20919
4166,347255.0,1,0.45984601974487305,0.6165844798088074,0.12727,0.0019754196982830763,-1.223,-1.415,-6.346,68.373,1.19592
4167,347338.33,1,0.4647887647151947,0.6099660396575928,0.12855,0.0021637361496686935,-1.476,-1.64,-6.14,68.409,1.1936
4168,347421.67,1,0.47216856479644775,0.6052428483963013,0.12937,0.002402809914201498,-1.628,-1.795,-5.924,67.849,1.2067
4169,347505.0,1,0.48113730549812317,0.5970829725265503,0.12878,0.002597155747935176,-1.678,-1.888,-5.676,67.779,1.22842
4170,347588.33,1,0.47811800241470337,0.5986418128013611,0.13067,0.002882156753912568,-1.671,-1.961,-5.549,68.197,1.22328
4171,347671.67,1,0.4759518504142761,0.6003057956695557,0.13087,0.002913115778937936,-1.649,-2.012,-5.485,68.254,1.23993
4172,347755.0,1,0.4712797701358795,0.5978148579597473,0.1306,0.003160208696499467,-1.539,-2.108,-5.435,67.838,1.25114
4173,347838.33,1,0.45815327763557434,0.5876255035400391,0.13285,0.002971367444843054,-1.28,-2.122,-5.366,67.823,1.24653
4174,347921.67,1,0.44844532012939453,0.5678799152374268,0.13694,0.00277651846408844,-0.917,-2.065,-5.331,67.417,1.24273
4175,348003.33,1,0.4453376531600952,0.5456387996673584,0.14057,0.0026349928230047226,-0.884,-2.111,-5.316,68.161,1.21727
4176,348086.67,1,0.42855679988861084,0.5104036331176758,0.15004,0.0025379271246492863,-0.856,-2.183,-5.278,68.251,1.20366
4177,348170.0,1,0.4248218834400177,0.48418742418289185,0.15577,0.002481483155861497,-0.896,-2.178,-5.236,68.339,1.22098
4178,348253.33,1,0.4055981934070587,0.4571957290172577,0.16349,0.002648319583386183,-0.845,-2.111,-5.214,67.998,1.2339
4179,348336.67,1,0.3889651894569397,0.44959139823913574,0.16745,0.0026911539025604725,-0.815,-2.062,-5.177,68.301,1.20301
4180,348420.0,1,0.37949150800704956,0.4521944224834442,0.16965,0.002710625296458602,-0.792,-2.07,-5.12,68.142,1.18132
4181,348503.33,1,0.37752604484558105,0.44872671365737915,0.17094,0.0027982648462057114,-0.797,-2.046,-5.054,68.186,1.19417
4182,348586.67,1,0.3762081265449524,0.44917818903923035,0.17261,0.002736390335485339,-0.851,-2.08,-5.053,68.07,1.18173
4183,348670.0,1,0.37897104024887085,0.44722551107406616,0.17442,0.0024566722568124533,-0.982,-2.098,-5.055,68.433,1.1752
4184,348753.33,1,0.3750820457935333,0.44353190064430237,0.17525,0.0025045922957360744,-1.092,-2.062,-5.047,68.442,1.17983
4185,348836.67,1,0.37203335762023926,0.4417495131492615,0.17596,0.0020979761611670256,-1.227,-2.032,-5.029,68.828,1.18108
4186,348920.0,1,0.3825180232524872,0.44323331117630005,0.17675,0.0017355936579406261,-1.462,-2.069,-4.982,68.688,1.18311
4187,349003.33,1,0.39232707023620605,0.4395720362663269,0.17794,0.001669795368798077,-1.649,-2.079,-4.938,68.42,1.22706
4188,349086.67,1,0.3990029990673065,0.43954572081565857,0.17845,0.0015758497174829245,-1.779,-2.128,-4.908,68.38,1.22181
4189,349170.0,1,0.40005388855934143,0.4354177415370941,0.17966,0.0017244318732991815,-2.056,-2.149,-4.861,68.367,1.24458
4190,349253.33,1,0.39506402611732483,0.4326050877571106,0.18124,0.0017855154583230615,-2.157,-2.175,-4.845,68.006,1.26084
4191,349336.67,1,0.39516499638557434,0.4289034605026245,0.18191,0.0018406457966193557,-2.24,-2.165,-4.804,68.151,1.26249
4192,349420.0,1,0.39128997921943665,0.4249638020992279,0.18337,0.0018869675695896149,-2.363,-2.225,-4.776,68.151,1.24316
4193,349503.33,1,0.390555202960968,0.4242616295814514,0.18383,0.001968545373529196,-2.534,-2.242,-4.761,68.485,1.23819
4194,349586.67,1,0.3930271863937378,0.4238951504230499,0.1845,0.0019936326425522566,-2.615,-2.215,-4.753,68.164,1.24995
4195,349670.0,1,0.38734200596809387,0.42462867498397827,0.18472,0.0021760230883955956,-2.665,-2.255,-4.784,68.548,1.23346
4196,349753.33,1,0.38755643367767334,0.4211213290691376,0.18524,0.0021756133064627647,-2.694,-2.275,-4.797,68.508,1.22606
4197,349836.67,1,0.3840233087539673,0.41499876976013184,0.18611,0.0022004677448421717,-2.703,-2.29,-4.82,68.743,1.22672
4198,349920.0,1,0.37083518505096436,0.3867664039134979,0.19195,0.002270420314744115,-2.672,-2.307,-4.841,68.3,1.24384
4199,350003.33,1,0.3530838191509247,0.3583710789680481,0.19855,0.002320332685485482,-2.585,-2.311,-4.859,68.413,1.23244
4200,350086.67,1,0.3413463830947876,0.347282350063324,0.20346,0.002210550010204315,-2.514,-2.238,-4.829,68.393,1.20507
4201,350170.0,1,0.33272066712379456,0.3435574471950531,0.20638,0.0022400154266506433,-2.495,-2.24,-4.84,68.353,1.22172
4202,350253.33,1,0.3152487874031067,0.3380250036716461,0.21098,0.0021996861323714256,-2.4,-2.289,-4.841,67.975,1.24161
4203,350336.67,1,0.3077918291091919,0.33591994643211365,0.21281,0.0021460228599607944,-2.285,-2.34,-4.872,68.382,1.23973
4204,350418.33,1,0.3053557872772217,0.3330124020576477,0.21317,0.002086264081299305,-2.212,-2.301,-4.867,68.1,1.25101
4205,350501.67,1,0.29889315366744995,0.32319414615631104,0.21564,0.002141432836651802,-2.175,-2.299,-4.886,68.344,1.23489
4206,350585.0,1,0.2921355664730072,0.31795018911361694,0.21596,0.0025396491400897503,-2.223,-2.332,-4.896,68.077,1.24489
4207,350668.33,1,0.2829529643058777,0.32451099157333374,0.21528,0.002508689183741808,-2.154,-2.299,-4.885,68.517,1.24075
4208,350751.67,1,0.32579901814460754,0.4200493097305298,0.19035,0.0026073993649333715,-1.994,-2.308,-4.891,68.244,1.25134
4209,350835.0,1,0.37265315651893616,0.47317972779273987,0.17731,0.0024102607276290655,-2.0,-2.332,-4.881,68.438,1.24521
4210,350918.33,1,0.4164530336856842,0.5022977590560913,0.1675,0.0021500701550394297,-1.993,-2.366,-4.942,68.563,1.23368
4211,351001.67,1,0.4385051429271698,0.5390235185623169,0.15773,0.002188686979934573,-1.994,-2.384,-4.974,68.885,1.2293
4212,351085.0,1,0.4489764869213104,0.5567281246185303,0.15341,0.0022368566133081913,-1.986,-2.4,-4.997,68.58,1.2421
4213,351168.33,1,0.4603176414966583,0.5623584985733032,0.15109,0.0021409080363810062,-1.94,-2.32,-4.999,68.966,1.23889
4214,351251.67,1,0.46644315123558044,0.5643011331558228,0.14881,0.002224300056695938,-1.973,-2.314,-5.016,68.679,1.25159
4215,351335.0,1,0.470779150724411,0.570650577545166,0.14769,0.0021711348090320826,-2.033,-2.302,-5.029,68.75,1.26104
4216,351418.33,1,0.47523218393325806,0.571857213973999,0.14716,0.002107158536091447,-2.053,-2.294,-5.047,68.515,1.26855
4217,351501.67,1,0.47435882687568665,0.5709486603736877,0.14763,0.0021720645017921925,-2.017,-2.325,-5.07,68.704,1.24569
4218,351585.0,1,0.4620324671268463,0.5266261100769043,0.15792,0.002239152090623975,-1.951,-2.363,-5.075,68.389,1.25474
4219,351668.33,1,0.4459991753101349,0.48912373185157776,0.16695,0.002360183047130704,-1.954,-2.392,-5.054,68.777,1.2466
4220,351751.67,1,0.4318428635597229,0.4674559533596039,0.17211,0.002411995083093643,-2.0,-2.42,-5.028,68.46,1.25799
4221,351835.0,1,0.4177650213241577,0.4441985785961151,0.17868,0.002378901233896613,-2.02,-2.419,-5.042,68.749,1.24711
4222,351918.33,1,0.40093281865119934,0.42821311950683594,0.1843,0.0022601785603910685,-2.017,-2.401,-5.052,68.383,1.25556
4223,352001.67,1,0.3982904255390167,0.42819035053253174,0.18506,0.0022718117106705904,-2.029,-2.384,-5.055,68.662,1.2452
4224,352085.0,1,0.39848238229751587,0.42947056889533997,0.18534,0.00223057484254241,-2.035,-2.306,-5.043,68.343,1.2564
4225,352168.33,1,0.39655953645706177,0.4245973527431488,0.18568,0.002244114875793457,-2.07,-2.321,-5.053,68.512,1.25729
4226,352251.67,1,0.399965763092041,0.4187805950641632,0.18504,0.0022718128748238087,-2.026,-2.285,-5.067,68.502,1.24026
4227,352335.0,1,0.39955419301986694,0.423879474401474,0.18323,0.0022052933927625418,-1.969,-2.31,-5.075,68.904,1.22857
4228,352418.33,1,0.40831807255744934,0.43342259526252747,0.17946,0.0021750894375145435,-1.845,-2.332,-5.042,68.785,1.22157
4229,352501.67,1,0.42047688364982605,0.44185152649879456,0.17617,0.0019385720370337367,-1.823,-2.344,-5.004,68.826,1.21659
4230,352585.0,1,0.6001520752906799,0.6395883560180664,0.09665,0.0019230180187150836,-1.72,-2.212,-5.089,68.483,1.247
4231,352668.33,1,0.7657167911529541,0.7721397876739502,0.02254,0.0018784325802698731,-1.523,-2.004,-5.146,68.956,1.23127
4232,352750.0,1,0.7521986961364746,0.7603203058242798,0.02199,0.002008915413171053,-1.501,-1.957,-5.187,68.809,1.22227
4233,352833.33,1,0.6439799070358276,0.697932243347168,0.06011,0.0019398975418880582,-1.447,-1.981,-5.241,68.759,1.23886
4234,352916.67,1,0.4459111988544464,0.49937111139297485,0.14177,0.0017023140098899603,-1.472,-2.039,-5.238,68.331,1.25431
4235,353000.0,1,0.36663714051246643,0.40544289350509644,0.18017,0.0016916664317250252,-1.497,-2.113,-5.211,68.5,1.25827
4236,353083.33,1,0.3448928892612457,0.3841014802455902,0.19447,0.0017834107857197523,-1.504,-2.14,-5.158,68.515,1.24264
4237,353166.67,1,0.32891935110092163,0.37351465225219727,0.20095,0.0018129530362784863,-1.531,-2.178,-5.15,68.727,1.23902
4238,353250.0,1,0.3194320499897003,0.37071970105171204,0.20415,0.0018465269822627306,-1.647,-2.262,-5.145,68.266,1.2512
4239,353333.33,1,0.31564033031463623,0.37191182374954224,0.20534,0.0017901993123814464,-1.66,-2.359,-5.148,68.389,1.26073
4240,353416.67,1,0.31522098183631897,0.3714241683483124,0.20579,0.001777810975909233,-1.636,-2.366,-5.131,68.086,1.26972
4241,353500.0,1,0.31785890460014343,0.37208837270736694,0.20745,0.0017454246990382671,-1.631,-2.356,-5.122,68.252,1.26358
4242,353583.33,1,0.3076540529727936,0.3534393608570099,0.21272,0.0017610950162634254,-1.598,-2.313,-5.098,68.156,1.23815
4243,353666.67,1,0.3017124533653259,0.344122976064682,0.21494,0.0018504804465919733,-1.608,-2.291,-5.128,68.352,1.22761
4244,353750.0,1,0.2940894067287445,0.3243325650691986,0.21826,0.0019378565484657884,-1.575,-2.229,-5.141,67.843,1.23208
4245,353833.33,1,0.2911175787448883,0.31302034854888916,0.21954,0.001975477207452059,-1.588,-2.199,-5.159,67.994,1.23287
4246,353916.67,1,0.2900339365005493,0.3058927357196808,0.21975,0.002049175091087818,-1.597,-2.162,-5.162,68.048,1.22642
4247,354000.0,1,0.28574419021606445,0.30048784613609314,0.22005,0.002080855891108513,-1.618,-2.114,-5.162,68.507,1.21892
4248,354083.33,1,0.28449109196662903,0.2989785969257355,0.21977,0.002104592276737094,-1.723,-1.961,-5.169,68.53,1.21631
4249,354166.67,1,0.2777133882045746,0.29552656412124634,0.22039,0.0020789080299437046,-1.787,-1.923,-5.206,68.502,1.23203
4250,354250.0,1,0.2745359539985657,0.2935934364795685,0.21978,0.0021236480679363012,-1.861,-1.857,-5.221,68.399,1.22575
4251,354333.33,1,0.2765961289405823,0.2950035035610199,0.21908,0.0021103841718286276,-1.941,-1.817,-5.24,68.686,1.21824
4252,354416.67,1,0.2778676748275757,0.29640281200408936,0.21875,0.0021306874696165323,-1.946,-1.822,-5.24,68.585,1.21412
4253,354500.0,1,0.27769234776496887,0.30014437437057495,0.21884,0.002159588970243931,-1.93,-1.824,-5.26,68.68,1.218
4254,354583.33,1,0.2790205180644989,0.30303633213043213,0.2185,0.00218915450386703,-1.877,-1.826,-5.263,68.205,1.23972
4255,354666.67,1,0.2816160023212433,0.31698593497276306,0.21813,0.0022908931132405996,-1.863,-1.837,-5.274,68.381,1.21479
4256,354750.0,1,0.29733434319496155,0.35209089517593384,0.21216,0.002357935067266226,-1.823,-1.883,-5.288,68.133,1.19945
4257,354833.33,1,0.3226623833179474,0.3697386682033539,0.2063,0.0023797445464879274,-1.838,-1.908,-5.29,68.347,1.19127
4258,354916.67,1,0.33872994780540466,0.3821508288383484,0.20188,0.0023072962649166584,-1.808,-1.943,-5.276,68.272,1.19536
4259,355000.0,1,0.35221171379089355,0.38757017254829407,0.19867,0.0021870327182114124,-1.805,-1.957,-5.252,68.065,1.22429
4260,355083.33,1,0.3735223710536957,0.40671131014823914,0.18989,0.0022197719663381577,-1.869,-1.984,-5.23,68.086,1.20557
4261,355165.0,1,0.387085884809494,0.43039679527282715,0.1818,0.002217670902609825,-1.879,-2.024,-5.243,68.228,1.22285
4262,355248.33,1,0.39482274651527405,0.45922523736953735,0.1736,0.002353576710447669,-1.811,-2.043,-5.225,68.158,1.20857
4263,355331.67,1,0.4017947018146515,0.45201072096824646,0.17338,0.002412899397313595,-1.833,-2.037,-5.244,68.522,1.21781
4264,355415.0,1,0.4115195572376251,0.45082396268844604,0.17306,0.002428507898002863,-1.804,-2.014,-5.244,68.194,1.2376
4265,355498.33,1,0.4187736511230469,0.4591759145259857,0.17068,0.00235358695499599,-1.79,-1.998,-5.246,68.304,1.24397
4266,355581.67,1,0.4163525402545929,0.4580288529396057,0.17139,0.002389379311352968,-1.807,-2.001,-5.251,68.159,1.22666
4267,355665.0,1,0.4149627983570099,0.4557476043701172,0.17246,0.0022955024614930153,-1.822,-2.009,-5.255,68.119,1.22461
4268,355748.33,1,0.4149656295776367,0.4560224711894989,0.17389,0.002113554161041975,-1.816,-2.005,-5.247,68.016,1.21158
4269,355831.67,1,0.4131244122982025,0.45493826270103455,0.17347,0.00211135670542717,-1.772,-2.017,-5.213,68.083,1.21803
4270,355915.0,1,0.42348042130470276,0.4907812476158142,0.16449,0.0021289344877004623,-1.653,-1.999,-5.204,68.156,1.21738
4271,355998.33,1,0.5528611540794373,0.6513851881027222,0.10222,0.0021155807189643383,-1.262,-1.825,-5.192,68.358,1.21458
4272,356081.67,1,0.670873761177063,0.7355943322181702,0.05278,0.0021952292881906033,-1.056,-1.605,-5.291,68.018,1.2327
4273,356165.0,1,0.6540051102638245,0.7295762300491333,0.05402,0.002274787286296487,-1.057,-1.619,-5.32,68.346,1.23242
4274,356248.33,1,0.6458139419555664,0.732090950012207,0.05329,0.002461383817717433,-1.07,-1.619,-5.319,68.01,1.24759
4275,356331.67,1,0.7107212543487549,0.7463996410369873,0.03415,0.002441747346892953,-1.144,-1.507,-5.313,68.355,1.22074
4276,356415.0,1,0.7996867299079895,0.7925000190734863,0.00971,0.002354610478505492,-1.037,-1.368,-5.411,68.158,1.20274
4277,356498.33,1,0.8252711296081543,0.8124088048934937,0.02082,0.0022230453323572874,-1.128,-1.266,-5.446,68.61,1.20371
4278,356581.67,1,0.8321060538291931,0.8249452114105225,0.02664,0.0023697942961007357,-1.119,-1.179,-5.482,68.549,1.2081
4279,356665.0,1,0.8315820097923279,0.8242725133895874,0.02638,0.002286383183673024,-1.17,-1.072,-5.506,68.801,1.20848
4280,356748.33,1,0.8305712938308716,0.8196331262588501,0.0243,0.00213043624535203,-1.182,-0.983,-5.496,68.645,1.21239
4281,356831.67,1,0.8305603265762329,0.8172426819801331,0.02316,0.002038918901234865,-1.302,-0.911,-5.482,68.808,1.21089
4282,356915.0,1,0.8295115828514099,0.8196955919265747,0.02252,0.001961585832759738,-1.364,-0.894,-5.459,68.55,1.21134
4283,356998.33,1,0.8282134532928467,0.817741334438324,0.02143,0.0018435795791447163,-1.41,-0.852,-5.428,68.235,1.22789
4284,357081.67,1,0.7775433659553528,0.8069111108779907,0.01682,0.0019583716057240963,-1.351,-0.908,-5.358,67.867,1.2474
4285,357165.0,1,0.47810953855514526,0.6339144706726074,0.10698,0.0020126989111304283,-1.66,-1.189,-5.305,68.159,1.22417
4286,357248.33,1,0.36487436294555664,0.45546650886535645,0.17397,0.0019784076139330864,-1.964,-1.326,-5.19,68.176,1.21796
4287,357331.67,1,0.4588179886341095,0.46579107642173767,0.1564,0.0018532498506829143,-1.978,-1.301,-5.193,68.299,1.22996
4288,357415.0,1,0.7924478054046631,0.7526887059211731,0.02124,0.0017597331898286939,-1.557,-0.933,-5.199,68.21,1.21282
4289,357496.67,1,0.7781961560249329,0.7490864992141724,0.02126,0.0017358761979267001,-1.505,-0.963,-5.124,68.088,1.23209
4290,357580.0,1,0.49097543954849243,0.6068259477615356,0.11563,0.0018535725539550185,-1.792,-1.237,-5.109,68.398,1.23067
4291,357663.33,1,0.3842324912548065,0.5108033418655396,0.1584,0.0018726678099483252,-1.859,-1.363,-5.058,68.686,1.21715
4292,357746.67,1,0.3506562113761902,0.4465566873550415,0.18055,0.0019119912758469582,-1.875,-1.383,-5.001,68.388,1.20732
4293,357830.0,1,0.3421698212623596,0.4240427613258362,0.18944,0.0019304612651467323,-1.885,-1.401,-4.958,68.555,1.21466
4294,357913.33,1,0.33345356583595276,0.41736242175102234,0.19341,0.0018609166145324707,-1.891,-1.404,-4.933,68.111,1.236
4295,357996.67,1,0.3386388123035431,0.4190320670604706,0.19369,0.001871245913207531,-1.878,-1.422,-4.921,68.074,1.23912
4296,358080.0,1,0.34413614869117737,0.421248197555542,0.19249,0.0018463096348568797,-1.804,-1.416,-4.928,68.097,1.23047
4297,358163.33,1,0.35806289315223694,0.45176205039024353,0.18479,0.001844556536525488,-1.835,-1.456,-4.947,68.249,1.24079
4298,358246.67,1,0.4037221372127533,0.525733470916748,0.16527,0.0018121351022273302,-1.895,-1.503,-4.951,68.278,1.23313
4299,358330.0,1,0.5814234018325806,0.6548498868942261,0.10278,0.0018313088221475482,-1.893,-1.49,-4.96,68.22,1.24541
4300,358413.33,1,0.7864838242530823,0.767703115940094,0.02104,0.0017750002443790436,-1.638,-1.24,-5.0,67.727,1.24774
4301,358496.67,1,0.8233774900436401,0.8115000128746033,0.01335,0.0018908188212662935,-1.431,-1.109,-5.068,68.166,1.24044
4302,358580.0,1,0.8248898386955261,0.8253670334815979,0.01862,0.0020039896480739117,-1.282,-0.989,-5.077,67.984,1.25281
4303,358663.33,1,0.8382030725479126,0.8293184041976929,0.02531,0.002078901045024395,-1.23,-0.939,-5.107,68.508,1.23768
4304,358746.67,1,0.8496398329734802,0.8305091261863708,0.02982,0.0020494910422712564,-1.217,-0.869,-5.184,68.476,1.22816
4305,358830.0,1,0.8489113450050354,0.8317821621894836,0.0302,0.0020781592465937138,-1.214,-0.859,-5.203,68.629,1.24006
4306,358913.33,1,0.749809741973877,0.7880514860153198,0.02122,0.001960443565621972,-1.194,-0.869,-5.128,68.566,1.23168
4307,358996.67,1,0.447734534740448,0.631690502166748,0.11806,0.0018981193425133824,-1.485,-1.242,-5.13,68.68,1.2286
4308,359080.0,1,0.3513522148132324,0.4776196777820587,0.17489,0.002830473706126213,-1.45,-1.49,-5.056,68.174,1.2434
4309,359163.33,1,0.32104718685150146,0.42019179463386536,0.19454,0.003804483450949192,-1.341,-1.689,-4.965,68.176,1.25585
4310,359246.67,1,0.3078122138977051,0.39917340874671936,0.20027,0.005930776707828045,-0.992,-1.877,-4.875,67.871,1.26776
4311,359330.0,1,0.2872536778450012,0.3868325650691986,0.20476,0.008601251989603043,-0.771,-1.902,-4.84,67.926,1.2546
4312,359413.33,1,0.2875601649284363,0.3824770450592041,0.20493,0.009827740490436554,-0.648,-1.979,-4.837,67.998,1.23865
4313,359496.67,1,0.27841559052467346,0.371711790561676,0.2084,0.010079803876578808,-0.653,-2.022,-4.858,67.998,1.23571
4314,359580.0,1,0.26664045453071594,0.3634093105792999,0.21279,0.009346310049295425,-0.725,-2.031,-4.948,67.993,1.2251
4315,359663.33,1,0.27322185039520264,0.34957021474838257,0.21749,0.005683430004864931,-1.282,-1.944,-4.946,68.104,1.22139
4316,359745.0,1,0.268293559551239,0.33699649572372437,0.22177,0.00511848833411932,-1.664,-1.866,-4.915,67.595,1.22861
4317,359828.33,1,0.2640962302684784,0.33177563548088074,0.22388,0.005006016697734594,-1.941,-1.77,-4.888,68.115,1.21805
4318,359911.67,1,0.2662213146686554,0.3290382921695709,0.22442,0.004723509307950735,-2.006,-1.7,-4.885,68.053,1.20592
4319,359995.0,1,0.26985371112823486,0.3318910598754883,0.22324,0.004429635126143694,-2.019,-1.682,-4.881,68.177,1.20577
4320,360078.33,1,0.2899172902107239,0.3582644760608673,0.21724,0.0035795795265585184,-2.009,-1.65,-4.898,67.965,1.24135
4321,360161.67,1,0.3068695366382599,0.39299628138542175,0.21018,0.003023979952558875,-1.927,-1.688,-4.906,68.478,1.22933
4322,360245.0,1,0.3258054852485657,0.41772958636283875,0.20278,0.0027756630443036556,-1.91,-1.704,-4.924,68.37,1.22295
4323,360328.33,1,0.3425467610359192,0.44127774238586426,0.19572,0.002849619835615158,-1.829,-1.77,-4.954,68.593,1.22553
4324,360411.67,1,0.3546588122844696,0.45635002851486206,0.19056,0.002857817802578211,-1.675,-1.876,-4.977,68.192,1.24335
4325,360495.0,1,0.3561563193798065,0.45864856243133545,0.18871,0.002864929148927331,-1.6,-1.909,-4.985,68.407,1.23916
4326,360578.33,1,0.35528236627578735,0.45700106024742126,0.18867,0.00296828243881464,-1.53,-1.891,-4.983,68.004,1.25021
4327,360661.67,1,0.35372984409332275,0.4547996520996094,0.18857,0.0030003266874700785,-1.499,-1.874,-4.979,67.876,1.24842
4328,360745.0,1,0.35114675760269165,0.4511261582374573,0.18953,0.0030884426087141037,-1.626,-1.8,-4.964,67.487,1.24849
4329,360828.33,1,0.3508204221725464,0.4466865658760071,0.1899,0.0031319421250373125,-1.639,-1.7,-4.943,68.16,1.23459
4330,360911.67,1,0.3505772054195404,0.4444435238838196,0.18995,0.0031555318273603916,-1.566,-1.657,-4.936,68.254,1.22779
4331,360995.0,1,0.34800735116004944,0.44388315081596375,0.19004,0.0031922056805342436,-1.473,-1.656,-4.944,68.268,1.22757
4332,361078.33,1,0.34565848112106323,0.44436460733413696,0.18967,0.0031463755294680595,-1.443,-1.646,-4.936,68.228,1.2231
4333,361161.67,1,0.34443485736846924,0.44357985258102417,0.18993,0.0030483638402074575,-1.396,-1.596,-4.921,68.424,1.21697
4334,361245.0,1,0.3443525731563568,0.44549649953842163,0.18885,0.0030888435430824757,-1.371,-1.588,-4.935,68.068,1.23601
4335,361328.33,1,0.3454386293888092,0.442400723695755,0.1894,0.003157590050250292,-1.378,-1.585,-4.939,68.378,1.2368
4336,361411.67,1,0.3471192419528961,0.4352317154407501,0.19114,0.003134755417704582,-1.466,-1.584,-4.937,67.987,1.25021
4337,361495.0,1,0.3488961160182953,0.4310634732246399,0.19127,0.0032951226457953453,-1.454,-1.585,-4.917,68.144,1.25435
4338,361578.33,1,0.3477877080440521,0.42943906784057617,0.19185,0.0035583663266152143,-1.441,-1.592,-4.915,68.176,1.24017
4339,361661.67,1,0.34570175409317017,0.42962631583213806,0.19186,0.0038883457891643047,-1.411,-1.565,-4.91,68.239,1.25581
4340,361745.0,1,0.34864142537117004,0.43005311489105225,0.19114,0.003846199717372656,-1.41,-1.552,-4.902,67.929,1.26621
4341,361828.33,1,0.34958401322364807,0.43129879236221313,0.19053,0.0037801223807036877,-1.428,-1.498,-4.89,68.267,1.23068
4342,361911.67,1,0.3559380769729614,0.45090940594673157,0.18598,0.0039078122936189175,-1.413,-1.427,-4.833,68.185,1.20626
4343,361995.0,1,0.35779356956481934,0.47527286410331726,0.17957,0.005148604046553373,-1.249,-1.433,-4.761,68.367,1.23125
4344,362078.33,1,0.353769987821579,0.4684276878833771,0.17958,0.005823326297104359,-1.089,-1.444,-4.698,68.235,1.25266
4345,362160.0,1,0.33854421973228455,0.4607304036617279,0.18399,0.008119468577206135,-0.816,-1.412,-4.729,68.396,1.25038
4346,362243.33,1,0.31456202268600464,0.4551600515842438,0.18759,0.01180605310946703,0.206,-1.18,-4.731,68.222,1.24877
4347,362326.67,1,0.29700443148612976,0.45133882761001587,0.18955,0.019158530980348587,0.932,-1.242,-4.821,68.933,1.21469
4348,362410.0,1,0.28544172644615173,0.44159117341041565,0.18988,0.038908302783966064,1.04,-1.331,-4.92,69.164,1.20381
4349,362493.33,1,0.27553704380989075,0.4321686923503876,0.19118,0.033929191529750824,0.992,-1.355,-4.977,69.355,1.20168
4350,362576.67,1,0.2726644277572632,0.4225488603115082,0.1916,0.03401930257678032,0.92,-1.366,-4.969,69.666,1.19905
4351,362660.0,1,0.27016231417655945,0.41959109902381897,0.19081,0.032645225524902344,0.824,-1.434,-4.97,69.545,1.20845
4352,362743.33,1,0.2736826241016388,0.4194803833961487,0.19115,0.02909654937684536,0.68,-1.454,-4.96,69.402,1.20637
4353,362826.67,1,0.2871289849281311,0.4274887144565582,0.19066,0.022490115836262703,0.363,-1.545,-4.964,69.315,1.22455
4354,362910.0,1,0.30770641565322876,0.44339823722839355,0.18792,0.01686517335474491,0.183,-1.548,-4.949,68.857,1.24068
4355,362993.33,1,0.30974358320236206,0.44388818740844727,0.19087,0.01611025631427765,0.104,-1.547,-4.962,69.293,1.22428
4356,363076.67,1,0.3136538565158844,0.4405421018600464,0.19271,0.01517658680677414,0.024,-1.56,-4.956,69.275,1.21424
4357,363160.0,1,0.310684472322464,0.431439071893692,0.19533,0.01486114226281643,-0.071,-1.569,-4.954,69.138,1.21543
4358,363243.33,1,0.302406370639801,0.4210161566734314,0.19811,0.012386363931000233,-0.17,-1.574,-4.937,69.033,1.21006
4359,363326.67,1,0.30550459027290344,0.43027663230895996,0.19539,0.011681596748530865,-0.168,-1.563,-4.965,69.021,1.19999
4360,363410.0,1,0.3141951262950897,0.44481024146080017,0.18851,0.011386523023247719,-0.245,-1.501,-4.978,68.497,1.20838
4361,363493.33,1,0.3167261779308319,0.45152750611305237,0.18686,0.010834443382918835,-0.298,-1.478,-4.987,68.984,1.20166
4362,363576.67,1,0.31766021251678467,0.4592287838459015,0.18467,0.011116072535514832,-0.344,-1.46,-4.985,69.064,1.20127
4363,363660.0,1,0.569940447807312,0.6656550168991089,0.0838,0.010820305906236172,-0.167,-1.324,-4.943,69.083,1.21553
4364,363743.33,1,0.5944814682006836,0.6971279382705688,0.0684,0.010515066795051098,-0.2,-1.32,-4.929,68.926,1.21112
4365,363826.67,1,0.5684539079666138,0.6845078468322754,0.07663,0.010893836617469788,-0.375,-1.453,-4.929,68.986,1.22601
4366,363910.0,1,0.4922845661640167,0.6619792580604553,0.09846,0.009780577383935452,-0.525,-1.508,-4.89,68.895,1.21827
4367,363993.33,1,0.43235597014427185,0.6361613869667053,0.11999,0.008885412476956844,-0.612,-1.517,-4.87,69.102,1.21788
4368,364076.67,1,0.4079839289188385,0.6226823329925537,0.13038,0.009200411848723888,-0.625,-1.495,-4.855,68.671,1.23255
4369,364160.0,1,0.38511165976524353,0.5870198011398315,0.14456,0.009156383574008942,-0.684,-1.491,-4.855,68.748,1.21645
4370,364243.33,1,0.36981409788131714,0.559285044670105,0.15444,0.009510450065135956,-0.716,-1.467,-4.834,68.405,1.23035
4371,364326.67,1,0.3661114275455475,0.5385450124740601,0.15986,0.009148233570158482,-0.717,-1.465,-4.829,68.86,1.21741
4372,364410.0,1,0.36365726590156555,0.5305678844451904,0.1632,0.009061881341040134,-0.738,-1.479,-4.852,68.828,1.2101
4373,364493.33,1,0.36497339606285095,0.5267996788024902,0.16475,0.008274958468973637,-0.668,-1.492,-4.854,68.907,1.19755
4374,364575.0,1,0.36187848448753357,0.5201410055160522,0.1664,0.008246703073382378,-0.591,-1.49,-4.823,68.735,1.20609
4375,364658.33,1,0.3555934727191925,0.5123000741004944,0.16908,0.007705000229179859,-0.634,-1.487,-4.806,68.772,1.19696
4376,364741.67,1,0.352597713470459,0.5049272179603577,0.17126,0.007406897377222776,-0.697,-1.474,-4.809,68.583,1.20119
4377,364825.0,1,0.3534722328186035,0.5031120777130127,0.17122,0.0073852031491696835,-0.63,-1.423,-4.815,68.335,1.21729
4378,364908.33,1,0.35745346546173096,0.5089336633682251,0.16897,0.007290834095329046,-0.572,-1.381,-4.842,68.251,1.21665
4379,364991.67,1,0.36253198981285095,0.5135770440101624,0.16816,0.0075559611432254314,-0.561,-1.359,-4.839,68.014,1.23889
4380,365075.0,1,0.3568298816680908,0.5035672783851624,0.17153,0.008031513541936874,-0.571,-1.402,-4.786,67.683,1.26332
4381,365158.33,1,0.3585483133792877,0.4980422556400299,0.17409,0.00797947496175766,-0.575,-1.392,-4.737,68.367,1.2419
4382,365241.67,1,0.3516673445701599,0.4836229681968689,0.1791,0.007695873733609915,-0.595,-1.356,-4.691,68.509,1.22841
4383,365325.0,1,0.3415483236312866,0.4799782931804657,0.18092,0.007775534875690937,-0.59,-1.339,-4.647,68.708,1.23798
4384,365408.33,1,0.3528677225112915,0.5139808654785156,0.16959,0.008259228430688381,-0.728,-1.236,-4.595,68.716,1.23285
4385,365491.67,1,0.37955912947654724,0.5552888512611389,0.15628,0.00760348467156291,-0.779,-1.252,-4.6,69.041,1.21471
4386,365575.0,1,0.40129706263542175,0.5808181762695312,0.14955,0.0075587620958685875,-0.783,-1.258,-4.593,69.044,1.21293
4387,365658.33,1,0.4008035957813263,0.5776541233062744,0.14805,0.008866366930305958,-0.23,-1.302,-4.62,69.062,1.23545
4388,365741.67,1,0.39692217111587524,0.581410825252533,0.14415,0.010992031544446945,0.454,-1.378,-4.658,68.658,1.25193
4389,365825.0,1,0.40687239170074463,0.5808361768722534,0.14229,0.010679707862436771,0.476,-1.38,-4.697,68.902,1.25384
4390,365908.33,1,0.4169258177280426,0.5906516313552856,0.13796,0.009373891167342663,0.615,-1.366,-4.75,68.986,1.24207
4391,365991.67,1,0.4195244014263153,0.5970365405082703,0.13589,0.009016972966492176,0.619,-1.353,-4.791,69.243,1.23688
4392,366075.0,1,0.41886067390441895,0.6010237336158752,0.13434,0.008806037716567516,0.614,-1.341,-4.832,68.871,1.25051
4393,366158.33,1,0.42051589488983154,0.6051127910614014,0.13224,0.008501770906150341,0.61,-1.328,-4.86,69.001,1.25612
4394,366241.67,1,0.43745744228363037,0.6150199174880981,0.12606,0.00805626530200243,0.495,-1.257,-4.84,68.967,1.2404
4395,366325.0,1,0.44827407598495483,0.6183921098709106,0.12273,0.007909012958407402,0.441,-1.207,-4.846,69.195,1.21938
4396,366408.33,1,0.46278253197669983,0.6271076798439026,0.11853,0.007195178419351578,0.333,-1.143,-4.857,69.108,1.2147
4397,366491.67,1,0.46696770191192627,0.6285046339035034,0.11639,0.007141267880797386,0.303,-1.123,-4.858,69.341,1.20698
4398,366575.0,1,0.47082769870758057,0.6302975416183472,0.11506,0.007018950302153826,0.215,-1.141,-4.855,68.961,1.19826
4399,366658.33,1,0.4738380014896393,0.6306596398353577,0.11395,0.007171567063778639,0.092,-1.158,-4.868,69.281,1.20319
4400,366741.67,1,0.4812140166759491,0.6325452327728271,0.11146,0.006993574555963278,0.038,-1.148,-4.871,69.162,1.20864
4401,366825.0,1,0.4893346428871155,0.6316251754760742,0.11126,0.00625248346477747,-0.044,-1.135,-4.859,69.415,1.21003
4402,366906.67,1,0.4937940537929535,0.6242094039916992,0.11307,0.006039401516318321,-0.12,-1.094,-4.861,69.226,1.21181
4403,366990.0,1,0.4783404469490051,0.5985304713249207,0.12335,0.005581015255302191,-0.186,-1.08,-4.871,68.927,1.22185
4404,367073.33,1,0.45637133717536926,0.5858088731765747,0.13267,0.005135850980877876,-0.253,-1.083,-4.876,68.746,1.21857
4405,367156.67,1,0.4429669976234436,0.5781385898590088,0.14007,0.005002056714147329,-0.378,-1.121,-4.881,68.527,1.23892
4406,367240.0,1,0.4395294487476349,0.575318455696106,0.14403,0.005085797514766455,-0.559,-1.224,-4.858,67.916,1.24475
4407,367323.33,1,0.44564759731292725,0.5769121646881104,0.14425,0.005248397588729858,-0.643,-1.274,-4.858,68.101,1.23271
4408,367406.67,1,0.44168609380722046,0.5771567225456238,0.1449,0.005359469447284937,-0.654,-1.28,-4.848,67.838,1.2464
4409,367490.0,1,0.43204185366630554,0.5694090127944946,0.14892,0.005346381571143866,-0.696,-1.275,-4.833,68.048,1.23332
4410,367573.33,1,0.43859097361564636,0.5729011297225952,0.14623,0.005401799455285072,-0.791,-1.263,-4.838,68.338,1.21861
4411,367656.67,1,0.44561663269996643,0.5786948800086975,0.14248,0.0049221087247133255,-0.857,-1.231,-4.853,68.537,1.22018
4412,367740.0,1,0.45567312836647034,0.5862433910369873,0.13715,0.005063338670879602,-0.901,-1.196,-4.87,67.991,1.22942
4413,367823.33,1,0.45939406752586365,0.5892146825790405,0.13485,0.004876935388892889,-0.922,-1.175,-4.875,68.215,1.24198
4414,367906.67,1,0.4665840268135071,0.5906907320022583,0.13288,0.004743898753076792,-0.925,-1.179,-4.886,68.236,1.23162
4415,367990.0,1,0.4655736982822418,0.5912057161331177,0.1339,0.004661504179239273,-0.978,-1.224,-4.905,68.707,1.22319
4416,368073.33,1,0.4629676043987274,0.5878031253814697,0.13758,0.0047340067103505135,-1.157,-1.285,-4.912,68.62,1.21947
4417,368156.67,1,0.4594174325466156,0.584151029586792,0.13986,0.004818675573915243,-1.398,-1.289,-4.923,68.731,1.22344
4418,368240.0,1,0.45980650186538696,0.5855263471603394,0.13932,0.004532004240900278,-1.44,-1.281,-4.933,68.247,1.24254
4419,368323.33,1,0.4662831425666809,0.5930041074752808,0.13553,0.004438570700585842,-1.394,-1.244,-4.928,68.159,1.25135
4420,368406.67,1,0.4686580002307892,0.5990065336227417,0.13333,0.004404278006404638,-1.303,-1.201,-4.925,67.707,1.25249
4421,368490.0,1,0.4703383445739746,0.5986455678939819,0.13246,0.00444209948182106,-1.307,-1.164,-4.917,68.132,1.2294
4422,368573.33,1,0.4765376150608063,0.6036515235900879,0.12841,0.0047276983968913555,-1.221,-1.101,-4.913,68.167,1.22224
4423,368656.67,1,0.4711698293685913,0.6019686460494995,0.13046,0.005041793920099735,-1.217,-1.097,-4.934,68.432,1.20623
4424,368740.0,1,0.4703223705291748,0.6050723791122437,0.12949,0.005301905330270529,-1.093,-1.108,-4.956,68.338,1.20398
4425,368823.33,1,0.4626169502735138,0.6008201241493225,0.13259,0.005459328182041645,-1.054,-1.093,-4.987,68.457,1.20254
4426,368906.67,1,0.4525088369846344,0.5943738222122192,0.13876,0.0053238943219184875,-1.104,-1.138,-4.996,68.084,1.22525
4427,368990.0,1,0.44115203619003296,0.5786851644515991,0.14682,0.0055928598158061504,-1.142,-1.168,-4.952,68.616,1.21934
4428,369071.67,1,0.43205419182777405,0.5596336126327515,0.15348,0.005341249518096447,-1.196,-1.158,-4.923,68.639,1.21544
4429,369155.0,1,0.41218510270118713,0.5422718524932861,0.15974,0.005774212535470724,-1.227,-1.171,-4.954,68.457,1.22794
4430,369238.33,1,0.3953426480293274,0.5307072997093201,0.16296,0.006150715984404087,-1.237,-1.171,-4.937,68.158,1.24522
4431,369321.67,1,0.388691246509552,0.5228509902954102,0.16593,0.0062627168372273445,-1.22,-1.179,-4.94,68.77,1.23135
4432,369405.0,1,0.3928487300872803,0.5118725299835205,0.16766,0.005748978815972805,-1.188,-1.157,-4.925,68.828,1.22202
4433,369488.33,1,0.391763299703598,0.502028226852417,0.17137,0.0054061999544501305,-1.269,-1.18,-4.942,68.792,1.23876
4434,369571.67,1,0.3911260664463043,0.4928133487701416,0.17397,0.005272653419524431,-1.332,-1.198,-4.97,68.469,1.2539
4435,369655.0,1,0.3869688808917999,0.4714222252368927,0.17969,0.005168711766600609,-1.391,-1.2,-4.951,69.015,1.23723
4436,369738.33,1,0.3829681873321533,0.449817955493927,0.18406,0.005181979387998581,-1.524,-1.185,-4.932,69.076,1.22655
4437,369821.67,1,0.38035526871681213,0.43527156114578247,0.18688,0.004924727603793144,-1.632,-1.172,-4.93,69.319,1.2132
4438,369905.0,1,0.3753918707370758,0.4210163950920105,0.19104,0.004609944298863411,-1.805,-1.141,-4.917,69.019,1.20044
4439,369988.33,1,0.3701111376285553,0.405605673789978,0.19583,0.004301323555409908,-1.863,-1.123,-4.896,69.1,1.20183
4440,370071.67,1,0.3783247768878937,0.4029094874858856,0.19545,0.004155222326517105,-1.835,-1.109,-4.909,68.606,1.23967
4441,370155.0,1,0.39694514870643616,0.4364047348499298,0.18624,0.00416913814842701,-1.779,-1.087,-4.961,69.109,1.2289
4442,370238.33,1,0.4543646574020386,0.5703452825546265,0.14844,0.004412722773849964,-1.76,-1.081,-5.041,69.006,1.2228
4443,370321.67,1,0.4673905074596405,0.6053792238235474,0.13577,0.004563345108181238,-1.714,-1.122,-5.136,69.277,1.20995
4444,370405.0,1,0.4756734073162079,0.6234673261642456,0.12922,0.004669847898185253,-1.642,-1.207,-5.259,68.968,1.19981
4445,370488.33,1,0.4723203480243683,0.6302779912948608,0.12778,0.004609957803040743,-1.645,-1.219,-5.277,68.835,1.21892
4446,370571.67,1,0.45590636134147644,0.6129679679870605,0.13538,0.004563957918435335,-1.792,-1.216,-5.201,68.561,1.2071
4447,370655.0,1,0.44697126746177673,0.5982316732406616,0.14188,0.004457104951143265,-1.818,-1.229,-5.15,68.584,1.22729
4448,370738.33,1,0.4357672333717346,0.5775781869888306,0.14866,0.0043369778431952,-1.887,-1.224,-5.088,68.569,1.2247
4449,370821.67,1,0.43344777822494507,0.5643102526664734,0.15246,0.004181802738457918,-1.92,-1.25,-5.069,68.545,1.2425
4450,370905.0,1,0.41939494013786316,0.5556348562240601,0.15567,0.00414316775277257,-1.881,-1.306,-5.044,68.439,1.23172
4451,370988.33,1,0.4198073446750641,0.5471218228340149,0.1567,0.004599723964929581,-1.791,-1.321,-5.063,68.605,1.2324
4452,371071.67,1,0.42142099142074585,0.5361806154251099,0.16135,0.0047979471273720264,-1.802,-1.283,-5.076,68.185,1.24845
4453,371155.0,1,0.40950319170951843,0.5169416666030884,0.16494,0.005077493377029896,-1.676,-1.255,-5.053,68.586,1.2344
4454,371238.33,1,0.4041741192340851,0.5136411190032959,0.1663,0.004732593894004822,-1.657,-1.254,-5.068,68.434,1.22413
4455,371321.67,1,0.4027586579322815,0.5006131529808044,0.1692,0.0046341815032064915,-1.665,-1.263,-5.079,68.815,1.21743
4456,371405.0,1,0.40715542435646057,0.494168221950531,0.17095,0.004332975018769503,-1.785,-1.266,-5.079,68.722,1.21514
4457,371486.67,1,0.4077652096748352,0.4824129343032837,0.174,0.004174609202891588,-1.823,-1.302,-5.077,68.771,1.20313
4458,371570.0,1,0.4069637656211853,0.4768091142177582,0.17516,0.0041018822230398655,-1.815,-1.323,-5.074,68.591,1.20523
4459,371653.33,1,0.40651217103004456,0.46733149886131287,0.17755,0.004119607619941235,-1.812,-1.326,-5.073,68.746,1.21531
4460,371736.67,1,0.4012417793273926,0.4513992369174957,0.18121,0.004236265551298857,-1.823,-1.308,-5.07,68.266,1.23828
4461,371820.0,1,0.3973623812198639,0.4357042908668518,0.18454,0.0042891609482467175,-1.821,-1.29,-5.1,68.223,1.23653
4462,371903.33,1,0.38519757986068726,0.4256852865219116,0.18843,0.004263686947524548,-1.839,-1.284,-5.139,68.182,1.21717
4463,371986.67,1,0.3773874342441559,0.4200015366077423,0.19107,0.004451804328709841,-1.849,-1.278,-5.155,68.228,1.22603
4464,372070.0,1,0.37785524129867554,0.42042022943496704,0.19156,0.004538643639534712,-1.843,-1.257,-5.144,68.273,1.22434
4465,372153.33,1,0.37398087978363037,0.41873642802238464,0.19268,0.004535158630460501,-1.881,-1.241,-5.149,68.571,1.22964
4466,372236.67,1,0.37224552035331726,0.4184693694114685,0.19344,0.004533406812697649,-1.944,-1.211,-5.153,68.201,1.24757
4467,372320.0,1,0.37196084856987,0.41629770398139954,0.19375,0.004502328112721443,-1.963,-1.206,-5.145,68.5,1.23012
4468,372403.33,1,0.37067651748657227,0.41459041833877563,0.19402,0.004499496892094612,-1.968,-1.21,-5.142,68.233,1.21346
4469,372486.67,1,0.37092357873916626,0.4178680181503296,0.19346,0.004480639938265085,-1.975,-1.204,-5.145,68.017,1.2349
4470,372570.0,1,0.37001949548721313,0.4132710099220276,0.19293,0.004302495624870062,-2.002,-1.103,-5.104,68.276,1.23265
4471,372653.33,1,0.3635878562927246,0.40841975808143616,0.19466,0.004273476079106331,-1.969,-1.084,-5.087,68.67,1.22388
4472,372736.67,1,0.3536122441291809,0.4053860604763031,0.196,0.004354550503194332,-1.89,-1.059,-5.094,68.516,1.22107
4473,372820.0,1,0.3494451344013214,0.39705342054367065,0.19744,0.004352805204689503,-1.855,-1.049,-5.094,68.729,1.22724
4474,372903.33,1,0.3464813530445099,0.3870563805103302,0.20005,0.00437342282384634,-1.797,-1.011,-5.09,68.299,1.24544
4475,372986.67,1,0.34323006868362427,0.38246604800224304,0.20127,0.004515777807682753,-1.751,-1.01,-5.075,68.675,1.23272
4476,373070.0,1,0.33177661895751953,0.37258031964302063,0.20352,0.004961351398378611,-1.513,-0.985,-5.071,68.62,1.22615
4477,373153.33,1,0.32268455624580383,0.3766804337501526,0.20422,0.00549769401550293,-1.396,-0.95,-5.083,68.455,1.24078
4478,373236.67,1,0.31105107069015503,0.3834448754787445,0.20389,0.006689909845590591,-1.195,-0.931,-5.073,67.887,1.24823
4479,373320.0,1,0.3263530731201172,0.40826255083084106,0.19645,0.0067839594557881355,-1.147,-0.948,-5.106,68.306,1.2435
4480,373403.33,1,0.34142637252807617,0.4280749261379242,0.18955,0.006585053633898497,-1.225,-1.007,-5.109,68.144,1.25615
4481,373486.67,1,0.35202255845069885,0.44487616419792175,0.18361,0.005991759244352579,-1.275,-1.034,-5.071,68.513,1.24844
4482,373570.0,1,0.36284327507019043,0.46209368109703064,0.17998,0.005447236355394125,-1.346,-1.071,-5.046,68.223,1.25792
4483,373653.33,1,0.37686389684677124,0.461105614900589,0.17857,0.005170722492039204,-1.557,-1.079,-4.979,68.586,1.26192
4484,373736.67,1,0.3851555287837982,0.46153706312179565,0.17715,0.005345557816326618,-1.665,-1.142,-4.94,68.687,1.24929
4485,373820.0,1,0.386372447013855,0.456199586391449,0.17765,0.004944775253534317,-1.701,-1.176,-4.939,69.15,1.23499
4486,373901.67,1,0.38345852494239807,0.4501786530017853,0.17908,0.0047814673744142056,-1.873,-1.168,-4.949,69.081,1.22904
4487,373985.0,1,0.3829995393753052,0.44846490025520325,0.17997,0.004747155122458935,-1.919,-1.173,-4.974,68.946,1.24982
4488,374068.33,1,0.38229236006736755,0.44311776757240295,0.1809,0.0045405118726193905,-2.051,-1.161,-4.978,68.472,1.2632
4489,374151.67,1,0.38117867708206177,0.4358854293823242,0.18312,0.00435146689414978,-2.047,-1.169,-4.969,68.865,1.24482
4490,374235.0,1,0.38092905282974243,0.42926162481307983,0.18546,0.00452048983424902,-2.032,-1.196,-4.962,68.867,1.23386
4491,374318.33,1,0.3761385381221771,0.42785242199897766,0.18686,0.004557656589895487,-1.957,-1.241,-4.993,68.756,1.24018
4492,374401.67,1,0.3763103783130646,0.42949098348617554,0.18868,0.004624543711543083,-1.968,-1.249,-5.013,68.513,1.22361
4493,374485.0,1,0.3665618300437927,0.4156237244606018,0.19414,0.004591777455061674,-1.989,-1.272,-5.026,68.747,1.20973
4494,374568.33,1,0.3595815896987915,0.4039939343929291,0.19618,0.004662827122956514,-1.991,-1.299,-5.024,68.676,1.21189
4495,374651.67,1,0.35633763670921326,0.40504422783851624,0.19776,0.004657660610973835,-2.045,-1.321,-5.033,68.954,1.20532
4496,374735.0,1,0.3459922969341278,0.4002818763256073,0.20006,0.004941554274410009,-2.03,-1.324,-5.015,68.634,1.19694
4497,374818.33,1,0.34342703223228455,0.40182870626449585,0.20141,0.004504055250436068,-2.028,-1.308,-5.036,68.688,1.20187
4498,374901.67,1,0.3427184224128723,0.39112159609794617,0.2051,0.003774837590754032,-2.136,-1.2,-5.0,68.194,1.22801
4499,374985.0,1,0.3323565721511841,0.3931240141391754,0.20679,0.0037391718942672014,-2.109,-1.185,-5.018,67.871,1.23808
4500,375068.33,1,0.32807421684265137,0.3962467610836029,0.20596,0.004269639030098915,-2.117,-1.181,-5.047,67.823,1.21342
4501,375151.67,1,0.32908767461776733,0.3987122178077698,0.2055,0.004495022352784872,-2.115,-1.199,-5.057,67.948,1.23389
4502,375235.0,1,0.3282255530357361,0.3831040561199188,0.20858,0.00451646139845252,-2.058,-1.216,-5.062,67.846,1.23015
4503,375318.33,1,0.3300062417984009,0.374093621969223,0.20995,0.004479893483221531,-2.039,-1.19,-5.047,68.116,1.22114
4504,375401.67,1,0.3299289047718048,0.36559197306632996,0.21078,0.004362036008387804,-2.047,-1.183,-5.035,67.844,1.20912
4505,375485.0,1,0.32933592796325684,0.362875759601593,0.21119,0.004253447987139225,-2.133,-1.189,-5.021,68.035,1.22861
4506,375568.33,1,0.3301321864128113,0.3600294589996338,0.2116,0.004175509326159954,-2.224,-1.154,-4.984,68.107,1.22784
4507,375651.67,1,0.3287368714809418,0.3589108884334564,0.21194,0.004276266787201166,-2.257,-1.128,-4.975,68.596,1.22387
4508,375735.0,1,0.3281170725822449,0.35743317008018494,0.21183,0.004295248072594404,-2.255,-1.12,-4.968,68.535,1.2238
4509,375818.33,1,0.32746249437332153,0.35683465003967285,0.21203,0.0041898502968251705,-2.253,-1.118,-4.967,68.45,1.2287
4510,375901.67,1,0.32587680220603943,0.3563009798526764,0.21234,0.0040864101611077785,-2.239,-1.126,-4.972,68.379,1.22526
4511,375985.0,1,0.3240218162536621,0.35672566294670105,0.2122,0.004052974749356508,-2.196,-1.131,-4.978,68.277,1.23285
4512,376068.33,1,0.3231656849384308,0.3581770956516266,0.21205,0.004189168568700552,-2.174,-1.134,-4.997,68.225,1.2279
4513,376151.67,1,0.3240949809551239,0.35865679383277893,0.21186,0.004220058210194111,-2.164,-1.119,-5.0,68.45,1.21807
4514,376233.33,1,0.32479768991470337,0.3598867654800415,0.21169,0.004172849468886852,-2.184,-1.113,-5.001,68.151,1.2084
4515,376316.67,1,0.326558381319046,0.3639543354511261,0.21129,0.004325879272073507,-2.162,-1.138,-5.033,68.34,1.21296
4516,376400.0,1,0.47475308179855347,0.5335061550140381,0.14397,0.005073967389762402,-2.056,-1.18,-5.089,67.827,1.22567
4517,376483.33,1,0.5512645244598389,0.6256675124168396,0.10682,0.005106016062200069,-1.944,-1.103,-5.134,67.955,1.24918
4518,376566.67,1,0.535702109336853,0.613553524017334,0.11102,0.005107060074806213,-1.917,-1.124,-5.158,67.666,1.26487
4519,376650.0,1,0.4341444969177246,0.525153398513794,0.14867,0.004693667870014906,-2.07,-1.142,-5.196,67.841,1.26201
4520,376733.33,1,0.384186714887619,0.46891626715660095,0.17128,0.0038165112491697073,-2.074,-1.169,-5.208,67.842,1.23795
4521,376816.67,1,0.36520472168922424,0.4343906342983246,0.18423,0.003527255728840828,-2.118,-1.188,-5.198,68.371,1.22635
4522,376900.0,1,0.3534483015537262,0.40808719396591187,0.19205,0.003488723421469331,-2.098,-1.163,-5.154,68.461,1.22164
4523,376983.33,1,0.3460252285003662,0.3938486576080322,0.19711,0.00365264480933547,-2.074,-1.147,-5.1,68.397,1.24405
4524,377066.67,1,0.34326303005218506,0.3835885524749756,0.20153,0.0038129654712975025,-2.051,-1.145,-5.037,68.014,1.2607
4525,377150.0,1,0.33058086037635803,0.3748182952404022,0.20589,0.004210528451949358,-1.894,-1.137,-5.019,68.138,1.26968
4526,377233.33,1,0.32755738496780396,0.3656620979309082,0.2087,0.004307450260967016,-1.815,-1.147,-4.983,67.907,1.2769
4527,377316.67,1,0.32113248109817505,0.35606521368026733,0.20991,0.004910274874418974,-1.819,-1.131,-4.958,68.206,1.24634
4528,377400.0,1,0.31314316391944885,0.3554069399833679,0.2109,0.00506636593490839,-1.827,-1.132,-4.975,67.941,1.24216
4529,377483.33,1,0.31732359528541565,0.3556602895259857,0.21243,0.004702896811068058,-1.849,-1.087,-4.988,68.331,1.23056
4530,377566.67,1,0.3222842216491699,0.3508343994617462,0.21086,0.0045611378736793995,-1.925,-1.088,-4.954,68.82,1.22029
4531,377650.0,1,0.31439095735549927,0.3501332700252533,0.21225,0.004613244906067848,-1.895,-1.124,-4.962,69.129,1.20914
4532,377733.33,1,0.3106440305709839,0.34968799352645874,0.21286,0.005077512003481388,-1.871,-1.126,-4.923,69.055,1.20994
4533,377816.67,1,0.3132062554359436,0.3568931221961975,0.21126,0.005241016857326031,-1.877,-1.137,-4.942,69.403,1.21045
4534,377900.0,1,0.31330254673957825,0.35650208592414856,0.21165,0.0053190020844340324,-1.941,-1.127,-4.934,69.217,1.21062
4535,377983.33,1,0.31671854853630066,0.36116042733192444,0.21074,0.005216232035309076,-2.015,-1.118,-4.946,69.517,1.21045
4536,378066.67,1,0.32245972752571106,0.36903417110443115,0.2078,0.005335982423275709,-1.996,-1.137,-4.957,69.319,1.21349
4537,378150.0,1,0.32895636558532715,0.37999922037124634,0.20421,0.0051514748483896255,-2.037,-1.185,-4.979,69.465,1.20832
4538,378233.33,1,0.33884331583976746,0.39616888761520386,0.19806,0.0050623444840312,-2.06,-1.207,-4.994,69.108,1.20081
4539,378316.67,1,0.3514976501464844,0.42037433385849,0.18888,0.004909261595457792,-2.085,-1.189,-5.02,68.966,1.22368
4540,378400.0,1,0.3689967691898346,0.4548838138580322,0.17867,0.005066830199211836,-2.083,-1.179,-5.072,68.841,1.22296
4541,378483.33,1,0.3904755413532257,0.493226021528244,0.16478,0.005220601335167885,-2.046,-1.172,-5.088,68.708,1.23935
4542,378565.0,1,0.40174174308776855,0.5440987944602966,0.14871,0.005778928752988577,-1.974,-1.125,-5.151,68.481,1.23395
4543,378648.33,1,0.40736687183380127,0.5578469634056091,0.14327,0.006734204478561878,-1.828,-1.06,-5.181,68.435,1.22577
4544,378731.67,1,0.40134114027023315,0.5621498227119446,0.14425,0.007348884362727404,-1.826,-1.057,-5.228,67.998,1.24272
4545,378815.0,1,0.4067952632904053,0.5728722810745239,0.14395,0.006411086767911911,-2.053,-1.178,-5.261,68.027,1.25769
4546,378898.33,1,0.40768131613731384,0.572809100151062,0.14524,0.0067880600690841675,-2.198,-1.219,-5.258,67.692,1.26767
4547,378981.67,1,0.4051404595375061,0.55259108543396,0.14943,0.006352819036692381,-2.132,-1.203,-5.228,68.246,1.24883
4548,379065.0,1,0.41442906856536865,0.5625041723251343,0.14804,0.004974371287971735,-2.127,-1.212,-5.269,68.231,1.23614
4549,379148.33,1,0.41066235303878784,0.5520409941673279,0.15144,0.0047597880475223064,-2.124,-1.19,-5.258,68.079,1.23293
4550,379231.67,1,0.4131867289543152,0.5378178358078003,0.15509,0.0047549111768603325,-2.093,-1.162,-5.262,67.87,1.2161
4551,379315.0,1,0.41402238607406616,0.5067100524902344,0.16117,0.00465478515252471,-2.133,-1.156,-5.261,68.225,1.2049
4552,379398.33,1,0.41247910261154175,0.5049196481704712,0.16183,0.004694843664765358,-2.129,-1.162,-5.256,68.217,1.20984
4553,379481.67,1,0.41087737679481506,0.5052591562271118,0.16182,0.005056962836533785,-2.126,-1.178,-5.254,68.296,1.23092
4554,379565.0,1,0.40921056270599365,0.5068575739860535,0.16171,0.005121732130646706,-2.149,-1.194,-5.253,68.333,1.22871
4555,379648.33,1,0.4071711003780365,0.5098243951797485,0.16139,0.005052406340837479,-2.006,-1.239,-5.26,68.204,1.24519
4556,379731.67,1,0.4057828187942505,0.5105541348457336,0.1613,0.005073809064924717,-1.928,-1.226,-5.262,67.759,1.25184
4557,379815.0,1,0.4061158299446106,0.5148224830627441,0.16083,0.0050619314424693584,-1.948,-1.237,-5.257,67.85,1.26442
4558,379898.33,1,0.4055304527282715,0.5145652294158936,0.16129,0.005638784263283014,-1.965,-1.234,-5.248,67.6,1.27385
4559,379981.67,1,0.407606840133667,0.5126169919967651,0.16111,0.005740563850849867,-1.9,-1.224,-5.216,67.572,1.27665
4560,380065.0,1,0.40281444787979126,0.5045739412307739,0.16363,0.005819055251777172,-2.097,-1.163,-5.195,67.94,1.25021
4561,380148.33,1,0.39954259991645813,0.5020599365234375,0.16515,0.005623474717140198,-2.179,-1.139,-5.18,68.324,1.22695
4562,380231.67,1,0.39892351627349854,0.5074864625930786,0.16406,0.005441220477223396,-2.214,-1.125,-5.161,68.254,1.22045
4563,380315.0,1,0.39759165048599243,0.5133271217346191,0.16307,0.005271602887660265,-2.199,-1.147,-5.157,68.486,1.20672
4564,380398.33,1,0.3984699249267578,0.5151886940002441,0.16258,0.005107644014060497,-2.211,-1.194,-5.178,68.297,1.20861
4565,380481.67,1,0.3989141583442688,0.5158705711364746,0.16267,0.0051637510769069195,-2.243,-1.221,-5.185,68.143,1.21746
4566,380565.0,1,0.3991672992706299,0.5223513841629028,0.16082,0.0052213286980986595,-2.138,-1.262,-5.179,68.007,1.20711
4567,380648.33,1,0.4015394449234009,0.5464051365852356,0.15528,0.005227212328463793,-2.034,-1.289,-5.205,67.903,1.22538
4568,380731.67,1,0.39957842230796814,0.5568453073501587,0.15315,0.005812820978462696,-1.978,-1.237,-5.213,67.593,1.24571
4569,380815.0,1,0.40090104937553406,0.5677107572555542,0.15095,0.0058985548093914986,-1.932,-1.165,-5.23,67.65,1.2446
4570,380898.33,1,0.4032074809074402,0.5715749263763428,0.15017,0.005823323503136635,-1.863,-1.125,-5.265,67.723,1.23512
4571,380980.0,1,0.40616148710250854,0.5774768590927124,0.14826,0.005720816552639008,-1.881,-1.117,-5.272,68.275,1.22476
4572,381063.33,1,0.40831172466278076,0.5835162401199341,0.14759,0.005381667986512184,-1.871,-1.116,-5.248,68.223,1.21762
4573,381146.67,1,0.40830278396606445,0.5734953880310059,0.14946,0.005194336175918579,-1.897,-1.125,-5.214,68.354,1.23709
4574,381230.0,1,0.4098314642906189,0.5639028549194336,0.15158,0.004940757993608713,-1.97,-1.128,-5.216,68.36,1.22912
4575,381313.33,1,0.40702489018440247,0.5511887073516846,0.1553,0.005387425888329744,-1.945,-1.127,-5.182,68.376,1.252
4576,381396.67,1,0.4048774540424347,0.5387279987335205,0.15824,0.0051846737042069435,-1.892,-1.145,-5.152,68.024,1.26676
4577,381480.0,1,0.41195887327194214,0.5283610820770264,0.16016,0.00489568617194891,-2.011,-1.179,-5.141,68.6,1.24907
4578,381563.33,1,0.40439051389694214,0.5151883363723755,0.16476,0.004643624648451805,-2.077,-1.198,-5.136,68.662,1.23796
4579,381646.67,1,0.401703417301178,0.5109015107154846,0.16645,0.0050193327479064465,-2.11,-1.228,-5.114,68.989,1.22617
4580,381730.0,1,0.40388840436935425,0.516385555267334,0.16441,0.005351149011403322,-2.093,-1.274,-5.101,68.877,1.22093
4581,381813.33,1,0.4019886553287506,0.5098584294319153,0.16558,0.0051591657102108,-2.08,-1.281,-5.117,69.051,1.22667
4582,381896.67,1,0.40004977583885193,0.49943068623542786,0.16884,0.0050357552245259285,-2.085,-1.236,-5.094,68.614,1.24638
4583,381980.0,1,0.39918023347854614,0.49402981996536255,0.17061,0.0054012080654501915,-2.182,-1.18,-5.082,68.45,1.23631
4584,382063.33,1,0.39751070737838745,0.48706933856010437,0.17249,0.005489365663379431,-2.309,-1.118,-5.07,67.912,1.25462
4585,382146.67,1,0.3957059979438782,0.47620120644569397,0.17461,0.0053961924277246,-2.364,-1.099,-5.062,68.43,1.24034
4586,382230.0,1,0.39287495613098145,0.46807408332824707,0.17653,0.005515581928193569,-2.399,-1.135,-5.073,68.425,1.23177
4587,382313.33,1,0.38535207509994507,0.45496630668640137,0.1807,0.005396561231464148,-2.418,-1.138,-5.092,68.65,1.24481
4588,382396.67,1,0.3772487938404083,0.44356316328048706,0.18414,0.005095422267913818,-2.425,-1.139,-5.115,68.718,1.23323
4589,382480.0,1,0.3711930811405182,0.43109574913978577,0.18643,0.0052633630111813545,-2.413,-1.165,-5.134,68.677,1.22875
4590,382563.33,1,0.36853399872779846,0.4220435917377472,0.18832,0.005855756811797619,-2.441,-1.144,-5.156,68.373,1.22589
4591,382646.67,1,0.36362820863723755,0.41784390807151794,0.19202,0.0055070482194423676,-2.436,-1.127,-5.138,68.52,1.2226
4592,382730.0,1,0.3581415116786957,0.4086070954799652,0.19487,0.0050253234803676605,-2.356,-1.112,-5.077,68.169,1.22087
4593,382813.33,1,0.3515225350856781,0.40579482913017273,0.19683,0.004817735869437456,-2.311,-1.117,-5.029,67.98,1.22976
4594,382896.67,1,0.34933242201805115,0.40250346064567566,0.19775,0.0048038107343018055,-2.277,-1.095,-5.041,67.873,1.22534
4595,382980.0,1,0.3467567265033722,0.40370798110961914,0.19925,0.004473086912184954,-2.278,-1.089,-5.073,68.391,1.21867
4596,383063.33,1,0.3546859920024872,0.4127797782421112,0.19678,0.004848666023463011,-2.278,-1.078,-5.084,68.456,1.21661
4597,383146.67,1,0.3604339361190796,0.41741257905960083,0.19576,0.0047978488728404045,-2.306,-1.086,-5.078,68.559,1.22574
4598,383228.33,1,0.3632985055446625,0.419481098651886,0.19499,0.004774617496877909,-2.268,-1.086,-5.069,68.377,1.24237
4599,383311.67,1,0.3642599582672119,0.4253785312175751,0.19386,0.004451694432646036,-2.308,-1.092,-5.096,68.912,1.22848
4600,383395.0,1,0.3668751120567322,0.4265313148498535,0.19341,0.003994368016719818,-2.308,-1.076,-5.102,68.919,1.22166
4601,383478.33,1,0.36895743012428284,0.4276091754436493,0.19303,0.003691053483635187,-2.331,-1.066,-5.113,68.843,1.2297
4602,383561.67,1,0.3661902844905853,0.4270729124546051,0.19329,0.0035778197925537825,-2.328,-1.097,-5.121,68.554,1.21393
4603,383645.0,1,0.36409875750541687,0.4251614809036255,0.19368,0.0035629968624562025,-2.324,-1.109,-5.143,68.81,1.20151
4604,383728.33,1,0.3604811429977417,0.4232890009880066,0.19422,0.0036154757253825665,-2.295,-1.113,-5.143,68.731,1.20534
4605,383811.67,1,0.3601391613483429,0.42324909567832947,0.19441,0.003680818248540163,-2.336,-1.143,-5.149,68.731,1.21016
4606,383895.0,1,0.35810160636901855,0.4208083152770996,0.19498,0.0036910169292241335,-2.284,-1.144,-5.14,68.075,1.22471
4607,383978.33,1,0.3575863838195801,0.419170081615448,0.19499,0.0038161356933414936,-2.247,-1.154,-5.161,68.236,1.23771
4608,384061.67,1,0.35513371229171753,0.4166243374347687,0.19528,0.0039209648966789246,-2.184,-1.105,-5.159,68.34,1.23023
4609,384145.0,1,0.35541146993637085,0.4209885001182556,0.19442,0.00407610647380352,-2.102,-1.069,-5.174,68.562,1.23149
4610,384228.33,1,0.35576802492141724,0.42221689224243164,0.19373,0.0044590481556952,-2.072,-1.061,-5.163,68.129,1.24736
4611,384311.67,1,0.3585536777973175,0.4256359040737152,0.19223,0.004471580032259226,-2.079,-1.046,-5.171,68.343,1.24264
4612,384395.0,1,0.3635178208351135,0.4298883080482483,0.19026,0.004704087041318417,-2.098,-1.04,-5.173,67.919,1.25473
4613,384478.33,1,0.3715420663356781,0.43502405285835266,0.18801,0.004858118016272783,-2.145,-1.025,-5.178,68.032,1.26455
4614,384561.67,1,0.39093533158302307,0.4682645797729492,0.17827,0.0051041413098573685,-2.154,-1.061,-5.177,67.739,1.27337
4615,384645.0,1,0.41875210404396057,0.5264771580696106,0.16182,0.005097916815429926,-2.153,-1.069,-5.173,67.902,1.27753
4616,384728.33,1,0.4479426145553589,0.5743328332901001,0.14695,0.005246824584901333,-2.17,-1.088,-5.174,67.641,1.27994
4617,384811.67,1,0.4700799882411957,0.6096059083938599,0.13635,0.005494522396475077,-2.065,-1.089,-5.22,68.182,1.2542
4618,384895.0,1,0.47164186835289,0.6229549050331116,0.13213,0.005359220318496227,-1.942,-1.091,-5.256,68.26,1.23883
4619,384978.33,1,0.4741436541080475,0.6304795742034912,0.12974,0.005270833149552345,-1.835,-1.118,-5.278,68.367,1.23131
4620,385061.67,1,0.4788029193878174,0.6289698481559753,0.12844,0.005060569848865271,-1.8,-1.05,-5.265,68.356,1.21965
4621,385145.0,1,0.4833536744117737,0.6317312717437744,0.12796,0.004972916096448898,-1.82,-1.046,-5.289,68.461,1.2352
4622,385228.33,1,0.48460614681243896,0.6296793818473816,0.12775,0.004852491896599531,-1.952,-0.99,-5.285,68.411,1.2311
4623,385311.67,1,0.49030646681785583,0.6402886509895325,0.12322,0.004933842923492193,-2.013,-1.042,-5.301,68.345,1.24458
4624,385395.0,1,0.5012719631195068,0.6535229682922363,0.11615,0.005284836981445551,-1.94,-1.063,-5.285,67.833,1.24862
4625,385478.33,1,0.5035166144371033,0.6583672165870667,0.11199,0.005352559965103865,-1.733,-1.008,-5.3,68.308,1.22679
4626,385560.0,1,0.512919545173645,0.6524029970169067,0.11011,0.005428469739854336,-1.76,-1.065,-5.37,68.484,1.22048
4627,385643.33,1,0.5240681767463684,0.6496336460113525,0.10756,0.00564301572740078,-1.745,-1.077,-5.377,68.75,1.22326
4628,385726.67,1,0.5190252661705017,0.6424962282180786,0.10908,0.006101725157350302,-1.669,-1.079,-5.384,68.348,1.24238
4629,385810.0,1,0.510306179523468,0.6411570906639099,0.11287,0.005440822336822748,-1.65,-1.075,-5.368,68.827,1.23049
4630,385893.33,1,0.4998534917831421,0.6381421089172363,0.1168,0.0050513711757957935,-1.706,-1.084,-5.342,68.806,1.2223
4631,385976.67,1,0.49007827043533325,0.6318840980529785,0.1207,0.00524167250841856,-1.78,-1.105,-5.354,68.88,1.24225
4632,386060.0,1,0.4855658710002899,0.6265908479690552,0.12337,0.005270510446280241,-1.904,-1.079,-5.369,68.52,1.25657
4633,386143.33,1,0.484130322933197,0.619783878326416,0.12569,0.005094099789857864,-2.121,-1.027,-5.349,68.938,1.2481
4634,386226.67,1,0.48167893290519714,0.6171540021896362,0.12708,0.004924786277115345,-2.134,-0.984,-5.321,68.703,1.25524
4635,386310.0,1,0.4828420579433441,0.6141630411148071,0.12775,0.004679166246205568,-2.228,-0.968,-5.315,69.052,1.2469
4636,386393.33,1,0.48112547397613525,0.6137591600418091,0.12714,0.004743061028420925,-2.26,-0.965,-5.328,68.715,1.2569
4637,386476.67,1,0.4798716902732849,0.6137917041778564,0.12772,0.004491919185966253,-2.303,-0.955,-5.36,69.152,1.23674
4638,386560.0,1,0.4844362735748291,0.6100940704345703,0.12901,0.004131866153329611,-2.454,-0.905,-5.356,69.037,1.22411
4639,386643.33,1,0.4942435920238495,0.6120927333831787,0.12684,0.003485378110781312,-2.525,-0.906,-5.333,69.199,1.2246
4640,386726.67,1,0.5198966860771179,0.61577308177948,0.12052,0.0034297278616577387,-2.543,-0.874,-5.331,68.685,1.24215
4641,386810.0,1,0.5421183109283447,0.635966956615448,0.11235,0.0033577559515833855,-2.606,-0.886,-5.306,68.778,1.22715
4642,386893.33,1,0.5495787858963013,0.651123046875,0.10703,0.0033207263331860304,-2.614,-0.881,-5.281,68.482,1.24219
4643,386976.67,1,0.5579650402069092,0.6633696556091309,0.10092,0.003227067645639181,-2.566,-0.914,-5.272,68.537,1.25524
4644,387060.0,1,0.573807954788208,0.6772035360336304,0.09252,0.0034391514491289854,-2.483,-0.924,-5.255,68.185,1.26605
4645,387143.33,1,0.5958417654037476,0.6940332651138306,0.07999,0.0035018406342715025,-2.268,-0.904,-5.163,68.618,1.24347
4646,387226.67,1,0.6027387380599976,0.6986348628997803,0.07566,0.0037875587586313486,-2.276,-0.928,-5.124,68.646,1.2299
4647,387310.0,1,0.6098982095718384,0.7072525024414062,0.07116,0.004461335018277168,-2.214,-0.941,-5.108,68.781,1.22843
4648,387393.33,1,0.612301230430603,0.7107908725738525,0.06839,0.00520107988268137,-2.034,-0.963,-5.088,68.386,1.24532
4649,387476.67,1,0.6156500577926636,0.7136633396148682,0.06785,0.004684756509959698,-1.988,-0.965,-5.117,68.537,1.23736
4650,387560.0,1,0.6213277578353882,0.7139201760292053,0.06701,0.004691872280091047,-2.011,-0.965,-5.111,68.546,1.20839
4651,387643.33,1,0.6230100393295288,0.7099786996841431,0.06807,0.0044287145137786865,-2.09,-0.943,-5.081,68.591,1.22736
4652,387726.67,1,0.6238082647323608,0.7074645161628723,0.06887,0.0042326487600803375,-2.117,-0.941,-5.066,68.128,1.23861
4653,387810.0,1,0.6144853234291077,0.705479621887207,0.0715,0.0042044417932629585,-2.172,-0.991,-5.079,68.286,1.25326
4654,387891.67,1,0.6107291579246521,0.7042039632797241,0.07288,0.004173636436462402,-2.175,-1.003,-5.076,67.953,1.26167
4655,387975.0,1,0.605613648891449,0.703166127204895,0.07415,0.004128588363528252,-2.172,-1.009,-5.079,68.594,1.24317
4656,388058.33,1,0.6043961644172668,0.7035682201385498,0.07501,0.003963844384998083,-2.164,-1.006,-5.078,68.668,1.23262
4657,388141.67,1,0.6007956266403198,0.6994731426239014,0.07739,0.003936475142836571,-2.152,-1.001,-5.072,68.723,1.24701
4658,388225.0,1,0.5854103565216064,0.6884380578994751,0.08363,0.0037331762723624706,-2.132,-0.98,-5.075,68.368,1.25726
4659,388308.33,1,0.5402326583862305,0.6590936183929443,0.09992,0.0033754254691302776,-2.132,-0.959,-5.055,68.712,1.24902
4660,388391.67,1,0.48541900515556335,0.5891051888465881,0.12302,0.003284247126430273,-2.074,-0.934,-5.082,68.458,1.25845
4661,388475.0,1,0.45542851090431213,0.5459855794906616,0.13834,0.003313798690214753,-2.143,-0.92,-5.119,68.903,1.23828
4662,388558.33,1,0.4338284134864807,0.5235785841941833,0.14739,0.0035143413115292788,-2.135,-0.92,-5.165,68.821,1.2277
4663,388641.67,1,0.42956095933914185,0.5284833908081055,0.15055,0.0038053945172578096,-2.232,-0.941,-5.202,69.025,1.23064
4664,388725.0,1,0.40533313155174255,0.5191580057144165,0.15681,0.004135430790483952,-2.152,-1.011,-5.141,68.526,1.24928
4665,388808.33,1,0.38820794224739075,0.4966401755809784,0.16463,0.004060353152453899,-2.152,-1.055,-5.099,68.745,1.22512
4666,388891.67,1,0.38107505440711975,0.4981302320957184,0.16678,0.0036476850509643555,-2.068,-1.074,-5.09,68.722,1.21839
4667,388975.0,1,0.3846754729747772,0.48207610845565796,0.1703,0.0036714274901896715,-2.126,-1.09,-5.109,68.956,1.22124
4668,389058.33,1,0.38954102993011475,0.4792103171348572,0.16965,0.003882049350067973,-2.257,-1.086,-5.1,68.523,1.23993
4669,389141.67,1,0.38588470220565796,0.4672591984272003,0.17338,0.0037788008339703083,-2.332,-1.065,-5.077,68.614,1.25587
4670,389225.0,1,0.3740365207195282,0.4452095329761505,0.17947,0.0038278864230960608,-2.393,-1.019,-5.051,68.354,1.26753
4671,389308.33,1,0.36832138895988464,0.4253501892089844,0.1847,0.004109350498765707,-2.429,-1.018,-5.052,68.561,1.25955
4672,389391.67,1,0.3699086606502533,0.41440290212631226,0.18395,0.004405451472848654,-2.389,-1.006,-5.032,68.569,1.23158
4673,389475.0,1,0.36431726813316345,0.4188785254955292,0.18539,0.004441209603101015,-2.446,-0.998,-5.079,69.036,1.2111
4674,389558.33,1,0.3825976848602295,0.4534320831298828,0.17666,0.0043184794485569,-2.428,-0.993,-5.073,69.124,1.20818
4675,389641.67,1,0.3958190977573395,0.4734141230583191,0.17053,0.004248979035764933,-2.485,-0.992,-5.024,69.091,1.21554
4676,389725.0,1,0.40747928619384766,0.488493949174881,0.16298,0.004072573967278004,-2.455,-0.992,-5.01,69.048,1.20258
4677,389808.33,1,0.41630902886390686,0.5004372596740723,0.16063,0.003922678530216217,-2.474,-0.994,-5.034,69.159,1.21902
4678,389891.67,1,0.4368312656879425,0.5221319198608398,0.15295,0.003963720053434372,-2.442,-0.99,-5.031,69.194,1.22251
4679,389975.0,1,0.4372817277908325,0.5159333944320679,0.15515,0.0036598641891032457,-2.496,-0.977,-5.022,71.385,1.19188
4680,390058.33,1,0.4248639941215515,0.4575549066066742,0.1675,0.0038828111719340086,-2.364,-0.897,-4.994,74.643,1.11725
4681,390141.67,1,0.4141395688056946,0.4557908773422241,0.16984,0.0040208701975643635,-2.29,-0.881,-5.005,74.782,1.18558
4682,390225.0,1,0.4075704514980316,0.4542001485824585,0.17075,0.004032784607261419,-2.278,-0.834,-5.048,74.966,1.22118
4683,390308.33,1,0.39756718277931213,0.4387032687664032,0.17544,0.004010453354567289,-2.433,-0.787,-5.118,74.991,1.23231
4684,390390.0,1,0.3848845958709717,0.4156363904476166,0.18054,0.0037825852632522583,-2.513,-0.732,-5.171,74.525,1.23827
4685,390473.33,1,0.354714572429657,0.39113539457321167,0.1899,0.0038439168129116297,-2.46,-0.77,-5.197,74.618,1.2452
4686,390556.67,1,0.3477911353111267,0.3893047869205475,0.19251,0.004055292811244726,-2.403,-0.779,-5.209,74.34,1.24564
4687,390640.0,1,0.3480073809623718,0.3878217041492462,0.19447,0.004206698387861252,-2.454,-0.792,-5.193,74.914,1.21219
4688,390723.33,1,0.3539333641529083,0.39013829827308655,0.19368,0.004003975540399551,-2.47,-0.827,-5.174,74.721,1.18454
4689,390806.67,1,0.3573997914791107,0.3901508152484894,0.19433,0.00357590289786458,-2.595,-0.836,-5.153,75.112,1.18416
4690,390890.0,1,0.3533952832221985,0.38513097167015076,0.19628,0.0038138022646307945,-2.654,-0.861,-5.141,75.014,1.18552
4691,390973.33,1,0.3551972806453705,0.38319095969200134,0.19687,0.003802958643063903,-2.634,-0.858,-5.173,74.619,1.20875
4692,391056.67,1,0.3594968914985657,0.3856925666332245,0.19648,0.0036511144135147333,-2.595,-0.804,-5.184,74.578,1.19676
4693,391140.0,1,0.3660954236984253,0.3924199640750885,0.19327,0.0035714488476514816,-2.498,-0.824,-5.192,74.441,1.21718
4694,391223.33,1,0.3769501745700836,0.4014842212200165,0.18971,0.0035379345063120127,-2.503,-0.826,-5.186,74.533,1.2036
4695,391306.67,1,0.38281095027923584,0.40633079409599304,0.18799,0.003506405046209693,-2.552,-0.856,-5.189,74.677,1.18573
4696,391390.0,1,0.3891458213329315,0.41416725516319275,0.18602,0.0033153395634144545,-2.474,-0.907,-5.182,74.594,1.18729
4697,391473.33,1,0.39057275652885437,0.41656047105789185,0.18551,0.0032085184939205647,-2.459,-0.915,-5.195,74.69,1.1945
4698,391556.67,1,0.39246124029159546,0.4199230670928955,0.1848,0.0029752065893262625,-2.467,-0.906,-5.195,74.095,1.21738
4699,391640.0,1,0.39212822914123535,0.4225660562515259,0.1843,0.0030539121944457293,-2.462,-0.899,-5.22,74.254,1.20298
4700,391723.33,1,0.3895679712295532,0.42412081360816956,0.18392,0.003308456391096115,-2.396,-0.867,-5.231,73.858,1.21834
4701,391806.67,1,0.38665056228637695,0.42274636030197144,0.18393,0.0033038947731256485,-2.38,-0.88,-5.243,73.91,1.2303
4702,391890.0,1,0.38345256447792053,0.4223651587963104,0.1839,0.003268137341365218,-2.317,-0.875,-5.228,73.461,1.22885
4703,391973.33,1,0.3807902932167053,0.42098268866539,0.18447,0.0036188371013849974,-2.323,-0.869,-5.221,72.185,1.25174
4704,392056.67,1,0.38185638189315796,0.42198309302330017,0.1842,0.003355576889589429,-2.276,-0.866,-5.213,69.252,1.28594
4705,392140.0,1,0.3696358799934387,0.3851359486579895,0.19501,0.003839876502752304,-2.355,-0.84,-5.22,68.96,1.3029
4706,392223.33,1,0.3445209860801697,0.3351699411869049,0.20661,0.0036634686402976513,-2.563,-0.839,-5.206,69.134,1.26902
4707,392306.67,1,0.3239637017250061,0.3152485489845276,0.21336,0.003562248544767499,-2.568,-0.82,-5.189,68.675,1.30615
4708,392390.0,1,0.31151318550109863,0.31019213795661926,0.21733,0.0037821843288838863,-2.522,-0.807,-5.163,68.24,1.31994
4709,392473.33,1,0.3010287284851074,0.3077944219112396,0.21831,0.0038414523005485535,-2.237,-0.73,-5.166,67.799,1.30934
4710,392556.67,1,0.3001721501350403,0.30636242032051086,0.21752,0.0038257099222391844,-2.105,-0.659,-5.126,68.479,1.27169
4711,392640.0,1,0.3027803897857666,0.3226034343242645,0.21376,0.003905871417373419,-2.144,-0.649,-5.137,68.733,1.27106
4712,392723.33,1,0.30924370884895325,0.33256179094314575,0.21,0.003930641803890467,-2.151,-0.633,-5.158,68.083,1.2855
4713,392805.0,1,0.3378593623638153,0.39423373341560364,0.19365,0.003874020418152213,-2.17,-0.691,-5.166,68.255,1.29441
4714,392888.33,1,0.43691256642341614,0.5769023299217224,0.14352,0.003617537673562765,-2.225,-0.844,-5.236,68.11,1.26836
4715,392971.67,1,0.5340215563774109,0.6602526307106018,0.10856,0.003570157801732421,-2.235,-0.928,-5.352,68.485,1.24285
4716,393055.0,1,0.5818752646446228,0.6944632530212402,0.08679,0.006925507914274931,-2.046,-0.854,-5.356,68.028,1.25559
4717,393138.33,1,0.5945347547531128,0.7108821868896484,0.07845,0.006451821886003017,-1.81,-0.725,-5.344,68.764,1.22651
4718,393221.67,1,0.5831992626190186,0.7115426063537598,0.07792,0.006130397319793701,-1.497,-0.668,-5.326,68.929,1.21231
4719,393305.0,1,0.5900089144706726,0.7113519906997681,0.0761,0.005442164838314056,-1.349,-0.567,-5.363,69.171,1.21555
4720,393388.33,1,0.597186267375946,0.7244315147399902,0.07105,0.0050153289921581745,-1.308,-0.566,-5.407,68.653,1.24154
4721,393471.67,1,0.6471387147903442,0.7462455630302429,0.052,0.004642044194042683,-1.239,-0.523,-5.443,68.475,1.24189
4722,393555.0,1,0.6879056692123413,0.7681756615638733,0.03626,0.004270409699529409,-1.059,-0.491,-5.453,68.291,1.25128
4723,393638.33,1,0.681736946105957,0.7651450037956238,0.03634,0.004415111616253853,-0.99,-0.496,-5.489,68.836,1.23903
4724,393721.67,1,0.5691370964050293,0.681214451789856,0.07762,0.0043862853199243546,-1.002,-0.559,-5.515,68.593,1.25151
4725,393805.0,1,0.4424493610858917,0.583800196647644,0.12366,0.004659703932702541,-0.978,-0.629,-5.475,68.863,1.25712
4726,393888.33,1,0.3554798662662506,0.43739354610443115,0.16845,0.00517452135682106,-1.068,-0.642,-5.48,68.559,1.26047
4727,393971.67,1,0.3135359585285187,0.3554539680480957,0.19615,0.004985737148672342,-1.25,-0.593,-5.518,68.696,1.26237
4728,394055.0,1,0.277858167886734,0.30292874574661255,0.21576,0.005310786888003349,-1.477,-0.547,-5.551,68.333,1.26349
4729,394138.33,1,0.2679367661476135,0.2994415760040283,0.22057,0.0052684033289551735,-1.669,-0.657,-5.573,68.618,1.25834
4730,394221.67,1,0.2630484700202942,0.30015164613723755,0.2241,0.004577082581818104,-1.721,-0.742,-5.546,68.733,1.23567
4731,394305.0,1,0.26940199732780457,0.3031899929046631,0.22469,0.004006796516478062,-1.774,-0.766,-5.521,69.05,1.21406
4732,394388.33,1,0.2755431830883026,0.3153192698955536,0.22066,0.0038128674495965242,-1.766,-0.771,-5.526,68.838,1.19829
4733,394471.67,1,0.2611543834209442,0.3055291175842285,0.22557,0.00312187522649765,-1.73,-0.778,-5.569,68.834,1.19508
4734,394555.0,1,0.2601329982280731,0.30500414967536926,0.2252,0.003176568541675806,-1.738,-0.819,-5.593,68.286,1.21806
4735,394638.33,1,0.25543877482414246,0.30585116147994995,0.22456,0.0035118372179567814,-1.558,-0.773,-5.55,68.56,1.21752
4736,394721.67,1,0.2594418227672577,0.3094080686569214,0.22277,0.0032680132426321507,-1.552,-0.782,-5.602,68.143,1.23139
4737,394805.0,1,0.25823861360549927,0.3144839406013489,0.22227,0.003275057068094611,-1.552,-0.763,-5.568,68.089,1.23137
4738,394888.33,1,0.2537551522254944,0.3156607747077942,0.22321,0.00348303047940135,-1.43,-0.812,-5.548,67.815,1.23105
4739,394971.67,1,0.21883255243301392,0.2765026390552521,0.23019,0.003175413701683283,-1.221,-1.149,-5.316,68.283,1.25983
4740,395055.0,1,0.22414489090442657,0.28032347559928894,0.22898,0.0034182339441031218,-1.464,-1.128,-5.327,69.082,1.20877
4741,395138.33,1,0.22536443173885345,0.274618536233902,0.23146,0.003644390497356653,-1.691,-1.154,-5.318,69.186,1.20243
4742,395220.0,1,0.2314542531967163,0.2655113935470581,0.23338,0.003357494017109275,-1.643,-1.131,-5.299,68.794,1.19625
4743,395303.33,1,0.22895117104053497,0.2689070403575897,0.23311,0.003031583037227392,-1.549,-1.128,-5.127,68.512,1.23127
4744,395386.67,1,0.23352360725402832,0.2894769608974457,0.22882,0.002837373176589608,-1.557,-1.11,-5.123,68.55,1.20794
4745,395470.0,1,0.23613405227661133,0.29883232712745667,0.22718,0.0027928093913942575,-1.375,-1.124,-5.086,68.94,1.20284
4746,395553.33,1,0.23723776638507843,0.2986712157726288,0.22781,0.00273747555911541,-1.335,-1.093,-5.088,68.736,1.20048
4747,395636.67,1,0.23132430016994476,0.2961883246898651,0.23033,0.002672805218026042,-1.328,-1.127,-5.08,68.731,1.22274
4748,395720.0,1,0.22563143074512482,0.2783203721046448,0.23401,0.00248366198502481,-1.368,-1.154,-5.031,68.783,1.21003
4749,395803.33,1,0.18747638165950775,0.2363041192293167,0.24262,0.00539368437603116,-0.939,-1.121,-5.054,68.949,1.20687
4750,395886.67,1,0.21475160121917725,0.2547113001346588,0.23322,0.0039532799273729324,-0.798,-1.243,-4.928,68.015,1.22723
4751,395970.0,1,0.23043759167194366,0.29164084792137146,0.22897,0.0043549551628530025,-0.909,-1.366,-4.789,68.92,1.20739
4752,396053.33,1,0.23129546642303467,0.2988339960575104,0.22931,0.0031965391244739294,-0.981,-1.469,-4.7,69.189,1.20635
4753,396136.67,1,0.7473627328872681,0.7247674465179443,0.03005,0.0037264928687363863,-0.723,-1.207,-4.776,68.705,1.24723
4754,396220.0,1,0.825803816318512,0.8194513916969299,0.02001,0.003353985957801342,-0.965,-0.843,-4.822,68.172,1.25863
4755,396303.33,1,0.7913986444473267,0.8108581304550171,0.01435,0.00295584206469357,-1.364,-0.819,-4.479,68.17,1.25236
4756,396386.67,1,0.7418241500854492,0.7784680724143982,0.02778,0.0038728516083210707,-1.626,-0.675,-4.235,68.103,1.26321
4757,396470.0,1,0.733077883720398,0.7811944484710693,0.0328,0.003915828187018633,-1.745,-0.559,-3.996,68.709,1.25895
4758,396553.33,1,0.7397998571395874,0.7843737006187439,0.0252,0.005293615628033876,-1.526,-0.468,-3.885,69.332,1.22033
4759,396636.67,1,0.7517696022987366,0.8024477958679199,0.02113,0.0048325322568416595,-0.694,-0.34,-3.875,69.478,1.20703
4760,396720.0,1,0.7579337954521179,0.8005409836769104,0.02163,0.004085184074938297,-1.01,0.056,-3.805,69.212,1.20409
4761,396803.33,1,0.7569904327392578,0.8072534203529358,0.02331,0.0035333584528416395,-1.234,0.255,-3.884,68.636,1.23867
4762,396886.67,1,0.7636545896530151,0.8100264072418213,0.02286,0.0031351340003311634,-1.296,0.243,-4.0,68.71,1.21333
4763,396970.0,1,0.7694196701049805,0.8164994716644287,0.02414,0.00329412380233407,-1.389,0.22,-4.287,68.228,1.22195
4764,397053.33,1,0.772128701210022,0.8075659275054932,0.02314,0.0026195079553872347,-1.265,0.222,-4.545,68.189,1.20886
4765,397136.67,1,0.7720944285392761,0.806390106678009,0.02152,0.0037303930148482323,-1.213,0.238,-4.698,69.375,1.17879
4766,397220.0,1,0.7528425455093384,0.7977818250656128,0.02462,0.0047653294168412685,-1.103,0.39,-4.852,70.082,1.17094
4767,397303.33,1,0.7482849359512329,0.7973092794418335,0.02372,0.005017230752855539,-0.95,0.497,-4.953,70.364,1.16924
4768,397386.67,1,0.7225887775421143,0.7819567918777466,0.02821,0.01130075752735138,-0.766,0.595,-5.023,70.893,1.17101
4769,397470.0,1,0.7301682233810425,0.7867567539215088,0.02635,0.007699540816247463,-0.522,0.539,-5.059,69.64,1.23601
4770,397553.33,1,0.7254388332366943,0.794133722782135,0.027,0.00782395713031292,-0.64,0.524,-5.159,69.477,1.26718
4771,397636.67,1,0.7145862579345703,0.7865940928459167,0.0297,0.007662124466150999,-0.605,0.468,-5.224,69.922,1.25942
4772,397718.33,1,0.7087327241897583,0.7793134450912476,0.03087,0.006047473289072514,-0.572,0.487,-5.306,70.159,1.22649
4773,397801.67,1,0.6861708164215088,0.7645078897476196,0.03937,0.005552006885409355,-0.646,0.53,-5.365,70.198,1.24636
4774,397885.0,1,0.6814821362495422,0.7625545263290405,0.04326,0.005240146536380053,-0.705,0.528,-5.407,70.303,1.22618
4775,397968.33,1,0.6796159744262695,0.7651618719100952,0.04405,0.004977497272193432,-0.714,0.525,-5.447,70.66,1.21593
4776,398051.67,1,0.6817471981048584,0.7625051140785217,0.04377,0.005021586082875729,-0.678,0.53,-5.472,70.437,1.21247
4777,398135.0,1,0.6868779063224792,0.7625991106033325,0.04197,0.004842763766646385,-0.991,0.574,-5.483,70.647,1.20815
4778,398218.33,1,0.6580169200897217,0.7267501354217529,0.0609,0.004665940534323454,-1.018,0.54,-5.154,70.646,1.20975
4779,398301.67,1,0.6454365253448486,0.6651483774185181,0.08377,0.002647967077791691,-1.44,0.229,-4.459,70.293,1.23219
4780,398385.0,1,0.34726524353027344,0.38611888885498047,0.18677,0.004006905015558004,-0.978,0.008,-4.439,70.454,1.18961
4781,398468.33,1,0.17732329666614532,0.23800891637802124,0.24237,0.004947202280163765,-0.88,-0.184,-4.271,70.517,1.23564
4782,398551.67,1,0.15326271951198578,0.18931663036346436,0.25553,0.003745779860764742,-0.71,-0.263,-4.217,70.897,1.19448
4783,398635.0,1,0.14121803641319275,0.16237220168113708,0.26362,0.007699030917137861,-1.019,-0.219,-4.226,70.364,1.23572
4784,398718.33,1,0.12900012731552124,0.1529744267463684,0.26596,0.005392686929553747,-0.972,-0.178,-4.423,70.524,1.2134
4785,398801.67,1,0.1436433494091034,0.20583099126815796,0.25636,0.005657890811562538,-1.593,-0.325,-4.573,70.48,1.21738
4786,398885.0,1,0.14668723940849304,0.18526676297187805,0.25794,0.003771174233406782,-1.396,-0.193,-4.574,69.596,1.23756
4787,398968.33,1,0.15007321536540985,0.19521453976631165,0.25797,0.0031018932349979877,-1.373,-0.2,-4.594,69.58,1.26076
4788,399051.67,1,0.1523546725511551,0.19864431023597717,0.25754,0.003364949021488428,-1.109,-0.172,-4.527,69.491,1.27246
4789,399135.0,1,0.16282446682453156,0.21144364774227142,0.25688,0.003112686099484563,-1.002,-0.1,-4.595,69.828,1.26758
4790,399218.33,1,0.7138469815254211,0.6963871121406555,0.05414,0.003443673253059387,-0.747,0.172,-4.987,69.977,1.23985
4791,399301.67,1,0.5154023766517639,0.5835188627243042,0.12633,0.005762563087046146,-0.853,0.082,-5.178,69.998,1.2585
4792,399385.0,1,0.4229740500450134,0.44737428426742554,0.17356,0.00387291400693357,-0.733,-0.034,-4.89,70.657,1.22581
4793,399468.33,1,0.3673122823238373,0.36003005504608154,0.20005,0.0031088681425899267,-0.882,-0.436,-4.69,69.778,1.23096
4794,399551.67,1,0.2891836166381836,0.28160765767097473,0.21993,0.004363369662314653,-1.087,-0.548,-4.342,69.166,1.21664
4795,399635.0,1,0.2464640587568283,0.26263946294784546,0.2347,0.0031990010756999254,-1.503,-0.772,-4.248,68.31,1.27639
4796,399718.33,1,0.21396026015281677,0.24288757145404816,0.24365,0.0022994820028543472,-1.503,-1.147,-4.355,68.441,1.26612
4797,399801.67,1,0.18330010771751404,0.21984244883060455,0.25009,0.0028324599843472242,-1.527,-1.205,-4.44,68.732,1.25271
4798,399885.0,1,0.16577111184597015,0.2161390483379364,0.25315,0.0032675068359822035,-1.603,-1.23,-4.535,68.578,1.25676
4799,399968.33,1,0.16457641124725342,0.2136210948228836,0.254,0.003581776050850749,-1.631,-1.184,-4.628,68.321,1.24506
4800,400051.67,1,0.16417545080184937,0.20468640327453613,0.25514,0.005064261611551046,-1.769,-1.124,-4.739,67.401,1.29998
4801,400133.33,1,0.15147095918655396,0.1891852468252182,0.25983,0.012509163469076157,-1.929,-0.989,-4.774,67.735,1.27462
4802,400216.67,1,0.18183237314224243,0.25853192806243896,0.24341,0.007438198663294315,-1.733,-0.966,-4.858,67.344,1.2626
4803,400300.0,1,0.17687241733074188,0.23335273563861847,0.24557,0.0049393679946660995,-1.539,-1.124,-4.817,68.95,1.23712
4804,400383.33,1,0.17060260474681854,0.21574775874614716,0.24552,0.004418657626956701,-1.087,-1.162,-4.857,72.848,1.18406
4805,400466.67,1,0.17977339029312134,0.22959932684898376,0.24301,0.005063418298959732,-1.14,-1.146,-4.923,72.311,1.20004
4806,400550.0,1,0.19808878004550934,0.2437657117843628,0.23948,0.0033436345402151346,-1.176,-1.146,-5.001,72.467,1.18412
4807,400633.33,1,0.20368769764900208,0.25031906366348267,0.2388,0.00298054120503366,-1.202,-1.144,-4.975,72.311,1.21739
4808,400716.67,1,0.19564607739448547,0.24326448142528534,0.24018,0.0027256449684500694,-1.009,-1.112,-4.972,72.519,1.19468
4809,400800.0,1,0.19154103100299835,0.23703451454639435,0.24221,0.0027145659551024437,-1.056,-1.067,-4.954,72.517,1.218
4810,400883.33,1,0.2084237039089203,0.2537837326526642,0.23776,0.0025905899237841368,-1.145,-1.09,-4.973,72.375,1.23596
4811,400966.67,1,0.21637512743473053,0.26106494665145874,0.23666,0.002855369122698903,-1.17,-1.113,-4.953,72.604,1.24116
4812,401050.0,1,0.22810430824756622,0.271781325340271,0.23481,0.002709201304242015,-1.31,-1.122,-4.963,72.395,1.2444
4813,401133.33,1,0.22884804010391235,0.27055254578590393,0.23536,0.0027648373506963253,-1.452,-1.073,-4.944,72.45,1.22106
4814,401216.67,1,0.22364376485347748,0.2686414420604706,0.237,0.0027231844142079353,-1.469,-1.066,-4.977,72.458,1.18401
4815,401300.0,1,0.22382338345050812,0.26928964257240295,0.23703,0.002783082891255617,-1.429,-1.023,-4.986,73.014,1.20192
4816,401383.33,1,0.22444139420986176,0.2744581997394562,0.23602,0.0027098634745925665,-1.461,-0.993,-5.015,72.873,1.27752
4817,401466.67,1,0.22615477442741394,0.28032514452934265,0.2347,0.0028270503971725702,-1.515,-0.997,-5.034,73.251,1.24961
4818,401550.0,1,0.22636093199253082,0.2865449786186218,0.2332,0.0029768873937427998,-1.382,-0.937,-5.075,73.154,1.23609
4819,401633.33,1,0.22760345041751862,0.2887859642505646,0.23202,0.003119423985481262,-1.379,-0.937,-5.105,73.313,1.22843
4820,401716.67,1,0.22915537655353546,0.29075101017951965,0.23143,0.002982680220156908,-1.557,-0.918,-5.118,72.903,1.22948
4821,401800.0,1,0.23286090791225433,0.2943435311317444,0.23061,0.0031190640293061733,-1.663,-0.93,-5.144,72.819,1.21521
4822,401883.33,1,0.23983778059482574,0.29454511404037476,0.23052,0.002966267755255103,-1.775,-0.873,-5.109,72.582,1.21764
4823,401966.67,1,0.2516499161720276,0.29938429594039917,0.22918,0.0027799492236226797,-1.81,-0.871,-5.097,72.218,1.22979
4824,402050.0,1,0.26068851351737976,0.30503392219543457,0.22707,0.0028713138308376074,-1.82,-0.865,-5.087,72.088,1.23081
4825,402133.33,1,0.26466691493988037,0.3143005669116974,0.2249,0.0032542156986892223,-1.816,-0.868,-5.124,72.359,1.22289
4826,402216.67,1,0.2740246653556824,0.3265763223171234,0.22098,0.003489176044240594,-1.829,-0.86,-5.135,72.117,1.20792
4827,402300.0,1,0.28015372157096863,0.339651495218277,0.21601,0.0035068949218839407,-1.838,-0.858,-5.162,72.147,1.21336
4828,402383.33,1,0.2939326763153076,0.35405534505844116,0.20771,0.003516841446980834,-1.835,-0.855,-5.177,71.723,1.2395
4829,402465.0,1,0.2970816493034363,0.3534015715122223,0.20924,0.003829004941508174,-1.902,-0.855,-5.173,71.908,1.23512
4830,402548.33,1,0.29523077607154846,0.3531421720981598,0.21029,0.004262229893356562,-1.795,-0.905,-5.16,72.233,1.22992
4831,402631.67,1,0.30334192514419556,0.3622637093067169,0.20866,0.003984370268881321,-1.834,-0.897,-5.211,72.218,1.25026
4832,402715.0,1,0.2992568910121918,0.3573657274246216,0.20991,0.004191982094198465,-1.605,-0.856,-5.198,72.08,1.24538
4833,402798.33,1,0.2977558970451355,0.3580530881881714,0.20948,0.0043548038229346275,-1.571,-0.897,-5.218,72.3,1.22968
4834,402881.67,1,0.2974327504634857,0.3574419617652893,0.20942,0.004326092544943094,-1.515,-0.906,-5.213,72.108,1.22874
4835,402965.0,1,0.2974141240119934,0.35765019059181213,0.20952,0.004187573213130236,-1.483,-0.893,-5.212,72.387,1.22436
4836,403048.33,1,0.29765596985816956,0.3546299636363983,0.21059,0.004201563540846109,-1.461,-0.87,-5.198,72.093,1.22346
4837,403131.67,1,0.2941989004611969,0.3514556586742401,0.21154,0.004202768672257662,-1.413,-0.876,-5.205,72.439,1.22262
4838,403215.0,1,0.29187431931495667,0.34929347038269043,0.21227,0.004119173623621464,-1.386,-0.864,-5.213,72.279,1.22433
4839,403298.33,1,0.28811168670654297,0.3489381968975067,0.21292,0.004074839409440756,-1.418,-0.857,-5.232,72.504,1.22413
4840,403381.67,1,0.28584298491477966,0.34954577684402466,0.21262,0.00411915173754096,-1.43,-0.847,-5.245,72.226,1.22499
4841,403465.0,1,0.2877030670642853,0.35547783970832825,0.21069,0.004187117796391249,-1.464,-0.85,-5.238,72.477,1.2243
4842,403548.33,1,0.28960901498794556,0.35681286454200745,0.21009,0.004213688895106316,-1.562,-0.848,-5.234,72.218,1.22521
4843,403631.67,1,0.2928486168384552,0.35996997356414795,0.20824,0.004297127015888691,-1.579,-0.848,-5.225,72.082,1.24226
4844,403715.0,1,0.3079301416873932,0.365108847618103,0.20537,0.004179997835308313,-1.739,-0.769,-5.219,71.823,1.22683
4845,403798.33,1,0.3145460784435272,0.37465545535087585,0.20299,0.0041389260441064835,-1.789,-0.772,-5.217,71.862,1.22123
4846,403881.67,1,0.31445494294166565,0.3788410723209381,0.20164,0.004434514325112104,-1.722,-0.811,-5.229,71.42,1.23272
4847,403965.0,1,0.31884944438934326,0.382221519947052,0.20024,0.004521363414824009,-1.755,-0.821,-5.245,71.752,1.23301
4848,404048.33,1,0.3210005760192871,0.3827331066131592,0.19947,0.00458146445453167,-1.751,-0.809,-5.25,71.331,1.2415
4849,404131.67,1,0.32175710797309875,0.382424920797348,0.1993,0.0045703924261033535,-1.761,-0.789,-5.256,71.409,1.25733
4850,404215.0,1,0.3222774267196655,0.3780321776866913,0.1995,0.004750247113406658,-1.754,-0.793,-5.258,71.034,1.25686
4851,404298.33,1,0.3179633617401123,0.3755190670490265,0.20029,0.004971464164555073,-1.69,-0.768,-5.262,71.512,1.23749
4852,404381.67,1,0.3128628432750702,0.36941251158714294,0.20207,0.005073919426649809,-1.668,-0.777,-5.264,71.628,1.2319
4853,404465.0,1,0.3094243109226227,0.3674072027206421,0.20321,0.005210710223764181,-1.605,-0.799,-5.28,71.661,1.25203
4854,404548.33,1,0.30692532658576965,0.36639365553855896,0.20406,0.005137295927852392,-1.598,-0.794,-5.263,71.39,1.26915
4855,404631.67,1,0.3058398365974426,0.3647341728210449,0.20503,0.004859248176217079,-1.566,-0.817,-5.263,71.602,1.2784
4856,404715.0,1,0.2990477383136749,0.3549529016017914,0.20776,0.004542727489024401,-1.515,-0.819,-5.242,71.397,1.28344
4857,404798.33,1,0.300952672958374,0.3582994043827057,0.20778,0.0041425698436796665,-1.51,-0.832,-5.241,71.95,1.25702
4858,404880.0,1,0.30030593276023865,0.35585325956344604,0.20718,0.004084666725248098,-1.413,-0.839,-5.234,71.905,1.23341
4859,404963.33,1,0.3092494308948517,0.35874611139297485,0.20567,0.004215155262500048,-1.362,-0.785,-5.315,71.841,1.22247
4860,405046.67,1,0.30487993359565735,0.36182650923728943,0.2061,0.005320728290826082,-1.37,-0.776,-5.326,72.069,1.21797
4861,405130.0,1,0.3087533116340637,0.3647828996181488,0.20412,0.005584896542131901,-1.315,-0.823,-5.322,72.467,1.21558
4862,405213.33,1,0.33966606855392456,0.4739499092102051,0.17593,0.005400285590440035,-1.181,-0.893,-5.296,72.253,1.21082
4863,405296.67,1,0.3849297761917114,0.5601221919059753,0.15006,0.0058297268114984035,-1.153,-0.893,-5.321,72.126,1.23081
4864,405380.0,1,0.40019306540489197,0.5737209916114807,0.14413,0.0060335141606628895,-1.141,-0.892,-5.344,71.818,1.25152
4865,405463.33,1,0.39661672711372375,0.5621198415756226,0.14596,0.006410569418221712,-1.092,-0.888,-5.349,72.047,1.26067
4866,405546.67,1,0.3933166563510895,0.5549556016921997,0.14752,0.006977119483053684,-1.05,-0.889,-5.358,72.117,1.25669
4867,405630.0,1,0.38803839683532715,0.5279593467712402,0.15265,0.007430381141602993,-0.986,-0.83,-5.36,72.121,1.25329
4868,405713.33,1,0.3806951940059662,0.49038198590278625,0.16125,0.00689634308218956,-0.98,-0.822,-5.404,71.97,1.24976
4869,405796.67,1,0.358358234167099,0.43205592036247253,0.17632,0.006540361326187849,-0.907,-0.803,-5.434,72.301,1.22981
4870,405880.0,1,0.33625438809394836,0.3996275067329407,0.18704,0.006653549615293741,-0.689,-0.713,-5.449,72.267,1.22738
4871,405963.33,1,0.3242267072200775,0.3716680705547333,0.1944,0.00712375296279788,-0.639,-0.65,-5.47,72.347,1.21452
4872,406046.67,1,0.3241187036037445,0.35849225521087646,0.19616,0.007780488580465317,-0.693,-0.619,-5.527,72.093,1.20787
4873,406130.0,1,0.3111560046672821,0.3456754982471466,0.20403,0.0058628227561712265,-1.028,-0.582,-5.51,72.215,1.20072
4874,406213.33,1,0.29750293493270874,0.34296414256095886,0.2096,0.005375910550355911,-1.235,-0.567,-5.48,72.011,1.19956
4875,406296.67,1,0.2836458683013916,0.3320259749889374,0.21478,0.005544611718505621,-1.185,-0.583,-5.449,72.071,1.21127
4876,406380.0,1,0.2821097671985626,0.32535192370414734,0.21785,0.005651769693940878,-1.209,-0.59,-5.463,71.422,1.22972
4877,406463.33,1,0.2713143527507782,0.32116588950157166,0.22035,0.0056229704059660435,-1.127,-0.61,-5.428,71.57,1.25039
4878,406546.67,1,0.2817738652229309,0.33997559547424316,0.21415,0.0058211409486830235,-1.079,-0.602,-5.416,71.385,1.26733
4879,406630.0,1,0.5261915326118469,0.5906305909156799,0.11093,0.006638266611844301,-0.803,-0.362,-5.476,71.837,1.26171
4880,406713.33,1,0.48227548599243164,0.5882695317268372,0.1175,0.006006425246596336,-0.776,-0.369,-5.518,71.551,1.27157
4881,406796.67,1,0.44853970408439636,0.5199585556983948,0.13811,0.005753251723945141,-0.743,-0.42,-5.572,71.755,1.25505
4882,406880.0,1,0.3900446593761444,0.4538997411727905,0.16274,0.006141197867691517,-0.815,-0.507,-5.601,71.564,1.26456
4883,406963.33,1,0.372546911239624,0.42362627387046814,0.17375,0.006092296447604895,-0.89,-0.554,-5.617,71.786,1.24967
4884,407046.67,1,0.3668592572212219,0.4224680960178375,0.17673,0.005758215207606554,-0.952,-0.575,-5.606,71.553,1.26185
4885,407130.0,1,0.366397887468338,0.4248843193054199,0.17646,0.005522399675101042,-0.956,-0.564,-5.586,72.065,1.247
4886,407213.33,1,0.36919161677360535,0.4307665526866913,0.17426,0.005581377539783716,-0.944,-0.57,-5.548,71.995,1.23753
4887,407296.67,1,0.3761206269264221,0.4402487277984619,0.17303,0.0056352997198700905,-1.086,-0.592,-5.529,72.068,1.25045
4888,407378.33,1,0.3778761327266693,0.44351837038993835,0.17218,0.005878922529518604,-1.136,-0.622,-5.522,72.037,1.24748
4889,407461.67,1,0.3753626346588135,0.4434412121772766,0.17265,0.006738757714629173,-1.152,-0.613,-5.525,72.179,1.24241
4890,407545.0,1,0.3752378523349762,0.44039610028266907,0.17467,0.0059468564577400684,-1.126,-0.599,-5.536,71.898,1.2246
4891,407628.33,1,0.3730427622795105,0.43884626030921936,0.17628,0.005430841352790594,-1.1,-0.592,-5.553,72.257,1.22406
4892,407711.67,1,0.3703702688217163,0.43825671076774597,0.1767,0.005574239417910576,-1.087,-0.598,-5.553,72.089,1.22429
4893,407795.0,1,0.3667233884334564,0.43980908393859863,0.1769,0.005646902602165937,-0.972,-0.58,-5.567,72.1,1.24265
4894,407878.33,1,0.36374902725219727,0.440693199634552,0.17755,0.005547470413148403,-0.993,-0.6,-5.599,71.954,1.23949
4895,407961.67,1,0.3623499870300293,0.43967971205711365,0.17796,0.0056528798304498196,-0.993,-0.6,-5.605,71.873,1.24513
4896,408045.0,1,0.35778170824050903,0.4361809194087982,0.17936,0.005726591218262911,-1.008,-0.61,-5.602,71.858,1.24177
4897,408128.33,1,0.3540383577346802,0.42269137501716614,0.18154,0.006039630621671677,-1.011,-0.59,-5.594,71.844,1.25194
4898,408211.67,1,0.3493431508541107,0.4146266281604767,0.18238,0.006317154038697481,-0.999,-0.518,-5.592,71.607,1.23207
4899,408295.0,1,0.3499990403652191,0.4056017994880676,0.18381,0.0063135214149951935,-0.938,-0.453,-5.59,71.669,1.25273
4900,408378.33,1,0.35025498270988464,0.3965279757976532,0.18509,0.006029277108609676,-0.946,-0.432,-5.6,71.384,1.26919
4901,408461.67,1,0.3455304205417633,0.3842652142047882,0.18761,0.00615336000919342,-0.972,-0.416,-5.597,71.91,1.2543
4902,408545.0,1,0.33883434534072876,0.3869134187698364,0.18908,0.0059574078768491745,-0.948,-0.458,-5.607,71.886,1.24495
4903,408628.33,1,0.3326444625854492,0.3883592486381531,0.19061,0.005772428587079048,-0.948,-0.469,-5.614,72.221,1.235
4904,408711.67,1,0.3298301100730896,0.38843032717704773,0.1927,0.005322934594005346,-1.105,-0.476,-5.635,72.131,1.23233
4905,408795.0,1,0.3157665729522705,0.3755270540714264,0.19846,0.0052521913312375546,-1.132,-0.518,-5.623,71.964,1.24387
4906,408878.33,1,0.3084726631641388,0.36849161982536316,0.20113,0.005597860552370548,-1.131,-0.528,-5.61,71.604,1.26215
4907,408961.67,1,0.2893316149711609,0.35230693221092224,0.20656,0.006556995678693056,-1.145,-0.496,-5.593,72.091,1.25666
4908,409045.0,1,0.2915503680706024,0.3589285612106323,0.20636,0.0061716120690107346,-1.323,-0.538,-5.617,71.853,1.26607
4909,409128.33,1,0.3042858839035034,0.3733906149864197,0.20026,0.006665659137070179,-1.43,-0.579,-5.61,72.008,1.27764
4910,409211.67,1,0.7123135328292847,0.7002066373825073,0.04281,0.007981362752616405,-0.847,-0.251,-5.76,71.817,1.28241
4911,409295.0,1,0.6452429294586182,0.7036526203155518,0.05096,0.0074196793138980865,-0.707,-0.252,-5.795,72.194,1.25675
4912,409378.33,1,0.577501654624939,0.6695823669433594,0.07415,0.006627116817981005,-0.733,-0.27,-5.767,72.073,1.23156
4913,409461.67,1,0.4720151126384735,0.6248375177383423,0.10593,0.006092527415603399,-0.757,-0.33,-5.771,71.973,1.23991
4914,409545.0,1,0.42079517245292664,0.572300910949707,0.13512,0.005470059812068939,-0.864,-0.362,-5.769,71.525,1.24689
4915,409626.67,1,0.3739241361618042,0.5227530002593994,0.15624,0.0059230453334748745,-0.919,-0.394,-5.738,71.944,1.23006
4916,409710.0,1,0.3607306182384491,0.4945889115333557,0.16679,0.006240871734917164,-1.057,-0.452,-5.743,71.924,1.21802
4917,409793.33,1,0.3479357957839966,0.46901050209999084,0.17542,0.005959814414381981,-1.106,-0.459,-5.727,72.371,1.2216
4918,409876.67,1,0.3473811447620392,0.4520381689071655,0.17979,0.005641517229378223,-1.142,-0.468,-5.727,72.279,1.22718
4919,409960.0,1,0.33600690960884094,0.41792207956314087,0.18793,0.005109912715852261,-1.141,-0.473,-5.713,72.109,1.21928
4920,410043.33,1,0.32328900694847107,0.40090933442115784,0.19349,0.005794398486614227,-1.137,-0.461,-5.754,72.108,1.22135
4921,410126.67,1,0.30851125717163086,0.34591516852378845,0.20452,0.006175904534757137,-1.099,-0.379,-5.827,72.373,1.22967
4922,410210.0,1,0.25767454504966736,0.27645567059516907,0.22118,0.00724475784227252,-1.022,-0.253,-5.799,71.906,1.24889
4923,410293.33,1,0.23215757310390472,0.2571607232093811,0.22902,0.007187885232269764,-1.048,-0.184,-5.763,72.023,1.23948
4924,410376.67,1,0.22282327711582184,0.24614490568637848,0.23582,0.006692667491734028,-1.009,-0.18,-5.68,71.612,1.25394
4925,410460.0,1,0.2208755910396576,0.24251985549926758,0.23623,0.0065554054453969,-0.756,-0.139,-5.626,72.085,1.24367
4926,410543.33,1,0.21837860345840454,0.24625113606452942,0.23472,0.006421500816941261,-0.739,-0.125,-5.606,71.977,1.23847
4927,410626.67,1,0.21591633558273315,0.24678011238574982,0.23398,0.006526854820549488,-0.764,-0.107,-5.578,72.014,1.25254
4928,410710.0,1,0.21739447116851807,0.2484390139579773,0.23261,0.006365419831126928,-0.749,-0.078,-5.558,71.885,1.24562
4929,410793.33,1,0.2170727401971817,0.2426743358373642,0.23226,0.006347703747451305,-0.79,-0.02,-5.503,72.268,1.23828
4930,410876.67,1,0.21903401613235474,0.24332313239574432,0.23115,0.006135355681180954,-0.817,-0.003,-5.474,72.182,1.23594
4931,410960.0,1,0.2212386429309845,0.24628053605556488,0.23015,0.006062574218958616,-0.87,-0.042,-5.471,72.382,1.22697
4932,411043.33,1,0.2236122488975525,0.25047579407691956,0.2291,0.006140821613371372,-1.106,-0.21,-5.496,72.027,1.21801
4933,411126.67,1,0.2258758246898651,0.2539932131767273,0.22842,0.006166484206914902,-1.146,-0.197,-5.501,72.243,1.21045
4934,411210.0,1,0.23713506758213043,0.28909221291542053,0.22219,0.006099976599216461,-1.167,-0.241,-5.5,72.156,1.21553
4935,411293.33,1,0.24275393784046173,0.3014456033706665,0.21863,0.0061109112575650215,-1.179,-0.255,-5.502,71.171,1.22493
4936,411376.67,1,0.25002917647361755,0.31321558356285095,0.21625,0.006102500017732382,-1.228,-0.301,-5.535,69.629,1.2522
4937,411460.0,1,0.25749704241752625,0.31748971343040466,0.2153,0.006098411977291107,-1.184,-0.332,-5.554,69.453,1.25791
4938,411543.33,1,0.2814924120903015,0.33266738057136536,0.21092,0.006209040060639381,-1.327,-0.323,-5.564,69.001,1.26409
4939,411626.67,1,0.33151736855506897,0.41890251636505127,0.18268,0.0066693928092718124,-1.193,-0.33,-5.601,68.73,1.25853
4940,411710.0,1,0.3649466931819916,0.5025038719177246,0.16288,0.006765151862055063,-1.155,-0.363,-5.641,68.384,1.26239
4941,411793.33,1,0.6911357641220093,0.697985053062439,0.05391,0.0063665444031357765,-0.803,-0.195,-5.693,68.538,1.25905
4942,411875.0,1,0.7821561098098755,0.7736530900001526,0.01129,0.005932855419814587,-0.574,0.003,-5.799,68.229,1.25436
4943,411958.33,1,0.724980890750885,0.7445712089538574,0.02803,0.005723931360989809,-0.573,0.01,-5.836,68.32,1.24852
4944,412041.67,1,0.6217748522758484,0.7415225505828857,0.05302,0.00536755844950676,-0.755,-0.09,-5.871,68.006,1.24617
4945,412125.0,1,0.4914546012878418,0.6753426790237427,0.09451,0.005456528160721064,-0.765,-0.126,-5.84,67.813,1.26487
4946,412208.33,1,0.40145614743232727,0.588838517665863,0.13171,0.006016283296048641,-0.811,-0.146,-5.8,67.642,1.2198
4947,412291.67,1,0.34215667843818665,0.486651211977005,0.16569,0.00556894252076745,-0.815,-0.192,-5.731,67.62,1.23042
4948,412375.0,1,0.33234095573425293,0.45412781834602356,0.17688,0.005822926294058561,-0.869,-0.287,-5.678,67.686,1.23089
4949,412458.33,1,0.3272615373134613,0.43307867646217346,0.18349,0.006034795194864273,-1.039,-0.304,-5.667,67.797,1.23226
4950,412541.67,1,0.3199370801448822,0.4214180111885071,0.18769,0.006842374335974455,-1.039,-0.292,-5.669,67.258,1.2688
4951,412625.0,1,0.31359902024269104,0.4137588143348694,0.19197,0.006757006514817476,-1.011,-0.265,-5.659,67.346,1.27669
4952,412708.33,1,0.31044724583625793,0.4091912806034088,0.19439,0.0067330398596823215,-0.997,-0.221,-5.643,67.225,1.26532
4953,412791.67,1,0.3201417922973633,0.42325279116630554,0.18967,0.006774405483156443,-0.948,-0.255,-5.672,67.6,1.2547
4954,412875.0,1,0.33860647678375244,0.4568093419075012,0.18113,0.006767825223505497,-0.915,-0.244,-5.713,67.435,1.25088
4955,412958.33,1,0.3417884409427643,0.4662439525127411,0.18044,0.006545144598931074,-0.956,-0.266,-5.772,67.605,1.24641
4956,413041.67,1,0.3378019332885742,0.4709470868110657,0.17975,0.006494041997939348,-0.967,-0.289,-5.801,67.23,1.24618
4957,413125.0,1,0.3337220549583435,0.46243393421173096,0.182,0.006476231385022402,-0.886,-0.311,-5.809,67.189,1.23312
4958,413208.33,1,0.3305441439151764,0.4573143720626831,0.18321,0.006314132362604141,-0.79,-0.325,-5.798,66.863,1.23255
4959,413291.67,1,0.327880859375,0.45112279057502747,0.18614,0.005976957734674215,-0.787,-0.323,-5.823,67.123,1.23696
4960,413375.0,1,0.32479915022850037,0.443753182888031,0.18851,0.005874635186046362,-0.836,-0.309,-5.819,66.903,1.23744
4961,413458.33,1,0.32287949323654175,0.43784210085868835,0.19027,0.005578507669270039,-0.869,-0.307,-5.831,66.817,1.26406
4962,413541.67,1,0.32483670115470886,0.4312772750854492,0.19117,0.005395575426518917,-0.955,-0.278,-5.8,66.679,1.25592
4963,413625.0,1,0.3259071409702301,0.42427968978881836,0.1922,0.004888169467449188,-0.993,-0.269,-5.791,66.5,1.26795
4964,413708.33,1,0.32403549551963806,0.4200577735900879,0.19338,0.004796890076249838,-0.952,-0.231,-5.788,66.228,1.24808
4965,413791.67,1,0.31555691361427307,0.41281917691230774,0.19614,0.004801388364285231,-0.843,-0.176,-5.783,66.309,1.24326
4966,413875.0,1,0.3112526834011078,0.40965691208839417,0.19856,0.0048974379897117615,-0.838,-0.189,-5.792,65.967,1.26579
4967,413958.33,1,0.30938848853111267,0.39997485280036926,0.19928,0.004885273054242134,-0.794,-0.204,-5.784,66.214,1.25997
4968,414041.67,1,0.3063930869102478,0.3824480473995209,0.20174,0.004827867727726698,-0.841,-0.24,-5.8,65.744,1.26583
4969,414125.0,1,0.3101056218147278,0.37828999757766724,0.20231,0.0046820188872516155,-0.902,-0.223,-5.802,66.231,1.25638
4970,414208.33,1,0.30953800678253174,0.3733082413673401,0.20259,0.004984904546290636,-0.899,-0.241,-5.795,66.285,1.25325
4971,414291.67,1,0.315869003534317,0.3763427138328552,0.20115,0.005528456997126341,-0.992,-0.276,-5.798,66.461,1.25624
4972,414373.33,1,0.3270479440689087,0.37755918502807617,0.20004,0.005569240543991327,-1.268,-0.261,-5.81,65.99,1.27619
4973,414456.67,1,0.3286117613315582,0.37909817695617676,0.19961,0.005634246859699488,-1.293,-0.302,-5.802,66.372,1.26394
4974,414540.0,1,0.3347366452217102,0.38029518723487854,0.19922,0.005455684848129749,-1.381,-0.3,-5.768,66.354,1.25575
4975,414623.33,1,0.3374754786491394,0.38539618253707886,0.19796,0.005492755677551031,-1.386,-0.299,-5.775,66.55,1.26038
4976,414706.67,1,0.33917710185050964,0.3885376751422882,0.19778,0.005459685809910297,-1.399,-0.251,-5.778,66.087,1.27907
4977,414790.0,1,0.33307215571403503,0.38387641310691833,0.19894,0.005438067950308323,-1.377,-0.225,-5.768,66.184,1.28947
4978,414873.33,1,0.32784342765808105,0.38044968247413635,0.20026,0.005338309332728386,-1.363,-0.207,-5.769,66.232,1.27608
4979,414956.67,1,0.32552680373191833,0.379673033952713,0.201,0.0052169328555464745,-1.346,-0.229,-5.772,66.377,1.26783
4980,415040.0,1,0.32009097933769226,0.3755008280277252,0.2032,0.005431328434497118,-1.306,-0.228,-5.764,66.018,1.28797
4981,415123.33,1,0.3189098834991455,0.3757302165031433,0.2035,0.0057058208622038364,-1.245,-0.255,-5.771,66.115,1.28204
4982,415206.67,1,0.3164178729057312,0.3735027313232422,0.20398,0.00568569079041481,-1.221,-0.294,-5.787,66.119,1.271
4983,415290.0,1,0.31056395173072815,0.3696025609970093,0.20421,0.005795859731733799,-1.178,-0.325,-5.795,66.309,1.2472
4984,415373.33,1,0.30513647198677063,0.36642175912857056,0.20409,0.005713568534702063,-1.118,-0.309,-5.832,66.054,1.23227
4985,415456.67,1,0.3066416084766388,0.36631861329078674,0.20365,0.005754492245614529,-1.176,-0.266,-5.844,66.459,1.2324
4986,415540.0,1,0.31341150403022766,0.36601951718330383,0.20355,0.005622114986181259,-1.345,-0.225,-5.846,66.413,1.23843
4987,415623.33,1,0.3118005692958832,0.35863229632377625,0.20539,0.005573668982833624,-1.422,-0.176,-5.827,66.894,1.24228
4988,415706.67,1,0.30610743165016174,0.3490215241909027,0.2085,0.00562306446954608,-1.429,-0.178,-5.871,67.495,1.2543
4989,415790.0,1,0.3055019676685333,0.3445190489292145,0.21032,0.00534014729782939,-1.432,-0.058,-5.84,68.493,1.2675
4990,415873.33,1,0.29959243535995483,0.344886839389801,0.20899,0.006011100951582193,-1.221,-0.108,-5.811,68.594,1.27371
4991,415956.67,1,0.28903788328170776,0.3386740982532501,0.20968,0.00615244684740901,-0.83,-0.001,-5.829,69.398,1.22431
4992,416040.0,1,0.28930962085723877,0.3362005650997162,0.20912,0.006272627040743828,-0.814,-0.073,-5.853,69.584,1.21217
4993,416123.33,1,0.28740477561950684,0.33672767877578735,0.20941,0.006543008144944906,-0.824,-0.091,-5.856,69.88,1.2165
4994,416206.67,1,0.28642597794532776,0.3436692953109741,0.20936,0.006121072452515364,-0.81,-0.082,-5.925,69.395,1.24892
4995,416290.0,1,0.2804449200630188,0.3538569211959839,0.20874,0.006358190905302763,-0.79,-0.113,-5.953,69.976,1.22493
4996,416373.33,1,0.27629154920578003,0.3724398910999298,0.20676,0.006547271739691496,-0.726,-0.205,-5.916,69.986,1.21266
4997,416456.67,1,0.29409345984458923,0.40682876110076904,0.19456,0.008061300963163376,-0.644,-0.237,-5.824,70.113,1.21804
4998,416540.0,1,0.343473881483078,0.5043421983718872,0.16505,0.012661522254347801,-0.723,-0.178,-5.736,69.527,1.24445
4999,416623.33,1,0.36182424426078796,0.5139846801757812,0.15913,0.012529643252491951,-0.841,-0.211,-5.749,69.577,1.24675
5000,416706.67,1,0.3562684953212738,0.4862877130508423,0.16166,0.011793192476034164,-0.826,-0.181,-5.748,69.686,1.20491
5001,416790.0,1,0.3632834255695343,0.4836012125015259,0.15812,0.011144928634166718,-0.781,-0.204,-5.751,70.002,1.19098
5002,416871.67,1,0.36900806427001953,0.48036324977874756,0.15595,0.010269367136061192,-0.768,-0.189,-5.744,69.988,1.19366
5003,416955.0,1,0.3755800426006317,0.48152294754981995,0.15538,0.00847774837166071,-0.801,-0.176,-5.745,69.964,1.20483
5004,417038.33,1,0.3826136291027069,0.4795365631580353,0.15531,0.007865766063332558,-0.918,-0.223,-5.746,69.376,1.27168
5005,417121.67,1,0.3843741714954376,0.47905591130256653,0.15325,0.007634453941136599,-0.848,-0.181,-5.774,69.169,1.27442
5006,417205.0,1,0.38809674978256226,0.47180941700935364,0.15294,0.005830470472574234,-0.659,-0.133,-5.795,68.621,1.27494
5007,417288.33,1,0.3841068744659424,0.4604118764400482,0.15302,0.004919321741908789,-0.514,-0.12,-5.803,68.285,1.30267
5008,417371.67,1,0.38563916087150574,0.4636259973049164,0.1498,0.0050451201386749744,-0.253,-0.039,-5.79,68.237,1.29159
5009,417455.0,1,0.37804967164993286,0.4563922584056854,0.15141,0.0043879784643650055,-0.102,0.014,-5.822,67.752,1.31685
5010,417538.33,1,0.3884582817554474,0.46108874678611755,0.15003,0.0043216547928750515,0.065,0.051,-5.843,68.069,1.23998
5011,417621.67,1,0.3748779892921448,0.4400123059749603,0.16088,0.004351574461907148,0.034,-0.04,-5.832,68.085,1.2534
5012,417705.0,1,0.3631941080093384,0.43347296118736267,0.16726,0.004536316730082035,-0.018,-0.055,-5.795,68.002,1.24211
5013,417788.33,1,0.3498871922492981,0.42426797747612,0.172,0.004637437406927347,-0.019,-0.059,-5.763,68.425,1.23061
5014,417871.67,1,0.36020269989967346,0.43770745396614075,0.16692,0.004723455291241407,0.043,-0.099,-5.709,68.274,1.22648
5015,417955.0,1,0.2836221754550934,0.3551943898200989,0.19415,0.005398370325565338,0.454,-0.148,-5.688,68.503,1.2177
5016,418038.33,1,0.2201198935508728,0.30506423115730286,0.21264,0.004868415649980307,0.556,-0.188,-5.647,68.174,1.20645
5017,418121.67,1,0.1934911608695984,0.2713014483451843,0.22499,0.004340152256190777,0.708,-0.197,-5.63,68.103,1.23209
5018,418205.0,1,0.188643217086792,0.25688621401786804,0.23055,0.003811652073636651,0.675,-0.218,-5.679,68.081,1.22581
5019,418288.33,1,0.18387894332408905,0.2423211932182312,0.2355,0.0038052843883633614,0.468,-0.249,-5.728,68.077,1.22368
5020,418371.67,1,0.18370726704597473,0.2402653694152832,0.23774,0.003842658596113324,0.302,-0.285,-5.739,67.656,1.24553
5021,418455.0,1,0.18359225988388062,0.23592208325862885,0.23992,0.0038802295457571745,0.235,-0.272,-5.743,68.076,1.23277
5022,418538.33,1,0.1880313605070114,0.2390107959508896,0.23962,0.00403952831402421,0.095,-0.201,-5.754,67.993,1.22531
5023,418621.67,1,0.19310078024864197,0.24161964654922485,0.23857,0.004201647359877825,-0.017,-0.172,-5.756,68.342,1.21948
5024,418705.0,1,0.20601458847522736,0.24699100852012634,0.23665,0.004109100438654423,-0.244,-0.202,-5.785,68.183,1.21836
5025,418788.33,1,0.21075451374053955,0.24705049395561218,0.23623,0.004059001803398132,-0.33,-0.173,-5.764,68.175,1.2078
5026,418871.67,1,0.2122299075126648,0.24744866788387299,0.23598,0.004032030235975981,-0.331,-0.15,-5.747,67.796,1.21324
5027,418955.0,1,0.21449552476406097,0.25047391653060913,0.23531,0.0037980664055794477,-0.345,-0.166,-5.747,67.148,1.23702
5028,419038.33,1,0.2163536101579666,0.25288206338882446,0.23533,0.0036986558698117733,-0.587,-0.195,-5.749,66.66,1.22733
5029,419121.67,1,0.21537290513515472,0.25603237748146057,0.23456,0.0038302470929920673,-0.41,-0.231,-5.73,67.981,1.22896
5030,419205.0,1,0.21124280989170074,0.2565228044986725,0.2333,0.0036414412315934896,-0.078,-0.076,-5.713,71.137,1.18022
5031,419286.67,1,0.211124449968338,0.26172134280204773,0.23204,0.003811038099229336,-0.124,-0.091,-5.739,71.043,1.20742
5032,419370.0,1,0.21229419112205505,0.2627667784690857,0.23109,0.004654938355088234,-0.162,-0.03,-5.727,71.72,1.18344
5033,419453.33,1,0.2168104499578476,0.26577407121658325,0.23044,0.0047125197015702724,-0.22,-0.012,-5.729,71.864,1.19023
5034,419536.67,1,0.2158365100622177,0.2654430866241455,0.23034,0.005484159104526043,-0.232,0.014,-5.727,71.079,1.25405
5035,419620.0,1,0.21286550164222717,0.26490268111228943,0.23069,0.006232919171452522,-0.247,0.017,-5.726,71.103,1.25174
5036,419703.33,1,0.20743978023529053,0.25999268889427185,0.23278,0.00652883667498827,-0.287,0.071,-5.735,71.218,1.21476
5037,419786.67,1,0.20592491328716278,0.25169238448143005,0.23427,0.008305070921778679,-0.257,0.052,-5.731,71.158,1.21877
5038,419870.0,1,0.2019428014755249,0.2451564371585846,0.23578,0.011209809221327305,-0.176,0.035,-5.712,71.169,1.19622
5039,419953.33,1,0.2056710422039032,0.2538241147994995,0.23406,0.009889091365039349,-0.163,0.026,-5.702,70.99,1.22982
5040,420036.67,1,0.2362765371799469,0.294047087430954,0.22138,0.008413240313529968,-0.214,0.03,-5.766,71.755,1.22124
5041,420120.0,1,0.23196840286254883,0.2892681360244751,0.22377,0.007739140652120113,-0.316,0.042,-5.764,72.134,1.21227
5042,420203.33,1,0.22732539474964142,0.28395748138427734,0.22571,0.008325724862515926,-0.352,0.058,-5.771,72.031,1.21125
5043,420286.67,1,0.22333694994449615,0.27992701530456543,0.22786,0.006977754179388285,-0.397,0.029,-5.763,71.935,1.20675
5044,420370.0,1,0.2216113656759262,0.27196764945983887,0.2299,0.0066529251635074615,-0.436,0.006,-5.77,71.468,1.23668
5045,420453.33,1,0.2125547230243683,0.2649638056755066,0.23368,0.006035624537616968,-0.232,0.02,-5.744,72.113,1.22446
5046,420536.67,1,0.7814193964004517,0.7607907056808472,0.01531,0.008290877565741539,-0.366,0.533,-5.885,72.397,1.22
5047,420620.0,1,0.5854389667510986,0.6595495343208313,0.07264,0.01179593801498413,-0.288,0.675,-5.886,71.749,1.22903
5048,420703.33,1,0.3833983242511749,0.5519423484802246,0.13566,0.009701904840767384,-0.446,0.658,-5.809,71.842,1.19736
5049,420786.67,1,0.334036260843277,0.4712977111339569,0.16928,0.0071645756252110004,-0.439,0.578,-5.681,72.56,1.21527
5050,420870.0,1,0.3258104622364044,0.4506932497024536,0.17596,0.006377893034368753,-0.531,0.416,-5.671,72.53,1.24564
5051,420953.33,1,0.3049190044403076,0.42623743414878845,0.18595,0.006026054732501507,-0.454,0.281,-5.769,72.811,1.25477
5052,421036.67,1,0.2947530150413513,0.39052537083625793,0.1971,0.00516117038205266,-0.503,0.452,-5.822,72.962,1.26409
5053,421120.0,1,0.28129324316978455,0.37902358174324036,0.1983,0.005643256474286318,-0.239,0.588,-6.108,73.527,1.23545
5054,421203.33,1,0.2631831467151642,0.3348906636238098,0.20444,0.005164601374417543,-0.406,0.728,-6.256,73.605,1.20613
5055,421286.67,1,0.2532215416431427,0.31213006377220154,0.21238,0.005401995033025742,-0.382,0.817,-6.238,72.529,1.23726
5056,421370.0,1,0.2291768342256546,0.3051070272922516,0.22032,0.005043627228587866,-0.356,0.909,-6.226,71.753,1.2008
5057,421453.33,1,0.22769327461719513,0.294452428817749,0.22294,0.006194646004587412,-0.586,0.936,-6.177,71.646,1.24248
5058,421536.67,1,0.22524099051952362,0.2895328998565674,0.22492,0.006176612339913845,-0.591,0.958,-6.141,71.5,1.26075
5059,421620.0,1,0.2207428365945816,0.2853970229625702,0.22798,0.005358223803341389,-0.533,0.921,-6.053,72.262,1.23863
5060,421701.67,1,0.21622680127620697,0.270397812128067,0.23164,0.004647961352020502,-0.388,0.896,-6.006,72.404,1.2265
5061,421785.0,1,0.20799748599529266,0.2515193521976471,0.23464,0.00433378154411912,-0.315,0.878,-6.027,72.521,1.245
5062,421868.33,1,0.2024754136800766,0.24770528078079224,0.23503,0.004366192035377026,-0.372,0.869,-5.974,72.346,1.23374
5063,421951.67,1,0.18204772472381592,0.23961298167705536,0.23852,0.00502611743286252,-0.559,0.895,-5.884,72.081,1.24693
5064,422035.0,1,0.19508114457130432,0.2628256380558014,0.23672,0.003768917638808489,-0.816,0.752,-5.938,72.009,1.21924
5065,422118.33,1,0.20254802703857422,0.2503473162651062,0.2382,0.003864351427182555,-0.789,0.672,-6.027,71.536,1.25326
5066,422201.67,1,0.21074095368385315,0.25203683972358704,0.23566,0.004374512936919928,-0.687,0.688,-6.076,71.74,1.21661
5067,422285.0,1,0.22018207609653473,0.26466596126556396,0.23327,0.004534384235739708,-0.87,0.634,-6.113,72.032,1.22241
5068,422368.33,1,0.21742601692676544,0.2559206485748291,0.2349,0.004423358011990786,-0.834,0.625,-6.126,71.841,1.25083
5069,422451.67,1,0.222323477268219,0.2591182589530945,0.23344,0.00424618786200881,-1.041,0.655,-6.135,72.282,1.22559
5070,422535.0,1,0.22560818493366241,0.2653593122959137,0.23204,0.004260141868144274,-1.16,0.696,-6.15,72.26,1.18762
5071,422618.33,1,0.2242574244737625,0.2656576633453369,0.23251,0.0043140291236341,-1.191,0.683,-6.165,72.415,1.21329
5072,422701.67,1,0.22507576644420624,0.2679612338542938,0.23276,0.00425224844366312,-1.223,0.654,-6.168,72.499,1.2055
5073,422785.0,1,0.22453643381595612,0.2698618173599243,0.23244,0.00473727798089385,-1.096,0.594,-6.173,72.821,1.20404
5074,422868.33,1,0.2211816906929016,0.2762491703033447,0.23054,0.005511871073395014,-0.926,0.586,-6.172,72.676,1.20431
5075,422951.67,1,0.21700087189674377,0.26749467849731445,0.23274,0.00523413484916091,-0.924,0.568,-6.177,72.467,1.23854
5076,423035.0,1,0.21609830856323242,0.26360341906547546,0.23343,0.005184270441532135,-0.778,0.514,-6.201,72.06,1.25192
5077,423118.33,1,0.21759986877441406,0.26770874857902527,0.23329,0.005160592496395111,-0.78,0.488,-6.219,72.128,1.24025
5078,423201.67,1,0.22258131206035614,0.2734902501106262,0.23175,0.005189230665564537,-0.823,0.45,-6.233,72.184,1.22464
5079,423285.0,1,0.24257639050483704,0.3007834851741791,0.22399,0.005134995095431805,-0.875,0.417,-6.253,72.199,1.23612
5080,423368.33,1,0.270734578371048,0.33504053950309753,0.21433,0.005068045109510422,-1.072,0.445,-6.233,72.262,1.22523
5081,423451.67,1,0.28497618436813354,0.36220067739486694,0.20736,0.005476216785609722,-1.131,0.453,-6.214,72.166,1.23938
5082,423535.0,1,0.3054101765155792,0.38162773847579956,0.20131,0.0053064036183059216,-1.193,0.48,-6.216,72.093,1.22628
5083,423618.33,1,0.3219822943210602,0.40515896677970886,0.1955,0.00530528649687767,-1.158,0.441,-6.217,71.899,1.22443
5084,423701.67,1,0.3446182608604431,0.4271888732910156,0.18765,0.005487157963216305,-1.002,0.515,-6.212,71.906,1.21653
5085,423785.0,1,0.3989494740962982,0.5034816265106201,0.1631,0.0053482819348573685,-0.84,0.521,-6.254,72.101,1.23032
5086,423868.33,1,0.4382180869579315,0.5638729333877563,0.14268,0.00489321444183588,-0.707,0.557,-6.212,72.755,1.21192
5087,423951.67,1,0.4747386574745178,0.6001415252685547,0.12853,0.004258499480783939,-0.671,0.556,-6.227,72.236,1.24542
5088,424035.0,1,0.4877375364303589,0.6116929054260254,0.12251,0.00467369519174099,-0.713,0.439,-6.278,72.476,1.21749
5089,424116.67,1,0.4770891070365906,0.6084880232810974,0.12355,0.004541515372693539,-0.659,0.385,-6.33,72.139,1.22896
5090,424200.0,1,0.4754820168018341,0.6004068851470947,0.1236,0.004885081201791763,-0.591,0.344,-6.329,72.551,1.21629
5091,424283.33,1,0.4671257436275482,0.5984519720077515,0.12595,0.004974109586328268,-0.52,0.442,-6.336,72.918,1.20911
5092,424366.67,1,0.4481315016746521,0.5929393768310547,0.13108,0.004852362908422947,-0.513,0.521,-6.337,72.717,1.20841
5093,424450.0,1,0.43348121643066406,0.5923795700073242,0.13296,0.004766784608364105,-0.546,0.524,-6.34,72.732,1.23315
5094,424533.33,1,0.43602117896080017,0.5997018814086914,0.1288,0.004632973577827215,-0.586,0.542,-6.332,72.923,1.22376
5095,424616.67,1,0.4372394382953644,0.6035112738609314,0.12746,0.0046601854264736176,-0.669,0.452,-6.325,72.883,1.20402
5096,424700.0,1,0.43910646438598633,0.6050595045089722,0.12589,0.005333563778549433,-0.652,0.439,-6.309,72.499,1.19089
5097,424783.33,1,0.4309332072734833,0.6056951284408569,0.12712,0.005340666510164738,-0.676,0.443,-6.292,72.285,1.22348
5098,424866.67,1,0.4355178475379944,0.6061797142028809,0.12718,0.005164701491594315,-0.685,0.437,-6.248,72.198,1.19896
5099,424950.0,1,0.43516823649406433,0.6034988760948181,0.12935,0.004872732330113649,-0.702,0.417,-6.277,71.873,1.23409
5100,425033.33,1,0.4529179036617279,0.617318332195282,0.12313,0.0041045392863452435,-0.671,0.446,-6.254,71.644,1.25667
5101,425116.67,1,0.45254477858543396,0.6215454339981079,0.12239,0.003900069510564208,-0.667,0.459,-6.259,71.937,1.25676
5102,425200.0,1,0.4537492096424103,0.617612898349762,0.12225,0.0039060923736542463,-0.473,0.429,-6.267,71.988,1.23681
5103,425283.33,1,0.44650065898895264,0.5982686877250671,0.12772,0.0037984345108270645,-0.45,0.427,-6.268,72.392,1.23424
5104,425366.67,1,0.4359753429889679,0.5825930833816528,0.1331,0.0038810221012681723,-0.416,0.429,-6.277,72.067,1.24654
5105,425450.0,1,0.41195911169052124,0.5625061392784119,0.14213,0.003695926396176219,-0.46,0.358,-6.285,72.129,1.24296
5106,425533.33,1,0.4020110070705414,0.5462253093719482,0.14791,0.003554227761924267,-0.541,0.327,-6.302,72.264,1.22782
5107,425616.67,1,0.40347376465797424,0.5502749085426331,0.14729,0.003509481903165579,-0.652,0.313,-6.29,72.641,1.21787
5108,425700.0,1,0.41057953238487244,0.5723919868469238,0.14044,0.0034276864025741816,-0.639,0.296,-6.237,72.458,1.21479
5109,425783.33,1,0.4192604422569275,0.584538459777832,0.13707,0.003168497933074832,-0.715,0.343,-6.211,72.588,1.21908
5110,425866.67,1,0.4297971725463867,0.5967192053794861,0.13445,0.0031169576104730368,-0.716,0.381,-6.216,72.022,1.23369
5111,425950.0,1,0.44681882858276367,0.6033288240432739,0.13013,0.003341779112815857,-0.646,0.428,-6.162,72.023,1.24828
5112,426033.33,1,0.4608026444911957,0.6130541563034058,0.12389,0.003654029918834567,-0.645,0.455,-6.147,71.677,1.25455
5113,426116.67,1,0.46627625823020935,0.6168094873428345,0.12118,0.004207566846162081,-0.682,0.449,-6.141,71.891,1.25488
5114,426200.0,1,0.4611087739467621,0.6085705757141113,0.12396,0.004519929643720388,-0.713,0.447,-6.162,71.937,1.23413
5115,426283.33,1,0.4587159752845764,0.6086490154266357,0.12481,0.0045511769130826,-0.726,0.447,-6.163,72.296,1.21634
5116,426366.67,1,0.45284193754196167,0.6093589067459106,0.12679,0.004686642438173294,-0.863,0.354,-6.184,72.118,1.20043
5117,426450.0,1,0.4646969139575958,0.6161766052246094,0.12277,0.004860009532421827,-0.896,0.365,-6.183,72.458,1.1985
5118,426531.67,1,0.493995726108551,0.6392255425453186,0.11205,0.004824494011700153,-0.857,0.402,-6.181,72.344,1.2017
5119,426615.0,1,0.5037186145782471,0.6489607691764832,0.10814,0.0044672223739326,-0.829,0.44,-6.176,72.573,1.19721
5120,426698.33,1,0.5016498565673828,0.6506320238113403,0.10898,0.00428586732596159,-0.931,0.444,-6.153,72.316,1.19318
5121,426781.67,1,0.6397665143013,0.7058447599411011,0.06664,0.004136357922106981,-0.703,0.638,-6.174,72.487,1.20339
5122,426865.0,1,0.7862880229949951,0.8112664818763733,0.01652,0.003643282223492861,-0.46,0.834,-6.283,72.045,1.22642
5123,426948.33,1,0.804499626159668,0.8263592720031738,0.01874,0.0035258617717772722,-0.368,0.904,-6.296,72.156,1.24102
5124,427031.67,1,0.8004482984542847,0.8262592554092407,0.01861,0.0035999836400151253,-0.098,0.934,-6.266,71.931,1.25309
5125,427115.0,1,0.8011214733123779,0.8285164833068848,0.01965,0.003923740703612566,0.085,0.957,-6.249,72.367,1.24452
5126,427198.33,1,0.802846372127533,0.8279119729995728,0.02099,0.004921994637697935,0.671,1.04,-6.253,72.071,1.2517
5127,427281.67,1,0.8035494685173035,0.8261423110961914,0.0216,0.004947948269546032,0.943,1.056,-6.23,72.304,1.2524
5128,427365.0,1,0.7114995718002319,0.8011561036109924,0.02514,0.00517608504742384,1.226,0.994,-6.13,72.295,1.23668
5129,427448.33,1,0.6058357954025269,0.7365087270736694,0.04982,0.004678602330386639,1.335,0.93,-6.089,72.398,1.22717
5130,427531.67,1,0.49487239122390747,0.6663935780525208,0.09639,0.0038205201271921396,1.31,0.877,-6.049,72.706,1.21551
5131,427615.0,1,0.4560498297214508,0.628487229347229,0.11553,0.0034694024361670017,1.238,0.783,-5.994,72.626,1.2228
5132,427698.33,1,0.4794049859046936,0.6291580200195312,0.1123,0.0033463926520198584,1.166,0.741,-5.951,72.348,1.21082
5133,427781.67,1,0.6852453947067261,0.7224704027175903,0.04533,0.0029442987870424986,1.345,0.822,-5.916,72.602,1.19787
5134,427865.0,1,0.7911826372146606,0.805234968662262,0.01108,0.002605617977678776,1.552,0.978,-5.893,72.549,1.19968
5135,427948.33,1,0.8105901479721069,0.8241452574729919,0.01662,0.0027351491153240204,1.551,0.931,-5.634,72.395,1.21139
5136,428031.67,1,0.8173218369483948,0.8206861019134521,0.01833,0.0031509120017290115,1.485,0.856,-5.233,71.937,1.22282
5137,428115.0,1,0.7806536555290222,0.8103446960449219,0.01484,0.0036213016137480736,0.861,0.578,-4.716,72.33,1.24811
5138,428198.33,1,0.7001007199287415,0.7949314117431641,0.03234,0.003911011852324009,0.189,0.403,-4.291,72.4,1.23662
5139,428281.67,1,0.6421591639518738,0.7774524688720703,0.04338,0.004435181152075529,-0.374,0.227,-3.994,72.513,1.25472
5140,428365.0,1,0.749225378036499,0.7999743819236755,0.02638,0.004297090228646994,-0.347,0.244,-3.842,72.195,1.26073
5141,428448.33,1,0.7621711492538452,0.8031057119369507,0.02488,0.004694785922765732,-0.946,0.087,-3.724,72.769,1.24975
5142,428531.67,1,0.49280789494514465,0.6809215545654297,0.10143,0.004919349681586027,-1.066,-0.001,-3.516,72.279,1.28754
5143,428615.0,1,0.4451848566532135,0.5927627086639404,0.13735,0.004909622948616743,-1.227,-0.09,-3.486,72.517,1.23694
5144,428698.33,1,0.4346615672111511,0.5426620244979858,0.15108,0.005386143922805786,-1.193,-0.09,-3.479,72.654,1.23611
5145,428781.67,1,0.41189050674438477,0.508310079574585,0.16361,0.005528879817575216,-1.079,-0.079,-3.493,72.46,1.26348
5146,428865.0,1,0.39822179079055786,0.47858262062072754,0.17355,0.005479251034557819,-0.656,-0.146,-3.496,72.631,1.24896
5147,428948.33,1,0.38094860315322876,0.46326306462287903,0.18071,0.005300912074744701,-0.327,-0.189,-3.492,72.49,1.26228
5148,429030.0,1,0.3733498454093933,0.45230573415756226,0.18326,0.004792919382452965,0.048,-0.082,-3.448,72.46,1.23556
5149,429113.33,1,0.36290982365608215,0.43489569425582886,0.18797,0.005049559287726879,0.154,-0.054,-3.427,72.239,1.254
5150,429196.67,1,0.35999464988708496,0.43271559476852417,0.18784,0.0059660947881639,0.236,-0.076,-3.431,72.232,1.22776
5151,429280.0,1,0.36114242672920227,0.43384233117103577,0.18747,0.005051427986472845,0.244,-0.1,-3.451,72.448,1.23522
5152,429363.33,1,0.3611442744731903,0.4341416358947754,0.18687,0.00458360742777586,0.265,-0.092,-3.475,71.952,1.2673
5153,429446.67,1,0.3561902344226837,0.4419400095939636,0.18562,0.005188475362956524,0.249,-0.112,-3.495,72.347,1.2352
5154,429530.0,1,0.3536103069782257,0.4514942765235901,0.18384,0.006184500176459551,0.071,-0.135,-3.515,72.233,1.21811
5155,429613.33,1,0.35837143659591675,0.477127343416214,0.17703,0.006792784668505192,0.001,-0.147,-3.619,72.169,1.25918
5156,429696.67,1,0.3574318587779999,0.48561033606529236,0.17583,0.0066434284672141075,0.098,-0.146,-3.681,71.854,1.27923
5157,429780.0,1,0.3518230617046356,0.4932393431663513,0.17372,0.006372145842760801,0.094,-0.186,-3.709,72.186,1.26441
5158,429863.33,1,0.35472366213798523,0.48420214653015137,0.17455,0.0054701147601008415,0.121,-0.239,-3.76,71.733,1.27655
5159,429946.67,1,0.33725932240486145,0.44223564863204956,0.18681,0.004913587123155594,0.077,-0.238,-3.794,72.009,1.25706
5160,430030.0,1,0.3093642592430115,0.400963693857193,0.20087,0.003788137808442116,-0.265,-0.318,-3.879,72.259,1.24248
5161,430113.33,1,0.3095566928386688,0.38069623708724976,0.20466,0.003879144322127104,-0.412,-0.295,-3.89,72.311,1.23595
5162,430196.67,1,0.3135084807872772,0.38596999645233154,0.20384,0.003801033366471529,-0.484,-0.285,-3.923,71.878,1.25769
5163,430280.0,1,0.3106527030467987,0.3692927062511444,0.207,0.00420769676566124,-0.715,-0.275,-3.932,72.149,1.26922
5164,430363.33,1,0.3083708882331848,0.36005932092666626,0.20936,0.004201019182801247,-1.104,-0.194,-3.926,72.24,1.2572
5165,430446.67,1,0.31179186701774597,0.34744927287101746,0.21197,0.004142441786825657,-1.139,-0.169,-3.922,72.508,1.25376
5166,430530.0,1,0.31305140256881714,0.34707799553871155,0.21249,0.004049808252602816,-1.141,-0.162,-3.922,71.969,1.2599
5167,430613.33,1,0.312194287776947,0.3482801020145416,0.21283,0.0038939015939831734,-1.143,-0.155,-3.943,72.495,1.24786
5168,430696.67,1,0.31016436219215393,0.3523937463760376,0.21252,0.0037052896805107594,-1.146,-0.109,-3.969,72.408,1.24086
5169,430780.0,1,0.3078024685382843,0.35150617361068726,0.21239,0.00371642061509192,-0.984,0.003,-3.96,72.4,1.26469
5170,430863.33,1,0.3065166771411896,0.3568120002746582,0.21047,0.0037948954850435257,-0.921,0.007,-3.991,71.986,1.27587
5171,430946.67,1,0.3046380281448364,0.3577776253223419,0.20975,0.003952372819185257,-0.817,0.04,-4.007,72.142,1.27927
5172,431030.0,1,0.30371978878974915,0.3612246513366699,0.20881,0.004084459971636534,-0.689,0.042,-4.035,72.022,1.25375
5173,431113.33,1,0.3043402433395386,0.3615305423736572,0.2087,0.004644755274057388,-0.723,-0.0,-4.049,72.337,1.26544
5174,431196.67,1,0.30579322576522827,0.3638661503791809,0.20779,0.005867190659046173,-0.738,0.001,-4.092,72.436,1.25827
5175,431280.0,1,0.3051600158214569,0.36281174421310425,0.20795,0.006882971618324518,-0.875,-0.071,-4.181,72.331,1.26672
5176,431363.33,1,0.2992813289165497,0.36080825328826904,0.2089,0.006900820415467024,-0.863,-0.041,-4.219,72.075,1.28146
5177,431445.0,1,0.30006644129753113,0.3605497479438782,0.2096,0.006705156061798334,-1.002,-0.013,-4.265,72.323,1.28285
5178,431528.33,1,0.29281026124954224,0.35378074645996094,0.21179,0.006091075949370861,-0.994,0.051,-4.277,72.415,1.27114
5179,431611.67,1,0.28726550936698914,0.3517707884311676,0.21131,0.006517320405691862,-0.86,-0.004,-4.273,72.374,1.2719
5180,431695.0,1,0.29429540038108826,0.3625674545764923,0.20852,0.006845129653811455,-0.728,-0.082,-4.282,72.077,1.28329
5181,431778.33,1,0.2935408651828766,0.3622976541519165,0.20808,0.0070147644728422165,-0.571,-0.119,-4.26,72.504,1.26389
5182,431861.67,1,0.2935004234313965,0.36098548769950867,0.20805,0.007199218962341547,-0.561,-0.156,-4.232,72.541,1.25478
5183,431945.0,1,0.2922794222831726,0.359655499458313,0.20847,0.007172521203756332,-0.565,-0.158,-4.2,72.436,1.25529
5184,432028.33,1,0.2929042875766754,0.3602518141269684,0.20838,0.005752853583544493,-0.544,-0.169,-4.16,70.684,1.28594
5185,432111.67,1,0.294080913066864,0.3547343313694,0.20832,0.005798391066491604,-0.449,-0.109,-4.085,68.786,1.26815
5186,432195.0,1,0.2958073616027832,0.3592413663864136,0.20718,0.006063816137611866,-0.504,-0.128,-4.097,67.493,1.30496
5187,432278.33,1,0.299306720495224,0.3661758005619049,0.20323,0.007257653865963221,-0.681,-0.2,-4.067,68.252,1.30787
5188,432361.67,1,0.605661153793335,0.698954164981842,0.06784,0.006173709407448769,-0.622,-0.077,-3.995,69.506,1.24379
5189,432445.0,1,0.5952620506286621,0.7342215776443481,0.05782,0.006497035268694162,-0.523,0.052,-4.021,69.916,1.22305
5190,432528.33,1,0.44392669200897217,0.6289074420928955,0.11093,0.0059289890341460705,-0.562,0.025,-4.082,69.421,1.26172
5191,432611.67,1,0.35644641518592834,0.5240921974182129,0.148,0.005554793402552605,-0.614,-0.019,-4.079,70.04,1.26518
5192,432695.0,1,0.33573684096336365,0.4729224443435669,0.16452,0.005507314577698708,-0.767,-0.127,-4.091,69.786,1.28704
5193,432778.33,1,0.33393990993499756,0.4419478178024292,0.17462,0.005435943137854338,-0.958,-0.203,-4.112,69.763,1.29669
5194,432861.67,1,0.3267204761505127,0.413039892911911,0.18442,0.005195264704525471,-0.999,-0.274,-4.145,69.324,1.29623
5195,432945.0,1,0.31791025400161743,0.3898879885673523,0.192,0.00590890645980835,-0.927,-0.279,-4.12,70.187,1.23716
5196,433028.33,1,0.31392985582351685,0.37765738368034363,0.19605,0.005760885309427977,-0.929,-0.297,-4.113,70.127,1.22138
5197,433111.67,1,0.31546059250831604,0.37856027483940125,0.19499,0.0068371533416211605,-0.953,-0.296,-4.114,69.457,1.24331
5198,433195.0,1,0.31354546546936035,0.3792848587036133,0.19607,0.0068503012880682945,-1.163,-0.234,-4.136,68.943,1.26695
5199,433278.33,1,0.31441324949264526,0.3837693929672241,0.19779,0.006250996608287096,-1.184,-0.216,-4.155,69.056,1.26909
5200,433361.67,1,0.3173283338546753,0.38396602869033813,0.19844,0.0052857245318591595,-1.198,-0.221,-4.146,69.197,1.24969
5201,433445.0,1,0.31820401549339294,0.38219407200813293,0.19926,0.004512739833444357,-1.228,-0.219,-4.167,69.098,1.25852
5202,433528.33,1,0.3138914704322815,0.3746397793292999,0.2011,0.00420805998146534,-1.135,-0.239,-4.208,68.915,1.22884
5203,433611.67,1,0.31427472829818726,0.3737697899341583,0.20188,0.003809659043326974,-1.123,-0.146,-4.23,68.906,1.25403
5204,433693.33,1,0.3145209848880768,0.37002864480018616,0.204,0.0034901679027825594,-1.161,-0.097,-4.232,68.548,1.26969
5205,433776.67,1,0.3173637092113495,0.3764752447605133,0.20437,0.0031633649487048388,-1.183,-0.082,-4.275,68.92,1.24056
5206,433860.0,1,0.3245789706707001,0.38678106665611267,0.20416,0.002872145501896739,-1.145,-0.107,-4.285,68.853,1.22884
5207,433943.33,1,0.32132476568222046,0.38364341855049133,0.2052,0.0031892741098999977,-1.118,-0.178,-4.309,69.032,1.2334
5208,434026.67,1,0.3159116208553314,0.38632816076278687,0.20454,0.0036105425097048283,-1.124,-0.199,-4.345,68.605,1.25625
5209,434110.0,1,0.30910587310791016,0.381737619638443,0.20527,0.0037398790009319782,-1.16,-0.19,-4.357,68.87,1.23224
5210,434193.33,1,0.2969086766242981,0.37427112460136414,0.20732,0.003882149001583457,-1.088,-0.188,-4.406,68.792,1.22603
5211,434276.67,1,0.2963656187057495,0.37202006578445435,0.20758,0.0038610119372606277,-1.031,-0.153,-4.414,68.797,1.24828
5212,434360.0,1,0.2956891357898712,0.36930814385414124,0.20864,0.0036654481664299965,-1.024,-0.142,-4.398,68.77,1.23896
5213,434443.33,1,0.2965826988220215,0.36757662892341614,0.20925,0.003425336442887783,-1.014,-0.106,-4.397,68.912,1.23833
5214,434526.67,1,0.2942282259464264,0.3655984401702881,0.21022,0.0031649740412831306,-0.974,-0.021,-4.43,68.361,1.24806
5215,434610.0,1,0.2949128746986389,0.3653661012649536,0.21115,0.003147265175357461,-0.976,-0.019,-4.421,68.476,1.25526
5216,434693.33,1,0.29625582695007324,0.36389029026031494,0.21168,0.0031680986285209656,-0.991,0.003,-4.398,68.416,1.23474
5217,434776.67,1,0.2949592173099518,0.3639613687992096,0.21226,0.0034044794738292694,-1.035,-0.03,-4.396,68.85,1.22701
5218,434860.0,1,0.2946259081363678,0.3645777702331543,0.21233,0.003626649733632803,-1.158,-0.036,-4.385,68.789,1.22484
5219,434943.33,1,0.29559168219566345,0.3647347390651703,0.21241,0.0035650120116770267,-1.228,-0.036,-4.374,68.521,1.25029
5220,435026.67,1,0.2993885278701782,0.36192837357521057,0.21203,0.0035660245921462774,-1.2,-0.038,-4.4,68.209,1.27403
5221,435110.0,1,0.3012392222881317,0.364435613155365,0.21123,0.003451343160122633,-1.183,-0.018,-4.459,68.669,1.24786
5222,435193.33,1,0.2989982068538666,0.3633505702018738,0.21169,0.003302227705717087,-1.108,0.028,-4.503,68.538,1.22685
5223,435276.67,1,0.3001031279563904,0.36286336183547974,0.21173,0.003199411556124687,-1.074,0.025,-4.523,68.981,1.22303
5224,435360.0,1,0.30295783281326294,0.3632952868938446,0.21195,0.003167109563946724,-1.048,0.036,-4.546,68.81,1.22368
5225,435443.33,1,0.2979682981967926,0.3493320941925049,0.21606,0.0032560876570641994,-1.081,0.07,-4.548,68.387,1.25725
5226,435526.67,1,0.2848178446292877,0.3338008522987366,0.22126,0.003423935268074274,-1.052,0.086,-4.548,67.926,1.2852
5227,435610.0,1,0.27733367681503296,0.3236148953437805,0.22426,0.0035118702799081802,-0.961,0.125,-4.571,68.201,1.27276
5228,435693.33,1,0.2739112973213196,0.32062360644340515,0.22598,0.0036257451865822077,-0.98,0.106,-4.585,68.062,1.26374
5229,435776.67,1,0.2739999294281006,0.3223831355571747,0.22564,0.00391143886372447,-1.011,0.132,-4.589,68.433,1.25903
5230,435860.0,1,0.2742684781551361,0.3223678171634674,0.22477,0.004053985700011253,-1.014,0.136,-4.589,68.35,1.25781
5231,435943.33,1,0.2801400423049927,0.3301145136356354,0.22258,0.0042434269562363625,-1.089,0.103,-4.574,68.298,1.2788
5232,436026.67,1,0.29088398814201355,0.3389723002910614,0.21891,0.004466757643967867,-1.148,0.064,-4.564,68.182,1.27084
5233,436108.33,1,0.3022518455982208,0.34874680638313293,0.21521,0.004479223862290382,-1.228,0.042,-4.593,68.351,1.26678
5234,436191.67,1,0.3115743398666382,0.3616727590560913,0.21081,0.004779697395861149,-1.241,0.037,-4.613,67.896,1.27507
5235,436275.0,1,0.3348308205604553,0.39263007044792175,0.20286,0.005399471148848534,-1.239,0.025,-4.621,68.058,1.28125
5236,436358.33,1,0.35697034001350403,0.46940675377845764,0.18347,0.006659540813416243,-1.216,0.026,-4.606,68.048,1.25733
5237,436441.67,1,0.36919331550598145,0.4964296221733093,0.17474,0.007066052872687578,-1.154,0.015,-4.617,68.299,1.25235
5238,436525.0,1,0.3774315118789673,0.5311341285705566,0.16549,0.006665473338216543,-1.138,0.025,-4.609,68.41,1.23321
5239,436608.33,1,0.38390591740608215,0.5328191518783569,0.16347,0.006439908407628536,-1.137,0.02,-4.618,68.451,1.22728
5240,436691.67,1,0.3975028991699219,0.5380280017852783,0.16083,0.006318189669400454,-1.145,-0.001,-4.618,68.446,1.21773
5241,436775.0,1,0.39998263120651245,0.5490425229072571,0.15802,0.006283318158239126,-1.152,-0.031,-4.627,68.521,1.22499
5242,436858.33,1,0.39979082345962524,0.5575587153434753,0.15534,0.006448090076446533,-1.194,-0.044,-4.636,68.43,1.20306
5243,436941.67,1,0.406174898147583,0.5680927634239197,0.15043,0.006530689541250467,-1.246,-0.066,-4.641,68.897,1.20835
5244,437025.0,1,0.40631499886512756,0.5717183351516724,0.14828,0.006552400067448616,-1.188,-0.107,-4.661,68.606,1.22762
5245,437108.33,1,0.40787631273269653,0.5782067179679871,0.1448,0.006516548339277506,-1.219,-0.142,-4.698,68.881,1.22315
5246,437191.67,1,0.41091445088386536,0.5852038264274597,0.14076,0.006029317621141672,-1.12,-0.155,-4.705,68.559,1.23564
5247,437275.0,1,0.416725754737854,0.5956072807312012,0.13621,0.005323935300111771,-1.098,-0.182,-4.76,68.912,1.2116
5248,437358.33,1,0.4243288040161133,0.6062730550765991,0.13169,0.004680374637246132,-1.124,-0.173,-4.792,68.927,1.20503
5249,437441.67,1,0.43553200364112854,0.6214218139648438,0.1268,0.004231262020766735,-1.112,-0.16,-4.822,69.023,1.20192
5250,437525.0,1,0.43923744559288025,0.6167545318603516,0.12638,0.004282763227820396,-1.122,-0.086,-4.761,68.561,1.22856
5251,437608.33,1,0.44018059968948364,0.6127357482910156,0.12849,0.004068924114108086,-1.15,-0.074,-4.728,68.579,1.23389
5252,437691.67,1,0.4385908544063568,0.6077769994735718,0.13051,0.0039520724676549435,-1.148,-0.081,-4.709,68.078,1.23625
5253,437775.0,1,0.43486860394477844,0.6048917770385742,0.13195,0.0037133570294827223,-1.191,-0.125,-4.715,68.535,1.22926
5254,437858.33,1,0.43191587924957275,0.6049264669418335,0.13313,0.003567331237718463,-1.156,-0.152,-4.714,68.318,1.23977
5255,437941.67,1,0.4295530319213867,0.601448655128479,0.13515,0.003433510661125183,-1.172,-0.155,-4.677,68.484,1.23771
5256,438025.0,1,0.42333778738975525,0.5959625244140625,0.13671,0.0034157559275627136,-1.191,-0.156,-4.646,68.352,1.21384
5257,438108.33,1,0.41821691393852234,0.5845271348953247,0.13954,0.003523077117279172,-1.211,-0.155,-4.655,68.447,1.21357
5258,438191.67,1,0.4103698134422302,0.5820367932319641,0.14084,0.0036704179365187883,-1.236,-0.18,-4.653,68.521,1.20921
5259,438275.0,1,0.41295763850212097,0.584963321685791,0.14016,0.003608031664043665,-1.283,-0.176,-4.655,68.951,1.20064
5260,438358.33,1,0.4175633490085602,0.5889821648597717,0.13967,0.0034826314076781273,-1.298,-0.201,-4.654,68.948,1.19873
5261,438441.67,1,0.4192231297492981,0.5907096862792969,0.13926,0.0034914847929030657,-1.338,-0.22,-4.646,69.189,1.19907
5262,438523.33,1,0.4183078110218048,0.589374303817749,0.14077,0.0033397218212485313,-1.432,-0.171,-4.627,68.682,1.20868
5263,438606.67,1,0.42306509613990784,0.5935654640197754,0.13939,0.004031432792544365,-1.392,-0.182,-4.601,69.244,1.19766
5264,438690.0,1,0.448248028755188,0.6107486486434937,0.13229,0.0048031858168542385,-1.344,-0.171,-4.564,69.165,1.18651
5265,438773.33,1,0.45097360014915466,0.619591236114502,0.12491,0.009095548652112484,-1.035,-0.12,-4.549,69.596,1.17887
5266,438856.67,1,0.4580203592777252,0.6204196214675903,0.12384,0.009522720240056515,-0.803,-0.165,-4.602,69.671,1.18225
5267,438940.0,1,0.4469880163669586,0.6072917580604553,0.12681,0.010237198323011398,-0.498,-0.091,-4.606,69.666,1.20296
5268,439023.33,1,0.4389425218105316,0.5986590385437012,0.12974,0.011518437415361404,-0.175,-0.132,-4.609,69.593,1.20019
5269,439106.67,1,0.43446123600006104,0.5896059274673462,0.13274,0.011486222967505455,-0.151,-0.163,-4.593,69.788,1.18856
5270,439190.0,1,0.43515875935554504,0.586301326751709,0.13375,0.009241783991456032,-0.157,-0.177,-4.577,69.683,1.18895
5271,439273.33,1,0.4335455298423767,0.584148645401001,0.13604,0.007440811488777399,-0.467,-0.253,-4.6,70.013,1.18583
5272,439356.67,1,0.42711707949638367,0.5692874193191528,0.14265,0.006583332549780607,-0.85,-0.283,-4.598,69.909,1.18715
5273,439440.0,1,0.42321130633354187,0.5555964112281799,0.14792,0.005924342665821314,-1.287,-0.23,-4.579,69.951,1.20105
5274,439523.33,1,0.4215361773967743,0.5453698635101318,0.15056,0.00571160763502121,-1.389,-0.241,-4.547,69.316,1.23865
5275,439606.67,1,0.4177049696445465,0.536188006401062,0.15216,0.006403824780136347,-1.403,-0.232,-4.511,69.463,1.21886
5276,439690.0,1,0.41811326146125793,0.5349705815315247,0.15314,0.006626736838370562,-1.569,-0.268,-4.507,69.319,1.2155
5277,439773.33,1,0.41558384895324707,0.5291621685028076,0.15229,0.009701327420771122,-1.597,-0.255,-4.483,69.47,1.21031
5278,439856.67,1,0.4132370054721832,0.5269290804862976,0.15157,0.011247540824115276,-1.565,-0.223,-4.462,69.076,1.22955
5279,439940.0,1,0.41779646277427673,0.529610276222229,0.15314,0.008925705216825008,-1.588,-0.257,-4.441,69.205,1.21306
5280,440023.33,1,0.4216799736022949,0.5466969609260559,0.14768,0.007188671268522739,-1.432,-0.373,-4.378,69.607,1.20324
5281,440106.67,1,0.42459404468536377,0.5507370233535767,0.14637,0.006273976992815733,-1.424,-0.416,-4.341,69.722,1.21504
5282,440190.0,1,0.4252745807170868,0.5550531148910522,0.14586,0.005483080167323351,-1.418,-0.433,-4.31,69.823,1.21093
5283,440273.33,1,0.42496880888938904,0.5516550540924072,0.14648,0.005090903956443071,-1.443,-0.453,-4.281,70.228,1.20167
5284,440356.67,1,0.4220242202281952,0.5498707294464111,0.14759,0.005198028404265642,-1.46,-0.498,-4.276,70.055,1.19432
5285,440440.0,1,0.41747942566871643,0.5441263914108276,0.14952,0.005147145129740238,-1.477,-0.506,-4.253,70.104,1.21285
5286,440523.33,1,0.4107426404953003,0.537588357925415,0.15297,0.005074271000921726,-1.528,-0.559,-4.287,70.025,1.21245
5287,440606.67,1,0.4049018919467926,0.5334179997444153,0.15546,0.0050380113534629345,-1.51,-0.571,-4.228,69.815,1.22672
5288,440690.0,1,0.3976908028125763,0.5241120457649231,0.15785,0.005356801673769951,-1.49,-0.603,-4.168,69.351,1.24263
5289,440773.33,1,0.3890083134174347,0.5168663263320923,0.16111,0.005103444214910269,-1.391,-0.597,-4.156,69.655,1.23871
5290,440855.0,1,0.3858335614204407,0.512626588344574,0.16434,0.004729022737592459,-1.406,-0.601,-4.167,69.267,1.24822
5291,440938.33,1,0.3794744312763214,0.5010885000228882,0.16889,0.004228197503834963,-1.421,-0.597,-4.163,69.368,1.24928
5292,441021.67,1,0.3754798471927643,0.4967344105243683,0.16935,0.004543276969343424,-1.415,-0.606,-4.131,69.25,1.2381
5293,441105.0,1,0.3782062530517578,0.4979293644428253,0.16739,0.004451271146535873,-1.401,-0.642,-4.129,69.578,1.22798
5294,441188.33,1,0.3812626600265503,0.49754762649536133,0.16637,0.004598656203597784,-1.298,-0.643,-4.115,69.362,1.22316
5295,441271.67,1,0.38295868039131165,0.49994492530822754,0.16644,0.004464070312678814,-1.287,-0.641,-4.078,69.205,1.24245
5296,441355.0,1,0.38561344146728516,0.49558693170547485,0.16777,0.00436768913641572,-1.334,-0.67,-4.06,68.684,1.25925
5297,441438.33,1,0.3908030688762665,0.48539087176322937,0.17085,0.0038611642085015774,-1.357,-0.718,-4.017,69.1,1.24395
5298,441521.67,1,0.398079514503479,0.4794676601886749,0.17261,0.0034277953673154116,-1.394,-0.759,-3.979,69.008,1.23392
5299,441605.0,1,0.4029696583747864,0.4778124988079071,0.17344,0.002976799849420786,-1.501,-0.81,-3.975,68.785,1.23214
5300,441688.33,1,0.4065726399421692,0.4794842004776001,0.17327,0.0027687777765095234,-1.526,-0.854,-3.982,68.506,1.21507
5301,441771.67,1,0.40740108489990234,0.4867057204246521,0.17086,0.0027688750997185707,-1.561,-0.851,-3.983,68.91,1.21484
5302,441855.0,1,0.41026297211647034,0.4872065484523773,0.17053,0.002801600843667984,-1.695,-0.78,-3.94,68.85,1.21756
5303,441938.33,1,0.4094507098197937,0.48883888125419617,0.16993,0.002866199007257819,-1.638,-0.781,-3.932,68.789,1.23559
5304,442021.67,1,0.4086005687713623,0.4920412600040436,0.16845,0.0030195843428373337,-1.619,-0.794,-3.929,68.682,1.22875
5305,442105.0,1,0.4067195951938629,0.49259573221206665,0.16796,0.003013176843523979,-1.613,-0.798,-3.927,68.999,1.2225
5306,442188.33,1,0.40965020656585693,0.4939689040184021,0.1673,0.002852766076102853,-1.656,-0.745,-3.912,68.891,1.21984
5307,442271.67,1,0.41159510612487793,0.4973837435245514,0.16669,0.0027374729979783297,-1.695,-0.7,-3.906,69.046,1.21671
5308,442355.0,1,0.4069371223449707,0.4926944375038147,0.16787,0.0027716720942407846,-1.684,-0.686,-3.89,68.787,1.21669
5309,442438.33,1,0.40725892782211304,0.49220651388168335,0.16782,0.002801140071824193,-1.648,-0.695,-3.904,68.66,1.2057
5310,442521.67,1,0.4035662114620209,0.5009036064147949,0.16526,0.002944458508864045,-1.555,-0.727,-3.956,68.221,1.23957
5311,442605.0,1,0.4002985656261444,0.49849849939346313,0.16611,0.002958873752504587,-1.492,-0.736,-3.986,68.497,1.24693
5312,442688.33,1,0.39738497138023376,0.4996883273124695,0.16636,0.002770422725006938,-1.404,-0.726,-4.016,68.493,1.23811
5313,442771.67,1,0.3873921036720276,0.4951675236225128,0.16953,0.002709534950554371,-1.473,-0.756,-4.074,68.74,1.24829
5314,442855.0,1,0.37487995624542236,0.4810043275356293,0.1759,0.002840840956196189,-1.516,-0.775,-4.108,68.767,1.24056
5315,442938.33,1,0.3699781596660614,0.46428894996643066,0.1804,0.002813400700688362,-1.537,-0.778,-4.112,69.073,1.22428
5316,443021.67,1,0.3747454285621643,0.45962727069854736,0.18001,0.0026509356684982777,-1.544,-0.768,-4.098,68.872,1.21127
5317,443105.0,1,0.38224074244499207,0.46210622787475586,0.17887,0.002743976656347513,-1.553,-0.753,-4.14,68.737,1.225
5318,443186.67,1,0.3878594934940338,0.4780671000480652,0.17441,0.0031486721709370613,-1.534,-0.72,-4.152,68.305,1.23581
5319,443270.0,1,0.3815518617630005,0.4849294424057007,0.17319,0.0037273250054568052,-1.572,-0.72,-4.163,68.641,1.22389
5320,443353.33,1,0.37320393323898315,0.488037109375,0.17174,0.0038956368807703257,-1.529,-0.69,-4.161,68.687,1.20689
5321,443436.67,1,0.3743237853050232,0.49028468132019043,0.17133,0.003809144953265786,-1.465,-0.709,-4.184,68.978,1.22143
5322,443520.0,1,0.37598779797554016,0.49594175815582275,0.16962,0.0036841474939137697,-1.442,-0.712,-4.201,69.009,1.21577
5323,443603.33,1,0.3782861530780792,0.49875661730766296,0.16873,0.003680980997160077,-1.417,-0.737,-4.204,69.44,1.20801
5324,443686.67,1,0.3800084888935089,0.5006629824638367,0.16792,0.0034224889241158962,-1.422,-0.749,-4.197,69.386,1.20483
5325,443770.0,1,0.3806048333644867,0.4991501569747925,0.16754,0.0037293049972504377,-1.483,-0.736,-4.178,69.207,1.21131
5326,443853.33,1,0.3818211555480957,0.5009923577308655,0.16676,0.0038480013608932495,-1.513,-0.722,-4.204,69.134,1.20997
5327,443936.67,1,0.3852207660675049,0.4969998002052307,0.16644,0.0042074271477758884,-1.552,-0.713,-4.251,69.117,1.20791
5328,444020.0,1,0.3850635588169098,0.4851375222206116,0.16826,0.003961123060435057,-1.542,-0.697,-4.272,69.114,1.20792
5329,444103.33,1,0.3801466226577759,0.4850226938724518,0.16968,0.0037383444141596556,-1.532,-0.688,-4.275,69.333,1.19979
5330,444186.67,1,0.3740529716014862,0.4746049642562866,0.17451,0.0033756368793547153,-1.534,-0.67,-4.289,68.985,1.18791
5331,444270.0,1,0.37741225957870483,0.46689531207084656,0.17792,0.003142161061987281,-1.637,-0.654,-4.274,69.242,1.18999
5332,444353.33,1,0.3852810561656952,0.49469998478889465,0.17029,0.002944406820461154,-1.67,-0.637,-4.272,69.05,1.19354
5333,444436.67,1,0.7214657068252563,0.6906580328941345,0.05287,0.0029671171214431524,-1.249,-0.314,-4.254,68.609,1.22165
5334,444520.0,1,0.7689486742019653,0.7561021447181702,0.02015,0.003315320936962962,-1.041,-0.168,-4.276,68.185,1.24747
5335,444603.33,1,0.75307297706604,0.7425276041030884,0.0267,0.003440665081143379,-1.058,-0.158,-4.31,68.336,1.25359
5336,444686.67,1,0.6454125046730042,0.732129693031311,0.05525,0.0034777650143951178,-1.158,-0.186,-4.34,68.392,1.24229
5337,444770.0,1,0.5456937551498413,0.6952440738677979,0.08639,0.0033467537723481655,-1.222,-0.275,-4.323,68.586,1.22827
5338,444853.33,1,0.5030284523963928,0.665181577205658,0.10178,0.0033826788421720266,-1.163,-0.284,-4.336,68.279,1.24372
5339,444936.67,1,0.48202335834503174,0.6459088325500488,0.11246,0.003295258851721883,-1.159,-0.326,-4.346,68.445,1.23416
5340,445020.0,1,0.488986998796463,0.6489604711532593,0.11088,0.003523997962474823,-1.249,-0.401,-4.332,68.752,1.22319
5341,445103.33,1,0.48276570439338684,0.6438772678375244,0.11321,0.0035587463062256575,-1.299,-0.424,-4.333,68.811,1.23571
5342,445186.67,1,0.4707436263561249,0.6219619512557983,0.12122,0.003491270588710904,-1.381,-0.463,-4.335,68.628,1.22903
5343,445270.0,1,0.459463506937027,0.6047781705856323,0.12658,0.0035347992088645697,-1.412,-0.41,-4.333,68.685,1.24767
5344,445353.33,1,0.43083932995796204,0.5897576808929443,0.13464,0.0035309584345668554,-1.413,-0.416,-4.315,68.301,1.26152
5345,445435.0,1,0.4079074263572693,0.5747480392456055,0.14057,0.0035915886983275414,-1.392,-0.373,-4.249,68.569,1.25998
5346,445518.33,1,0.39318278431892395,0.5655316710472107,0.14413,0.003976262640208006,-1.372,-0.38,-4.204,68.823,1.22817
5347,445601.67,1,0.392440527677536,0.5409940481185913,0.15168,0.0040853628888726234,-1.756,-0.41,-4.155,69.238,1.20942
5348,445685.0,1,0.38673755526542664,0.5002132654190063,0.16229,0.004220487084239721,-1.936,-0.413,-4.086,69.132,1.20053
5349,445768.33,1,0.38489699363708496,0.49033308029174805,0.16607,0.003883386729285121,-2.042,-0.438,-4.058,69.136,1.21059
5350,445851.67,1,0.3827821612358093,0.4765123128890991,0.16997,0.0038358441088348627,-2.065,-0.486,-4.047,69.016,1.20239
5351,445935.0,1,0.3821181356906891,0.4687533974647522,0.17198,0.0037186583504080772,-2.054,-0.515,-4.036,69.057,1.21411
5352,446018.33,1,0.37729400396347046,0.4589860737323761,0.17458,0.0036818974185734987,-2.071,-0.534,-4.008,69.014,1.20711
5353,446101.67,1,0.37156617641448975,0.43833231925964355,0.17848,0.0036615373101085424,-2.088,-0.555,-4.003,69.013,1.22338
5354,446185.0,1,0.35828569531440735,0.41062894463539124,0.18541,0.0037254143971949816,-2.207,-0.561,-4.006,68.658,1.23728
5355,446268.33,1,0.3505131006240845,0.39901548624038696,0.18948,0.003749386640265584,-2.212,-0.557,-3.996,69.003,1.21964
5356,446351.67,1,0.34507447481155396,0.39541056752204895,0.19169,0.003861876204609871,-2.105,-0.55,-3.974,68.552,1.21564
5357,446435.0,1,0.34306129813194275,0.39558812975883484,0.19297,0.0037439174484461546,-2.082,-0.555,-3.928,68.92,1.22021
5358,446518.33,1,0.3385894000530243,0.3951200246810913,0.19487,0.003614828223362565,-1.988,-0.512,-3.891,69.052,1.20877
5359,446601.67,1,0.3464809060096741,0.3980167806148529,0.19341,0.003417766187340021,-1.966,-0.492,-3.864,69.193,1.21828
5360,446685.0,1,0.6008914113044739,0.6379696130752563,0.09076,0.0031308226753026247,-1.526,-0.443,-3.981,69.223,1.20682
5361,446768.33,1,0.7555776834487915,0.7555520534515381,0.01998,0.003153633326292038,-0.937,-0.107,-4.043,69.227,1.21255
5362,446851.67,1,0.6825109720230103,0.7103474140167236,0.05015,0.0027500248979777098,-1.069,-0.133,-4.078,69.085,1.19275
5363,446935.0,1,0.5638492107391357,0.6745962500572205,0.08798,0.002558615058660507,-1.428,-0.25,-4.022,69.577,1.18552
5364,447018.33,1,0.46383386850357056,0.6046034693717957,0.12498,0.002668890869244933,-1.54,-0.349,-3.992,69.658,1.18289
5365,447101.67,1,0.4273762106895447,0.5530713796615601,0.14527,0.00280976970680058,-1.793,-0.449,-3.888,70.087,1.18063
5366,447185.0,1,0.41412559151649475,0.5197786092758179,0.15626,0.003116523614153266,-1.908,-0.487,-3.821,69.999,1.18222
5367,447268.33,1,0.4102945625782013,0.5135828256607056,0.15929,0.0031659293454140425,-1.968,-0.507,-3.779,70.001,1.18318
5368,447351.67,1,0.41163957118988037,0.5092570781707764,0.15998,0.0033927294425666332,-1.955,-0.54,-3.741,69.376,1.19351
5369,447435.0,1,0.4097370207309723,0.5226417779922485,0.15575,0.004104819614440203,-1.844,-0.525,-3.745,69.501,1.18797
5370,447518.33,1,0.4099435806274414,0.5316137075424194,0.15367,0.0040663122199475765,-1.793,-0.565,-3.792,69.751,1.18563
5371,447601.67,1,0.41298601031303406,0.5406596660614014,0.15159,0.004089998546987772,-1.847,-0.609,-3.817,69.775,1.20443
5372,447685.0,1,0.4154728353023529,0.5462931394577026,0.14984,0.004314901307225227,-1.822,-0.615,-3.831,69.643,1.19929
5373,447768.33,1,0.41692718863487244,0.5509941577911377,0.14883,0.004662198945879936,-1.819,-0.626,-3.86,69.896,1.19151
5374,447850.0,1,0.41551581025123596,0.554984986782074,0.14814,0.004926588386297226,-1.763,-0.637,-3.887,69.647,1.18917
5375,447933.33,1,0.41448184847831726,0.5547037124633789,0.14836,0.004509348422288895,-1.712,-0.632,-3.913,69.65,1.19453
5376,448016.67,1,0.41473349928855896,0.5661351680755615,0.1453,0.004785658325999975,-1.679,-0.617,-3.932,69.002,1.21309
5377,448100.0,1,0.42159801721572876,0.5750638842582703,0.14207,0.005301774479448795,-1.698,-0.649,-3.933,69.131,1.20784
5378,448183.33,1,0.4254147410392761,0.5809811353683472,0.14068,0.005512396339327097,-1.691,-0.646,-3.946,68.602,1.21132
5379,448266.67,1,0.42603859305381775,0.5744633078575134,0.14388,0.004814106971025467,-1.681,-0.64,-3.965,68.805,1.19577
5380,448350.0,1,0.42341718077659607,0.559067964553833,0.14875,0.004443566780537367,-1.715,-0.625,-3.974,68.405,1.20045
5381,448433.33,1,0.4224165081977844,0.5471771955490112,0.15213,0.004296677652746439,-1.793,-0.619,-3.972,68.93,1.1954
5382,448516.67,1,0.42378947138786316,0.5315310955047607,0.15533,0.004140644334256649,-1.902,-0.616,-3.946,68.993,1.22216
5383,448600.0,1,0.4248027205467224,0.5286795496940613,0.15621,0.004369551781564951,-1.973,-0.672,-3.934,69.269,1.22451
5384,448683.33,1,0.4246780276298523,0.5160553455352783,0.15941,0.0044059050269424915,-1.992,-0.685,-3.91,68.812,1.2346
5385,448766.67,1,0.40952160954475403,0.4918467402458191,0.16626,0.004483942408114672,-2.01,-0.681,-3.89,69.319,1.22641
5386,448850.0,1,0.3899492919445038,0.45783087611198425,0.1752,0.005030638072639704,-2.045,-0.649,-3.871,69.182,1.21629
5387,448933.33,1,0.38224872946739197,0.4404356777667999,0.17936,0.0062395441345870495,-2.021,-0.599,-3.865,69.58,1.21795
5388,449016.67,1,0.6592437028884888,0.6817642450332642,0.06307,0.00993675272911787,-1.434,-0.269,-3.944,69.591,1.22262
5389,449100.0,1,0.7396656274795532,0.7610807418823242,0.02142,0.014011450111865997,-0.905,-0.185,-4.004,68.759,1.24492
5390,449183.33,1,0.5921395421028137,0.7263216972351074,0.06021,0.013593596406280994,-0.818,-0.258,-3.962,69.154,1.19958
5391,449266.67,1,0.4676976501941681,0.6299716234207153,0.10982,0.015171254985034466,-0.95,-0.361,-3.953,69.284,1.20854
5392,449350.0,1,0.4087896943092346,0.5555126667022705,0.13924,0.015136043541133404,-1.108,-0.382,-3.92,68.927,1.26902
5393,449433.33,1,0.3825071454048157,0.5114299654960632,0.15431,0.019404949620366096,-1.297,-0.494,-3.879,69.599,1.2405
5394,449516.67,1,0.3781193494796753,0.4869776666164398,0.1627,0.01834757998585701,-1.568,-0.566,-3.891,69.718,1.22931
5395,449600.0,1,0.37664365768432617,0.4802738130092621,0.16458,0.020941391587257385,-1.688,-0.571,-3.889,69.902,1.23453
5396,449683.33,1,0.3702852427959442,0.47247087955474854,0.16721,0.02408517524600029,-1.721,-0.579,-3.893,69.363,1.2618
5397,449766.67,1,0.3668097257614136,0.46359890699386597,0.16997,0.025891805067658424,-1.722,-0.584,-3.863,69.388,1.27144
5398,449850.0,1,0.36437657475471497,0.45985615253448486,0.17184,0.025506136938929558,-1.742,-0.588,-3.86,69.548,1.24415
5399,449933.33,1,0.3601495027542114,0.4551614820957184,0.17368,0.028114954009652138,-1.728,-0.594,-3.862,69.663,1.23841
5400,450016.67,1,0.3570927679538727,0.4586136043071747,0.17278,0.03591255471110344,-1.723,-0.599,-3.845,69.594,1.23023
5401,450100.0,1,0.3570859730243683,0.4624931216239929,0.17197,0.035234760493040085,-1.66,-0.573,-3.836,69.209,1.24335
5402,450181.67,1,0.35848701000213623,0.46219077706336975,0.17159,0.03754347562789917,-1.649,-0.608,-3.81,69.228,1.23252
5403,450265.0,1,0.3639565706253052,0.4598225951194763,0.17303,0.034155648201704025,-1.689,-0.66,-3.8,69.337,1.23891
5404,450348.33,1,0.36000725626945496,0.45629823207855225,0.17406,0.03811061754822731,-1.622,-0.671,-3.791,68.746,1.26252
5405,450431.67,1,0.36188367009162903,0.4588824510574341,0.17441,0.03768172487616539,-1.605,-0.685,-3.794,69.003,1.24219
5406,450515.0,1,0.35991039872169495,0.45373764634132385,0.17638,0.04073236882686615,-1.612,-0.675,-3.798,68.657,1.26402
5407,450598.33,1,0.3560348451137543,0.4470418095588684,0.17834,0.0434175543487072,-1.608,-0.689,-3.798,69.21,1.25227
5408,450681.67,1,0.3516540229320526,0.4424184560775757,0.17888,0.05595787987112999,-1.612,-0.712,-3.794,69.003,1.26699
5409,450765.0,1,0.3551802635192871,0.4444413185119629,0.17794,0.055624425411224365,-1.652,-0.695,-3.801,69.44,1.25762
5410,450848.33,1,0.36061760783195496,0.4486815333366394,0.17381,0.05734844505786896,-1.537,-0.652,-3.798,69.122,1.26718
5411,450931.67,1,0.37343278527259827,0.46786537766456604,0.16623,0.057129789143800735,-1.539,-0.65,-3.794,69.252,1.27573
5412,451015.0,1,0.381674200296402,0.48193687200546265,0.16176,0.056600380688905716,-1.579,-0.696,-3.797,69.076,1.283
5413,451098.33,1,0.3882145583629608,0.4959105849266052,0.15772,0.05248977988958359,-1.545,-0.664,-3.806,69.68,1.25778
5414,451181.67,1,0.39402663707733154,0.5047985315322876,0.15481,0.05289510637521744,-1.603,-0.714,-3.801,69.699,1.24131
5415,451265.0,1,0.3964923322200775,0.5169490575790405,0.15131,0.04937511309981346,-1.668,-0.75,-3.82,69.973,1.22036
5416,451348.33,1,0.39487355947494507,0.526942253112793,0.14783,0.044608987867832184,-1.674,-0.759,-3.834,69.941,1.2183
5417,451431.67,1,0.395661324262619,0.5327534675598145,0.14577,0.04282154142856598,-1.718,-0.716,-3.839,69.866,1.24569
5418,451515.0,1,0.3956487774848938,0.53374183177948,0.14439,0.047495778650045395,-1.733,-0.69,-3.844,69.474,1.26495
5419,451598.33,1,0.397256463766098,0.5283560752868652,0.14439,0.048805974423885345,-1.67,-0.668,-3.809,69.527,1.27249
5420,451681.67,1,0.3978039026260376,0.5209641456604004,0.14488,0.05161203444004059,-1.657,-0.681,-3.806,69.312,1.27824
5421,451765.0,1,0.3992439806461334,0.5199524164199829,0.14486,0.05077825486660004,-1.647,-0.682,-3.813,69.886,1.23566
5422,451848.33,1,0.3993252217769623,0.523826003074646,0.1442,0.05103965103626251,-1.653,-0.687,-3.836,69.594,1.23635
5423,451931.67,1,0.4030342102050781,0.524727463722229,0.14439,0.042355701327323914,-1.627,-0.645,-3.81,70.15,1.21322
5424,452015.0,1,0.4021397829055786,0.5278785228729248,0.14384,0.04451374709606171,-1.669,-0.679,-3.823,70.197,1.20155
5425,452098.33,1,0.4037819802761078,0.5242466926574707,0.14429,0.0411478616297245,-1.677,-0.65,-3.813,70.546,1.19189
5426,452181.67,1,0.40278467535972595,0.519916296005249,0.14483,0.04442711919546127,-1.685,-0.646,-3.813,70.352,1.18763
5427,452265.0,1,0.40349626541137695,0.5148404836654663,0.14515,0.051199935376644135,-1.751,-0.625,-3.751,70.012,1.22719
5428,452348.33,1,0.39534226059913635,0.5065651535987854,0.14706,0.05412052944302559,-1.74,-0.613,-3.67,69.896,1.22037
5429,452431.67,1,0.3837687075138092,0.4936450123786926,0.14955,0.06628555804491043,-1.748,-0.603,-3.626,69.418,1.22815
5430,452515.0,1,0.3826241195201874,0.4741511642932892,0.15291,0.06775471568107605,-1.599,-0.592,-3.585,69.676,1.22047
5431,452598.33,1,0.37938663363456726,0.46672123670578003,0.15493,0.06790028512477875,-1.559,-0.599,-3.568,69.767,1.23357
5432,452680.0,1,0.37465327978134155,0.4490528404712677,0.15859,0.0674622654914856,-1.53,-0.59,-3.562,69.642,1.22677
5433,452763.33,1,0.37582117319107056,0.43868517875671387,0.16039,0.06754054874181747,-1.557,-0.598,-3.528,69.862,1.22854
5434,452846.67,1,0.3776443898677826,0.4305538535118103,0.16202,0.06636763364076614,-1.632,-0.602,-3.492,69.43,1.24234
5435,452930.0,1,0.3788229525089264,0.4269173741340637,0.16315,0.06640450656414032,-1.765,-0.661,-3.486,69.564,1.24644
5436,453013.33,1,0.37855273485183716,0.42444294691085815,0.16384,0.06470653414726257,-1.82,-0.664,-3.472,69.489,1.22495
5437,453096.67,1,0.37910136580467224,0.4249768555164337,0.16455,0.05862385034561157,-1.87,-0.641,-3.46,69.542,1.24029
5438,453180.0,1,0.37996163964271545,0.4266810715198517,0.16504,0.058375321328639984,-1.963,-0.692,-3.454,69.256,1.25548
5439,453263.33,1,0.38010528683662415,0.4296322464942932,0.16572,0.05618897080421448,-1.965,-0.704,-3.448,69.751,1.23788
5440,453346.67,1,0.38125917315483093,0.43160223960876465,0.16473,0.061244238168001175,-1.946,-0.714,-3.41,69.672,1.22685
5441,453430.0,1,0.3760845959186554,0.42802733182907104,0.16549,0.06160494685173035,-1.941,-0.693,-3.394,69.688,1.21375
5442,453513.33,1,0.38252922892570496,0.428029865026474,0.16503,0.05877133086323738,-1.944,-0.672,-3.38,69.081,1.22108
5443,453596.67,1,0.3817354440689087,0.43221092224121094,0.16496,0.06040871515870094,-1.929,-0.643,-3.357,69.413,1.22342
5444,453680.0,1,0.37294575572013855,0.42036187648773193,0.16901,0.05995134636759758,-1.84,-0.653,-3.366,69.13,1.23983
5445,453763.33,1,0.3677819073200226,0.4137141704559326,0.17275,0.058986421674489975,-1.865,-0.694,-3.362,69.099,1.24305
5446,453846.67,1,0.37183284759521484,0.4161846339702606,0.17517,0.05846292898058891,-1.908,-0.718,-3.367,68.85,1.25422
5447,453930.0,1,0.36382684111595154,0.4130730926990509,0.17869,0.06126600503921509,-1.834,-0.739,-3.343,69.135,1.25036
5448,454013.33,1,0.35640013217926025,0.40447261929512024,0.18195,0.06164286285638809,-1.765,-0.754,-3.363,69.311,1.20559
5449,454096.67,1,0.3487752377986908,0.3962831497192383,0.1852,0.06131666898727417,-1.761,-0.768,-3.354,69.507,1.20894
5450,454180.0,1,0.3469982445240021,0.39038097858428955,0.18629,0.06254424154758453,-1.772,-0.787,-3.368,69.389,1.1948
5451,454263.33,1,0.3434694707393646,0.3857880234718323,0.18763,0.05965988710522652,-1.772,-0.793,-3.381,69.83,1.18856
5452,454346.67,1,0.34594640135765076,0.38939136266708374,0.18709,0.05458039045333862,-1.846,-0.85,-3.406,69.733,1.18754
5453,454430.0,1,0.6736984252929688,0.6756680607795715,0.05761,0.04180886596441269,-1.45,-0.645,-3.548,69.994,1.18085
5454,454513.33,1,0.7092854380607605,0.7351239919662476,0.02978,0.04242659732699394,-1.312,-0.531,-3.567,69.728,1.17343
5455,454596.67,1,0.6559603810310364,0.7058298587799072,0.04744,0.04352889209985733,-1.364,-0.524,-3.547,69.372,1.23472
5456,454680.0,1,0.5054805278778076,0.6055696606636047,0.0984,0.04617171734571457,-1.436,-0.584,-3.533,68.935,1.26559
5457,454763.33,1,0.42541101574897766,0.5143314599990845,0.13434,0.046301789581775665,-1.49,-0.651,-3.525,69.085,1.28132
5458,454846.67,1,0.38245946168899536,0.45323240756988525,0.15716,0.04348316043615341,-1.611,-0.653,-3.531,68.818,1.28859
5459,454930.0,1,0.3548748791217804,0.4144434928894043,0.17191,0.04442400112748146,-1.581,-0.666,-3.533,68.621,1.2818
5460,455011.67,1,0.3331288695335388,0.39064207673072815,0.18138,0.04698051139712334,-1.67,-0.657,-3.496,69.088,1.25994
5461,455095.0,1,0.3271329700946808,0.38576406240463257,0.18414,0.04663809761404991,-1.667,-0.674,-3.483,69.514,1.24324
5462,455178.33,1,0.331347793340683,0.3863215148448944,0.18519,0.04620097950100899,-1.775,-0.733,-3.477,69.286,1.22833
5463,455261.67,1,0.3269023597240448,0.37728026509284973,0.18797,0.048867665231227875,-1.776,-0.728,-3.474,69.534,1.21704
5464,455345.0,1,0.3195135295391083,0.3676130771636963,0.19017,0.05180012062191963,-1.799,-0.712,-3.428,69.246,1.2131
5465,455428.33,1,0.3171547055244446,0.3650416433811188,0.19055,0.05421990901231766,-1.79,-0.704,-3.412,69.591,1.21934
5466,455511.67,1,0.3146663010120392,0.3611447811126709,0.19144,0.055035725235939026,-1.813,-0.726,-3.411,69.449,1.22577
5467,455595.0,1,0.3142107427120209,0.3586249351501465,0.19247,0.05194571614265442,-1.783,-0.708,-3.394,69.262,1.25489
5468,455678.33,1,0.3163066506385803,0.35903018712997437,0.19216,0.05003488436341286,-1.774,-0.705,-3.387,68.771,1.27415
5469,455761.67,1,0.3202483654022217,0.3629336357116699,0.19169,0.04914732277393341,-1.801,-0.714,-3.395,69.151,1.26084
5470,455845.0,1,0.32824790477752686,0.38027670979499817,0.18984,0.04837120324373245,-1.956,-0.766,-3.407,69.14,1.25394
5471,455928.33,1,0.3435184955596924,0.40443387627601624,0.18571,0.04159253463149071,-1.948,-0.8,-3.407,69.123,1.27026
5472,456011.67,1,0.3521776497364044,0.41179242730140686,0.18404,0.0396513007581234,-1.959,-0.812,-3.405,68.788,1.28578
5473,456095.0,1,0.35394832491874695,0.40390628576278687,0.18614,0.03367624804377556,-2.08,-0.788,-3.4,69.007,1.26633
5474,456178.33,1,0.3541051149368286,0.3992157280445099,0.18745,0.03777741640806198,-2.314,-0.781,-3.371,68.71,1.2772
5475,456261.67,1,0.34805506467819214,0.39584118127822876,0.18923,0.03885609284043312,-2.311,-0.781,-3.354,69.234,1.26065
5476,456345.0,1,0.41714704036712646,0.4977011978626251,0.15185,0.04148190841078758,-2.183,-0.762,-3.362,69.293,1.25256
5477,456428.33,1,0.7028527855873108,0.751251757144928,0.0313,0.03915749862790108,-1.81,-0.542,-3.392,69.559,1.23958
5478,456511.67,1,0.6887974739074707,0.751932680606842,0.02922,0.04869846999645233,-1.821,-0.49,-3.398,69.277,1.22735
5479,456595.0,1,0.6742085218429565,0.721251368522644,0.04492,0.04856037348508835,-1.894,-0.504,-3.394,69.542,1.23604
5480,456678.33,1,0.5714375972747803,0.6232603192329407,0.09046,0.048525966703891754,-2.243,-0.627,-3.426,69.198,1.26027
5481,456761.67,1,0.4806276559829712,0.5446862578392029,0.12518,0.04801401123404503,-2.46,-0.635,-3.415,69.248,1.24614
5482,456845.0,1,0.4087790548801422,0.45154890418052673,0.15591,0.04735562950372696,-2.533,-0.649,-3.399,68.683,1.25113
5483,456928.33,1,0.3731369078159332,0.4174032509326935,0.16922,0.04548393934965134,-2.513,-0.657,-3.38,68.817,1.25864
5484,457011.67,1,0.35964903235435486,0.4026833772659302,0.1763,0.04448522627353668,-2.422,-0.654,-3.362,68.771,1.2429
5485,457095.0,1,0.3497755229473114,0.38749366998672485,0.18227,0.046456996351480484,-2.271,-0.634,-3.361,68.845,1.26726
5486,457178.33,1,0.3374899625778198,0.3732546865940094,0.18672,0.05107499659061432,-2.249,-0.64,-3.33,68.541,1.28216
5487,457261.67,1,0.3327406942844391,0.3660375475883484,0.18908,0.05299237743020058,-2.23,-0.643,-3.332,69.129,1.21854
5488,457343.33,1,0.32981234788894653,0.3586645722389221,0.19073,0.055985502898693085,-2.166,-0.671,-3.345,69.154,1.18732
5489,457426.67,1,0.3341434597969055,0.3589268624782562,0.18991,0.06403077393770218,-2.172,-0.707,-3.35,69.241,1.17626
5490,457510.0,1,0.3333398699760437,0.35943785309791565,0.19118,0.07031996548175812,-2.139,-0.726,-3.351,69.142,1.2047
5491,457593.33,1,0.3341701328754425,0.3619637191295624,0.19101,0.07074183225631714,-2.084,-0.728,-3.363,69.489,1.21411
5492,457676.67,1,0.33555567264556885,0.3614426851272583,0.19076,0.06732023507356644,-1.989,-0.721,-3.348,69.583,1.20488
5493,457760.0,1,0.33078157901763916,0.35760000348091125,0.19181,0.0656343325972557,-1.919,-0.706,-3.355,69.709,1.21928
5494,457843.33,1,0.32829201221466064,0.3530583679676056,0.19284,0.06400242447853088,-1.836,-0.712,-3.356,69.317,1.23008
5495,457926.67,1,0.3255230784416199,0.35002416372299194,0.19382,0.0654902383685112,-1.778,-0.708,-3.359,69.664,1.20224
5496,458010.0,1,0.3267250657081604,0.3527662754058838,0.19362,0.06656942516565323,-1.769,-0.698,-3.367,69.788,1.1924
5497,458093.33,1,0.3337624669075012,0.36065229773521423,0.19151,0.06891847401857376,-1.794,-0.713,-3.38,69.739,1.20144
5498,458176.67,1,0.33538076281547546,0.3627729117870331,0.19125,0.07123353332281113,-1.778,-0.726,-3.385,69.404,1.21921
5499,458260.0,1,0.337628573179245,0.36639925837516785,0.19041,0.07175879925489426,-1.868,-0.704,-3.397,69.616,1.2256
5500,458343.33,1,0.34428635239601135,0.37351715564727783,0.19024,0.07009469717741013,-2.013,-0.736,-3.402,69.609,1.21483
5501,458426.67,1,0.3453991115093231,0.375624418258667,0.19132,0.06826160103082657,-2.149,-0.727,-3.405,69.864,1.19575
5502,458510.0,1,0.34646862745285034,0.3767247200012207,0.19131,0.0664883702993393,-2.199,-0.727,-3.395,69.75,1.19146
5503,458593.33,1,0.34844282269477844,0.37846237421035767,0.19082,0.06600048393011093,-2.194,-0.71,-3.384,69.934,1.18251
5504,458676.67,1,0.34925082325935364,0.38108953833580017,0.19035,0.06412921845912933,-2.178,-0.7,-3.379,69.539,1.17512
5505,458760.0,1,0.3477838337421417,0.38289156556129456,0.19054,0.061733607202768326,-2.166,-0.679,-3.372,69.78,1.18
5506,458843.33,1,0.3465855121612549,0.3840712308883667,0.19073,0.06338760256767273,-2.164,-0.673,-3.358,69.538,1.18591
5507,458926.67,1,0.3425676226615906,0.3803473114967346,0.19143,0.06661836057901382,-2.1,-0.645,-3.347,69.462,1.20865
5508,459010.0,1,0.3406029939651489,0.3787303566932678,0.19113,0.06859279423952103,-2.046,-0.595,-3.345,69.122,1.21451
5509,459093.33,1,0.3413054943084717,0.37986549735069275,0.19081,0.06968621909618378,-2.011,-0.573,-3.358,68.704,1.23412
5510,459176.67,1,0.3440532088279724,0.3808932900428772,0.19102,0.0692267045378685,-1.968,-0.609,-3.382,68.258,1.25431
5511,459260.0,1,0.3445742428302765,0.381899356842041,0.19127,0.0692521333694458,-1.95,-0.636,-3.386,68.197,1.24978
5512,459343.33,1,0.3453127145767212,0.382292240858078,0.19102,0.06706207245588303,-1.915,-0.629,-3.393,68.091,1.22839
5513,459426.67,1,0.34415653347969055,0.3792966306209564,0.19142,0.06589510291814804,-1.916,-0.624,-3.395,68.607,1.22278
5514,459510.0,1,0.34556102752685547,0.3802174925804138,0.1912,0.06351135671138763,-1.942,-0.631,-3.412,68.635,1.22199
5515,459591.67,1,0.34520718455314636,0.38089174032211304,0.19119,0.062175557017326355,-1.969,-0.61,-3.424,69.068,1.21925
5516,459675.0,1,0.3441556394100189,0.38054898381233215,0.19093,0.06241424009203911,-1.99,-0.577,-3.419,69.057,1.21956
5517,459758.33,1,0.3426138460636139,0.38000208139419556,0.19096,0.062078267335891724,-1.981,-0.552,-3.422,69.116,1.2364
5518,459841.67,1,0.34363600611686707,0.38066691160202026,0.19023,0.06251150369644165,-1.98,-0.561,-3.413,69.141,1.22846
5519,459925.0,1,0.3429301381111145,0.3798770010471344,0.19014,0.06235671415925026,-1.974,-0.544,-3.418,69.405,1.22428
5520,460008.33,1,0.34807801246643066,0.38422542810440063,0.19003,0.06164133921265602,-2.096,-0.579,-3.431,69.396,1.24269
5521,460091.67,1,0.3491906225681305,0.3859291970729828,0.19041,0.0592796728014946,-2.139,-0.611,-3.43,69.84,1.23233
5522,460175.0,1,0.3473351001739502,0.38118523359298706,0.19092,0.0609620176255703,-2.073,-0.622,-3.397,69.533,1.23196
5523,460258.33,1,0.3502385914325714,0.3803190588951111,0.18943,0.06051333248615265,-1.989,-0.596,-3.386,70.284,1.21886
5524,460341.67,1,0.35617396235466003,0.3838818371295929,0.1873,0.06503858417272568,-1.988,-0.601,-3.365,70.466,1.21237
5525,460425.0,1,0.34953248500823975,0.3800511360168457,0.18864,0.06880011409521103,-1.957,-0.57,-3.356,70.427,1.222
5526,460508.33,1,0.34271544218063354,0.37318629026412964,0.19114,0.07566904276609421,-1.893,-0.522,-3.316,70.158,1.23783
5527,460591.67,1,0.3456995189189911,0.3780999183654785,0.19051,0.08061381429433823,-1.929,-0.512,-3.309,70.48,1.23175
5528,460675.0,1,0.3545132875442505,0.38686609268188477,0.18821,0.07859881222248077,-1.96,-0.523,-3.314,70.115,1.24272
5529,460758.33,1,0.3555804193019867,0.3885948359966278,0.1876,0.07451121509075165,-1.997,-0.526,-3.344,70.26,1.24406
5530,460841.67,1,0.3604409396648407,0.3903559148311615,0.18616,0.07090364396572113,-1.985,-0.513,-3.352,70.213,1.23196
5531,460925.0,1,0.3693040609359741,0.40458643436431885,0.18219,0.06901513040065765,-1.979,-0.496,-3.362,70.331,1.24065
5532,461008.33,1,0.37342244386672974,0.4146835207939148,0.17964,0.0685671716928482,-1.997,-0.508,-3.36,70.306,1.23099
5533,461091.67,1,0.3716017007827759,0.412222683429718,0.17882,0.07877714931964874,-1.994,-0.528,-3.344,70.539,1.21669
5534,461175.0,1,0.3684333264827728,0.40803900361061096,0.17858,0.08782920241355896,-1.943,-0.549,-3.332,70.197,1.20364
5535,461258.33,1,0.36569398641586304,0.4047931432723999,0.1788,0.0888969674706459,-1.945,-0.557,-3.321,70.351,1.22818
5536,461341.67,1,0.3651154637336731,0.4029979407787323,0.17901,0.08616671711206436,-1.952,-0.547,-3.323,70.162,1.2405
5537,461425.0,1,0.366472065448761,0.3997218608856201,0.179,0.08229956030845642,-1.954,-0.548,-3.331,69.86,1.2647
5538,461508.33,1,0.3637472093105316,0.3943701386451721,0.18015,0.08114050328731537,-1.925,-0.551,-3.347,69.238,1.27603
5539,461591.67,1,0.3643178939819336,0.3934081792831421,0.18056,0.08052320778369904,-1.933,-0.55,-3.348,69.152,1.27248
5540,461675.0,1,0.3701897859573364,0.39980852603912354,0.17923,0.07919106632471085,-1.919,-0.538,-3.38,69.047,1.25673
5541,461758.33,1,0.37763911485671997,0.41269612312316895,0.17452,0.07999040186405182,-1.885,-0.509,-3.407,69.381,1.2634
5542,461841.67,1,0.4037006199359894,0.45043113827705383,0.1589,0.07482653856277466,-1.851,-0.493,-3.417,69.018,1.28275
5543,461923.33,1,0.42770764231681824,0.47868791222572327,0.14856,0.07183871418237686,-1.779,-0.464,-3.389,69.153,1.26979
5544,462006.67,1,0.4390889108181,0.5083223581314087,0.14036,0.07571426779031754,-1.65,-0.528,-3.435,68.829,1.28422
5545,462090.0,1,0.4395204782485962,0.5173054933547974,0.13867,0.07153335213661194,-1.636,-0.526,-3.433,69.179,1.27892
5546,462173.33,1,0.4386128783226013,0.5138336420059204,0.14002,0.06287198513746262,-1.634,-0.513,-3.431,68.934,1.29504
5547,462256.67,1,0.43123793601989746,0.5123432874679565,0.14105,0.0628015547990799,-1.631,-0.524,-3.428,69.427,1.24441
5548,462340.0,1,0.4274458587169647,0.5070257186889648,0.14274,0.06574705243110657,-1.662,-0.532,-3.453,68.953,1.23607
5549,462423.33,1,0.4229234457015991,0.5054371356964111,0.14456,0.06789235025644302,-1.637,-0.547,-3.46,69.261,1.22121
5550,462506.67,1,0.4163895845413208,0.4810412526130676,0.14851,0.07197017222642899,-1.659,-0.535,-3.449,69.508,1.20526
5551,462590.0,1,0.41321927309036255,0.47324588894844055,0.15001,0.07308057695627213,-1.707,-0.527,-3.444,69.764,1.20967
5552,462673.33,1,0.4098205864429474,0.4680718183517456,0.15196,0.07460778951644897,-1.81,-0.562,-3.454,69.323,1.22609
5553,462756.67,1,0.40692922472953796,0.4632515013217926,0.15436,0.07381816953420639,-1.907,-0.547,-3.454,69.417,1.2401
5554,462840.0,1,0.40214839577674866,0.4548010528087616,0.15868,0.07266801595687866,-1.954,-0.529,-3.448,69.125,1.25118
5555,462923.33,1,0.39676448702812195,0.44357380270957947,0.16292,0.07161307334899902,-1.975,-0.53,-3.432,69.402,1.22846
5556,463006.67,1,0.3917115330696106,0.4370195269584656,0.16517,0.07112253457307816,-1.96,-0.52,-3.424,69.005,1.22627
5557,463090.0,1,0.38998401165008545,0.4353291392326355,0.16657,0.06749308854341507,-1.946,-0.516,-3.42,69.635,1.21317
5558,463173.33,1,0.3860723078250885,0.4332652986049652,0.16749,0.06872216612100601,-1.949,-0.501,-3.419,69.672,1.20569
5559,463256.67,1,0.38513678312301636,0.4311493933200836,0.1676,0.0705636590719223,-1.946,-0.488,-3.418,69.78,1.21898
5560,463340.0,1,0.38250118494033813,0.4276617467403412,0.16804,0.07137046009302139,-1.912,-0.477,-3.419,69.735,1.21201
5561,463423.33,1,0.37933483719825745,0.42341893911361694,0.16916,0.07321383059024811,-1.91,-0.47,-3.406,69.935,1.21171
5562,463506.67,1,0.38048574328422546,0.4184509217739105,0.17019,0.07325582951307297,-1.921,-0.515,-3.377,69.595,1.22858
5563,463590.0,1,0.37693098187446594,0.4100714921951294,0.17255,0.0745791420340538,-1.933,-0.521,-3.386,69.893,1.22505
5564,463673.33,1,0.37382474541664124,0.4062592685222626,0.17371,0.07479935884475708,-1.855,-0.525,-3.387,69.501,1.23513
5565,463756.67,1,0.37152209877967834,0.4013315737247467,0.17506,0.07388345152139664,-1.84,-0.52,-3.39,69.458,1.23641
5566,463840.0,1,0.3656046390533447,0.39756250381469727,0.17702,0.07497161626815796,-1.787,-0.494,-3.413,69.216,1.24752
5567,463923.33,1,0.3617517650127411,0.3936759829521179,0.1788,0.07606871426105499,-1.779,-0.484,-3.411,69.409,1.2397
5568,464006.67,1,0.3582066595554352,0.39085254073143005,0.18077,0.07614224404096603,-1.711,-0.47,-3.398,69.34,1.21634
5569,464090.0,1,0.3554702401161194,0.38580983877182007,0.18336,0.07445553690195084,-1.685,-0.489,-3.383,69.57,1.20144
5570,464173.33,1,0.35298335552215576,0.37880003452301025,0.18595,0.07062917202711105,-1.692,-0.493,-3.35,69.216,1.20941
5571,464256.67,1,0.3534333407878876,0.379596471786499,0.18787,0.07219872623682022,-1.804,-0.553,-3.357,69.809,1.20215
5572,464338.33,1,0.35081034898757935,0.3820464313030243,0.18868,0.07228611409664154,-1.822,-0.545,-3.38,69.905,1.19916
5573,464421.67,1,0.35294046998023987,0.3815578818321228,0.1882,0.07196629047393799,-1.825,-0.551,-3.355,69.682,1.24611
5574,464505.0,1,0.3493459224700928,0.37595877051353455,0.18777,0.07513810694217682,-1.775,-0.557,-3.344,69.384,1.27434
5575,464588.33,1,0.3479019105434418,0.36919283866882324,0.18821,0.0721280425786972,-1.861,-0.572,-3.319,69.651,1.26156
5576,464671.67,1,0.3433384895324707,0.3653915524482727,0.18956,0.07314666360616684,-1.895,-0.579,-3.322,69.38,1.27481
5577,464755.0,1,0.33829450607299805,0.36121949553489685,0.19103,0.0698639452457428,-1.856,-0.585,-3.301,69.831,1.27031
5578,464838.33,1,0.336095929145813,0.36038851737976074,0.19121,0.073454849421978,-1.811,-0.589,-3.301,69.573,1.28319
5579,464921.67,1,0.3341158926486969,0.35639211535453796,0.19181,0.07577549666166306,-1.838,-0.592,-3.318,69.471,1.29194
5580,465005.0,1,0.3333217203617096,0.35186338424682617,0.19425,0.07840937376022339,-1.883,-0.582,-3.314,69.73,1.27185
5581,465088.33,1,0.33355528116226196,0.35135576128959656,0.19386,0.08022698014974594,-1.948,-0.606,-3.301,69.846,1.28548
5582,465171.67,1,0.33197975158691406,0.3508486747741699,0.19351,0.07927318662405014,-1.949,-0.614,-3.284,69.479,1.29483
5583,465255.0,1,0.3326643109321594,0.35157209634780884,0.1932,0.07285860925912857,-1.949,-0.62,-3.278,69.447,1.24537
5584,465338.33,1,0.33685019612312317,0.3561374545097351,0.19207,0.0700557604432106,-1.947,-0.618,-3.273,69.233,1.24637
5585,465421.67,1,0.3334972858428955,0.35394948720932007,0.19334,0.07124290615320206,-1.928,-0.603,-3.27,69.448,1.23312
5586,465505.0,1,0.3301342725753784,0.35022497177124023,0.19485,0.07176856696605682,-1.953,-0.602,-3.278,69.333,1.2072
5587,465588.33,1,0.32580411434173584,0.3441527187824249,0.19709,0.06606385111808777,-2.043,-0.615,-3.284,69.695,1.20372
5588,465671.67,1,0.3257391154766083,0.34362173080444336,0.19728,0.0672529861330986,-2.007,-0.621,-3.281,69.346,1.21718
5589,465755.0,1,0.33021825551986694,0.3424059748649597,0.19638,0.06555183231830597,-1.975,-0.628,-3.285,69.81,1.20321
5590,465838.33,1,0.3414841294288635,0.34957408905029297,0.19459,0.06425093859434128,-1.979,-0.698,-3.3,69.738,1.19445
5591,465921.67,1,0.35026851296424866,0.3582862913608551,0.19235,0.06616053730249405,-2.053,-0.72,-3.312,69.71,1.20658
5592,466005.0,1,0.35669392347335815,0.3655695915222168,0.1918,0.0678124874830246,-2.075,-0.752,-3.345,69.496,1.19085
5593,466088.33,1,0.35234081745147705,0.36039549112319946,0.19459,0.06784549355506897,-2.092,-0.741,-3.341,69.807,1.19625
5594,466171.67,1,0.34814712405204773,0.3567253649234772,0.19586,0.07141730189323425,-2.079,-0.729,-3.32,69.445,1.21501
5595,466255.0,1,0.3437041640281677,0.35105666518211365,0.19739,0.07320654392242432,-1.925,-0.662,-3.316,69.748,1.19522
5596,466338.33,1,0.3428780436515808,0.34952032566070557,0.19832,0.07682661712169647,-1.915,-0.655,-3.3,69.7,1.18953
5597,466421.67,1,0.3411998450756073,0.34898900985717773,0.19899,0.07969484478235245,-1.899,-0.636,-3.3,69.557,1.20293
5598,466505.0,1,0.3363593816757202,0.34467875957489014,0.20001,0.08280712366104126,-1.859,-0.595,-3.304,69.127,1.22297
5599,466586.67,1,0.33461320400238037,0.34337368607521057,0.20011,0.08207366615533829,-1.821,-0.577,-3.3,69.417,1.20837
5600,466670.0,1,0.3329446613788605,0.3436218500137329,0.19989,0.07986338436603546,-1.785,-0.561,-3.29,69.143,1.22003
5601,466753.33,1,0.33096277713775635,0.34228748083114624,0.20013,0.07979938387870789,-1.74,-0.522,-3.292,69.529,1.21307
5602,466836.67,1,0.3300841450691223,0.34071388840675354,0.20043,0.07754163444042206,-1.757,-0.514,-3.292,69.271,1.22699
5603,466920.0,1,0.3293452262878418,0.33997273445129395,0.20032,0.08007588982582092,-1.775,-0.535,-3.29,69.385,1.22496
5604,467003.33,1,0.33287495374679565,0.3414422273635864,0.19971,0.07282909005880356,-1.852,-0.601,-3.285,69.307,1.20393
5605,467086.67,1,0.3389665484428406,0.3465869426727295,0.19849,0.06972713768482208,-2.053,-0.681,-3.274,69.604,1.18625
5606,467170.0,1,0.34327590465545654,0.35008504986763,0.197,0.06765759736299515,-2.125,-0.684,-3.27,69.563,1.1824
5607,467253.33,1,0.34477415680885315,0.3519226908683777,0.19626,0.06537224352359772,-2.131,-0.665,-3.267,69.867,1.17906
5608,467336.67,1,0.3415400981903076,0.34842491149902344,0.1966,0.06623995304107666,-2.086,-0.602,-3.26,69.616,1.17404
5609,467420.0,1,0.33835354447364807,0.3468327522277832,0.19675,0.07330755889415741,-1.93,-0.537,-3.251,69.322,1.19746
5610,467503.33,1,0.333595335483551,0.3407527804374695,0.19783,0.07236703485250473,-1.839,-0.455,-3.255,68.828,1.25132
5611,467586.67,1,0.32483890652656555,0.3345542550086975,0.20015,0.06942152231931686,-1.841,-0.442,-3.268,69.233,1.25246
5612,467670.0,1,0.32566943764686584,0.3341611921787262,0.19895,0.07240299135446548,-1.798,-0.451,-3.273,68.933,1.26706
5613,467753.33,1,0.3282530903816223,0.3339364230632782,0.19833,0.07098440825939178,-1.784,-0.448,-3.267,69.372,1.25374
5614,467836.67,1,0.33158397674560547,0.3365813195705414,0.19745,0.07166852056980133,-1.827,-0.455,-3.261,69.28,1.24572
5615,467920.0,1,0.3327625095844269,0.3391141891479492,0.19709,0.07278449833393097,-1.822,-0.472,-3.26,69.67,1.24005
5616,468003.33,1,0.3347187042236328,0.34096354246139526,0.19686,0.07451259344816208,-1.829,-0.482,-3.265,69.527,1.23827
5617,468086.67,1,0.3370498716831207,0.343302845954895,0.19652,0.07711900025606155,-1.91,-0.516,-3.272,69.565,1.2335
5618,468170.0,1,0.3374270498752594,0.34535884857177734,0.19566,0.0835416242480278,-1.946,-0.545,-3.282,69.133,1.25398
5619,468253.33,1,0.3305940628051758,0.3437536060810089,0.19484,0.08672473579645157,-1.939,-0.518,-3.282,69.285,1.24433
5620,468336.67,1,0.32408398389816284,0.33569765090942383,0.19561,0.09101467579603195,-1.89,-0.508,-3.267,68.979,1.26
5621,468420.0,1,0.3174058496952057,0.32807034254074097,0.19778,0.08669755607843399,-1.774,-0.464,-3.241,69.483,1.24915
5622,468503.33,1,0.311960369348526,0.32426396012306213,0.20057,0.08306007087230682,-1.759,-0.447,-3.214,69.426,1.24351
5623,468586.67,1,0.30205073952674866,0.31611618399620056,0.20508,0.07575125247240067,-1.761,-0.437,-3.198,69.817,1.23758
5624,468670.0,1,0.299922376871109,0.31287646293640137,0.20564,0.06983476132154465,-1.767,-0.447,-3.185,69.677,1.23628
5625,468753.33,1,0.3053242266178131,0.31687578558921814,0.20461,0.06792537122964859,-1.827,-0.493,-3.168,69.642,1.25309
5626,468836.67,1,0.31545737385749817,0.3231043517589569,0.2018,0.06896964460611343,-1.878,-0.519,-3.162,69.524,1.25065
5627,468918.33,1,0.3179762661457062,0.32522404193878174,0.20066,0.0705113559961319,-1.86,-0.528,-3.161,69.207,1.26014
5628,469001.67,1,0.31536340713500977,0.3237476646900177,0.20036,0.07290562987327576,-1.766,-0.534,-3.165,68.807,1.27545
5629,469085.0,1,0.3101233243942261,0.3200599253177643,0.20118,0.07698418200016022,-1.732,-0.551,-3.172,68.862,1.2567
5630,469168.33,1,0.30680346488952637,0.31625908613204956,0.20172,0.07778968662023544,-1.703,-0.532,-3.167,68.425,1.25984
5631,469251.67,1,0.3046413064002991,0.31406792998313904,0.20242,0.08080853521823883,-1.68,-0.51,-3.18,68.601,1.27803
5632,469335.0,1,0.2982823848724365,0.3077229857444763,0.20443,0.081846222281456,-1.684,-0.497,-3.214,68.388,1.29274
5633,469418.33,1,0.2985732853412628,0.3116706907749176,0.20245,0.08207739144563675,-1.669,-0.486,-3.237,68.833,1.24688
5634,469501.67,1,0.30072757601737976,0.31192153692245483,0.20037,0.08510952442884445,-1.69,-0.43,-3.239,68.759,1.20793
5635,469585.0,1,0.3088182806968689,0.31680065393447876,0.19679,0.08524288982152939,-1.71,-0.398,-3.231,68.841,1.21721
5636,469668.33,1,0.31885069608688354,0.3184281587600708,0.19396,0.08702278137207031,-1.685,-0.39,-3.21,68.43,1.2209
5637,469751.67,1,0.3213237226009369,0.31813758611679077,0.19305,0.08364177495241165,-1.65,-0.368,-3.198,68.536,1.23141
5638,469835.0,1,0.3211098313331604,0.3181782364845276,0.19315,0.08259411156177521,-1.63,-0.358,-3.185,68.245,1.2403
5639,469918.33,1,0.3157268762588501,0.3145638406276703,0.19512,0.08487740904092789,-1.655,-0.37,-3.157,68.519,1.221
5640,470001.67,1,0.308808296918869,0.3129862844944,0.19702,0.08404754102230072,-1.747,-0.418,-3.161,68.618,1.18479
5641,470085.0,1,0.305197149515152,0.3104534447193146,0.19874,0.08256331831216812,-1.795,-0.443,-3.154,68.722,1.19328
5642,470168.33,1,0.30437135696411133,0.30782613158226013,0.2002,0.08155620843172073,-1.78,-0.442,-3.148,68.709,1.19143
5643,470251.67,1,0.30191853642463684,0.3050435185432434,0.20224,0.08012132346630096,-1.761,-0.434,-3.154,68.978,1.17894
5644,470335.0,1,0.29946625232696533,0.29902032017707825,0.20386,0.077760711312294,-1.75,-0.438,-3.157,68.814,1.17831
5645,470418.33,1,0.2991158962249756,0.29724687337875366,0.20422,0.07801695168018341,-1.765,-0.435,-3.159,68.975,1.18586
5646,470501.67,1,0.29939886927604675,0.2970535159111023,0.20389,0.07736483216285706,-1.779,-0.432,-3.155,68.566,1.20279
5647,470585.0,1,0.30473950505256653,0.3044765293598175,0.20149,0.08213672041893005,-1.84,-0.437,-3.17,68.241,1.23355
5648,470668.33,1,0.3079586923122406,0.3092435598373413,0.20036,0.08177495747804642,-1.857,-0.419,-3.179,67.637,1.25573
5649,470751.67,1,0.3147088885307312,0.31606990098953247,0.19822,0.08591797947883606,-1.839,-0.478,-3.19,67.534,1.25687
5650,470835.0,1,0.3176514804363251,0.3208915889263153,0.19681,0.08829682320356369,-1.883,-0.513,-3.2,67.506,1.24695
5651,470918.33,1,0.3204999268054962,0.3247835338115692,0.19537,0.09028667956590652,-1.923,-0.564,-3.212,67.423,1.24697
5652,471001.67,1,0.3197381794452667,0.32677969336509705,0.19524,0.0916445180773735,-1.943,-0.587,-3.227,67.395,1.24141
5653,471085.0,1,0.31618577241897583,0.3247804343700409,0.19534,0.09781286120414734,-1.845,-0.586,-3.231,67.285,1.24984
5654,471168.33,1,0.31496739387512207,0.3232118785381317,0.19519,0.09540759027004242,-1.734,-0.624,-3.23,66.986,1.23631
5655,471250.0,1,0.3104953169822693,0.3215270936489105,0.1948,0.09430219233036041,-1.661,-0.607,-3.229,66.923,1.2405
5656,471333.33,1,0.3083348274230957,0.32069432735443115,0.19513,0.09306539595127106,-1.617,-0.59,-3.212,66.58,1.26039
5657,471416.67,1,0.30701932311058044,0.3205989897251129,0.19515,0.08719533681869507,-1.591,-0.53,-3.198,67.064,1.24612
5658,471500.0,1,0.30599063634872437,0.3202902674674988,0.19613,0.08290285617113113,-1.651,-0.506,-3.189,67.16,1.23692
5659,471583.33,1,0.305366575717926,0.3185514211654663,0.19715,0.08258640021085739,-1.699,-0.494,-3.179,67.319,1.25708
5660,471666.67,1,0.3038058280944824,0.31554096937179565,0.198,0.08323435485363007,-1.88,-0.478,-3.174,67.187,1.27082
5661,471750.0,1,0.30402883887290955,0.3149879276752472,0.19824,0.08563577383756638,-1.889,-0.475,-3.162,67.711,1.26943
5662,471833.33,1,0.3054659962654114,0.3150770366191864,0.19795,0.08472415059804916,-1.913,-0.481,-3.156,67.975,1.24946
5663,471916.67,1,0.30630505084991455,0.31540238857269287,0.1981,0.08381513506174088,-2.008,-0.488,-3.154,69.133,1.2242
5664,472000.0,1,0.30673694610595703,0.31171104311943054,0.19859,0.08385508507490158,-2.005,-0.485,-3.152,69.58,1.22008
5665,472083.33,1,0.3541792333126068,0.3536304235458374,0.17895,0.08309923857450485,-1.934,-0.37,-3.163,70.579,1.20207
5666,472166.67,1,0.6469436883926392,0.6504855155944824,0.06549,0.08004263788461685,-1.511,-0.242,-3.287,70.686,1.20476
5667,472250.0,1,0.5975812673568726,0.610909104347229,0.0796,0.08093060553073883,-1.458,-0.254,-3.286,71.012,1.19269
5668,472333.33,1,0.48613041639328003,0.5696990489959717,0.1088,0.0809980258345604,-1.364,-0.301,-3.297,70.596,1.23401
5669,472416.67,1,0.4121273458003998,0.4984663724899292,0.1369,0.08308011293411255,-1.334,-0.346,-3.284,70.521,1.24673
5670,472500.0,1,0.3825356364250183,0.44546133279800415,0.15491,0.07982663065195084,-1.357,-0.39,-3.279,70.829,1.23273
5671,472583.33,1,0.36597439646720886,0.4076070785522461,0.16633,0.0790870189666748,-1.453,-0.446,-3.272,71.071,1.24103
5672,472666.67,1,0.3569672703742981,0.382698655128479,0.17371,0.07287978380918503,-1.55,-0.469,-3.255,71.035,1.23154
5673,472750.0,1,0.3521926701068878,0.3617311120033264,0.18113,0.06599384546279907,-1.579,-0.509,-3.23,70.845,1.24428
5674,472833.33,1,0.3428252339363098,0.35367611050605774,0.18506,0.059865083545446396,-1.565,-0.505,-3.225,70.21,1.24924
5675,472916.67,1,0.3380841314792633,0.34486624598503113,0.18736,0.061665382236242294,-1.562,-0.5,-3.196,70.194,1.25217
5676,473000.0,1,0.3297158479690552,0.33595576882362366,0.1905,0.06181405857205391,-1.518,-0.503,-3.173,70.034,1.2623
5677,473083.33,1,0.32236531376838684,0.32793378829956055,0.19385,0.06176621466875076,-1.508,-0.492,-3.16,70.593,1.24474
5678,473166.67,1,0.3148830831050873,0.3225397765636444,0.19502,0.06944545358419418,-1.451,-0.484,-3.122,70.632,1.23526
5679,473250.0,1,0.30906862020492554,0.3174538016319275,0.19689,0.07490677386522293,-1.417,-0.51,-3.085,70.776,1.2338
5680,473333.33,1,0.3026829957962036,0.3145545721054077,0.1979,0.07869011908769608,-1.331,-0.524,-3.058,70.31,1.24804
5681,473416.67,1,0.2995564341545105,0.31385332345962524,0.19879,0.07911400496959686,-1.317,-0.527,-3.036,70.638,1.23586
5682,473500.0,1,0.29722684621810913,0.3134189546108246,0.19934,0.07910802215337753,-1.314,-0.527,-3.021,70.536,1.23101
5683,473583.33,1,0.2953479290008545,0.31278035044670105,0.19984,0.07847733795642853,-1.325,-0.514,-3.015,70.498,1.22839
5684,473666.67,1,0.2921368181705475,0.3136363625526428,0.20073,0.0786467120051384,-1.337,-0.532,-3.024,69.791,1.23571
5685,473750.0,1,0.2866053283214569,0.3149762451648712,0.2017,0.08079447597265244,-1.317,-0.526,-3.034,69.813,1.24825
5686,473831.67,1,0.2841288149356842,0.3113155961036682,0.203,0.08461347222328186,-1.252,-0.474,-3.068,69.811,1.24155
5687,473915.0,1,0.285779744386673,0.31576451659202576,0.20242,0.08503185957670212,-1.274,-0.461,-3.073,70.01,1.22314
5688,473998.33,1,0.29279306530952454,0.32007044553756714,0.19991,0.082256980240345,-1.414,-0.543,-3.12,69.851,1.22255
5689,474081.67,1,0.2988341450691223,0.3278972804546356,0.19676,0.07888837158679962,-1.481,-0.513,-3.143,69.829,1.24185
5690,474165.0,1,0.3022724390029907,0.33678483963012695,0.19514,0.07604358345270157,-1.52,-0.523,-3.163,69.767,1.23724
5691,474248.33,1,0.31089794635772705,0.3476885259151459,0.19251,0.07701298594474792,-1.598,-0.561,-3.163,69.991,1.23162
5692,474331.67,1,0.3179488182067871,0.3562159240245819,0.19012,0.08025944977998734,-1.703,-0.626,-3.17,69.774,1.22992
5693,474415.0,1,0.31751587986946106,0.35610827803611755,0.18996,0.08547185361385345,-1.759,-0.662,-3.173,69.486,1.24279
5694,474498.33,1,0.3151789605617523,0.3563566505908966,0.18949,0.08693685382604599,-1.75,-0.671,-3.173,69.115,1.26234
5695,474581.67,1,0.3132888674736023,0.35476523637771606,0.18921,0.08576014637947083,-1.721,-0.654,-3.149,69.229,1.27332
5696,474665.0,1,0.3168688714504242,0.35517027974128723,0.18759,0.07971785217523575,-1.663,-0.638,-3.113,68.895,1.28002
5697,474748.33,1,0.3187084197998047,0.3559468388557434,0.18677,0.07946375012397766,-1.681,-0.637,-3.103,69.226,1.26703
5698,474831.67,1,0.3156697750091553,0.35729125142097473,0.18699,0.08162315934896469,-1.687,-0.648,-3.103,68.924,1.2721
5699,474915.0,1,0.3157827854156494,0.35995030403137207,0.18655,0.08150945603847504,-1.681,-0.645,-3.119,69.129,1.25602
5700,474998.33,1,0.3116803467273712,0.35834234952926636,0.18722,0.07817750424146652,-1.654,-0.658,-3.131,69.034,1.27055
5701,475081.67,1,0.31246626377105713,0.35783833265304565,0.1873,0.07418830692768097,-1.649,-0.66,-3.131,69.205,1.26164
5702,475165.0,1,0.31210365891456604,0.35811847448349,0.18759,0.07196881622076035,-1.637,-0.663,-3.134,69.232,1.25123
5703,475248.33,1,0.31357088685035706,0.3557993173599243,0.18869,0.05729270726442337,-1.654,-0.651,-3.147,69.75,1.23947
5704,475331.67,1,0.3115021288394928,0.3545284569263458,0.1892,0.05541124567389488,-1.697,-0.647,-3.175,69.663,1.23508
5705,475415.0,1,0.30866381525993347,0.35380348563194275,0.18997,0.05626702681183815,-1.715,-0.661,-3.195,69.544,1.2533
5706,475498.33,1,0.30497264862060547,0.35150566697120667,0.19103,0.059032317250967026,-1.663,-0.662,-3.206,69.07,1.26812
5707,475581.67,1,0.3024347126483917,0.3491719365119934,0.19196,0.0611657090485096,-1.656,-0.665,-3.211,69.211,1.27117
5708,475665.0,1,0.29962578415870667,0.34714290499687195,0.19231,0.06667908281087875,-1.649,-0.671,-3.214,69.26,1.25833
5709,475748.33,1,0.29584363102912903,0.3455662429332733,0.19276,0.06915438920259476,-1.619,-0.684,-3.207,69.576,1.25294
5710,475831.67,1,0.2953425347805023,0.34521248936653137,0.19286,0.07054436951875687,-1.627,-0.69,-3.183,69.208,1.26537
5711,475915.0,1,0.2954121232032776,0.343709260225296,0.19313,0.073269322514534,-1.65,-0.691,-3.179,69.371,1.26757
5712,475998.33,1,0.29519447684288025,0.3430522680282593,0.19321,0.07540453225374222,-1.702,-0.7,-3.175,69.37,1.25645
5713,476081.67,1,0.2952365279197693,0.34245336055755615,0.19339,0.07645201683044434,-1.709,-0.695,-3.175,69.319,1.25158
5714,476165.0,1,0.29349109530448914,0.3423808813095093,0.19375,0.07540997117757797,-1.703,-0.688,-3.166,69.252,1.24396
5715,476246.67,1,0.29350998997688293,0.34277868270874023,0.19464,0.06938528269529343,-1.734,-0.696,-3.158,69.361,1.25435
5716,476330.0,1,0.2970437705516815,0.339918315410614,0.19632,0.07121334969997406,-1.896,-0.738,-3.175,69.326,1.24639
5717,476413.33,1,0.2960508167743683,0.32916730642318726,0.19909,0.07177010923624039,-1.92,-0.762,-3.182,69.596,1.22593
5718,476496.67,1,0.2970317006111145,0.3255266547203064,0.20037,0.07286203652620316,-1.973,-0.825,-3.169,69.589,1.22344
5719,476580.0,1,0.29825282096862793,0.3226502239704132,0.20212,0.07137736678123474,-2.03,-0.86,-3.138,69.372,1.23497
5720,476663.33,1,0.29234960675239563,0.3169185519218445,0.20454,0.07043927162885666,-2.015,-0.838,-3.132,68.931,1.24731
5721,476746.67,1,0.2812249958515167,0.305643230676651,0.20835,0.07033775001764297,-1.925,-0.801,-3.125,69.171,1.25148
5722,476830.0,1,0.269885778427124,0.29731252789497375,0.21149,0.06874112784862518,-1.85,-0.739,-3.127,69.194,1.23237
5723,476913.33,1,0.26732972264289856,0.29713305830955505,0.21251,0.06687021255493164,-1.899,-0.717,-3.114,69.426,1.24349
5724,476996.67,1,0.25895100831985474,0.2884095311164856,0.21509,0.0654727965593338,-1.84,-0.693,-3.111,69.399,1.2294
5725,477080.0,1,0.25417453050613403,0.28826579451560974,0.21422,0.06533954292535782,-1.755,-0.676,-3.083,69.865,1.22554
5726,477163.33,1,0.24979372322559357,0.2891698479652405,0.21438,0.06750794500112534,-1.749,-0.682,-3.052,69.931,1.22454
5727,477246.67,1,0.24880291521549225,0.29117968678474426,0.21452,0.06981366127729416,-1.758,-0.685,-3.04,69.715,1.2373
5728,477330.0,1,0.24834901094436646,0.2894989550113678,0.2151,0.07194335013628006,-1.741,-0.694,-3.011,69.243,1.24657
5729,477413.33,1,0.2486916482448578,0.29302048683166504,0.21449,0.07035966217517853,-1.704,-0.726,-2.999,69.297,1.22886
5730,477496.67,1,0.24780015647411346,0.29333925247192383,0.21438,0.06803619116544724,-1.543,-0.699,-2.997,69.226,1.25552
5731,477580.0,1,0.24517035484313965,0.2925063967704773,0.21451,0.06780342012643814,-1.519,-0.68,-2.993,69.443,1.25033
5732,477663.33,1,0.2431306540966034,0.2924380600452423,0.21481,0.06991513818502426,-1.534,-0.674,-2.987,69.442,1.24414
5733,477746.67,1,0.2396606057882309,0.292725533246994,0.21583,0.07219411432743073,-1.535,-0.667,-2.989,69.5,1.24337
5734,477830.0,1,0.23986460268497467,0.2946087718009949,0.21579,0.07310277223587036,-1.503,-0.663,-2.988,69.467,1.23973
5735,477913.33,1,0.24045461416244507,0.2930520176887512,0.21587,0.0741313025355339,-1.494,-0.656,-3.002,69.559,1.25793
5736,477996.67,1,0.23565451800823212,0.28462928533554077,0.21782,0.07138053327798843,-1.476,-0.616,-2.992,69.25,1.272
5737,478080.0,1,0.22987399995326996,0.27695152163505554,0.22069,0.06978258490562439,-1.509,-0.6,-2.993,69.552,1.2581
5738,478163.33,1,0.23012690246105194,0.2748664617538452,0.22071,0.06646614521741867,-1.532,-0.584,-2.992,69.103,1.25722
5739,478246.67,1,0.23154711723327637,0.2766093611717224,0.22026,0.06780365854501724,-1.598,-0.571,-2.99,69.323,1.26049
5740,478330.0,1,0.23235812783241272,0.27661532163619995,0.22084,0.06666144728660583,-1.647,-0.602,-3.007,69.294,1.25094
5741,478413.33,1,0.23202788829803467,0.27552416920661926,0.22151,0.06384071707725525,-1.617,-0.603,-3.033,69.402,1.25974
5742,478496.67,1,0.22619806230068207,0.2724156677722931,0.22302,0.0663151815533638,-1.517,-0.592,-3.049,69.303,1.24747
5743,478578.33,1,0.2228914201259613,0.27191871404647827,0.22364,0.0668645054101944,-1.49,-0.605,-3.053,69.433,1.23805
5744,478661.67,1,0.22658465802669525,0.273302286863327,0.22357,0.06930442154407501,-1.495,-0.623,-3.048,69.138,1.25421
5745,478745.0,1,0.2272152304649353,0.2722233235836029,0.22348,0.07518330216407776,-1.498,-0.626,-3.048,69.495,1.24263
5746,478828.33,1,0.22746318578720093,0.27189308404922485,0.22306,0.0771663635969162,-1.507,-0.624,-3.029,69.37,1.23702
5747,478911.67,1,0.22603869438171387,0.2712235450744629,0.22351,0.082167848944664,-1.526,-0.608,-3.012,69.43,1.24918
5748,478995.0,1,0.22245119512081146,0.26970741152763367,0.22435,0.08188226819038391,-1.495,-0.604,-2.998,69.305,1.24535
5749,479078.33,1,0.22173617780208588,0.2696093022823334,0.22448,0.08458181470632553,-1.5,-0.599,-2.989,69.21,1.25902
5750,479161.67,1,0.22336676716804504,0.27093666791915894,0.22432,0.08186601102352142,-1.462,-0.589,-2.986,69.1,1.24991
5751,479245.0,1,0.2230224609375,0.2716081738471985,0.22452,0.07500234246253967,-1.494,-0.577,-2.997,68.943,1.25055
5752,479328.33,1,0.22175846993923187,0.2699480950832367,0.22462,0.07382389158010483,-1.469,-0.588,-3.006,68.802,1.22915
5753,479411.67,1,0.2218540906906128,0.27022767066955566,0.22464,0.07342822104692459,-1.435,-0.606,-3.021,69.065,1.22583
5754,479495.0,1,0.22232522070407867,0.27136874198913574,0.22431,0.07254433631896973,-1.436,-0.602,-3.03,68.867,1.24789
5755,479578.33,1,0.21726743876934052,0.269176721572876,0.22543,0.0728897824883461,-1.375,-0.604,-3.032,69.18,1.23861
5756,479661.67,1,0.21680474281311035,0.2695814371109009,0.22556,0.0745495930314064,-1.294,-0.594,-3.029,68.97,1.25506
5757,479745.0,1,0.21713800728321075,0.2687506377696991,0.22617,0.07374595105648041,-1.295,-0.598,-3.024,69.212,1.26414
5758,479828.33,1,0.21240204572677612,0.26615580916404724,0.22766,0.07507466524839401,-1.314,-0.581,-3.014,69.24,1.25208
5759,479911.67,1,0.21012882888317108,0.265898734331131,0.22822,0.07447406649589539,-1.322,-0.585,-3.001,69.228,1.23225
5760,479995.0,1,0.2091018259525299,0.26359450817108154,0.22853,0.06665906310081482,-1.405,-0.527,-3.007,68.777,1.24025
5761,480078.33,1,0.20747986435890198,0.26124492287635803,0.22876,0.06519670784473419,-1.433,-0.533,-3.026,69.009,1.24492
5762,480161.67,1,0.20613954961299896,0.2602138817310333,0.22942,0.06488564610481262,-1.45,-0.532,-3.04,68.933,1.23304
5763,480245.0,1,0.20356428623199463,0.2577891945838928,0.23043,0.06752909719944,-1.452,-0.535,-3.03,69.139,1.25286
5764,480328.33,1,0.1996079385280609,0.252669095993042,0.23137,0.07425510883331299,-1.46,-0.541,-3.038,68.889,1.2687
5765,480411.67,1,0.19936954975128174,0.2504687011241913,0.23168,0.07464855164289474,-1.452,-0.547,-3.039,69.437,1.25329
5766,480495.0,1,0.19870169460773468,0.2490595430135727,0.23189,0.07535114139318466,-1.444,-0.548,-3.038,69.471,1.24268
5767,480578.33,1,0.19819681346416473,0.24711915850639343,0.23202,0.07625105232000351,-1.462,-0.577,-3.028,69.608,1.25275
5768,480661.67,1,0.19699464738368988,0.24477693438529968,0.23259,0.07896645367145538,-1.471,-0.6,-3.016,69.556,1.24685
5769,480745.0,1,0.194816455245018,0.24197812378406525,0.23436,0.08314836025238037,-1.508,-0.62,-3.019,69.9,1.24642
5770,480828.33,1,0.19618578255176544,0.2404773235321045,0.23517,0.08540484309196472,-1.517,-0.62,-3.033,69.643,1.2633
5771,480910.0,1,0.19663359224796295,0.23648245632648468,0.23587,0.08021928369998932,-1.537,-0.611,-3.033,69.793,1.26574
5772,480993.33,1,0.19429875910282135,0.23365113139152527,0.23626,0.07479248195886612,-1.451,-0.604,-3.02,69.728,1.25364
5773,481076.67,1,0.19534087181091309,0.23527595400810242,0.23551,0.07126925140619278,-1.478,-0.598,-3.017,70.183,1.23912
5774,481160.0,1,0.20225612819194794,0.2431633323431015,0.23361,0.0707472711801529,-1.695,-0.72,-3.036,70.054,1.2312
5775,481243.33,1,0.20958688855171204,0.24102841317653656,0.23371,0.06350983679294586,-1.715,-0.719,-3.037,70.071,1.24635
5776,481326.67,1,0.21008731424808502,0.23871906101703644,0.23448,0.059041768312454224,-1.72,-0.723,-3.046,69.956,1.23945
5777,481410.0,1,0.2038724720478058,0.2322685420513153,0.23593,0.06292841583490372,-1.712,-0.721,-3.053,70.139,1.22344
5778,481493.33,1,0.200315460562706,0.23301605880260468,0.23633,0.06866837292909622,-1.818,-0.729,-3.058,69.995,1.22303
5779,481576.67,1,0.20176704227924347,0.23436224460601807,0.23641,0.065731480717659,-1.817,-0.718,-3.051,70.124,1.22796
5780,481660.0,1,0.20131349563598633,0.23088718950748444,0.23722,0.06358279287815094,-1.731,-0.71,-3.036,69.743,1.24298
5781,481743.33,1,0.20004679262638092,0.23022180795669556,0.23734,0.05803345516324043,-1.678,-0.705,-3.041,69.652,1.24212
5782,481826.67,1,0.19757547974586487,0.22895608842372894,0.2373,0.06168455258011818,-1.548,-0.667,-3.042,69.16,1.26558
5783,481910.0,1,0.19541774690151215,0.22718510031700134,0.23772,0.05993122607469559,-1.55,-0.649,-3.054,69.188,1.2847
5784,481993.33,1,0.19441433250904083,0.22666150331497192,0.23774,0.05994228646159172,-1.577,-0.647,-3.067,68.914,1.30201
5785,482076.67,1,0.1881362646818161,0.22107252478599548,0.2398,0.05519183352589607,-1.576,-0.648,-3.064,69.01,1.27658
5786,482160.0,1,0.1865125298500061,0.22175751626491547,0.24055,0.04291443154215813,-1.552,-0.651,-3.083,68.537,1.27467
5787,482243.33,1,0.18682989478111267,0.22330182790756226,0.24014,0.03866075724363327,-1.523,-0.638,-3.075,68.95,1.25744
5788,482326.67,1,0.184167742729187,0.22140894830226898,0.24065,0.03769265487790108,-1.489,-0.615,-3.073,68.888,1.24284
5789,482410.0,1,0.18238359689712524,0.22063669562339783,0.24082,0.036090727895498276,-1.466,-0.62,-3.05,69.079,1.24346
5790,482493.33,1,0.17849478125572205,0.21979038417339325,0.24172,0.031185265630483627,-1.408,-0.607,-3.024,69.159,1.23166
5791,482576.67,1,0.17621617019176483,0.21950273215770721,0.2428,0.029548456892371178,-1.401,-0.59,-3.015,69.21,1.24876
5792,482660.0,1,0.1766732782125473,0.22015973925590515,0.24297,0.030039576813578606,-1.389,-0.573,-3.008,69.058,1.24228
5793,482743.33,1,0.1738186478614807,0.2173897624015808,0.24409,0.03039911761879921,-1.408,-0.559,-2.993,69.12,1.26132
5794,482826.67,1,0.17392994463443756,0.21844522655010223,0.24403,0.031991977244615555,-1.512,-0.571,-2.998,68.987,1.24666
5795,482910.0,1,0.17412836849689484,0.2185525745153427,0.2437,0.032633766531944275,-1.491,-0.561,-2.992,69.44,1.24685
5796,482993.33,1,0.17300519347190857,0.21822363138198853,0.2437,0.03473426401615143,-1.449,-0.546,-2.991,69.375,1.24961
5797,483075.0,1,0.17179477214813232,0.21719396114349365,0.24389,0.036622874438762665,-1.466,-0.544,-2.99,69.463,1.25139
5798,483158.33,1,0.17318008840084076,0.2164042890071869,0.24436,0.0398469977080822,-1.49,-0.554,-2.999,68.866,1.26193
5799,483241.67,1,0.17397968471050262,0.21338029205799103,0.24502,0.039175406098365784,-1.48,-0.56,-3.0,69.252,1.25565
5800,483325.0,1,0.17806877195835114,0.21868200600147247,0.24415,0.038902513682842255,-1.564,-0.638,-3.024,69.124,1.25198
5801,483408.33,1,0.17798271775245667,0.21658839285373688,0.24445,0.0379224568605423,-1.567,-0.636,-3.05,69.073,1.27154
5802,483491.67,1,0.17865651845932007,0.2159452885389328,0.24356,0.03801603242754936,-1.555,-0.608,-3.054,68.603,1.27824
5803,483575.0,1,0.17498736083507538,0.2136143445968628,0.24426,0.044194579124450684,-1.485,-0.606,-3.049,68.796,1.29266
5804,483658.33,1,0.17194314301013947,0.21300140023231506,0.24488,0.05062080919742584,-1.459,-0.638,-3.038,68.582,1.30216
5805,483741.67,1,0.1705293506383896,0.2115485817193985,0.24576,0.06028195098042488,-1.427,-0.658,-3.027,68.887,1.29268
5806,483825.0,1,0.16662395000457764,0.2094637155532837,0.24698,0.06191567704081535,-1.375,-0.687,-3.017,69.239,1.23314
5807,483908.33,1,0.16731245815753937,0.20771896839141846,0.2472,0.05774620920419693,-1.356,-0.696,-2.988,69.556,1.22263
5808,483991.67,1,0.16866880655288696,0.2092810720205307,0.24628,0.05333089083433151,-1.274,-0.694,-2.978,69.211,1.23251
5809,484075.0,1,0.1715146154165268,0.21405264735221863,0.2448,0.051159873604774475,-1.275,-0.707,-2.978,69.62,1.21154
5810,484158.33,1,0.1760886013507843,0.2213437259197235,0.24245,0.05040407553315163,-1.266,-0.72,-2.987,69.473,1.19164
5811,484241.67,1,0.18383176624774933,0.23203830420970917,0.23861,0.0490436814725399,-1.269,-0.715,-2.997,69.518,1.20357
5812,484325.0,1,0.19182676076889038,0.24167576432228088,0.2353,0.0477968268096447,-1.254,-0.724,-3.015,69.437,1.19327
5813,484408.33,1,0.1983504295349121,0.2505110800266266,0.23271,0.05029725655913353,-1.534,-0.773,-3.045,69.688,1.22758
5814,484491.67,1,0.20122946798801422,0.25723519921302795,0.23157,0.05186450108885765,-1.626,-0.794,-3.051,69.358,1.25877
5815,484575.0,1,0.20370785892009735,0.26146456599235535,0.23045,0.0488564632833004,-1.636,-0.794,-3.031,69.485,1.26612
5816,484658.33,1,0.20553432404994965,0.26488369703292847,0.22898,0.04745206609368324,-1.619,-0.803,-3.004,69.445,1.25596
5817,484741.67,1,0.20213904976844788,0.2618883550167084,0.22886,0.04476139694452286,-1.462,-0.723,-2.982,69.483,1.27199
5818,484825.0,1,0.1968434453010559,0.25822773575782776,0.22846,0.0432671383023262,-1.188,-0.608,-2.957,69.235,1.28584
5819,484908.33,1,0.19322174787521362,0.25629520416259766,0.22833,0.05034075677394867,-1.135,-0.587,-2.996,69.4,1.26162
5820,484991.67,1,0.1917489618062973,0.2492728978395462,0.22875,0.04888768121600151,-1.115,-0.599,-3.007,69.22,1.27602
5821,485075.0,1,0.18583372235298157,0.23844781517982483,0.23108,0.062475237995386124,-1.169,-0.632,-3.044,69.634,1.26492
5822,485158.33,1,0.181906059384346,0.23236216604709625,0.23378,0.07032746821641922,-1.219,-0.665,-3.05,69.268,1.26605
5823,485241.67,1,0.17788976430892944,0.2242494821548462,0.23629,0.07060392200946808,-1.307,-0.7,-3.055,69.61,1.23938
5824,485323.33,1,0.17322251200675964,0.2189311683177948,0.23819,0.07006663829088211,-1.289,-0.705,-3.062,69.441,1.22303
5825,485406.67,1,0.17247040569782257,0.21754266321659088,0.23848,0.06599649786949158,-1.286,-0.728,-3.061,69.714,1.23171
5826,485490.0,1,0.17122846841812134,0.2140299528837204,0.23937,0.06569363921880722,-1.298,-0.723,-3.05,69.32,1.25453
5827,485573.33,1,0.17042799293994904,0.21302662789821625,0.23999,0.06579603254795074,-1.344,-0.724,-3.058,69.343,1.25817
5828,485656.67,1,0.17082661390304565,0.21481098234653473,0.24018,0.06410195678472519,-1.352,-0.727,-3.063,69.349,1.25341
5829,485740.0,1,0.16868577897548676,0.21275119483470917,0.24141,0.06487308442592621,-1.391,-0.707,-3.059,69.376,1.24337
5830,485823.33,1,0.16256095468997955,0.20771415531635284,0.24362,0.07095702737569809,-1.414,-0.681,-3.056,68.827,1.25034
5831,485906.67,1,0.16745439171791077,0.20698770880699158,0.24299,0.06991759687662125,-1.466,-0.671,-3.092,68.78,1.25634
5832,485990.0,1,0.16669705510139465,0.2071952223777771,0.24509,0.0697576180100441,-1.453,-0.653,-3.085,68.429,1.26314
5833,486073.33,1,0.16504685580730438,0.20720794796943665,0.24619,0.06844424456357956,-1.378,-0.637,-3.076,68.892,1.23084
5834,486156.67,1,0.16681011021137238,0.20892971754074097,0.24717,0.06540102511644363,-1.317,-0.625,-3.037,68.659,1.24042
5835,486240.0,1,0.16707125306129456,0.2094443142414093,0.24736,0.05719749629497528,-1.306,-0.609,-3.031,68.89,1.23536
5836,486323.33,1,0.16630080342292786,0.2073998749256134,0.24819,0.05466749146580696,-1.303,-0.586,-3.013,68.977,1.22492
5837,486406.67,1,0.16696225106716156,0.2049509733915329,0.24874,0.04447861760854721,-1.313,-0.591,-3.004,69.351,1.22526
5838,486490.0,1,0.16726207733154297,0.20296485722064972,0.24834,0.04298783093690872,-1.309,-0.593,-2.98,68.975,1.24129
5839,486573.33,1,0.16641440987586975,0.2000221610069275,0.24877,0.042062364518642426,-1.312,-0.594,-2.98,68.847,1.24289
5840,486656.67,1,0.16568906605243683,0.197309210896492,0.24942,0.043730996549129486,-1.332,-0.614,-2.974,68.545,1.25374
5841,486740.0,1,0.16794878244400024,0.19406235218048096,0.24922,0.042830295860767365,-1.289,-0.611,-2.96,68.974,1.24312
5842,486823.33,1,0.16859933733940125,0.1912069469690323,0.2496,0.04150829091668129,-1.296,-0.587,-2.954,68.695,1.25045
5843,486906.67,1,0.16849471628665924,0.18953101336956024,0.24987,0.0384272001683712,-1.32,-0.568,-2.945,69.073,1.23924
5844,486990.0,1,0.16874459385871887,0.18810491263866425,0.25035,0.036568522453308105,-1.377,-0.54,-2.944,68.803,1.24956
5845,487073.33,1,0.16959163546562195,0.18780596554279327,0.25025,0.03541107103228569,-1.429,-0.56,-2.944,69.278,1.23275
5846,487156.67,1,0.17149938642978668,0.19022579491138458,0.25007,0.03446057066321373,-1.659,-0.643,-2.953,69.156,1.22295
5847,487240.0,1,0.1731380671262741,0.19015026092529297,0.24968,0.03422021120786667,-1.657,-0.652,-2.958,68.964,1.23054
5848,487323.33,1,0.17315074801445007,0.18967503309249878,0.2496,0.036429572850465775,-1.558,-0.596,-2.949,68.55,1.24528
5849,487406.67,1,0.17160959541797638,0.18794238567352295,0.25007,0.039792511612176895,-1.529,-0.626,-2.947,68.773,1.23398
5850,487490.0,1,0.17035533487796783,0.18541444838047028,0.25043,0.04156358912587166,-1.528,-0.625,-2.946,68.62,1.2526
5851,487571.67,1,0.16706635057926178,0.18494409322738647,0.25086,0.0420534610748291,-1.532,-0.628,-2.948,68.913,1.25196
5852,487655.0,1,0.16497866809368134,0.18500512838363647,0.25121,0.042074088007211685,-1.532,-0.642,-2.953,68.932,1.24084
5853,487738.33,1,0.16302336752414703,0.18518444895744324,0.25134,0.04198741167783737,-1.506,-0.642,-2.97,69.075,1.24464
5854,487821.67,1,0.16144819557666779,0.1865910142660141,0.25153,0.04255500063300133,-1.488,-0.64,-2.986,68.979,1.233
5855,487905.0,1,0.16154122352600098,0.18793974816799164,0.25151,0.04097185283899307,-1.487,-0.638,-2.988,69.252,1.23212
5856,487988.33,1,0.15818960964679718,0.18779489398002625,0.25234,0.039615534245967865,-1.513,-0.659,-2.984,68.84,1.24554
5857,488071.67,1,0.15793053805828094,0.1863003522157669,0.25277,0.0383598655462265,-1.446,-0.659,-2.971,68.877,1.23964
5858,488155.0,1,0.157338947057724,0.18487602472305298,0.25327,0.039432622492313385,-1.485,-0.69,-2.969,68.918,1.23044
5859,488238.33,1,0.15698587894439697,0.183772474527359,0.25384,0.037436019629240036,-1.441,-0.673,-2.954,68.928,1.23362
5860,488321.67,1,0.15511205792427063,0.1828233301639557,0.25428,0.04059431701898575,-1.445,-0.669,-2.957,68.721,1.21634
5861,488405.0,1,0.15484806895256042,0.18167245388031006,0.25445,0.04055890813469887,-1.464,-0.665,-2.95,69.123,1.20991
5862,488488.33,1,0.153633713722229,0.17975667119026184,0.25463,0.04147406294941902,-1.475,-0.647,-2.948,69.042,1.20893
5863,488571.67,1,0.15241481363773346,0.1771731972694397,0.25548,0.04218480363488197,-1.426,-0.612,-2.938,68.855,1.22268
5864,488655.0,1,0.15017607808113098,0.17287762463092804,0.2566,0.043188728392124176,-1.378,-0.606,-2.932,68.408,1.23257
5865,488738.33,1,0.1514265239238739,0.17112679779529572,0.25664,0.040469225496053696,-1.373,-0.588,-2.93,69.001,1.22483
5866,488821.67,1,0.15255583822727203,0.16838116943836212,0.25617,0.03774021938443184,-1.348,-0.575,-2.944,69.073,1.22115
5867,488905.0,1,0.14923137426376343,0.1627211719751358,0.25742,0.04345910623669624,-1.311,-0.568,-2.942,69.307,1.22293
5868,488988.33,1,0.14602214097976685,0.1607050746679306,0.25728,0.04928651452064514,-1.256,-0.599,-2.955,68.925,1.23947
5869,489071.67,1,0.14650996029376984,0.16632403433322906,0.25601,0.05169008672237396,-1.25,-0.602,-2.989,68.988,1.24254
5870,489155.0,1,0.14633898437023163,0.166276752948761,0.2564,0.05089522898197174,-1.224,-0.622,-3.005,68.873,1.22098
5871,489238.33,1,0.14722277224063873,0.1670447736978531,0.25651,0.045020993798971176,-1.109,-0.612,-3.013,69.385,1.21509
5872,489321.67,1,0.14649496972560883,0.165261372923851,0.25706,0.04510459676384926,-1.082,-0.61,-3.004,69.37,1.21311
5873,489405.0,1,0.1466970592737198,0.1633930206298828,0.25716,0.046537674963474274,-1.095,-0.617,-2.982,69.427,1.20937
5874,489488.33,1,0.14614561200141907,0.16271840035915375,0.25726,0.049999311566352844,-1.075,-0.605,-2.972,69.055,1.22876
5875,489571.67,1,0.1449529528617859,0.1589803546667099,0.25801,0.05316762253642082,-1.087,-0.599,-2.967,69.501,1.21895
5876,489655.0,1,0.14400702714920044,0.15771837532520294,0.25856,0.0550076961517334,-1.071,-0.604,-2.963,69.51,1.2162
5877,489738.33,1,0.14418543875217438,0.1569547802209854,0.25913,0.05937931686639786,-1.145,-0.617,-2.965,69.523,1.21484
5878,489820.0,1,0.14080500602722168,0.15617504715919495,0.25955,0.04456380754709244,-1.113,-0.617,-2.96,68.82,1.22103
5879,489903.33,1,0.13791972398757935,0.15123054385185242,0.26071,0.04339304193854332,-1.084,-0.613,-2.961,68.939,1.21616
5880,489986.67,1,0.13288651406764984,0.14461158215999603,0.26261,0.03699498623609543,-0.969,-0.604,-2.959,69.101,1.21041
5881,490070.0,1,0.13672927021980286,0.1473907083272934,0.26211,0.03329630568623543,-1.012,-0.593,-2.94,68.978,1.22433
5882,490153.33,1,0.14119501411914825,0.15416912734508514,0.2604,0.030130868777632713,-1.104,-0.565,-2.92,68.598,1.24297
5883,490236.67,1,0.14483503997325897,0.15706846117973328,0.25917,0.03046903759241104,-1.114,-0.54,-2.92,68.676,1.23876
5884,490320.0,1,0.1450388878583908,0.15375275909900665,0.25908,0.030603263527154922,-1.047,-0.505,-2.931,68.725,1.22748
5885,490403.33,1,0.14338037371635437,0.15012450516223907,0.25916,0.02914440631866455,-1.008,-0.505,-2.931,69.126,1.21818
5886,490486.67,1,0.14231730997562408,0.14808206260204315,0.25945,0.028697242960333824,-0.993,-0.499,-2.935,69.068,1.21539
5887,490570.0,1,0.14270734786987305,0.1492840200662613,0.25886,0.028008131310343742,-1.029,-0.508,-2.938,69.096,1.2018
5888,490653.33,1,0.14498357474803925,0.1527159959077835,0.25796,0.02665928564965725,-1.029,-0.501,-2.931,68.875,1.20201
5889,490736.67,1,0.14372111856937408,0.1524798423051834,0.25877,0.026130370795726776,-1.01,-0.527,-2.916,69.033,1.19372
5890,490820.0,1,0.14393828809261322,0.15347565710544586,0.25937,0.026763107627630234,-1.036,-0.563,-2.917,68.853,1.19869
5891,490903.33,1,0.14477494359016418,0.15367986261844635,0.25928,0.026614150032401085,-0.988,-0.577,-2.911,68.694,1.21
5892,490986.67,1,0.14451871812343597,0.15396282076835632,0.25906,0.02648346684873104,-0.978,-0.608,-2.904,68.608,1.20961
5893,491070.0,1,0.14665581285953522,0.15466874837875366,0.25889,0.024895012378692627,-0.973,-0.611,-2.905,68.655,1.22611
5894,491153.33,1,0.14921653270721436,0.1547037661075592,0.25874,0.023270992562174797,-0.94,-0.605,-2.891,68.599,1.21925
5895,491236.67,1,0.14976724982261658,0.15488795936107635,0.25883,0.0235766489058733,-0.946,-0.613,-2.887,68.778,1.22263
5896,491320.0,1,0.14904318749904633,0.15310639142990112,0.25918,0.02487831376492977,-0.971,-0.644,-2.888,68.446,1.24208
5897,491403.33,1,0.1500474512577057,0.15415966510772705,0.25893,0.025583267211914062,-1.186,-0.693,-2.891,68.701,1.23723
5898,491486.67,1,0.1502324640750885,0.15467475354671478,0.25899,0.026482881978154182,-1.198,-0.701,-2.892,68.373,1.24966
5899,491570.0,1,0.14964671432971954,0.15577994287014008,0.2592,0.02764861099421978,-1.213,-0.691,-2.887,68.374,1.24368
5900,491653.33,1,0.14778763055801392,0.15355727076530457,0.26029,0.028713500127196312,-1.223,-0.68,-2.885,68.422,1.23196
5901,491736.67,1,0.14940550923347473,0.15570203959941864,0.26018,0.02844366431236267,-1.295,-0.704,-2.889,68.826,1.22013
5902,491820.0,1,0.14992058277130127,0.15722836554050446,0.25985,0.028693407773971558,-1.293,-0.703,-2.888,68.773,1.21686
5903,491903.33,1,0.14938390254974365,0.15556733310222626,0.25955,0.02875688299536705,-1.213,-0.67,-2.894,68.942,1.20093
5904,491986.67,1,0.1478733867406845,0.15391938388347626,0.25946,0.02931247651576996,-1.07,-0.614,-2.898,68.815,1.20067
5905,492070.0,1,0.14759956300258636,0.15598991513252258,0.25896,0.030445082113146782,-1.04,-0.607,-2.905,68.66,1.21043
5906,492153.33,1,0.1491851657629013,0.15886636078357697,0.25797,0.03227594494819641,-1.039,-0.614,-2.905,68.589,1.21094
5907,492236.67,1,0.14923322200775146,0.15889820456504822,0.25797,0.032538872212171555,-1.039,-0.615,-2.909,68.576,1.221
5908,492318.33,1,0.1507255733013153,0.1584150642156601,0.25825,0.033839453011751175,-1.089,-0.648,-2.919,68.581,1.21611
5909,492401.67,1,0.1494610756635666,0.15868186950683594,0.25856,0.0341205857694149,-1.089,-0.635,-2.932,68.811,1.21371
5910,492485.0,1,0.14583253860473633,0.156722754240036,0.25885,0.03800461068749428,-1.134,-0.61,-2.933,68.95,1.20908
5911,492568.33,1,0.14371159672737122,0.15678244829177856,0.25962,0.037984251976013184,-1.12,-0.615,-2.948,69.134,1.21604
5912,492651.67,1,0.14235235750675201,0.15732771158218384,0.26007,0.03840261697769165,-1.103,-0.618,-2.958,68.701,1.23654
5913,492735.0,1,0.14162534475326538,0.16058112680912018,0.25998,0.03587282449007034,-1.08,-0.622,-2.943,68.739,1.25224
5914,492818.33,1,0.14091666042804718,0.16143518686294556,0.2599,0.037550125271081924,-1.07,-0.623,-2.903,68.399,1.25926
5915,492901.67,1,0.13853228092193604,0.16050571203231812,0.26061,0.03660045564174652,-1.069,-0.629,-2.898,68.538,1.26171
5916,492985.0,1,0.137062668800354,0.15969742834568024,0.26102,0.03642472252249718,-1.045,-0.635,-2.897,68.174,1.25674
5917,493068.33,1,0.13940370082855225,0.15907351672649384,0.26067,0.03436528518795967,-1.064,-0.643,-2.876,68.72,1.23945
5918,493151.67,1,0.14326827228069305,0.1606074720621109,0.25962,0.03462328389286995,-1.178,-0.725,-2.877,68.903,1.2189
5919,493235.0,1,0.14086505770683289,0.153817281126976,0.26042,0.033042289316654205,-1.179,-0.74,-2.872,69.405,1.20407
5920,493318.33,1,0.13983498513698578,0.15071547031402588,0.26078,0.03329950198531151,-1.145,-0.746,-2.871,69.396,1.19866
5921,493401.67,1,0.13953164219856262,0.1483430713415146,0.26154,0.03341507911682129,-1.134,-0.741,-2.886,69.35,1.21737
5922,493485.0,1,0.1387355923652649,0.14888183772563934,0.26233,0.02956707589328289,-1.071,-0.701,-2.903,68.965,1.23529
5923,493568.33,1,0.14253683388233185,0.15465237200260162,0.26121,0.024824997410178185,-1.075,-0.695,-2.904,69.187,1.2205
5924,493651.67,1,0.1431804597377777,0.15905709564685822,0.26067,0.02497486025094986,-1.134,-0.71,-2.914,68.697,1.21986
5925,493735.0,1,0.144965261220932,0.16281364858150482,0.25981,0.02465060167014599,-1.125,-0.715,-2.911,69.072,1.21203
5926,493818.33,1,0.14790187776088715,0.16600406169891357,0.2582,0.026875825598835945,-1.125,-0.719,-2.885,68.691,1.21563
5927,493901.67,1,0.1483658105134964,0.1720847338438034,0.25688,0.02760324813425541,-1.117,-0.716,-2.89,68.955,1.22599
5928,493985.0,1,0.15081578493118286,0.17654874920845032,0.25535,0.02763313613831997,-1.087,-0.693,-2.889,68.97,1.21503
5929,494068.33,1,0.15469513833522797,0.1833042949438095,0.25308,0.025337696075439453,-1.149,-0.676,-2.897,69.022,1.22373
5930,494151.67,1,0.15675777196884155,0.18723216652870178,0.25211,0.02535649575293064,-1.181,-0.671,-2.909,68.978,1.21232
5931,494235.0,1,0.15869030356407166,0.1927102655172348,0.25104,0.026679370552301407,-1.257,-0.671,-2.924,68.912,1.21019
5932,494318.33,1,0.15656064450740814,0.19202689826488495,0.25128,0.02619665488600731,-1.17,-0.645,-2.881,68.9,1.20271
5933,494401.67,1,0.1591140180826187,0.1954623907804489,0.25041,0.028730235993862152,-1.137,-0.626,-2.904,68.906,1.22205
5934,494485.0,1,0.15995436906814575,0.19559787213802338,0.25103,0.03978443890810013,-1.156,-0.64,-2.939,68.591,1.23694
5935,494568.33,1,0.16026878356933594,0.19481642544269562,0.25136,0.0409894660115242,-1.067,-0.605,-2.932,68.836,1.22102
5936,494650.0,1,0.15875953435897827,0.1913420706987381,0.25287,0.0390135794878006,-1.109,-0.641,-2.922,68.338,1.22026
5937,494733.33,1,0.1563674807548523,0.1895403414964676,0.25331,0.03546591103076935,-1.082,-0.636,-2.915,68.755,1.19729
5938,494816.67,1,0.15505453944206238,0.18280839920043945,0.25404,0.034680914133787155,-1.093,-0.626,-2.909,68.8,1.19098
5939,494900.0,1,0.1549835205078125,0.18324783444404602,0.25398,0.0352841354906559,-1.067,-0.624,-2.91,68.478,1.20045
5940,494983.33,1,0.15519757568836212,0.17885470390319824,0.25447,0.03289177641272545,-1.125,-0.609,-2.905,68.255,1.22754
5941,495066.67,1,0.15472961962223053,0.17831367254257202,0.25436,0.031811390072107315,-1.177,-0.623,-2.913,68.61,1.2287
5942,495150.0,1,0.15400275588035583,0.17691269516944885,0.25466,0.028020944446325302,-1.197,-0.614,-2.913,68.678,1.21762
5943,495233.33,1,0.15124115347862244,0.17371706664562225,0.2555,0.02764900028705597,-1.2,-0.618,-2.907,69.159,1.20669
5944,495316.67,1,0.14954516291618347,0.1697658747434616,0.25638,0.03014266863465309,-1.211,-0.621,-2.929,69.029,1.19944
5945,495400.0,1,0.14879605174064636,0.17128045856952667,0.2565,0.03300941362977028,-1.197,-0.62,-2.944,69.084,1.19337
5946,495483.33,1,0.14781008660793304,0.17149750888347626,0.25655,0.03504697605967522,-1.176,-0.614,-2.952,68.667,1.21138
5947,495566.67,1,0.14745400846004486,0.16967403888702393,0.25708,0.03692078962922096,-1.158,-0.615,-2.952,68.812,1.22319
5948,495650.0,1,0.14715005457401276,0.16759538650512695,0.25761,0.03646286949515343,-1.183,-0.643,-2.958,68.825,1.21194
5949,495733.33,1,0.14669518172740936,0.16489200294017792,0.25813,0.03480672836303711,-1.156,-0.624,-2.946,68.727,1.21304
5950,495816.67,1,0.14465217292308807,0.1634111851453781,0.25855,0.03611796349287033,-1.099,-0.602,-2.934,68.671,1.20634
5951,495900.0,1,0.1436067670583725,0.16225720942020416,0.2587,0.03638825938105583,-1.057,-0.621,-2.931,68.935,1.20708
5952,495983.33,1,0.14382928609848022,0.16352298855781555,0.25918,0.03870396688580513,-1.056,-0.644,-2.955,68.603,1.22382
5953,496066.67,1,0.14460156857967377,0.16167046129703522,0.25936,0.04090019688010216,-1.072,-0.658,-2.956,68.447,1.22723
5954,496150.0,1,0.14572635293006897,0.16011011600494385,0.25938,0.0421208031475544,-1.096,-0.664,-2.966,68.092,1.23824
5955,496233.33,1,0.14553286135196686,0.1572699248790741,0.26016,0.04174404963850975,-1.191,-0.662,-2.967,68.459,1.22872
5956,496316.67,1,0.14621268212795258,0.15835897624492645,0.26025,0.0417829304933548,-1.271,-0.713,-2.964,68.191,1.23651
5957,496400.0,1,0.14753632247447968,0.1600055992603302,0.26045,0.03921901807188988,-1.325,-0.74,-2.966,68.76,1.21729
5958,496483.33,1,0.14707840979099274,0.15839731693267822,0.2608,0.03352721780538559,-1.268,-0.742,-2.969,68.811,1.20635
5959,496566.67,1,0.14679540693759918,0.1562696397304535,0.26105,0.033145248889923096,-1.283,-0.736,-2.968,68.86,1.21926
5960,496650.0,1,0.14573676884174347,0.1540151685476303,0.2614,0.03501388803124428,-1.299,-0.732,-2.967,68.808,1.20843
5961,496733.33,1,0.14550504088401794,0.15259063243865967,0.26154,0.03459518402814865,-1.297,-0.735,-2.961,68.856,1.22211
5962,496816.67,1,0.14224961400032043,0.14886057376861572,0.26204,0.03326816111803055,-1.262,-0.705,-2.959,68.851,1.21103
5963,496900.0,1,0.14171120524406433,0.14613112807273865,0.26182,0.03385944291949272,-1.252,-0.705,-2.974,68.95,1.20134
5964,496981.67,1,0.14009928703308105,0.1416487693786621,0.26193,0.0390082485973835,-1.226,-0.699,-2.959,68.631,1.21897
5965,497065.0,1,0.13747845590114594,0.1355791538953781,0.26401,0.03821173310279846,-1.233,-0.667,-2.935,68.942,1.21286
5966,497148.33,1,0.13456562161445618,0.12822437286376953,0.26617,0.03525495529174805,-1.224,-0.648,-2.922,68.615,1.22534
5967,497231.67,1,0.13431616127490997,0.1267009973526001,0.26719,0.029349202290177345,-1.239,-0.642,-2.903,68.807,1.22758
5968,497315.0,1,0.13543088734149933,0.12788310647010803,0.26659,0.029078975319862366,-1.27,-0.656,-2.896,68.77,1.20601
5969,497398.33,1,0.13045425713062286,0.127195805311203,0.26722,0.03579786419868469,-1.287,-0.662,-2.898,68.7,1.22144
5970,497481.67,1,0.12766416370868683,0.1253499835729599,0.26825,0.034087423235177994,-1.268,-0.628,-2.895,69.085,1.21159
5971,497565.0,1,0.1253284364938736,0.12453240901231766,0.26883,0.0272693932056427,-1.21,-0.608,-2.885,69.304,1.20585
5972,497648.33,1,0.12453790754079819,0.12539342045783997,0.26865,0.026759671047329903,-1.128,-0.607,-2.875,68.743,1.20967
5973,497731.67,1,0.12385515868663788,0.12498971074819565,0.26852,0.027111008763313293,-1.069,-0.596,-2.875,69.239,1.20048
5974,497815.0,1,0.12401535362005234,0.1247372031211853,0.26809,0.030404936522245407,-1.043,-0.579,-2.88,69.22,1.19638
5975,497898.33,1,0.12385492026805878,0.1250310093164444,0.26793,0.032961539924144745,-1.035,-0.571,-2.879,68.966,1.20526
5976,497981.67,1,0.12342733144760132,0.12572598457336426,0.26825,0.03558516874909401,-1.009,-0.6,-2.877,68.383,1.21329
5977,498065.0,1,0.12533439695835114,0.13049499690532684,0.26723,0.03660539165139198,-1.002,-0.621,-2.891,68.932,1.20409
5978,498148.33,1,0.12687087059020996,0.1286420077085495,0.26719,0.035353343933820724,-1.057,-0.656,-2.895,68.95,1.20037
5979,498231.67,1,0.12697693705558777,0.12452738732099533,0.26785,0.03927656263113022,-1.046,-0.661,-2.897,68.747,1.20656
5980,498315.0,1,0.12650276720523834,0.12482794374227524,0.26857,0.04182392358779907,-1.014,-0.662,-2.918,68.281,1.21239
5981,498398.33,1,0.1269756704568863,0.12402769178152084,0.2695,0.03956036642193794,-1.084,-0.648,-2.922,68.469,1.21599
5982,498481.67,1,0.1274561882019043,0.12635847926139832,0.2694,0.03777721896767616,-1.103,-0.636,-2.906,68.452,1.20042
5983,498565.0,1,0.12782876193523407,0.128684401512146,0.26918,0.038712818175554276,-1.111,-0.626,-2.878,68.416,1.20922
5984,498648.33,1,0.127883642911911,0.12948226928710938,0.26932,0.039022091776132584,-1.126,-0.62,-2.87,68.124,1.22362
5985,498731.67,1,0.12809307873249054,0.12923412024974823,0.26941,0.03545355051755905,-1.131,-0.617,-2.863,68.585,1.21901
5986,498815.0,1,0.12833936512470245,0.12889832258224487,0.26936,0.03573405742645264,-1.217,-0.603,-2.861,68.324,1.22974
5987,498898.33,1,0.12789814174175262,0.12861759960651398,0.26956,0.03426157683134079,-1.188,-0.601,-2.863,68.506,1.24047
5988,498981.67,1,0.12685638666152954,0.12729577720165253,0.26968,0.0363650843501091,-1.142,-0.608,-2.873,68.268,1.24838
5989,499065.0,1,0.1266920566558838,0.12729531526565552,0.26996,0.03207456320524216,-1.066,-0.596,-2.872,68.673,1.21653
5990,499146.67,1,0.12763598561286926,0.12751652300357819,0.26986,0.03305668383836746,-1.1,-0.627,-2.873,68.78,1.20362
5991,499230.0,1,0.12797369062900543,0.12663647532463074,0.26997,0.03222399950027466,-1.088,-0.612,-2.866,68.613,1.21252
5992,499313.33,1,0.12817704677581787,0.12600690126419067,0.26996,0.03273690864443779,-1.017,-0.577,-2.855,68.285,1.22931
5993,499396.67,1,0.1283160001039505,0.12663987278938293,0.2698,0.033574093133211136,-1.027,-0.569,-2.85,68.555,1.20289
5994,499480.0,1,0.1280088871717453,0.12477900087833405,0.26981,0.03414291888475418,-0.981,-0.518,-2.831,68.613,1.19493
5995,499563.33,1,0.12728255987167358,0.12381260097026825,0.26972,0.033512093126773834,-0.901,-0.465,-2.828,68.932,1.18621
5996,499646.67,1,0.12761864066123962,0.12323179841041565,0.26915,0.03563791885972023,-0.854,-0.447,-2.839,68.655,1.17571
5997,499730.0,1,0.12749814987182617,0.12371881306171417,0.26916,0.03520836681127548,-0.84,-0.423,-2.847,68.618,1.19625
5998,499813.33,1,0.12643897533416748,0.1239045262336731,0.26931,0.03727327659726143,-0.873,-0.425,-2.884,68.475,1.18575
5999,499896.67,1,0.12634500861167908,0.12482165545225143,0.27001,0.03863321989774704,-0.95,-0.479,-2.906,68.337,1.21013
6000,499980.0,1,0.12618981301784515,0.12497241795063019,0.26984,0.03633522242307663,-1.015,-0.523,-2.895,68.26,1.23955
6001,500063.33,1,0.12827160954475403,0.12677785754203796,0.26996,0.03268638253211975,-1.064,-0.57,-2.896,68.416,1.24477
6002,500146.67,1,0.12792325019836426,0.12685221433639526,0.27025,0.030645065009593964,-1.062,-0.582,-2.897,68.093,1.24979
6003,500230.0,1,0.12737299501895905,0.12493563443422318,0.27058,0.028963634744286537,-1.068,-0.592,-2.889,68.426,1.24728
6004,500313.33,1,0.1256302148103714,0.12277182191610336,0.27116,0.02613353356719017,-1.067,-0.6,-2.893,68.471,1.22752
6005,500396.67,1,0.1251656413078308,0.12302478402853012,0.27116,0.022272584959864616,-1.056,-0.599,-2.898,68.516,1.23031
6006,500480.0,1,0.1269921511411667,0.12425825744867325,0.27097,0.01932329498231411,-1.055,-0.595,-2.895,68.059,1.23014
6007,500563.33,1,0.12754026055335999,0.1245545893907547,0.27091,0.01803046278655529,-1.024,-0.6,-2.899,68.389,1.23238
6008,500646.67,1,0.1277824342250824,0.12446387112140656,0.27066,0.017363838851451874,-0.988,-0.598,-2.892,68.511,1.21849
6009,500730.0,1,0.1274690479040146,0.12408989667892456,0.27037,0.017482008785009384,-0.969,-0.589,-2.887,68.873,1.2075
6010,500813.33,1,0.12745356559753418,0.12548954784870148,0.2699,0.019866447895765305,-0.979,-0.581,-2.894,68.491,1.21184
6011,500896.67,1,0.1268703192472458,0.12711378931999207,0.26994,0.02027219906449318,-1.015,-0.586,-2.902,68.96,1.19494
6012,500980.0,1,0.1249154731631279,0.12622924149036407,0.27028,0.020469382405281067,-1.018,-0.582,-2.903,68.851,1.18043
6013,501063.33,1,0.12166555970907211,0.12385760247707367,0.27035,0.020283950492739677,-0.909,-0.557,-2.901,69.145,1.18273
6014,501146.67,1,0.12122189253568649,0.12412131577730179,0.27037,0.019808871671557426,-0.889,-0.558,-2.888,68.783,1.19404
6015,501230.0,1,0.12229813635349274,0.1262802928686142,0.26954,0.019234133884310722,-0.826,-0.604,-2.875,68.916,1.22699
6016,501313.33,1,0.12249872833490372,0.1272246390581131,0.2704,0.019769877195358276,-0.84,-0.638,-2.851,68.701,1.25065
6017,501396.67,1,0.12064351886510849,0.12672705948352814,0.27028,0.02016264759004116,-0.758,-0.609,-2.841,69.139,1.24815
6018,501478.33,1,0.11943461745977402,0.1264740377664566,0.27016,0.019227556884288788,-0.718,-0.596,-2.82,68.917,1.25826
6019,501561.67,1,0.12092843651771545,0.12785401940345764,0.27016,0.018193762749433517,-0.675,-0.583,-2.823,69.241,1.23073
6020,501645.0,1,0.12036438286304474,0.12564697861671448,0.27096,0.020339278504252434,-0.627,-0.582,-2.807,69.24,1.22256
6021,501728.33,1,0.11975567042827606,0.12537434697151184,0.27125,0.020840566605329514,-0.653,-0.584,-2.814,69.525,1.21248
6022,501811.67,1,0.12179577350616455,0.12672729790210724,0.27095,0.019969984889030457,-0.83,-0.628,-2.823,69.269,1.20276
6023,501895.0,1,0.12148240953683853,0.12619242072105408,0.27094,0.018566923215985298,-0.886,-0.636,-2.836,69.582,1.20529
6024,501978.33,1,0.12172003835439682,0.12616796791553497,0.27094,0.0172027125954628,-0.869,-0.642,-2.842,69.426,1.21026
6025,502061.67,1,0.12204970419406891,0.12594079971313477,0.27101,0.01715363748371601,-0.907,-0.644,-2.836,69.379,1.23422
6026,502145.0,1,0.122012659907341,0.12332748621702194,0.27152,0.017314190044999123,-0.943,-0.637,-2.828,69.258,1.22823
6027,502228.33,1,0.12126076221466064,0.12091922760009766,0.27205,0.017929475754499435,-0.958,-0.64,-2.829,69.384,1.21762
6028,502311.67,1,0.11989755183458328,0.11831695586442947,0.27257,0.01863786205649376,-1.017,-0.629,-2.835,69.008,1.20543
6029,502395.0,1,0.12229698151350021,0.12390319257974625,0.27176,0.017832420766353607,-1.06,-0.636,-2.834,68.74,1.22857
6030,502478.33,1,0.12318703532218933,0.12273228913545609,0.27092,0.017354900017380714,-1.109,-0.552,-2.848,68.724,1.21201
6031,502561.67,1,0.12334662675857544,0.120443195104599,0.27142,0.014308822341263294,-1.043,-0.498,-2.855,69.094,1.2204
6032,502645.0,1,0.12170960754156113,0.11590897291898727,0.27192,0.014887092635035515,-1.095,-0.5,-2.86,68.736,1.24111
6033,502728.33,1,0.1233353316783905,0.11634577810764313,0.27215,0.014300419017672539,-1.125,-0.509,-2.866,68.716,1.2505
6034,502811.67,1,0.12254329770803452,0.11590144038200378,0.27277,0.014188257977366447,-1.135,-0.512,-2.859,68.215,1.25299
6035,502895.0,1,0.12104129046201706,0.11624547839164734,0.27323,0.014897123910486698,-1.122,-0.514,-2.85,68.683,1.23523
6036,502978.33,1,0.11978025734424591,0.1173875480890274,0.27319,0.016675982624292374,-1.159,-0.541,-2.86,68.513,1.21931
6037,503061.67,1,0.11921924352645874,0.11747804284095764,0.27328,0.01910255290567875,-1.042,-0.546,-2.877,68.596,1.22826
6038,503145.0,1,0.12004809826612473,0.1168656051158905,0.27286,0.023256151005625725,-1.096,-0.536,-2.867,68.469,1.21672
6039,503228.33,1,0.12055136263370514,0.11654860526323318,0.27251,0.02501906454563141,-1.117,-0.541,-2.86,68.782,1.22476
6040,503311.67,1,0.12244778871536255,0.11564668267965317,0.27277,0.028199365362524986,-1.132,-0.536,-2.834,68.438,1.24569
6041,503395.0,1,0.12372227013111115,0.11647936701774597,0.27292,0.02998190000653267,-1.159,-0.549,-2.831,68.436,1.26145
6042,503478.33,1,0.1247219517827034,0.11773637682199478,0.27292,0.03035098873078823,-1.174,-0.561,-2.835,68.093,1.27147
6043,503561.67,1,0.12471557408571243,0.1174224466085434,0.27321,0.03034883923828602,-1.175,-0.559,-2.836,68.359,1.27227
6044,503645.0,1,0.12465926259756088,0.11717625707387924,0.27338,0.03020692989230156,-1.164,-0.562,-2.835,68.391,1.25567
6045,503728.33,1,0.12479089945554733,0.11733552813529968,0.27334,0.02982432208955288,-1.152,-0.565,-2.828,68.775,1.23583
6046,503810.0,1,0.1245705783367157,0.11637353152036667,0.27338,0.030120849609375,-1.001,-0.576,-2.823,68.525,1.22016
6047,503893.33,1,0.12442943453788757,0.11606583744287491,0.27323,0.029641851782798767,-0.987,-0.586,-2.811,68.923,1.21804
6048,503976.67,1,0.1255081743001938,0.11562321335077286,0.2729,0.028209054842591286,-1.063,-0.614,-2.8,68.765,1.21881
6049,504060.0,1,0.1254982352256775,0.11626208573579788,0.27271,0.027059227228164673,-1.046,-0.622,-2.793,68.911,1.21327
6050,504143.33,1,0.12691590189933777,0.11867140233516693,0.27213,0.02628454379737377,-1.071,-0.657,-2.795,68.554,1.20531
6051,504226.67,1,0.12551359832286835,0.11688745766878128,0.27267,0.02415883168578148,-0.922,-0.619,-2.801,68.429,1.21949
6052,504310.0,1,0.12452705204486847,0.11422443389892578,0.2731,0.02325942926108837,-0.928,-0.58,-2.787,68.481,1.21996
6053,504393.33,1,0.12346430122852325,0.11145797371864319,0.27356,0.02243938110768795,-0.926,-0.559,-2.776,68.591,1.22029
6054,504476.67,1,0.1230752095580101,0.11034231632947922,0.27398,0.023624533787369728,-0.957,-0.556,-2.767,68.258,1.24263
6055,504560.0,1,0.12357249110937119,0.11116620153188705,0.27374,0.023579612374305725,-0.954,-0.57,-2.769,68.239,1.24429
6056,504643.33,1,0.1232042908668518,0.11335326731204987,0.27334,0.02569746971130371,-0.931,-0.587,-2.766,68.313,1.23562
6057,504726.67,1,0.12398064136505127,0.1154896691441536,0.27255,0.027164671570062637,-0.928,-0.589,-2.759,68.482,1.24794
6058,504810.0,1,0.12447480857372284,0.11656687408685684,0.27199,0.029948310926556587,-0.963,-0.595,-2.747,68.544,1.23877
6059,504893.33,1,0.12334384769201279,0.11588653177022934,0.27187,0.02906150557100773,-0.958,-0.591,-2.747,68.391,1.25744
6060,504976.67,1,0.11847859621047974,0.11095800250768661,0.27311,0.030175797641277313,-0.882,-0.553,-2.731,68.268,1.27771
6061,505060.0,1,0.11512499302625656,0.10813352465629578,0.27418,0.030288349837064743,-0.871,-0.553,-2.734,68.756,1.24591
6062,505143.33,1,0.1135382205247879,0.10721027851104736,0.27457,0.029680242761969566,-0.879,-0.562,-2.725,68.788,1.23334
6063,505226.67,1,0.11353768408298492,0.10843076556921005,0.27457,0.028652140870690346,-0.879,-0.568,-2.692,69.128,1.23407
6064,505310.0,1,0.11239244788885117,0.10992877930402756,0.27494,0.02827424556016922,-0.854,-0.569,-2.678,68.779,1.24782
6065,505393.33,1,0.11334699392318726,0.11444181948900223,0.27377,0.024900516495108604,-0.859,-0.568,-2.681,68.917,1.25515
6066,505476.67,1,0.11487346142530441,0.11622265726327896,0.27368,0.02547149732708931,-0.877,-0.572,-2.656,68.914,1.2435
6067,505560.0,1,0.1158687174320221,0.11583545804023743,0.27359,0.02362043224275112,-0.974,-0.621,-2.655,69.233,1.22831
6068,505643.33,1,0.1165357455611229,0.11235592514276505,0.27361,0.022980231791734695,-1.028,-0.688,-2.677,68.995,1.21587
6069,505726.67,1,0.11891799420118332,0.11247452348470688,0.27315,0.02387251891195774,-1.035,-0.703,-2.682,69.244,1.20524
6070,505810.0,1,0.11863982677459717,0.11068663746118546,0.2736,0.024434909224510193,-1.039,-0.696,-2.676,69.189,1.20808
6071,505893.33,1,0.11944448202848434,0.1106690838932991,0.27383,0.025992613285779953,-1.069,-0.711,-2.688,69.04,1.23403
6072,505976.67,1,0.12165245413780212,0.1118316650390625,0.27392,0.02690170705318451,-1.223,-0.796,-2.702,68.562,1.25149
6073,506060.0,1,0.12137662619352341,0.11268727481365204,0.27398,0.027963360771536827,-1.191,-0.785,-2.714,69.002,1.23937
6074,506141.67,1,0.1215127632021904,0.1140834391117096,0.2737,0.029709191992878914,-1.081,-0.686,-2.729,68.996,1.23276
6075,506225.0,1,0.1228625550866127,0.12289915978908539,0.27095,0.03046359494328499,-1.004,-0.664,-2.75,69.247,1.23506
6076,506308.33,1,0.12647730112075806,0.1405651569366455,0.26698,0.03187769651412964,-1.095,-0.644,-2.779,68.791,1.25092
6077,506391.67,1,0.1347002238035202,0.15657921135425568,0.26261,0.03487740457057953,-1.194,-0.628,-2.776,68.802,1.25826
6078,506475.0,1,0.1703069806098938,0.23181025683879852,0.24166,0.04011707752943039,-1.215,-0.617,-2.799,68.734,1.246
6079,506558.33,1,0.2672542333602905,0.43851715326309204,0.18313,0.0448584258556366,-1.102,-0.661,-2.827,69.01,1.24392
6080,506641.67,1,0.3124935030937195,0.4654538035392761,0.16949,0.04911135509610176,-1.205,-0.673,-2.866,68.615,1.25612
6081,506725.0,1,0.302153617143631,0.42678356170654297,0.1799,0.05247148871421814,-1.404,-0.711,-2.87,68.894,1.24819
6082,506808.33,1,0.2930537164211273,0.40250322222709656,0.18766,0.056230220943689346,-1.476,-0.737,-2.846,68.542,1.25784
6083,506891.67,1,0.29165998101234436,0.3895110487937927,0.1908,0.056774139404296875,-1.51,-0.727,-2.811,68.764,1.24042
6084,506975.0,1,0.2936706840991974,0.38656285405158997,0.19196,0.05684860795736313,-1.568,-0.751,-2.775,68.514,1.25271
6085,507058.33,1,0.3285732567310333,0.44627439975738525,0.17466,0.05245554447174072,-1.616,-0.78,-2.795,68.902,1.23314
6086,507141.67,1,0.3446601331233978,0.4650931656360626,0.16856,0.0518697090446949,-1.725,-0.811,-2.808,68.703,1.2167
6087,507225.0,1,0.34763890504837036,0.4767615795135498,0.16595,0.05237279459834099,-1.775,-0.815,-2.823,68.638,1.22107
6088,507308.33,1,0.35185033082962036,0.4875591993331909,0.1634,0.053160060197114944,-1.791,-0.81,-2.851,68.548,1.21206
6089,507391.67,1,0.3524419069290161,0.48851218819618225,0.16339,0.05601591616868973,-1.757,-0.831,-2.893,68.769,1.21311
6090,507475.0,1,0.3520021438598633,0.4961080551147461,0.16192,0.048340845853090286,-1.613,-0.743,-2.951,68.786,1.19969
6091,507558.33,1,0.35200321674346924,0.49875420331954956,0.16099,0.04923885315656662,-1.537,-0.655,-2.986,68.875,1.22696
6092,507641.67,1,0.3546094596385956,0.5013296008110046,0.16012,0.04857879877090454,-1.556,-0.632,-3.009,68.536,1.25145
6093,507725.0,1,0.35327810049057007,0.5031094551086426,0.15967,0.04882831126451492,-1.617,-0.6,-3.025,68.591,1.26165
6094,507808.33,1,0.35162925720214844,0.5002752542495728,0.15978,0.048715099692344666,-1.681,-0.574,-3.023,68.155,1.26263
6095,507891.67,1,0.34865766763687134,0.4886969029903412,0.16328,0.04771322384476662,-1.711,-0.561,-3.015,68.696,1.24373
6096,507975.0,1,0.3521348834037781,0.5100438594818115,0.15959,0.045741379261016846,-1.69,-0.572,-3.005,68.914,1.22798
6097,508058.33,1,0.5257686376571655,0.655051052570343,0.09311,0.0439072884619236,-1.711,-0.503,-3.016,69.034,1.22614
6098,508141.67,1,0.7837895154953003,0.7705432176589966,0.015,0.03900419548153877,-1.698,-0.391,-3.092,68.865,1.20463
6099,508225.0,1,0.8242287039756775,0.8038903474807739,0.0225,0.04006526991724968,-1.727,-0.369,-3.131,69.378,1.19584
6100,508308.33,1,0.8217940330505371,0.8154813647270203,0.02608,0.04069281369447708,-1.846,-0.363,-3.101,69.376,1.19361
6101,508391.67,1,0.8015103936195374,0.809260904788971,0.01987,0.04003070667386055,-1.873,-0.375,-3.09,69.224,1.20857
6102,508475.0,1,0.6148548126220703,0.7385403513908386,0.04652,0.04451177641749382,-1.843,-0.41,-3.066,68.678,1.21518
6103,508556.67,1,0.4554516673088074,0.6235525608062744,0.1038,0.04393213987350464,-1.865,-0.463,-3.069,69.281,1.20552
6104,508640.0,1,0.3949505686759949,0.563823401927948,0.12941,0.05009825900197029,-1.797,-0.541,-3.037,69.351,1.19927
6105,508723.33,1,0.4030935764312744,0.5620062351226807,0.13279,0.0464804470539093,-1.792,-0.57,-3.024,69.812,1.19369
6106,508806.67,1,0.5864146947860718,0.670598030090332,0.07456,0.03903236240148544,-1.712,-0.535,-3.043,69.737,1.19115
6107,508890.0,1,0.7712404727935791,0.7806717157363892,0.01874,0.03329703211784363,-1.475,-0.363,-3.114,69.854,1.19528
6108,508973.33,1,0.8095216155052185,0.8202406764030457,0.02503,0.029940331354737282,-1.334,-0.252,-3.151,69.374,1.21317
6109,509056.67,1,0.8172856569290161,0.8256973624229431,0.02756,0.02941880002617836,-1.445,-0.224,-3.159,69.534,1.20146
6110,509140.0,1,0.8179094791412354,0.8260274529457092,0.02719,0.027763107791543007,-1.457,-0.159,-3.187,69.17,1.21675
6111,509223.33,1,0.8180601596832275,0.8215898275375366,0.02592,0.02529401332139969,-1.442,-0.162,-3.206,69.322,1.23095
6112,509306.67,1,0.7202790975570679,0.787661612033844,0.0254,0.023778751492500305,-1.485,-0.222,-3.175,69.09,1.24163
6113,509390.0,1,0.5517095923423767,0.7103440761566162,0.06766,0.02333739772439003,-1.647,-0.35,-3.152,69.155,1.22901
6114,509473.33,1,0.48270630836486816,0.663077712059021,0.09578,0.024523859843611717,-1.56,-0.458,-3.148,69.211,1.2149
6115,509556.67,1,0.43696659803390503,0.6219666004180908,0.11752,0.01998688280582428,-1.525,-0.505,-3.157,69.639,1.20084
6116,509640.0,1,0.4187129735946655,0.5893096327781677,0.13238,0.01182157825678587,-1.459,-0.533,-3.138,69.569,1.19305
6117,509723.33,1,0.4004901051521301,0.5709754228591919,0.14407,0.005215066950768232,-1.217,-0.574,-3.113,69.474,1.20315
6118,509806.67,1,0.37682148814201355,0.5383963584899902,0.15759,0.0033197193406522274,-0.957,-0.631,-3.097,69.25,1.19017
6119,509890.0,1,0.37669119238853455,0.5241206884384155,0.162,0.00317738251760602,-0.639,-0.705,-3.086,69.065,1.21166
6120,509973.33,1,0.3651432991027832,0.5134724378585815,0.16629,0.003241138532757759,-0.517,-0.727,-3.08,68.81,1.23514
6121,510056.67,1,0.3709673285484314,0.511411190032959,0.16706,0.003110606223344803,-0.497,-0.714,-3.066,69.344,1.21486
6122,510140.0,1,0.37587282061576843,0.5120899677276611,0.166,0.003077923785895109,-0.386,-0.698,-3.088,69.277,1.20141
6123,510223.33,1,0.3780921697616577,0.5304909348487854,0.16031,0.003518832614645362,-0.243,-0.696,-3.103,69.549,1.20253
6124,510306.67,1,0.7023677229881287,0.69005286693573,0.05517,0.0038236116524785757,-0.172,-0.531,-3.165,69.209,1.21812
6125,510390.0,1,0.8076757788658142,0.7774527072906494,0.00946,0.003910969011485577,-0.214,-0.453,-3.182,69.467,1.21738
6126,510473.33,1,0.8355173468589783,0.8111464381217957,0.01941,0.003835938638076186,-0.243,-0.339,-3.18,69.252,1.21957
6127,510556.67,1,0.8386141061782837,0.8196499347686768,0.02391,0.003802091581746936,-0.412,-0.274,-3.19,69.216,1.23987
6128,510640.0,1,0.8413795828819275,0.8210586905479431,0.02501,0.00360089004971087,-0.482,-0.239,-3.201,69.156,1.23377
6129,510723.33,1,0.8416954874992371,0.8221549987792969,0.02471,0.003536364994943142,-0.639,-0.213,-3.231,68.954,1.24512
6130,510806.67,1,0.8409945368766785,0.8219394683837891,0.02456,0.003502810839563608,-0.693,-0.179,-3.22,68.612,1.26111
6131,510890.0,1,0.843263566493988,0.8255298137664795,0.02604,0.003459577914327383,-0.731,-0.149,-3.21,68.63,1.27137
6132,510971.67,1,0.8458055257797241,0.8278111219406128,0.02724,0.003235987853258848,-0.752,-0.146,-3.197,68.305,1.27721
6133,511055.0,1,0.8477139472961426,0.8332105278968811,0.02873,0.0030450893100351095,-0.827,-0.153,-3.16,68.661,1.26586
6134,511138.33,1,0.8448862433433533,0.8339803814888,0.02718,0.002918504411354661,-0.895,-0.163,-3.146,68.445,1.2724
6135,511221.67,1,0.8435825109481812,0.8324266076087952,0.02568,0.002791409846395254,-0.931,-0.158,-3.125,68.864,1.2457
6136,511305.0,1,0.8418045043945312,0.830741286277771,0.02475,0.002742913318797946,-1.013,-0.126,-3.118,68.678,1.22367
6137,511388.33,1,0.8415395021438599,0.8286644816398621,0.02445,0.0028190594166517258,-1.106,-0.142,-3.094,68.864,1.21769
6138,511471.67,1,0.8415387868881226,0.8269841074943542,0.02405,0.0027878573164343834,-1.223,-0.135,-3.066,68.562,1.23854
6139,511555.0,1,0.8393262624740601,0.8269652724266052,0.02342,0.0026933865156024694,-1.288,-0.145,-3.075,68.81,1.23357
6140,511638.33,1,0.8395006656646729,0.8286209106445312,0.02398,0.0026745586656033993,-1.336,-0.133,-3.093,68.332,1.24087
6141,511721.67,1,0.8384175896644592,0.8282181620597839,0.02423,0.0026433696039021015,-1.361,-0.135,-3.106,68.834,1.23048
6142,511805.0,1,0.8410101532936096,0.8279461860656738,0.02586,0.0028114872984588146,-1.377,-0.126,-3.122,68.846,1.22539
6143,511888.33,1,0.8402822017669678,0.8283581733703613,0.02585,0.0029367145616561174,-1.387,-0.137,-3.118,69.181,1.22142
6144,511971.67,1,0.840242862701416,0.8283772468566895,0.02601,0.003007441060617566,-1.379,-0.145,-3.106,69.051,1.22094
6145,512055.0,1,0.8342357277870178,0.8276400566101074,0.02377,0.0031542654614895582,-1.459,-0.125,-3.097,69.006,1.23762
6146,512138.33,1,0.7764946222305298,0.812828004360199,0.01971,0.0032187169417738914,-1.47,-0.148,-3.062,68.833,1.22334
6147,512221.67,1,0.6304625272750854,0.754059910774231,0.05469,0.0031840817537158728,-1.464,-0.212,-3.053,68.913,1.24322
6148,512305.0,1,0.5179736018180847,0.6820390224456787,0.09934,0.0031803303863853216,-1.444,-0.323,-3.09,68.897,1.23468
6149,512388.33,1,0.45706263184547424,0.6113172769546509,0.13016,0.0033235300797969103,-1.506,-0.43,-3.1,69.07,1.23079
6150,512471.67,1,0.42246338725090027,0.5810727477073669,0.14541,0.003298940137028694,-1.617,-0.563,-3.046,68.718,1.25838
6151,512555.0,1,0.42162343859672546,0.5690091848373413,0.14988,0.0033748752903193235,-1.666,-0.572,-3.025,68.88,1.26724
6152,512638.33,1,0.42317041754722595,0.562360405921936,0.1519,0.003317364724352956,-1.665,-0.587,-3.007,68.564,1.27467
6153,512721.67,1,0.4189789295196533,0.5483515858650208,0.15614,0.0033218783792108297,-1.615,-0.581,-2.985,68.973,1.25772
6154,512805.0,1,0.41388970613479614,0.5358709096908569,0.16087,0.0032072991598397493,-1.549,-0.636,-2.963,68.651,1.25352
6155,512888.33,1,0.40746620297431946,0.5204927921295166,0.16486,0.0033551512751728296,-1.49,-0.623,-2.926,68.909,1.24614
6156,512971.67,1,0.4034031331539154,0.5100913643836975,0.16732,0.003434643382206559,-1.514,-0.633,-2.895,69.099,1.23767
6157,513055.0,1,0.3959808945655823,0.4943755865097046,0.17184,0.0035990362521260977,-1.554,-0.64,-2.857,69.509,1.23523
6158,513138.33,1,0.38263434171676636,0.47603169083595276,0.17766,0.003948792815208435,-1.545,-0.643,-2.849,69.298,1.24975
6159,513220.0,1,0.3729475736618042,0.4629974663257599,0.18217,0.004489270970225334,-1.658,-0.667,-2.856,69.591,1.2453
6160,513303.33,1,0.3678528666496277,0.4488951563835144,0.18693,0.004158451687544584,-1.863,-0.715,-2.863,69.241,1.25618
6161,513386.67,1,0.36569830775260925,0.4407610297203064,0.19,0.004044625908136368,-2.097,-0.768,-2.869,69.453,1.24217
6162,513470.0,1,0.3601738214492798,0.43246355652809143,0.19132,0.00437303027138114,-2.11,-0.776,-2.859,69.17,1.25441
6163,513553.33,1,0.355596125125885,0.4301959276199341,0.19225,0.004426101688295603,-2.171,-0.769,-2.881,69.345,1.25999
6164,513636.67,1,0.3493584990501404,0.4239727854728699,0.19311,0.0042196111753582954,-2.104,-0.754,-2.901,69.304,1.24809
6165,513720.0,1,0.3480071723461151,0.42011457681655884,0.19363,0.003904706798493862,-2.089,-0.735,-2.911,69.362,1.24847
6166,513803.33,1,0.34935009479522705,0.4158695638179779,0.19444,0.003845804836601019,-2.103,-0.739,-2.912,69.153,1.23151
6167,513886.67,1,0.3561866581439972,0.4192710518836975,0.19438,0.0035279933363199234,-2.318,-0.81,-2.928,69.446,1.2179
6168,513970.0,1,0.3662911653518677,0.4201701879501343,0.19544,0.0037346556782722473,-2.502,-0.828,-2.905,69.23,1.20451
6169,514053.33,1,0.3719838559627533,0.4276255667209625,0.19328,0.003810375928878784,-2.3,-0.848,-2.885,69.249,1.23107
6170,514136.67,1,0.37603265047073364,0.4368574917316437,0.19104,0.003707020776346326,-2.257,-0.852,-2.887,69.227,1.22648
6171,514220.0,1,0.37998753786087036,0.4480145573616028,0.18875,0.0033294553868472576,-2.204,-0.871,-2.918,69.012,1.23749
6172,514303.33,1,0.38290244340896606,0.47413602471351624,0.18086,0.003670754376798868,-1.869,-0.869,-2.864,68.76,1.25388
6173,514386.67,1,0.3879179358482361,0.4881601929664612,0.175,0.0034382492303848267,-1.819,-0.862,-2.855,69.211,1.24992
6174,514470.0,1,0.3955889046192169,0.5065032243728638,0.16785,0.003345831297338009,-1.629,-0.766,-2.84,68.981,1.26123
6175,514553.33,1,0.3981529772281647,0.505852222442627,0.16717,0.0035062015522271395,-1.692,-0.76,-2.854,69.347,1.25381
6176,514636.67,1,0.40637484192848206,0.5140476226806641,0.16445,0.0035421920474618673,-1.806,-0.759,-2.869,69.061,1.26214
6177,514720.0,1,0.41167333722114563,0.5261222124099731,0.16135,0.0035787990782409906,-1.749,-0.771,-2.879,69.5,1.24564
6178,514803.33,1,0.4201643466949463,0.5293686389923096,0.15979,0.0036253798753023148,-1.757,-0.786,-2.911,69.487,1.23694
6179,514886.67,1,0.42730647325515747,0.5414656400680542,0.15349,0.0037302018608897924,-1.666,-0.75,-2.919,69.355,1.21814
6180,514970.0,1,0.44065219163894653,0.5534251928329468,0.14921,0.003592733759433031,-1.702,-0.729,-2.911,69.563,1.21415
6181,515053.33,1,0.4430927634239197,0.5621775388717651,0.14725,0.0036703150253742933,-1.617,-0.678,-2.912,69.891,1.21487
6182,515136.67,1,0.4491586983203888,0.5846439599990845,0.13987,0.00409478647634387,-1.475,-0.645,-2.929,69.574,1.21625
6183,515220.0,1,0.44307243824005127,0.5806446075439453,0.14208,0.0038439168129116297,-1.484,-0.612,-2.929,68.755,1.25604
6184,515303.33,1,0.4436664283275604,0.5716317892074585,0.14336,0.0034379882272332907,-1.476,-0.601,-2.878,68.572,1.20714
6185,515386.67,1,0.4369586706161499,0.561926007270813,0.14628,0.004045824520289898,-1.377,-0.607,-2.896,68.952,1.21557
6186,515468.33,1,0.44127506017684937,0.545851469039917,0.149,0.004853663966059685,-1.848,-0.572,-2.93,69.002,1.22232
6187,515551.67,1,0.45067745447158813,0.5464661717414856,0.14893,0.004733738023787737,-1.859,-0.566,-2.958,68.52,1.26278
6188,515635.0,1,0.4538789689540863,0.5495008230209351,0.14904,0.004514959175139666,-1.604,-0.493,-2.985,68.168,1.27739
6189,515718.33,1,0.4430762231349945,0.5472555160522461,0.154,0.004735560622066259,-1.591,-0.506,-3.015,68.358,1.24263
6190,515801.67,1,0.4468570649623871,0.5652785301208496,0.1489,0.00431415531784296,-1.432,-0.355,-3.047,67.931,1.27849
6191,515885.0,1,0.45070701837539673,0.575237512588501,0.14735,0.0044506690464913845,-1.468,-0.461,-3.076,68.061,1.27649
6192,515968.33,1,0.44722050428390503,0.5695818662643433,0.1493,0.005016009788960218,-1.353,-0.42,-3.075,68.449,1.23793
6193,516051.67,1,0.4488598704338074,0.5691397786140442,0.14752,0.004766490310430527,-1.359,-0.413,-3.08,68.085,1.2717
6194,516135.0,1,0.4472094476222992,0.5699567794799805,0.1476,0.0043142372742295265,-1.475,-0.426,-3.102,67.689,1.28577
6195,516218.33,1,0.44505631923675537,0.5682260394096375,0.14873,0.00403488427400589,-1.547,-0.453,-3.131,67.814,1.27536
6196,516301.67,1,0.45121297240257263,0.5587368011474609,0.15249,0.0032634129747748375,-1.882,-0.462,-3.133,67.851,1.2317
6197,516385.0,1,0.44831666350364685,0.5557103753089905,0.15409,0.0031589653808623552,-1.9,-0.485,-3.151,67.878,1.23394
6198,516468.33,1,0.44794711470603943,0.555772066116333,0.15472,0.002993200207129121,-1.869,-0.518,-3.15,67.854,1.21149
6199,516551.67,1,0.44660571217536926,0.5505698919296265,0.15646,0.0029711653478443623,-1.88,-0.558,-3.153,68.47,1.21783
6200,516635.0,1,0.4405601918697357,0.5406028032302856,0.15945,0.0033914765808731318,-2.092,-0.593,-3.166,68.513,1.22219
6201,516718.33,1,0.42836734652519226,0.5250572562217712,0.1626,0.003425006056204438,-1.954,-0.576,-3.156,68.736,1.22982
6202,516801.67,1,0.4250502586364746,0.516331672668457,0.16543,0.0033120193984359503,-1.91,-0.579,-3.192,68.205,1.25906
6203,516885.0,1,0.4178607165813446,0.5071266293525696,0.1663,0.004070236347615719,-1.959,-0.574,-3.171,68.68,1.24922
6204,516968.33,1,0.4086788296699524,0.5032607316970825,0.16593,0.005424473434686661,-1.737,-0.58,-3.164,68.372,1.27168
6205,517051.67,1,0.4040570855140686,0.49805453419685364,0.16693,0.0058077252469956875,-1.651,-0.534,-3.154,68.547,1.27844
6206,517135.0,1,0.3990846872329712,0.4932846426963806,0.16735,0.005713402759283781,-1.657,-0.584,-3.153,68.395,1.28507
6207,517218.33,1,0.4037921726703644,0.4869149625301361,0.16732,0.006502029951661825,-1.663,-0.594,-3.127,69.043,1.26502
6208,517301.67,1,0.40227946639060974,0.4792077839374542,0.16971,0.007487902883440256,-1.77,-0.644,-3.103,68.85,1.27181
6209,517385.0,1,0.39970889687538147,0.4614402949810028,0.17525,0.0068123796954751015,-1.832,-0.69,-3.12,69.228,1.24796
6210,517468.33,1,0.3791103661060333,0.43038511276245117,0.18438,0.006606569048017263,-1.89,-0.705,-3.125,69.817,1.22551
6211,517551.67,1,0.3720012903213501,0.4102053642272949,0.18949,0.006167609244585037,-2.0,-0.702,-3.124,69.849,1.24827
6212,517635.0,1,0.3662779927253723,0.3908858001232147,0.19392,0.005920288618654013,-2.241,-0.687,-3.109,69.482,1.26345
6213,517716.67,1,0.3688707947731018,0.38348495960235596,0.19524,0.0051801749505102634,-2.318,-0.647,-3.063,69.787,1.229
6214,517800.0,1,0.366892546415329,0.37984898686408997,0.19741,0.0043569449335336685,-2.357,-0.642,-3.051,69.574,1.20705
6215,517883.33,1,0.36856284737586975,0.38231173157691956,0.1978,0.004085059743374586,-2.391,-0.661,-3.054,69.923,1.20061
6216,517966.67,1,0.36696499586105347,0.3814089596271515,0.19824,0.0041754101403057575,-2.391,-0.643,-3.054,69.726,1.19539
6217,518050.0,1,0.3660581707954407,0.3829955458641052,0.19844,0.004269801080226898,-2.431,-0.681,-3.064,69.82,1.22076
6218,518133.33,1,0.35853147506713867,0.37910017371177673,0.19959,0.004976155702024698,-2.374,-0.716,-3.063,69.504,1.22456
6219,518216.67,1,0.34430524706840515,0.3738205134868622,0.20163,0.0052775428630411625,-2.259,-0.727,-3.071,69.265,1.25305
6220,518300.0,1,0.33595559000968933,0.37089163064956665,0.20232,0.006196765694767237,-2.135,-0.767,-3.067,68.775,1.26948
6221,518383.33,1,0.3329705595970154,0.36840948462486267,0.20309,0.006301083602011204,-2.137,-0.769,-3.072,69.25,1.2601
6222,518466.67,1,0.3298899829387665,0.36775311827659607,0.2038,0.006191842257976532,-2.137,-0.787,-3.085,69.123,1.25241
6223,518550.0,1,0.32843518257141113,0.36781418323516846,0.20404,0.006561575923115015,-2.187,-0.782,-3.094,69.097,1.26999
6224,518633.33,1,0.3285827934741974,0.3680970370769501,0.20415,0.006653291173279285,-2.39,-0.764,-3.094,68.595,1.28143
6225,518716.67,1,0.3301023244857788,0.3679458200931549,0.20349,0.007366808596998453,-2.38,-0.778,-3.061,69.014,1.26467
6226,518800.0,1,0.3344595730304718,0.3701423406600952,0.20043,0.008673221804201603,-2.276,-0.735,-3.023,69.057,1.26012
6227,518883.33,1,0.33838126063346863,0.3729363679885864,0.20017,0.007547298446297646,-2.274,-0.714,-3.004,69.162,1.27964
6228,518966.67,1,0.33777859807014465,0.37869659066200256,0.20101,0.00573528278619051,-2.153,-0.719,-2.984,69.133,1.27589
6229,519050.0,1,0.3418356478214264,0.3852662444114685,0.20023,0.004915769677609205,-2.129,-0.734,-2.959,69.243,1.27439
6230,519133.33,1,0.3460368812084198,0.3937097489833832,0.19859,0.004433226305991411,-2.192,-0.743,-2.965,68.684,1.2819
6231,519216.67,1,0.34736207127571106,0.3969798684120178,0.19811,0.004300212487578392,-2.193,-0.745,-2.949,69.05,1.27459
6232,519300.0,1,0.34626486897468567,0.39736029505729675,0.19878,0.0042882575653493404,-2.178,-0.761,-2.938,68.995,1.27331
6233,519383.33,1,0.34874796867370605,0.39610999822616577,0.19862,0.004060017876327038,-2.261,-0.774,-2.925,68.893,1.27972
6234,519466.67,1,0.34806957840919495,0.395845502614975,0.19875,0.0038332974072545767,-2.288,-0.796,-2.949,68.942,1.2367
6235,519550.0,1,0.3482849895954132,0.39494967460632324,0.19894,0.003802828723564744,-2.299,-0.793,-2.951,69.008,1.24156
6236,519633.33,1,0.34758973121643066,0.3980502784252167,0.19845,0.0038938941434025764,-2.297,-0.776,-2.977,69.012,1.23522
6237,519716.67,1,0.3469577431678772,0.40211328864097595,0.19843,0.0039370921440422535,-2.185,-0.731,-3.016,69.12,1.25076
6238,519800.0,1,0.34349188208580017,0.40513211488723755,0.19777,0.004613512195646763,-2.053,-0.74,-3.092,68.917,1.26134
6239,519883.33,1,0.34840476512908936,0.41206252574920654,0.19583,0.004531126469373703,-2.054,-0.745,-3.121,69.166,1.24354
6240,519965.0,1,0.3411867022514343,0.40975499153137207,0.19817,0.003897313494235277,-2.03,-0.775,-3.139,68.973,1.25349
6241,520048.33,1,0.34192776679992676,0.41206875443458557,0.19684,0.003478551283478737,-2.025,-0.786,-3.14,69.074,1.24854
6242,520131.67,1,0.3459618091583252,0.41029998660087585,0.19528,0.0033259098418056965,-1.991,-0.756,-3.16,68.733,1.24553
6243,520215.0,1,0.3490917682647705,0.4097965955734253,0.19553,0.0029780962504446507,-2.004,-0.734,-3.142,68.84,1.23843
6244,520298.33,1,0.35292884707450867,0.4108584523200989,0.19601,0.002963829319924116,-2.071,-0.689,-3.108,68.62,1.23124
6245,520381.67,1,0.35050168633461,0.40311136841773987,0.19818,0.002940888050943613,-2.098,-0.681,-3.108,69.331,1.21667
6246,520465.0,1,0.3451750874519348,0.39030855894088745,0.20025,0.0030764841940253973,-2.144,-0.688,-3.092,69.449,1.20732
6247,520548.33,1,0.34464290738105774,0.3824802339076996,0.20143,0.0030005776789039373,-2.274,-0.663,-3.094,69.565,1.21814
6248,520631.67,1,0.34586766362190247,0.3772139847278595,0.20274,0.002646418521180749,-2.302,-0.637,-3.069,69.561,1.21659
6249,520715.0,1,0.3467051684856415,0.37485599517822266,0.20376,0.002392666647210717,-2.345,-0.607,-3.072,69.363,1.22745
6250,520798.33,1,0.3457505702972412,0.3727123737335205,0.20491,0.0023247820790857077,-2.42,-0.623,-3.052,68.991,1.2416
6251,520881.67,1,0.3468986749649048,0.37244710326194763,0.20597,0.0022200443781912327,-2.425,-0.633,-3.031,69.161,1.24511
6252,520965.0,1,0.34826692938804626,0.3729640245437622,0.2062,0.0022951369173824787,-2.405,-0.648,-3.025,69.166,1.2323
6253,521048.33,1,0.35010308027267456,0.37323594093322754,0.2057,0.0023985328152775764,-2.382,-0.656,-3.027,69.165,1.23283
6254,521131.67,1,0.3492443561553955,0.3729812204837799,0.20547,0.002458885544911027,-2.248,-0.646,-3.044,68.92,1.2117
6255,521215.0,1,0.34854769706726074,0.37257418036460876,0.20539,0.002393675036728382,-2.257,-0.635,-3.058,69.136,1.21242
6256,521298.33,1,0.34964877367019653,0.373089998960495,0.20508,0.002306888345628977,-2.226,-0.634,-3.06,68.794,1.23034
6257,521381.67,1,0.3499149978160858,0.3732275366783142,0.20516,0.002209919271990657,-2.237,-0.648,-3.055,68.99,1.22681
6258,521465.0,1,0.34858253598213196,0.37072989344596863,0.20567,0.002276189159601927,-2.262,-0.666,-3.052,68.604,1.24283
6259,521548.33,1,0.3465924561023712,0.37107938528060913,0.2061,0.002215414075180888,-2.275,-0.686,-3.072,69.011,1.22586
6260,521631.67,1,0.351144015789032,0.3769788444042206,0.20468,0.0022020828910171986,-2.32,-0.704,-3.08,69.005,1.21758
6261,521715.0,1,0.36147457361221313,0.41310763359069824,0.19732,0.0022130662109702826,-2.169,-0.78,-3.104,69.25,1.2111
6262,521798.33,1,0.3686375319957733,0.45100435614585876,0.18895,0.0022599289659410715,-2.089,-0.804,-3.1,68.703,1.21753
6263,521881.67,1,0.3744785189628601,0.47943320870399475,0.18198,0.0022318775299936533,-2.09,-0.792,-3.097,68.781,1.23417
6264,521965.0,1,0.37946340441703796,0.4850611984729767,0.17915,0.002294772071763873,-2.119,-0.796,-3.088,68.514,1.24652
6265,522048.33,1,0.3825864791870117,0.49441269040107727,0.17581,0.002360381418839097,-2.13,-0.813,-3.086,69.077,1.22447
6266,522131.67,1,0.3837984502315521,0.5048037767410278,0.17285,0.0023062354885041714,-2.033,-0.773,-3.071,69.029,1.20479
6267,522215.0,1,0.3858987092971802,0.5065112113952637,0.17164,0.0023243052419275045,-2.017,-0.807,-3.071,69.129,1.21847
6268,522296.67,1,0.3862500786781311,0.5062699317932129,0.17136,0.0024183238856494427,-2.022,-0.853,-3.068,69.124,1.21455
6269,522380.0,1,0.38670292496681213,0.5072191953659058,0.17069,0.0025076535530388355,-2.049,-0.856,-3.076,69.1,1.19994
6270,522463.33,1,0.3841073215007782,0.49824395775794983,0.17263,0.002625135239213705,-2.129,-0.786,-3.055,68.798,1.22791
6271,522546.67,1,0.3822338283061981,0.4932442903518677,0.17447,0.002941939514130354,-2.074,-0.798,-3.056,68.948,1.23576
6272,522630.0,1,0.3793637752532959,0.48649895191192627,0.17622,0.003070928854867816,-2.046,-0.811,-3.068,68.56,1.2368
6273,522713.33,1,0.3739440143108368,0.4738616347312927,0.18001,0.0031523096840828657,-2.028,-0.829,-3.055,69.224,1.22029
6274,522796.67,1,0.3710100054740906,0.4618593454360962,0.18264,0.0031475257128477097,-2.163,-0.844,-3.045,69.343,1.21139
6275,522880.0,1,0.3670156002044678,0.447234570980072,0.18513,0.003217577701434493,-2.157,-0.825,-3.016,69.81,1.2046
6276,522963.33,1,0.3602476119995117,0.43364039063453674,0.18892,0.003411762183532119,-2.081,-0.749,-3.002,69.711,1.20383
6277,523046.67,1,0.3537825047969818,0.42332208156585693,0.19157,0.0039192442782223225,-2.113,-0.701,-2.986,69.506,1.21208
6278,523130.0,1,0.35208234190940857,0.41516873240470886,0.19538,0.004222868476063013,-2.145,-0.677,-2.988,69.395,1.20942
6279,523213.33,1,0.35404321551322937,0.40546196699142456,0.19817,0.004279384855180979,-2.28,-0.65,-2.944,69.115,1.21831
6280,523296.67,1,0.35619866847991943,0.40088894963264465,0.19972,0.0046134027652442455,-2.291,-0.635,-2.941,68.569,1.22424
6281,523380.0,1,0.36009764671325684,0.39822280406951904,0.20009,0.004274426028132439,-2.291,-0.64,-2.93,68.71,1.23006
6282,523463.33,1,0.35453835129737854,0.39639386534690857,0.20092,0.0042952666990458965,-2.285,-0.652,-2.929,68.644,1.21485
6283,523546.67,1,0.35099220275878906,0.3984532654285431,0.19909,0.004522292874753475,-2.249,-0.681,-2.938,68.731,1.22103
6284,523630.0,1,0.3543365001678467,0.412063866853714,0.1956,0.004410454537719488,-2.187,-0.745,-2.947,68.63,1.20839
6285,523713.33,1,0.3682071566581726,0.46815553307533264,0.18159,0.004331013187766075,-2.046,-0.81,-2.917,69.08,1.19822
6286,523796.67,1,0.4052370488643646,0.5279534459114075,0.16381,0.004094765055924654,-2.009,-0.839,-2.901,68.94,1.18902
6287,523880.0,1,0.41604146361351013,0.5408461093902588,0.15846,0.003894808003678918,-1.928,-0.812,-2.907,69.237,1.19375
6288,523963.33,1,0.4148077070713043,0.5352081656455994,0.15809,0.00378304161131382,-1.877,-0.77,-2.917,68.986,1.20349
6289,524046.67,1,0.4173330068588257,0.5260059833526611,0.1576,0.004581986926496029,-1.858,-0.725,-2.965,68.751,1.22091
6290,524130.0,1,0.4156332314014435,0.517386257648468,0.15882,0.004673457704484463,-1.857,-0.731,-2.984,68.272,1.23112
6291,524213.33,1,0.4116247296333313,0.5110528469085693,0.15828,0.004781454335898161,-1.801,-0.707,-3.021,68.819,1.22093
6292,524296.67,1,0.40146973729133606,0.47256383299827576,0.16677,0.005798764526844025,-1.836,-0.711,-3.03,68.914,1.21545
6293,524380.0,1,0.38965916633605957,0.45098763704299927,0.17227,0.006261589005589485,-1.844,-0.699,-3.036,68.923,1.23432
6294,524463.33,1,0.3773866891860962,0.4290533661842346,0.1775,0.005287023726850748,-1.764,-0.664,-3.05,68.831,1.22725
6295,524546.67,1,0.3706362247467041,0.41474649310112,0.18166,0.004554081242531538,-1.809,-0.664,-3.06,68.978,1.21154
6296,524628.33,1,0.37429410219192505,0.4176754355430603,0.18176,0.004009682219475508,-1.804,-0.673,-3.066,68.868,1.21183
6297,524711.67,1,0.37466126680374146,0.4205103814601898,0.18381,0.003630278632044792,-1.92,-0.723,-3.059,68.74,1.23489
6298,524795.0,1,0.381283164024353,0.4329633414745331,0.1842,0.003031395375728607,-1.996,-0.721,-3.071,68.301,1.25462
6299,524878.33,1,0.3810843229293823,0.44341057538986206,0.18375,0.002848353236913681,-2.035,-0.716,-3.076,68.141,1.26195
6300,524961.67,1,0.3755203187465668,0.4447958767414093,0.18556,0.0028721606358885765,-2.021,-0.737,-3.111,68.04,1.27296
6301,525045.0,1,0.37299486994743347,0.4241967797279358,0.19098,0.003122866153717041,-2.019,-0.751,-3.127,68.735,1.24986
6302,525128.33,1,0.3528273105621338,0.3815498948097229,0.20176,0.0035898927599191666,-2.115,-0.707,-3.133,68.834,1.23486
6303,525211.67,1,0.3434189558029175,0.35776594281196594,0.20751,0.0036180103197693825,-2.135,-0.676,-3.158,69.328,1.22316
6304,525295.0,1,0.34389248490333557,0.36018702387809753,0.20571,0.0034338633995503187,-2.113,-0.669,-3.173,69.257,1.21828
6305,525378.33,1,0.3449988067150116,0.3629130423069,0.20472,0.003320047864690423,-2.139,-0.646,-3.181,69.102,1.23955
6306,525461.67,1,0.3477463126182556,0.3636108636856079,0.20412,0.003099974012002349,-2.123,-0.656,-3.183,68.6,1.25566
6307,525545.0,1,0.3479219675064087,0.3656845986843109,0.20278,0.002999079879373312,-2.077,-0.661,-3.174,68.752,1.26135
6308,525628.33,1,0.3569261133670807,0.3813014626502991,0.19831,0.0027653854340314865,-2.139,-0.702,-3.165,68.781,1.24734
6309,525711.67,1,0.3633858561515808,0.4082118570804596,0.19257,0.002697221701964736,-2.203,-0.779,-3.153,68.882,1.23995
6310,525795.0,1,0.3685077726840973,0.4377199709415436,0.18619,0.0026666068006306887,-2.21,-0.807,-3.122,68.259,1.2424
6311,525878.33,1,0.3754427134990692,0.4631942808628082,0.17976,0.002710207598283887,-2.278,-0.829,-3.101,68.367,1.25016
6312,525961.67,1,0.3855837285518646,0.4755091667175293,0.17598,0.00279201939702034,-2.312,-0.832,-3.087,68.362,1.24244
6313,526045.0,1,0.3869611620903015,0.47997763752937317,0.17473,0.0030028836335986853,-2.284,-0.86,-3.092,68.264,1.24399
6314,526128.33,1,0.39201077818870544,0.4822103679180145,0.1731,0.0030046801548451185,-2.267,-0.852,-3.085,68.167,1.23585
6315,526211.67,1,0.39868655800819397,0.4898377060890198,0.17031,0.0030483638402074575,-2.167,-0.892,-3.092,68.143,1.25269
6316,526295.0,1,0.6409482955932617,0.6589393615722656,0.08085,0.0037276363000273705,-1.828,-0.793,-3.171,67.841,1.26819
6317,526378.33,1,0.807235062122345,0.7717320919036865,0.00912,0.0036587289068847895,-1.613,-0.499,-3.177,68.195,1.23515
6318,526461.67,1,0.8307644128799438,0.7982398867607117,0.01771,0.003947483841329813,-1.579,-0.38,-3.213,68.131,1.21375
6319,526545.0,1,0.800002932548523,0.7782295942306519,0.00961,0.004021916538476944,-1.704,-0.356,-3.17,68.386,1.23717
6320,526628.33,1,0.6468539237976074,0.7256543636322021,0.04888,0.004737738519906998,-1.79,-0.352,-3.148,68.248,1.25465
6321,526711.67,1,0.4971730709075928,0.6497154235839844,0.10036,0.00460720993578434,-1.704,-0.433,-3.113,68.708,1.25592
6322,526795.0,1,0.44064366817474365,0.6095782518386841,0.12607,0.00406179204583168,-1.78,-0.594,-3.074,68.998,1.23892
6323,526876.67,1,0.4215479791164398,0.5536845922470093,0.14473,0.004781024996191263,-1.797,-0.656,-3.017,69.498,1.22878
6324,526960.0,1,0.40869367122650146,0.5233845710754395,0.15639,0.005431614350527525,-1.82,-0.714,-2.948,69.211,1.22889
6325,527043.33,1,0.40942397713661194,0.5073002576828003,0.16172,0.004853348713368177,-1.922,-0.739,-2.901,69.573,1.21606
6326,527126.67,1,0.40242108702659607,0.4850415289402008,0.16845,0.004843487869948149,-1.939,-0.737,-2.876,69.368,1.23104
6327,527210.0,1,0.39787596464157104,0.48817187547683716,0.16888,0.00456865644082427,-1.928,-0.747,-2.915,69.876,1.21825
6328,527293.33,1,0.4158947765827179,0.5171384811401367,0.16007,0.004377980250865221,-1.89,-0.78,-2.946,69.861,1.21258
6329,527376.67,1,0.4279850423336029,0.5441979169845581,0.15213,0.004038908518850803,-1.847,-0.791,-2.966,69.612,1.23107
6330,527460.0,1,0.4358846843242645,0.5583400726318359,0.14807,0.003761169733479619,-1.954,-0.772,-2.969,69.699,1.22366
6331,527543.33,1,0.4361751675605774,0.5605214238166809,0.14606,0.0038443533703684807,-1.926,-0.768,-2.954,69.838,1.22116
6332,527626.67,1,0.4324031174182892,0.5679880380630493,0.14332,0.004112130496650934,-1.792,-0.767,-2.922,69.218,1.22671
6333,527710.0,1,0.41227811574935913,0.5247547626495361,0.15522,0.004581634886562824,-1.796,-0.749,-2.887,69.218,1.22821
6334,527793.33,1,0.3982236385345459,0.4812051057815552,0.16513,0.004830959253013134,-1.809,-0.724,-2.92,69.23,1.2195
6335,527876.67,1,0.3777797818183899,0.44604164361953735,0.17426,0.004879863932728767,-1.803,-0.708,-2.963,69.258,1.23228
6336,527960.0,1,0.36927372217178345,0.4249298572540283,0.1802,0.004255324602127075,-1.732,-0.689,-2.999,69.116,1.22618
6337,528043.33,1,0.3652045726776123,0.41414228081703186,0.18548,0.003644058248028159,-1.695,-0.702,-3.016,69.456,1.2185
6338,528126.67,1,0.3709852397441864,0.4108683168888092,0.18935,0.0030716764740645885,-1.714,-0.693,-3.015,69.33,1.21574
6339,528210.0,1,0.3607468605041504,0.399193674325943,0.19528,0.002961189951747656,-1.748,-0.707,-3.017,69.218,1.2299
6340,528293.33,1,0.3592704236507416,0.39434805512428284,0.1982,0.002768574981018901,-1.905,-0.679,-2.998,68.971,1.21207
6341,528376.67,1,0.35364219546318054,0.3949168622493744,0.19971,0.0027178428135812283,-1.897,-0.73,-3.0,68.736,1.2216
6342,528460.0,1,0.35251137614250183,0.39542630314826965,0.20003,0.002809893572703004,-1.887,-0.766,-2.974,68.264,1.23096
6343,528543.33,1,0.35537809133529663,0.3990670442581177,0.19966,0.002551934216171503,-1.925,-0.783,-2.973,68.803,1.21591
6344,528626.67,1,0.36059609055519104,0.40176063776016235,0.19875,0.002512166043743491,-1.975,-0.802,-2.965,68.779,1.20255
6345,528710.0,1,0.36456674337387085,0.4042309820652008,0.19787,0.0025263645220547915,-2.024,-0.82,-2.965,69.311,1.20809
6346,528793.33,1,0.3670926094055176,0.4059560000896454,0.19726,0.0028441494796425104,-2.107,-0.869,-2.953,69.19,1.22708
6347,528876.67,1,0.3657359182834625,0.40761566162109375,0.19646,0.0032391101121902466,-2.105,-0.878,-2.94,69.483,1.23446
6348,528960.0,1,0.36603304743766785,0.40891149640083313,0.19584,0.0034269713796675205,-2.078,-0.885,-2.889,69.541,1.22208
6349,529043.33,1,0.3651053309440613,0.40996798872947693,0.1955,0.003983335569500923,-2.056,-0.897,-2.846,69.447,1.22866
6350,529126.67,1,0.36755090951919556,0.40960198640823364,0.19532,0.004085424356162548,-2.02,-0.903,-2.812,69.094,1.24399
6351,529208.33,1,0.36889466643333435,0.410614013671875,0.19442,0.0038655593525618315,-1.946,-0.908,-2.804,68.948,1.24151
6352,529291.67,1,0.3666304349899292,0.40651944279670715,0.19513,0.003831888549029827,-1.901,-0.929,-2.79,68.51,1.24139
6353,529375.0,1,0.3637136220932007,0.4037996232509613,0.1959,0.0038470840081572533,-1.886,-0.93,-2.775,68.997,1.2231
6354,529458.33,1,0.35964253544807434,0.40125757455825806,0.19635,0.003933785017579794,-1.864,-0.926,-2.777,68.904,1.20538
6355,529541.67,1,0.3555731475353241,0.4004589915275574,0.1974,0.004009649623185396,-1.897,-0.927,-2.791,69.163,1.21074
6356,529625.0,1,0.3605561852455139,0.4020913243293762,0.19655,0.003971027210354805,-1.916,-0.918,-2.799,68.944,1.2591
6357,529708.33,1,0.3603326082229614,0.4038698077201843,0.19675,0.00420092698186636,-2.044,-0.934,-2.812,69.247,1.28029
6358,529791.67,1,0.3584475815296173,0.4042007625102997,0.1969,0.004555261693894863,-2.036,-0.953,-2.823,69.072,1.2924
6359,529875.0,1,0.357855886220932,0.40486201643943787,0.19691,0.004882803186774254,-2.053,-0.93,-2.827,69.04,1.29844
6360,529958.33,1,0.355334609746933,0.4042426645755768,0.19695,0.004928403068333864,-1.998,-0.915,-2.833,69.154,1.2592
6361,530041.67,1,0.3538443446159363,0.40523093938827515,0.19637,0.004872468765825033,-1.88,-0.863,-2.838,69.576,1.23958
6362,530125.0,1,0.3542848527431488,0.408025324344635,0.19563,0.004452315159142017,-1.766,-0.86,-2.846,69.433,1.22727
6363,530208.33,1,0.3543020784854889,0.4071740210056305,0.19549,0.004529827274382114,-1.706,-0.873,-2.85,69.935,1.22881
6364,530291.67,1,0.35512295365333557,0.4094102084636688,0.19472,0.004578427877277136,-1.703,-0.901,-2.865,69.855,1.2329
6365,530375.0,1,0.3580125570297241,0.4123861491680145,0.19436,0.004547674208879471,-1.699,-0.918,-2.88,69.894,1.25469
6366,530458.33,1,0.3585372269153595,0.4133247435092926,0.19383,0.0046517266891896725,-1.473,-0.96,-2.913,69.472,1.28181
6367,530541.67,1,0.36394673585891724,0.48751962184906006,0.17346,0.005729512311518192,0.435,-1.036,-2.969,69.994,1.27354
6368,530625.0,1,0.5445073843002319,0.6761418581008911,0.08221,0.02368745394051075,2.391,-0.978,-3.061,70.041,1.26962
6369,530708.33,1,0.6847648620605469,0.7657888531684875,0.02702,0.022725176066160202,3.135,-0.951,-3.077,70.31,1.25946
6370,530791.67,1,0.7423563599586487,0.795298159122467,0.0211,0.019661860540509224,3.452,-0.945,-3.153,69.977,1.24916
6371,530875.0,1,0.774545431137085,0.8126274347305298,0.02484,0.0225586649030447,3.535,-0.896,-3.167,69.922,1.27105
6372,530958.33,1,0.7849071621894836,0.8220633268356323,0.03067,0.02469652146100998,3.425,-0.88,-3.212,69.491,1.28193
6373,531041.67,1,0.7859548926353455,0.8247098922729492,0.03045,0.023396285250782967,3.378,-0.883,-3.137,69.739,1.28385
6374,531125.0,1,0.7775930166244507,0.8184763193130493,0.02677,0.024432456120848656,3.321,-0.957,-3.122,69.376,1.29959
6375,531208.33,1,0.6649248003959656,0.7958555817604065,0.03215,0.024468157440423965,3.313,-0.988,-2.976,69.713,1.28113
6376,531291.67,1,0.4635004699230194,0.7063823938369751,0.06601,0.022695355117321014,3.217,-1.066,-2.857,69.434,1.26371
6377,531375.0,1,0.39047884941101074,0.6252998113632202,0.1065,0.014338714070618153,2.733,-1.209,-2.702,69.235,1.27868
6378,531458.33,1,0.371172159910202,0.5705113410949707,0.13179,0.007447551470249891,2.329,-1.302,-2.557,68.93,1.29978
6379,531541.67,1,0.35957223176956177,0.5422435998916626,0.14661,0.005826836451888084,2.041,-1.318,-2.459,69.355,1.28261
6380,531625.0,1,0.35430943965911865,0.5123655796051025,0.15702,0.004905261564999819,1.637,-1.307,-2.397,69.215,1.26428
6381,531706.67,1,0.3460872769355774,0.48683100938796997,0.16717,0.004561746492981911,1.161,-1.35,-2.317,69.139,1.28667
6382,531790.0,1,0.3477541506290436,0.47125017642974854,0.17436,0.004319488536566496,0.264,-1.538,-2.275,68.824,1.30595
6383,531873.33,1,0.3525460958480835,0.4588414430618286,0.18078,0.0037272877525538206,-0.157,-1.559,-2.27,69.443,1.25126
6384,531956.67,1,0.35557177662849426,0.45049259066581726,0.18508,0.003421364352107048,-0.566,-1.546,-2.26,69.329,1.21955
6385,532040.0,1,0.35693255066871643,0.43251994252204895,0.18954,0.003443049732595682,-1.105,-1.551,-2.258,69.646,1.21013
6386,532123.33,1,0.3587399423122406,0.4213654696941376,0.19272,0.0030873753130435944,-1.586,-1.583,-2.291,69.341,1.2011
6387,532206.67,1,0.3653530478477478,0.4261243939399719,0.19337,0.0026067050639539957,-1.8,-1.574,-2.32,69.142,1.25947
6388,532290.0,1,0.3677389323711395,0.42820703983306885,0.19416,0.0023641979787498713,-1.996,-1.572,-2.298,69.13,1.26383
6389,532373.33,1,0.3722795844078064,0.4337442219257355,0.19233,0.002458989853039384,-2.065,-1.628,-2.295,68.871,1.28851
6390,532456.67,1,0.3687884211540222,0.4275718331336975,0.1937,0.002658590441569686,-2.048,-1.635,-2.267,68.277,1.29452
6391,532540.0,1,0.37030795216560364,0.421322226524353,0.19386,0.0029026430565863848,-2.027,-1.64,-2.238,68.639,1.29225
6392,532623.33,1,0.3677268326282501,0.41869500279426575,0.19372,0.0029284802731126547,-1.952,-1.64,-2.225,68.656,1.26998
6393,532706.67,1,0.3589062988758087,0.41222333908081055,0.19706,0.0028356427792459726,-1.986,-1.668,-2.237,69.142,1.23763
6394,532790.0,1,0.3606044352054596,0.414728045463562,0.19667,0.002926499815657735,-1.998,-1.681,-2.231,69.006,1.21358
6395,532873.33,1,0.3651479184627533,0.41748887300491333,0.19551,0.0028682509437203407,-2.014,-1.669,-2.224,69.073,1.22298
6396,532956.67,1,0.3699248731136322,0.42285019159317017,0.19443,0.0030479379929602146,-2.008,-1.655,-2.231,68.91,1.20729
6397,533040.0,1,0.37488362193107605,0.43189939856529236,0.19188,0.002820337191224098,-2.011,-1.624,-2.254,69.231,1.21224
6398,533123.33,1,0.3818694055080414,0.4403071105480194,0.18824,0.0024916715919971466,-2.038,-1.632,-2.261,68.9,1.23126
6399,533206.67,1,0.389297217130661,0.4510240852832794,0.18513,0.0023073581978678703,-2.28,-1.689,-2.269,69.2,1.22525
6400,533290.0,1,0.39588236808776855,0.46091824769973755,0.1823,0.0022159689106047153,-2.316,-1.7,-2.273,69.029,1.24656
6401,533373.33,1,0.39928632974624634,0.4647205173969269,0.18122,0.0023036913480609655,-2.338,-1.69,-2.272,69.384,1.24924
6402,533456.67,1,0.3986557126045227,0.4677325189113617,0.18054,0.0028289600741118193,-2.297,-1.693,-2.278,69.23,1.25187
6403,533540.0,1,0.39642003178596497,0.467679888010025,0.18049,0.0029023904353380203,-2.113,-1.663,-2.283,69.181,1.26992
6404,533623.33,1,0.39229872822761536,0.4708247780799866,0.17996,0.0032229318749159575,-1.997,-1.632,-2.316,69.057,1.26633
6405,533706.67,1,0.3910856246948242,0.4724656641483307,0.17996,0.0032512624748051167,-2.198,-1.594,-2.319,69.042,1.28035
6406,533790.0,1,0.39433547854423523,0.4696120023727417,0.18062,0.00306799472309649,-2.371,-1.494,-2.261,68.898,1.27155
6407,533873.33,1,0.39501017332077026,0.4680837094783783,0.18094,0.0029983629938215017,-2.468,-1.412,-2.235,68.849,1.28184
6408,533956.67,1,0.39531993865966797,0.4674493074417114,0.18099,0.0029069234151393175,-2.441,-1.4,-2.243,68.61,1.26269
6409,534038.33,1,0.39391854405403137,0.46546024084091187,0.18238,0.0028709506150335073,-2.374,-1.414,-2.264,68.796,1.24796
6410,534121.67,1,0.39561140537261963,0.455327570438385,0.18445,0.0027335304766893387,-2.246,-1.419,-2.28,68.69,1.24902
6411,534205.0,1,0.3987168073654175,0.4535687267780304,0.18543,0.002580801257863641,-2.257,-1.404,-2.295,68.793,1.27116
6412,534288.33,1,0.39504578709602356,0.4496597647666931,0.18717,0.002323909429833293,-2.223,-1.374,-2.327,68.774,1.26862
6413,534371.67,1,0.39484313130378723,0.45126718282699585,0.18773,0.002203668700531125,-2.258,-1.379,-2.362,68.949,1.25746
6414,534455.0,1,0.3948499858379364,0.44699856638908386,0.18822,0.0021912038791924715,-2.214,-1.379,-2.379,68.674,1.24605
6415,534538.33,1,0.3922879993915558,0.44504600763320923,0.18938,0.0022229470778256655,-2.239,-1.394,-2.393,68.711,1.25004
6416,534621.67,1,0.3855610191822052,0.4402366280555725,0.19146,0.002264129463583231,-2.249,-1.397,-2.404,68.085,1.26403
6417,534705.0,1,0.37983301281929016,0.43741747736930847,0.19325,0.002342220861464739,-2.401,-1.416,-2.437,68.125,1.27348
6418,534788.33,1,0.3784014880657196,0.42881396412849426,0.19556,0.002231759484857321,-2.54,-1.42,-2.426,68.246,1.27003
6419,534871.67,1,0.37577927112579346,0.4214022755622864,0.19651,0.002274059923365712,-2.541,-1.431,-2.415,68.478,1.26637
6420,534955.0,1,0.36545851826667786,0.415001779794693,0.199,0.002632093382999301,-2.422,-1.44,-2.416,68.465,1.24788
6421,535038.33,1,0.367940753698349,0.41564851999282837,0.19908,0.002733539557084441,-2.378,-1.45,-2.442,68.581,1.27312
6422,535121.67,1,0.3784404397010803,0.4210626482963562,0.19634,0.002473918255418539,-2.322,-1.493,-2.459,68.317,1.29471
6423,535205.0,1,0.4089525043964386,0.45275676250457764,0.18652,0.00245851487852633,-2.345,-1.489,-2.464,68.845,1.25255
6424,535288.33,1,0.4395594596862793,0.5482573509216309,0.1627,0.0024109650403261185,-2.328,-1.457,-2.487,68.975,1.21596
6425,535371.67,1,0.4468667507171631,0.6091888546943665,0.14865,0.002465146128088236,-2.351,-1.439,-2.526,69.472,1.21832
6426,535455.0,1,0.45088961720466614,0.6164607405662537,0.14459,0.0026513743214309216,-2.356,-1.429,-2.514,69.767,1.20666
6427,535538.33,1,0.4473860561847687,0.6199173331260681,0.14354,0.0029796413145959377,-2.274,-1.466,-2.535,70.261,1.18665
6428,535621.67,1,0.4508512616157532,0.6211702823638916,0.14219,0.0030562025494873524,-2.096,-1.517,-2.555,70.324,1.18295
6429,535705.0,1,0.5396654605865479,0.691281795501709,0.10304,0.00339331291615963,-1.878,-1.499,-2.578,70.182,1.232
6430,535788.33,1,0.5724984407424927,0.7050574421882629,0.08938,0.0038586396258324385,-1.643,-1.37,-2.597,70.151,1.23272
6431,535871.67,1,0.526216983795166,0.6886727213859558,0.10007,0.0038873229641467333,-1.446,-1.36,-2.674,70.341,1.23139
6432,535955.0,1,0.46057161688804626,0.6230411529541016,0.12562,0.00383057096041739,-1.447,-1.367,-2.717,70.114,1.23131
6433,536038.33,1,0.4294089674949646,0.5748121738433838,0.14184,0.003907001577317715,-1.393,-1.382,-2.748,70.148,1.23896
6434,536121.67,1,0.40613722801208496,0.5206581354141235,0.15819,0.003845065599307418,-1.397,-1.371,-2.786,69.559,1.25804
6435,536205.0,1,0.40454918146133423,0.5236654281616211,0.15785,0.004151585511863232,-1.366,-1.338,-2.803,69.825,1.24866
6436,536288.33,1,0.7108449935913086,0.7550684809684753,0.03826,0.0046243066899478436,-0.986,-0.867,-2.794,69.617,1.24248
6437,536370.0,1,0.7558435797691345,0.7858988046646118,0.01533,0.005800004582852125,-0.504,-0.779,-2.756,69.891,1.23725
6438,536453.33,1,0.5840734243392944,0.7066062688827515,0.06332,0.011275170370936394,-0.206,-0.8,-2.738,69.671,1.23193
6439,536536.67,1,0.42280659079551697,0.6052572727203369,0.11662,0.0133304912596941,0.096,-0.933,-2.695,69.164,1.28002
6440,536620.0,1,0.35928332805633545,0.5291364192962646,0.14604,0.01557366643100977,0.291,-0.97,-2.617,68.802,1.29392
6441,536703.33,1,0.3373483419418335,0.50675368309021,0.15662,0.01391890924423933,0.307,-0.972,-2.593,69.329,1.26467
6442,536786.67,1,0.32404735684394836,0.4968160092830658,0.16352,0.012780347838997841,0.334,-1.001,-2.604,68.952,1.28386
6443,536870.0,1,0.32934653759002686,0.487617164850235,0.16808,0.012275421060621738,0.137,-1.094,-2.558,68.979,1.29346
6444,536953.33,1,0.3296532928943634,0.4611915647983551,0.17067,0.05484800785779953,-0.547,-0.886,-2.48,68.683,1.2994
6445,537036.67,1,0.3284371793270111,0.4470703601837158,0.17259,0.1088583767414093,-0.861,-0.925,-2.462,69.276,1.26543
6446,537120.0,1,0.3315363824367523,0.4350469708442688,0.17356,0.1480111926794052,-0.968,-0.98,-2.422,69.385,1.24833
6447,537203.33,1,0.3387223780155182,0.43401625752449036,0.17234,0.1577940732240677,-1.222,-1.105,-2.42,69.412,1.23562
6448,537286.67,1,0.3534644842147827,0.4524129629135132,0.16674,0.1705692708492279,-1.583,-1.215,-2.464,68.94,1.26924
6449,537370.0,1,0.5625615119934082,0.6251099109649658,0.08808,0.15516062080860138,-1.646,-1.155,-2.534,69.337,1.25013
6450,537453.33,1,0.7974163293838501,0.7799041271209717,0.01306,0.12206994742155075,-1.724,-0.919,-2.61,68.742,1.25978
6451,537536.67,1,0.8235197067260742,0.8177225589752197,0.03245,0.12396764755249023,-1.748,-0.811,-2.591,69.004,1.25383
6452,537620.0,1,0.791882336139679,0.8128507137298584,0.02555,0.17692232131958008,-1.791,-0.758,-2.493,69.115,1.23163
6453,537703.33,1,0.7191985845565796,0.7957525253295898,0.01999,0.2552033066749573,-2.004,-0.755,-2.399,69.625,1.22179
6454,537786.67,1,0.6243933439254761,0.7584787011146545,0.02864,0.2911454141139984,-2.335,-0.825,-2.138,69.597,1.2269
6455,537870.0,1,0.5540589094161987,0.7035810351371765,0.04915,0.322374165058136,-2.693,-1.088,-1.867,69.58,1.25962
6456,537953.33,1,0.5002464056015015,0.6424524784088135,0.07622,0.34748050570487976,-3.562,-1.593,-1.691,69.272,1.27914
6457,538036.67,1,0.5273441076278687,0.6531182527542114,0.07334,0.3352723717689514,-3.873,-1.864,-1.662,69.393,1.28027
6458,538120.0,1,0.5735571384429932,0.6687891483306885,0.06542,0.27759596705436707,-4.148,-2.016,-1.582,69.304,1.28876
6459,538203.33,1,0.6540591716766357,0.7439403533935547,0.03855,0.2404559850692749,-4.759,-1.958,-1.48,69.805,1.28845
6460,538286.67,1,0.6645637154579163,0.7482177019119263,0.03833,0.19817709922790527,-4.997,-1.986,-1.419,69.779,1.28346
6461,538370.0,1,0.5889170169830322,0.7287505865097046,0.0612,0.15184643864631653,-5.203,-2.13,-1.304,70.491,1.25415
6462,538453.33,1,0.5065670609474182,0.6787329316139221,0.09435,0.08282337337732315,-5.71,-2.428,-1.308,71.618,1.20078
6463,538536.67,1,0.48870205879211426,0.6567692756652832,0.11009,0.06446374207735062,-6.006,-2.726,-1.175,72.227,1.20172
6464,538620.0,1,0.48956575989723206,0.633911669254303,0.1157,0.05675132945179939,-6.136,-2.845,-1.096,71.708,1.24013
6465,538701.67,1,0.49265798926353455,0.6413635611534119,0.11445,0.03530420735478401,-6.229,-2.871,-0.966,72.086,1.19523
6466,538785.0,1,0.48092377185821533,0.6427460312843323,0.11492,0.032495465129613876,-5.816,-3.014,-0.861,72.101,1.19062
6467,538868.33,1,0.4864526093006134,0.6331100463867188,0.11677,0.04031185060739517,-5.585,-2.964,-0.851,72.352,1.18908
6468,538951.67,1,0.48704004287719727,0.6285173892974854,0.11938,0.03941943123936653,-5.077,-2.874,-0.856,72.078,1.19054
6469,539035.0,1,0.43827003240585327,0.5922015309333801,0.13695,0.07482606917619705,-4.072,-2.835,-1.054,71.547,1.23751
6470,539118.33,1,0.40290239453315735,0.5328900814056396,0.15269,0.09090669453144073,-2.417,-2.39,-1.454,71.332,1.23433
6471,539201.67,1,0.6182668209075928,0.6793304085731506,0.06463,0.07222969830036163,-1.731,-2.007,-1.562,71.425,1.22292
6472,539285.0,1,0.8081109523773193,0.7901254892349243,0.01655,0.06432581692934036,-1.72,-1.762,-1.771,71.087,1.22627
6473,539368.33,1,0.827528715133667,0.7952797412872314,0.02328,0.06139785423874855,-1.628,-1.683,-1.762,70.655,1.2633
6474,539451.67,1,0.8250737190246582,0.7876284122467041,0.02013,0.060808051377534866,-1.635,-1.596,-1.744,70.092,1.28718
6475,539535.0,1,0.8171428442001343,0.7834005355834961,0.01687,0.05685361847281456,-1.5,-1.538,-1.793,70.085,1.28986
6476,539618.33,1,0.8328763246536255,0.8037543296813965,0.02755,0.06707616150379181,-1.402,-1.553,-1.874,70.056,1.26031
6477,539701.67,1,0.8438246250152588,0.8124101161956787,0.03837,0.08157158643007278,-1.391,-1.578,-1.807,69.843,1.27514
6478,539785.0,1,0.8412617444992065,0.808175802230835,0.03807,0.09150481224060059,-1.272,-1.657,-1.727,69.4,1.27489
6479,539868.33,1,0.8361108303070068,0.8198749423027039,0.03291,0.07044763118028641,-1.176,-1.798,-1.605,69.356,1.28501
6480,539951.67,1,0.6431753635406494,0.785687267780304,0.04082,0.02952178567647934,-0.722,-2.07,-1.227,69.375,1.2986
6481,540035.0,1,0.5167487859725952,0.7017301917076111,0.08839,0.01963367499411106,-0.565,-2.568,-0.853,69.717,1.25177
6482,540118.33,1,0.5885802507400513,0.7250117063522339,0.06107,0.018858112394809723,-0.555,-2.63,-0.722,69.771,1.21937
6483,540201.67,1,0.7235391139984131,0.7863753437995911,0.02386,0.017708657309412956,-0.538,-2.7,-0.559,70.097,1.19986
6484,540285.0,1,0.7652807831764221,0.7980009317398071,0.01653,0.01843411661684513,-0.368,-2.621,-0.481,69.822,1.19198
6485,540368.33,1,0.7332485914230347,0.7781906723976135,0.02455,0.018848035484552383,-0.363,-2.687,-0.405,70.151,1.18621
6486,540451.67,1,0.5550981760025024,0.6876137852668762,0.09557,0.021661192178726196,0.312,-3.037,-0.244,70.274,1.18501
6487,540535.0,1,0.44872406125068665,0.5677146911621094,0.15798,0.006359275430440903,0.423,-3.751,0.079,69.86,1.1695
6488,540618.33,1,0.41314855217933655,0.5474717617034912,0.16281,0.0078010824508965015,-0.0,-3.655,0.867,69.049,1.20915
6489,540701.67,1,0.464249849319458,0.649098813533783,0.12992,0.005307722371071577,-0.169,-3.716,0.927,69.39,1.17961
6490,540785.0,1,0.531954824924469,0.6738678216934204,0.10739,0.005756337195634842,-0.543,-3.703,1.086,73.481,1.18897
6491,540868.33,1,0.6226217150688171,0.7398101091384888,0.06611,0.008691607974469662,-2.513,-2.329,1.454,74.253,1.19357
6492,540951.67,1,0.5294649600982666,0.7248184084892273,0.07061,0.008005289360880852,-1.294,-1.273,2.081,73.761,1.2538
6493,541035.0,1,0.6634383201599121,0.779340386390686,0.04007,0.017222870141267776,-1.947,0.228,2.071,74.594,1.20795
6494,541118.33,1,0.7119280099868774,0.7437031269073486,0.03821,0.016995614394545555,-1.646,-0.159,1.812,75.179,1.20651
6495,541200.0,1,0.6364122629165649,0.4492945671081543,0.12088,0.027828732505440712,-1.927,0.682,1.263,74.557,1.24504
6496,541283.33,1,0.5722637176513672,0.35340413451194763,0.16468,0.022098621353507042,-1.737,0.964,0.777,73.947,1.25975
6497,541366.67,1,0.5158074498176575,0.3029509484767914,0.19539,0.017907530069351196,-1.982,1.204,0.417,74.087,1.26451
6498,541450.0,1,0.45960795879364014,0.2784796357154846,0.21733,0.0135143818333745,-2.437,0.812,0.242,73.944,1.26135
6499,541533.33,1,0.4251912832260132,0.24372771382331848,0.23081,0.013202511705458164,-2.564,0.559,0.153,74.305,1.22073
6500,541616.67,1,0.4800748825073242,0.4185372292995453,0.1813,0.012801013886928558,-2.374,-0.048,0.242,73.92,1.24139
6501,541700.0,1,0.652086615562439,0.6786478757858276,0.09055,0.011558961123228073,-2.519,-0.196,0.375,74.39,1.24379
6502,541783.33,1,0.6031057834625244,0.643707275390625,0.10621,0.012471511028707027,-3.097,-0.164,0.406,75.067,1.21712
6503,541866.67,1,0.6886522769927979,0.6795713305473328,0.07151,0.010937967337667942,-3.028,-0.182,0.465,75.819,1.19091
6504,541950.0,1,0.7678619623184204,0.716671347618103,0.03336,0.01115405559539795,-2.943,-0.006,0.68,75.994,1.18465
6505,542033.33,1,0.7543673515319824,0.7300642132759094,0.02589,0.012995652854442596,-2.725,0.104,0.909,75.653,1.22026
6506,542116.67,1,0.3793042004108429,0.4139271676540375,0.18117,0.014816934242844582,-2.566,0.169,1.038,74.872,1.2672
6507,542200.0,1,0.28611207008361816,0.27654606103897095,0.22907,0.014435726217925549,-1.908,0.45,0.935,75.573,1.26076
6508,542283.33,1,0.2445479929447174,0.24267780780792236,0.24096,0.012875208631157875,-0.633,0.573,0.904,75.482,1.25656
6509,542366.67,1,0.23012502491474152,0.22791433334350586,0.24101,0.01070777140557766,1.773,0.579,0.93,74.816,1.273
6510,542450.0,1,0.19997335970401764,0.23004893958568573,0.2401,0.008543220348656178,2.365,0.485,1.043,75.231,1.26445
6511,542533.33,1,0.19716137647628784,0.22210821509361267,0.23935,0.008779669180512428,2.642,0.606,0.938,75.48,1.2542
6512,542616.67,1,0.17796935141086578,0.2003081887960434,0.24289,0.009059462696313858,2.982,0.853,0.799,75.161,1.24373
6513,542700.0,1,0.15081600844860077,0.13834170997142792,0.25751,0.008573930710554123,2.752,0.45,0.694,75.018,1.28333
6514,542783.33,1,0.15152360498905182,0.1544419825077057,0.25318,0.00858465675264597,0.807,-0.77,0.302,74.467,1.30454
6515,542866.67,1,0.7068983316421509,0.7120355367660522,0.04517,0.00749654695391655,0.197,-0.719,-0.165,75.185,1.27231
6516,542950.0,1,0.5346970558166504,0.762109637260437,0.08129,0.008617197163403034,0.349,-1.128,-0.119,74.633,1.31138
6517,543033.33,1,0.409702867269516,0.6327095031738281,0.13046,0.010663528926670551,0.545,-1.557,-0.185,74.595,1.31235
6518,543116.67,1,0.7207921743392944,0.7393693327903748,0.035,0.006954424548894167,1.027,-2.539,-0.183,74.477,1.2911
6519,543200.0,1,0.531618058681488,0.6341660022735596,0.09509,0.005057919770479202,1.578,-3.097,-0.341,76.278,1.27532
6520,543283.33,1,0.2660020887851715,0.37463971972465515,0.20408,0.001965160947293043,1.565,-3.62,-0.77,76.611,1.31741
6521,543366.67,1,0.2419411838054657,0.3181111514568329,0.22689,0.004359995014965534,1.578,-3.63,-1.695,74.007,1.2707
6522,543450.0,1,0.24009625613689423,0.3155621290206909,0.22868,0.003117452608421445,1.824,-3.573,-2.609,69.574,1.22323
6523,543531.67,1,0.24845124781131744,0.28951504826545715,0.23446,0.002596913604065776,1.431,-3.546,-3.315,69.195,1.24329
6524,543615.0,1,0.24166925251483917,0.2652885615825653,0.2392,0.0031209755688905716,1.245,-3.397,-3.866,69.462,1.22285
6525,543698.33,1,0.22844114899635315,0.2801969051361084,0.23809,0.002562206005677581,0.767,-2.789,-4.591,69.864,1.2223
6526,543781.67,1,0.21339371800422668,0.2742299735546112,0.24774,0.0027564566116780043,0.413,-2.052,-5.033,69.97,1.22262
6527,543865.0,1,0.27557453513145447,0.327637642621994,0.22673,0.0019328927155584097,-0.583,-1.758,-4.977,69.396,1.25145
6528,543948.33,1,0.7623242139816284,0.6140312552452087,0.0624,0.0025410579983145,-0.904,-0.927,-5.756,69.326,1.21932
6529,544031.67,1,0.7872747182846069,0.6852985620498657,0.03028,0.003784209955483675,-1.34,-0.436,-6.384,69.345,1.24681
6530,544115.0,1,0.6257876753807068,0.5842868089675903,0.11133,0.0037693153135478497,-1.938,-0.246,-7.021,69.759,1.23511
6531,544198.33,1,0.49126341938972473,0.4444636404514313,0.165,0.0028175117913633585,-2.468,0.32,-7.483,68.919,1.27038
6532,544281.67,1,0.3790198266506195,0.38326317071914673,0.19859,0.002410861663520336,-2.363,0.564,-7.718,68.286,1.26386
6533,544365.0,1,0.34981825947761536,0.34525346755981445,0.20987,0.002079728292301297,-2.541,0.602,-7.824,69.23,1.23864
6534,544448.33,1,0.31757819652557373,0.2987954616546631,0.22545,0.002598996739834547,-2.744,0.804,-8.106,69.336,1.23456
6535,544531.67,1,0.33102867007255554,0.3391185402870178,0.22166,0.0025475784204900265,-2.93,0.902,-8.506,69.438,1.22158
6536,544615.0,1,0.7595918774604797,0.6903390884399414,0.06085,0.0021118177101016045,-2.641,1.582,-8.72,69.138,1.20716
6537,544698.33,1,0.7830500602722168,0.7475547790527344,0.03217,0.002223022049292922,-2.383,1.724,-8.774,69.537,1.21308
6538,544781.67,1,0.4917219281196594,0.5872697830200195,0.12355,0.002257728250697255,-2.376,1.637,-8.759,69.416,1.21951
6539,544865.0,1,0.3722343444824219,0.45067712664604187,0.17739,0.0024695892352610826,-2.821,1.563,-8.71,69.203,1.20833
6540,544948.33,1,0.30242523550987244,0.380283921957016,0.20741,0.0022210797760635614,-2.723,1.475,-8.685,69.171,1.21952
6541,545031.67,1,0.28107184171676636,0.358612984418869,0.22006,0.002375812502577901,-2.727,1.422,-8.663,69.008,1.24576
6542,545115.0,1,0.28823891282081604,0.34271493554115295,0.22705,0.002138761570677161,-2.699,1.343,-8.593,68.94,1.22344
6543,545198.33,1,0.29291099309921265,0.3499218225479126,0.22802,0.0016134146135300398,-2.571,1.242,-8.548,68.701,1.24231
6544,545281.67,1,0.302898108959198,0.3501242399215698,0.22857,0.0013038000324741006,-2.481,1.196,-8.501,68.646,1.23169
6545,545365.0,1,0.30856913328170776,0.34920790791511536,0.22845,0.0012397276004776359,-2.383,1.147,-8.446,68.329,1.24997
6546,545448.33,1,0.31225576996803284,0.3484767973423004,0.2284,0.0012488409411162138,-2.263,1.063,-8.389,67.927,1.25886
6547,545531.67,1,0.3107263743877411,0.34499168395996094,0.22901,0.0012988571543246508,-2.285,1.057,-8.334,68.213,1.27428
6548,545615.0,1,0.30900999903678894,0.3417872488498688,0.22927,0.0013454158324748278,-2.358,1.069,-8.295,68.117,1.28692
6549,545698.33,1,0.3129972517490387,0.35378706455230713,0.22713,0.001439686631783843,-2.359,1.094,-8.254,68.358,1.28108
6550,545781.67,1,0.34638160467147827,0.4167003929615021,0.21115,0.0015622772043570876,-2.453,1.071,-8.226,68.314,1.24555
6551,545865.0,1,0.3960641324520111,0.5062943696975708,0.18565,0.0016758409328758717,-2.479,1.105,-8.219,68.369,1.25715
6552,545946.67,1,0.765412449836731,0.743320107460022,0.03925,0.0019224005518481135,-1.994,1.506,-8.249,68.199,1.27631
6553,546030.0,1,0.8040463924407959,0.7951568365097046,0.0139,0.002001831540837884,-1.538,1.641,-8.242,68.312,1.2744
6554,546113.33,1,0.6716395616531372,0.769629955291748,0.04712,0.001994252437725663,-1.563,1.413,-8.15,68.155,1.23961
6555,546196.67,1,0.4263589680194855,0.5664048194885254,0.14086,0.0021226753015071154,-1.695,1.268,-8.057,68.422,1.22965
6556,546280.0,1,0.34775522351264954,0.4470221698284149,0.18152,0.0020966818556189537,-1.719,1.221,-8.063,68.672,1.21365
6557,546363.33,1,0.3293592631816864,0.418262779712677,0.19395,0.0021431532222777605,-1.75,1.162,-8.054,68.629,1.2091
6558,546446.67,1,0.5263669490814209,0.6111359596252441,0.11859,0.0022650742903351784,-1.691,1.208,-8.013,68.57,1.18903
6559,546530.0,1,0.7392803430557251,0.7434930801391602,0.03826,0.002375139854848385,-1.573,1.428,-8.03,68.927,1.18032
6560,546613.33,1,0.693968653678894,0.7240853905677795,0.05411,0.002159321680665016,-1.66,1.34,-8.041,68.934,1.18318
6561,546696.67,1,0.5118651390075684,0.6215692758560181,0.11604,0.0021224895026534796,-2.068,1.27,-7.978,69.129,1.18856
6562,546780.0,1,0.43928462266921997,0.5368235111236572,0.15186,0.002125738887116313,-2.365,1.182,-7.902,68.606,1.20227
6563,546863.33,1,0.4107148349285126,0.47911518812179565,0.17441,0.002057242440059781,-2.504,1.118,-7.856,69.058,1.19688
6564,546946.67,1,0.40235933661460876,0.4598906636238098,0.18365,0.0019093144219368696,-2.664,1.057,-7.804,68.968,1.19223
6565,547030.0,1,0.3868173360824585,0.433099627494812,0.1931,0.0019017173908650875,-2.728,1.004,-7.784,68.907,1.21758
6566,547113.33,1,0.37231627106666565,0.41452980041503906,0.19912,0.0017799973720684648,-2.783,0.974,-7.774,68.516,1.23199
6567,547196.67,1,0.35838472843170166,0.39326906204223633,0.20482,0.0017154589295387268,-2.805,0.98,-7.744,68.72,1.21699
6568,547280.0,1,0.3627460300922394,0.39238372445106506,0.20457,0.001774520380422473,-2.818,0.981,-7.724,68.465,1.2291
6569,547363.33,1,0.6688203811645508,0.6524446606636047,0.08826,0.001806184882298112,-2.64,1.139,-7.669,68.554,1.2047
6570,547446.67,1,0.7524834275245667,0.7299948930740356,0.04237,0.0017717722803354263,-2.302,1.384,-7.655,68.363,1.22287
6571,547530.0,1,0.7088351845741272,0.703066349029541,0.05983,0.0017607739428058267,-2.358,1.329,-7.692,68.75,1.21074
6572,547613.33,1,0.5165505409240723,0.5948013663291931,0.12285,0.0017939619719982147,-2.378,1.247,-7.706,68.502,1.22322
6573,547696.67,1,0.4385976195335388,0.5190185308456421,0.15622,0.001755351317115128,-2.41,1.196,-7.693,68.52,1.22417
6574,547780.0,1,0.4075121581554413,0.47980937361717224,0.17339,0.0017396589973941445,-2.566,1.073,-7.69,68.237,1.23261
6575,547863.33,1,0.3876383304595947,0.45882150530815125,0.18421,0.0017040522070601583,-2.605,1.03,-7.639,68.453,1.2414
6576,547946.67,1,0.37525442242622375,0.4427694082260132,0.19188,0.0016446798108518124,-2.781,1.009,-7.596,68.22,1.24601
6577,548030.0,1,0.3722841143608093,0.42917758226394653,0.19773,0.0016115905018523335,-2.912,0.939,-7.524,68.744,1.2255
6578,548113.33,1,0.3721083402633667,0.41837140917778015,0.20127,0.0015860141720622778,-2.94,0.886,-7.447,68.727,1.21225
6579,548196.67,1,0.37050917744636536,0.40446826815605164,0.20528,0.0015642079524695873,-2.96,0.862,-7.403,68.726,1.22188
6580,548280.0,1,0.3686119318008423,0.3948935568332672,0.20814,0.0015442786971107125,-2.992,0.826,-7.371,68.249,1.22458
6581,548363.33,1,0.403627872467041,0.43991050124168396,0.1894,0.001647895434871316,-2.983,0.814,-7.372,68.846,1.21128
6582,548445.0,1,0.7300494909286499,0.7014930248260498,0.06065,0.0017572665819898248,-2.745,0.998,-7.407,68.887,1.20468
6583,548528.33,1,0.7483364343643188,0.7320131659507751,0.04247,0.0016264407895505428,-2.668,1.034,-7.463,69.142,1.20577
6584,548611.67,1,0.6431254744529724,0.7328897714614868,0.06694,0.0015470765065401793,-2.682,0.987,-7.474,68.707,1.22141
6585,548695.0,1,0.5160632133483887,0.6648696660995483,0.11339,0.0015514778206124902,-2.672,0.933,-7.439,69.047,1.21054
6586,548778.33,1,0.4499277174472809,0.5915341377258301,0.14532,0.0015285364352166653,-2.73,0.857,-7.377,68.832,1.21045
6587,548861.67,1,0.4250514507293701,0.5475412011146545,0.16215,0.0015182492788881063,-2.926,0.766,-7.337,69.002,1.21283
6588,548945.0,1,0.4072287082672119,0.5196290016174316,0.17387,0.0015857410617172718,-2.953,0.76,-7.265,68.507,1.22983
6589,549028.33,1,0.4015148878097534,0.5012317895889282,0.18034,0.0015379437245428562,-2.974,0.741,-7.219,68.583,1.23948
6590,549111.67,1,0.398660808801651,0.489666610956192,0.18369,0.0015213506994768977,-3.041,0.731,-7.174,68.604,1.22918
6591,549195.0,1,0.3976718485355377,0.4726625382900238,0.18776,0.001558955293148756,-3.049,0.718,-7.115,68.558,1.24279
6592,549278.33,1,0.3977413773536682,0.45857927203178406,0.19049,0.001719675026834011,-3.073,0.72,-7.076,68.188,1.25371
6593,549361.67,1,0.3980371654033661,0.45110800862312317,0.1922,0.0017220769077539444,-3.083,0.71,-7.034,68.557,1.24159
6594,549445.0,1,0.39588767290115356,0.44631898403167725,0.1943,0.0016887553501874208,-3.038,0.669,-7.014,68.229,1.24859
6595,549528.33,1,0.39335426688194275,0.4427959620952606,0.19472,0.002034087898209691,-2.909,0.665,-7.007,68.708,1.22873
6596,549611.67,1,0.3933318853378296,0.4363921880722046,0.19622,0.0020675912965089083,-2.882,0.679,-6.964,68.743,1.21822
6597,549695.0,1,0.3906630575656891,0.4317082166671753,0.19726,0.002268702257424593,-2.682,0.655,-6.946,68.694,1.22578
6598,549778.33,1,0.3793962597846985,0.4250169098377228,0.199,0.0027288119308650494,-2.468,0.656,-6.934,68.524,1.20607
6599,549861.67,1,0.38765349984169006,0.4270823299884796,0.19774,0.0024997438304126263,-2.139,0.717,-6.914,68.428,1.22717
6600,549945.0,1,0.39879176020622253,0.4661114811897278,0.18574,0.003339547198265791,-2.092,0.712,-6.916,68.787,1.2196
6601,550028.33,1,0.4164321720600128,0.5168856382369995,0.17286,0.0034165256656706333,-2.101,0.699,-6.905,69.007,1.21012
6602,550111.67,1,0.4274621903896332,0.5473260879516602,0.16494,0.0034580491483211517,-2.123,0.708,-6.896,68.63,1.2245
6603,550195.0,1,0.44123056530952454,0.5855488777160645,0.15501,0.0033561703749001026,-2.217,0.741,-6.897,68.609,1.22475
6604,550278.33,1,0.4489702880382538,0.6063137054443359,0.14872,0.003325441852211952,-2.284,0.746,-6.909,68.528,1.21667
6605,550361.67,1,0.660801887512207,0.7131232023239136,0.06768,0.0032589591573923826,-2.075,0.939,-6.821,68.864,1.21836
6606,550445.0,1,0.7169055938720703,0.7444055080413818,0.04238,0.0033159039448946714,-1.806,1.085,-6.815,68.484,1.23384
6607,550528.33,1,0.6790562272071838,0.738500714302063,0.05162,0.0031105370726436377,-1.783,1.032,-6.817,68.836,1.21818
6608,550611.67,1,0.5530675649642944,0.6495362520217896,0.09959,0.003226883476600051,-2.049,0.943,-6.868,68.611,1.20254
6609,550695.0,1,0.45862439274787903,0.555130124092102,0.14186,0.0030315741896629333,-2.357,0.923,-6.842,68.595,1.22461
6610,550778.33,1,0.42905500531196594,0.5008488297462463,0.16134,0.00320578389801085,-2.451,0.887,-6.785,68.17,1.24196
6611,550860.0,1,0.41684970259666443,0.47315075993537903,0.17163,0.003030032617971301,-2.595,0.875,-6.762,68.46,1.23661
6612,550943.33,1,0.40385010838508606,0.4593849778175354,0.17752,0.003209006506949663,-2.617,0.867,-6.759,68.105,1.24585
6613,551026.67,1,0.3323090970516205,0.3835168182849884,0.19954,0.003637562971562147,-2.392,0.861,-6.757,68.286,1.25468
6614,551110.0,1,0.21241497993469238,0.22652657330036163,0.24381,0.00476387795060873,-2.051,0.87,-6.866,68.0,1.26211
6615,551193.33,1,0.18487998843193054,0.17224490642547607,0.25971,0.0057238442823290825,-1.405,0.905,-6.853,68.414,1.22952
6616,551276.67,1,0.18359604477882385,0.17827335000038147,0.26079,0.005944409873336554,-1.245,0.871,-6.799,68.47,1.21524
6617,551360.0,1,0.2003929167985916,0.1841699779033661,0.25956,0.00594040984287858,-1.143,0.787,-6.757,68.604,1.22868
6618,551443.33,1,0.19519326090812683,0.1736764758825302,0.26647,0.005965834949165583,-0.891,0.698,-6.72,68.569,1.21879
6619,551526.67,1,0.18081720173358917,0.15741173923015594,0.27593,0.005210408475250006,-0.702,0.649,-6.694,68.913,1.20891
6620,551610.0,1,0.17244663834571838,0.15179897844791412,0.27748,0.004573056939989328,-0.355,0.636,-6.618,68.799,1.20476
6621,551693.33,1,0.17270098626613617,0.17885158956050873,0.27331,0.004187578801065683,-0.063,0.588,-6.557,68.997,1.20816
6622,551776.67,1,0.2233937680721283,0.22324933111667633,0.24308,0.004376161843538284,-0.137,0.525,-6.422,68.518,1.22831
6623,551860.0,1,0.3001508116722107,0.4461451768875122,0.17668,0.004155891016125679,-0.531,0.438,-6.174,68.621,1.23512
6624,551943.33,1,0.3640882074832916,0.5277243852615356,0.15433,0.0039051256608217955,-1.253,0.354,-5.847,68.58,1.21325
6625,552026.67,1,0.40039461851119995,0.5642577409744263,0.14747,0.004252577666193247,-2.16,0.24,-5.558,68.782,1.2218
6626,552110.0,1,0.43023619055747986,0.5921103358268738,0.14096,0.0046231611631810665,-2.691,0.305,-5.276,68.804,1.20645
6627,552193.33,1,0.6199147701263428,0.7056890726089478,0.07173,0.0040593394078314304,-2.616,0.224,-5.068,68.869,1.22533
6628,552276.67,1,0.7311233878135681,0.7542310953140259,0.03357,0.003604724770411849,-2.397,0.186,-4.928,68.581,1.24198
6629,552360.0,1,0.700406014919281,0.7142207622528076,0.05307,0.0034645821433514357,-2.394,0.148,-4.902,68.464,1.25093
6630,552443.33,1,0.5140172243118286,0.5925265550613403,0.12074,0.0035259758587926626,-2.591,0.064,-4.802,68.356,1.25796
6631,552526.67,1,0.43463096022605896,0.4569389522075653,0.1661,0.003477341728284955,-2.729,-0.02,-4.74,68.83,1.24202
6632,552610.0,1,0.3987128436565399,0.39030352234840393,0.18803,0.0034187587443739176,-2.854,-0.079,-4.683,68.545,1.24485
6633,552693.33,1,0.37231582403182983,0.350003719329834,0.20197,0.0033833361230790615,-2.836,-0.081,-4.632,68.635,1.24142
6634,552776.67,1,0.35827338695526123,0.3314492106437683,0.2088,0.0031430225353688,-2.827,-0.095,-4.611,68.374,1.24982
6635,552860.0,1,0.3547526001930237,0.327392041683197,0.21106,0.002988494001328945,-2.837,-0.101,-4.591,68.958,1.22747
6636,552943.33,1,0.3443734049797058,0.3226833939552307,0.21324,0.0031150029972195625,-2.833,-0.091,-4.579,68.943,1.21509
6637,553026.67,1,0.3376244306564331,0.3178432881832123,0.21622,0.0030588419176638126,-2.786,-0.062,-4.587,69.363,1.20083
6638,553110.0,1,0.3296222686767578,0.3146109879016876,0.21967,0.0028535074088722467,-2.783,-0.056,-4.581,69.131,1.19029
6639,553193.33,1,0.3265291154384613,0.31200769543647766,0.22135,0.0029407902620732784,-2.777,-0.066,-4.585,69.141,1.21454
6640,553276.67,1,0.3314381539821625,0.32669687271118164,0.21744,0.003130154451355338,-2.78,-0.062,-4.6,68.789,1.23116
6641,553358.33,1,0.651123583316803,0.6659777164459229,0.08282,0.0031777569092810154,-2.475,0.015,-4.724,69.109,1.22156
6642,553441.67,1,0.7214056253433228,0.7237671613693237,0.04687,0.0029178138356655836,-2.13,0.098,-4.819,68.697,1.22223
6643,553525.0,1,0.6648027896881104,0.6807253360748291,0.07019,0.002612276002764702,-2.21,0.03,-4.86,68.918,1.21976
6644,553608.33,1,0.5503697395324707,0.6444708108901978,0.10456,0.0026103586424142122,-2.392,0.013,-4.839,69.058,1.21031
6645,553691.67,1,0.48383328318595886,0.5875508785247803,0.1332,0.0027178481686860323,-2.529,-0.031,-4.777,69.254,1.22152
6646,553775.0,1,0.44920217990875244,0.5585201382637024,0.14932,0.002655561314895749,-2.532,-0.044,-4.734,69.29,1.21228
6647,553858.33,1,0.42015066742897034,0.5119576454162598,0.16509,0.0025994221214205027,-2.608,-0.053,-4.73,69.342,1.22289
6648,553941.67,1,0.39210793375968933,0.47061610221862793,0.17733,0.0026534635107964277,-2.598,-0.075,-4.724,69.311,1.2161
6649,554025.0,1,0.3716646730899811,0.4400317072868347,0.18848,0.002616297220811248,-2.623,-0.049,-4.703,69.223,1.23417
6650,554108.33,1,0.3719615638256073,0.4327101707458496,0.19138,0.0025476363953202963,-2.661,-0.064,-4.699,68.819,1.24491
6651,554191.67,1,0.3665517568588257,0.4261974096298218,0.19372,0.0025747737381607294,-2.636,-0.049,-4.675,68.774,1.23742
6652,554275.0,1,0.3606528341770172,0.41733184456825256,0.1974,0.002677467418834567,-2.565,-0.003,-4.648,68.492,1.23389
6653,554358.33,1,0.3546779751777649,0.4065558910369873,0.20081,0.002917921869084239,-2.567,-0.001,-4.604,69.314,1.21177
6654,554441.67,1,0.3488815724849701,0.3901127874851227,0.20396,0.0030562314204871655,-2.566,0.009,-4.523,69.56,1.19976
6655,554525.0,1,0.34273386001586914,0.377617746591568,0.20856,0.002945794491097331,-2.687,0.012,-4.497,69.667,1.21914
6656,554608.33,1,0.34129273891448975,0.37318453192710876,0.21031,0.0030676808673888445,-2.753,0.014,-4.512,69.369,1.23345
6657,554691.67,1,0.3350701630115509,0.36549070477485657,0.21227,0.0030818942468613386,-2.726,0.035,-4.508,69.77,1.21941
6658,554775.0,1,0.3253438472747803,0.3551642894744873,0.21468,0.0033186625223606825,-2.696,0.025,-4.524,69.38,1.21896
6659,554858.33,1,0.3189195990562439,0.3469535708427429,0.21694,0.003409551689401269,-2.725,-0.006,-4.526,69.398,1.23003
6660,554941.67,1,0.34462305903434753,0.3596193492412567,0.20919,0.0034692869521677494,-2.566,-0.064,-4.528,69.84,1.21223
6661,555025.0,1,0.3827902674674988,0.4167298674583435,0.191,0.003364167409017682,-2.48,-0.078,-4.554,69.98,1.22522
6662,555108.33,1,0.42658671736717224,0.5337661504745483,0.16021,0.0031912163831293583,-2.382,-0.116,-4.567,69.658,1.23658
6663,555191.67,1,0.43178534507751465,0.5500882863998413,0.15451,0.0030990559607744217,-2.275,-0.228,-4.61,70.061,1.22695
6664,555275.0,1,0.43136459589004517,0.5416960716247559,0.15555,0.0030545685440301895,-2.272,-0.255,-4.615,69.761,1.23212
6665,555358.33,1,0.42700904607772827,0.5270781517028809,0.16012,0.003010124433785677,-2.302,-0.254,-4.634,70.032,1.224
6666,555441.67,1,0.4232812523841858,0.5016103386878967,0.16618,0.0030232828576117754,-2.45,-0.215,-4.617,69.556,1.23633
6667,555525.0,1,0.39409175515174866,0.4146893620491028,0.18786,0.003005317412316799,-2.665,-0.138,-4.616,69.985,1.21919
6668,555608.33,1,0.3477659523487091,0.3343316614627838,0.20845,0.0029733809642493725,-2.706,-0.08,-4.61,69.886,1.21009
6669,555691.67,1,0.33993351459503174,0.3273191452026367,0.2098,0.0030810474418103695,-2.731,-0.067,-4.628,70.196,1.20028
6670,555773.33,1,0.6140042543411255,0.5667479634284973,0.10409,0.0032601961866021156,-2.697,0.038,-4.687,70.044,1.19801
6671,555856.67,1,0.7531235814094543,0.7164595127105713,0.03626,0.0031701503321528435,-2.503,0.197,-4.729,69.972,1.20255
6672,555940.0,1,0.7117327451705933,0.7103343605995178,0.04509,0.002919989638030529,-2.387,0.215,-4.818,69.706,1.20709
6673,556023.33,1,0.608939528465271,0.6958616971969604,0.07216,0.0026936684735119343,-2.625,0.09,-4.882,69.715,1.21173
6674,556106.67,1,0.48398202657699585,0.6245228052139282,0.11835,0.0025871596299111843,-2.799,0.036,-4.871,69.084,1.22489
6675,556190.0,1,0.4188656508922577,0.5404601693153381,0.15075,0.0025811141822487116,-2.843,0.029,-4.851,69.082,1.23176
6676,556273.33,1,0.378177285194397,0.4753988981246948,0.17306,0.002426575869321823,-2.769,0.005,-4.836,69.051,1.22745
6677,556356.67,1,0.3577136695384979,0.4266408383846283,0.18963,0.002312462544068694,-2.832,-0.01,-4.824,69.06,1.24583
6678,556440.0,1,0.3645458221435547,0.4063021242618561,0.19406,0.002403239719569683,-2.808,-0.035,-4.816,68.873,1.25049
6679,556523.33,1,0.36834582686424255,0.430672287940979,0.18794,0.0024360409006476402,-2.819,-0.064,-4.855,69.025,1.25911
6680,556606.67,1,0.694452166557312,0.7065552473068237,0.06405,0.0026253361720591784,-2.662,0.046,-4.826,68.865,1.26655
6681,556690.0,1,0.7597528100013733,0.7665636539459229,0.03018,0.0025290127377957106,-2.577,0.142,-4.88,69.072,1.26955
6682,556773.33,1,0.7354421615600586,0.7517315149307251,0.03805,0.0023807035759091377,-2.634,0.09,-4.894,68.88,1.27285
6683,556856.67,1,0.5747271776199341,0.6946035623550415,0.08634,0.0022266474552452564,-2.929,-0.007,-4.867,69.577,1.22501
6684,556940.0,1,0.47404494881629944,0.6229010224342346,0.12827,0.0021395403891801834,-3.291,0.021,-4.81,69.641,1.19767
6685,557023.33,1,0.43789708614349365,0.5668759346008301,0.15137,0.0020312992855906487,-3.511,0.04,-4.786,69.616,1.21506
6686,557106.67,1,0.42059993743896484,0.527281641960144,0.16407,0.0020633533131331205,-3.497,0.014,-4.754,69.247,1.2271
6687,557190.0,1,0.4077296555042267,0.49432528018951416,0.1727,0.002160794800147414,-3.488,0.03,-4.716,69.493,1.21101
6688,557273.33,1,0.39324235916137695,0.4575534760951996,0.18265,0.002241120906546712,-3.503,0.03,-4.713,68.997,1.20878
6689,557356.67,1,0.37421005964279175,0.44986459612846375,0.18768,0.0023680529557168484,-3.451,0.023,-4.692,69.28,1.19545
6690,557440.0,1,0.37099480628967285,0.42558056116104126,0.19317,0.0023631039075553417,-3.378,0.039,-4.682,69.602,1.18297
6691,557523.33,1,0.36874234676361084,0.41809776425361633,0.19578,0.0022588069550693035,-3.374,0.035,-4.654,69.639,1.18419
6692,557606.67,1,0.3704061806201935,0.41193100810050964,0.19755,0.0021404672879725695,-3.433,0.012,-4.608,69.32,1.18179
6693,557690.0,1,0.3701249361038208,0.4086818993091583,0.19907,0.002248105825856328,-3.391,0.007,-4.585,69.548,1.19687
6694,557773.33,1,0.37041977047920227,0.4078853130340576,0.19948,0.0024289952125400305,-3.144,-0.036,-4.578,69.106,1.2193
6695,557856.67,1,0.3737045228481293,0.4132363796234131,0.19766,0.002422013785690069,-3.077,-0.05,-4.583,69.111,1.22363
6696,557940.0,1,0.38219544291496277,0.42928948998451233,0.19311,0.002375310752540827,-3.047,-0.056,-4.584,69.131,1.2144
6697,558023.33,1,0.4480377435684204,0.5626252889633179,0.15575,0.002394177485257387,-2.903,-0.03,-4.647,69.579,1.20787
6698,558105.0,1,0.7691445350646973,0.7334499359130859,0.03592,0.002370426431298256,-2.483,0.342,-4.719,69.567,1.20687
6699,558188.33,1,0.8089302778244019,0.7879201769828796,0.0118,0.0024502233136445284,-2.23,0.428,-4.845,69.512,1.22935
6700,558271.67,1,0.7721108198165894,0.7750093340873718,0.02033,0.0025516313035041094,-2.189,0.396,-4.889,69.086,1.24313
6701,558355.0,1,0.8072801232337952,0.793368399143219,0.0129,0.002641901606693864,-2.141,0.505,-4.948,69.13,1.25405
6702,558438.33,1,0.8099069595336914,0.8045883774757385,0.01422,0.0026756732258945704,-2.157,0.605,-4.986,68.874,1.26298
6703,558521.67,1,0.7733204364776611,0.8052219152450562,0.0219,0.0025500610936433077,-2.227,0.489,-4.976,69.145,1.25965
6704,558605.0,1,0.6133779287338257,0.7500956058502197,0.06037,0.00242819357663393,-2.434,0.221,-4.997,69.164,1.24104
6705,558688.33,1,0.525394856929779,0.6881848573684692,0.09699,0.002403083024546504,-2.613,0.109,-4.947,69.298,1.21938
6706,558771.67,1,0.46775022149086,0.6262363195419312,0.12644,0.002347282599657774,-2.659,0.078,-4.894,68.786,1.21896
6707,558855.0,1,0.4471525549888611,0.5858372449874878,0.14259,0.0023269883822649717,-2.726,0.092,-4.842,69.004,1.22682
6708,558938.33,1,0.43111851811408997,0.5589752197265625,0.15223,0.0024499213322997093,-2.74,0.099,-4.81,69.126,1.21979
6709,559021.67,1,0.4215974807739258,0.5278472900390625,0.16131,0.0024755701888352633,-2.774,0.061,-4.804,69.315,1.23398
6710,559105.0,1,0.420478492975235,0.5130616426467896,0.1656,0.002637075027450919,-2.787,0.036,-4.804,69.358,1.22265
6711,559188.33,1,0.41763603687286377,0.5008361339569092,0.16879,0.002873986028134823,-2.815,0.035,-4.799,69.428,1.2393
6712,559271.67,1,0.4160545766353607,0.49317240715026855,0.17117,0.0030143442563712597,-2.84,0.034,-4.763,69.113,1.25086
6713,559355.0,1,0.4128008484840393,0.4881323575973511,0.17228,0.0029986323788762093,-2.828,0.04,-4.75,69.164,1.25125
6714,559438.33,1,0.41234201192855835,0.5119842290878296,0.1662,0.0030326249543577433,-2.856,0.017,-4.771,68.817,1.24807
6715,559521.67,1,0.5685795545578003,0.6675270795822144,0.09773,0.003239203942939639,-2.827,0.029,-4.783,69.558,1.22838
6716,559605.0,1,0.801558792591095,0.7790511846542358,0.01296,0.003309458028525114,-2.548,0.288,-4.882,69.772,1.21653
6717,559688.33,1,0.8287113308906555,0.814246654510498,0.0194,0.0030482218135148287,-2.422,0.362,-4.968,69.904,1.23241
6718,559771.67,1,0.8195316791534424,0.8162046074867249,0.01921,0.003400140907615423,-2.428,0.383,-4.977,69.62,1.24709
6719,559855.0,1,0.798427939414978,0.8064899444580078,0.01568,0.0036530352663248777,-2.353,0.359,-4.993,69.388,1.24269
6720,559938.33,1,0.7920196056365967,0.8002232909202576,0.01543,0.0033974098041653633,-2.51,0.329,-4.985,69.785,1.22244
6721,560021.67,1,0.741206169128418,0.7953654527664185,0.02808,0.002944397274404764,-2.521,0.303,-4.923,70.148,1.21583
6722,560105.0,1,0.6879696846008301,0.7767373919487,0.04153,0.002811404410749674,-2.749,0.198,-4.898,69.815,1.22183
6723,560188.33,1,0.6487849950790405,0.7603858113288879,0.05397,0.0029577792156487703,-2.818,0.168,-4.906,70.113,1.21337
6724,560271.67,1,0.6301337480545044,0.7512729167938232,0.05985,0.003195478580892086,-2.828,0.155,-4.878,69.874,1.22638
6725,560355.0,1,0.6227965354919434,0.7382326126098633,0.0656,0.0031531848944723606,-2.926,0.17,-4.79,70.083,1.23268
6726,560436.67,1,0.6305941343307495,0.7332373857498169,0.06622,0.00301487953402102,-2.976,0.177,-4.75,70.06,1.21287
6727,560520.0,1,0.6417607665061951,0.7392525672912598,0.06279,0.002858842955902219,-2.915,0.235,-4.774,70.164,1.22416
6728,560603.33,1,0.6516207456588745,0.742042064666748,0.06024,0.0025924586225301027,-2.721,0.203,-4.766,70.143,1.21817
6729,560686.67,1,0.6574032306671143,0.7473562955856323,0.05808,0.0025447106454521418,-2.673,0.159,-4.79,70.171,1.22078
6730,560770.0,1,0.669664740562439,0.7469820976257324,0.05346,0.002532407408580184,-2.382,0.295,-4.78,70.196,1.21268
6731,560853.33,1,0.6794047355651855,0.7520515322685242,0.04985,0.0025104221422225237,-2.384,0.293,-4.799,70.436,1.19923
6732,560936.67,1,0.6861304044723511,0.7558470964431763,0.0464,0.0026035162154585123,-2.379,0.297,-4.787,70.305,1.19908
6733,561020.0,1,0.6871498227119446,0.7546818256378174,0.04509,0.002776371780782938,-2.21,0.461,-4.773,70.446,1.20871
6734,561103.33,1,0.6703416705131531,0.7343995571136475,0.05427,0.0032001109793782234,-2.033,0.561,-4.822,69.575,1.25603
6735,561186.67,1,0.6693020462989807,0.7358111143112183,0.05362,0.004199363756924868,-2.028,0.612,-4.844,69.427,1.27147
6736,561270.0,1,0.6745914220809937,0.7417078614234924,0.04983,0.004999769385904074,-2.093,0.618,-4.846,69.096,1.26972
6737,561353.33,1,0.6866167783737183,0.7463976740837097,0.04483,0.004867495968937874,-2.048,0.583,-4.804,69.872,1.2284
6738,561436.67,1,0.6971332430839539,0.7574813365936279,0.04093,0.004259541630744934,-2.001,0.631,-4.818,69.941,1.20819
6739,561520.0,1,0.7000022530555725,0.759909987449646,0.0414,0.004007658455520868,-1.999,0.649,-4.838,69.523,1.21828
6740,561603.33,1,0.695385754108429,0.7637022733688354,0.04063,0.00469833891838789,-1.868,0.719,-4.877,69.428,1.19342
6741,561686.67,1,0.692487895488739,0.7640929818153381,0.0418,0.004391910508275032,-1.881,0.66,-4.85,69.65,1.19626
6742,561770.0,1,0.6939102411270142,0.7613691091537476,0.04312,0.004451567307114601,-1.966,0.551,-4.801,68.912,1.21927
6743,561853.33,1,0.6896811723709106,0.7499960660934448,0.04465,0.004691925831139088,-1.859,0.495,-4.808,69.399,1.18756
6744,561936.67,1,0.6449230909347534,0.7329761981964111,0.05523,0.004976883064955473,-1.82,0.477,-4.853,69.406,1.17396
6745,562020.0,1,0.5052626132965088,0.6371338367462158,0.10701,0.005030713975429535,-2.079,0.275,-4.855,69.226,1.24853
6746,562103.33,1,0.42496952414512634,0.5526096224784851,0.14185,0.004717066418379545,-2.358,0.243,-4.732,68.957,1.23238
6747,562186.67,1,0.43185073137283325,0.5414965152740479,0.14911,0.004930528812110424,-2.605,0.182,-4.666,68.539,1.2519
6748,562270.0,1,0.43438801169395447,0.5292951464653015,0.15468,0.004852800630033016,-2.741,0.164,-4.642,68.126,1.26558
6749,562353.33,1,0.4422673285007477,0.5354148149490356,0.15354,0.00454583577811718,-2.911,0.121,-4.633,68.068,1.27074
6750,562436.67,1,0.444947749376297,0.5304356813430786,0.15446,0.005003808997571468,-2.812,0.063,-4.695,67.412,1.31746
6751,562520.0,1,0.4135136902332306,0.4864504039287567,0.16885,0.005462389439344406,-2.859,0.063,-4.755,67.803,1.29388
6752,562603.33,1,0.3897501826286316,0.44454634189605713,0.1845,0.004234779626131058,-3.033,0.073,-4.845,67.664,1.28454
6753,562686.67,1,0.36491504311561584,0.42098623514175415,0.19347,0.004341182764619589,-2.952,0.092,-4.858,67.83,1.28865
6754,562770.0,1,0.3540528416633606,0.4104728698730469,0.19781,0.004332168959081173,-2.872,0.124,-4.873,67.244,1.31007
6755,562851.67,1,0.3489643633365631,0.40276339650154114,0.19989,0.004290678538382053,-2.611,0.191,-4.861,67.76,1.25076
6756,562935.0,1,0.34433719515800476,0.40686216950416565,0.1988,0.007015693467110395,-2.418,0.178,-4.864,67.676,1.22413
6757,563018.33,1,0.3404407799243927,0.41513100266456604,0.19507,0.011851847171783447,-1.405,0.271,-4.846,67.951,1.20835
6758,563101.67,1,0.3206207752227783,0.4558756649494171,0.18924,0.015838880091905594,0.723,0.013,-4.957,67.992,1.20862
6759,563185.0,1,0.310813844203949,0.476323664188385,0.18057,0.020968900993466377,1.246,0.092,-4.983,68.135,1.19608
6760,563268.33,1,0.3041589856147766,0.48486238718032837,0.17325,0.025243937969207764,1.917,0.051,-5.011,68.091,1.20211
6761,563351.67,1,0.3013833463191986,0.4606334865093231,0.17609,0.02359497733414173,2.092,0.122,-4.998,68.098,1.20168
6762,563435.0,1,0.29277417063713074,0.4225613474845886,0.1836,0.022616392001509666,2.156,0.159,-4.987,67.536,1.2177
6763,563518.33,1,0.2897709906101227,0.4081838130950928,0.18945,0.017667289823293686,2.139,0.148,-4.989,67.652,1.23351
6764,563601.67,1,0.2916777729988098,0.40253275632858276,0.19219,0.010065769776701927,2.059,0.179,-5.011,67.698,1.22676
6765,563685.0,1,0.35532546043395996,0.5274597406387329,0.15357,0.006838752422481775,1.42,0.179,-5.05,68.029,1.21237
6766,563768.33,1,0.36127814650535583,0.5327086448669434,0.15392,0.005478261038661003,0.505,0.176,-5.028,67.743,1.19981
6767,563851.67,1,0.3737470209598541,0.5140440464019775,0.16229,0.0047531286254525185,-0.107,0.182,-4.941,67.93,1.19267
6768,563935.0,1,0.376179575920105,0.4888301491737366,0.17078,0.004560834728181362,-0.761,0.104,-4.898,67.811,1.19566
6769,564018.33,1,0.4821109175682068,0.5706561207771301,0.13247,0.004308613948523998,-1.135,0.227,-4.907,68.117,1.20059
6770,564101.67,1,0.4957391917705536,0.6004617214202881,0.12377,0.004250492434948683,-1.204,0.256,-4.973,67.918,1.2043
6771,564185.0,1,0.4484865665435791,0.5778489112854004,0.13755,0.00400460883975029,-1.304,0.216,-4.98,67.72,1.21724
6772,564268.33,1,0.38733577728271484,0.4810965359210968,0.16745,0.003954039886593819,-1.594,0.138,-4.978,67.686,1.21534
6773,564351.67,1,0.3479541540145874,0.4202384948730469,0.18658,0.003983479458838701,-1.733,0.084,-4.969,67.735,1.20948
6774,564435.0,1,0.3211274743080139,0.3917730450630188,0.19731,0.004140396602451801,-1.776,0.051,-4.959,67.387,1.23251
6775,564518.33,1,0.30124029517173767,0.36363208293914795,0.20636,0.004040145315229893,-1.856,0.047,-4.953,67.788,1.22319
6776,564601.67,1,0.28291457891464233,0.338235467672348,0.21517,0.004093526862561703,-1.887,0.042,-4.964,67.724,1.21938
6777,564685.0,1,0.27749499678611755,0.3298381268978119,0.2189,0.0038108627777546644,-1.896,0.035,-4.97,67.664,1.22805
6778,564768.33,1,0.27654069662094116,0.3207818567752838,0.22194,0.0036270204000175,-1.917,0.019,-4.961,67.474,1.21532
6779,564851.67,1,0.2857423424720764,0.3261786699295044,0.22096,0.003693351289257407,-1.933,-0.009,-4.927,67.009,1.22167
6780,564935.0,1,0.530512809753418,0.5728899836540222,0.126,0.003938001114875078,-1.835,0.027,-5.023,67.072,1.20417
6781,565018.33,1,0.6322193145751953,0.6955564022064209,0.07333,0.003766372799873352,-1.718,-0.008,-5.033,67.293,1.22141
6782,565100.0,1,0.6350884437561035,0.7203996181488037,0.0629,0.0037509212270379066,-1.704,0.07,-4.994,67.295,1.21892
6783,565183.33,1,0.6372244954109192,0.7258694171905518,0.05855,0.003920082002878189,-1.759,0.09,-4.971,67.571,1.20934
6784,565266.67,1,0.5543438792228699,0.7245980501174927,0.07083,0.004299894440919161,-1.739,0.098,-4.932,67.403,1.20923
6785,565350.0,1,0.4248087704181671,0.6092026233673096,0.12349,0.004189732950180769,-1.905,0.024,-4.93,67.493,1.21443
6786,565433.33,1,0.3625143766403198,0.5073481798171997,0.162,0.00433921255171299,-2.064,-0.105,-4.899,67.037,1.23629
6787,565516.67,1,0.34294062852859497,0.4273556172847748,0.18723,0.003756325226277113,-2.157,-0.164,-4.845,67.03,1.25132
6788,565600.0,1,0.33227357268333435,0.3946378231048584,0.19732,0.003354913555085659,-2.124,-0.181,-4.814,66.697,1.26505
6789,565683.33,1,0.3274112045764923,0.37694478034973145,0.20375,0.003119557397440076,-2.19,-0.173,-4.777,67.189,1.24269
6790,565766.67,1,0.3175404965877533,0.3526836633682251,0.21042,0.002998467069119215,-2.211,-0.136,-4.765,67.15,1.2291
6791,565850.0,1,0.3038724362850189,0.34422141313552856,0.2154,0.0029678409919142723,-2.217,-0.127,-4.753,67.349,1.22962
6792,565933.33,1,0.29009127616882324,0.32913345098495483,0.22053,0.0029509582091122866,-2.195,-0.126,-4.731,66.865,1.24215
6793,566016.67,1,0.28435879945755005,0.3223434090614319,0.22265,0.00314734922721982,-2.204,-0.129,-4.724,66.813,1.23843
6794,566100.0,1,0.2742149531841278,0.3126189708709717,0.22523,0.0035383414942771196,-2.179,-0.119,-4.695,66.669,1.21559
6795,566183.33,1,0.2681691348552704,0.3044145703315735,0.22722,0.003974906634539366,-2.12,-0.143,-4.687,66.99,1.21934
6796,566266.67,1,0.2717728018760681,0.3067561984062195,0.22706,0.0041163088753819466,-2.167,-0.21,-4.657,66.67,1.23933
6797,566350.0,1,0.27215707302093506,0.3077056407928467,0.22692,0.004101109690964222,-2.144,-0.274,-4.666,66.654,1.23482
6798,566433.33,1,0.2715199887752533,0.3112075626850128,0.22633,0.004037179984152317,-2.113,-0.284,-4.655,66.611,1.21587
6799,566516.67,1,0.2763487696647644,0.3236375153064728,0.22414,0.003412034595385194,-2.116,-0.32,-4.67,67.085,1.2097
6800,566600.0,1,0.27934280037879944,0.32776153087615967,0.22347,0.003243351122364402,-2.169,-0.325,-4.682,67.098,1.2102
6801,566683.33,1,0.2846188545227051,0.33139729499816895,0.22209,0.003290865570306778,-2.221,-0.341,-4.686,67.014,1.21999
6802,566766.67,1,0.2882632613182068,0.3365797996520996,0.22063,0.0032498848158866167,-2.249,-0.359,-4.705,67.037,1.21539
6803,566850.0,1,0.2907790541648865,0.33931764960289,0.2203,0.003257109085097909,-2.236,-0.355,-4.706,67.078,1.2395
6804,566933.33,1,0.29225069284439087,0.33868691325187683,0.22023,0.0034562551882117987,-2.227,-0.364,-4.675,66.79,1.25581
6805,567016.67,1,0.2914045751094818,0.3365512490272522,0.22101,0.0035600708797574043,-2.195,-0.371,-4.667,67.217,1.24543
6806,567100.0,1,0.2890673279762268,0.33757662773132324,0.22161,0.0035660804715007544,-2.155,-0.367,-4.678,66.876,1.24398
6807,567183.33,1,0.28863826394081116,0.3319327235221863,0.22396,0.0033408200833946466,-2.168,-0.351,-4.662,67.291,1.21976
6808,567266.67,1,0.28584998846054077,0.3285776376724243,0.22508,0.003103455062955618,-2.169,-0.348,-4.683,67.273,1.20943
6809,567350.0,1,0.2910730838775635,0.33222368359565735,0.22058,0.0030586933717131615,-2.126,-0.32,-4.702,66.995,1.22135
6810,567433.33,1,0.3145533502101898,0.36435800790786743,0.21176,0.003002406796440482,-2.106,-0.292,-4.717,66.626,1.24935
6811,567515.0,1,0.355988472700119,0.4321284592151642,0.19135,0.003162963315844536,-2.066,-0.281,-4.749,66.776,1.24784
6812,567598.33,1,0.6568385362625122,0.6928484439849854,0.07224,0.003108680248260498,-1.78,-0.039,-4.822,66.583,1.24435
6813,567681.67,1,0.7816593647003174,0.7988405227661133,0.01792,0.0031173699535429478,-1.456,0.184,-4.923,66.99,1.25473
6814,567765.0,1,0.78859943151474,0.8076703548431396,0.0169,0.003228976158425212,-1.459,0.216,-5.017,66.884,1.26294
6815,567848.33,1,0.7536158561706543,0.7874791026115417,0.02094,0.0033644489012658596,-1.538,0.129,-5.02,67.248,1.2575
6816,567931.67,1,0.5282451510429382,0.731956958770752,0.07768,0.0033646919764578342,-1.645,-0.023,-5.023,67.325,1.24028
6817,568015.0,1,0.40536653995513916,0.6665016412734985,0.11929,0.003480662824586034,-1.92,-0.217,-4.986,67.443,1.23673
6818,568098.33,1,0.36268532276153564,0.5813939571380615,0.14923,0.003913145046681166,-2.118,-0.23,-4.975,67.261,1.21556
6819,568181.67,1,0.3284628987312317,0.4769754409790039,0.17875,0.004008705727756023,-2.126,-0.258,-4.905,67.367,1.22188
6820,568265.0,1,0.32073554396629333,0.4032765328884125,0.19727,0.0037857575807720423,-2.176,-0.252,-4.828,67.324,1.20748
6821,568348.33,1,0.31350210309028625,0.377741277217865,0.20614,0.0035616017412394285,-2.192,-0.231,-4.789,67.471,1.22596
6822,568431.67,1,0.29701268672943115,0.3489321172237396,0.21566,0.003332990687340498,-2.165,-0.225,-4.768,67.456,1.2186
6823,568515.0,1,0.29466336965560913,0.3372088670730591,0.21961,0.0029820960480719805,-2.182,-0.207,-4.729,67.85,1.21229
6824,568598.33,1,0.2907995581626892,0.33121728897094727,0.22147,0.002941093873232603,-2.157,-0.202,-4.669,67.711,1.20695
6825,568681.67,1,0.29746291041374207,0.3372959494590759,0.22026,0.002981823869049549,-2.204,-0.204,-4.622,67.965,1.20626
6826,568765.0,1,0.31042540073394775,0.36177709698677063,0.21413,0.003168743336573243,-2.246,-0.188,-4.612,67.622,1.213
6827,568848.33,1,0.34570640325546265,0.4144386351108551,0.19667,0.0031913681887090206,-2.333,-0.156,-4.664,67.503,1.24205
6828,568931.67,1,0.7130348682403564,0.6803464889526367,0.06022,0.0030247075483202934,-1.95,0.041,-4.774,67.052,1.25923
6829,569015.0,1,0.8077990412712097,0.7773126363754272,0.01237,0.002892957301810384,-1.921,0.17,-4.747,67.514,1.24148
6830,569098.33,1,0.8229285478591919,0.8122251033782959,0.01525,0.0029284092597663403,-1.958,0.246,-4.678,67.446,1.22797
6831,569181.67,1,0.8243786692619324,0.8179395198822021,0.01909,0.003177759936079383,-1.976,0.248,-4.626,67.614,1.20847
6832,569265.0,1,0.8146727085113525,0.8169787526130676,0.01879,0.003251299960538745,-1.925,0.284,-4.583,67.29,1.19665
6833,569348.33,1,0.8000338077545166,0.8188275098800659,0.01897,0.003533147042617202,-1.899,0.289,-4.459,67.598,1.19754
6834,569431.67,1,0.556672215461731,0.7298808097839355,0.06833,0.003326410660520196,-2.081,0.278,-4.074,67.439,1.20165
6835,569515.0,1,0.36828312277793884,0.5900685787200928,0.1497,0.003191959811374545,-2.171,0.278,-3.509,67.738,1.20414
6836,569598.33,1,0.323472261428833,0.47862598299980164,0.18773,0.0034490099642425776,-1.965,0.294,-3.007,67.492,1.20405
6837,569681.67,1,0.3104649782180786,0.39897286891937256,0.20888,0.005583085119724274,-1.17,0.6,-2.382,67.73,1.20487
6838,569765.0,1,0.2949521243572235,0.36755043268203735,0.21368,0.00517742894589901,0.084,1.184,-1.726,67.49,1.20628
6839,569846.67,1,0.2726673185825348,0.3235526978969574,0.22677,0.004098576959222555,0.578,1.256,-1.38,67.419,1.20573
6840,569930.0,1,0.27071550488471985,0.340068519115448,0.22798,0.0033937504049390554,0.756,1.133,-1.172,67.425,1.20751
6841,570013.33,1,0.2623084783554077,0.3324000835418701,0.23097,0.003341906238347292,0.772,1.031,-1.155,67.193,1.22299
6842,570096.67,1,0.2615357041358948,0.33824971318244934,0.22955,0.0031591153237968683,1.073,0.822,-1.234,66.8,1.24572
6843,570180.0,1,0.2556857466697693,0.33678340911865234,0.22836,0.003153117373585701,1.398,0.692,-1.257,67.231,1.24342
6844,570263.33,1,0.24644871056079865,0.33155930042266846,0.22962,0.0033769397996366024,1.855,0.649,-1.302,66.991,1.25418
6845,570346.67,1,0.23754292726516724,0.32857587933540344,0.23125,0.004058950114995241,2.594,0.673,-1.312,67.146,1.2547
6846,570430.0,1,0.22954970598220825,0.3331656754016876,0.22918,0.006437075324356556,3.169,0.741,-1.32,67.097,1.23679
6847,570513.33,1,0.46228352189064026,0.5648421049118042,0.12402,0.011682710610330105,3.627,0.906,-1.421,67.123,1.24004
6848,570596.67,1,0.48063239455223083,0.5946094393730164,0.10876,0.017063800245523453,3.884,0.881,-1.512,66.925,1.2209
6849,570680.0,1,0.44154438376426697,0.5788774490356445,0.11924,0.024363184347748756,3.893,0.838,-1.613,67.252,1.22078
6850,570763.33,1,0.4064317047595978,0.5154726505279541,0.13838,0.026392972096800804,3.724,0.671,-1.752,66.907,1.23761
6851,570846.67,1,0.37924420833587646,0.4809023141860962,0.15161,0.021321553736925125,3.453,0.461,-1.844,67.398,1.22609
6852,570930.0,1,0.3660602867603302,0.46636471152305603,0.15972,0.01651495136320591,2.928,0.214,-1.924,67.425,1.22035
6853,571013.33,1,0.3419674336910248,0.4423304796218872,0.17078,0.012870744802057743,2.608,-0.006,-1.971,67.694,1.20962
6854,571096.67,1,0.3197847306728363,0.41867345571517944,0.18171,0.009907834231853485,2.194,-0.12,-2.012,67.495,1.20148
6855,571180.0,1,0.30071011185646057,0.3996032476425171,0.18912,0.00911678560078144,1.966,-0.156,-2.045,67.55,1.188
6856,571263.33,1,0.2874656319618225,0.3877791464328766,0.19409,0.007617587223649025,1.794,-0.206,-2.073,67.343,1.18238
6857,571346.67,1,0.2749330997467041,0.3774039149284363,0.19957,0.006418568082153797,1.675,-0.326,-2.092,67.486,1.1838
6858,571430.0,1,0.27931806445121765,0.3756276071071625,0.202,0.005842510610818863,1.496,-0.407,-2.155,67.29,1.18334
6859,571513.33,1,0.2763117253780365,0.3604242503643036,0.20985,0.005509749986231327,1.327,-0.41,-2.197,67.624,1.18701
6860,571596.67,1,0.2668132185935974,0.35363948345184326,0.2163,0.0052963257767260075,1.276,-0.451,-2.22,67.458,1.18577
6861,571680.0,1,0.27175506949424744,0.3566618859767914,0.21725,0.0053243692964315414,1.271,-0.455,-2.195,67.755,1.20069
6862,571763.33,1,0.2754967212677002,0.3588950037956238,0.21733,0.005498101003468037,1.298,-0.474,-2.171,67.354,1.2256
6863,571846.67,1,0.27508699893951416,0.36604252457618713,0.21561,0.006423234939575195,1.386,-0.49,-2.131,67.452,1.24905
6864,571930.0,1,0.2852495312690735,0.3960407078266144,0.20942,0.006958550773561001,1.477,-0.468,-2.086,67.16,1.26204
6865,572013.33,1,0.541905403137207,0.6120755076408386,0.10803,0.006967855617403984,1.511,-0.396,-2.064,67.392,1.26352
6866,572096.67,1,0.7965753674507141,0.7998705506324768,0.01184,0.006226775236427784,1.557,-0.195,-2.109,67.514,1.24779
6867,572180.0,1,0.7553627490997314,0.7812424302101135,0.0152,0.005952739156782627,1.589,-0.192,-2.107,67.544,1.24394
6868,572261.67,1,0.6549562215805054,0.7693544030189514,0.03829,0.006083568092435598,1.558,-0.226,-2.094,67.638,1.23568
6869,572345.0,1,0.5334699749946594,0.7065660953521729,0.08024,0.006141715217381716,1.421,-0.243,-2.055,67.771,1.2278
6870,572428.33,1,0.43315550684928894,0.6473008394241333,0.11891,0.005740998778492212,0.973,-0.443,-2.007,67.434,1.25302
6871,572511.67,1,0.36880767345428467,0.5685412883758545,0.14852,0.005247180350124836,0.978,-0.444,-1.915,67.42,1.24304
6872,572595.0,1,0.3409368395805359,0.4952450394630432,0.16915,0.004938432946801186,0.967,-0.415,-1.843,67.241,1.22277
6873,572678.33,1,0.3225916624069214,0.42120233178138733,0.18764,0.004295466933399439,0.949,-0.418,-1.771,67.389,1.23514
6874,572761.67,1,0.30553996562957764,0.37213134765625,0.20124,0.0038863366935402155,0.883,-0.458,-1.705,67.013,1.24404
6875,572845.0,1,0.3018656075000763,0.356553852558136,0.20834,0.003467662027105689,0.637,-0.509,-1.679,67.136,1.24124
6876,572928.33,1,0.2890717089176178,0.3484830856323242,0.21437,0.003188164671882987,0.542,-0.545,-1.632,67.171,1.23162
6877,573011.67,1,0.2891126275062561,0.34345054626464844,0.21849,0.0029720738530158997,0.351,-0.508,-1.577,67.285,1.24259
6878,573095.0,1,0.28745731711387634,0.33715128898620605,0.22115,0.002877297345548868,0.129,-0.484,-1.511,66.903,1.24675
6879,573178.33,1,0.2900019586086273,0.3339823782444,0.22241,0.0027400765102356672,0.033,-0.457,-1.459,67.25,1.23506
6880,573261.67,1,0.286714106798172,0.3289426267147064,0.22494,0.0026022770907729864,0.034,-0.443,-1.406,67.04,1.24814
6881,573345.0,1,0.2908509075641632,0.3288332521915436,0.225,0.002573234960436821,-0.061,-0.462,-1.386,67.652,1.235
6882,573428.33,1,0.2924520969390869,0.3267671465873718,0.22513,0.002518251771107316,-0.07,-0.461,-1.375,67.694,1.22769
6883,573511.67,1,0.29082417488098145,0.32457801699638367,0.22576,0.0025096472818404436,-0.088,-0.467,-1.362,67.659,1.23481
6884,573595.0,1,0.2920098900794983,0.32353854179382324,0.22577,0.002506790217012167,-0.149,-0.457,-1.346,67.415,1.21903
6885,573678.33,1,0.29284921288490295,0.32468944787979126,0.22529,0.0025880311150103807,-0.182,-0.45,-1.344,67.511,1.23007
6886,573761.67,1,0.29343804717063904,0.32403630018234253,0.22524,0.00279034161940217,-0.382,-0.44,-1.338,67.355,1.21746
6887,573845.0,1,0.2922269403934479,0.32229334115982056,0.22563,0.0029009159188717604,-0.378,-0.428,-1.322,67.446,1.24582
6888,573928.33,1,0.291055828332901,0.32179519534111023,0.22581,0.0030093519017100334,-0.423,-0.408,-1.325,67.135,1.26165
6889,574011.67,1,0.29809802770614624,0.3301489055156708,0.22202,0.0030237529426813126,-0.444,-0.403,-1.324,67.685,1.24391
6890,574095.0,1,0.33528369665145874,0.375403493642807,0.20776,0.0030404184944927692,-0.671,-0.435,-1.312,67.663,1.23207
6891,574178.33,1,0.36667555570602417,0.430682510137558,0.19301,0.0030823894776403904,-0.812,-0.491,-1.309,67.86,1.21324
6892,574261.67,1,0.38749659061431885,0.47683092951774597,0.18056,0.003223871346563101,-0.842,-0.557,-1.339,67.729,1.21104
6893,574345.0,1,0.4064888060092926,0.504440188407898,0.17187,0.0031967228278517723,-0.892,-0.601,-1.334,67.886,1.20438
6894,574428.33,1,0.4131108224391937,0.5166668891906738,0.16767,0.0031172020826488733,-0.998,-0.649,-1.299,67.381,1.1926
6895,574511.67,1,0.4197181165218353,0.5198054909706116,0.16633,0.003150320379063487,-1.142,-0.661,-1.302,67.538,1.20177
6896,574593.33,1,0.42055147886276245,0.5301275253295898,0.16427,0.003190299030393362,-1.184,-0.66,-1.307,66.951,1.21858
6897,574676.67,1,0.42063358426094055,0.5282631516456604,0.16436,0.003390046302229166,-1.231,-0.637,-1.323,67.01,1.24396
6898,574760.0,1,0.4298991560935974,0.5303369760513306,0.16283,0.0036554746329784393,-1.364,-0.538,-1.375,66.664,1.25751
6899,574843.33,1,0.43271490931510925,0.5311399102210999,0.1624,0.0034605280961841345,-1.411,-0.495,-1.411,67.0,1.2476
6900,574926.67,1,0.42409542202949524,0.5340374708175659,0.16208,0.0038598054088652134,-1.31,-0.464,-1.498,66.472,1.24448
6901,575010.0,1,0.4174785315990448,0.5377369523048401,0.16219,0.0038208214100450277,-1.298,-0.475,-1.584,66.788,1.26394
6902,575093.33,1,0.41103702783584595,0.5414727926254272,0.16196,0.003824841696768999,-1.329,-0.466,-1.655,66.533,1.27334
6903,575176.67,1,0.4094197750091553,0.5505621433258057,0.15912,0.0038303143810480833,-1.318,-0.436,-1.738,67.119,1.25012
6904,575260.0,1,0.4081728458404541,0.556104302406311,0.15807,0.003865727921947837,-1.311,-0.428,-1.788,67.155,1.2355
6905,575343.33,1,0.40923967957496643,0.5599607229232788,0.15828,0.00382085214368999,-1.298,-0.417,-1.826,67.605,1.22495
6906,575426.67,1,0.41589176654815674,0.5639708638191223,0.157,0.003783426247537136,-1.219,-0.38,-1.871,67.5,1.22141
6907,575510.0,1,0.4244435131549835,0.5571190118789673,0.15837,0.0038502831012010574,-1.2,-0.375,-1.911,67.758,1.20592
6908,575593.33,1,0.4367261826992035,0.5558169484138489,0.15716,0.004063841886818409,-1.188,-0.308,-1.958,67.657,1.20575
6909,575676.67,1,0.44467997550964355,0.5567083358764648,0.15616,0.00422052713111043,-1.202,-0.219,-2.047,67.782,1.20738
6910,575760.0,1,0.44487741589546204,0.5648707151412964,0.15345,0.004173858091235161,-1.205,-0.197,-2.108,67.429,1.23166
6911,575843.33,1,0.4504238963127136,0.606186032295227,0.14283,0.004285185597836971,-1.194,-0.17,-2.17,67.734,1.21472
6912,575926.67,1,0.48483920097351074,0.6567136645317078,0.1226,0.0045913043431937695,-0.968,-0.13,-2.178,67.682,1.2129
6913,576010.0,1,0.48951300978660583,0.6787546873092651,0.11676,0.00455172173678875,-0.937,-0.129,-2.185,67.762,1.23286
6914,576093.33,1,0.5042827129364014,0.6913276314735413,0.10841,0.004409696441143751,-0.972,-0.105,-2.169,67.753,1.22728
6915,576176.67,1,0.5021578073501587,0.6917660236358643,0.10832,0.004369024652987719,-1.117,-0.207,-2.162,67.764,1.24493
6916,576260.0,1,0.5025591850280762,0.6878174543380737,0.10937,0.004485139157623053,-1.114,-0.242,-2.144,67.66,1.23514
6917,576343.33,1,0.4992980360984802,0.6819227933883667,0.11101,0.004697166383266449,-1.165,-0.25,-2.121,67.637,1.25193
6918,576426.67,1,0.4830026626586914,0.6573226451873779,0.11966,0.004688886925578117,-1.275,-0.204,-2.08,67.251,1.26474
6919,576510.0,1,0.46764829754829407,0.641010046005249,0.12677,0.004663203842937946,-1.352,-0.154,-2.066,67.359,1.27228
6920,576593.33,1,0.4544142782688141,0.6237943172454834,0.1334,0.0049525173380970955,-1.378,-0.179,-2.068,67.07,1.27728
6921,576676.67,1,0.452410489320755,0.6224365234375,0.13545,0.004573610611259937,-1.433,-0.181,-2.063,67.569,1.24904
6922,576760.0,1,0.4529557526111603,0.6153900623321533,0.13704,0.004287095740437508,-1.398,-0.175,-2.074,67.435,1.22399
6923,576841.67,1,0.45647066831588745,0.6167559623718262,0.13572,0.004223895259201527,-1.404,-0.173,-2.064,67.876,1.2179
6924,576925.0,1,0.46778154373168945,0.6276451349258423,0.12985,0.004105125553905964,-1.441,-0.178,-2.059,67.765,1.21601
6925,577008.33,1,0.4740215837955475,0.6324896812438965,0.12655,0.004267028532922268,-1.498,-0.185,-2.051,67.899,1.22068
6926,577091.67,1,0.4803275763988495,0.6380154490470886,0.12467,0.0041608866304159164,-1.524,-0.196,-2.057,67.41,1.24126
6927,577175.0,1,0.47331947088241577,0.632067084312439,0.1275,0.004058329854160547,-1.502,-0.19,-2.049,67.675,1.24049
6928,577258.33,1,0.46720948815345764,0.6287539601325989,0.13081,0.004137558396905661,-1.556,-0.215,-2.065,67.268,1.25402
6929,577341.67,1,0.459822416305542,0.623181939125061,0.13391,0.004218162968754768,-1.54,-0.244,-2.056,66.97,1.25459
6930,577425.0,1,0.43382322788238525,0.5929048657417297,0.14515,0.004195196088403463,-1.547,-0.317,-2.09,67.177,1.23616
6931,577508.33,1,0.4285936653614044,0.5914276242256165,0.14589,0.004183594603091478,-1.55,-0.335,-2.095,67.528,1.23593
6932,577591.67,1,0.4446868300437927,0.6140124797821045,0.13716,0.003954488784074783,-1.56,-0.336,-2.102,67.141,1.25012
6933,577675.0,1,0.5587422847747803,0.6947575807571411,0.09324,0.0038016473408788443,-1.524,-0.274,-2.072,67.208,1.25549
6934,577758.33,1,0.6170186996459961,0.7310864925384521,0.06889,0.004004484973847866,-1.414,-0.211,-2.061,67.053,1.23173
6935,577841.67,1,0.6127872467041016,0.7310014963150024,0.06842,0.0039877272211015224,-1.375,-0.136,-2.058,67.066,1.24778
6936,577925.0,1,0.5815795063972473,0.7303347587585449,0.07587,0.0039006418082863092,-1.367,-0.145,-2.04,66.751,1.25794
6937,578008.33,1,0.5278521776199341,0.7093353867530823,0.09353,0.003676153952255845,-1.496,-0.18,-2.059,66.842,1.26669
6938,578091.67,1,0.47703057527542114,0.6661855578422546,0.11528,0.0035334425047039986,-1.534,-0.195,-2.064,66.565,1.27309
6939,578175.0,1,0.44415920972824097,0.6221367120742798,0.13269,0.0036400004755705595,-1.552,-0.235,-2.062,66.955,1.25555
6940,578258.33,1,0.43333059549331665,0.6032300591468811,0.13995,0.0036852851044386625,-1.612,-0.237,-2.06,66.591,1.25024
6941,578341.67,1,0.44396016001701355,0.6091971397399902,0.13618,0.0038152318447828293,-1.654,-0.267,-2.065,67.221,1.23305
6942,578425.0,1,0.45739543437957764,0.6154043674468994,0.13128,0.0038144870195537806,-1.678,-0.284,-2.066,67.281,1.22495
6943,578508.33,1,0.46950364112854004,0.622032105922699,0.12465,0.003962944261729717,-1.613,-0.272,-2.06,67.695,1.21708
6944,578591.67,1,0.466914564371109,0.6246331930160522,0.1236,0.004175032954663038,-1.489,-0.236,-2.073,67.637,1.21765
6945,578675.0,1,0.4212597608566284,0.5962611436843872,0.1392,0.004103262443095446,-1.463,-0.262,-2.077,67.923,1.2141
6946,578758.33,1,0.3634386956691742,0.46824172139167786,0.17578,0.004133258014917374,-1.479,-0.231,-2.064,67.762,1.2148
6947,578841.67,1,0.3368152379989624,0.3889915943145752,0.19667,0.004088991787284613,-1.475,-0.186,-2.074,67.803,1.21604
6948,578925.0,1,0.3162849247455597,0.35551178455352783,0.20778,0.004149931948632002,-1.381,-0.148,-2.073,67.11,1.22677
6949,579008.33,1,0.304293155670166,0.3360818326473236,0.21462,0.00409617880359292,-1.344,-0.072,-2.066,67.555,1.22193
6950,579091.67,1,0.2901895344257355,0.32117602229118347,0.22067,0.004083414562046528,-1.217,-0.032,-2.048,67.488,1.21768
6951,579173.33,1,0.28263428807258606,0.3161631226539612,0.22321,0.00405003922060132,-1.14,-0.049,-2.032,67.494,1.23545
6952,579256.67,1,0.28150439262390137,0.31872740387916565,0.22375,0.0035172344651073217,-1.127,-0.077,-2.01,67.411,1.22684
6953,579340.0,1,0.280455082654953,0.3169422149658203,0.22511,0.003350092563778162,-1.05,-0.122,-1.983,67.412,1.24209
6954,579423.33,1,0.28218355774879456,0.32009774446487427,0.22497,0.0031699608080089092,-1.052,-0.149,-1.952,67.35,1.23534
6955,579506.67,1,0.2910427749156952,0.3383094072341919,0.21968,0.003157737199217081,-1.034,-0.164,-1.925,67.417,1.24465
6956,579590.0,1,0.3233987092971802,0.3752807676792145,0.20546,0.003272710368037224,-1.03,-0.153,-1.891,67.396,1.23856
6957,579673.33,1,0.353863924741745,0.4090338945388794,0.19422,0.003595910035073757,-1.041,-0.159,-1.905,67.287,1.25374
6958,579756.67,1,0.37678346037864685,0.44227373600006104,0.18421,0.004296039696782827,-1.094,-0.146,-1.903,67.068,1.27043
6959,579840.0,1,0.5719172954559326,0.6586487293243408,0.09195,0.005510241258889437,-0.44,-0.022,-1.899,67.548,1.22802
6960,579923.33,1,0.7228546142578125,0.7871603965759277,0.02317,0.005705645307898521,-0.203,0.215,-1.905,66.847,1.28192
6961,580006.67,1,0.7096962928771973,0.7948843240737915,0.02745,0.005173949524760246,-0.283,0.206,-2.013,67.275,1.23114
6962,580090.0,1,0.665886640548706,0.7702697515487671,0.03895,0.0047324844636023045,-0.567,0.107,-2.015,66.597,1.24495
6963,580173.33,1,0.6549725532531738,0.7483882308006287,0.05242,0.004061856307089329,-0.631,0.042,-2.002,66.955,1.26377
6964,580256.67,1,0.6135567426681519,0.7320470809936523,0.07089,0.003871808759868145,-0.644,-0.042,-1.954,67.01,1.26284
6965,580340.0,1,0.512357234954834,0.6668761968612671,0.10916,0.0038732343818992376,-0.763,-0.113,-1.894,67.392,1.24638
6966,580423.33,1,0.4710565507411957,0.6191012263298035,0.12838,0.0037439598236232996,-0.959,-0.177,-1.88,67.698,1.22608
6967,580506.67,1,0.47357475757598877,0.6175523996353149,0.12668,0.0038029332645237446,-0.999,-0.149,-1.83,67.939,1.19989
6968,580590.0,1,0.5069384574890137,0.6335065960884094,0.11631,0.003806916531175375,-1.03,-0.129,-1.845,67.901,1.19773
6969,580673.33,1,0.510726809501648,0.6355980634689331,0.11502,0.003946756478399038,-0.79,-0.029,-1.831,67.279,1.21681
6970,580756.67,1,0.5253187417984009,0.641128659248352,0.11179,0.003936826717108488,-0.542,0.003,-1.818,66.842,1.22978
6971,580840.0,1,0.5179204940795898,0.6416035890579224,0.1144,0.0034979707561433315,-0.408,-0.06,-1.856,67.666,1.21071
6972,580923.33,1,0.5022720098495483,0.6293512582778931,0.11777,0.0034748048055917025,-0.241,-0.028,-1.907,67.874,1.20572
6973,581006.67,1,0.47746774554252625,0.6134979724884033,0.12693,0.0033241731580346823,-0.044,0.031,-1.935,67.824,1.23193
6974,581090.0,1,0.4336482882499695,0.6012771129608154,0.13687,0.003846714971587062,0.229,0.098,-1.941,67.859,1.24191
6975,581173.33,1,0.3350695073604584,0.5000738501548767,0.17186,0.0043349009938538074,0.415,0.057,-1.922,68.795,1.22073
6976,581256.67,1,0.2816447913646698,0.3826773762702942,0.20276,0.0051622819155454636,0.568,0.059,-1.895,69.234,1.18008
6977,581340.0,1,0.28047269582748413,0.35337963700294495,0.21071,0.005050709471106529,0.545,-0.017,-1.875,69.688,1.18649
6978,581423.33,1,0.2862164378166199,0.35184189677238464,0.21145,0.004931864328682423,0.547,-0.038,-1.872,69.148,1.22346
6979,581506.67,1,0.2905901074409485,0.3591310679912567,0.21026,0.004702407866716385,0.551,-0.065,-1.867,69.566,1.21344
6980,581588.33,1,0.2964702546596527,0.36806896328926086,0.20844,0.004819913301616907,0.511,-0.12,-1.88,69.302,1.2306
6981,581671.67,1,0.29922178387641907,0.3677670359611511,0.20837,0.004806008655577898,0.233,-0.155,-1.9,69.24,1.22793
6982,581755.0,1,0.3049759268760681,0.38809525966644287,0.20307,0.005567430052906275,0.185,-0.171,-1.882,68.909,1.22663
6983,581838.33,1,0.31985822319984436,0.41942277550697327,0.19643,0.004668261390179396,-0.067,-0.198,-1.864,69.327,1.23275
6984,581921.67,1,0.33231011033058167,0.4523904323577881,0.18991,0.004573089070618153,-0.154,-0.18,-1.839,69.546,1.21743
6985,582005.0,1,0.36103373765945435,0.5000950694084167,0.17684,0.004366602748632431,-0.263,-0.203,-1.846,69.553,1.21814
6986,582088.33,1,0.4096272587776184,0.5467551946640015,0.16033,0.004366154782474041,-0.297,-0.201,-1.861,69.599,1.20755
6987,582171.67,1,0.41697949171066284,0.5691149234771729,0.15479,0.0043493336997926235,-0.446,-0.173,-1.895,69.808,1.20284
6988,582255.0,1,0.41763415932655334,0.5683943629264832,0.15483,0.004306107293814421,-0.568,-0.172,-1.895,69.296,1.21171
6989,582338.33,1,0.4232335686683655,0.5718039274215698,0.15488,0.0038279264699667692,-0.656,-0.15,-1.892,69.103,1.22643
6990,582421.67,1,0.421968936920166,0.5586522817611694,0.15676,0.0038416858296841383,-0.961,-0.097,-1.875,69.432,1.21643
6991,582505.0,1,0.4140954613685608,0.5338207483291626,0.16215,0.003848272142931819,-1.051,-0.107,-1.873,69.475,1.2187
6992,582588.33,1,0.40237975120544434,0.5145097970962524,0.16778,0.003840633202344179,-1.077,-0.158,-1.865,69.477,1.21162
6993,582671.67,1,0.3971520662307739,0.5163145065307617,0.16819,0.003924755845218897,-1.089,-0.209,-1.87,69.284,1.21862
6994,582755.0,1,0.39356938004493713,0.5147931575775146,0.16774,0.004040686879307032,-1.071,-0.231,-1.853,68.892,1.23257
6995,582838.33,1,0.39283445477485657,0.5352475643157959,0.16196,0.004550520330667496,-0.936,-0.215,-1.874,68.945,1.24394
6996,582921.67,1,0.4006043076515198,0.559390664100647,0.1518,0.005299858748912811,-0.898,-0.228,-1.905,68.577,1.25211
6997,583005.0,1,0.5005003809928894,0.6505837440490723,0.10895,0.004826454445719719,-0.794,-0.146,-1.901,69.231,1.22987
6998,583088.33,1,0.6630717515945435,0.7285751104354858,0.05342,0.004768060520291328,-0.732,-0.091,-1.865,69.352,1.21696
6999,583171.67,1,0.638137698173523,0.7314337491989136,0.05639,0.004889126401394606,-0.694,-0.085,-1.89,69.418,1.21457
7000,583255.0,1,0.6127586364746094,0.725618839263916,0.06532,0.004568443633615971,-0.848,-0.166,-1.916,69.461,1.20776
7001,583338.33,1,0.5443727970123291,0.7044448852539062,0.08576,0.0042800940573215485,-0.902,-0.187,-1.907,69.941,1.19892
7002,583421.67,1,0.48035404086112976,0.6753023266792297,0.1057,0.004160882439464331,-0.882,-0.233,-1.889,69.914,1.19624
7003,583505.0,1,0.44133445620536804,0.6506758332252502,0.12075,0.004220312461256981,-0.946,-0.324,-1.881,69.722,1.23829
7004,583588.33,1,0.4277898073196411,0.6148927807807922,0.13632,0.00398795073851943,-1.066,-0.35,-1.883,69.644,1.22479
7005,583671.67,1,0.4178604185581207,0.5712505578994751,0.15096,0.00377282639965415,-1.346,-0.315,-1.833,69.835,1.25425
7006,583755.0,1,0.4048342704772949,0.5275814533233643,0.16266,0.0038281299639493227,-1.505,-0.325,-1.795,69.68,1.27261
7007,583838.33,1,0.3903331160545349,0.5078589916229248,0.17156,0.003829006804153323,-1.583,-0.352,-1.784,69.862,1.28237
7008,583921.67,1,0.38184666633605957,0.49140632152557373,0.17671,0.004065553657710552,-1.614,-0.359,-1.743,69.633,1.289
7009,584003.33,1,0.37868213653564453,0.4951253831386566,0.17673,0.004075618926435709,-1.602,-0.373,-1.719,70.057,1.27481
7010,584086.67,1,0.3748052716255188,0.5096395015716553,0.17383,0.004159302916377783,-1.529,-0.447,-1.733,69.789,1.28061
7011,584170.0,1,0.3712545931339264,0.5305349230766296,0.16951,0.004335661884397268,-1.474,-0.505,-1.75,69.887,1.28574
7012,584253.33,1,0.36854287981987,0.5327728986740112,0.16873,0.004365057218819857,-1.444,-0.524,-1.76,69.557,1.29118
7013,584336.67,1,0.36956414580345154,0.5347449779510498,0.16837,0.004330819938331842,-1.529,-0.552,-1.759,69.707,1.28047
7014,584420.0,1,0.3741243779659271,0.5331177711486816,0.16917,0.004258590750396252,-1.57,-0.524,-1.751,69.522,1.25393
7015,584503.33,1,0.3774777948856354,0.5178186893463135,0.17143,0.004235169850289822,-1.566,-0.529,-1.75,69.895,1.25305
7016,584586.67,1,0.3772008717060089,0.5039032101631165,0.17325,0.0044022733345627785,-1.525,-0.485,-1.756,69.611,1.2689
7017,584670.0,1,0.37291231751441956,0.5007939338684082,0.17538,0.0046377829276025295,-1.556,-0.482,-1.772,69.562,1.26368
7018,584753.33,1,0.37493252754211426,0.4986584484577179,0.176,0.004515162669122219,-1.55,-0.47,-1.763,69.566,1.25618
7019,584836.67,1,0.3859686553478241,0.5041600465774536,0.17444,0.0039970059879124165,-1.551,-0.459,-1.741,69.627,1.24812
7020,584920.0,1,0.3935759663581848,0.5152165293693542,0.16891,0.004054361023008823,-1.475,-0.464,-1.726,69.502,1.22297
7021,585003.33,1,0.37971487641334534,0.5115599036216736,0.17113,0.003940055146813393,-1.294,-0.459,-1.724,69.614,1.24262
7022,585086.67,1,0.35702359676361084,0.5008761882781982,0.17631,0.003897537710145116,-1.243,-0.49,-1.693,69.561,1.24238
7023,585170.0,1,0.35152480006217957,0.49030789732933044,0.18141,0.004110122565180063,-1.457,-0.465,-1.663,69.772,1.24654
7024,585253.33,1,0.35217928886413574,0.4641985595226288,0.18751,0.004249968100339174,-1.509,-0.447,-1.572,69.398,1.26407
7025,585336.67,1,0.35350650548934937,0.4555336534976959,0.18984,0.004169272258877754,-1.517,-0.443,-1.522,69.453,1.2799
7026,585420.0,1,0.35441750288009644,0.44986772537231445,0.19128,0.0039827642031013966,-1.471,-0.451,-1.471,69.158,1.29012
7027,585503.33,1,0.3510934114456177,0.4481622874736786,0.19171,0.0039728982374072075,-1.459,-0.478,-1.454,69.445,1.25999
7028,585586.67,1,0.3530164062976837,0.44456133246421814,0.19129,0.0037649055011570454,-1.418,-0.5,-1.415,69.423,1.24789
7029,585670.0,1,0.35483938455581665,0.44726666808128357,0.18954,0.003646447788923979,-1.404,-0.531,-1.412,69.264,1.25244
7030,585753.33,1,0.35721954703330994,0.46103665232658386,0.1852,0.0037619899958372116,-1.4,-0.578,-1.407,68.792,1.25892
7031,585836.67,1,0.3644234240055084,0.47201454639434814,0.18206,0.004014477599412203,-1.518,-0.604,-1.352,69.147,1.26789
7032,585920.0,1,0.3705368936061859,0.4796738028526306,0.17917,0.003989568445831537,-1.546,-0.604,-1.255,69.275,1.26001
7033,586003.33,1,0.3785151541233063,0.5039027333259583,0.17266,0.0037013606633991003,-1.555,-0.61,-1.219,69.419,1.26214
7034,586086.67,1,0.38376668095588684,0.5210467576980591,0.16836,0.0036867777816951275,-1.569,-0.614,-1.213,69.268,1.24572
7035,586170.0,1,0.3903511166572571,0.5374209880828857,0.16396,0.0036797570064663887,-1.564,-0.63,-1.207,69.158,1.25704
7036,586253.33,1,0.3965936005115509,0.5498944520950317,0.15984,0.004090010188519955,-1.677,-0.642,-1.178,68.894,1.27486
7037,586336.67,1,0.4035632908344269,0.5502085089683533,0.1583,0.004130059853196144,-1.686,-0.625,-1.161,69.178,1.27637
7038,586420.0,1,0.4087725877761841,0.5510010719299316,0.1565,0.004183779004961252,-1.698,-0.61,-1.131,69.453,1.23921
7039,586501.67,1,0.4125301241874695,0.5532679557800293,0.15493,0.004282949957996607,-1.689,-0.631,-1.142,69.642,1.24539
7040,586585.0,1,0.41685405373573303,0.5614283084869385,0.15211,0.004380606114864349,-1.68,-0.635,-1.152,69.658,1.23433
7041,586668.33,1,0.41834139823913574,0.5738265514373779,0.14887,0.004297375679016113,-1.601,-0.654,-1.181,69.654,1.23685
7042,586751.67,1,0.4219951629638672,0.5906450748443604,0.14479,0.004041196778416634,-1.659,-0.699,-1.196,69.464,1.2202
7043,586835.0,1,0.425798237323761,0.5974174737930298,0.14248,0.003954143263399601,-1.722,-0.728,-1.207,69.277,1.22877
7044,586918.33,1,0.43274199962615967,0.6020807027816772,0.14161,0.0037398182321339846,-1.749,-0.752,-1.208,68.956,1.24442
7045,587001.67,1,0.4372836947441101,0.6001823544502258,0.14166,0.003695668186992407,-1.745,-0.766,-1.185,69.346,1.23664
7046,587085.0,1,0.4366382360458374,0.5968122482299805,0.1426,0.0035659095738083124,-1.725,-0.756,-1.184,69.119,1.24643
7047,587168.33,1,0.43818792700767517,0.5898561477661133,0.14473,0.0035490035079419613,-1.739,-0.735,-1.175,69.53,1.23735
7048,587251.67,1,0.43667393922805786,0.5821633338928223,0.14722,0.0035643717274069786,-1.75,-0.711,-1.172,69.249,1.24622
7049,587335.0,1,0.434651255607605,0.579338550567627,0.1478,0.0038028049748390913,-1.632,-0.676,-1.168,69.352,1.22203
7050,587418.33,1,0.4317704141139984,0.5679119825363159,0.14942,0.0036565482150763273,-1.401,-0.724,-1.173,69.595,1.20941
7051,587501.67,1,0.42658740282058716,0.5662543773651123,0.15094,0.0037520132027566433,-1.417,-0.759,-1.193,69.661,1.23012
7052,587585.0,1,0.4192001521587372,0.5680699348449707,0.15143,0.0039849551394581795,-1.361,-0.788,-1.197,69.267,1.24642
7053,587668.33,1,0.41735032200813293,0.5687028169631958,0.15194,0.0038927628193050623,-1.341,-0.806,-1.2,69.496,1.25155
7054,587751.67,1,0.41769227385520935,0.5639454126358032,0.15337,0.003649546531960368,-1.332,-0.813,-1.214,69.538,1.24022
7055,587835.0,1,0.42080429196357727,0.572545051574707,0.15142,0.0036195178981870413,-1.336,-0.819,-1.24,69.567,1.25064
7056,587918.33,1,0.4196314215660095,0.5702084302902222,0.15013,0.003861488774418831,-1.347,-0.843,-1.24,69.224,1.25976
7057,588001.67,1,0.42541947960853577,0.6014578342437744,0.1421,0.004061695653945208,-1.353,-0.837,-1.24,69.24,1.25344
7058,588085.0,1,0.4304051697254181,0.6135106682777405,0.13913,0.004022300709038973,-1.419,-0.862,-1.25,68.907,1.24935
7059,588168.33,1,0.438475102186203,0.6148419380187988,0.13804,0.004121324047446251,-1.444,-0.851,-1.268,69.379,1.24219
7060,588251.67,1,0.4411742687225342,0.6140438318252563,0.13825,0.004099645651876926,-1.462,-0.854,-1.287,69.122,1.25096
7061,588335.0,1,0.4409671127796173,0.6149076223373413,0.13802,0.004024935886263847,-1.564,-0.884,-1.314,69.541,1.22572
7062,588418.33,1,0.44212719798088074,0.615420937538147,0.1384,0.003845622530207038,-1.64,-0.886,-1.327,69.579,1.21907
7063,588501.67,1,0.44172751903533936,0.6073724031448364,0.1408,0.0037813526578247547,-1.622,-0.867,-1.341,69.62,1.23976
7064,588585.0,1,0.43962156772613525,0.6069338321685791,0.14113,0.0038341975305229425,-1.523,-0.837,-1.368,69.276,1.25375
7065,588668.33,1,0.4342499077320099,0.6131664514541626,0.13991,0.0038882310036569834,-1.552,-0.854,-1.408,69.452,1.26139
7066,588751.67,1,0.4324704706668854,0.6125502586364746,0.14142,0.0037691148463636637,-1.571,-0.831,-1.411,69.196,1.26496
7067,588835.0,1,0.4284042716026306,0.6081328392028809,0.14315,0.0038362995255738497,-1.582,-0.796,-1.411,69.453,1.25742
7068,588916.67,1,0.43251121044158936,0.607485294342041,0.14328,0.003878359217196703,-1.625,-0.74,-1.38,69.402,1.23167
7069,589000.0,1,0.43620437383651733,0.6119660139083862,0.1407,0.004071595147252083,-1.6,-0.708,-1.39,69.883,1.22051
7070,589083.33,1,0.4415077269077301,0.6191388964653015,0.13844,0.004156467504799366,-1.551,-0.661,-1.36,69.787,1.21482
7071,589166.67,1,0.4485335648059845,0.6289397478103638,0.13355,0.00452760886400938,-1.535,-0.638,-1.348,69.768,1.20821
7072,589250.0,1,0.5652947425842285,0.7079653739929199,0.09045,0.0044168950989842415,-1.502,-0.616,-1.403,69.328,1.22714
7073,589333.33,1,0.679862380027771,0.7618043422698975,0.04821,0.004352078773081303,-1.24,-0.542,-1.416,69.417,1.22735
7074,589416.67,1,0.7438011169433594,0.7989509701728821,0.0232,0.004798015113919973,-0.954,-0.344,-1.431,68.919,1.27428
7075,589500.0,1,0.7884747385978699,0.82248455286026,0.01669,0.005011509172618389,-0.706,-0.141,-1.497,69.15,1.25416
7076,589583.33,1,0.8063665628433228,0.8309407234191895,0.01872,0.005010807886719704,-0.634,-0.06,-1.55,69.025,1.24198
7077,589666.67,1,0.7952094674110413,0.8296002149581909,0.01673,0.005009728483855724,-0.631,-0.059,-1.558,69.373,1.24122
7078,589750.0,1,0.6189955472946167,0.779028594493866,0.04242,0.004919972736388445,-0.693,-0.168,-1.511,69.14,1.23765
7079,589833.33,1,0.429492712020874,0.6848157644271851,0.1056,0.004668647423386574,-0.855,-0.344,-1.471,68.929,1.26549
7080,589916.67,1,0.3619794249534607,0.5703142285346985,0.15305,0.004722325596958399,-1.04,-0.456,-1.445,68.458,1.30006
7081,590000.0,1,0.34891757369041443,0.5262793302536011,0.16892,0.004485458601266146,-1.204,-0.459,-1.372,68.596,1.29738
7082,590083.33,1,0.34842148423194885,0.5117923021316528,0.17461,0.00408217404037714,-1.269,-0.484,-1.368,68.349,1.30596
7083,590166.67,1,0.3623799681663513,0.5252624154090881,0.17039,0.0038295816630125046,-1.317,-0.509,-1.353,68.541,1.30331
7084,590250.0,1,0.37449637055397034,0.5584774613380432,0.16226,0.0036652497947216034,-1.417,-0.579,-1.35,68.434,1.30974
7085,590333.33,1,0.5852911472320557,0.6764218807220459,0.09103,0.0035561099648475647,-1.348,-0.511,-1.33,68.986,1.24602
7086,590416.67,1,0.7880218029022217,0.7707627415657043,0.01319,0.0035428772680461407,-1.026,-0.352,-1.49,68.818,1.24987
7087,590500.0,1,0.8176748156547546,0.8067305088043213,0.01478,0.0037884435150772333,-0.96,-0.329,-1.594,69.346,1.23722
7088,590583.33,1,0.8297024965286255,0.8138472437858582,0.0214,0.003855649149045348,-0.975,-0.316,-1.634,69.098,1.24505
7089,590666.67,1,0.8302584290504456,0.8214669227600098,0.02393,0.0037515535950660706,-0.999,-0.287,-1.653,69.422,1.21656
7090,590750.0,1,0.8275088667869568,0.8239776492118835,0.02372,0.003785450244322419,-1.006,-0.257,-1.664,69.475,1.20776
7091,590833.33,1,0.825946033000946,0.8272979259490967,0.02406,0.003832052694633603,-1.045,-0.239,-1.662,69.611,1.2163
7092,590916.67,1,0.8280007243156433,0.8281416893005371,0.02439,0.003949208650738001,-1.087,-0.228,-1.67,68.9,1.25074
7093,591000.0,1,0.8265542984008789,0.8284134864807129,0.02417,0.004239809699356556,-1.143,-0.191,-1.666,69.0,1.2466
7094,591083.33,1,0.8085219860076904,0.8227994441986084,0.0195,0.004987823311239481,-1.184,-0.179,-1.671,68.681,1.26438
7095,591166.67,1,0.7160013318061829,0.7955998182296753,0.02707,0.00521114282310009,-1.311,-0.225,-1.607,69.071,1.26599
7096,591248.33,1,0.5364925861358643,0.7456835508346558,0.07292,0.004739627707749605,-1.459,-0.398,-1.531,68.809,1.28051
7097,591331.67,1,0.4266783893108368,0.6513676643371582,0.12242,0.00470213545486331,-1.444,-0.49,-1.481,69.061,1.26347
7098,591415.0,1,0.3963453769683838,0.5958651900291443,0.1479,0.0043105557560920715,-1.447,-0.529,-1.413,68.831,1.2751
7099,591498.33,1,0.3957325518131256,0.5604742765426636,0.15929,0.0040560076013207436,-1.459,-0.553,-1.364,68.922,1.26831
7100,591581.67,1,0.40209344029426575,0.5334869623184204,0.16549,0.0040615880861878395,-1.432,-0.555,-1.362,68.802,1.25098
7101,591665.0,1,0.4023550748825073,0.5243894457817078,0.16832,0.004239698871970177,-1.462,-0.552,-1.354,69.419,1.24332
7102,591748.33,1,0.40250152349472046,0.5174540877342224,0.1699,0.0045949537307024,-1.599,-0.583,-1.326,69.343,1.25336
7103,591831.67,1,0.3964320421218872,0.509587287902832,0.1722,0.004948345012962818,-1.609,-0.626,-1.302,69.856,1.24487
7104,591915.0,1,0.39032089710235596,0.49248650670051575,0.17676,0.004817365203052759,-1.692,-0.655,-1.234,69.648,1.25515
7105,591998.33,1,0.3856487572193146,0.46839001774787903,0.18192,0.004706542938947678,-1.724,-0.654,-1.17,69.552,1.24754
7106,592081.67,1,0.39216139912605286,0.4616865813732147,0.18046,0.00535420561209321,-1.912,-0.647,-1.151,69.166,1.24534
7107,592165.0,1,0.3999248445034027,0.46431857347488403,0.17949,0.005054585635662079,-1.936,-0.613,-1.16,69.877,1.22963
7108,592248.33,1,0.39882388710975647,0.4633757472038269,0.18141,0.005091606639325619,-2.015,-0.611,-1.181,70.066,1.22047
7109,592331.67,1,0.4002005457878113,0.4704183042049408,0.18119,0.0048714373260736465,-2.065,-0.588,-1.186,69.831,1.22825
7110,592415.0,1,0.39975202083587646,0.4676080048084259,0.18147,0.00470291031524539,-2.072,-0.586,-1.183,69.941,1.20734
7111,592498.33,1,0.40357738733291626,0.47590354084968567,0.17939,0.004461722448468208,-2.082,-0.576,-1.194,70.277,1.21493
7112,592581.67,1,0.42135047912597656,0.5238397717475891,0.16711,0.004559492692351341,-2.067,-0.553,-1.231,69.966,1.23477
7113,592665.0,1,0.5689347386360168,0.6752437353134155,0.09933,0.00452763494104147,-1.812,-0.595,-1.288,70.084,1.23908
7114,592748.33,1,0.7669723033905029,0.7898700833320618,0.01851,0.0043964022770524025,-1.435,-0.3,-1.396,69.913,1.22101
7115,592831.67,1,0.8039544820785522,0.8132615685462952,0.01475,0.0046174898743629456,-1.27,-0.205,-1.504,69.962,1.22527
7116,592915.0,1,0.8109941482543945,0.8215833902359009,0.01791,0.0046010250225663185,-1.195,-0.109,-1.529,69.966,1.2192
7117,592998.33,1,0.8190798163414001,0.8271113038063049,0.02319,0.0059905401431024075,-1.183,-0.075,-1.56,70.279,1.22186
7118,593081.67,1,0.8106127381324768,0.8263052701950073,0.02266,0.007653964217752218,-1.083,-0.066,-1.574,69.871,1.23758
7119,593165.0,1,0.7612627148628235,0.8144820928573608,0.02195,0.00815510842949152,-1.09,-0.092,-1.536,70.104,1.23118
7120,593248.33,1,0.5665647387504578,0.7447690963745117,0.06014,0.007571543101221323,-1.088,-0.143,-1.466,69.591,1.23291
7121,593331.67,1,0.4541166424751282,0.6766378879547119,0.10298,0.007292474620044231,-1.082,-0.231,-1.439,69.746,1.24082
7122,593415.0,1,0.4045408070087433,0.6417012214660645,0.12354,0.007665283512324095,-0.967,-0.374,-1.4,69.718,1.2328
7123,593498.33,1,0.40534648299217224,0.6242458820343018,0.13004,0.007783713284879923,-0.877,-0.467,-1.377,69.614,1.22924
7124,593580.0,1,0.3940146565437317,0.6062371730804443,0.13857,0.007679569534957409,-0.858,-0.478,-1.357,69.4,1.2148
7125,593663.33,1,0.39243587851524353,0.5998853445053101,0.143,0.006720251403748989,-0.8,-0.484,-1.334,69.663,1.20347
7126,593746.67,1,0.3916710317134857,0.5947887897491455,0.14576,0.006099103018641472,-0.75,-0.5,-1.318,69.6,1.20586
7127,593830.0,1,0.40158435702323914,0.5960177183151245,0.14485,0.00562781747430563,-0.68,-0.483,-1.304,69.612,1.22043
7128,593913.33,1,0.4066561758518219,0.5956867933273315,0.14291,0.005354957189410925,-0.646,-0.484,-1.286,69.456,1.20834
7129,593996.67,1,0.409126341342926,0.5967826247215271,0.14169,0.0052478378638625145,-0.651,-0.49,-1.275,69.887,1.21895
7130,594080.0,1,0.4112352430820465,0.5991325378417969,0.14115,0.005024477373808622,-0.546,-0.506,-1.282,69.726,1.24206
7131,594163.33,1,0.4195086658000946,0.6051716208457947,0.13779,0.005425677634775639,-0.479,-0.497,-1.305,69.873,1.25156
7132,594246.67,1,0.4172269105911255,0.6061203479766846,0.13765,0.005209434777498245,-0.355,-0.492,-1.328,69.42,1.2742
7133,594330.0,1,0.4085307717323303,0.6024306416511536,0.14,0.005036383867263794,-0.329,-0.525,-1.339,69.844,1.26567
7134,594413.33,1,0.3875347971916199,0.5854988098144531,0.14913,0.004980303812772036,-0.341,-0.538,-1.338,69.785,1.26072
7135,594496.67,1,0.38693976402282715,0.5712325572967529,0.15409,0.004831839818507433,-0.514,-0.583,-1.331,69.918,1.26474
7136,594580.0,1,0.3880999982357025,0.546149730682373,0.15897,0.004522569943219423,-0.725,-0.58,-1.315,69.408,1.28184
7137,594663.33,1,0.3868832290172577,0.5332735776901245,0.16233,0.004262258298695087,-0.837,-0.575,-1.287,69.627,1.27693
7138,594746.67,1,0.38764503598213196,0.5216052532196045,0.16527,0.004128632135689259,-0.978,-0.568,-1.267,69.235,1.28831
7139,594830.0,1,0.38924556970596313,0.5174694657325745,0.16687,0.003596141003072262,-1.038,-0.629,-1.267,69.157,1.29971
7140,594913.33,1,0.3902908265590668,0.51484215259552,0.16802,0.00356868258677423,-1.065,-0.618,-1.293,68.588,1.29399
7141,594996.67,1,0.3878084421157837,0.5088317394256592,0.17148,0.0036084908060729504,-1.088,-0.602,-1.322,69.102,1.28522
7142,595080.0,1,0.3831719160079956,0.5035207271575928,0.1734,0.0035346094518899918,-1.096,-0.606,-1.325,68.853,1.29401
7143,595163.33,1,0.37990862131118774,0.4991905689239502,0.17448,0.0036380193196237087,-1.029,-0.58,-1.313,69.34,1.23672
7144,595246.67,1,0.37988221645355225,0.498885840177536,0.17509,0.00384917133487761,-1.097,-0.651,-1.294,69.183,1.20395
7145,595330.0,1,0.379733681678772,0.4999511241912842,0.17547,0.003976533655077219,-1.134,-0.673,-1.269,69.615,1.19852
7146,595413.33,1,0.3799115717411041,0.5013363361358643,0.17525,0.004010392818599939,-1.126,-0.689,-1.257,69.546,1.19673
7147,595496.67,1,0.37941572070121765,0.502778172492981,0.17523,0.003915253095328808,-1.105,-0.675,-1.247,69.737,1.213
7148,595580.0,1,0.3800812065601349,0.5051040053367615,0.17458,0.003939175512641668,-1.052,-0.644,-1.255,69.226,1.25813
7149,595663.33,1,0.38212403655052185,0.5053976774215698,0.1743,0.0038333029951900244,-1.091,-0.605,-1.244,69.274,1.26898
7150,595746.67,1,0.38992229104042053,0.4989861249923706,0.17493,0.0037321902345865965,-1.167,-0.577,-1.213,68.915,1.27057
7151,595828.33,1,0.3931939899921417,0.49227404594421387,0.17672,0.0038056729827076197,-1.243,-0.563,-1.223,69.452,1.2601
7152,595911.67,1,0.3892257809638977,0.49231207370758057,0.17718,0.004175715614110231,-1.281,-0.569,-1.238,69.251,1.26174
7153,595995.0,1,0.3864872455596924,0.48958978056907654,0.17857,0.004233902785927057,-1.345,-0.596,-1.243,69.733,1.25597
7154,596078.33,1,0.3912537693977356,0.4933004081249237,0.17829,0.0038491382729262114,-1.344,-0.617,-1.218,69.753,1.2357
7155,596161.67,1,0.39490315318107605,0.4898490607738495,0.17909,0.003689246252179146,-1.332,-0.623,-1.196,70.158,1.23143
7156,596245.0,1,0.40018945932388306,0.49557554721832275,0.17659,0.003757880534976721,-1.245,-0.613,-1.192,69.86,1.23922
7157,596328.33,1,0.4038481116294861,0.5016098022460938,0.17431,0.003973047714680433,-1.231,-0.632,-1.194,70.075,1.24989
7158,596411.67,1,0.41142404079437256,0.5360445976257324,0.16504,0.004031658638268709,-1.194,-0.685,-1.204,70.085,1.24256
7159,596495.0,1,0.44009414315223694,0.5965147614479065,0.1473,0.003928451333194971,-1.159,-0.708,-1.27,70.395,1.22874
7160,596578.33,1,0.5125465393066406,0.6678447723388672,0.11479,0.0037990836426615715,-1.04,-0.652,-1.287,70.144,1.21648
7161,596661.67,1,0.6378909349441528,0.7339993715286255,0.06437,0.003853093832731247,-0.861,-0.504,-1.301,70.097,1.24158
7162,596745.0,1,0.7349647879600525,0.7765281200408936,0.02463,0.0038719100411981344,-0.858,-0.446,-1.295,69.779,1.26328
7163,596828.33,1,0.7693377733230591,0.8008192777633667,0.01697,0.00390744861215353,-0.914,-0.382,-1.332,70.155,1.24414
7164,596911.67,1,0.7846717834472656,0.8128253817558289,0.01632,0.003964523784816265,-0.981,-0.338,-1.351,70.035,1.22673
7165,596995.0,1,0.7895810604095459,0.816389799118042,0.01618,0.003951760940253735,-0.971,-0.31,-1.356,70.183,1.23178
7166,597078.33,1,0.7949244379997253,0.8193027377128601,0.01674,0.0039037091191858053,-0.977,-0.289,-1.363,69.712,1.25048
7167,597161.67,1,0.799485445022583,0.8183146715164185,0.01645,0.003879680298268795,-0.976,-0.283,-1.382,69.771,1.25992
7168,597245.0,1,0.8009912967681885,0.8204895853996277,0.01677,0.0039670453406870365,-0.945,-0.282,-1.411,69.683,1.25075
7169,597328.33,1,0.7999655604362488,0.8237133622169495,0.01739,0.004136183299124241,-0.925,-0.268,-1.453,69.857,1.24309
7170,597411.67,1,0.7979958653450012,0.8189634084701538,0.01626,0.0038187396712601185,-0.808,-0.278,-1.529,69.498,1.26346
7171,597495.0,1,0.7990991473197937,0.8195985555648804,0.01727,0.0038468227721750736,-0.784,-0.269,-1.595,69.958,1.24446
7172,597578.33,1,0.803730309009552,0.8218089938163757,0.0194,0.00441223056986928,-0.75,-0.258,-1.652,69.747,1.2294
7173,597661.67,1,0.8024317622184753,0.8227089643478394,0.01978,0.004550619516521692,-0.682,-0.234,-1.712,69.896,1.22801
7174,597745.0,1,0.8019861578941345,0.8245710134506226,0.02012,0.004803701303899288,-0.644,-0.194,-1.735,69.31,1.23824
7175,597828.33,1,0.7995404005050659,0.8242015242576599,0.019,0.004811298102140427,-0.659,-0.188,-1.731,69.585,1.2354
7176,597911.67,1,0.7966657280921936,0.8230593800544739,0.0182,0.004867473151534796,-0.668,-0.182,-1.709,69.208,1.24325
7177,597995.0,1,0.7956091165542603,0.8233915567398071,0.01801,0.004826868884265423,-0.644,-0.164,-1.67,69.307,1.24491
7178,598078.33,1,0.7927265763282776,0.8226441740989685,0.018,0.004929088056087494,-0.597,-0.143,-1.618,69.334,1.23729
7179,598161.67,1,0.7605812549591064,0.8160876035690308,0.01933,0.005000478588044643,-0.605,-0.156,-1.589,69.754,1.22857
7180,598243.33,1,0.6496331095695496,0.7785282731056213,0.03625,0.005041323136538267,-0.678,-0.248,-1.556,69.645,1.22635
7181,598326.67,1,0.4893745481967926,0.7015838623046875,0.08947,0.004624712746590376,-0.704,-0.384,-1.505,69.716,1.24099
7182,598410.0,1,0.4162662625312805,0.6191039681434631,0.12961,0.004528379999101162,-0.813,-0.531,-1.482,69.688,1.2389
7183,598493.33,1,0.39467909932136536,0.5730007886886597,0.14869,0.004505748860538006,-0.963,-0.629,-1.436,69.77,1.24018
7184,598576.67,1,0.3809940218925476,0.5369850397109985,0.16284,0.00449644960463047,-1.065,-0.708,-1.416,69.138,1.25959
7185,598660.0,1,0.3795407712459564,0.5324758887290955,0.16599,0.0041984329000115395,-1.193,-0.717,-1.383,69.289,1.25387
7186,598743.33,1,0.37437665462493896,0.5166957378387451,0.17072,0.0039739059284329414,-1.295,-0.694,-1.365,69.023,1.27209
7187,598826.67,1,0.3733830749988556,0.4986850321292877,0.17621,0.0038516810163855553,-1.294,-0.678,-1.348,69.339,1.25229
7188,598910.0,1,0.3694847822189331,0.4874441921710968,0.17991,0.0037944414652884007,-1.306,-0.697,-1.36,69.253,1.2491
7189,598993.33,1,0.36857256293296814,0.4767269194126129,0.18301,0.0037126957904547453,-1.31,-0.699,-1.363,68.944,1.2581
7190,599076.67,1,0.36716407537460327,0.46279236674308777,0.18687,0.003698986256495118,-1.319,-0.689,-1.358,68.456,1.26668
7191,599160.0,1,0.36512893438339233,0.45487260818481445,0.18926,0.003680183319374919,-1.355,-0.681,-1.344,68.871,1.26642
7192,599243.33,1,0.3587290346622467,0.4468178451061249,0.19286,0.0038503948599100113,-1.378,-0.663,-1.323,68.703,1.28219
7193,599326.67,1,0.3519955277442932,0.44366806745529175,0.19438,0.0038926738779991865,-1.393,-0.66,-1.3,68.806,1.27997
7194,599410.0,1,0.35582515597343445,0.4424121081829071,0.19421,0.0038322308100759983,-1.444,-0.68,-1.276,68.779,1.27776
7195,599493.33,1,0.35627734661102295,0.44071972370147705,0.19429,0.003795686876401305,-1.425,-0.676,-1.27,68.973,1.2831
7196,599576.67,1,0.35524511337280273,0.44044119119644165,0.19427,0.00380508741363883,-1.354,-0.674,-1.276,68.747,1.2899
7197,599660.0,1,0.35248830914497375,0.44036880135536194,0.19409,0.003850681707262993,-1.28,-0.667,-1.301,69.082,1.28265
7198,599743.33,1,0.35474854707717896,0.4396819472312927,0.19271,0.00394945265725255,-1.145,-0.647,-1.323,69.195,1.2633
7199,599826.67,1,0.3503592014312744,0.4362702965736389,0.19364,0.0039090304635465145,-1.085,-0.657,-1.358,69.432,1.24905
7200,599910.0,1,0.371695339679718,0.4464578926563263,0.18893,0.004086524713784456,-1.064,-0.644,-1.388,69.249,1.26922
7201,599993.33,1,0.3841018080711365,0.4635709226131439,0.1835,0.004269448574632406,-1.127,-0.623,-1.371,69.465,1.24952
7202,600076.67,1,0.4059048593044281,0.5181582570075989,0.1686,0.004408178851008415,-1.104,-0.62,-1.366,69.019,1.24938
7203,600160.0,1,0.5092868804931641,0.6407663822174072,0.11903,0.004407517611980438,-1.007,-0.583,-1.409,69.351,1.24334
7204,600243.33,1,0.7152314782142639,0.7566973567008972,0.03722,0.00444639939814806,-0.613,-0.283,-1.494,68.979,1.2485
7205,600326.67,1,0.7828396558761597,0.8069257736206055,0.01374,0.00500110536813736,-0.551,-0.235,-1.582,69.231,1.26658
7206,600410.0,1,0.8043575286865234,0.8310360312461853,0.02141,0.005360419861972332,-0.535,-0.188,-1.673,69.036,1.278
7207,600493.33,1,0.8179123401641846,0.8404477834701538,0.0287,0.005242893937975168,-0.583,-0.173,-1.74,69.329,1.28538
7208,600575.0,1,0.8229663968086243,0.8421364426612854,0.03165,0.0051833828911185265,-0.585,-0.145,-1.748,69.197,1.28974
7209,600658.33,1,0.8202362060546875,0.8398447036743164,0.02968,0.005148967728018761,-0.659,-0.109,-1.757,69.787,1.26201
7210,600741.67,1,0.8180580139160156,0.8354579210281372,0.02731,0.004967988468706608,-0.649,-0.078,-1.755,69.744,1.23932
7211,600825.0,1,0.8185691237449646,0.8322166204452515,0.02628,0.0049574351869523525,-0.665,-0.055,-1.739,69.922,1.2488
7212,600908.33,1,0.8196947574615479,0.8301751017570496,0.02492,0.004701149649918079,-0.668,-0.03,-1.742,69.929,1.24297
7213,600991.67,1,0.8202552795410156,0.8302995562553406,0.02449,0.004739800468087196,-0.672,-0.003,-1.743,70.103,1.25271
7214,601075.0,1,0.8185975551605225,0.8290097117424011,0.02341,0.004657156765460968,-0.67,0.022,-1.748,70.104,1.24367
7215,601158.33,1,0.8184114694595337,0.8289037346839905,0.02317,0.00470690056681633,-0.681,0.02,-1.758,70.08,1.25481
7216,601241.67,1,0.819349467754364,0.829959511756897,0.02366,0.004850385710597038,-0.691,0.029,-1.766,69.589,1.25724
7217,601325.0,1,0.8186517953872681,0.8303546905517578,0.02357,0.005613386631011963,-0.707,0.02,-1.794,70.092,1.24421
7218,601408.33,1,0.814321756362915,0.8307002782821655,0.02317,0.00650818133726716,-0.671,0.022,-1.808,70.022,1.2365
7219,601491.67,1,0.8154556751251221,0.8369323015213013,0.02555,0.007363706361502409,-0.667,0.012,-1.812,70.012,1.22662
7220,601575.0,1,0.8157041072845459,0.8377278447151184,0.02567,0.006730011664330959,-0.626,-0.003,-1.795,69.399,1.23556
7221,601658.33,1,0.8154568076133728,0.8362911939620972,0.024,0.006156816612929106,-0.645,-0.026,-1.78,69.33,1.2388
7222,601741.67,1,0.81705641746521,0.8367314338684082,0.02403,0.0055144233629107475,-0.645,-0.039,-1.78,69.138,1.2236
7223,601825.0,1,0.8187225461006165,0.8386664390563965,0.02465,0.005322540178894997,-0.605,-0.046,-1.732,69.332,1.24201
7224,601908.33,1,0.8108920454978943,0.8402535915374756,0.02278,0.005574173294007778,-0.505,-0.041,-1.687,69.344,1.24015
7225,601991.67,1,0.8071258068084717,0.8417240381240845,0.02252,0.006168100517243147,-0.271,-0.019,-1.692,69.274,1.25997
7226,602075.0,1,0.8047513365745544,0.8388513326644897,0.02078,0.00562145933508873,0.051,0.059,-1.717,68.877,1.27759
7227,602158.33,1,0.8068891763687134,0.8376920223236084,0.02089,0.005795142613351345,0.219,0.098,-1.735,69.192,1.26907
7228,602241.67,1,0.8102778196334839,0.8365960121154785,0.02156,0.006102181971073151,0.343,0.118,-1.744,68.869,1.27684
7229,602325.0,1,0.8118720054626465,0.8338776230812073,0.02218,0.006207745522260666,0.605,0.135,-1.731,68.676,1.27322
7230,602408.33,1,0.8173563480377197,0.8347283005714417,0.02496,0.00555750448256731,0.583,0.14,-1.739,68.572,1.28243
7231,602491.67,1,0.8213130831718445,0.8359566926956177,0.02705,0.005292822141200304,0.583,0.14,-1.744,68.802,1.27692
7232,602575.0,1,0.8225255608558655,0.8360006213188171,0.02802,0.0052743046544492245,0.609,0.129,-1.724,68.646,1.28279
7233,602658.33,1,0.8216022253036499,0.8363704085350037,0.02807,0.00535311084240675,0.533,0.08,-1.729,69.077,1.25643
7234,602741.67,1,0.8192644119262695,0.8364322185516357,0.02775,0.005587148014456034,0.428,0.021,-1.736,68.898,1.24906
7235,602825.0,1,0.8167935609817505,0.8353971242904663,0.0265,0.0056039984337985516,0.355,-0.01,-1.731,69.655,1.22004
7236,602908.33,1,0.8143497705459595,0.8336413502693176,0.02464,0.005366672296077013,0.28,-0.006,-1.725,69.802,1.20384
7237,602990.0,1,0.811353862285614,0.8322026133537292,0.02281,0.005205921828746796,0.182,0.031,-1.724,69.898,1.20143
7238,603073.33,1,0.8094184398651123,0.8320276737213135,0.02204,0.0050958325155079365,0.153,0.049,-1.732,69.939,1.19619
7239,603156.67,1,0.8094564080238342,0.8324158191680908,0.02193,0.0052841706201434135,0.104,0.057,-1.758,70.347,1.20064
7240,603240.0,1,0.8108154535293579,0.835848867893219,0.02301,0.005428348667919636,0.048,0.068,-1.792,70.082,1.22162
7241,603323.33,1,0.8131234049797058,0.8379700779914856,0.02394,0.0053941551595926285,0.017,0.103,-1.782,70.411,1.22054
7242,603406.67,1,0.8132813572883606,0.837240993976593,0.02354,0.005358414258807898,-0.013,0.121,-1.765,70.31,1.22153
7243,603490.0,1,0.813915491104126,0.8357495665550232,0.02319,0.005250043235719204,-0.051,0.077,-1.735,70.074,1.23039
7244,603573.33,1,0.8138409852981567,0.8346042633056641,0.02304,0.005327374674379826,-0.089,0.019,-1.726,69.832,1.21921
7245,603656.67,1,0.8130785226821899,0.8333545923233032,0.02262,0.005427072290331125,-0.121,-0.013,-1.719,69.841,1.23663
7246,603740.0,1,0.8127230405807495,0.8337876796722412,0.02248,0.00516550661996007,-0.156,-0.006,-1.717,69.677,1.22551
7247,603823.33,1,0.8100462555885315,0.8336710929870605,0.02155,0.004872064106166363,-0.242,-0.038,-1.722,69.666,1.23643
7248,603906.67,1,0.8078721761703491,0.8319183588027954,0.02016,0.004604639485478401,-0.263,-0.042,-1.721,69.662,1.23527
7249,603990.0,1,0.8066624402999878,0.8322817087173462,0.01946,0.004562702029943466,-0.291,-0.041,-1.72,69.709,1.2484
7250,604073.33,1,0.8054701685905457,0.8315767645835876,0.01925,0.004635457415133715,-0.295,-0.035,-1.711,69.617,1.24492
7251,604156.67,1,0.7984989285469055,0.8235368728637695,0.0162,0.004845215938985348,-0.315,-0.048,-1.69,69.581,1.25566
7252,604240.0,1,0.7408826947212219,0.7934815287590027,0.01941,0.004725051578134298,-0.313,-0.078,-1.642,69.472,1.24666
7253,604323.33,1,0.6479203701019287,0.7469038963317871,0.04867,0.004865593742579222,-0.505,-0.155,-1.607,69.827,1.23852
7254,604406.67,1,0.5523837208747864,0.6971067190170288,0.08424,0.00509140407666564,-0.722,-0.276,-1.595,69.706,1.23411
7255,604490.0,1,0.5024007558822632,0.6749223470687866,0.10277,0.005107295233756304,-0.802,-0.386,-1.55,69.662,1.22776
7256,604573.33,1,0.4546028673648834,0.6265774369239807,0.12784,0.004781140945851803,-0.939,-0.541,-1.503,69.042,1.23812
7257,604656.67,1,0.43189072608947754,0.5870030522346497,0.14401,0.004497991409152746,-0.926,-0.62,-1.484,69.205,1.25095
7258,604740.0,1,0.4252096712589264,0.5698550939559937,0.15214,0.003925865516066551,-0.776,-0.628,-1.467,69.184,1.23343
7259,604823.33,1,0.42010697722435,0.5572874546051025,0.15666,0.003994641825556755,-0.575,-0.629,-1.397,69.092,1.25216
7260,604906.67,1,0.4130253791809082,0.554183840751648,0.15823,0.0042940592393279076,-0.193,-0.525,-1.387,69.486,1.24558
7261,604990.0,1,0.41438084840774536,0.5653577446937561,0.15545,0.00429208017885685,-0.038,-0.502,-1.388,69.67,1.26271
7262,605073.33,1,0.46156230568885803,0.6094176769256592,0.13553,0.004802916664630175,0.018,-0.466,-1.376,69.418,1.27543
7263,605156.67,1,0.5002464652061462,0.6340234279632568,0.11876,0.0050337109714746475,0.015,-0.44,-1.423,69.714,1.28224
7264,605240.0,1,0.5590924024581909,0.6545169353485107,0.09808,0.005832906346768141,0.024,-0.408,-1.46,69.602,1.2873
7265,605323.33,1,0.6234477758407593,0.7088179588317871,0.06602,0.006415687035769224,0.05,-0.346,-1.512,69.923,1.26464
7266,605406.67,1,0.6761758327484131,0.7477556467056274,0.04211,0.006137001793831587,-0.006,-0.32,-1.532,69.758,1.27359
7267,605490.0,1,0.7059696912765503,0.7658406496047974,0.02895,0.0055744643323123455,-0.075,-0.306,-1.555,70.133,1.26342
7268,605571.67,1,0.7094316482543945,0.7701004147529602,0.02664,0.005508254282176495,-0.242,-0.327,-1.566,69.808,1.2719
7269,605655.0,1,0.7048996686935425,0.7686629891395569,0.02908,0.00509472843259573,-0.338,-0.312,-1.578,69.863,1.2799
7270,605738.33,1,0.7016052007675171,0.7667115330696106,0.03108,0.005221738014370203,-0.347,-0.279,-1.583,69.497,1.28699
7271,605821.67,1,0.6792483329772949,0.7598327398300171,0.03865,0.005071695894002914,-0.412,-0.298,-1.598,69.915,1.27439
7272,605905.0,1,0.6446043252944946,0.7408484220504761,0.05301,0.0049610682763159275,-0.515,-0.392,-1.619,69.667,1.28094
7273,605988.33,1,0.5746246576309204,0.6978038549423218,0.08001,0.0047720642760396,-0.515,-0.406,-1.609,69.933,1.25511
7274,606071.67,1,0.5397163033485413,0.6709541082382202,0.09596,0.004651717841625214,-0.519,-0.423,-1.595,69.736,1.23677
7275,606155.0,1,0.5155590176582336,0.6472940444946289,0.10758,0.004663912113755941,-0.53,-0.444,-1.575,70.171,1.23146
7276,606238.33,1,0.5018355846405029,0.6407567262649536,0.11401,0.004789274651557207,-0.656,-0.598,-1.582,70.066,1.23084
7277,606321.67,1,0.4855569899082184,0.6288415193557739,0.12195,0.005094469990581274,-0.9,-0.703,-1.59,69.85,1.25458
7278,606405.0,1,0.47574231028556824,0.6140976548194885,0.12975,0.0052326577715575695,-0.971,-0.723,-1.603,69.304,1.27346
7279,606488.33,1,0.4719364643096924,0.5990393757820129,0.13716,0.005228616762906313,-1.129,-0.727,-1.597,69.225,1.26666
7280,606571.67,1,0.4630996882915497,0.5895676612854004,0.14274,0.005057439673691988,-1.204,-0.685,-1.565,69.074,1.24429
7281,606655.0,1,0.45523568987846375,0.5849789977073669,0.14459,0.0058348882012069225,-1.205,-0.676,-1.549,68.881,1.25507
7282,606738.33,1,0.46063071489334106,0.5863128900527954,0.14344,0.006298772059381008,-1.286,-0.685,-1.564,68.654,1.27246
7283,606821.67,1,0.4621140658855438,0.5865016579627991,0.14418,0.005471635609865189,-1.313,-0.687,-1.54,68.935,1.27381
7284,606905.0,1,0.4598461985588074,0.5847706198692322,0.14628,0.004414541646838188,-1.249,-0.712,-1.493,69.068,1.26234
7285,606988.33,1,0.45058369636535645,0.5628156661987305,0.15257,0.004329684656113386,-1.217,-0.75,-1.472,69.422,1.23834
7286,607071.67,1,0.44197994470596313,0.5385926961898804,0.15866,0.004374743439257145,-1.184,-0.773,-1.474,69.377,1.23219
7287,607155.0,1,0.42217057943344116,0.5110223293304443,0.16726,0.004568463657051325,-1.153,-0.774,-1.432,69.77,1.21904
7288,607238.33,1,0.40645119547843933,0.48440852761268616,0.17489,0.0045357053168118,-1.154,-0.782,-1.389,69.759,1.22167
7289,607321.67,1,0.39918673038482666,0.46945178508758545,0.17938,0.004534250590950251,-1.133,-0.797,-1.377,69.846,1.22155
7290,607405.0,1,0.3859810531139374,0.4592897593975067,0.18155,0.004563741385936737,-1.033,-0.819,-1.395,69.59,1.25607
7291,607488.33,1,0.3764471709728241,0.4524061679840088,0.18315,0.004500026348978281,-0.947,-0.836,-1.417,69.862,1.24514
7292,607571.67,1,0.3714897334575653,0.4456287920475006,0.1833,0.004502494819462299,-0.911,-0.849,-1.425,69.535,1.25818
7293,607655.0,1,0.36914387345314026,0.4337267279624939,0.18578,0.004470926243811846,-0.93,-0.851,-1.437,69.732,1.26512
7294,607738.33,1,0.36591610312461853,0.422962486743927,0.18809,0.004474140703678131,-0.901,-0.824,-1.443,69.697,1.25301
7295,607820.0,1,0.36518236994743347,0.4153943657875061,0.19006,0.004425917286425829,-0.937,-0.787,-1.435,69.951,1.23551
7296,607903.33,1,0.36311987042427063,0.40989750623703003,0.19256,0.004137687850743532,-0.927,-0.751,-1.428,69.606,1.22083
7297,607986.67,1,0.36147311329841614,0.40409237146377563,0.19453,0.00410139374434948,-1.001,-0.711,-1.425,69.632,1.24804
7298,608070.0,1,0.36055588722229004,0.4007335305213928,0.19632,0.003978952299803495,-1.111,-0.669,-1.416,69.347,1.27104
7299,608153.33,1,0.3637215495109558,0.40014663338661194,0.19691,0.003797476412728429,-1.141,-0.661,-1.399,69.817,1.25729
7300,608236.67,1,0.36619284749031067,0.39983126521110535,0.1971,0.003312177024781704,-1.21,-0.648,-1.386,69.763,1.24931
7301,608320.0,1,0.36688047647476196,0.4028031826019287,0.19701,0.0033018444664776325,-1.291,-0.663,-1.391,69.944,1.24673
7302,608403.33,1,0.36606353521347046,0.40619957447052,0.19691,0.0033503917511552572,-1.3,-0.665,-1.414,69.49,1.26028
7303,608486.67,1,0.3659359812736511,0.4102053642272949,0.19599,0.0034762711729854345,-1.242,-0.72,-1.44,69.865,1.24664
7304,608570.0,1,0.3671568036079407,0.4144621193408966,0.19467,0.0036130615044385195,-1.269,-0.741,-1.452,69.768,1.2384
7305,608653.33,1,0.36759546399116516,0.4170434772968292,0.1942,0.0036437050439417362,-1.173,-0.728,-1.459,69.737,1.24617
7306,608736.67,1,0.36530208587646484,0.4183236062526703,0.19347,0.003726586466655135,-0.873,-0.656,-1.443,69.49,1.23048
7307,608820.0,1,0.366832971572876,0.42535534501075745,0.19236,0.003834559815004468,-0.795,-0.654,-1.446,69.929,1.22662
7308,608903.33,1,0.37226057052612305,0.43702182173728943,0.18942,0.004006961826235056,-0.795,-0.654,-1.445,69.904,1.22614
7309,608986.67,1,0.3793090879917145,0.44696861505508423,0.18679,0.004206841345876455,-0.79,-0.645,-1.436,69.716,1.25599
7310,609070.0,1,0.38431042432785034,0.45847880840301514,0.18435,0.004150948487222195,-0.749,-0.64,-1.429,69.616,1.2445
7311,609153.33,1,0.3885802924633026,0.4641079008579254,0.18437,0.003879294963553548,-0.735,-0.653,-1.414,69.589,1.26359
7312,609236.67,1,0.3955495059490204,0.4679984450340271,0.18313,0.004045411944389343,-0.781,-0.708,-1.4,69.161,1.27218
7313,609320.0,1,0.3970334529876709,0.46528196334838867,0.18401,0.0040695033967494965,-0.849,-0.722,-1.419,69.4,1.28511
7314,609403.33,1,0.38549089431762695,0.4514000415802002,0.18691,0.004204505123198032,-0.881,-0.738,-1.424,69.284,1.2953
7315,609486.67,1,0.37557512521743774,0.4406011700630188,0.19096,0.0045922850258648396,-0.845,-0.767,-1.427,69.578,1.25554
7316,609570.0,1,0.360988050699234,0.42911815643310547,0.19536,0.005003652069717646,-0.888,-0.785,-1.437,69.557,1.2553
7317,609653.33,1,0.35175761580467224,0.4185473620891571,0.19855,0.004992356989532709,-0.94,-0.802,-1.426,69.819,1.25524
7318,609736.67,1,0.3446004092693329,0.4135153889656067,0.20083,0.0049459198489785194,-0.991,-0.832,-1.439,69.57,1.25686
7319,609820.0,1,0.3452112376689911,0.4146376848220825,0.20039,0.0046608406119048595,-1.009,-0.835,-1.429,69.866,1.23424
7320,609903.33,1,0.360166072845459,0.44537875056266785,0.19324,0.004402429796755314,-1.156,-0.86,-1.414,69.727,1.2415
7321,609986.67,1,0.4424775242805481,0.6065409183502197,0.14186,0.0043212976306676865,-1.089,-0.846,-1.408,69.79,1.23547
7322,610070.0,1,0.6522305607795715,0.7557686567306519,0.05523,0.004580578301101923,-0.748,-0.643,-1.428,69.363,1.23097
7323,610151.67,1,0.6279196739196777,0.7428023815155029,0.0594,0.004577700048685074,-0.685,-0.6,-1.451,69.778,1.23292
7324,610235.0,1,0.5435953140258789,0.7213915586471558,0.07936,0.004471860360354185,-0.606,-0.606,-1.471,69.86,1.21916
7325,610318.33,1,0.43378669023513794,0.6550112962722778,0.11768,0.003722755704075098,-0.618,-0.606,-1.45,70.218,1.20089
7326,610401.67,1,0.3884415626525879,0.5738934874534607,0.14849,0.0037582709919661283,-0.697,-0.689,-1.444,69.964,1.18684
7327,610485.0,1,0.35858386754989624,0.5182849764823914,0.16791,0.0038185769226402044,-0.687,-0.703,-1.428,70.18,1.19429
7328,610568.33,1,0.34605786204338074,0.4670894145965576,0.18322,0.003481981111690402,-0.717,-0.738,-1.425,69.778,1.21284
7329,610651.67,1,0.33537057042121887,0.43900150060653687,0.19216,0.0037468208465725183,-0.698,-0.754,-1.46,69.609,1.22824
7330,610735.0,1,0.32589060068130493,0.41839396953582764,0.19931,0.004123183898627758,-0.685,-0.734,-1.491,69.414,1.22334
7331,610818.33,1,0.32187187671661377,0.4033466875553131,0.20461,0.004122660495340824,-0.711,-0.675,-1.49,69.408,1.23714
7332,610901.67,1,0.32116302847862244,0.3925013840198517,0.20747,0.004090577829629183,-0.676,-0.652,-1.496,69.456,1.23807
7333,610985.0,1,0.31866464018821716,0.3856060802936554,0.20959,0.0042089615017175674,-0.641,-0.642,-1.506,69.847,1.23866
7334,611068.33,1,0.31724852323532104,0.3831550180912018,0.21053,0.004149785730987787,-0.641,-0.639,-1.512,69.702,1.23952
7335,611151.67,1,0.31196483969688416,0.3824242949485779,0.21155,0.004124243278056383,-0.664,-0.658,-1.498,69.895,1.24656
7336,611235.0,1,0.3109396696090698,0.38236504793167114,0.21135,0.004059831146150827,-0.637,-0.663,-1.482,69.417,1.26536
7337,611318.33,1,0.31154248118400574,0.38413453102111816,0.21078,0.0041267783381044865,-0.674,-0.728,-1.475,69.805,1.25642
7338,611401.67,1,0.31418150663375854,0.39030206203460693,0.20897,0.0040671308524906635,-0.714,-0.771,-1.463,69.684,1.24887
7339,611485.0,1,0.33702465891838074,0.4565246105194092,0.19263,0.004299469757825136,-0.696,-0.784,-1.459,69.934,1.25056
7340,611568.33,1,0.500115156173706,0.647994875907898,0.11951,0.00454646535217762,-0.671,-0.766,-1.478,69.564,1.26885
7341,611651.67,1,0.7000077366828918,0.754123330116272,0.04522,0.004916445817798376,-0.451,-0.579,-1.516,69.704,1.25969
7342,611735.0,1,0.7562114000320435,0.7839102149009705,0.01888,0.004842136520892382,-0.255,-0.464,-1.604,69.172,1.26146
7343,611818.33,1,0.7702585458755493,0.7926368117332458,0.01645,0.004860461223870516,-0.282,-0.392,-1.637,69.349,1.26781
7344,611901.67,1,0.781046986579895,0.7987900376319885,0.01509,0.004934975411742926,-0.306,-0.315,-1.706,69.356,1.25884
7345,611985.0,1,0.792951762676239,0.8078044652938843,0.01405,0.005151484161615372,-0.353,-0.24,-1.804,69.518,1.27019
7346,612068.33,1,0.7858117818832397,0.8126308917999268,0.01626,0.0053634666837751865,-0.345,-0.218,-1.888,69.554,1.26057
7347,612151.67,1,0.739617109298706,0.7996271848678589,0.02308,0.0054296390153467655,-0.342,-0.226,-1.934,69.621,1.24827
7348,612235.0,1,0.5357968807220459,0.7432674169540405,0.07103,0.005435198079794645,-0.452,-0.329,-1.916,69.314,1.26425
7349,612318.33,1,0.4119894802570343,0.6553670167922974,0.11781,0.005052897613495588,-0.493,-0.401,-1.921,69.477,1.2535
7350,612401.67,1,0.3526060879230499,0.6097238063812256,0.14219,0.0049257124774158,-0.508,-0.434,-1.882,69.792,1.2441
7351,612485.0,1,0.34705421328544617,0.5796017646789551,0.15468,0.004889938049018383,-0.531,-0.45,-1.866,70.007,1.23087
7352,612566.67,1,0.35177505016326904,0.5540496110916138,0.16303,0.0048726447857916355,-0.565,-0.468,-1.823,69.824,1.22984
7353,612650.0,1,0.3544897139072418,0.5373923778533936,0.16854,0.004613880068063736,-0.689,-0.517,-1.795,69.804,1.24999
7354,612733.33,1,0.35830971598625183,0.5179983973503113,0.17351,0.00469673378393054,-0.89,-0.559,-1.782,69.689,1.24603
7355,612816.67,1,0.35386624932289124,0.49348023533821106,0.18049,0.004572015255689621,-0.929,-0.559,-1.761,69.609,1.25836
7356,612900.0,1,0.360330730676651,0.48289936780929565,0.18364,0.004507378675043583,-0.997,-0.565,-1.727,69.325,1.27705
7357,612983.33,1,0.36136430501937866,0.4775674045085907,0.18507,0.00472894636914134,-0.996,-0.576,-1.727,69.383,1.28093
7358,613066.67,1,0.35730406641960144,0.4699629545211792,0.18788,0.004911982920020819,-0.996,-0.617,-1.717,69.024,1.27787
7359,613150.0,1,0.35432082414627075,0.45768895745277405,0.19199,0.004607415292412043,-0.956,-0.64,-1.678,69.453,1.28093
7360,613233.33,1,0.349601149559021,0.4445357322692871,0.19574,0.00388632551766932,-0.915,-0.64,-1.627,69.585,1.26549
7361,613316.67,1,0.3577486276626587,0.4374682903289795,0.19537,0.00407419865950942,-0.928,-0.643,-1.593,69.763,1.26502
7362,613400.0,1,0.3663727343082428,0.44208094477653503,0.19308,0.004440151154994965,-0.93,-0.617,-1.599,69.632,1.24595
7363,613483.33,1,0.3659824728965759,0.4405626654624939,0.19456,0.004682920873165131,-0.974,-0.617,-1.627,70.095,1.23528
7364,613566.67,1,0.36182788014411926,0.4346980154514313,0.19569,0.005061562173068523,-0.967,-0.587,-1.636,69.939,1.22545
7365,613650.0,1,0.35857492685317993,0.42654773592948914,0.19797,0.004906774498522282,-1.057,-0.553,-1.67,69.962,1.24102
7366,613733.33,1,0.36235082149505615,0.4320276081562042,0.19672,0.004778945352882147,-1.029,-0.552,-1.67,69.792,1.23068
7367,613816.67,1,0.3646492660045624,0.4322352409362793,0.19622,0.00455071683973074,-1.051,-0.552,-1.665,70.12,1.23301
7368,613900.0,1,0.3652293086051941,0.43367815017700195,0.19544,0.004377791192382574,-1.046,-0.536,-1.689,69.877,1.25536
7369,613983.33,1,0.3662109076976776,0.43673431873321533,0.1949,0.004248291719704866,-1.165,-0.473,-1.708,70.079,1.24543
7370,614066.67,1,0.3679419755935669,0.4423162043094635,0.19284,0.004714640323072672,-1.328,-0.539,-1.744,69.673,1.26192
7371,614150.0,1,0.37069883942604065,0.4460603892803192,0.19153,0.005267113912850618,-1.495,-0.609,-1.754,69.977,1.26015
7372,614233.33,1,0.37399163842201233,0.45411771535873413,0.19065,0.005707165692001581,-1.786,-0.611,-1.737,69.566,1.27316
7373,614316.67,1,0.3708452582359314,0.4610570967197418,0.18828,0.005400513298809528,-1.761,-0.657,-1.75,69.486,1.28235
7374,614400.0,1,0.3718511760234833,0.45857545733451843,0.18961,0.004949313122779131,-1.742,-0.671,-1.741,68.968,1.28243
7375,614483.33,1,0.36728787422180176,0.45476067066192627,0.19173,0.00464272266253829,-1.752,-0.661,-1.732,69.429,1.26607
7376,614566.67,1,0.3653434216976166,0.45467084646224976,0.19209,0.004489317536354065,-1.763,-0.693,-1.715,69.353,1.25674
7377,614650.0,1,0.37214136123657227,0.454022079706192,0.19141,0.0038696262054145336,-1.77,-0.694,-1.691,69.2,1.27634
7378,614733.33,1,0.38214388489723206,0.45546725392341614,0.18989,0.0035235711839050055,-1.866,-0.647,-1.659,68.727,1.29364
7379,614815.0,1,0.39175912737846375,0.4568790793418884,0.18675,0.0034843729808926582,-1.848,-0.645,-1.64,68.661,1.26816
7380,614898.33,1,0.3953489065170288,0.46574124693870544,0.18391,0.003821654710918665,-1.857,-0.694,-1.677,68.59,1.23456
7381,614981.67,1,0.3973183035850525,0.46956735849380493,0.18256,0.0038526435382664204,-1.814,-0.721,-1.684,68.608,1.25845
7382,615065.0,1,0.3961606025695801,0.46835410594940186,0.18262,0.003783945459872484,-1.574,-0.689,-1.686,68.146,1.27062
7383,615148.33,1,0.39645254611968994,0.46958330273628235,0.18235,0.003552667796611786,-1.492,-0.621,-1.688,68.265,1.27508
7384,615231.67,1,0.395000696182251,0.4690232276916504,0.18267,0.0034800723660737276,-1.467,-0.564,-1.673,68.016,1.27742
7385,615315.0,1,0.39451053738594055,0.46860751509666443,0.18285,0.0032709131482988596,-1.529,-0.549,-1.643,68.858,1.22063
7386,615398.33,1,0.3957264721393585,0.46887367963790894,0.18224,0.0034338943660259247,-1.524,-0.562,-1.618,69.037,1.19429
7387,615481.67,1,0.3960207402706146,0.47260886430740356,0.1815,0.0034501245245337486,-1.485,-0.612,-1.581,69.563,1.19726
7388,615565.0,1,0.3956809341907501,0.4788852632045746,0.1799,0.003707616124302149,-1.503,-0.684,-1.531,69.307,1.21341
7389,615648.33,1,0.39613720774650574,0.4766405522823334,0.18042,0.003691046731546521,-1.471,-0.756,-1.474,69.733,1.22929
7390,615731.67,1,0.39491748809814453,0.47529953718185425,0.18172,0.003628999227657914,-1.427,-0.791,-1.423,69.426,1.25225
7391,615815.0,1,0.3968379497528076,0.46897411346435547,0.18325,0.0034107412211596966,-1.496,-0.757,-1.382,69.793,1.24552
7392,615898.33,1,0.3980323076248169,0.4625260531902313,0.1839,0.0033015499357134104,-1.586,-0.699,-1.351,69.603,1.26133
7393,615981.67,1,0.39860740303993225,0.45956239104270935,0.1844,0.003279778640717268,-1.636,-0.73,-1.318,69.981,1.24458
7394,616065.0,1,0.3995967507362366,0.456352561712265,0.18397,0.0032710761297494173,-1.68,-0.725,-1.28,69.838,1.2313
7395,616148.33,1,0.3972136378288269,0.4564061462879181,0.18428,0.0036224324721843004,-1.688,-0.763,-1.263,70.222,1.22836
7396,616231.67,1,0.395320862531662,0.45969322323799133,0.18371,0.003884214675053954,-1.658,-0.808,-1.271,70.088,1.22994
7397,616315.0,1,0.39469608664512634,0.45831388235092163,0.18416,0.003957951907068491,-1.669,-0.85,-1.259,69.748,1.2621
7398,616398.33,1,0.3925880789756775,0.45606905221939087,0.18355,0.0036551691591739655,-1.505,-0.884,-1.235,69.298,1.28998
7399,616481.67,1,0.38805997371673584,0.45397916436195374,0.1852,0.0036771302111446857,-1.5,-0.932,-1.18,69.544,1.28557
7400,616565.0,1,0.3862888813018799,0.45206835865974426,0.1862,0.0037174923345446587,-1.489,-0.959,-1.13,69.183,1.2987
7401,616648.33,1,0.39031797647476196,0.4532541036605835,0.18577,0.0037708592135459185,-1.556,-1.034,-1.064,69.418,1.26947
7402,616731.67,1,0.40140897035598755,0.45239585638046265,0.18451,0.003943610470741987,-1.538,-1.057,-0.994,69.174,1.25064
7403,616815.0,1,0.4085109829902649,0.4519653618335724,0.18312,0.0037649162113666534,-1.548,-1.079,-0.945,69.51,1.24888
7404,616898.33,1,0.4151444733142853,0.4532824754714966,0.18177,0.003676716471090913,-1.539,-1.159,-0.888,69.384,1.25201
7405,616981.67,1,0.4163060188293457,0.4620268642902374,0.17878,0.0038933895993977785,-1.578,-1.229,-0.834,69.707,1.25363
7406,617065.0,1,0.4164624512195587,0.46257179975509644,0.1796,0.004160337615758181,-1.718,-1.364,-0.748,69.52,1.25731
7407,617146.67,1,0.4114375114440918,0.47190040349960327,0.17698,0.005410350393503904,-1.683,-1.428,-0.719,69.641,1.26395
7408,617230.0,1,0.41058143973350525,0.46852970123291016,0.17704,0.006296749226748943,-1.648,-1.434,-0.703,69.176,1.28467
7409,617313.33,1,0.39609408378601074,0.47230011224746704,0.17583,0.006922177039086819,-1.555,-1.508,-0.695,69.054,1.30376
7410,617396.67,1,0.3905560374259949,0.4761034846305847,0.17527,0.008396835066378117,-1.401,-1.473,-0.617,68.544,1.30447
7411,617480.0,1,0.38522085547447205,0.4741773307323456,0.17657,0.008027346804738045,-1.092,-1.446,-0.606,69.117,1.29752
7412,617563.33,1,0.3839864730834961,0.4715675711631775,0.17802,0.007438318338245153,-1.07,-1.465,-0.609,68.909,1.30563
7413,617646.67,1,0.3874166011810303,0.4698120355606079,0.17788,0.006704782135784626,-1.225,-1.542,-0.606,69.589,1.25498
7414,617730.0,1,0.39196476340293884,0.4675884544849396,0.17801,0.006603320594877005,-1.402,-1.603,-0.592,69.302,1.25749
7415,617813.33,1,0.3955307900905609,0.47088509798049927,0.17576,0.00689851725474,-1.418,-1.606,-0.601,69.685,1.22639
7416,617896.67,1,0.3921073377132416,0.4701140820980072,0.1754,0.0070939757861196995,-1.263,-1.582,-0.602,69.727,1.21873
7417,617980.0,1,0.3927326202392578,0.47212710976600647,0.17544,0.006494112312793732,-1.27,-1.571,-0.607,70.154,1.21249
7418,618063.33,1,0.39553767442703247,0.4774206280708313,0.17494,0.005754260346293449,-1.355,-1.578,-0.627,70.038,1.21229
7419,618146.67,1,0.3974413573741913,0.481084942817688,0.17502,0.005186351016163826,-1.459,-1.588,-0.659,70.057,1.21289
7420,618230.0,1,0.3957499861717224,0.4797142744064331,0.17541,0.005274590104818344,-1.421,-1.583,-0.663,69.75,1.23954
7421,618313.33,1,0.39930862188339233,0.48778390884399414,0.1733,0.005442138761281967,-1.48,-1.61,-0.7,69.799,1.24799
7422,618396.67,1,0.4771660566329956,0.5414783358573914,0.14624,0.005977258551865816,-1.393,-1.599,-0.758,69.171,1.26242
7423,618480.0,1,0.7448747158050537,0.7274000644683838,0.03564,0.00582167599350214,-0.943,-1.209,-0.878,69.435,1.26719
7424,618563.33,1,0.7453640699386597,0.7587053775787354,0.02351,0.005759711377322674,-0.988,-1.144,-0.902,69.02,1.28449
7425,618646.67,1,0.700226902961731,0.7616262435913086,0.03456,0.005377333145588636,-0.978,-1.167,-0.946,69.131,1.29466
7426,618730.0,1,0.5293964147567749,0.6955156326293945,0.08676,0.0046872966922819614,-0.958,-1.236,-0.93,69.043,1.28065
7427,618813.33,1,0.45329752564430237,0.6419507265090942,0.12049,0.004312267526984215,-1.062,-1.312,-0.918,69.029,1.29516
7428,618896.67,1,0.4199736416339874,0.5967427492141724,0.1418,0.004256116691976786,-1.152,-1.354,-0.896,68.65,1.30868
7429,618980.0,1,0.40058889985084534,0.5584726333618164,0.15495,0.004378435667604208,-1.119,-1.334,-0.86,68.63,1.26127
7430,619063.33,1,0.3927776515483856,0.5372403264045715,0.16317,0.004415520466864109,-1.195,-1.348,-0.833,68.19,1.24569
7431,619146.67,1,0.3960740566253662,0.532523512840271,0.16323,0.0046083820052444935,-1.106,-1.286,-0.821,68.774,1.2248
7432,619230.0,1,0.39540910720825195,0.537030816078186,0.16324,0.004605082795023918,-1.076,-1.318,-0.862,68.846,1.21413
7433,619313.33,1,0.3979707360267639,0.5352957844734192,0.16312,0.004129820503294468,-1.088,-1.306,-0.886,69.22,1.20218
7434,619395.0,1,0.3990271985530853,0.5364630222320557,0.16282,0.003927995916455984,-1.164,-1.296,-0.895,69.0,1.1923
7435,619478.33,1,0.3995282053947449,0.5358461141586304,0.1635,0.0038048378191888332,-1.179,-1.29,-0.904,69.189,1.20116
7436,619561.67,1,0.4001205563545227,0.5329627990722656,0.16433,0.003639199770987034,-1.158,-1.307,-0.924,68.785,1.22243
7437,619645.0,1,0.39942026138305664,0.531862199306488,0.16435,0.003609393024817109,-1.033,-1.275,-0.93,68.817,1.24181
7438,619728.33,1,0.39710181951522827,0.5275211334228516,0.16573,0.003683272283524275,-0.941,-1.231,-0.952,68.462,1.25308
7439,619811.67,1,0.3947167992591858,0.5229068994522095,0.16736,0.0037954868748784065,-0.938,-1.174,-0.975,68.673,1.23622
7440,619895.0,1,0.39713481068611145,0.521883487701416,0.16875,0.003952725790441036,-1.029,-1.178,-1.004,68.705,1.2002
7441,619978.33,1,0.39952605962753296,0.5128438472747803,0.17071,0.003965768497437239,-1.051,-1.209,-1.014,68.736,1.21499
7442,620061.67,1,0.39921683073043823,0.5091027021408081,0.17136,0.004227468743920326,-1.125,-1.264,-1.024,68.602,1.20143
7443,620145.0,1,0.40105947852134705,0.5070933103561401,0.17153,0.004324193578213453,-1.277,-1.253,-1.009,68.954,1.21035
7444,620228.33,1,0.4047451615333557,0.5059715509414673,0.17174,0.004429263062775135,-1.384,-1.262,-1.018,68.57,1.22996
7445,620311.67,1,0.4022810161113739,0.5017479062080383,0.17198,0.004749229643493891,-1.382,-1.268,-1.017,68.608,1.23997
7446,620395.0,1,0.4054422080516815,0.49951934814453125,0.17245,0.004471318796277046,-1.393,-1.264,-1.01,68.508,1.23157
7447,620478.33,1,0.4080152213573456,0.5021294355392456,0.1714,0.00440151896327734,-1.496,-1.254,-1.011,68.548,1.21828
7448,620561.67,1,0.40813982486724854,0.5004757046699524,0.17202,0.00426381453871727,-1.55,-1.241,-1.005,68.055,1.20762
7449,620645.0,1,0.4092556834220886,0.5070791244506836,0.17022,0.00431324215605855,-1.55,-1.262,-1.018,67.967,1.22681
7450,620728.33,1,0.4101884663105011,0.5083522796630859,0.16978,0.004230526741594076,-1.629,-1.245,-1.013,67.829,1.22636
7451,620811.67,1,0.41055670380592346,0.5057487487792969,0.17045,0.004084301181137562,-1.606,-1.217,-1.012,67.719,1.24929
7452,620895.0,1,0.4084250330924988,0.4960053563117981,0.17342,0.003846294479444623,-1.645,-1.195,-0.999,67.279,1.26236
7453,620978.33,1,0.4058586359024048,0.4917709529399872,0.17515,0.0038687826599925756,-1.634,-1.189,-0.995,67.682,1.23614
7454,621061.67,1,0.40597665309906006,0.4925525486469269,0.17527,0.004114794544875622,-1.496,-1.191,-0.999,67.787,1.22734
7455,621145.0,1,0.40518850088119507,0.4922580420970917,0.17557,0.004307379014790058,-1.363,-1.196,-1.009,68.389,1.21474
7456,621228.33,1,0.4039779603481293,0.4869198799133301,0.17644,0.004519054666161537,-1.242,-1.214,-1.008,68.498,1.22768
7457,621311.67,1,0.4026546776294708,0.4913250207901001,0.17543,0.004775309469550848,-1.18,-1.242,-1.013,69.368,1.21529
7458,621395.0,1,0.3998831510543823,0.4929637312889099,0.17532,0.006012879312038422,-1.191,-1.271,-1.019,69.324,1.21449
7459,621478.33,1,0.40272057056427,0.49314308166503906,0.1752,0.006164307240396738,-1.236,-1.264,-1.016,70.089,1.19342
7460,621561.67,1,0.4056989848613739,0.4949225187301636,0.17393,0.006549964193254709,-1.318,-1.252,-1.024,70.321,1.18885
7461,621645.0,1,0.40247029066085815,0.5019756555557251,0.17124,0.006436536088585854,-1.281,-1.224,-1.057,70.472,1.20521
7462,621728.33,1,0.403207391500473,0.49987512826919556,0.17157,0.00562833808362484,-1.264,-1.211,-1.066,70.54,1.23181
7463,621810.0,1,0.4001694917678833,0.4984701871871948,0.17333,0.005148774944245815,-1.271,-1.209,-1.05,70.31,1.24374
7464,621893.33,1,0.4063742458820343,0.5009627938270569,0.17316,0.005036495625972748,-1.222,-1.206,-1.049,69.743,1.25074
7465,621976.67,1,0.4116460978984833,0.5007060170173645,0.17272,0.004939454607665539,-1.307,-1.196,-1.06,69.958,1.26471
7466,622060.0,1,0.4152013659477234,0.5053010582923889,0.17119,0.0046167210675776005,-1.386,-1.209,-1.056,69.985,1.2564
7467,622143.33,1,0.41462045907974243,0.505023717880249,0.17134,0.004670049529522657,-1.443,-1.191,-1.085,70.067,1.2743
7468,622226.67,1,0.41852641105651855,0.5076020956039429,0.17158,0.004524755757302046,-1.415,-1.182,-1.111,69.761,1.2884
7469,622310.0,1,0.4223634898662567,0.514568567276001,0.16996,0.00437626987695694,-1.361,-1.215,-1.121,69.657,1.29583
7470,622393.33,1,0.42139381170272827,0.5230876207351685,0.16748,0.004224888514727354,-1.368,-1.22,-1.096,69.915,1.27323
7471,622476.67,1,0.4205196797847748,0.5294984579086304,0.16481,0.004251142498105764,-1.255,-1.156,-1.099,70.113,1.25358
7472,622560.0,1,0.4201311469078064,0.5319986343383789,0.16352,0.004163725301623344,-1.177,-1.118,-1.106,69.664,1.23696
7473,622643.33,1,0.4189477562904358,0.5362575054168701,0.16259,0.0040573482401669025,-1.204,-1.127,-1.133,69.857,1.24376
7474,622726.67,1,0.4168764054775238,0.52914959192276,0.16504,0.003986093681305647,-1.258,-1.102,-1.149,69.419,1.26544
7475,622810.0,1,0.4159475266933441,0.5281376242637634,0.1654,0.004029920324683189,-1.295,-1.105,-1.169,69.339,1.26885
7476,622893.33,1,0.40904536843299866,0.5146126747131348,0.16926,0.004098779056221247,-1.292,-1.114,-1.154,69.09,1.25157
7477,622976.67,1,0.4095134735107422,0.5111520290374756,0.16999,0.004131150431931019,-1.245,-1.124,-1.14,69.16,1.26239
7478,623060.0,1,0.4068659543991089,0.508711576461792,0.17054,0.004548686556518078,-1.181,-1.13,-1.149,69.204,1.25776
7479,623143.33,1,0.4049287438392639,0.507921576499939,0.16954,0.00472440617159009,-1.138,-1.152,-1.164,69.454,1.24121
7480,623226.67,1,0.40569889545440674,0.5143660306930542,0.16698,0.004891875199973583,-1.121,-1.122,-1.19,69.328,1.24027
7481,623310.0,1,0.41343188285827637,0.5269256234169006,0.16377,0.004732062108814716,-1.185,-1.107,-1.203,69.335,1.25421
7482,623393.33,1,0.42184627056121826,0.5485830307006836,0.15695,0.004572375677525997,-1.185,-1.092,-1.207,69.114,1.23873
7483,623476.67,1,0.43630293011665344,0.5762020349502563,0.14431,0.004634449258446693,-1.165,-1.064,-1.236,69.364,1.24554
7484,623560.0,1,0.4382399320602417,0.5862544775009155,0.14116,0.005665734875947237,-1.143,-1.057,-1.28,69.033,1.2663
7485,623643.33,1,0.4373873472213745,0.5846809148788452,0.14104,0.0059980894438922405,-1.127,-1.063,-1.289,69.226,1.27457
7486,623726.67,1,0.43205901980400085,0.5792427659034729,0.14458,0.005412164144217968,-1.173,-1.104,-1.316,69.252,1.26647
7487,623810.0,1,0.43187838792800903,0.583052396774292,0.14555,0.004730207845568657,-1.168,-1.101,-1.327,69.654,1.25374
7488,623893.33,1,0.4349499046802521,0.5856451988220215,0.14539,0.004410944879055023,-1.158,-1.107,-1.333,69.572,1.24716
7489,623976.67,1,0.44098925590515137,0.5895990133285522,0.14415,0.004204561468213797,-1.141,-1.116,-1.324,69.125,1.25924
7490,624060.0,1,0.44109463691711426,0.5880956649780273,0.14476,0.004026459529995918,-1.114,-1.112,-1.303,68.725,1.27928
7491,624141.67,1,0.44625434279441833,0.5917367935180664,0.14258,0.004027773160487413,-1.087,-1.106,-1.304,68.61,1.27689
7492,624225.0,1,0.4487358033657074,0.5968506336212158,0.14165,0.003973162733018398,-1.08,-1.098,-1.333,68.247,1.27598
7493,624308.33,1,0.4460071623325348,0.592711329460144,0.14351,0.00391763262450695,-1.07,-1.09,-1.337,68.594,1.26239
7494,624391.67,1,0.4461074769496918,0.5905660390853882,0.14454,0.003670322010293603,-1.085,-1.078,-1.332,68.42,1.2765
7495,624475.0,1,0.4458383619785309,0.5900958180427551,0.14457,0.0038080490194261074,-1.117,-1.112,-1.336,68.943,1.2542
7496,624558.33,1,0.443931519985199,0.5873818397521973,0.14491,0.004040710162371397,-1.124,-1.156,-1.325,69.062,1.24954
7497,624641.67,1,0.44143515825271606,0.5857142210006714,0.14475,0.004175471607595682,-1.111,-1.186,-1.321,69.127,1.26776
7498,624725.0,1,0.4404195547103882,0.5854941606521606,0.14505,0.00425338139757514,-1.132,-1.217,-1.329,68.831,1.28466
7499,624808.33,1,0.4383036494255066,0.5804832577705383,0.14733,0.004323674365878105,-1.152,-1.223,-1.323,68.731,1.29407
7500,624891.67,1,0.4343474507331848,0.5750429630279541,0.14882,0.004703070502728224,-1.226,-1.221,-1.326,68.487,1.2889
7501,624975.0,1,0.43231064081192017,0.566614031791687,0.15138,0.004692954942584038,-1.26,-1.22,-1.306,69.089,1.25682
7502,625058.33,1,0.4279436469078064,0.5610459446907043,0.15405,0.004386408254504204,-1.268,-1.207,-1.291,69.206,1.23275
7503,625141.67,1,0.42079630494117737,0.5605707764625549,0.15674,0.004241283517330885,-1.29,-1.218,-1.288,69.234,1.23739
7504,625225.0,1,0.4174008071422577,0.5501564741134644,0.15995,0.004501671995967627,-1.329,-1.252,-1.292,68.737,1.23879
7505,625308.33,1,0.4139765799045563,0.5413147211074829,0.16249,0.004494815599173307,-1.284,-1.247,-1.289,69.175,1.2462
7506,625391.67,1,0.41504907608032227,0.5384730696678162,0.16322,0.004390053916722536,-1.308,-1.269,-1.299,69.46,1.24243
7507,625475.0,1,0.41368815302848816,0.534614622592926,0.16434,0.004171771463006735,-1.322,-1.277,-1.289,69.759,1.2192
7508,625558.33,1,0.4067317247390747,0.5265268087387085,0.16675,0.004230273887515068,-1.255,-1.288,-1.278,69.508,1.20069
7509,625641.67,1,0.4045448899269104,0.5262254476547241,0.16788,0.004443276673555374,-1.248,-1.286,-1.259,69.99,1.19549
7510,625725.0,1,0.4115977883338928,0.5255675911903381,0.16778,0.004889375995844603,-1.254,-1.267,-1.255,69.939,1.1965
7511,625808.33,1,0.4113105237483978,0.5284566879272461,0.16652,0.0047296443954110146,-1.256,-1.246,-1.238,69.696,1.24595
7512,625891.67,1,0.4161732792854309,0.5390634536743164,0.16303,0.004603295121341944,-1.216,-1.241,-1.231,69.694,1.24368
7513,625975.0,1,0.4173971116542816,0.5409679412841797,0.16286,0.004503593314439058,-1.197,-1.24,-1.209,70.055,1.24097
7514,626058.33,1,0.4162241518497467,0.5341498255729675,0.16476,0.00467304140329361,-1.165,-1.238,-1.185,69.921,1.23757
7515,626141.67,1,0.41431283950805664,0.5321393609046936,0.16526,0.004875475540757179,-1.167,-1.224,-1.199,69.87,1.25974
7516,626225.0,1,0.4128880500793457,0.5310485363006592,0.16521,0.004839832428842783,-1.144,-1.222,-1.211,69.5,1.27759
7517,626308.33,1,0.4127623736858368,0.5318325757980347,0.16458,0.00469617685303092,-1.152,-1.218,-1.217,69.659,1.26384
7518,626390.0,1,0.41341060400009155,0.5283037424087524,0.16501,0.0046294801868498325,-1.205,-1.231,-1.221,69.344,1.27563
7519,626473.33,1,0.4125936031341553,0.5292596817016602,0.16502,0.00463930144906044,-1.214,-1.234,-1.225,69.404,1.28658
7520,626556.67,1,0.41220206022262573,0.5288031697273254,0.1644,0.004923221189528704,-1.247,-1.224,-1.225,69.046,1.29494
7521,626640.0,1,0.4136589467525482,0.5324759483337402,0.1631,0.00512743042781949,-1.324,-1.255,-1.251,69.391,1.26166
7522,626723.33,1,0.41551220417022705,0.533753514289856,0.16263,0.005337952170521021,-1.406,-1.251,-1.253,69.388,1.2476
7523,626806.67,1,0.4196907877922058,0.5284720659255981,0.16337,0.005078417714685202,-1.513,-1.178,-1.253,69.77,1.23778
7524,626890.0,1,0.4224834442138672,0.5359766483306885,0.16151,0.0047814855352044106,-1.515,-1.162,-1.271,69.635,1.23593
7525,626973.33,1,0.4339108467102051,0.5418674945831299,0.15997,0.004421301186084747,-1.509,-1.144,-1.226,69.37,1.24801
7526,627056.67,1,0.43618035316467285,0.5470346212387085,0.1583,0.004631309304386377,-1.544,-1.16,-1.216,69.007,1.26786
7527,627140.0,1,0.44128453731536865,0.5556082129478455,0.15619,0.004551546182483435,-1.596,-1.176,-1.213,69.422,1.26322
7528,627223.33,1,0.44137972593307495,0.5593814849853516,0.15577,0.004559718072414398,-1.609,-1.206,-1.257,69.139,1.27354
7529,627306.67,1,0.4465606212615967,0.5632246136665344,0.15383,0.004563132766634226,-1.641,-1.186,-1.241,68.881,1.27146
7530,627390.0,1,0.44356462359428406,0.556004524230957,0.15315,0.005179860629141331,-1.311,-1.098,-1.217,68.968,1.23616
7531,627473.33,1,0.44324949383735657,0.5496065616607666,0.15442,0.005570896435528994,-1.279,-1.074,-1.205,69.287,1.24975
7532,627556.67,1,0.444294273853302,0.5435076951980591,0.15593,0.0053262230940163136,-1.282,-1.065,-1.218,69.318,1.24807
7533,627640.0,1,0.43939560651779175,0.5339481830596924,0.15811,0.005294255446642637,-1.087,-0.985,-1.238,69.452,1.25939
7534,627723.33,1,0.43346714973449707,0.5241444110870361,0.16045,0.005448636598885059,-0.949,-0.94,-1.242,69.333,1.24235
7535,627806.67,1,0.42681270837783813,0.5188171863555908,0.16266,0.00554966926574707,-1.029,-0.961,-1.245,69.347,1.24806
7536,627890.0,1,0.4242578148841858,0.513974130153656,0.16389,0.005518376361578703,-1.058,-0.974,-1.253,69.371,1.24496
7537,627973.33,1,0.4172196090221405,0.5100361704826355,0.16697,0.005137458443641663,-1.158,-0.97,-1.255,69.487,1.26
7538,628056.67,1,0.4142930507659912,0.5036292672157288,0.16928,0.0048440308310091496,-1.215,-0.97,-1.245,69.384,1.25348
7539,628140.0,1,0.40749701857566833,0.49832063913345337,0.17192,0.004722872748970985,-1.2,-0.983,-1.252,69.56,1.2547
7540,628223.33,1,0.40573441982269287,0.4967034161090851,0.17308,0.004576489794999361,-1.124,-0.991,-1.249,69.167,1.27236
7541,628306.67,1,0.40305283665657043,0.4962864816188812,0.17396,0.004326220136135817,-1.106,-0.99,-1.258,69.371,1.24922
7542,628390.0,1,0.4009682536125183,0.4949391484260559,0.17469,0.004376386292278767,-1.11,-0.986,-1.264,69.264,1.24321
7543,628473.33,1,0.3995038568973541,0.48630857467651367,0.17761,0.0041976068168878555,-1.133,-0.999,-1.241,69.507,1.22852
7544,628556.67,1,0.40134596824645996,0.47804734110832214,0.17905,0.003887004917487502,-1.163,-1.005,-1.209,69.382,1.23109
7545,628638.33,1,0.39877134561538696,0.4718911051750183,0.18055,0.0038302582688629627,-1.262,-1.046,-1.219,69.356,1.2452
7546,628721.67,1,0.3938596844673157,0.4681493937969208,0.18195,0.0038365768268704414,-1.276,-1.065,-1.236,69.196,1.23595
7547,628805.0,1,0.3898443877696991,0.46502211689949036,0.18327,0.0038517394568771124,-1.315,-1.087,-1.24,69.214,1.26264
7548,628888.33,1,0.39074915647506714,0.46339285373687744,0.18282,0.003966080956161022,-1.326,-1.081,-1.248,68.819,1.28162
7549,628971.67,1,0.3888823986053467,0.4646068811416626,0.18285,0.004063119646161795,-1.341,-1.085,-1.247,69.041,1.28739
7550,629055.0,1,0.3905409574508667,0.46123674511909485,0.18349,0.004400181584060192,-1.477,-1.019,-1.219,69.089,1.27008
7551,629138.33,1,0.38922303915023804,0.4562782943248749,0.18424,0.004780934192240238,-1.501,-0.979,-1.214,69.35,1.25905
7552,629221.67,1,0.3871828615665436,0.45058631896972656,0.18508,0.005167608615010977,-1.476,-0.949,-1.228,68.848,1.26245
7553,629305.0,1,0.3843075633049011,0.45240625739097595,0.18515,0.005219095386564732,-1.488,-0.941,-1.248,69.085,1.27229
7554,629388.33,1,0.3803514540195465,0.45236092805862427,0.1859,0.005421376321464777,-1.502,-0.958,-1.26,69.204,1.26533
7555,629471.67,1,0.37937259674072266,0.4553586542606354,0.18625,0.005420411936938763,-1.54,-1.007,-1.274,69.026,1.26951
7556,629555.0,1,0.379361093044281,0.45460745692253113,0.18593,0.005323843564838171,-1.465,-1.056,-1.293,68.648,1.28211
7557,629638.33,1,0.37736254930496216,0.4549710154533386,0.1853,0.005059290211647749,-1.429,-1.064,-1.298,69.26,1.26506
7558,629721.67,1,0.3718903660774231,0.44973817467689514,0.18794,0.0044858925975859165,-1.417,-1.046,-1.3,69.332,1.25325
7559,629805.0,1,0.3723105490207672,0.4454466998577118,0.18902,0.003938107285648584,-1.437,-0.994,-1.264,69.175,1.26719
7560,629888.33,1,0.36817821860313416,0.4386187791824341,0.19231,0.004077810328453779,-1.425,-0.904,-1.25,69.409,1.25541
7561,629971.67,1,0.3647298514842987,0.4349326491355896,0.19391,0.003900339361280203,-1.409,-0.902,-1.278,69.74,1.25537
7562,630055.0,1,0.3593713045120239,0.433385968208313,0.19443,0.0038243054877966642,-1.396,-0.918,-1.311,69.376,1.26815
7563,630138.33,1,0.346684068441391,0.42408379912376404,0.19639,0.004063956905156374,-1.403,-0.945,-1.34,69.704,1.25941
7564,630221.67,1,0.3363526463508606,0.4157598912715912,0.19917,0.004225135315209627,-1.384,-0.956,-1.33,69.287,1.25923
7565,630305.0,1,0.33071839809417725,0.40362510085105896,0.2038,0.004298199899494648,-1.41,-0.972,-1.301,69.499,1.25794
7566,630388.33,1,0.328374445438385,0.3924340307712555,0.20609,0.004681951366364956,-1.377,-0.98,-1.248,69.649,1.2515
7567,630471.67,1,0.33152443170547485,0.3870818018913269,0.20756,0.005255871918052435,-1.379,-0.987,-1.251,70.167,1.24512
7568,630555.0,1,0.3610045909881592,0.4365352988243103,0.19323,0.005545931402593851,-1.378,-0.993,-1.267,70.138,1.2437
7569,630638.33,1,0.39880192279815674,0.5387616157531738,0.16633,0.005643042270094156,-1.236,-1.041,-1.276,70.156,1.25416
7570,630721.67,1,0.4019862711429596,0.5773152709007263,0.15636,0.005701334681361914,-1.218,-1.055,-1.273,69.942,1.24002
7571,630805.0,1,0.40457549691200256,0.5756169557571411,0.15485,0.00555051164701581,-1.228,-1.07,-1.287,69.725,1.24795
7572,630888.33,1,0.39713701605796814,0.5604481101036072,0.15859,0.0055784545838832855,-1.203,-1.071,-1.284,69.231,1.2556
7573,630971.67,1,0.38619759678840637,0.5313172340393066,0.16542,0.005361498333513737,-1.232,-1.057,-1.294,69.534,1.27106
7574,631055.0,1,0.37045052647590637,0.49274182319641113,0.17569,0.005076698027551174,-1.235,-1.063,-1.303,69.344,1.2828
7575,631136.67,1,0.35794830322265625,0.4466022551059723,0.18843,0.004646779038012028,-1.282,-1.052,-1.271,69.791,1.27269
7576,631220.0,1,0.34685519337654114,0.41646361351013184,0.19657,0.004835011903196573,-1.376,-1.001,-1.239,69.535,1.27994
7577,631303.33,1,0.3414344787597656,0.3976822793483734,0.20116,0.004746436141431332,-1.462,-0.995,-1.237,69.714,1.28825
7578,631386.67,1,0.33856117725372314,0.3919712007045746,0.20241,0.005135190207511187,-1.491,-0.996,-1.258,69.368,1.29539
7579,631470.0,1,0.33245572447776794,0.3910534977912903,0.20385,0.004991490393877029,-1.488,-1.01,-1.29,69.801,1.27989
7580,631553.33,1,0.3268321454524994,0.3833281397819519,0.20627,0.005117558874189854,-1.458,-1.023,-1.315,69.507,1.28322
7581,631636.67,1,0.3230692744255066,0.38488250970840454,0.20734,0.004976493306457996,-1.372,-1.014,-1.324,69.717,1.24464
7582,631720.0,1,0.3358902931213379,0.39221349358558655,0.20533,0.005228174850344658,-1.356,-1.008,-1.285,69.778,1.21802
7583,631803.33,1,0.3326692283153534,0.39244723320007324,0.20633,0.005142596550285816,-1.431,-0.992,-1.252,69.865,1.221
7584,631886.67,1,0.3265693485736847,0.3885519504547119,0.20785,0.004963064566254616,-1.512,-0.965,-1.234,69.832,1.20875
7585,631970.0,1,0.3212960362434387,0.3853440582752228,0.20907,0.004712967202067375,-1.528,-0.947,-1.229,69.789,1.22241
7586,632053.33,1,0.31873416900634766,0.38246768712997437,0.20963,0.004651461727917194,-1.581,-0.939,-1.242,69.377,1.2316
7587,632136.67,1,0.31877294182777405,0.3785107433795929,0.21033,0.004523441195487976,-1.751,-0.906,-1.244,69.647,1.21228
7588,632220.0,1,0.3168909549713135,0.37596529722213745,0.21073,0.004610618110746145,-1.749,-0.905,-1.259,69.465,1.22342
7589,632303.33,1,0.3136119842529297,0.3739318251609802,0.21118,0.005074340384453535,-1.798,-0.887,-1.279,69.549,1.20013
7590,632386.67,1,0.3098544776439667,0.3814931809902191,0.20979,0.004897884093225002,-1.69,-0.968,-1.265,68.976,1.2462
7591,632470.0,1,0.30985644459724426,0.3873477578163147,0.20952,0.00487760454416275,-1.679,-0.986,-1.252,69.457,1.24402
7592,632553.33,1,0.31187334656715393,0.38728806376457214,0.20917,0.004941472318023443,-1.699,-0.964,-1.241,69.258,1.25766
7593,632636.67,1,0.3171229958534241,0.3933141529560089,0.2067,0.004967663437128067,-1.659,-0.948,-1.242,69.403,1.26592
7594,632720.0,1,0.3263896405696869,0.4113730192184448,0.20021,0.0052758012898266315,-1.576,-0.969,-1.26,69.05,1.27013
7595,632803.33,1,0.32817158102989197,0.4181009531021118,0.19723,0.00566108338534832,-1.529,-0.995,-1.278,69.301,1.27936
7596,632886.67,1,0.330837219953537,0.42463424801826477,0.19518,0.005822896026074886,-1.497,-0.97,-1.29,69.048,1.28681
7597,632970.0,1,0.33202511072158813,0.42707961797714233,0.19492,0.005802702624350786,-1.492,-0.959,-1.308,69.427,1.27444
7598,633053.33,1,0.33426985144615173,0.4334087669849396,0.19338,0.005793774500489235,-1.489,-0.941,-1.344,69.21,1.28058
7599,633136.67,1,0.3363494277000427,0.4350087642669678,0.19324,0.0059724836610257626,-1.482,-0.93,-1.37,69.357,1.27681
7600,633220.0,1,0.33632999658584595,0.436005562543869,0.19236,0.00726405018940568,-1.48,-0.927,-1.37,69.188,1.25301
7601,633303.33,1,0.34540635347366333,0.4434207081794739,0.19016,0.006864817813038826,-1.478,-0.924,-1.371,69.108,1.25701
7602,633386.67,1,0.3519633114337921,0.4478631615638733,0.18835,0.006561774294823408,-1.467,-0.923,-1.37,68.792,1.27093
7603,633468.33,1,0.3627805709838867,0.4655710458755493,0.18314,0.00647963210940361,-1.438,-0.911,-1.376,69.225,1.24388
7604,633551.67,1,0.38142284750938416,0.4890351891517639,0.17611,0.0063841394148766994,-1.443,-0.9,-1.377,69.158,1.2286
7605,633635.0,1,0.3954137861728668,0.504088819026947,0.17125,0.006501407362520695,-1.432,-0.867,-1.38,69.183,1.23954
7606,633718.33,1,0.40578508377075195,0.5107185244560242,0.1686,0.006430656183511019,-1.394,-0.87,-1.4,68.917,1.25976
7607,633801.67,1,0.4073888957500458,0.5216795206069946,0.16544,0.0063344514928758144,-1.354,-0.906,-1.432,69.589,1.24892
7608,633885.0,1,0.40923646092414856,0.5366328954696655,0.16121,0.006240238901227713,-1.344,-0.951,-1.473,69.707,1.24142
7609,633968.33,1,0.40628936886787415,0.5441949367523193,0.15841,0.00610823230817914,-1.256,-1.026,-1.486,69.841,1.25351
7610,634051.67,1,0.3993838429450989,0.5373162031173706,0.15919,0.005526907742023468,-1.223,-1.074,-1.502,69.876,1.24933
7611,634135.0,1,0.3954820930957794,0.5257046818733215,0.16098,0.006769516970962286,-1.191,-1.077,-1.496,69.972,1.23998
7612,634218.33,1,0.3915085792541504,0.515756368637085,0.16533,0.007727253250777721,-1.115,-1.085,-1.516,69.598,1.25709
7613,634301.67,1,0.393458753824234,0.5236785411834717,0.16375,0.00746339512988925,-1.113,-1.091,-1.544,69.974,1.25495
7614,634385.0,1,0.39356568455696106,0.5336599349975586,0.16021,0.007625572383403778,-1.056,-1.066,-1.548,69.68,1.27027
7615,634468.33,1,0.3935209810733795,0.5369752645492554,0.15932,0.007393695879727602,-1.107,-1.087,-1.527,69.804,1.27295
7616,634551.67,1,0.39782264828681946,0.5342581272125244,0.16008,0.0064760660752654076,-1.313,-1.073,-1.497,69.819,1.26086
7617,634635.0,1,0.3983834683895111,0.5377593636512756,0.15918,0.0062870304100215435,-1.317,-1.073,-1.475,69.995,1.2503
7618,634718.33,1,0.40058425068855286,0.53770911693573,0.1589,0.005650422070175409,-1.352,-1.054,-1.461,69.434,1.25448
7619,634801.67,1,0.407158225774765,0.5446611642837524,0.15778,0.00515910005196929,-1.575,-1.062,-1.446,69.302,1.26669
7620,634885.0,1,0.41037145256996155,0.5464863777160645,0.15662,0.005134347826242447,-1.606,-1.067,-1.427,69.228,1.28835
7621,634968.33,1,0.4099532961845398,0.5395594835281372,0.15751,0.00517781637609005,-1.486,-1.029,-1.42,69.585,1.27077
7622,635051.67,1,0.4050900638103485,0.5282361507415771,0.15867,0.007088567595928907,-1.265,-0.939,-1.411,69.203,1.26884
7623,635135.0,1,0.40395987033843994,0.5238345861434937,0.16014,0.007466811686754227,-1.256,-0.933,-1.426,69.447,1.27969
7624,635218.33,1,0.4060330092906952,0.5274440050125122,0.15955,0.008262911811470985,-1.325,-0.955,-1.436,69.173,1.29068
7625,635301.67,1,0.4101288616657257,0.5350358486175537,0.16004,0.00706009054556489,-1.385,-0.979,-1.46,69.873,1.22983
7626,635385.0,1,0.4115411937236786,0.5229861736297607,0.16247,0.0068031842820346355,-1.424,-0.974,-1.47,69.81,1.19465
7627,635468.33,1,0.41922515630722046,0.5425423383712769,0.15714,0.006112987175583839,-1.344,-0.97,-1.49,70.023,1.20609
7628,635551.67,1,0.47728419303894043,0.592939019203186,0.13423,0.005855370778590441,-1.274,-0.926,-1.493,70.034,1.20152
7629,635635.0,1,0.5340797901153564,0.6411775946617126,0.11255,0.0055406061001122,-1.256,-0.923,-1.519,70.202,1.20255
7630,635718.33,1,0.5426329374313354,0.658402681350708,0.10415,0.005286132916808128,-1.28,-0.919,-1.546,69.748,1.21697
7631,635800.0,1,0.5436054468154907,0.660023033618927,0.10161,0.005326869431883097,-1.246,-0.874,-1.575,69.728,1.21658
7632,635883.33,1,0.5449396371841431,0.6620578765869141,0.101,0.0048983050510287285,-1.257,-0.866,-1.586,69.726,1.20638
7633,635966.67,1,0.5952470302581787,0.6963707208633423,0.07968,0.00493596401065588,-1.027,-0.731,-1.562,70.109,1.1963
7634,636050.0,1,0.6490990519523621,0.7265263795852661,0.05803,0.004980221390724182,-0.853,-0.641,-1.537,70.008,1.19132
7635,636133.33,1,0.6711711883544922,0.7355076670646667,0.04881,0.005170220043510199,-0.807,-0.582,-1.54,69.531,1.23731
7636,636216.67,1,0.684546172618866,0.7395586371421814,0.04291,0.005501502193510532,-0.762,-0.534,-1.571,69.138,1.26142
7637,636300.0,1,0.6975873112678528,0.745887279510498,0.03736,0.005759416613727808,-0.759,-0.511,-1.573,69.298,1.26514
7638,636383.33,1,0.6994388103485107,0.7447032332420349,0.0364,0.005780271720141172,-0.752,-0.495,-1.567,69.15,1.24327
7639,636466.67,1,0.7029723525047302,0.7450087666511536,0.03546,0.00566917983815074,-0.883,-0.479,-1.57,69.388,1.23563
7640,636550.0,1,0.7035326361656189,0.7484022378921509,0.03458,0.005447577219456434,-0.943,-0.5,-1.561,69.158,1.25556
7641,636633.33,1,0.6984344720840454,0.7483417987823486,0.03572,0.005427604541182518,-0.961,-0.511,-1.539,69.193,1.26681
7642,636716.67,1,0.6889176368713379,0.7474952936172485,0.03861,0.005351382773369551,-0.95,-0.529,-1.522,68.732,1.26749
7643,636800.0,1,0.6846939325332642,0.746132493019104,0.04,0.005288335029035807,-0.94,-0.538,-1.508,68.927,1.26559
7644,636883.33,1,0.6811913251876831,0.743533194065094,0.04071,0.005421265494078398,-0.903,-0.543,-1.513,68.862,1.24193
7645,636966.67,1,0.6798561811447144,0.7418533563613892,0.04092,0.0057166568003594875,-0.894,-0.559,-1.517,69.202,1.23753
7646,637050.0,1,0.6816664934158325,0.7405805587768555,0.0392,0.007112755905836821,-0.79,-0.59,-1.522,68.846,1.2448
7647,637133.33,1,0.680958092212677,0.7388103008270264,0.03902,0.007524827029556036,-0.766,-0.604,-1.515,68.981,1.25278
7648,637216.67,1,0.6764368414878845,0.733497679233551,0.04101,0.008338745683431625,-0.778,-0.597,-1.518,68.843,1.26827
7649,637300.0,1,0.6322454214096069,0.71213698387146,0.05536,0.010051971301436424,-0.755,-0.606,-1.532,69.06,1.26987
7650,637383.33,1,0.5628097057342529,0.7022263407707214,0.07433,0.008378757163882256,-0.504,-0.679,-1.517,68.811,1.25738
7651,637466.67,1,0.5293537378311157,0.6906513571739197,0.08418,0.008301430381834507,-0.272,-0.76,-1.502,68.542,1.27581
7652,637550.0,1,0.497516930103302,0.6768057942390442,0.09408,0.00798484031111002,-0.07,-0.862,-1.509,67.975,1.29222
7653,637633.33,1,0.4569256007671356,0.6468896865844727,0.10996,0.007325770799070597,-0.003,-0.911,-1.488,67.95,1.30129
7654,637716.67,1,0.4084455668926239,0.6010264158248901,0.12874,0.007253227289766073,0.113,-0.937,-1.478,67.624,1.30881
7655,637800.0,1,0.39215099811553955,0.5798256397247314,0.13903,0.0070603108033537865,0.185,-0.934,-1.484,67.591,1.29187
7656,637883.33,1,0.3666207492351532,0.5327773094177246,0.15857,0.006493524648249149,0.286,-0.903,-1.494,67.391,1.26719
7657,637966.67,1,0.35498958826065063,0.4962105453014374,0.17043,0.005881403107196093,0.285,-0.908,-1.479,67.633,1.27752
7658,638050.0,1,0.34285226464271545,0.4668927788734436,0.17994,0.0051978821866214275,0.402,-0.898,-1.471,67.631,1.26895
7659,638133.33,1,0.33489128947257996,0.45360061526298523,0.18476,0.004995935596525669,0.493,-0.898,-1.446,68.015,1.25183
7660,638215.0,1,0.33131229877471924,0.44577649235725403,0.18714,0.004882393404841423,0.566,-0.945,-1.455,67.958,1.25102
7661,638298.33,1,0.33086133003234863,0.44268563389778137,0.18948,0.004903493449091911,0.535,-0.975,-1.486,67.91,1.24355
7662,638381.67,1,0.3268054723739624,0.41982173919677734,0.19728,0.005010061431676149,0.407,-0.959,-1.491,67.256,1.25608
7663,638465.0,1,0.32603156566619873,0.4028016924858093,0.2033,0.0042179422453045845,0.387,-0.931,-1.464,67.291,1.26361
7664,638548.33,1,0.3197613060474396,0.3857020139694214,0.20718,0.003992426209151745,0.404,-0.898,-1.418,67.269,1.25452
7665,638631.67,1,0.3188437521457672,0.38134104013442993,0.20825,0.0040496657602488995,0.348,-0.898,-1.381,67.428,1.26457
7666,638715.0,1,0.3245634138584137,0.3865843713283539,0.20727,0.00377346808090806,0.271,-0.883,-1.349,67.488,1.26101
7667,638798.33,1,0.33052024245262146,0.39695560932159424,0.20597,0.0035580855328589678,0.131,-0.91,-1.353,67.54,1.2734
7668,638881.67,1,0.33273622393608093,0.39910921454429626,0.20494,0.0032437893096357584,0.013,-0.917,-1.348,67.443,1.26628
7669,638965.0,1,0.3285881280899048,0.39156270027160645,0.20627,0.0030748904682695866,-0.012,-0.878,-1.346,67.751,1.25488
7670,639048.33,1,0.3262416422367096,0.3863661289215088,0.20746,0.00314971711486578,-0.063,-0.861,-1.382,67.564,1.25023
7671,639131.67,1,0.33260881900787354,0.3942311406135559,0.20455,0.003133578458800912,-0.128,-0.829,-1.426,67.566,1.27264
7672,639215.0,1,0.34626394510269165,0.4157344698905945,0.1974,0.003005274338647723,-0.188,-0.81,-1.449,67.517,1.26093
7673,639298.33,1,0.3674366772174835,0.45704957842826843,0.18672,0.0031832419335842133,-0.313,-0.813,-1.482,67.696,1.26573
7674,639381.67,1,0.5774930715560913,0.6363266706466675,0.10471,0.0034515399020165205,-0.271,-0.808,-1.578,67.255,1.28259
7675,639465.0,1,0.6715458035469055,0.702020525932312,0.06391,0.003684560302644968,-0.113,-0.773,-1.694,67.077,1.28015
