frame_idx,t_ms,face,eye_blink_l,eye_blink_r,ear,jaw_open,pitch,yaw,roll,bright_mean,warmth
0,0.0,1,0.01663319580256939,0.02810582146048546,0.33851,5.9500496718101203e-05,-13.741,-4.619,2.21,177.646,1.06065
1,80.0,1,0.028142016381025314,0.031083572655916214,0.34064,9.523757762508467e-05,-13.844,-4.558,2.106,173.081,1.06466
2,160.0,1,0.04048550873994827,0.02723817527294159,0.33631,0.00017684762133285403,-13.82,-4.409,2.088,172.526,1.06489
3,240.0,1,0.062229230999946594,0.05338197946548462,0.31814,0.00018747449212241918,-13.901,-4.391,1.994,172.566,1.06303
4,320.0,1,0.07648104429244995,0.06786801666021347,0.30965,0.00019235970103181899,-13.714,-4.21,2.033,172.858,1.06125
5,400.0,1,0.08412978053092957,0.0778050497174263,0.3048,0.0002173192915506661,-14.171,-4.001,2.028,172.738,1.06089
6,480.0,1,0.08502139896154404,0.08277010917663574,0.30209,0.00022031732078175992,-14.353,-3.887,1.99,172.655,1.06343
7,560.0,1,0.0961703360080719,0.08359216898679733,0.29855,0.00022289977641776204,-14.364,-3.683,1.907,172.488,1.06491
8,640.0,1,0.10578015446662903,0.09386336803436279,0.2932,0.0002029385941568762,-14.444,-3.685,1.975,172.614,1.06535
9,720.0,1,0.11255837976932526,0.1047392413020134,0.29082,0.00018913528765551746,-14.51,-3.673,1.935,172.648,1.06534
10,800.0,1,0.11508572101593018,0.10537832230329514,0.2915,0.00020670807862188667,-14.779,-3.691,1.934,172.715,1.06486
11,880.0,1,0.12483514845371246,0.12155506759881973,0.28958,0.00019643609994091094,-15.2,-3.816,1.843,172.717,1.06523
12,960.0,1,0.134059339761734,0.11978254467248917,0.2884,0.00019752467051148415,-15.071,-3.778,1.788,172.808,1.06476
13,1040.0,1,0.14203937351703644,0.12758421897888184,0.284,0.00020343784126453102,-15.043,-3.769,1.76,172.866,1.06482
14,1120.0,1,0.1485992968082428,0.134414941072464,0.28441,0.00018869074119720608,-15.041,-3.809,1.772,172.94,1.06465
15,1200.0,1,0.15445323288440704,0.14005504548549652,0.28489,0.00019468316168058664,-15.089,-3.76,1.767,172.893,1.0646
16,1280.0,1,0.1634800136089325,0.14822673797607422,0.28328,0.00020677311113104224,-15.214,-3.812,1.746,172.975,1.0646
17,1360.0,1,0.15622417628765106,0.1521250456571579,0.28281,0.00020854180911555886,-15.25,-3.775,1.664,172.885,1.06503
18,1440.0,1,0.14941291511058807,0.16314734518527985,0.28133,0.00022762904700357467,-15.32,-3.768,1.762,173.217,1.06511
19,1520.0,1,0.06417365372180939,0.06119769066572189,0.3247,0.00013684362056665123,-15.45,-3.623,1.808,173.828,1.06509
20,1600.0,1,0.02445640042424202,0.03794572502374649,0.33914,0.0009709589648991823,-14.643,-3.675,4.623,175.383,1.06664
21,1680.0,1,0.08492539077997208,0.14166048169136047,0.29546,0.00272355112247169,-14.562,-3.062,5.715,175.757,1.07062
22,1760.0,1,0.1806151121854782,0.20163220167160034,0.29168,0.002287856535986066,-14.791,-2.218,5.363,176.155,1.07384
23,1840.0,1,0.10784784704446793,0.14189523458480835,0.29581,0.0002048767637461424,-17.334,-2.211,4.945,175.959,1.07256
24,1920.0,1,0.08048103004693985,0.12351880967617035,0.30558,0.00025297157117165625,-17.1,-2.587,5.044,169.626,1.0799
25,2000.0,1,0.07251019030809402,0.10058551281690598,0.32495,0.0004665128653869033,-16.325,-3.608,4.826,165.243,1.07223
26,2080.0,1,0.0665207952260971,0.04712643846869469,0.35319,0.0008381810621358454,-13.34,-3.48,4.176,162.254,1.06833
27,2160.0,1,0.026304682716727257,0.053018417209386826,0.35515,0.0002858924854081124,-13.45,-3.652,3.362,156.006,1.06726
28,2240.0,1,0.049400150775909424,0.06241517513990402,0.33618,0.00011091387568740174,-14.574,-3.782,2.824,153.616,1.06784
29,2320.0,1,0.05928659811615944,0.07065609097480774,0.33175,0.00012090162636013702,-14.667,-3.842,2.779,152.757,1.06533
30,2400.0,1,0.07869280874729156,0.08761874586343765,0.30944,5.404813418863341e-05,-15.218,-3.74,2.628,153.28,1.05648
31,2480.0,1,0.11028064042329788,0.12684449553489685,0.29303,0.0001079095309250988,-15.141,-3.62,2.39,158.565,1.03733
32,2560.0,1,0.09970267862081528,0.11651517450809479,0.30026,0.00012746482389047742,-15.144,-3.54,2.142,161.947,1.03565
33,2640.0,1,0.08455140143632889,0.11256228387355804,0.30503,0.000108234045910649,-15.232,-3.795,1.902,165.058,1.03852
34,2720.0,1,0.09500931948423386,0.10258375108242035,0.29957,0.00016401382163167,-15.337,-3.73,1.816,173.497,1.03136
35,2800.0,1,0.08412960171699524,0.09804896265268326,0.29894,0.00013969973952043802,-15.13,-3.74,1.869,175.31,1.03279
36,2880.0,1,0.11716631799936295,0.14552994072437286,0.28563,0.00013893427967559546,-15.106,-3.701,1.912,182.959,1.02723
37,2960.0,1,0.8178884983062744,0.7479889392852783,0.08275,0.00023859470093157142,-15.842,-3.433,2.014,184.175,1.03587
38,3040.0,1,0.7500160336494446,0.7338419556617737,0.08237,0.0002316806640010327,-15.505,-3.335,2.019,184.488,1.03317
39,3120.0,1,0.345912367105484,0.3847726881504059,0.22488,0.0001592482003616169,-15.508,-3.427,2.102,184.816,1.03454
40,3200.0,1,0.26385992765426636,0.2840624451637268,0.25253,0.00018209779227618128,-15.623,-3.517,2.12,184.917,1.03512
41,3280.0,1,0.22038809955120087,0.24127031862735748,0.26125,0.00019670223991852254,-15.745,-3.547,2.072,184.971,1.03492
42,3360.0,1,0.23095138370990753,0.20709121227264404,0.2654,0.00026844447711482644,-15.814,-3.641,2.234,183.382,1.0333
43,3440.0,1,0.17696118354797363,0.1638825684785843,0.27547,0.00022919991170056164,-15.761,-3.657,2.173,178.635,1.03655
44,3520.0,1,0.17155836522579193,0.16402840614318848,0.2765,0.00015539152082055807,-15.733,-3.481,2.136,179.065,1.0404
45,3600.0,1,0.1541869342327118,0.15621784329414368,0.27966,0.00015346080181188881,-15.766,-3.493,2.13,174.627,1.03583
46,3680.0,1,0.18693365156650543,0.19150228798389435,0.27377,0.00019479624461382627,-15.664,-3.555,2.209,174.169,1.03525
47,3760.0,1,0.18370920419692993,0.19084447622299194,0.2735,0.00018715141050051898,-15.581,-3.549,2.25,173.969,1.03489
48,3840.0,1,0.1806250512599945,0.17919449508190155,0.27598,0.0001948813151102513,-15.539,-3.473,2.137,173.868,1.03429
49,3920.0,1,0.18872657418251038,0.1803104281425476,0.27489,0.00022699574765283614,-15.542,-3.407,2.191,173.722,1.03414
50,4000.0,1,0.20979581773281097,0.1996050328016281,0.27147,0.00024019335978664458,-15.537,-3.405,2.15,173.665,1.03589
51,4080.0,1,0.19990701973438263,0.19875440001487732,0.27331,0.00023027606948744506,-15.387,-3.41,2.272,173.638,1.0368
52,4160.0,1,0.1558985561132431,0.170777827501297,0.28014,0.0002462648262735456,-14.945,-3.409,2.371,173.718,1.03657
53,4240.0,1,0.13296355307102203,0.1522301286458969,0.28475,0.00025719424593262374,-14.867,-3.353,2.336,173.699,1.03641
54,4320.0,1,0.12599395215511322,0.1416274458169937,0.2861,0.00026755756698548794,-14.799,-3.44,2.369,173.773,1.03606
55,4400.0,1,0.12862367928028107,0.13648389279842377,0.28487,0.0002586732152849436,-14.699,-3.747,2.454,173.623,1.03658
56,4480.0,1,0.12119215726852417,0.1245466023683548,0.28914,0.0003353909123688936,-14.568,-4.195,2.603,173.731,1.03625
57,4560.0,1,0.11659250408411026,0.1248922199010849,0.29045,0.0002869968884624541,-14.616,-4.416,2.642,173.658,1.0367
58,4640.0,1,0.11963988095521927,0.13211464881896973,0.29057,0.00027171854162588716,-14.789,-4.608,2.607,173.841,1.03634
59,4720.0,1,0.12916365265846252,0.12996721267700195,0.2887,0.0002212551626143977,-14.694,-4.638,2.623,173.84,1.03608
60,4800.0,1,0.1286470890045166,0.1271832287311554,0.28826,0.00024294086324516684,-14.486,-4.556,2.551,173.932,1.0357
61,4880.0,1,0.13097625970840454,0.12854509055614471,0.28716,0.0002600820444058627,-14.451,-4.544,2.506,174.028,1.03557
62,4960.0,1,0.12478224188089371,0.1128094419836998,0.29312,0.0002772886655293405,-14.599,-4.517,2.333,174.259,1.0353
63,5040.0,1,0.12376445531845093,0.11917109787464142,0.29157,0.00020309248066041619,-14.602,-4.516,2.296,174.238,1.03538
64,5120.0,1,0.1312861293554306,0.13087217509746552,0.28847,0.00020365326781757176,-14.627,-4.53,2.23,174.353,1.03539
65,5200.0,1,0.12901954352855682,0.12974388897418976,0.28812,0.00023014350153971463,-14.767,-4.506,2.181,174.198,1.03788
66,5280.0,1,0.13366252183914185,0.13431401550769806,0.28664,0.0002568161580711603,-14.85,-4.568,2.173,174.216,1.0385
67,5360.0,1,0.1380060762166977,0.13631205260753632,0.28518,0.00026225982583127916,-14.846,-4.519,2.18,174.099,1.03902
68,5440.0,1,0.13730910420417786,0.13891789317131042,0.28578,0.00027426137239672244,-14.905,-4.512,2.138,174.053,1.03931
69,5520.0,1,0.13727329671382904,0.1398111879825592,0.28537,0.0003050114610232413,-14.896,-4.519,2.13,173.935,1.03998
70,5600.0,1,0.137648344039917,0.13980957865715027,0.28502,0.0003081840986851603,-14.907,-4.517,2.131,173.957,1.03993
71,5680.0,1,0.13402226567268372,0.13742294907569885,0.28487,0.000316466175718233,-14.892,-4.516,2.148,173.854,1.04035
72,5760.0,1,0.1300821304321289,0.1254485845565796,0.28682,0.0002543661103118211,-15.051,-4.496,2.233,173.777,1.04113
73,5840.0,1,0.12373517453670502,0.11934743821620941,0.29181,0.0002670498797670007,-15.376,-4.559,2.282,173.837,1.04298
74,5920.0,1,0.1337159425020218,0.13284507393836975,0.28854,0.00024718718486838043,-15.569,-4.617,2.318,173.929,1.04339
75,6000.0,1,0.13689927756786346,0.13619929552078247,0.28801,0.0002648833324201405,-15.648,-4.59,2.324,173.873,1.04397
76,6080.0,1,0.1277640014886856,0.13067495822906494,0.2901,0.0002675402211025357,-15.569,-4.572,2.265,173.989,1.04419
77,6160.0,1,0.12413720041513443,0.12829133868217468,0.29034,0.00026927393628284335,-15.664,-4.607,2.304,173.941,1.04454
78,6240.0,1,0.12277636677026749,0.12454990297555923,0.29095,0.00024561199825257063,-15.742,-4.717,2.577,174.024,1.04434
79,6320.0,1,0.13599412143230438,0.13126790523529053,0.2877,0.00021608226234093308,-15.771,-4.708,2.644,173.985,1.04466
80,6400.0,1,0.1433989703655243,0.13635429739952087,0.28503,0.00023310894903261214,-15.727,-4.697,2.66,174.046,1.04463
81,6480.0,1,0.14436371624469757,0.14156995713710785,0.28359,0.00022938790789339691,-15.699,-4.702,2.675,173.9,1.04665
82,6560.0,1,0.14271622896194458,0.14643500745296478,0.28304,0.00023355387384071946,-15.723,-4.704,2.663,173.899,1.04719
83,6640.0,1,0.14009496569633484,0.14352500438690186,0.28345,0.00024075715919025242,-15.684,-4.718,2.641,173.738,1.04808
84,6720.0,1,0.14121077954769135,0.1438818871974945,0.28299,0.00021451189240906388,-15.573,-4.665,2.611,173.698,1.04851
85,6800.0,1,0.14282914996147156,0.145657017827034,0.28266,0.00019240025721956044,-15.532,-4.674,2.622,173.7,1.04825
86,6880.0,1,0.14473116397857666,0.14730973541736603,0.28215,0.00019229498866479844,-15.582,-4.702,2.623,173.727,1.04881
87,6960.0,1,0.1463308185338974,0.14792239665985107,0.28166,0.00020288635278120637,-15.617,-4.698,2.623,173.696,1.04829
88,7040.0,1,0.7169061899185181,0.6786563396453857,0.09935,0.00027421087725088,-15.877,-4.395,2.044,173.765,1.04861
89,7120.0,1,0.7116919159889221,0.6640536785125732,0.09912,0.0003151042037643492,-15.525,-4.376,1.914,173.691,1.04893
90,7200.0,1,0.3315267860889435,0.3241761028766632,0.23695,0.0002297687897225842,-15.198,-4.307,2.028,173.88,1.04782
91,7280.0,1,0.1362859457731247,0.13699738681316376,0.28359,0.00023651770607102662,-14.991,-4.441,2.104,173.81,1.04824
92,7360.0,1,0.09846008569002151,0.08682939410209656,0.30136,0.00024492634111084044,-14.545,-4.462,2.057,173.858,1.04804
93,7440.0,1,0.08403169363737106,0.0687054842710495,0.30658,0.0002392361784586683,-14.509,-4.485,1.788,173.878,1.0482
94,7520.0,1,0.05529012531042099,0.04724505916237831,0.32424,0.0002241306792711839,-14.739,-4.41,1.514,173.971,1.04787
95,7600.0,1,0.05061427876353264,0.037963271141052246,0.32872,0.00012142014020355418,-14.806,-4.475,1.129,173.861,1.04736
96,7680.0,1,0.04698847979307175,0.047823693603277206,0.32239,0.00018106280185747892,-14.799,-4.427,0.897,174.077,1.04658
97,7760.0,1,0.05323323979973793,0.04953008517622948,0.31857,0.00019787171913776547,-14.903,-4.455,0.89,174.057,1.04677
98,7840.0,1,0.05989827960729599,0.05608322471380234,0.31628,0.00021049896895419806,-15.076,-4.628,0.94,174.145,1.04646
99,7920.0,1,0.060445595532655716,0.0545748695731163,0.31639,0.0002143254387192428,-15.232,-4.655,0.967,173.376,1.05676
100,8000.0,1,0.259402334690094,0.31992852687835693,0.24545,0.0002385815023444593,-15.12,-4.799,0.789,172.96,1.06495
101,8080.0,1,0.2842009663581848,0.32101958990097046,0.2487,0.0002256214793305844,-15.138,-4.789,0.932,172.818,1.06657
102,8160.0,1,0.24432776868343353,0.25897446274757385,0.26041,0.0002280539774801582,-15.163,-4.705,1.104,172.849,1.06678
103,8240.0,1,0.22069314122200012,0.2153327614068985,0.26635,0.0002642098697833717,-15.213,-4.661,1.135,172.798,1.06722
104,8320.0,1,0.1450979858636856,0.12486215680837631,0.29014,0.0003213881282135844,-15.546,-4.654,1.227,172.915,1.06746
105,8400.0,1,0.09955652058124542,0.07972428947687149,0.30731,0.00032139424001798034,-15.555,-4.698,1.18,172.849,1.0677
106,8480.0,1,0.09242726117372513,0.07404611259698868,0.30839,0.0003075155254919082,-15.445,-4.604,1.178,172.788,1.06809
107,8560.0,1,0.08779900521039963,0.07324408739805222,0.30939,0.00031177711207419634,-15.416,-4.57,1.172,172.72,1.06858
108,8640.0,1,0.0864710733294487,0.07333391904830933,0.30938,0.00027490901993587613,-15.434,-4.554,1.185,172.718,1.06812
109,8720.0,1,0.08485221862792969,0.06888452917337418,0.30937,0.0002961824066005647,-15.34,-4.573,1.234,172.66,1.06853
110,8800.0,1,0.08446186780929565,0.06687570363283157,0.30947,0.0002700627373997122,-15.509,-4.7,1.263,172.72,1.06829
111,8880.0,1,0.08482692390680313,0.06690148264169693,0.30911,0.0002397636417299509,-15.421,-4.738,1.284,172.629,1.06847
112,8960.0,1,0.08462397009134293,0.06598646193742752,0.30938,0.00022325603640638292,-15.227,-4.79,1.291,172.644,1.06862
113,9040.0,1,0.08390597999095917,0.06559857726097107,0.30947,0.00022956010070629418,-15.105,-4.769,1.231,172.466,1.07164
114,9120.0,1,0.0834096297621727,0.06512632220983505,0.3095,0.0002145051403203979,-14.993,-4.763,1.236,172.478,1.07178
115,9200.0,1,0.08081717044115067,0.061609506607055664,0.3109,0.0002185414923587814,-15.143,-4.734,1.298,172.426,1.07214
116,9280.0,1,0.0833442285656929,0.06347538530826569,0.3098,0.00022220375831238925,-15.202,-4.75,1.333,172.399,1.07255
117,9360.0,1,0.07935887575149536,0.060652583837509155,0.3118,0.0002240099711343646,-15.245,-4.742,1.359,172.327,1.07299
118,9440.0,1,0.10481084138154984,0.09108876436948776,0.29838,0.00020335736917331815,-15.228,-4.714,1.438,172.362,1.07334
119,9520.0,1,0.8077398538589478,0.7669132947921753,0.03993,0.0003119334578514099,-16.698,-4.456,1.355,172.3,1.07365
120,9600.0,1,0.6190217733383179,0.6291604042053223,0.12368,0.000280548061709851,-16.623,-4.382,1.106,172.431,1.07179
121,9680.0,1,0.33695223927497864,0.36077624559402466,0.22594,0.00021524351905100048,-16.567,-4.366,1.052,172.439,1.07173
122,9760.0,1,0.19346225261688232,0.2015291303396225,0.27006,0.000217676380998455,-16.379,-4.327,1.005,172.455,1.07187
123,9840.0,1,0.13964881002902985,0.1346813589334488,0.28469,0.00023722236801404506,-16.233,-4.342,1.026,172.414,1.07138
124,9920.0,1,0.14797087013721466,0.12806116044521332,0.28758,0.0002715266600716859,-16.006,-4.238,1.01,172.464,1.071
125,10000.0,1,0.14396971464157104,0.13030318915843964,0.28621,0.00026030480512417853,-15.516,-4.054,0.962,172.445,1.07095
126,10080.0,1,0.13785859942436218,0.1292978972196579,0.28241,0.000290996948024258,-15.256,-4.012,1.045,172.6,1.07081
127,10160.0,1,0.1242445781826973,0.12018035352230072,0.28795,0.00026043489924632013,-15.265,-4.016,0.997,172.59,1.0706
128,10240.0,1,0.12502573430538177,0.11426873505115509,0.29173,0.00033235069713555276,-15.724,-4.07,0.961,172.667,1.07034
129,10320.0,1,0.12244510650634766,0.11584752798080444,0.29244,0.00029784743674099445,-15.673,-4.093,0.955,172.617,1.07052
130,10400.0,1,0.12294736504554749,0.12311133742332458,0.29088,0.0003040950687136501,-15.855,-4.156,0.904,172.825,1.07049
131,10480.0,1,0.12271235883235931,0.12043707072734833,0.2886,0.0002880766987800598,-15.906,-4.26,0.984,172.787,1.07073
132,10560.0,1,0.12546946108341217,0.11903305351734161,0.28762,0.00024896321701817214,-15.822,-4.325,0.991,172.813,1.07011
133,10640.0,1,0.11771656572818756,0.10439711064100266,0.29054,0.00026103798882104456,-15.834,-4.356,0.91,172.725,1.06986
134,10720.0,1,0.15066756308078766,0.12726810574531555,0.2894,0.000275659142062068,-15.415,-4.401,0.97,172.754,1.07039
135,10800.0,1,0.14176113903522491,0.1272498220205307,0.29319,0.0002487468591425568,-15.065,-4.299,1.048,172.48,1.07151
136,10880.0,1,0.11436016857624054,0.11324795335531235,0.2967,0.0002760473289526999,-15.102,-4.085,1.041,172.642,1.07091
137,10960.0,1,0.10008736699819565,0.0932997539639473,0.3037,0.00033469597110524774,-14.997,-4.052,0.982,172.827,1.0682
138,11040.0,1,0.07809780538082123,0.07436531037092209,0.30823,0.000249787321081385,-14.899,-4.017,0.927,173.121,1.06735
139,11120.0,1,0.07540377974510193,0.06745433062314987,0.31101,0.0002909248578362167,-14.821,-4.166,0.704,173.065,1.0675
140,11200.0,1,0.6694544553756714,0.498698890209198,0.12021,0.0004822005284950137,-15.492,-4.234,0.459,173.243,1.06434
141,11280.0,1,0.8148559927940369,0.7436045408248901,0.0292,0.0005008263979107141,-15.546,-4.03,0.575,173.19,1.06355
142,11360.0,1,0.45417237281799316,0.4143361449241638,0.18934,0.00025274688960053027,-15.553,-4.155,0.393,173.238,1.06277
143,11440.0,1,0.19772085547447205,0.1731019914150238,0.26233,0.00023841871006879956,-15.24,-4.333,0.415,173.15,1.06241
144,11520.0,1,0.11078083515167236,0.09515133500099182,0.28542,0.0002328142145415768,-15.192,-4.366,0.373,173.136,1.06199
145,11600.0,1,0.08857621997594833,0.07997147738933563,0.29547,0.00021109532099217176,-15.197,-4.374,0.451,173.06,1.06216
146,11680.0,1,0.0917736366391182,0.08174632489681244,0.29648,0.0002197234280174598,-15.205,-4.367,0.439,173.099,1.06236
147,11760.0,1,0.09047233313322067,0.08119634538888931,0.29868,0.00020685433992184699,-15.366,-4.407,0.387,173.072,1.06237
148,11840.0,1,0.07545256614685059,0.06422991305589676,0.30892,0.00020769804541487247,-15.455,-4.402,0.356,173.174,1.0621
149,11920.0,1,0.06695962697267532,0.054465897381305695,0.31748,0.00023175531532615423,-15.638,-4.426,0.344,173.308,1.06205
150,12000.0,1,0.06369417905807495,0.05554603785276413,0.31679,0.0001424438232788816,-15.687,-4.531,0.386,173.686,1.06099
151,12080.0,1,0.06781337410211563,0.060266342014074326,0.31303,0.0001642915012780577,-15.777,-4.537,0.323,173.476,1.06156
152,12160.0,1,0.07654270529747009,0.06893952190876007,0.30798,0.00019709854677785188,-15.744,-4.492,0.248,173.515,1.06135
153,12240.0,1,0.07784833014011383,0.07036349177360535,0.30953,0.00019556298502720892,-15.833,-4.542,0.174,173.487,1.0617
154,12320.0,1,0.08088941872119904,0.06866146624088287,0.30742,0.00020701043831650168,-15.819,-4.573,0.231,173.616,1.06167
155,12400.0,1,0.08197573572397232,0.06858069449663162,0.30783,0.0001947628043126315,-15.788,-4.63,0.136,173.57,1.06209
156,12480.0,1,0.08153428882360458,0.0727071464061737,0.30481,0.00015663668455090374,-16.086,-4.732,0.133,173.578,1.06217
157,12560.0,1,0.0822354331612587,0.07311388105154037,0.3053,0.0001626465964363888,-16.091,-4.768,0.091,173.59,1.06181
158,12640.0,1,0.08984892815351486,0.07152706384658813,0.30465,0.00015135854482650757,-16.117,-4.762,-0.112,173.927,1.06373
159,12720.0,1,0.08518187701702118,0.07127898931503296,0.30419,0.0001466543326387182,-16.132,-4.778,-0.198,173.941,1.0663
160,12800.0,1,0.08569816499948502,0.07051701843738556,0.30495,0.00012714423064608127,-16.111,-4.745,-0.286,174.044,1.06714
161,12880.0,1,0.08222217112779617,0.06449837982654572,0.3075,0.00013019063044339418,-15.97,-4.857,-0.337,174.055,1.06758
162,12960.0,1,0.08835650980472565,0.07191508263349533,0.3056,0.00012536990107037127,-16.281,-4.95,-0.315,174.159,1.06767
163,13040.0,1,0.09222801774740219,0.07342750579118729,0.30489,0.00012335281644482166,-16.283,-4.912,-0.363,174.151,1.06779
164,13120.0,1,0.09092366695404053,0.07355502247810364,0.306,0.00010711314826039597,-16.227,-4.93,-0.406,174.339,1.06726
165,13200.0,1,0.08255958557128906,0.07786671817302704,0.30977,0.00013202911941334605,-16.179,-4.827,-0.441,174.343,1.06582
166,13280.0,1,0.08188127726316452,0.07410696148872375,0.31018,0.0001390236138831824,-16.088,-4.735,-0.396,174.401,1.06501
167,13360.0,1,0.08261129260063171,0.07757063210010529,0.31055,0.00014343757356982678,-16.077,-4.706,-0.354,174.372,1.06467
168,13440.0,1,0.07533442229032516,0.06414654105901718,0.31271,0.0001529073779238388,-15.895,-4.807,0.036,174.447,1.06409
169,13520.0,1,0.06827440112829208,0.058931585401296616,0.3162,0.0002205720666097477,-16.01,-4.703,-0.026,174.22,1.06435
170,13600.0,1,0.07044858485460281,0.0572752021253109,0.31549,0.0001881090720416978,-16.025,-4.667,-0.005,174.309,1.06397
171,13680.0,1,0.06992822885513306,0.056137535721063614,0.31492,0.00018409499898552895,-15.787,-4.698,0.124,174.208,1.06411
172,13760.0,1,0.06856119632720947,0.056904397904872894,0.31216,0.00016476951714139432,-15.779,-4.711,0.115,174.295,1.06394
173,13840.0,1,0.0647595152258873,0.05641145259141922,0.31391,0.00016234508075285703,-15.732,-4.662,0.079,174.221,1.06378
174,13920.0,1,0.06613529473543167,0.05774272605776787,0.31481,0.00014610591460950673,-15.757,-4.628,0.036,174.31,1.06356
175,14000.0,1,0.06982830911874771,0.06199418753385544,0.3133,0.00015295360935851932,-15.894,-4.618,-0.002,174.248,1.06341
176,14080.0,1,0.06761021167039871,0.06389982998371124,0.3137,0.00013099245552439243,-16.041,-4.654,0.011,174.267,1.06343
177,14160.0,1,0.06498993188142776,0.06209726259112358,0.31492,0.00013166126154828817,-16.095,-4.635,0.024,174.201,1.06335
178,14240.0,1,0.060909662395715714,0.05804244056344032,0.31753,0.00012504970072768629,-16.204,-4.639,0.045,174.251,1.06327
179,14320.0,1,0.05486400052905083,0.05260643735527992,0.32168,0.00011039832315873355,-16.213,-4.663,0.143,174.164,1.06345
180,14400.0,1,0.06336233019828796,0.05931635946035385,0.31539,0.0001340647868346423,-16.352,-4.712,0.193,174.064,1.06345
181,14480.0,1,0.07055634260177612,0.06527606397867203,0.31119,0.00014917494263499975,-16.494,-4.855,0.181,174.097,1.06285
182,14560.0,1,0.07134143263101578,0.0661785751581192,0.31095,0.0001422266650479287,-16.5,-4.838,0.183,174.155,1.06281
183,14640.0,1,0.0731259286403656,0.06851661205291748,0.31012,0.0001483407395426184,-16.507,-4.785,0.166,174.125,1.06291
184,14720.0,1,0.07229912281036377,0.0706140398979187,0.30954,0.00015510361117776483,-16.579,-4.623,0.113,174.197,1.06283
185,14800.0,1,0.07476067543029785,0.07170439511537552,0.30862,0.0001576211943756789,-16.555,-4.593,0.079,174.153,1.06265
186,14880.0,1,0.07892550528049469,0.07240545749664307,0.30701,0.00013934492017142475,-16.51,-4.613,0.096,174.188,1.06267
187,14960.0,1,0.081487737596035,0.07376383990049362,0.30627,0.00011816007463494316,-16.499,-4.601,0.11,174.139,1.06305
188,15040.0,1,0.08085495233535767,0.07292000204324722,0.30655,0.00011652444663923234,-16.601,-4.5,0.002,174.243,1.0628
189,15120.0,1,0.07866011559963226,0.07233954966068268,0.30752,0.0001143206245615147,-16.779,-4.384,-0.008,174.216,1.06272
190,15200.0,1,0.07767046988010406,0.07281313836574554,0.30659,0.00011376688780728728,-16.859,-4.398,-0.045,174.311,1.06261
191,15280.0,1,0.07609239220619202,0.07136616110801697,0.30848,0.00011996111425105482,-16.848,-4.429,-0.04,174.299,1.0624
192,15360.0,1,0.07321763783693314,0.06412269920110703,0.31006,0.00012084963964298368,-17.157,-4.498,-0.04,174.397,1.06189
193,15440.0,1,0.07122638821601868,0.05750281736254692,0.31169,0.00011981283751083538,-17.174,-4.543,-0.04,174.353,1.06168
194,15520.0,1,0.07387792319059372,0.057640813291072845,0.31152,0.00012047983182128519,-17.152,-4.376,-0.074,174.445,1.06177
195,15600.0,1,0.07382265478372574,0.05783962085843086,0.31129,0.00011833269672933966,-17.159,-4.324,-0.07,174.374,1.06219
196,15680.0,1,0.07437682151794434,0.053884368389844894,0.31126,0.00010775405098684132,-17.1,-4.311,0.074,174.4,1.06191
197,15760.0,1,0.07398189604282379,0.052970483899116516,0.3125,0.00010733636736404151,-16.937,-4.256,0.024,174.284,1.06208
198,15840.0,1,0.07295136153697968,0.05197983980178833,0.31335,9.319498349213973e-05,-16.931,-4.257,0.021,174.329,1.0618
199,15920.0,1,0.07267296314239502,0.05333799496293068,0.31239,0.0001161946784122847,-16.992,-4.205,0.101,174.208,1.06252
200,16000.0,1,0.07237875461578369,0.05328061431646347,0.31296,0.00012149264512117952,-17.073,-4.268,0.125,174.235,1.06258
201,16080.0,1,0.06908377259969711,0.051115430891513824,0.31418,0.0001320909650530666,-16.983,-4.304,0.126,174.156,1.06279
202,16160.0,1,0.06977154314517975,0.05096972733736038,0.3137,0.00012701880768872797,-16.962,-4.332,0.076,174.231,1.06263
203,16240.0,1,0.06280874460935593,0.05012872442603111,0.31912,0.000141789554618299,-17.089,-4.27,0.03,174.169,1.06285
204,16320.0,1,0.06491578370332718,0.05258559063076973,0.31581,0.0001547650172142312,-17.031,-4.283,0.101,174.097,1.06355
205,16400.0,1,0.0698726698756218,0.05520356073975563,0.31245,0.00015504505427088588,-16.869,-4.37,0.123,174.123,1.06307
206,16480.0,1,0.06997795403003693,0.05636454001069069,0.31114,0.00015385993174277246,-16.874,-4.428,0.121,174.134,1.06289
207,16560.0,1,0.06916741281747818,0.0574595108628273,0.30937,0.00015883495507296175,-16.814,-4.442,0.089,174.11,1.06304
208,16640.0,1,0.07078120857477188,0.06148407235741615,0.30866,0.00017316410958301276,-16.762,-4.437,0.078,174.147,1.06292
209,16720.0,1,0.07073608785867691,0.06310179084539413,0.30883,0.00017684728663880378,-16.74,-4.443,0.07,174.13,1.06271
210,16800.0,1,0.06931499391794205,0.06359311193227768,0.30897,0.00017710142128635198,-16.787,-4.436,0.055,174.291,1.06236
211,16880.0,1,0.06932397931814194,0.06404322385787964,0.30906,0.0001807012886274606,-16.792,-4.428,0.047,174.173,1.06318
212,16960.0,1,0.06894838064908981,0.06398187577724457,0.30869,0.00018027619807980955,-16.849,-4.419,0.03,174.196,1.06301
213,17040.0,1,0.0713566243648529,0.06839559227228165,0.3071,0.00017477483197581023,-16.859,-4.418,0.026,174.156,1.06267
214,17120.0,1,0.07097475230693817,0.06808802485466003,0.30752,0.00017354580631945282,-16.893,-4.399,0.029,174.178,1.06233
215,17200.0,1,0.07032527029514313,0.06641086935997009,0.30976,0.0001796111901057884,-17.034,-4.595,0.155,174.126,1.06284
216,17280.0,1,0.07393830269575119,0.06304171681404114,0.31073,0.00015452480874955654,-17.152,-4.513,0.074,174.085,1.06295
217,17360.0,1,0.07441959530115128,0.061278313398361206,0.31073,0.00015452686056960374,-17.159,-4.495,0.022,174.094,1.06293
218,17440.0,1,0.07146621495485306,0.05982876569032669,0.31164,0.0001547034626128152,-17.31,-4.518,0.024,174.158,1.06287
219,17520.0,1,0.0660606250166893,0.056038375943899155,0.31226,0.00013880213373340666,-17.374,-4.554,0.03,174.168,1.06284
220,17600.0,1,0.06293350458145142,0.055630046874284744,0.31715,0.00016830448294058442,-17.508,-4.556,-0.037,174.231,1.06286
221,17680.0,1,0.06357110291719437,0.058216534554958344,0.31762,0.00017750091501511633,-17.462,-4.554,-0.056,174.223,1.06269
222,17760.0,1,0.06322512030601501,0.059135448187589645,0.31872,0.00019860491738654673,-17.493,-4.489,-0.115,174.352,1.06253
223,17840.0,1,0.06274332106113434,0.05906745791435242,0.31699,0.00020584306912496686,-17.443,-4.453,-0.115,174.289,1.06232
224,17920.0,1,0.055731628090143204,0.05711913853883743,0.31977,0.00013396945723798126,-17.362,-4.461,0.023,174.298,1.06216
225,18000.0,1,0.058128345757722855,0.05876961722970009,0.31931,0.00013530762225855142,-17.314,-4.432,0.059,174.245,1.06234
226,18080.0,1,0.0588390976190567,0.058918874710798264,0.31847,0.0001367649674648419,-17.325,-4.388,0.119,174.275,1.06234
227,18160.0,1,0.058183517307043076,0.058393146842718124,0.31858,0.00013952732842881233,-17.348,-4.349,0.133,174.029,1.0603
228,18240.0,1,0.06139163672924042,0.0625983476638794,0.31418,0.00015211757272481918,-17.36,-4.44,0.161,173.896,1.05701
229,18320.0,1,0.06366001069545746,0.06332474946975708,0.31222,0.00013327556371223181,-17.35,-4.458,0.168,173.911,1.05706
230,18400.0,1,0.07021830976009369,0.06505952775478363,0.31046,0.00013877355377189815,-17.407,-4.437,0.151,174.01,1.05669
231,18480.0,1,0.5645139217376709,0.6121594309806824,0.14909,0.00023389438865706325,-17.797,-4.207,0.064,173.981,1.05657
232,18560.0,1,0.4524056315422058,0.48265495896339417,0.1899,0.00018488202476873994,-17.813,-4.212,0.123,174.011,1.05648
233,18640.0,1,0.3215694725513458,0.3052334487438202,0.23978,0.0001805483625503257,-17.787,-4.257,0.014,173.999,1.05662
234,18720.0,1,0.1746303290128708,0.13227330148220062,0.27912,0.0001777510769898072,-17.706,-4.341,0.068,174.062,1.05658
235,18800.0,1,0.11089235544204712,0.09699307382106781,0.29476,0.00017276432481594384,-17.637,-4.361,0.131,174.029,1.05632
236,18880.0,1,0.10958759486675262,0.09841179102659225,0.29456,0.0001649246405577287,-17.607,-4.369,0.172,174.042,1.05643
237,18960.0,1,0.1069486141204834,0.09326261281967163,0.29598,0.00016151131421793252,-17.6,-4.383,0.241,173.985,1.05634
238,19040.0,1,0.0986466258764267,0.0886731743812561,0.29749,0.00016688798496033996,-17.615,-4.401,0.241,173.97,1.05648
239,19120.0,1,0.09363177418708801,0.08662302047014236,0.29871,0.00017372974252793938,-17.557,-4.394,0.236,173.94,1.0565
240,19200.0,1,0.08641086518764496,0.07574018836021423,0.30307,0.00014846003614366055,-17.506,-4.48,0.265,174.174,1.05526
241,19280.0,1,0.08479852974414825,0.07401484251022339,0.30517,0.00014962069690227509,-17.376,-4.553,0.275,173.996,1.05625
242,19360.0,1,0.07862993329763412,0.06821048259735107,0.30862,0.00013735123502556235,-17.437,-4.644,0.287,174.041,1.05652
243,19440.0,1,0.07727179676294327,0.06815410405397415,0.30871,0.0001474708697060123,-17.456,-4.652,0.266,173.93,1.05659
244,19520.0,1,0.07756128907203674,0.07406892627477646,0.30513,0.00014623344759456813,-17.422,-4.616,0.279,174.047,1.05631
245,19600.0,1,0.07763506472110748,0.07143498212099075,0.30572,0.00016159634105861187,-17.39,-4.597,0.272,173.979,1.05633
246,19680.0,1,0.07830493152141571,0.07429970800876617,0.30441,0.00016018663882277906,-17.384,-4.62,0.347,174.039,1.05624
247,19760.0,1,0.06685806810855865,0.06555600464344025,0.31067,0.0001507697015767917,-17.337,-4.617,0.25,173.981,1.05715
248,19840.0,1,0.06683608889579773,0.06480871886014938,0.31224,0.00016563903773203492,-17.333,-4.58,0.18,174.106,1.05668
249,19920.0,1,0.07261291146278381,0.067422054708004,0.30991,0.00017618734273128211,-17.299,-4.618,0.176,174.073,1.05671
250,20000.0,1,0.07142399251461029,0.0696093961596489,0.30912,0.00018365948926657438,-17.329,-4.617,0.157,174.147,1.05662
251,20080.0,1,0.0744875967502594,0.07044410705566406,0.30725,0.00018596404697746038,-17.321,-4.608,0.142,174.111,1.05704
252,20160.0,1,0.07891087234020233,0.07517698407173157,0.30865,0.0001793524279491976,-17.228,-4.688,-0.013,174.153,1.05704
253,20240.0,1,0.08322103321552277,0.07807143777608871,0.3074,0.00017443967226427048,-17.164,-4.63,-0.034,174.126,1.05747
254,20320.0,1,0.08716540038585663,0.08175172656774521,0.30545,0.0001935533800860867,-17.376,-4.67,-0.016,174.163,1.0573
255,20400.0,1,0.09143774211406708,0.08663920313119888,0.30394,0.00019213679479435086,-17.442,-4.656,0.048,174.093,1.05729
256,20480.0,1,0.09301872551441193,0.08240155875682831,0.3035,0.0001818157033994794,-17.479,-4.632,0.138,174.113,1.05755
257,20560.0,1,0.0936141312122345,0.07768798619508743,0.30382,0.00017592076619621366,-17.51,-4.578,0.233,174.03,1.05737
258,20640.0,1,0.09034234285354614,0.07460516691207886,0.30565,0.00019107571279164404,-17.594,-4.533,0.235,174.045,1.05722
259,20720.0,1,0.08887773007154465,0.07268647849559784,0.30619,0.0001678805419942364,-17.584,-4.519,0.298,174.023,1.05713
260,20800.0,1,0.08311747759580612,0.07085997611284256,0.30789,0.00017108536849264055,-17.661,-4.538,0.329,174.079,1.05745
261,20880.0,1,0.07758964598178864,0.07006202638149261,0.30981,0.00017869386647362262,-17.63,-4.545,0.282,174.04,1.05748
262,20960.0,1,0.08174546808004379,0.07760415226221085,0.30651,0.0001791018876247108,-17.625,-4.548,0.253,174.056,1.05768
263,21040.0,1,0.09055209159851074,0.08740206062793732,0.30288,0.00019068713299930096,-17.645,-4.547,0.219,173.971,1.05794
264,21120.0,1,0.08854247629642487,0.08641859889030457,0.30357,0.00017987581668421626,-17.173,-4.626,0.251,173.816,1.05878
265,21200.0,1,0.08892052620649338,0.08492927998304367,0.30413,0.0001706685870885849,-16.997,-4.666,0.254,173.774,1.05886
266,21280.0,1,0.08386692404747009,0.08021177351474762,0.30604,0.00022027363593224436,-16.891,-4.672,0.197,173.849,1.05898
267,21360.0,1,0.07106547057628632,0.06238189712166786,0.31528,0.0001936728076543659,-16.854,-4.699,0.154,173.854,1.05901
268,21440.0,1,0.07327635586261749,0.061785534024238586,0.31633,0.00018556391296442598,-16.882,-4.706,0.215,173.957,1.05915
269,21520.0,1,0.08089280873537064,0.07570651918649673,0.3097,0.00018515123520046473,-17.059,-4.766,0.307,173.85,1.05957
270,21600.0,1,0.08957595378160477,0.07610412687063217,0.30623,0.0001798915909603238,-17.065,-4.777,0.333,174.028,1.05914
271,21680.0,1,0.0835481658577919,0.07189153879880905,0.30875,0.000189810962183401,-17.039,-4.74,0.381,173.889,1.05952
272,21760.0,1,0.07529836148023605,0.05749572440981865,0.3145,0.00018433404329698533,-16.919,-4.784,0.4,173.873,1.05947
273,21840.0,1,0.5679832100868225,0.5051276683807373,0.15984,0.00031046339427120984,-17.338,-4.536,0.301,173.778,1.06019
274,21920.0,1,0.4809729754924774,0.46527132391929626,0.18205,0.0003106584772467613,-17.565,-4.678,0.371,173.742,1.06052
275,22000.0,1,0.3014640808105469,0.29358193278312683,0.24395,0.00025159187498502433,-16.907,-4.612,0.916,173.564,1.06083
276,22080.0,1,0.19370576739311218,0.17505522072315216,0.27328,0.0002327136608073488,-16.65,-4.524,1.143,173.293,1.06177
277,22160.0,1,0.10262251645326614,0.08746897429227829,0.30256,0.0002508414618205279,-16.771,-4.471,1.532,173.126,1.06272
278,22240.0,1,0.08580289781093597,0.08117590844631195,0.30722,0.0002682727645151317,-16.823,-4.404,1.606,173.117,1.06278
279,22320.0,1,0.0978415235877037,0.0952867642045021,0.30315,0.00025830353843048215,-16.921,-4.303,1.525,172.995,1.06276
280,22400.0,1,0.10579904168844223,0.10735250264406204,0.29689,0.0002332716976525262,-17.274,-4.333,1.339,173.031,1.063
281,22480.0,1,0.11377525329589844,0.11269882321357727,0.29391,0.00019130778673570603,-17.492,-4.136,1.324,172.947,1.06333
282,22560.0,1,0.11286833137273788,0.10695774108171463,0.29311,0.00018922239542007446,-17.946,-3.95,1.312,172.936,1.0629
283,22640.0,1,0.10991086810827255,0.10319089889526367,0.29018,0.00019008299568668008,-17.891,-3.95,1.385,172.857,1.06313
284,22720.0,1,0.11217945069074631,0.10015171021223068,0.29247,0.00020188657799735665,-17.807,-3.914,1.431,172.857,1.06319
285,22800.0,1,0.08441977202892303,0.09156879037618637,0.30204,0.00017409920110367239,-17.651,-3.835,1.352,172.778,1.06317
286,22880.0,1,0.08894319832324982,0.09304693341255188,0.3021,0.00024529302027076483,-17.564,-3.844,1.302,172.797,1.06283
287,22960.0,1,0.10166218876838684,0.10600005835294724,0.29798,0.000302586006000638,-17.543,-3.883,1.256,172.726,1.06291
288,23040.0,1,0.14947238564491272,0.15648968517780304,0.28038,0.00020758144091814756,-16.922,-3.77,1.239,172.889,1.06169
289,23120.0,1,0.3387775719165802,0.46498075127601624,0.19521,0.00032186033786274493,-16.174,-3.625,1.179,172.862,1.06182
290,23200.0,1,0.44506779313087463,0.5195505619049072,0.16595,0.00044927859562449157,-16.244,-3.69,1.387,172.958,1.0617
291,23280.0,1,0.2230851799249649,0.2863270044326782,0.25819,0.00029839371563866735,-16.242,-3.753,1.55,172.838,1.06158
292,23360.0,1,0.14531727135181427,0.13042384386062622,0.29027,0.000206545737455599,-16.089,-3.947,1.899,172.886,1.0607
293,23440.0,1,0.14820776879787445,0.13788354396820068,0.28808,0.00023385805252473801,-15.09,-4.325,2.47,172.773,1.0608
294,23520.0,1,0.787270724773407,0.6921411752700806,0.08649,0.000375837495084852,-15.857,-4.018,2.47,172.546,1.06115
295,23600.0,1,0.8229851722717285,0.7512357831001282,0.03211,0.00029820515192113817,-15.637,-3.735,2.828,171.922,1.06203
296,23680.0,1,0.215546116232872,0.19583575427532196,0.27689,0.00029805279336869717,-14.727,-3.587,2.457,171.332,1.0622
297,23760.0,1,0.03654550760984421,0.05992720648646355,0.34567,0.0001596022630110383,-13.94,-3.943,2.143,170.58,1.06214
298,23840.0,1,0.02886549010872841,0.02797294780611992,0.36171,0.00022189041192177683,-12.66,-3.658,1.974,169.78,1.06213
299,23920.0,1,0.07172660529613495,0.054667893797159195,0.32593,0.00025219880626536906,-13.451,-3.667,2.436,169.104,1.0623
300,24000.0,1,0.07036066055297852,0.0542152114212513,0.32711,0.00018918218847829849,-13.447,-3.781,2.966,169.196,1.06211
301,24080.0,1,0.07639140635728836,0.0726911649107933,0.31895,0.00017589863273315132,-13.197,-3.799,3.223,169.247,1.06169
302,24160.0,1,0.08388668298721313,0.080902598798275,0.32094,0.0004061785584781319,-11.808,-4.3,3.79,169.957,1.05988
303,24240.0,1,0.04348873719573021,0.049386993050575256,0.34317,0.00034310953924432397,-12.117,-4.621,3.475,170.491,1.0563
304,24320.0,1,0.06348451226949692,0.03227129951119423,0.32608,0.000639258767478168,-10.78,-5.485,4.846,170.583,1.05545
305,24400.0,1,0.04095831513404846,0.039383288472890854,0.33532,0.00029408946284092963,-11.621,-5.269,3.073,170.302,1.05596
306,24480.0,1,0.07033634930849075,0.05998954921960831,0.32005,0.00028180208755657077,-12.481,-4.792,2.984,170.565,1.05591
307,24560.0,1,0.0639338344335556,0.035534292459487915,0.33588,0.00039086444303393364,-13.541,-4.556,2.754,170.541,1.05653
308,24640.0,1,0.04370657354593277,0.044598765671253204,0.33489,0.00017702528566587716,-14.209,-4.206,2.344,170.326,1.05758
309,24720.0,1,0.038856614381074905,0.041376590728759766,0.33892,0.00023442732344847172,-14.219,-4.161,2.307,170.076,1.05842
310,24800.0,1,0.04502726346254349,0.04268396273255348,0.33041,0.00022999740031082183,-14.254,-3.999,2.357,170.073,1.05739
311,24880.0,1,0.04769086837768555,0.056780509650707245,0.31872,0.00021121570898685604,-13.891,-3.817,2.059,170.202,1.05741
312,24960.0,1,0.061939068138599396,0.08014100790023804,0.31526,0.00023822032380849123,-13.604,-4.087,1.6,170.687,1.05546
313,25040.0,1,0.06688772886991501,0.089913509786129,0.30977,0.00025655500940047204,-13.706,-4.104,1.472,170.88,1.05448
314,25120.0,1,0.07873578369617462,0.09429540485143661,0.30468,0.00031625808333046734,-13.99,-4.251,1.423,171.053,1.05453
315,25200.0,1,0.0826563611626625,0.09689486771821976,0.30244,0.00026365224039182067,-14.164,-4.365,1.396,170.918,1.05482
316,25280.0,1,0.0538717620074749,0.05468802899122238,0.32729,0.0001842049096012488,-14.252,-4.527,1.181,171.258,1.05369
317,25360.0,1,0.03926403820514679,0.05176176130771637,0.3322,0.00019766883633565158,-14.096,-4.887,0.999,171.36,1.05277
318,25440.0,1,0.058081842958927155,0.06900526583194733,0.31951,0.00022016026196070015,-14.181,-4.845,1.123,171.539,1.05165
319,25520.0,1,0.06827869266271591,0.08031543344259262,0.314,0.0002229898818768561,-14.031,-4.845,1.269,171.496,1.05115
320,25600.0,1,0.0566130131483078,0.051650270819664,0.32836,0.00028524507069960237,-14.183,-4.918,1.179,171.534,1.05046
321,25680.0,1,0.05815047025680542,0.07762759178876877,0.32164,0.00025824096519500017,-13.644,-4.885,0.44,171.568,1.05043
322,25760.0,1,0.06549381464719772,0.07819594442844391,0.31608,0.00025990032008849084,-13.676,-4.989,0.696,171.746,1.05041
323,25840.0,1,0.060537826269865036,0.07120608538389206,0.32454,0.00027359044179320335,-13.61,-5.129,0.728,173.313,1.05504
324,25920.0,1,0.0849645584821701,0.06419997662305832,0.31293,0.00024025885795708746,-13.571,-4.862,0.719,176.625,1.05193
325,26000.0,1,0.0894884541630745,0.06892198324203491,0.31135,0.0003370135382283479,-13.346,-4.905,0.772,176.512,1.05285
326,26080.0,1,0.056458551436662674,0.05328616127371788,0.32303,0.00036287709372118115,-13.887,-4.964,0.682,181.148,1.04794
327,26160.0,1,0.057680562138557434,0.057895563542842865,0.32118,0.00031920147011987865,-13.848,-4.969,0.767,181.124,1.04803
328,26240.0,1,0.05092537775635719,0.059165384620428085,0.3214,0.0002797134511638433,-14.194,-5.054,0.83,182.148,1.05136
329,26320.0,1,0.07104858011007309,0.08254490792751312,0.31362,0.0002439733361825347,-14.127,-5.079,0.897,182.6,1.04944
330,26400.0,1,0.07967047393321991,0.08896388113498688,0.31046,0.00025900412583723664,-14.207,-5.103,0.899,182.871,1.04871
331,26480.0,1,0.07426609098911285,0.07496614754199982,0.31421,0.00023740381584502757,-14.187,-5.113,0.941,182.911,1.04841
332,26560.0,1,0.05223648250102997,0.051712218672037125,0.33086,0.00024374897475354373,-14.463,-5.143,1.087,183.31,1.04797
333,26640.0,1,0.048497363924980164,0.054287802428007126,0.32639,0.00023564595903735608,-14.425,-5.129,1.12,183.312,1.04785
334,26720.0,1,0.03981993719935417,0.03353152796626091,0.34211,0.0002696698356885463,-14.421,-5.13,1.343,183.821,1.04799
335,26800.0,1,0.0380345843732357,0.02488921582698822,0.35052,0.00013361123274080455,-14.387,-4.863,2.094,177.945,1.05364
336,26880.0,1,0.052214596420526505,0.060848478227853775,0.32316,0.00023008030257187784,-14.895,-4.724,2.349,178.018,1.05139
337,26960.0,1,0.08351816236972809,0.08539348095655441,0.30823,0.0003204164677299559,-14.792,-4.773,1.923,175.56,1.05661
338,27040.0,1,0.08871198445558548,0.08699402958154678,0.30463,0.00034060821053572,-14.782,-4.751,1.952,173.679,1.0541
339,27120.0,1,0.08770323544740677,0.08929184079170227,0.30483,0.00029918618383817375,-14.663,-4.758,2.037,173.166,1.05354
340,27200.0,1,0.08872438222169876,0.08077605068683624,0.30771,0.0002921893319580704,-14.782,-4.816,1.996,168.796,1.05117
341,27280.0,1,0.0735224038362503,0.07836046814918518,0.31304,0.00029153760988265276,-14.708,-4.826,1.936,166.56,1.05951
342,27360.0,1,0.07831624150276184,0.07159818708896637,0.31273,0.0002927461755461991,-14.733,-4.774,1.982,166.464,1.05959
343,27440.0,1,0.0713399350643158,0.06893976777791977,0.31472,0.00027275545289739966,-14.853,-4.683,2.01,166.248,1.06063
344,27520.0,1,0.06965786963701248,0.06899803131818771,0.31478,0.00029776053270325065,-14.893,-4.689,2.029,166.268,1.06077
345,27600.0,1,0.06865722686052322,0.06972294300794601,0.31437,0.0002888886083383113,-14.897,-4.647,2.026,166.168,1.06145
346,27680.0,1,0.06594740599393845,0.0714169442653656,0.31018,0.0002673336712177843,-14.771,-4.706,2.019,166.317,1.06149
347,27760.0,1,0.06450148671865463,0.07184299826622009,0.30965,0.0002711125125642866,-14.729,-4.642,1.873,166.26,1.06159
348,27840.0,1,0.06245861575007439,0.05562655255198479,0.31775,0.0002792479353956878,-14.769,-4.744,1.883,166.209,1.06195
349,27920.0,1,0.062162015587091446,0.05808694288134575,0.31877,0.00021338911028578877,-14.698,-4.842,1.936,166.216,1.06183
350,28000.0,1,0.06869492679834366,0.06403564661741257,0.31493,0.0002535054227337241,-15.057,-4.708,1.889,173.352,1.05411
351,28080.0,1,0.3385196030139923,0.33036720752716064,0.23225,0.00035055301850661635,-15.204,-4.705,1.738,172.455,1.0621
352,28160.0,1,0.5018542408943176,0.46821415424346924,0.18129,0.0003470373630989343,-16.097,-4.514,1.77,174.669,1.05615
353,28240.0,1,0.4579488933086395,0.39468809962272644,0.21066,0.00032700455631129444,-16.327,-4.628,1.714,174.558,1.05785
354,28320.0,1,0.28650277853012085,0.24156783521175385,0.25926,0.00027999255689792335,-15.816,-4.97,1.664,175.21,1.05782
355,28400.0,1,0.1619912087917328,0.1473536640405655,0.28682,0.0002532172075007111,-15.61,-4.999,1.749,175.155,1.05796
356,28480.0,1,0.12483695894479752,0.10762591660022736,0.2995,0.00024144056078512222,-15.549,-5.051,1.726,175.209,1.0583
357,28560.0,1,0.12537966668605804,0.11220168322324753,0.29886,0.0002433344634482637,-15.397,-5.119,1.733,175.052,1.05867
358,28640.0,1,0.13880471885204315,0.12444290518760681,0.29282,0.00024967564968392253,-15.18,-5.076,1.756,175.085,1.05863
359,28720.0,1,0.12561830878257751,0.14310041069984436,0.29691,0.0002557278494350612,-14.967,-5.02,2.014,174.97,1.05885
360,28800.0,1,0.1116422787308693,0.1270996332168579,0.29488,0.00030114935361780226,-14.508,-5.019,2.193,175.018,1.05835
361,28880.0,1,0.10403397679328918,0.1200990378856659,0.29854,0.00026634681853465736,-14.363,-5.162,2.225,174.943,1.05855
362,28960.0,1,0.08548711240291595,0.09673669189214706,0.30463,0.00026017281925305724,-14.017,-5.104,2.362,174.99,1.0585
363,29040.0,1,0.07773967832326889,0.0941164568066597,0.30727,0.0002474547945894301,-13.995,-5.176,2.352,174.936,1.05885
364,29120.0,1,0.08372189849615097,0.10081756860017776,0.30418,0.00023520845570601523,-14.0,-5.176,2.372,174.972,1.05838
365,29200.0,1,0.0904444083571434,0.10544847697019577,0.30125,0.00025431689573451877,-14.068,-5.233,2.292,175.035,1.06089
366,29280.0,1,0.0918310210108757,0.10002970695495605,0.30079,0.0002518568653613329,-14.159,-5.178,2.22,175.196,1.06093
367,29360.0,1,0.08994316309690475,0.0978313535451889,0.30205,0.0002402325189905241,-14.535,-5.219,2.297,175.162,1.06149
368,29440.0,1,0.08708019554615021,0.09082693606615067,0.30403,0.0002461995172780007,-14.689,-5.27,2.198,175.304,1.06115
369,29520.0,1,0.0825837254524231,0.08740454912185669,0.30681,0.0003033106913790107,-14.745,-5.223,2.356,175.318,1.06119
370,29600.0,1,0.09161219745874405,0.0949474349617958,0.30305,0.0002628019719850272,-14.687,-5.184,2.349,175.43,1.06086
371,29680.0,1,0.09279754757881165,0.09635134041309357,0.30221,0.0002759078925009817,-14.72,-5.189,2.308,175.452,1.06086
372,29760.0,1,0.07943896949291229,0.09531693905591965,0.30511,0.0002967428881675005,-14.721,-5.164,2.214,175.519,1.06083
373,29840.0,1,0.08081872761249542,0.09721270948648453,0.30383,0.0003210928989574313,-14.716,-5.139,2.092,175.541,1.06103
374,29920.0,1,0.07767221331596375,0.09127949178218842,0.30599,0.0002976802352350205,-14.879,-5.127,2.001,175.66,1.06075
375,30000.0,1,0.07719522714614868,0.09001065045595169,0.30574,0.0002883566776290536,-14.817,-5.098,1.974,175.606,1.0605
376,30080.0,1,0.07826073467731476,0.08790174871683121,0.30674,0.00028849748196080327,-14.826,-5.083,1.961,175.587,1.06051
377,30160.0,1,0.07970839738845825,0.0867384523153305,0.30814,0.00024393005878664553,-14.811,-5.089,1.952,175.495,1.06072
378,30240.0,1,0.07813659310340881,0.08414868265390396,0.30928,0.00020562729332596064,-14.812,-5.08,1.988,175.454,1.06088
379,30320.0,1,0.07276266068220139,0.08237265050411224,0.3088,0.00016206142026931047,-14.648,-5.014,2.081,175.28,1.06133
380,30400.0,1,0.07336631417274475,0.08304756879806519,0.31003,0.00015537967556156218,-14.682,-5.037,2.109,175.422,1.0589
381,30480.0,1,0.16786231100559235,0.1862419694662094,0.27474,0.00019610673189163208,-14.569,-4.955,2.006,175.37,1.05889
382,30560.0,1,0.7656933069229126,0.7410702705383301,0.05998,0.00028280282276682556,-15.757,-4.567,2.041,175.384,1.05851
383,30640.0,1,0.7552032470703125,0.6005843877792358,0.09708,0.00033560581505298615,-15.643,-4.665,2.131,175.273,1.05878
384,30720.0,1,0.3807808756828308,0.38953736424446106,0.20789,0.0002326480025658384,-15.319,-4.741,2.273,175.245,1.05835
385,30800.0,1,0.25141286849975586,0.3086549937725067,0.24511,0.0002060329425148666,-15.234,-4.871,2.413,175.225,1.05833
386,30880.0,1,0.18471381068229675,0.20239950716495514,0.26762,0.0001824751525418833,-14.978,-4.962,2.384,175.237,1.05831
387,30960.0,1,0.16563870012760162,0.17697538435459137,0.27277,0.00019718898693099618,-14.897,-4.995,2.316,175.19,1.05826
388,31040.0,1,0.15307191014289856,0.15288065373897552,0.27872,0.00018533316324464977,-14.817,-5.005,2.209,175.227,1.05852
389,31120.0,1,0.1497807651758194,0.14648109674453735,0.28027,0.0001763545733410865,-14.784,-5.085,2.215,175.149,1.05849
390,31200.0,1,0.1384446769952774,0.1392447054386139,0.28368,0.00017182808369398117,-14.757,-5.2,2.197,175.124,1.05864
391,31280.0,1,0.13297446072101593,0.13030534982681274,0.286,0.000179385780938901,-14.815,-5.252,2.175,175.18,1.05805
392,31360.0,1,0.12420933693647385,0.12535914778709412,0.28894,0.00016865067300386727,-14.694,-5.371,2.174,175.155,1.05846
393,31440.0,1,0.11913439631462097,0.12417320162057877,0.29019,0.00017750344704836607,-14.751,-5.375,2.16,175.083,1.05852
394,31520.0,1,0.11271794140338898,0.12029130756855011,0.29339,0.00017675473645795137,-14.795,-5.318,2.011,175.204,1.05867
395,31600.0,1,0.10213286429643631,0.11489656567573547,0.29609,0.0001949848374351859,-14.734,-5.235,2.106,175.105,1.05847
396,31680.0,1,0.09720064699649811,0.11477638781070709,0.29593,0.00021217972971498966,-14.758,-5.212,2.049,175.194,1.0585
397,31760.0,1,0.07658397406339645,0.09208941459655762,0.30666,0.0001845583028625697,-14.846,-5.214,1.943,175.225,1.05826
398,31840.0,1,0.07668013125658035,0.09606251120567322,0.30838,0.00017665197083260864,-14.833,-5.15,1.877,175.39,1.05783
399,31920.0,1,0.0779559388756752,0.0913507342338562,0.31072,0.00020928880257997662,-14.992,-5.078,1.984,175.335,1.05852
400,32000.0,1,0.09523660689592361,0.09323354065418243,0.30599,0.00019967011758126318,-14.905,-5.029,1.924,175.478,1.05828
401,32080.0,1,0.10439920425415039,0.10067983716726303,0.30071,0.00022128109412733465,-14.942,-5.025,2.009,175.453,1.05851
402,32160.0,1,0.10659510642290115,0.11401031166315079,0.29761,0.00023077853256836534,-15.083,-5.061,2.001,175.708,1.05563
403,32240.0,1,0.10557281225919724,0.10968993604183197,0.29932,0.00021517991262953728,-15.165,-5.157,2.092,175.826,1.05484
404,32320.0,1,0.09481701254844666,0.10086902976036072,0.30382,0.00019911611161660403,-15.153,-5.171,2.127,175.954,1.05428
405,32400.0,1,0.1013679951429367,0.09636577218770981,0.30299,0.0001535102928755805,-15.161,-5.123,1.929,176.032,1.05386
406,32480.0,1,0.10898584127426147,0.09527767449617386,0.30066,0.0001609109021956101,-15.165,-5.077,1.904,176.181,1.05297
407,32560.0,1,0.10847015678882599,0.09996489435434341,0.29999,0.0001934389874804765,-15.402,-5.021,1.773,176.211,1.05306
408,32640.0,1,0.10044776648283005,0.09878592938184738,0.29861,0.0001910855498863384,-15.629,-5.28,1.817,176.34,1.05326
409,32720.0,1,0.0922522097826004,0.09448157995939255,0.3009,0.00018786691362038255,-16.088,-5.368,1.837,176.416,1.05247
410,32800.0,1,0.09912750124931335,0.09837981313467026,0.2998,0.00022463600907940418,-16.039,-5.41,1.879,176.515,1.05245
411,32880.0,1,0.10133926570415497,0.10439359396696091,0.29927,0.000221696071093902,-16.007,-5.429,1.921,176.431,1.05262
412,32960.0,1,0.10277630388736725,0.1080045998096466,0.29872,0.00023226189659908414,-15.987,-5.428,1.894,176.44,1.05279
413,33040.0,1,0.09981531649827957,0.10412529110908508,0.30002,0.0002377025957684964,-15.961,-5.405,1.894,176.379,1.0533
414,33120.0,1,0.10015609860420227,0.10050903260707855,0.301,0.00023211489315144718,-15.932,-5.438,1.962,176.387,1.05314
415,33200.0,1,0.10656490921974182,0.10900696367025375,0.29884,0.0002185648336308077,-15.962,-5.437,1.96,176.305,1.05327
416,33280.0,1,0.11000587791204453,0.11557139456272125,0.29739,0.0002206553763244301,-15.97,-5.413,1.95,176.36,1.05318
417,33360.0,1,0.11426524072885513,0.11915536224842072,0.29577,0.00022603897377848625,-15.89,-5.365,1.925,176.311,1.05305
418,33440.0,1,0.11124571412801743,0.11756852269172668,0.29572,0.0002029693714575842,-15.891,-5.289,1.983,176.334,1.05315
419,33520.0,1,0.11124055087566376,0.11721450090408325,0.29631,0.00020036680507473648,-15.821,-5.298,1.983,176.26,1.05354
420,33600.0,1,0.10661964118480682,0.11252713203430176,0.29772,0.0001558485528221354,-15.963,-5.135,1.995,176.222,1.05352
421,33680.0,1,0.1081276386976242,0.11125421524047852,0.29708,0.000156066584168002,-16.087,-5.036,1.948,176.35,1.05288
422,33760.0,1,0.1093372330069542,0.11185842752456665,0.29604,0.00015972084656823426,-16.241,-5.06,1.972,176.336,1.05363
423,33840.0,1,0.10881577432155609,0.11007896065711975,0.29371,0.0001658555556787178,-16.295,-5.141,2.044,176.219,1.05396
424,33920.0,1,0.10927778482437134,0.10798736661672592,0.29385,0.00018557631119620055,-16.3,-5.149,2.069,176.224,1.05387
425,34000.0,1,0.10805680602788925,0.10729851573705673,0.29476,0.00019929296104237437,-16.242,-5.132,2.073,176.172,1.05397
426,34080.0,1,0.10734020173549652,0.1030111238360405,0.29712,0.0001649414625717327,-16.087,-5.114,2.068,176.151,1.05407
427,34160.0,1,0.248993918299675,0.2910146713256836,0.24959,0.00021217791072558612,-15.69,-5.194,2.032,176.07,1.05444
428,34240.0,1,0.7034446001052856,0.7084019780158997,0.08569,0.00030523515306413174,-16.521,-5.042,2.088,176.095,1.05432
429,34320.0,1,0.6266329288482666,0.6473660469055176,0.12926,0.00026642580633051693,-16.534,-5.058,2.167,176.016,1.05476
430,34400.0,1,0.4288742244243622,0.429192453622818,0.20669,0.00025153791648335755,-16.383,-5.199,2.097,176.187,1.05469
431,34480.0,1,0.3159305155277252,0.3513621687889099,0.24072,0.00022732497018296272,-16.286,-5.24,2.201,176.154,1.0548
432,34560.0,1,0.2412520945072174,0.2840324938297272,0.26198,0.0001992855395656079,-16.089,-5.244,2.177,176.239,1.05447
433,34640.0,1,0.14746446907520294,0.17089027166366577,0.28628,0.0001622687850613147,-15.86,-5.303,2.164,176.245,1.05432
434,34720.0,1,0.09200117737054825,0.09904006868600845,0.30863,0.00018697230552788824,-16.021,-5.292,2.177,176.488,1.05663
435,34800.0,1,0.06501197814941406,0.06469856202602386,0.32061,0.00017067103181034327,-15.976,-5.35,2.224,176.505,1.0571
436,34880.0,1,0.07374260574579239,0.0664052665233612,0.31924,0.00021355254284571856,-15.97,-5.329,2.207,176.601,1.05688
437,34960.0,1,0.09384627640247345,0.08570130169391632,0.307,0.00022434470884036273,-16.11,-5.297,2.168,176.606,1.05793
438,35040.0,1,0.10125256329774857,0.09656409919261932,0.30227,0.00022147064737509936,-16.245,-5.399,2.18,176.759,1.05778
439,35120.0,1,0.09860102832317352,0.09616515785455704,0.30428,0.00019796098058577627,-16.306,-5.399,2.052,176.766,1.05816
440,35200.0,1,0.09912256896495819,0.09702982753515244,0.30321,0.00021703765378333628,-16.5,-5.303,1.973,176.939,1.05752
441,35280.0,1,0.09992571175098419,0.1017240434885025,0.30175,0.00022588946740143,-16.529,-5.302,1.955,176.942,1.05738
442,35360.0,1,0.09550822526216507,0.09726541489362717,0.30416,0.00023041597160045058,-16.618,-5.282,1.888,177.121,1.05726
443,35440.0,1,0.09418874979019165,0.09870758652687073,0.30458,0.0002390141162322834,-16.691,-5.256,1.854,177.135,1.05771
444,35520.0,1,0.09789615869522095,0.09676573425531387,0.30276,0.00024016268434934318,-16.61,-5.14,1.909,177.239,1.05706
445,35600.0,1,0.09646642208099365,0.09224538505077362,0.30338,0.00022429830278269947,-16.54,-5.108,1.911,177.24,1.05701
446,35680.0,1,0.10515051335096359,0.09957079589366913,0.29985,0.00022576651826966554,-16.475,-5.107,1.932,177.251,1.05713
447,35760.0,1,0.09939239919185638,0.10162339359521866,0.30016,0.0002236177824670449,-16.595,-5.071,1.885,177.194,1.05717
448,35840.0,1,0.10121799260377884,0.10419314354658127,0.29848,0.00022314685338642448,-16.631,-5.045,1.913,177.213,1.0569
449,35920.0,1,0.10177577286958694,0.10018717497587204,0.2998,0.00021782169642392546,-16.563,-5.088,1.978,177.136,1.05717
450,36000.0,1,0.10173633694648743,0.097061887383461,0.30009,0.00021476442634593695,-16.544,-5.119,2.057,177.193,1.05725
451,36080.0,1,0.10335153341293335,0.09833301603794098,0.29982,0.00020499949459917843,-16.582,-5.118,2.044,177.245,1.05725
452,36160.0,1,0.10318008810281754,0.0979941189289093,0.29966,0.0002100588899338618,-16.674,-5.222,2.059,177.256,1.05694
453,36240.0,1,0.10944200307130814,0.10480265319347382,0.29806,0.00020235872943885624,-16.867,-5.257,2.044,177.153,1.05717
454,36320.0,1,0.4742938280105591,0.5858372449874878,0.1675,0.00036660252953879535,-17.602,-5.174,1.566,177.161,1.05767
455,36400.0,1,0.6993317604064941,0.7322742938995361,0.08198,0.0004101328377146274,-17.801,-5.003,1.691,177.042,1.05777
456,36480.0,1,0.5865134000778198,0.6648705005645752,0.13437,0.00036498496774584055,-17.881,-5.011,1.861,177.05,1.05732
457,36560.0,1,0.3999849855899811,0.4532928168773651,0.20609,0.0002452534681651741,-17.227,-5.515,1.958,176.981,1.05756
458,36640.0,1,0.2925965189933777,0.35104870796203613,0.23919,0.00026057398645207286,-17.058,-5.564,2.009,176.988,1.05776
459,36720.0,1,0.26319241523742676,0.31412607431411743,0.24938,0.0002580155269242823,-16.918,-5.463,1.921,176.885,1.05813
460,36800.0,1,0.23047953844070435,0.2695513665676117,0.25932,0.00025436465512029827,-17.026,-5.383,1.93,176.896,1.05807
461,36880.0,1,0.19179747998714447,0.22210150957107544,0.27036,0.0002548962947912514,-16.85,-5.374,1.993,176.798,1.05805
462,36960.0,1,0.1496206372976303,0.18271592259407043,0.28063,0.00028635619673877954,-16.757,-5.299,2.122,176.821,1.05784
463,37040.0,1,0.14491336047649384,0.17334043979644775,0.28272,0.000307286623865366,-16.695,-5.218,2.207,176.752,1.05831
464,37120.0,1,0.14260295033454895,0.17107628285884857,0.2833,0.00030327163403853774,-16.543,-5.141,2.26,174.913,1.05434
465,37200.0,1,0.14606165885925293,0.16343948245048523,0.28279,0.00030757003696635365,-16.301,-5.112,2.343,174.403,1.054
466,37280.0,1,0.1460949033498764,0.15692366659641266,0.28378,0.00043385475873947144,-16.337,-5.145,2.334,174.35,1.05388
467,37360.0,1,0.14253193140029907,0.1660955399274826,0.28361,0.0005201971507631242,-16.332,-5.14,2.192,167.282,1.06117
468,37440.0,1,0.14395511150360107,0.17003536224365234,0.2846,0.0004760401207022369,-15.766,-5.365,2.06,167.741,1.06671
469,37520.0,1,0.1537475436925888,0.17294879257678986,0.28145,0.00042090690112672746,-15.888,-5.445,2.115,167.811,1.06687
470,37600.0,1,0.15805968642234802,0.18525837361812592,0.27925,0.00037859604344703257,-15.816,-5.439,2.173,167.799,1.06701
471,37680.0,1,0.1585695743560791,0.19116070866584778,0.27861,0.00035486440174281597,-15.82,-5.545,2.133,167.72,1.06719
472,37760.0,1,0.15979346632957458,0.19169561564922333,0.27836,0.0003703567781485617,-15.802,-5.584,2.129,167.769,1.06699
473,37840.0,1,0.1611984670162201,0.1948164701461792,0.27814,0.0003731840697582811,-15.833,-5.585,2.102,167.716,1.06735
474,37920.0,1,0.1601923704147339,0.2006470113992691,0.27562,0.00027095279074274004,-16.163,-5.748,1.994,167.873,1.06746
475,38000.0,1,0.1617034375667572,0.2013089954853058,0.2755,0.00026397622423246503,-16.449,-5.722,1.97,167.865,1.06738
476,38080.0,1,0.15852896869182587,0.1962752491235733,0.27649,0.0002513396611902863,-16.407,-5.694,1.952,167.967,1.06734
477,38160.0,1,0.16079646348953247,0.1883515864610672,0.27602,0.00023718210286460817,-15.775,-5.486,2.003,167.993,1.0673
478,38240.0,1,0.16192173957824707,0.17897474765777588,0.27675,0.0008057162049226463,-14.411,-5.451,1.997,168.207,1.06714
479,38320.0,1,0.17555385828018188,0.17766037583351135,0.27554,0.0016545281978324056,-13.397,-5.293,1.989,168.15,1.067
480,38400.0,1,0.17952948808670044,0.20442353188991547,0.27571,0.0020671584643423557,-12.519,-5.137,2.071,168.433,1.06676
481,38480.0,1,0.14630870521068573,0.16653487086296082,0.2839,0.0025766727048903704,-11.732,-5.209,2.024,168.101,1.06453
482,38560.0,1,0.11514625698328018,0.12204382568597794,0.29235,0.0026543568819761276,-11.759,-5.155,2.03,168.063,1.06372
483,38640.0,1,0.09305880963802338,0.10218708962202072,0.29695,0.003261108882725239,-11.825,-5.122,2.107,167.939,1.06388
484,38720.0,1,0.08764689415693283,0.09883476048707962,0.29865,0.003406144678592682,-11.914,-5.073,2.161,167.936,1.06333
485,38800.0,1,0.08909280598163605,0.09188582003116608,0.29998,0.0014164600288495421,-13.323,-4.985,2.438,167.8,1.06366
486,38880.0,1,0.09250744432210922,0.09381387382745743,0.29976,0.0007946581463329494,-14.426,-5.258,2.56,167.835,1.06367
487,38960.0,1,0.09716960042715073,0.10182759165763855,0.29878,0.00046446642954833806,-14.966,-5.295,2.613,167.775,1.06361
488,39040.0,1,0.10691466927528381,0.11243894696235657,0.29574,0.0003642975352704525,-15.193,-5.313,2.603,167.792,1.06354
489,39120.0,1,0.11003802716732025,0.12228665500879288,0.29391,0.00035435540485195816,-15.313,-5.304,2.577,167.748,1.06374
490,39200.0,1,0.11315537244081497,0.1265154629945755,0.29335,0.0003268518194090575,-15.297,-5.328,2.54,167.771,1.06385
491,39280.0,1,0.11640946567058563,0.13685370981693268,0.29308,0.00031160295475274324,-15.333,-5.37,2.434,167.718,1.06379
492,39360.0,1,0.11125065386295319,0.11798050254583359,0.29754,0.00026416603941470385,-15.322,-5.392,2.501,167.405,1.06576
493,39440.0,1,0.11211704462766647,0.11924046277999878,0.29833,0.00028608986758627,-15.327,-5.467,2.523,167.321,1.06615
494,39520.0,1,0.10285204648971558,0.11260467022657394,0.30256,0.00027131676324643195,-15.323,-5.48,2.524,167.443,1.06595
495,39600.0,1,0.09805570542812347,0.10701669752597809,0.30343,0.00027751928428187966,-15.361,-5.507,2.484,167.423,1.06635
496,39680.0,1,0.09205097705125809,0.10233542323112488,0.30588,0.0002854724880307913,-15.364,-5.539,2.474,167.481,1.06624
497,39760.0,1,0.09174972772598267,0.10046520829200745,0.30571,0.0002846853749360889,-15.365,-5.519,2.482,167.42,1.06641
498,39840.0,1,0.09348868578672409,0.10488297790288925,0.30361,0.0002644462510943413,-15.376,-5.533,2.48,167.445,1.06625
499,39920.0,1,0.0897749662399292,0.10418058931827545,0.30499,0.00025790510699152946,-15.394,-5.532,2.458,167.398,1.06648
500,40000.0,1,0.09112223237752914,0.10317686200141907,0.3044,0.0002332959556952119,-15.545,-5.582,2.498,167.435,1.06679
501,40080.0,1,0.09038574993610382,0.10202356427907944,0.30532,0.00022654169879388064,-15.544,-5.581,2.469,167.451,1.06667
502,40160.0,1,0.09430450946092606,0.10348901152610779,0.30546,0.00026224408065900207,-15.68,-5.597,2.445,167.556,1.06662
503,40240.0,1,0.09226934611797333,0.10208682715892792,0.30593,0.0002551788929849863,-15.634,-5.61,2.389,167.518,1.0668
504,40320.0,1,0.0892673060297966,0.09760106354951859,0.30599,0.0002178800932597369,-15.615,-5.547,2.306,167.533,1.06674
505,40400.0,1,0.0835774764418602,0.0948481559753418,0.30706,0.00025424922932870686,-15.729,-5.47,2.284,167.498,1.06705
506,40480.0,1,0.06988780945539474,0.093450166285038,0.30997,0.0002493711654096842,-16.34,-5.523,2.133,167.666,1.06716
507,40560.0,1,0.06920937448740005,0.08601666986942291,0.31085,0.00026817864272743464,-16.283,-5.522,2.191,167.725,1.06698
508,40640.0,1,0.06380029022693634,0.07722023874521255,0.31527,0.00026443289243616164,-16.239,-5.543,2.196,167.881,1.06648
509,40720.0,1,0.06181896850466728,0.07532532513141632,0.31634,0.00023771684209350497,-16.167,-5.59,2.212,167.843,1.06681
510,40800.0,1,0.060522448271512985,0.07509850710630417,0.31646,0.0002163671888411045,-16.064,-5.601,2.204,167.856,1.06708
511,40880.0,1,0.05880667641758919,0.07332567125558853,0.31712,0.00020561298879329115,-16.052,-5.595,2.208,167.784,1.06686
512,40960.0,1,0.059012334793806076,0.07337576895952225,0.31687,0.00019012595294043422,-16.053,-5.579,2.219,167.833,1.06679
513,41040.0,1,0.06031912565231323,0.07319244742393494,0.31626,0.0001868306426331401,-16.005,-5.563,2.257,167.788,1.06658
514,41120.0,1,0.061562430113554,0.0734131783246994,0.31591,0.000195963162695989,-16.033,-5.53,2.267,167.777,1.06676
515,41200.0,1,0.062399085611104965,0.0697825700044632,0.31531,0.00021070457296445966,-16.185,-5.577,2.364,167.676,1.06685
516,41280.0,1,0.0639013722538948,0.06881852447986603,0.31639,0.00022492792049888521,-16.187,-5.462,2.28,167.709,1.06711
517,41360.0,1,0.05835540220141411,0.06172800436615944,0.31941,0.00018990728131029755,-16.214,-5.556,2.322,167.707,1.06703
518,41440.0,1,0.05424327403306961,0.055911317467689514,0.32234,0.000168592159752734,-16.212,-5.552,2.328,167.714,1.06489
519,41520.0,1,0.052447639405727386,0.054172758013010025,0.32359,0.0001805199426598847,-16.162,-5.531,2.352,167.694,1.06401
520,41600.0,1,0.04943203553557396,0.052355460822582245,0.32537,0.00017372029833495617,-16.122,-5.552,2.323,167.711,1.06371
521,41680.0,1,0.05035126581788063,0.056683752685785294,0.32469,0.00017511495389044285,-16.12,-5.544,2.321,167.651,1.0634
522,41760.0,1,0.05518225580453873,0.05925494804978371,0.32245,0.00018346768047194928,-16.136,-5.543,2.343,167.714,1.06286
523,41840.0,1,0.05541052296757698,0.05782443657517433,0.32308,0.0001894240704132244,-16.194,-5.606,2.368,167.694,1.06331
524,41920.0,1,0.05483288690447807,0.05663054808974266,0.32364,0.00018196865858044475,-16.088,-5.597,2.416,167.799,1.06298
525,42000.0,1,0.05353069677948952,0.055140405893325806,0.3242,0.00018026179168373346,-16.025,-5.647,2.442,167.763,1.06295
526,42080.0,1,0.05184641107916832,0.05389256402850151,0.32451,0.00017988713807426393,-16.0,-5.64,2.454,167.79,1.06305
527,42160.0,1,0.12214022874832153,0.14526887238025665,0.28806,0.00019567580602597445,-16.003,-5.707,2.358,167.741,1.06322
528,42240.0,1,0.2439402937889099,0.25294867157936096,0.26433,0.00019916756718885154,-16.346,-5.537,2.253,167.676,1.06372
529,42320.0,1,0.22541756927967072,0.24569755792617798,0.26816,0.00017689872765913606,-16.245,-5.569,2.248,167.69,1.06363
530,42400.0,1,0.2045656144618988,0.20870044827461243,0.27479,0.00016794090333860368,-16.495,-5.513,2.249,167.908,1.06076
531,42480.0,1,0.18443289399147034,0.1875184327363968,0.27962,0.00015860385610722005,-16.519,-5.529,2.231,167.937,1.05969
532,42560.0,1,0.1689806878566742,0.16880767047405243,0.28383,0.0001387998927384615,-16.49,-5.534,2.199,168.17,1.05845
533,42640.0,1,0.1402541697025299,0.1580236852169037,0.28933,0.0001362402836093679,-16.414,-5.549,2.273,168.191,1.05795
534,42720.0,1,0.13131651282310486,0.14904187619686127,0.29491,0.0001346253848168999,-16.501,-5.595,2.192,168.183,1.05781
535,42800.0,1,0.13125047087669373,0.13843967020511627,0.29497,0.00015087123028934002,-16.466,-5.562,2.165,168.075,1.05789
536,42880.0,1,0.12895150482654572,0.1360008865594864,0.29574,0.00016070957644842565,-16.476,-5.531,2.14,168.112,1.0577
537,42960.0,1,0.12137623131275177,0.1286623626947403,0.29908,0.00016355358820874244,-16.487,-5.529,2.057,168.085,1.05762
538,43040.0,1,0.11304330825805664,0.1201106533408165,0.30084,0.00016111877630464733,-16.518,-5.454,2.129,168.136,1.05766
539,43120.0,1,0.08419016003608704,0.09952574968338013,0.30799,0.00016858652816154063,-16.495,-5.472,2.201,168.034,1.05794
540,43200.0,1,0.08063702285289764,0.09316490590572357,0.30922,0.00015534338308498263,-16.467,-5.335,2.273,168.078,1.05693
541,43280.0,1,0.08130206167697906,0.09157373756170273,0.30865,0.00015521324530709535,-16.542,-5.357,2.29,168.046,1.05721
542,43360.0,1,0.08134884387254715,0.0916481465101242,0.30722,0.00016192534531001002,-16.628,-5.468,2.287,168.057,1.05715
543,43440.0,1,0.07888548076152802,0.0881478488445282,0.3079,0.00014758539327885956,-16.648,-5.503,2.348,168.012,1.05705
544,43520.0,1,0.0759880542755127,0.08470147103071213,0.3089,0.00015187205281108618,-16.65,-5.511,2.326,168.05,1.05725
545,43600.0,1,0.07587643712759018,0.08514843881130219,0.30929,0.00015141672338359058,-16.671,-5.48,2.282,168.053,1.05704
546,43680.0,1,0.07684717327356339,0.08575010299682617,0.30975,0.00015645322855561972,-16.692,-5.459,2.305,168.142,1.05694
547,43760.0,1,0.07594015449285507,0.08644570410251617,0.30957,0.0001675675594015047,-16.953,-5.301,2.171,168.1,1.05683
548,43840.0,1,0.08105898648500443,0.09156998246908188,0.30713,0.000173882523085922,-17.036,-5.283,2.244,168.207,1.0568
549,43920.0,1,0.07631981372833252,0.08862961083650589,0.30857,0.0001712467783363536,-17.189,-5.23,2.131,168.209,1.05701
550,44000.0,1,0.0882292166352272,0.09652185440063477,0.3055,0.00016202960978262126,-17.163,-5.249,2.045,168.274,1.0571
551,44080.0,1,0.09193218499422073,0.10167708992958069,0.30512,0.00017237964493688196,-17.193,-5.27,1.798,168.256,1.05722
552,44160.0,1,0.08193407952785492,0.08777696639299393,0.30892,0.0001521298981970176,-16.978,-5.446,1.801,168.237,1.0571
553,44240.0,1,0.07866690307855606,0.08447938412427902,0.30937,0.00014295584696810693,-16.896,-5.521,1.803,168.227,1.05683
554,44320.0,1,0.07814956456422806,0.08265159279108047,0.30948,0.00014240578457247466,-16.836,-5.583,1.81,168.276,1.05694
555,44400.0,1,0.073656365275383,0.08034227043390274,0.30963,0.00015376225928775966,-16.901,-5.635,1.884,168.268,1.0569
556,44480.0,1,0.07103228569030762,0.07774300873279572,0.31007,0.000156164969666861,-16.928,-5.552,1.901,168.278,1.05705
557,44560.0,1,0.05445832386612892,0.06895467638969421,0.31813,0.0001630136393941939,-16.875,-5.545,2.112,168.146,1.05713
558,44640.0,1,0.055568184703588486,0.06783780455589294,0.31852,0.000160086783580482,-16.878,-5.54,2.154,168.199,1.05704
559,44720.0,1,0.05657164379954338,0.06807126849889755,0.31822,0.00017490770551376045,-16.927,-5.532,2.157,168.094,1.05711
560,44800.0,1,0.05982183292508125,0.06866122782230377,0.31724,0.00017600381397642195,-16.899,-5.536,2.184,168.122,1.05702
561,44880.0,1,0.31182146072387695,0.3445656895637512,0.23804,0.00028233646298758686,-16.821,-5.514,1.923,168.105,1.05725
562,44960.0,1,0.6285325288772583,0.6209897994995117,0.12532,0.0003840088320430368,-17.215,-5.388,1.89,168.082,1.05741
563,45040.0,1,0.46447989344596863,0.4484177231788635,0.19149,0.00029031801386736333,-16.922,-5.312,1.933,168.022,1.05759
564,45120.0,1,0.22335287928581238,0.24440845847129822,0.26097,0.00023443692771252245,-16.605,-5.524,2.054,168.005,1.05748
565,45200.0,1,0.15469782054424286,0.1801406294107437,0.27708,0.0002328948030481115,-16.519,-5.599,2.162,167.989,1.05707
566,45280.0,1,0.13676127791404724,0.15753869712352753,0.28269,0.00020439756917767227,-16.431,-5.628,2.225,168.045,1.057
567,45360.0,1,0.12205586582422256,0.14710696041584015,0.28687,0.00019624625565484166,-16.427,-5.71,2.251,167.998,1.05731
568,45440.0,1,0.1173199713230133,0.13797038793563843,0.28899,0.0001796228316379711,-16.425,-5.728,2.239,168.071,1.05705
569,45520.0,1,0.11548394709825516,0.13382500410079956,0.28955,0.0001899652270367369,-16.536,-5.738,2.185,168.01,1.05698
570,45600.0,1,0.11453612148761749,0.13137008249759674,0.29058,0.00019077332399319857,-16.552,-5.692,2.174,168.12,1.05669
571,45680.0,1,0.11201046407222748,0.13348466157913208,0.29188,0.00019692743080668151,-16.55,-5.708,2.039,168.074,1.05672
572,45760.0,1,0.10777182132005692,0.12767527997493744,0.2939,0.0001886829995783046,-16.504,-5.703,2.013,168.075,1.05659
573,45840.0,1,0.10526449233293533,0.12455982714891434,0.2951,0.000173669628566131,-16.43,-5.704,1.988,168.043,1.05699
574,45920.0,1,0.10407648235559464,0.12280891090631485,0.29566,0.00016326781769748777,-16.33,-5.719,1.978,168.081,1.05691
575,46000.0,1,0.0997687429189682,0.11594540625810623,0.29743,0.00016616993525531143,-16.315,-5.703,1.995,168.049,1.05678
576,46080.0,1,0.10323729366064072,0.10158494114875793,0.30055,0.00017217839194927365,-16.103,-5.66,2.062,168.053,1.05715
577,46160.0,1,0.10392729938030243,0.09317892789840698,0.30393,0.00017768667021300644,-15.873,-5.632,2.16,167.958,1.05706
578,46240.0,1,0.5939849019050598,0.5619753003120422,0.1403,0.0003597560280468315,-15.863,-5.433,2.231,168.079,1.0575
579,46320.0,1,0.5656932592391968,0.4927319884300232,0.15704,0.00034428181243129075,-15.7,-5.597,2.49,167.991,1.05756
580,46400.0,1,0.38597893714904785,0.3371448218822479,0.21642,0.00031853755353949964,-15.708,-5.562,2.389,168.001,1.05774
581,46480.0,1,0.2838791310787201,0.21957527101039886,0.24884,0.0002602472377475351,-15.676,-5.514,2.404,167.953,1.05817
582,46560.0,1,0.18520905077457428,0.2002415508031845,0.26714,0.0002471120096743107,-15.64,-5.492,2.501,168.016,1.05802
583,46640.0,1,0.1321234256029129,0.14757657051086426,0.28106,0.00020745558140333742,-15.511,-5.508,2.542,168.024,1.05792
584,46720.0,1,0.11889096349477768,0.12880854308605194,0.2873,0.00019211684411857277,-15.584,-5.546,2.628,168.066,1.05783
585,46800.0,1,0.11578455567359924,0.12574130296707153,0.28973,0.00021839779219590127,-15.698,-5.526,2.534,168.187,1.05757
586,46880.0,1,0.10438346117734909,0.12028593569993973,0.29452,0.00019779040303546935,-15.712,-5.497,2.4,168.186,1.05768
587,46960.0,1,0.09897198528051376,0.11527294665575027,0.29706,0.00023963885905686766,-15.942,-5.465,2.398,168.144,1.05764
588,47040.0,1,0.0863954946398735,0.10625194758176804,0.30292,0.0002615162811707705,-16.064,-5.463,2.184,168.099,1.05816
589,47120.0,1,0.08257663995027542,0.10510732978582382,0.30417,0.00023167736071627587,-16.092,-5.447,2.138,168.015,1.0581
590,47200.0,1,0.08377575129270554,0.10637236386537552,0.30373,0.00019382394384592772,-15.979,-5.48,2.092,168.05,1.05821
591,47280.0,1,0.0843539908528328,0.10566803067922592,0.30376,0.00017425416444893926,-16.033,-5.513,2.088,167.973,1.05804
592,47360.0,1,0.08478600531816483,0.10320591181516647,0.30491,0.00018517558055464178,-16.049,-5.523,2.111,167.936,1.05817
593,47440.0,1,0.08116944879293442,0.09567023813724518,0.30679,0.0001634778018342331,-15.955,-5.537,2.159,167.847,1.05819
594,47520.0,1,0.07486047595739365,0.090994693338871,0.30816,0.00016569260333199054,-15.844,-5.483,2.158,167.915,1.05794
595,47600.0,1,0.07292582839727402,0.08870066702365875,0.30857,0.00017058284720405936,-15.865,-5.553,2.119,167.88,1.05794
596,47680.0,1,0.07115361839532852,0.088008351624012,0.30846,0.0001827758678700775,-15.905,-5.583,2.133,167.89,1.05786
597,47760.0,1,0.0689135491847992,0.08420924842357635,0.30941,0.00017929550085682422,-15.865,-5.609,2.13,167.863,1.05767
598,47840.0,1,0.06610392779111862,0.08114407956600189,0.30973,0.00017933054186869413,-15.832,-5.637,2.177,167.89,1.0577
599,47920.0,1,0.06824219226837158,0.08288153260946274,0.30909,0.0001762469910318032,-15.841,-5.641,2.233,167.822,1.05813
600,48000.0,1,0.07105674594640732,0.08502504229545593,0.30924,0.00019260913541074842,-15.866,-5.615,2.233,167.861,1.05801
601,48080.0,1,0.0726231187582016,0.08598222583532333,0.30967,0.00020459039660636336,-15.897,-5.586,2.222,167.861,1.05837
602,48160.0,1,0.0700281411409378,0.08440564572811127,0.30998,0.0002193230320699513,-15.839,-5.577,2.204,168.443,1.0531
603,48240.0,1,0.0660618394613266,0.07559671998023987,0.31228,0.0002404708502581343,-15.83,-5.553,2.265,168.959,1.04667
604,48320.0,1,0.0650143027305603,0.07273724675178528,0.31344,0.00024104173644445837,-15.771,-5.564,2.301,169.07,1.04552
605,48400.0,1,0.0651649609208107,0.07226543873548508,0.31385,0.00026849666028283536,-15.738,-5.474,2.269,169.085,1.04459
606,48480.0,1,0.06073753163218498,0.07548360526561737,0.31566,0.0002652715193107724,-15.744,-5.534,2.195,169.166,1.04401
607,48560.0,1,0.061332449316978455,0.07935844361782074,0.31527,0.00028166623087599874,-15.669,-5.491,2.136,169.16,1.04343
608,48640.0,1,0.061179861426353455,0.08409224450588226,0.31426,0.00029842075309716165,-15.705,-5.414,2.07,169.228,1.04335
609,48720.0,1,0.06284891813993454,0.08586583286523819,0.31368,0.0003167623362969607,-15.797,-5.406,2.067,169.173,1.0436
610,48800.0,1,0.06363552063703537,0.0864318460226059,0.31176,0.0003320245014037937,-15.832,-5.373,2.057,169.255,1.04343
611,48880.0,1,0.06994414329528809,0.08751086890697479,0.31042,0.0002973531954921782,-15.843,-5.432,2.054,169.265,1.04327
612,48960.0,1,0.07843157649040222,0.09835372120141983,0.30528,0.00028155799373053014,-15.833,-5.451,1.982,169.449,1.04254
613,49040.0,1,0.08162926137447357,0.09942460805177689,0.30533,0.0003144026268273592,-16.007,-5.457,1.951,169.387,1.04307
614,49120.0,1,0.08135557919740677,0.10011137276887894,0.30559,0.00030076573602855206,-15.984,-5.5,1.978,169.441,1.04281
615,49200.0,1,0.08144959062337875,0.09858106821775436,0.3053,0.0002555131504777819,-15.995,-5.54,2.016,169.354,1.04437
616,49280.0,1,0.0759345293045044,0.09355391561985016,0.30807,0.00028511235723271966,-15.983,-5.448,1.993,169.368,1.04471
617,49360.0,1,0.07278338074684143,0.09212926775217056,0.30863,0.0002943658037111163,-15.982,-5.415,2.008,169.292,1.04517
618,49440.0,1,0.07205747812986374,0.09254007786512375,0.3092,0.0002722885401453823,-16.002,-5.427,1.977,169.298,1.04544
619,49520.0,1,0.07154177874326706,0.09087468683719635,0.30936,0.00030019882251508534,-16.065,-5.467,1.98,169.261,1.04535
620,49600.0,1,0.07272473722696304,0.08958904445171356,0.30779,0.0002375500916969031,-16.046,-5.505,1.97,169.295,1.04499
621,49680.0,1,0.07213319838047028,0.08611013740301132,0.30817,0.00022913850261829793,-16.061,-5.511,1.998,169.24,1.045
622,49760.0,1,0.07275039702653885,0.08506111055612564,0.30724,0.00019022078777197748,-16.051,-5.492,2.084,169.229,1.04483
623,49840.0,1,0.071430504322052,0.08227944374084473,0.30782,0.00019874396093655378,-16.059,-5.48,2.157,169.162,1.0445
624,49920.0,1,0.0673241838812828,0.07865586131811142,0.31094,0.00016080413479357958,-16.0,-5.481,2.066,169.161,1.04419
625,50000.0,1,0.06481263041496277,0.07518838346004486,0.31221,0.00015736425120849162,-15.967,-5.526,2.07,169.152,1.04434
626,50080.0,1,0.061851631850004196,0.07226238399744034,0.31387,0.00017086169100366533,-16.085,-5.52,2.024,169.168,1.04429
627,50160.0,1,0.06090586632490158,0.0687178522348404,0.31564,0.00016680953558534384,-16.08,-5.5,1.958,169.164,1.04462
628,50240.0,1,0.06012033671140671,0.07049563527107239,0.31619,0.00018184204236604273,-16.328,-5.416,1.881,169.238,1.04449
629,50320.0,1,0.06174059584736824,0.06915659457445145,0.3165,0.00017930028843693435,-16.402,-5.474,1.87,169.059,1.04497
630,50400.0,1,0.05175403505563736,0.06253867596387863,0.32153,0.00013824393681716174,-16.46,-5.428,1.789,169.061,1.04468
631,50480.0,1,0.05835589021444321,0.07754411548376083,0.31788,0.00017372691945638508,-16.383,-5.37,1.796,169.052,1.04484
632,50560.0,1,0.07041618227958679,0.0868029072880745,0.31268,0.00015662233636248857,-16.303,-5.357,1.757,169.094,1.04447
633,50640.0,1,0.07230783998966217,0.09642209112644196,0.31053,0.00015960073505993932,-16.333,-5.354,1.785,169.052,1.04473
634,50720.0,1,0.05870380625128746,0.07679460942745209,0.3195,0.00016245129518210888,-16.287,-5.389,1.886,169.006,1.04462
635,50800.0,1,0.7628563642501831,0.7256789803504944,0.07515,0.000269315525656566,-17.176,-5.098,1.756,169.014,1.04498
636,50880.0,1,0.583650529384613,0.5865103006362915,0.13682,0.00024009693879634142,-16.825,-5.193,1.828,169.002,1.04508
637,50960.0,1,0.47735846042633057,0.4554864764213562,0.18925,0.00021664441737812012,-16.551,-5.288,1.931,168.968,1.04534
638,51040.0,1,0.3212571442127228,0.3613725006580353,0.23236,0.0001829027896746993,-16.517,-5.277,2.07,169.089,1.04476
639,51120.0,1,0.25741538405418396,0.3096422851085663,0.25157,0.00016178382793441415,-16.374,-5.146,2.132,168.976,1.04514
640,51200.0,1,0.21779769659042358,0.2652673125267029,0.26176,0.0001680652203503996,-16.141,-5.132,2.194,168.914,1.04731
641,51280.0,1,0.1905084252357483,0.21430252492427826,0.27012,0.00017098050739150494,-16.08,-5.141,2.18,168.808,1.04852
642,51360.0,1,0.15430834889411926,0.17798936367034912,0.27792,0.00014462872059084475,-15.955,-5.247,2.192,168.821,1.05065
643,51440.0,1,0.1543710082769394,0.17804428935050964,0.27709,0.00014937679225113243,-15.953,-5.328,2.16,168.803,1.05147
644,51520.0,1,0.14673684537410736,0.1705784648656845,0.27892,0.00014607720368076116,-16.063,-5.4,2.098,168.901,1.05189
645,51600.0,1,0.13412491977214813,0.1572398990392685,0.28418,0.00014014937914907932,-16.163,-5.456,2.109,168.874,1.05187
646,51680.0,1,0.1284942775964737,0.15311205387115479,0.28537,0.0001477945043006912,-16.386,-5.432,2.052,169.0,1.052
647,51760.0,1,0.10900445282459259,0.12314225733280182,0.29347,0.00017119683616328984,-16.44,-5.44,2.038,169.003,1.05242
648,51840.0,1,0.1122828871011734,0.12638923525810242,0.29075,0.00018343250849284232,-16.67,-5.402,1.956,169.01,1.05311
649,51920.0,1,0.09950105100870132,0.1136118620634079,0.29769,0.000185529759619385,-16.736,-5.383,1.901,169.02,1.05335
650,52000.0,1,0.10210868716239929,0.11126241832971573,0.2976,0.00018307272694073617,-16.706,-5.366,1.913,169.024,1.05368
651,52080.0,1,0.09705173224210739,0.10891392081975937,0.29921,0.0001824979408411309,-16.548,-5.291,1.883,168.951,1.05347
652,52160.0,1,0.0942893698811531,0.10598789900541306,0.3002,0.000187405152246356,-16.541,-5.31,1.87,168.953,1.05362
653,52240.0,1,0.09120739251375198,0.10502172261476517,0.30078,0.00017367077816743404,-16.542,-5.335,1.871,168.909,1.05347
654,52320.0,1,0.08796949684619904,0.10336896777153015,0.30199,0.00015093253750819713,-16.508,-5.345,1.802,168.879,1.05348
655,52400.0,1,0.08414563536643982,0.10036398470401764,0.30318,0.00015381710545625538,-16.541,-5.321,1.784,168.821,1.05375
656,52480.0,1,0.08358954638242722,0.09479817003011703,0.30489,0.00016665851580910385,-16.561,-5.301,1.813,168.819,1.05345
657,52560.0,1,0.08873488754034042,0.09613999724388123,0.30375,0.00017251184908673167,-16.548,-5.299,1.864,168.759,1.05383
658,52640.0,1,0.08802823722362518,0.0928461030125618,0.30539,0.00016821929602883756,-16.553,-5.292,1.915,168.744,1.05374
659,52720.0,1,0.08982404321432114,0.09325539320707321,0.30509,0.00017918490630108863,-16.54,-5.27,1.956,168.15,1.05947
660,52800.0,1,0.09509894251823425,0.09983330219984055,0.30398,0.00016335751570295542,-16.544,-5.323,2.036,167.875,1.06305
661,52880.0,1,0.09604757279157639,0.10139074921607971,0.30317,0.00014945086149964482,-16.623,-5.421,2.07,167.839,1.06343
662,52960.0,1,0.10016503185033798,0.1031133383512497,0.3013,0.00014039951201993972,-16.677,-5.432,2.095,167.869,1.06394
663,53040.0,1,0.09775607287883759,0.09942247718572617,0.30236,0.00015965734201017767,-16.726,-5.443,2.033,167.776,1.06442
664,53120.0,1,0.09371426701545715,0.0964903011918068,0.30408,0.00019244279246777296,-16.755,-5.386,2.049,167.94,1.0645
665,53200.0,1,0.08768667280673981,0.0947430357336998,0.3058,0.0001871035638032481,-16.72,-5.332,2.047,167.814,1.06499
666,53280.0,1,0.08463268727064133,0.0904773697257042,0.30747,0.00017319549806416035,-16.665,-5.28,2.032,167.799,1.06527
667,53360.0,1,0.08187893778085709,0.09129472076892853,0.30937,0.00018822964921128005,-16.612,-5.26,2.024,167.734,1.06563
668,53440.0,1,0.07049880176782608,0.08832203596830368,0.31258,0.00018044165335595608,-16.575,-5.265,2.096,167.761,1.06575
669,53520.0,1,0.06977029889822006,0.08337187021970749,0.31449,0.0001684367744019255,-16.399,-5.246,2.101,167.684,1.06604
670,53600.0,1,0.0682758167386055,0.07977071404457092,0.3149,0.0001668354670982808,-16.386,-5.244,2.127,167.668,1.06606
671,53680.0,1,0.06281263381242752,0.07542115449905396,0.31687,0.00017884132103063166,-16.323,-5.251,2.169,167.614,1.06672
672,53760.0,1,0.059174638241529465,0.0665712058544159,0.31914,0.00015460247232113034,-16.376,-5.273,2.162,167.687,1.06703
673,53840.0,1,0.054051049053668976,0.05791090056300163,0.32276,0.00017972287605516613,-16.486,-5.193,2.196,167.673,1.06708
674,53920.0,1,0.057281509041786194,0.055824678391218185,0.32218,0.00018575898138806224,-16.7,-5.223,2.255,167.757,1.06715
675,54000.0,1,0.05887207016348839,0.05596420168876648,0.32042,0.0001901421055663377,-16.723,-5.138,2.181,167.751,1.06723
676,54080.0,1,0.06272710114717484,0.05758098140358925,0.31823,0.00018940275185741484,-16.769,-5.178,2.104,167.873,1.06716
677,54160.0,1,0.06931988894939423,0.06798002868890762,0.31364,0.00020491311443038285,-16.773,-5.206,2.069,167.85,1.06723
678,54240.0,1,0.07259450852870941,0.07425116747617722,0.31189,0.00020927721925545484,-16.86,-5.219,2.114,167.873,1.06763
679,54320.0,1,0.1831454634666443,0.2684597074985504,0.26589,0.00022718760010320693,-16.687,-5.264,2.264,167.694,1.06802
680,54400.0,1,0.35908955335617065,0.39142757654190063,0.21332,0.00029745951178483665,-16.807,-5.106,2.097,167.698,1.06799
681,54480.0,1,0.36143985390663147,0.3713136315345764,0.22809,0.0002485955774318427,-17.049,-5.04,1.908,167.715,1.06838
682,54560.0,1,0.2771899104118347,0.2908582091331482,0.253,0.0002405772393103689,-17.01,-5.108,1.95,167.801,1.06773
683,54640.0,1,0.25125741958618164,0.23272229731082916,0.25961,0.00024312738969456404,-16.979,-5.163,1.846,167.751,1.06786
684,54720.0,1,0.1240769550204277,0.11700829863548279,0.292,0.00021207456302363425,-16.286,-5.309,1.816,167.658,1.06854
685,54800.0,1,0.11539670079946518,0.11308586597442627,0.29507,0.00020465636043809354,-16.119,-5.451,1.813,167.647,1.0688
686,54880.0,1,0.10468129813671112,0.10841602832078934,0.29734,0.000200732218218036,-16.096,-5.461,1.861,167.655,1.06839
687,54960.0,1,0.10795655101537704,0.10510703176259995,0.29779,0.00020314652647357434,-15.971,-5.455,1.835,167.602,1.06849
688,55040.0,1,0.09640045464038849,0.09654617309570312,0.30183,0.00020427150593604892,-15.881,-5.436,1.856,167.633,1.06817
689,55120.0,1,0.09712045639753342,0.09516174346208572,0.30333,0.00020126614253968,-15.91,-5.437,1.788,167.771,1.06538
690,55200.0,1,0.10106474161148071,0.0995354950428009,0.30122,0.0002099483390338719,-15.902,-5.373,1.808,167.922,1.06459
691,55280.0,1,0.09452833980321884,0.09885711967945099,0.30344,0.00020828505512326956,-15.925,-5.395,1.815,168.059,1.06287
692,55360.0,1,0.09599267691373825,0.09873299300670624,0.30301,0.0002094325318466872,-15.911,-5.458,1.841,168.053,1.06283
693,55440.0,1,0.09664095938205719,0.09815291315317154,0.30272,0.0002294528967468068,-15.904,-5.404,1.872,168.031,1.06296
694,55520.0,1,0.09444725513458252,0.09279032051563263,0.30528,0.00021439656848087907,-15.914,-5.426,1.882,168.139,1.06229
695,55600.0,1,0.12366136908531189,0.12545035779476166,0.2927,0.00020696522551588714,-16.112,-5.476,1.874,168.07,1.06191
696,55680.0,1,0.8247273564338684,0.7717903852462769,0.03831,0.00023986081941984594,-18.618,-4.911,1.824,168.167,1.06125
697,55760.0,1,0.7668600678443909,0.7216842174530029,0.03741,0.00028488331008702517,-19.079,-4.722,1.986,168.108,1.0611
698,55840.0,1,0.3913571834564209,0.37744927406311035,0.20564,0.00019786776101682335,-19.044,-4.189,2.149,168.206,1.06108
699,55920.0,1,0.14682602882385254,0.10925363749265671,0.28739,0.00013764282630290836,-19.18,-3.933,2.212,168.257,1.06076
700,56000.0,1,0.12159606069326401,0.10365506261587143,0.29514,0.0001746217458276078,-19.071,-4.001,2.142,168.378,1.06023
701,56080.0,1,0.1253720074892044,0.11839225888252258,0.29452,0.00018151897529605776,-18.759,-3.991,2.125,169.226,1.05313
702,56160.0,1,0.13755574822425842,0.12476292997598648,0.29093,0.00019388880173210055,-18.709,-4.029,2.157,169.536,1.04998
703,56240.0,1,0.13448573648929596,0.13036325573921204,0.29088,0.00019327433255966753,-18.279,-4.046,2.095,169.561,1.04827
704,56320.0,1,0.13192400336265564,0.12479463964700699,0.29202,0.0001973311445908621,-18.231,-4.04,2.093,169.649,1.04749
705,56400.0,1,0.1123117133975029,0.09855050593614578,0.30075,0.00021574711718130857,-17.917,-4.032,2.135,169.613,1.04722
706,56480.0,1,0.0888979360461235,0.08531570434570312,0.31071,0.00024748052237555385,-17.875,-4.027,2.158,169.686,1.04736
707,56560.0,1,0.07999743521213531,0.07684904336929321,0.315,0.0002116216637659818,-17.889,-4.033,2.151,169.655,1.04733
708,56640.0,1,0.08068212866783142,0.07278687506914139,0.30975,0.00015573270502500236,-17.935,-4.163,2.273,169.722,1.04698
709,56720.0,1,0.0753643661737442,0.07596759498119354,0.31001,0.00016222562408074737,-17.806,-4.16,2.103,169.707,1.04522
710,56800.0,1,0.06286782026290894,0.06258471310138702,0.31516,0.00016218848759308457,-18.013,-4.227,2.132,169.791,1.0444
711,56880.0,1,0.05830897390842438,0.0609683021903038,0.31767,0.00015682856610510498,-17.79,-4.223,2.096,169.708,1.04425
712,56960.0,1,0.061829593032598495,0.0693134069442749,0.31586,0.00016308065096382052,-17.847,-4.171,2.162,169.794,1.04443
713,57040.0,1,0.0673992931842804,0.07116002589464188,0.31488,0.00015786696167197078,-17.866,-4.198,2.094,169.887,1.04272
714,57120.0,1,0.0648932233452797,0.06838902086019516,0.31648,0.00015610585978720337,-17.824,-4.213,2.108,169.935,1.04221
715,57200.0,1,0.059466537088155746,0.06116912513971329,0.32114,0.00017838776693679392,-17.845,-4.215,2.052,169.934,1.04233
716,57280.0,1,0.06890632212162018,0.06745657324790955,0.31631,0.00019628368318080902,-17.947,-4.244,2.062,170.004,1.0423
717,57360.0,1,0.06493715196847916,0.06262701004743576,0.31797,0.00018474951502867043,-17.974,-4.223,2.054,170.059,1.0416
718,57440.0,1,0.06406529992818832,0.059536270797252655,0.31645,0.00016912395949475467,-17.837,-4.228,2.14,170.062,1.04126
719,57520.0,1,0.06315609812736511,0.058399103581905365,0.31636,0.0001526116975583136,-17.931,-4.305,2.191,169.982,1.04139
720,57600.0,1,0.06358685344457626,0.05592571571469307,0.31783,0.00014849190483801067,-17.929,-4.409,2.222,169.984,1.0401
721,57680.0,1,0.0659421905875206,0.05859128013253212,0.31653,0.00015644487575627863,-17.802,-4.433,2.143,169.935,1.0404
722,57760.0,1,0.06919979304075241,0.06072491779923439,0.31485,0.00016105995746329427,-17.757,-4.398,2.152,169.944,1.04017
723,57840.0,1,0.0740833505988121,0.06392494589090347,0.31228,0.00016783940372988582,-17.771,-4.377,2.169,169.909,1.04012
724,57920.0,1,0.07489749789237976,0.064853735268116,0.31254,0.0001867207611212507,-17.944,-4.338,2.199,169.991,1.03997
725,58000.0,1,0.08072053641080856,0.06636384129524231,0.31114,0.00014835389447398484,-17.816,-4.387,2.308,169.938,1.04015
726,58080.0,1,0.07044325768947601,0.06185091659426689,0.31483,0.00013840565225109458,-17.766,-4.387,2.341,169.936,1.04022
727,58160.0,1,0.0755668580532074,0.06971389055252075,0.31351,0.00016684008005540818,-17.776,-4.403,2.363,169.896,1.04043
728,58240.0,1,0.0753946453332901,0.07428397983312607,0.3133,0.00017184708849526942,-17.852,-4.373,2.31,169.942,1.04033
729,58320.0,1,0.09408538043498993,0.09155023843050003,0.30669,0.00019328834605403244,-17.942,-4.32,2.235,169.885,1.04069
730,58400.0,1,0.10369054973125458,0.10124745965003967,0.30252,0.00019411317771300673,-17.977,-4.327,2.201,169.903,1.04076
731,58480.0,1,0.362598717212677,0.4711427688598633,0.21621,0.00033083773450925946,-18.469,-4.457,1.983,169.769,1.04266
732,58560.0,1,0.37317535281181335,0.4694775938987732,0.20755,0.00025528593687340617,-18.108,-4.45,2.075,169.684,1.04519
733,58640.0,1,0.31370559334754944,0.39770129323005676,0.23327,0.0002469777246005833,-17.908,-4.371,2.058,169.567,1.04549
734,58720.0,1,0.1922001838684082,0.19602537155151367,0.27052,0.0002482147538103163,-17.258,-4.282,1.968,169.61,1.04579
735,58800.0,1,0.13252465426921844,0.12858514487743378,0.28665,0.00022284386795945466,-16.816,-4.361,2.102,169.585,1.04809
736,58880.0,1,0.11766918003559113,0.1125282272696495,0.29236,0.00023269061057362705,-16.818,-4.433,2.125,169.633,1.04894
737,58960.0,1,0.11700159311294556,0.10963333398103714,0.29301,0.00023062145919539034,-16.677,-4.453,2.13,169.572,1.04949
738,59040.0,1,0.11628996580839157,0.11197242140769958,0.29292,0.00022240447287913412,-16.605,-4.554,2.062,169.548,1.05032
739,59120.0,1,0.11629245430231094,0.11240527778863907,0.29056,0.00019694883667398244,-16.564,-4.516,2.066,169.428,1.05072
740,59200.0,1,0.11155985295772552,0.11495936661958694,0.29223,0.00019420613534748554,-16.697,-4.532,2.004,169.399,1.05132
741,59280.0,1,0.1115419790148735,0.11432473361492157,0.29317,0.000176403351360932,-16.703,-4.512,1.951,169.293,1.05212
742,59360.0,1,0.10813573747873306,0.11061100661754608,0.29434,0.00018375617219135165,-16.742,-4.529,1.971,169.323,1.05253
743,59440.0,1,0.10606370121240616,0.10873423516750336,0.29501,0.00019344102474860847,-16.854,-4.506,1.905,169.302,1.05397
744,59520.0,1,0.09865297377109528,0.1033603772521019,0.29746,0.00019801422604359686,-17.022,-4.408,1.745,169.208,1.05473
745,59600.0,1,0.09858273714780807,0.10483454912900925,0.29805,0.000221855312702246,-17.094,-4.354,1.698,169.177,1.05503
746,59680.0,1,0.09728234261274338,0.10237596184015274,0.29853,0.0002350833674427122,-17.126,-4.281,1.705,169.191,1.05548
747,59760.0,1,0.0965568944811821,0.10129482299089432,0.29867,0.0002530680794734508,-17.209,-4.288,1.7,169.15,1.05532
748,59840.0,1,0.09970404952764511,0.10378535836935043,0.29747,0.00025566908880136907,-17.281,-4.333,1.718,169.227,1.05544
749,59920.0,1,0.10041588544845581,0.10622000694274902,0.29827,0.00026668678037822247,-17.351,-4.363,1.739,169.208,1.05509
750,60000.0,1,0.08986177295446396,0.08480307459831238,0.30682,0.00023618960403837264,-17.434,-4.364,1.722,169.284,1.05482
751,60080.0,1,0.09779753535985947,0.08628258854150772,0.30436,0.00022969060228206217,-17.291,-4.418,1.84,169.216,1.05505
752,60160.0,1,0.10087234526872635,0.08910591900348663,0.30425,0.00021149180247448385,-17.298,-4.526,1.784,169.312,1.0552
753,60240.0,1,0.09782560914754868,0.08968012779951096,0.30492,0.00023194368986878544,-17.31,-4.531,1.653,169.296,1.05528
754,60320.0,1,0.10864319652318954,0.09238490462303162,0.30197,0.0002501486160326749,-17.4,-4.481,1.726,169.431,1.05527
755,60400.0,1,0.10917966812849045,0.09435217082500458,0.30133,0.00023925986897666007,-17.473,-4.549,1.903,169.434,1.05545
756,60480.0,1,0.08351541310548782,0.09044137597084045,0.30586,0.00016850599786266685,-17.647,-4.665,2.127,169.472,1.05876
757,60560.0,1,0.08355628699064255,0.08772502839565277,0.30617,0.0001571445754962042,-17.517,-4.71,2.129,169.552,1.0584
758,60640.0,1,0.10270728170871735,0.11231973767280579,0.29586,0.00017201004084199667,-17.708,-4.669,2.126,169.74,1.05795
759,60720.0,1,0.7250645756721497,0.6536240577697754,0.08119,0.00036784703843295574,-18.217,-4.595,1.745,169.717,1.05904
760,60800.0,1,0.6062581539154053,0.6100413799285889,0.11404,0.00044220857671462,-18.147,-4.739,2.065,169.776,1.05902
761,60880.0,1,0.5573070049285889,0.4628959000110626,0.16678,0.000290602445602417,-17.954,-4.787,2.343,169.759,1.0589
762,60960.0,1,0.3776741921901703,0.41612476110458374,0.20935,0.00023292590049095452,-17.631,-4.917,2.515,169.906,1.0586
763,61040.0,1,0.15942098200321198,0.24260221421718597,0.26569,0.00019743898883461952,-17.608,-4.784,2.605,169.873,1.05857
764,61120.0,1,0.11953932791948318,0.1736142337322235,0.28104,0.0001559276570333168,-17.624,-4.761,2.72,170.053,1.05755
765,61200.0,1,0.10145546495914459,0.1262594312429428,0.29018,0.00014469464076682925,-17.748,-4.627,2.698,169.999,1.05768
766,61280.0,1,0.07245074212551117,0.07168249040842056,0.31104,0.00012287254503462464,-17.738,-4.497,2.654,170.067,1.05792
767,61360.0,1,0.06351403892040253,0.06479053944349289,0.31582,0.0001303635654039681,-17.626,-4.507,2.314,170.0,1.05818
768,61440.0,1,0.0624728798866272,0.06381064653396606,0.31669,0.00015359184180852026,-17.703,-4.604,2.346,170.082,1.05788
769,61520.0,1,0.06448994576931,0.06928513944149017,0.31575,0.0001547382998978719,-17.503,-4.861,2.307,170.025,1.05774
770,61600.0,1,0.0917128175497055,0.10963346064090729,0.30114,0.0002672271803021431,-17.38,-5.096,2.075,170.127,1.0578
771,61680.0,1,0.09460210055112839,0.12462582439184189,0.29557,0.00023805345699656755,-17.325,-5.197,2.208,169.799,1.05861
772,61760.0,1,0.0918731838464737,0.1208629459142685,0.29694,0.000242745183641091,-17.257,-5.152,2.2,169.761,1.05833
773,61840.0,1,0.06419332325458527,0.06870924681425095,0.31576,0.00015907837951090187,-16.752,-5.09,1.92,169.564,1.05847
774,61920.0,1,0.06641264259815216,0.08542054146528244,0.31198,0.00018356881628278643,-16.765,-5.008,1.86,169.632,1.05836
775,62000.0,1,0.6113554239273071,0.5998420715332031,0.1348,0.00035474906326271594,-17.258,-4.79,1.929,169.506,1.05922
776,62080.0,1,0.8196372985839844,0.8081459999084473,0.02257,0.00043479647138155997,-18.201,-4.438,1.855,169.461,1.05925
777,62160.0,1,0.48040828108787537,0.5884946584701538,0.15529,0.00034771458012983203,-18.324,-4.67,1.991,169.263,1.05966
778,62240.0,1,0.28151559829711914,0.37454453110694885,0.22371,0.0003692165482789278,-18.121,-4.908,2.072,169.192,1.06034
779,62320.0,1,0.19622713327407837,0.3006649911403656,0.25254,0.00029888798599131405,-18.004,-4.946,2.036,169.018,1.06065
780,62400.0,1,0.1988808810710907,0.2741548418998718,0.25735,0.00027703921659849584,-18.095,-4.98,2.317,168.854,1.06167
781,62480.0,1,0.19791875779628754,0.2569274306297302,0.26038,0.00025354433455504477,-17.88,-5.191,2.445,168.78,1.06196
782,62560.0,1,0.18909236788749695,0.21631722152233124,0.26598,0.00020583640434779227,-17.709,-5.099,2.482,168.766,1.06231
783,62640.0,1,0.18707261979579926,0.19846098124980927,0.26921,0.00017804741219151765,-17.715,-5.165,2.52,168.641,1.06227
784,62720.0,1,0.1747298538684845,0.15968678891658783,0.27895,0.00017686246428638697,-17.623,-5.187,2.464,168.597,1.06202
785,62800.0,1,0.18317067623138428,0.16416744887828827,0.27679,0.00015705902478657663,-17.637,-5.178,2.615,168.546,1.06208
786,62880.0,1,0.1724565327167511,0.18103435635566711,0.27751,0.00016858524759300053,-17.732,-5.1,2.482,168.562,1.06206
787,62960.0,1,0.14318962395191193,0.14967672526836395,0.28879,0.00019131088629364967,-18.002,-5.054,2.508,168.492,1.06224
788,63040.0,1,0.13123269379138947,0.1336439549922943,0.29359,0.00018079816072713584,-18.038,-5.067,2.503,168.558,1.06141
789,63120.0,1,0.11516067385673523,0.13322411477565765,0.29474,0.0002129713975591585,-18.024,-4.98,2.621,168.463,1.06114
790,63200.0,1,0.12429877370595932,0.14316421747207642,0.29101,0.00022254638315644115,-17.911,-5.042,2.657,168.54,1.06111
791,63280.0,1,0.08379863202571869,0.11225936561822891,0.30055,0.0002085425949189812,-18.315,-4.711,2.616,168.459,1.06068
792,63360.0,1,0.10239860415458679,0.11183026432991028,0.29931,0.00019459628674667329,-17.951,-4.866,2.779,168.467,1.06012
793,63440.0,1,0.11352367699146271,0.1232115849852562,0.29722,0.00018821313278749585,-17.944,-4.718,2.823,168.037,1.06106
794,63520.0,1,0.13991649448871613,0.14842838048934937,0.29082,0.00018163654021918774,-18.008,-4.547,2.664,168.055,1.06079
795,63600.0,1,0.8494369983673096,0.7993612289428711,0.04298,0.00025951777934096754,-18.297,-3.754,2.208,168.091,1.06084
796,63680.0,1,0.8226252794265747,0.7869628667831421,0.03569,0.0003919829905498773,-18.412,-3.742,2.049,167.911,1.06013
797,63760.0,1,0.5614354014396667,0.4812507629394531,0.16888,0.0002537566761020571,-17.888,-4.022,1.971,167.198,1.06136
798,63840.0,1,0.22360451519489288,0.23511148989200592,0.2627,0.0001628160389373079,-17.393,-4.031,1.941,167.112,1.06182
799,63920.0,1,0.1294311285018921,0.1259584128856659,0.29248,0.0001989879965549335,-17.262,-3.894,1.94,166.951,1.06204
800,64000.0,1,0.1440729945898056,0.11689085513353348,0.29296,0.00020074831263627857,-17.208,-3.697,1.827,166.996,1.06198
801,64080.0,1,0.12812058627605438,0.09785158932209015,0.29709,0.0002500093833077699,-17.198,-3.386,1.48,166.916,1.06243
802,64160.0,1,0.1062643975019455,0.0986998975276947,0.30112,0.0002312456927029416,-17.239,-3.215,1.252,166.936,1.06259
803,64240.0,1,0.0999792292714119,0.0897517278790474,0.30274,0.00023376020544674248,-17.035,-2.967,1.092,166.868,1.06285
804,64320.0,1,0.08108250051736832,0.0723956972360611,0.30975,0.00021668615227099508,-16.902,-2.762,0.901,166.87,1.06224
805,64400.0,1,0.07168715447187424,0.06826070696115494,0.31251,0.00021432197536341846,-16.8,-2.24,0.594,167.081,1.05936
806,64480.0,1,0.07192648947238922,0.07259063422679901,0.31118,0.00020128591859247535,-16.962,-2.134,0.552,167.239,1.05805
807,64560.0,1,0.07277614623308182,0.06961364299058914,0.31099,0.00019488057296257466,-17.099,-2.009,0.472,167.288,1.05762
808,64640.0,1,0.07322946935892105,0.06959477066993713,0.3096,0.00021036373800598085,-17.068,-1.989,0.481,167.381,1.05758
809,64720.0,1,0.07439670711755753,0.07369349151849747,0.30707,0.0002126761683030054,-16.982,-1.888,0.454,167.411,1.05717
810,64800.0,1,0.07497645169496536,0.079348623752594,0.30437,0.00023985235020518303,-17.003,-1.85,0.407,167.489,1.05705
811,64880.0,1,0.07767021656036377,0.08808078616857529,0.30114,0.00024167017545551062,-17.022,-1.83,0.387,167.515,1.05687
812,64960.0,1,0.08402717858552933,0.09777842462062836,0.29771,0.0002484079450368881,-17.038,-1.818,0.316,167.614,1.05684
813,65040.0,1,0.08819212019443512,0.1032407209277153,0.29539,0.00024410200421698391,-16.999,-1.852,0.329,167.576,1.0568
814,65120.0,1,0.09014569967985153,0.10561150312423706,0.29431,0.00022035618894733489,-16.853,-2.018,0.315,167.557,1.05665
815,65200.0,1,0.09086783230304718,0.10266392678022385,0.29422,0.0002168306236853823,-16.877,-2.063,0.347,167.55,1.05733
816,65280.0,1,0.09777245670557022,0.10601864010095596,0.29266,0.00019507687829900533,-16.945,-1.949,0.41,167.399,1.06034
817,65360.0,1,0.1039108857512474,0.10778799653053284,0.29087,0.00019341814913786948,-16.951,-1.894,0.422,167.366,1.06072
818,65440.0,1,0.1052418127655983,0.10619214177131653,0.29144,0.00019550537399481982,-16.959,-1.874,0.45,167.408,1.0612
819,65520.0,1,0.10653931647539139,0.10569561272859573,0.29121,0.00018747734429780394,-16.84,-1.818,0.468,167.376,1.06115
820,65600.0,1,0.1063040941953659,0.10616358369588852,0.29159,0.0002033843338722363,-16.775,-1.792,0.469,167.432,1.06126
821,65680.0,1,0.10667774826288223,0.10830604285001755,0.29143,0.00020112344645895064,-16.764,-1.785,0.472,167.387,1.06154
822,65760.0,1,0.10475779324769974,0.1101108267903328,0.29169,0.0001978628570213914,-16.794,-1.751,0.474,167.572,1.06148
823,65840.0,1,0.11001373827457428,0.11440951377153397,0.28852,0.00018217544129583985,-16.91,-1.861,0.554,167.454,1.06154
824,65920.0,1,0.10846839845180511,0.11450895667076111,0.28863,0.00016452114505227655,-16.837,-1.903,0.549,167.548,1.06145
825,66000.0,1,0.11045673489570618,0.1134132593870163,0.28843,0.00017340022895950824,-16.865,-1.912,0.633,167.514,1.06171
826,66080.0,1,0.11130845546722412,0.11232863366603851,0.28884,0.0001722774322843179,-16.909,-1.943,0.721,167.596,1.06155
827,66160.0,1,0.16354979574680328,0.14695289731025696,0.27831,0.00017873953038360924,-16.819,-1.959,0.828,167.615,1.06155
828,66240.0,1,0.15675826370716095,0.14712849259376526,0.28104,0.00018220287165604532,-16.79,-1.995,0.942,167.652,1.06174
829,66320.0,1,0.14974172413349152,0.14653684198856354,0.28301,0.0001713219244265929,-16.645,-2.111,0.933,167.652,1.06149
830,66400.0,1,0.14758902788162231,0.14557446539402008,0.28325,0.00017220729205291718,-16.508,-2.435,1.094,167.732,1.06153
831,66480.0,1,0.13435354828834534,0.1293955147266388,0.28789,0.00016752013470977545,-16.303,-2.779,1.263,167.668,1.06162
832,66560.0,1,0.12055633217096329,0.11063434183597565,0.29194,0.00019047125533688813,-16.052,-3.198,1.386,167.725,1.06154
833,66640.0,1,0.10231564939022064,0.09938409179449081,0.2996,0.0002064301515929401,-15.799,-3.604,1.513,167.679,1.06136
834,66720.0,1,0.09366115927696228,0.0891965851187706,0.3053,0.00022924342192709446,-15.782,-4.248,1.939,167.73,1.06158
835,66800.0,1,0.07147858291864395,0.07552770525217056,0.31475,0.00022356701083481312,-15.707,-4.592,2.12,167.69,1.0614
836,66880.0,1,0.06268961727619171,0.07192809134721756,0.31925,0.00020876740745734423,-15.613,-4.766,2.129,167.75,1.06122
837,66960.0,1,0.06113371253013611,0.06751000136137009,0.31916,0.00021227625256869942,-15.481,-4.785,2.26,167.724,1.06154
838,67040.0,1,0.059151601046323776,0.06498509645462036,0.32027,0.00021067123452667147,-15.499,-4.758,2.245,167.706,1.06174
839,67120.0,1,0.05873415991663933,0.06328786164522171,0.32079,0.00021860256674699485,-15.43,-4.635,2.271,165.115,1.0519
840,67200.0,1,0.05955805629491806,0.06094014644622803,0.32118,0.00016230050823651254,-15.426,-4.613,2.34,164.48,1.04916
841,67280.0,1,0.7186850309371948,0.6455532908439636,0.10344,0.0002545558090787381,-16.24,-4.42,1.97,161.023,1.04989
842,67360.0,1,0.7188214063644409,0.5607033967971802,0.13016,0.00024827770539559424,-16.257,-4.404,2.113,161.45,1.04946
843,67440.0,1,0.3950660526752472,0.3836427330970764,0.22084,0.00019507000979501754,-16.125,-4.468,2.216,161.522,1.04949
844,67520.0,1,0.21656136214733124,0.26432380080223083,0.26474,0.00015557240112684667,-16.005,-4.514,2.279,161.557,1.04949
845,67600.0,1,0.15923339128494263,0.20972780883312225,0.27834,0.00016731562209315598,-15.928,-4.504,2.281,161.458,1.0478
846,67680.0,1,0.13822506368160248,0.18053637444972992,0.28506,0.00015459110727533698,-15.728,-4.565,2.337,161.433,1.04715
847,67760.0,1,0.12815485894680023,0.1457073986530304,0.29085,0.00014990272757131606,-15.583,-4.593,2.296,161.391,1.04683
848,67840.0,1,0.12626859545707703,0.13454310595989227,0.28955,0.0001448307593818754,-15.6,-4.593,2.289,161.504,1.0462
849,67920.0,1,0.11764190346002579,0.12062447518110275,0.29238,0.00015118950977921486,-15.629,-4.643,2.247,161.415,1.04639
850,68000.0,1,0.11677344888448715,0.1156134158372879,0.29275,0.00014610521611757576,-15.755,-4.638,2.288,161.444,1.04648
851,68080.0,1,0.11587828397750854,0.11575399339199066,0.29281,0.0001513790339231491,-15.833,-4.647,2.268,161.41,1.04627
852,68160.0,1,0.10939083993434906,0.10506783425807953,0.29677,0.00013845975627191365,-15.846,-4.643,2.321,161.206,1.04881
853,68240.0,1,0.1035328283905983,0.10114599764347076,0.30024,0.00013564749679062515,-15.874,-4.621,2.338,160.994,1.04936
854,68320.0,1,0.10305043309926987,0.10216139256954193,0.30067,0.00013743403542321175,-15.937,-4.607,2.321,160.867,1.05058
855,68400.0,1,0.10312274098396301,0.10221882164478302,0.30081,0.00013727894111070782,-15.927,-4.568,2.293,160.758,1.05089
856,68480.0,1,0.10334774851799011,0.10199284553527832,0.29992,0.00013657794625032693,-15.903,-4.555,2.251,160.783,1.05113
857,68560.0,1,0.10063935071229935,0.10162138938903809,0.29987,0.00014578305126633495,-15.934,-4.539,2.203,160.742,1.05144
858,68640.0,1,0.10214215517044067,0.10032441467046738,0.29963,0.00017650883819442242,-15.969,-4.434,2.212,160.796,1.05119
859,68720.0,1,0.0997820720076561,0.0970720648765564,0.30105,0.00017341147758997977,-15.823,-4.489,2.223,160.777,1.051
860,68800.0,1,0.08316207677125931,0.08228263258934021,0.30855,0.00016026762023102492,-15.928,-4.453,2.264,160.87,1.0508
861,68880.0,1,0.07226262986660004,0.07235908508300781,0.31457,0.0001580306707182899,-15.823,-4.465,2.29,160.779,1.051
862,68960.0,1,0.07683764398097992,0.0739230215549469,0.31425,0.00014702479529660195,-15.892,-4.448,2.212,160.784,1.05086
863,69040.0,1,0.0713818296790123,0.07062076032161713,0.31696,0.00015318977239076048,-15.836,-4.466,2.204,160.735,1.05073
864,69120.0,1,0.06891828775405884,0.06652700155973434,0.31867,0.00013606618449557573,-15.485,-4.488,2.174,160.666,1.05026
865,69200.0,1,0.06786535680294037,0.0663299411535263,0.31732,0.00013658525131177157,-15.333,-4.458,2.1,160.661,1.04984
866,69280.0,1,0.06311630457639694,0.06421904265880585,0.32039,0.00013552853488363326,-15.679,-4.839,2.055,160.789,1.04963
867,69360.0,1,0.048110079020261765,0.05074146389961243,0.32861,0.00016967878036666662,-15.698,-4.943,1.913,160.708,1.04973
868,69440.0,1,0.047941431403160095,0.05128541961312294,0.32638,0.00016099837375804782,-15.773,-4.937,1.836,160.821,1.0494
869,69520.0,1,0.04975775256752968,0.05112958326935768,0.32715,0.00015254999743774533,-15.924,-4.914,1.791,160.779,1.04919
870,69600.0,1,0.05289559066295624,0.05317244306206703,0.32579,0.00018525842460803688,-16.323,-4.831,1.783,160.834,1.04942
871,69680.0,1,0.0525696761906147,0.055310286581516266,0.32461,0.00021751703752670437,-16.406,-4.786,1.802,160.742,1.04963
872,69760.0,1,0.05511586368083954,0.05802527070045471,0.32274,0.00022012583212926984,-16.609,-4.831,1.859,160.817,1.05103
873,69840.0,1,0.06102139130234718,0.06543343514204025,0.31931,0.0002119609562214464,-16.683,-4.807,1.855,160.832,1.05185
874,69920.0,1,0.0648338794708252,0.07164430618286133,0.31692,0.00020273127302061766,-16.728,-4.827,1.846,160.927,1.05181
875,70000.0,1,0.06447815150022507,0.07180749624967575,0.31679,0.0001800669706426561,-16.685,-4.679,1.902,161.034,1.05094
876,70080.0,1,0.10871735215187073,0.10864555090665817,0.29757,0.00015589642862323672,-16.181,-4.683,1.914,160.934,1.05101
877,70160.0,1,0.12559963762760162,0.11867165565490723,0.29506,0.0001595082285348326,-16.031,-4.691,2.195,160.928,1.05106
878,70240.0,1,0.12777018547058105,0.11638055741786957,0.29528,0.00015363094280473888,-16.057,-4.695,2.312,161.01,1.05087
879,70320.0,1,0.12553077936172485,0.11693058162927628,0.29551,0.000152332111611031,-16.102,-4.739,2.389,160.951,1.0509
880,70400.0,1,0.11032133549451828,0.11260382831096649,0.29982,0.00017554826627019793,-16.118,-4.796,2.382,161.0,1.0509
881,70480.0,1,0.11077138036489487,0.11372824013233185,0.29924,0.00016955150931607932,-16.1,-4.754,2.357,160.989,1.05105
882,70560.0,1,0.10621737688779831,0.11146296560764313,0.30078,0.00018102930334862322,-16.118,-4.764,2.358,161.035,1.05062
883,70640.0,1,0.10257288813591003,0.11055571585893631,0.30189,0.00017579516861587763,-16.087,-4.77,2.401,161.032,1.05073
884,70720.0,1,0.10173498094081879,0.11003508418798447,0.30192,0.0001944899995578453,-16.204,-4.807,2.435,161.082,1.05134
885,70800.0,1,0.09713895618915558,0.10644345730543137,0.30345,0.00019332134979777038,-16.235,-4.802,2.428,161.047,1.05146
886,70880.0,1,0.09573701024055481,0.10203883051872253,0.30423,0.00018972664838656783,-16.299,-4.83,2.453,161.101,1.05165
887,70960.0,1,0.08970290422439575,0.09922116994857788,0.30584,0.00019399679149501026,-16.26,-4.805,2.389,161.018,1.05184
888,71040.0,1,0.0940742939710617,0.10084199905395508,0.30314,0.00016619055531919003,-16.086,-4.874,2.298,161.042,1.05219
889,71120.0,1,0.09118632972240448,0.10002003610134125,0.30297,0.0001445941161364317,-16.038,-4.911,2.267,160.979,1.05199
890,71200.0,1,0.08948694914579391,0.10051780194044113,0.30317,0.00014607190678361803,-16.062,-4.88,2.197,161.03,1.05215
891,71280.0,1,0.0754643902182579,0.088302843272686,0.3104,0.00017031484458129853,-16.068,-4.99,2.232,160.8,1.05515
892,71360.0,1,0.06594499200582504,0.07946166396141052,0.31595,0.00015838774561416358,-15.779,-5.053,2.223,160.784,1.05591
893,71440.0,1,0.06294189393520355,0.0785185769200325,0.31595,0.0001555160415591672,-15.784,-5.006,2.284,160.75,1.05597
894,71520.0,1,0.0610792450606823,0.07786906510591507,0.31623,0.00015953619731590152,-15.763,-5.002,2.28,160.795,1.05584
895,71600.0,1,0.06141270697116852,0.0770384818315506,0.31614,0.00016569308354519308,-15.9,-4.966,2.301,160.767,1.05619
896,71680.0,1,0.06069028005003929,0.07719024270772934,0.31641,0.00016462722851429135,-16.059,-4.943,2.301,160.753,1.05645
897,71760.0,1,0.05993865430355072,0.076951764523983,0.31674,0.00015531569079030305,-16.035,-4.944,2.301,160.699,1.05675
898,71840.0,1,0.06071435287594795,0.07737332582473755,0.31666,0.00015641072241123766,-16.014,-4.943,2.315,160.77,1.05632
899,71920.0,1,0.06295636296272278,0.07743673771619797,0.31601,0.0001528649590909481,-16.025,-4.947,2.34,160.718,1.05601
900,72000.0,1,0.06443945318460464,0.0774807333946228,0.31327,0.000147241706144996,-15.99,-4.977,2.424,160.672,1.05714
901,72080.0,1,0.06837398558855057,0.07672010362148285,0.31283,0.0001446598907932639,-15.909,-4.933,2.405,160.855,1.05593
902,72160.0,1,0.07072165608406067,0.07707785069942474,0.3123,0.00013694452354684472,-15.919,-4.888,2.422,160.826,1.05607
903,72240.0,1,0.0743832066655159,0.07693825662136078,0.31219,0.00012775709910783917,-15.821,-4.853,2.474,160.749,1.05596
904,72320.0,1,0.07522028684616089,0.08109689503908157,0.31007,0.00016041194612625986,-15.827,-4.852,2.396,160.869,1.05591
905,72400.0,1,0.0743451938033104,0.08080801367759705,0.30983,0.00015177320165093988,-15.955,-4.813,2.395,160.832,1.05558
906,72480.0,1,0.07410429418087006,0.08344093710184097,0.30791,0.00015957653522491455,-16.062,-4.71,2.348,160.928,1.05533
907,72560.0,1,0.07484829425811768,0.09098769724369049,0.3063,0.00015565133071504533,-16.067,-4.645,2.368,160.874,1.05523
908,72640.0,1,0.07428229600191116,0.09234276413917542,0.30634,0.0001531963498564437,-16.078,-4.638,2.35,160.892,1.05495
909,72720.0,1,0.07304853200912476,0.09303990006446838,0.30658,0.00014018360525369644,-16.067,-4.601,2.324,160.858,1.0549
910,72800.0,1,0.07751859724521637,0.09262312948703766,0.30645,0.00016432578559033573,-16.004,-4.48,2.231,160.985,1.05471
911,72880.0,1,0.07649238407611847,0.09524829685688019,0.30688,0.0001630605838727206,-15.937,-4.55,2.235,161.192,1.05373
912,72960.0,1,0.0747135579586029,0.09077322483062744,0.3088,0.00012443984451238066,-15.98,-4.552,2.228,162.211,1.04408
913,73040.0,1,0.10170894861221313,0.10739894956350327,0.29847,0.00010414965072413906,-16.383,-4.445,2.2,162.194,1.04393
914,73120.0,1,0.5128240585327148,0.5330036878585815,0.17535,0.00016944468370638788,-17.598,-4.251,2.073,162.263,1.0436
915,73200.0,1,0.4194885790348053,0.46009010076522827,0.20337,0.00014895718777552247,-17.511,-4.257,2.06,162.203,1.04404
916,73280.0,1,0.30326732993125916,0.31912532448768616,0.24332,0.00013721652794629335,-17.335,-4.222,2.002,162.227,1.04374
917,73360.0,1,0.20386141538619995,0.20148912072181702,0.26701,0.00012907455675303936,-16.961,-4.297,2.073,162.196,1.04391
918,73440.0,1,0.1532505750656128,0.14726604521274567,0.28026,0.00012294953921809793,-16.787,-4.438,2.083,162.251,1.0436
919,73520.0,1,0.12353496253490448,0.12076423317193985,0.28752,0.00011595825344556943,-16.725,-4.454,2.099,162.182,1.04387
920,73600.0,1,0.10644129663705826,0.10780718177556992,0.2925,0.00011066667502745986,-16.693,-4.482,2.112,162.242,1.04394
921,73680.0,1,0.08595354110002518,0.09668375551700592,0.30015,0.00011854942567879334,-16.843,-4.496,2.085,162.27,1.04586
922,73760.0,1,0.08245128393173218,0.08627381920814514,0.30322,0.00010469413973623887,-17.136,-4.521,2.103,162.341,1.04673
923,73840.0,1,0.07993938028812408,0.08334750682115555,0.30477,0.00010120693332282826,-17.144,-4.466,2.073,162.296,1.04715
924,73920.0,1,0.07751002162694931,0.08072896301746368,0.30758,9.302664693677798e-05,-16.966,-4.491,2.105,162.291,1.04809
925,74000.0,1,0.051144905388355255,0.05874150991439819,0.32253,9.417023829882964e-05,-16.575,-4.495,2.095,162.125,1.04577
926,74080.0,1,0.05087120085954666,0.06383971124887466,0.32079,9.86489249044098e-05,-16.368,-4.473,1.97,162.24,1.0448
927,74160.0,1,0.05815689265727997,0.0683756023645401,0.31746,9.79313554125838e-05,-16.597,-4.433,1.97,162.325,1.04397
928,74240.0,1,0.060054175555706024,0.07174871861934662,0.31595,9.04951011762023e-05,-16.911,-4.429,1.954,162.328,1.04452
929,74320.0,1,0.059579379856586456,0.0733601450920105,0.31681,0.00011023379192920402,-16.89,-4.467,2.076,162.241,1.04504
930,74400.0,1,0.05922484025359154,0.07244188338518143,0.31799,0.00011175448162248358,-16.866,-4.514,2.106,162.261,1.04508
931,74480.0,1,0.05608373135328293,0.0718105137348175,0.31874,0.00011008242290699854,-16.946,-4.624,2.104,162.222,1.04552
932,74560.0,1,0.05400422215461731,0.07409495860338211,0.31935,0.00010506647231522948,-17.198,-4.649,2.108,162.296,1.04557
933,74640.0,1,0.05282238870859146,0.06802020221948624,0.32307,0.00010952999582514167,-17.502,-4.645,1.996,162.357,1.04577
934,74720.0,1,0.058924589306116104,0.07450971007347107,0.31856,9.770516044227406e-05,-17.351,-4.551,1.966,162.463,1.04546
935,74800.0,1,0.06125828996300697,0.07304403930902481,0.3161,9.969789971364662e-05,-17.317,-4.51,2.029,162.466,1.04543
936,74880.0,1,0.060272205621004105,0.07612409442663193,0.31585,0.0001021117641357705,-17.05,-4.505,1.953,162.497,1.04453
937,74960.0,1,0.060449808835983276,0.07902158796787262,0.31584,0.00010709150956245139,-16.955,-4.427,1.902,162.436,1.04478
938,75040.0,1,0.05930384248495102,0.07955735176801682,0.31461,0.00010188125452259555,-16.984,-4.38,1.881,162.408,1.04515
939,75120.0,1,0.05806010216474533,0.0696093812584877,0.31714,9.859016427071765e-05,-17.029,-4.411,1.838,162.236,1.04567
940,75200.0,1,0.049840833991765976,0.058788299560546875,0.32502,9.995882282964885e-05,-17.127,-4.502,1.866,160.744,1.06535
941,75280.0,1,0.05486469343304634,0.06348535418510437,0.32164,0.00010052758443634957,-17.148,-4.542,1.882,160.581,1.06702
942,75360.0,1,0.05892670527100563,0.06740497052669525,0.31928,9.741872054291889e-05,-17.252,-4.572,1.915,160.576,1.06787
943,75440.0,1,0.06053081899881363,0.07073749601840973,0.31755,9.666260302765295e-05,-17.274,-4.596,1.94,160.518,1.06857
944,75520.0,1,0.0608561709523201,0.07140924036502838,0.3173,9.610930283088237e-05,-17.281,-4.623,1.96,160.54,1.06857
945,75600.0,1,0.060518160462379456,0.07294034957885742,0.31676,0.00010028918040916324,-17.371,-4.597,1.938,160.5,1.06845
946,75680.0,1,0.061725057661533356,0.07369574904441833,0.31594,0.00010262561409035698,-17.422,-4.578,1.923,160.561,1.06873
947,75760.0,1,0.061737656593322754,0.07420526444911957,0.31573,0.00010276212560711429,-17.499,-4.538,1.914,160.496,1.06906
948,75840.0,1,0.06351066380739212,0.07354655116796494,0.31421,0.00010739932622527704,-17.443,-4.494,1.965,160.488,1.06911
949,75920.0,1,0.06313126534223557,0.07328105717897415,0.31318,0.00011078112584073097,-17.478,-4.511,1.967,160.517,1.06909
950,76000.0,1,0.05962825566530228,0.07049164175987244,0.31431,0.00010233742068521678,-17.572,-4.515,2.005,160.561,1.06914
951,76080.0,1,0.05845384672284126,0.07120911777019501,0.31504,0.00010203458077739924,-17.688,-4.514,2.021,160.606,1.06896
952,76160.0,1,0.04983575642108917,0.06808194518089294,0.31964,0.00012558265007101,-17.798,-4.6,1.951,160.686,1.06883
953,76240.0,1,0.04932880401611328,0.06547567993402481,0.3201,0.00012043539027217776,-17.825,-4.672,2.002,160.599,1.06923
954,76320.0,1,0.05045640841126442,0.06669163703918457,0.31926,0.00015443582378793508,-17.86,-4.716,2.001,160.694,1.06881
955,76400.0,1,0.04582724720239639,0.06190287321805954,0.32134,0.00017370573186781257,-17.844,-4.807,2.249,160.696,1.06881
956,76480.0,1,0.04310249164700508,0.058014001697301865,0.32646,0.0001590633619343862,-17.779,-4.75,2.283,160.771,1.06824
957,76560.0,1,0.048357412219047546,0.06716536730527878,0.32227,0.00015465612523257732,-17.814,-4.741,2.276,160.707,1.06893
958,76640.0,1,0.057167571038007736,0.06937353312969208,0.3172,0.00016407434304710478,-17.29,-4.72,2.11,160.842,1.06876
959,76720.0,1,0.053207434713840485,0.06893269717693329,0.31993,0.0001713264937279746,-17.314,-4.714,1.975,160.751,1.06873
960,76800.0,1,0.05392787978053093,0.06833124160766602,0.3183,0.00016832952678669244,-17.278,-4.832,2.029,160.682,1.06864
961,76880.0,1,0.05646228417754173,0.06931450963020325,0.31637,0.00016973138554021716,-17.291,-4.858,1.921,160.728,1.06881
962,76960.0,1,0.051838528364896774,0.06017374247312546,0.32181,0.0001617932430235669,-17.458,-4.823,1.859,160.946,1.06816
963,77040.0,1,0.04473986104130745,0.051615770906209946,0.32603,0.00016678919200785458,-17.385,-4.774,1.854,160.977,1.06784
964,77120.0,1,0.05002668499946594,0.06293575465679169,0.32224,0.00015446246834471822,-17.378,-4.662,1.945,161.074,1.06754
965,77200.0,1,0.062103234231472015,0.06808783859014511,0.3152,0.00016964628593996167,-16.924,-4.564,1.934,161.102,1.06764
966,77280.0,1,0.06412424147129059,0.07044878602027893,0.31272,0.0001552940666442737,-16.847,-4.713,1.97,161.202,1.0673
967,77360.0,1,0.06146550178527832,0.07322726398706436,0.31219,0.0001448150142095983,-17.2,-4.651,1.942,161.194,1.06728
968,77440.0,1,0.06298483163118362,0.07578767836093903,0.31121,0.00012558801972772926,-17.207,-4.649,1.938,161.238,1.06731
969,77520.0,1,0.3050333857536316,0.3967560827732086,0.23339,0.0001482006482547149,-17.324,-4.653,1.865,161.138,1.06716
970,77600.0,1,0.27731677889823914,0.3854183852672577,0.23928,0.00011490685574244708,-17.236,-4.532,1.797,161.103,1.06684
971,77680.0,1,0.1767493486404419,0.2666778564453125,0.26684,0.00010353819379815832,-17.196,-4.546,1.844,161.018,1.06652
972,77760.0,1,0.08852578699588776,0.12957924604415894,0.29768,0.0001124079353758134,-17.447,-4.735,1.971,161.0,1.06596
973,77840.0,1,0.044495441019535065,0.07077112793922424,0.32143,0.00010937656770693138,-17.309,-4.753,1.98,160.918,1.06639
974,77920.0,1,0.04328347370028496,0.06502307951450348,0.32413,0.00010872757411561906,-17.291,-4.729,1.941,160.936,1.066
975,78000.0,1,0.044973403215408325,0.06341182440519333,0.32472,0.00011375005851732567,-17.414,-4.742,2.021,160.88,1.06608
976,78080.0,1,0.05465857684612274,0.06795176863670349,0.3197,0.00012866585166193545,-17.323,-4.747,2.165,160.981,1.06589
977,78160.0,1,0.059538792818784714,0.0705215185880661,0.31676,0.00013998671784065664,-17.306,-4.791,2.155,160.935,1.06607
978,78240.0,1,0.06057170405983925,0.07011112570762634,0.31534,0.00014582225412596017,-17.349,-4.872,2.252,160.981,1.06593
979,78320.0,1,0.05871986597776413,0.06952624022960663,0.31567,0.0001457905600545928,-17.374,-4.876,2.297,160.92,1.06596
980,78400.0,1,0.05997045338153839,0.06881976127624512,0.31426,0.00015192564751487225,-17.221,-4.894,2.426,160.899,1.06576
981,78480.0,1,0.05412264168262482,0.06782235205173492,0.31733,0.0001585777208674699,-17.131,-4.946,2.452,160.869,1.06538
982,78560.0,1,0.05110744386911392,0.06887304037809372,0.31902,0.00015294442710001022,-17.062,-4.97,2.453,160.886,1.06546
983,78640.0,1,0.04481677711009979,0.06554729491472244,0.32132,0.00014337124594021589,-16.904,-4.931,2.434,160.808,1.06521
984,78720.0,1,0.05030651390552521,0.07045724987983704,0.31836,0.0001365611533401534,-16.832,-4.925,2.464,160.846,1.06452
985,78800.0,1,0.0544857382774353,0.07644794881343842,0.31561,0.00013274008233565837,-16.931,-4.886,2.342,160.866,1.06453
986,78880.0,1,0.05756824463605881,0.0753997266292572,0.31465,0.00013444422802422196,-16.881,-4.707,2.238,161.023,1.0646
987,78960.0,1,0.05872629955410957,0.07757247984409332,0.31434,0.0001324940094491467,-16.87,-4.568,2.166,161.025,1.06486
988,79040.0,1,0.0523582324385643,0.0657610148191452,0.32001,0.0001425949449185282,-16.898,-4.589,2.18,161.145,1.06428
989,79120.0,1,0.05389884114265442,0.06420203298330307,0.32112,0.00013256946112960577,-16.992,-4.576,2.221,161.262,1.06349
990,79200.0,1,0.06567363440990448,0.08002734184265137,0.31435,0.00013352387759368867,-17.251,-4.747,2.141,161.433,1.06238
991,79280.0,1,0.06823106855154037,0.08107312768697739,0.31397,0.00012765968858730048,-17.242,-4.755,2.09,161.449,1.06205
992,79360.0,1,0.06670302897691727,0.07889631390571594,0.31385,0.00011915883078472689,-17.215,-4.733,2.064,161.59,1.06113
993,79440.0,1,0.06725630909204483,0.07730400562286377,0.31335,0.00012998111196793616,-17.318,-4.674,2.049,161.584,1.06128
994,79520.0,1,0.06964153051376343,0.07909198850393295,0.31293,0.0001267169718630612,-17.387,-4.574,1.985,161.675,1.06137
995,79600.0,1,0.06872010976076126,0.08098722994327545,0.31261,0.00013285785098560154,-17.432,-4.551,1.928,161.64,1.06127
996,79680.0,1,0.06773660331964493,0.07679940015077591,0.31335,0.0001472278090659529,-17.392,-4.634,1.999,161.63,1.06076
997,79760.0,1,0.06657833606004715,0.06997868418693542,0.31623,0.00017194067186210304,-17.127,-4.833,1.982,161.452,1.06151
998,79840.0,1,0.06658142060041428,0.06276510655879974,0.31727,0.00017540370754431933,-17.074,-4.75,2.042,161.422,1.05847
999,79920.0,1,0.06345615535974503,0.059759482741355896,0.31899,0.00018095405539497733,-17.019,-4.71,2.054,161.491,1.05471
1000,80000.0,1,0.061949100345373154,0.059347860515117645,0.31959,0.00018318535876460373,-17.02,-4.721,2.084,161.568,1.05294
1001,80080.0,1,0.061544857919216156,0.06237567588686943,0.31918,0.0001939143257914111,-17.01,-4.716,2.032,161.53,1.052
1002,80160.0,1,0.07308743894100189,0.0835828185081482,0.31218,0.0001880183262983337,-17.071,-4.731,2.133,161.556,1.05229
1003,80240.0,1,0.7441930770874023,0.6790569424629211,0.08577,0.00029368294053710997,-18.507,-4.442,2.037,161.547,1.05216
1004,80320.0,1,0.5913395881652832,0.515223503112793,0.15139,0.0002854604972526431,-18.406,-4.45,2.208,161.614,1.05169
1005,80400.0,1,0.509590744972229,0.49199455976486206,0.1783,0.0002227115328423679,-18.281,-4.611,2.266,161.584,1.05143
1006,80480.0,1,0.355184406042099,0.39940765500068665,0.22129,0.0001899835333460942,-18.338,-4.733,2.314,161.701,1.05079
1007,80560.0,1,0.28379881381988525,0.3742837607860565,0.23809,0.00017704503261484206,-18.271,-4.81,2.369,161.605,1.05128
1008,80640.0,1,0.2305123507976532,0.28807151317596436,0.25463,0.0001647296012379229,-17.861,-4.743,2.392,161.406,1.05279
1009,80720.0,1,0.18443234264850616,0.25670385360717773,0.26169,0.00016829372907523066,-17.906,-4.786,2.477,161.143,1.05547
1010,80800.0,1,0.17594194412231445,0.24073459208011627,0.26557,0.0001541132223792374,-17.68,-4.845,2.453,161.217,1.05589
1011,80880.0,1,0.14092521369457245,0.20111456513404846,0.27397,0.00013803529145661741,-17.587,-4.852,2.525,160.997,1.0586
1012,80960.0,1,0.12923650443553925,0.17378684878349304,0.28005,0.00012708883150480688,-17.558,-4.878,2.569,160.933,1.05956
1013,81040.0,1,0.12210819125175476,0.1617598980665207,0.28269,0.00012474039976950735,-17.574,-4.904,2.672,160.748,1.06078
1014,81120.0,1,0.1243027001619339,0.13397061824798584,0.29066,0.00013541526277549565,-17.225,-5.013,2.51,160.797,1.06087
1015,81200.0,1,0.11634950339794159,0.10766888409852982,0.29625,0.0001328868675045669,-17.039,-4.981,2.483,160.743,1.06109
1016,81280.0,1,0.1169925257563591,0.10650597512722015,0.29592,0.00014107020979281515,-17.031,-4.963,2.417,160.856,1.06102
1017,81360.0,1,0.11197701096534729,0.09907130151987076,0.29775,0.00014621196896769106,-16.939,-4.876,2.366,160.827,1.06135
1018,81440.0,1,0.11003235727548599,0.09934206306934357,0.29853,0.0001517323835287243,-16.937,-4.905,2.367,160.971,1.06152
1019,81520.0,1,0.10845211893320084,0.09906700253486633,0.29899,0.00015331822214648128,-17.001,-4.898,2.353,161.023,1.06135
1020,81600.0,1,0.0845337063074112,0.07962199300527573,0.30814,0.00013092589506413788,-17.063,-4.978,2.39,161.032,1.06137
1021,81680.0,1,0.07653995603322983,0.07523566484451294,0.31002,0.00010885528172366321,-16.876,-4.988,2.431,161.032,1.06139
1022,81760.0,1,0.07061190903186798,0.0789303183555603,0.30974,0.00012281820818316191,-16.996,-4.922,2.247,161.076,1.06146
1023,81840.0,1,0.0710308700799942,0.07867122441530228,0.31009,0.00011943242134293541,-17.028,-4.898,2.205,161.036,1.0615
1024,81920.0,1,0.06846684217453003,0.07412970811128616,0.311,0.00012240407522767782,-17.119,-4.927,2.226,161.122,1.06167
1025,82000.0,1,0.06357232481241226,0.07824777066707611,0.31097,0.00012098189472453669,-17.348,-4.865,2.087,161.071,1.06161
1026,82080.0,1,0.060012202709913254,0.07860517501831055,0.31217,0.00011091302440036088,-17.397,-4.773,2.036,161.109,1.06185
1027,82160.0,1,0.05957838147878647,0.08053354173898697,0.31085,0.00010760793520603329,-17.427,-4.798,1.974,161.011,1.06211
1028,82240.0,1,0.06034686788916588,0.08214900642633438,0.31036,0.00010373683471698314,-17.372,-4.8,1.946,161.017,1.062
1029,82320.0,1,0.06128630042076111,0.08269820362329483,0.31026,0.00010476353781996295,-17.338,-4.803,1.946,160.919,1.06205
1030,82400.0,1,0.06194550171494484,0.08336193114519119,0.31009,0.0001104617040255107,-17.384,-4.8,1.96,160.937,1.06202
1031,82480.0,1,0.06994141638278961,0.09480971843004227,0.30678,0.00010781859600683674,-17.809,-4.694,1.866,160.843,1.06218
1032,82560.0,1,0.7819051146507263,0.7950892448425293,0.044,0.00020995715749450028,-18.726,-4.452,1.374,160.823,1.06218
1033,82640.0,1,0.5906317234039307,0.6390348672866821,0.13343,0.00015222682850435376,-19.294,-4.615,1.7,160.835,1.06266
1034,82720.0,1,0.44930681586265564,0.4868256747722626,0.19544,0.00014699676830787212,-19.446,-4.776,1.945,160.962,1.0627
1035,82800.0,1,0.38724324107170105,0.4275258183479309,0.22187,0.00010690377530409023,-19.343,-4.807,1.989,160.82,1.06308
1036,82880.0,1,0.38025468587875366,0.4197632670402527,0.22491,0.00010658081737346947,-19.305,-4.79,2.004,160.881,1.06246
1037,82960.0,1,0.3729502856731415,0.39849427342414856,0.22934,0.00010765946353785694,-19.191,-4.756,2.089,160.776,1.0622
1038,83040.0,1,0.36646199226379395,0.3729773759841919,0.23582,8.850373706081882e-05,-19.111,-4.554,1.918,160.622,1.06265
1039,83120.0,1,0.3300027847290039,0.3579559624195099,0.24199,9.585312363924459e-05,-18.832,-4.423,2.018,160.521,1.06292
1040,83200.0,1,0.27126258611679077,0.2546556890010834,0.25981,0.00011421056842664257,-18.637,-4.484,2.245,160.506,1.06281
1041,83280.0,1,0.25497281551361084,0.2457495778799057,0.26326,0.0001256191753782332,-18.547,-4.479,2.301,160.433,1.0627
1042,83360.0,1,0.2617763876914978,0.25871679186820984,0.26172,0.0001322082825936377,-18.504,-4.555,2.398,160.451,1.0627
1043,83440.0,1,0.2281438559293747,0.24348346889019012,0.26898,0.00015794901992194355,-18.745,-4.603,2.468,160.36,1.06233
1044,83520.0,1,0.21657077968120575,0.23939725756645203,0.26822,0.00013668413157574832,-18.706,-4.587,2.485,160.352,1.06211
1045,83600.0,1,0.21775653958320618,0.23101139068603516,0.26639,0.0001404308422934264,-18.679,-4.578,2.49,160.309,1.06228
1046,83680.0,1,0.19511531293392181,0.17293523252010345,0.27529,0.0001145363348769024,-18.514,-4.564,2.517,160.353,1.06173
1047,83760.0,1,0.18891263008117676,0.15540537238121033,0.28073,8.54760073707439e-05,-18.721,-4.525,2.421,160.331,1.06072
1048,83840.0,1,0.15909512341022491,0.16805796325206757,0.28381,0.00010847768135135993,-18.666,-4.535,2.56,160.404,1.06
1049,83920.0,1,0.1748942732810974,0.1714984029531479,0.28062,0.00010704423766583204,-18.628,-4.55,2.641,160.388,1.05981
1050,84000.0,1,0.1757487654685974,0.1674206554889679,0.28258,0.00010567395656835288,-18.685,-4.508,2.626,160.44,1.05973
1051,84080.0,1,0.18006516993045807,0.1619819551706314,0.28276,0.00010828804079210386,-18.715,-4.531,2.599,160.382,1.05961
1052,84160.0,1,0.17099402844905853,0.14929427206516266,0.2843,0.00012073618563590571,-18.476,-4.577,2.549,160.421,1.05979
1053,84240.0,1,0.16873067617416382,0.1514570415019989,0.28325,0.00013392424443736672,-18.436,-4.599,2.531,160.417,1.05971
1054,84320.0,1,0.16983342170715332,0.1527179479598999,0.28165,0.00013819319428876042,-18.194,-4.704,2.561,160.468,1.05935
1055,84400.0,1,0.16849027574062347,0.1512339860200882,0.28161,0.0001504947867942974,-18.072,-4.677,2.519,160.421,1.05976
1056,84480.0,1,0.15827947854995728,0.16068103909492493,0.28092,0.00014708662638440728,-17.803,-4.695,2.566,160.342,1.05913
1057,84560.0,1,0.1660400778055191,0.17200089991092682,0.28011,0.00011743892537197098,-17.397,-4.701,2.709,160.214,1.05961
1058,84640.0,1,0.1643248200416565,0.1944514662027359,0.27777,0.00012309302110224962,-17.05,-4.673,2.569,160.115,1.05995
1059,84720.0,1,0.1415305733680725,0.1686433106660843,0.28357,0.00019295579113531858,-17.101,-4.695,2.547,160.125,1.05954
1060,84800.0,1,0.14322923123836517,0.18251022696495056,0.28024,0.00020398771448526531,-17.111,-4.718,2.584,160.13,1.0594
1061,84880.0,1,0.14233946800231934,0.1747320145368576,0.28265,0.0001940417569130659,-17.052,-4.681,2.587,160.109,1.05788
1062,84960.0,1,0.14521995186805725,0.17069169878959656,0.28285,0.000188926569535397,-17.029,-4.645,2.607,160.17,1.05669
1063,85040.0,1,0.16016075015068054,0.17937912046909332,0.27963,0.00017690734239295125,-16.946,-4.643,2.666,160.05,1.05664
1064,85120.0,1,0.15189719200134277,0.1702599972486496,0.28273,0.00017508439486846328,-16.98,-4.677,2.658,160.088,1.05605
1065,85200.0,1,0.14571569859981537,0.1640734225511551,0.28437,0.0001784326886991039,-16.989,-4.765,2.669,160.039,1.0567
1066,85280.0,1,0.14346694946289062,0.16094009578227997,0.28529,0.00017963294521905482,-17.159,-4.882,2.698,160.153,1.05617
1067,85360.0,1,0.12681487202644348,0.1418849676847458,0.29049,0.00023061838874127716,-17.172,-4.865,2.735,160.16,1.05635
1068,85440.0,1,0.8042620420455933,0.7583663463592529,0.05687,0.00031970246345736086,-17.807,-4.606,2.656,160.18,1.05599
1069,85520.0,1,0.7271736860275269,0.6850128173828125,0.06965,0.0003457659331616014,-17.757,-4.497,2.727,160.106,1.05624
1070,85600.0,1,0.3779905438423157,0.412737637758255,0.19693,0.0002470135223120451,-17.173,-4.437,2.846,160.098,1.05622
1071,85680.0,1,0.1480131447315216,0.20023509860038757,0.27432,0.00021661014761775732,-16.657,-4.662,3.006,160.09,1.05661
1072,85760.0,1,0.10741058737039566,0.1396537721157074,0.29424,0.00019540582434274256,-16.524,-4.858,3.025,160.204,1.05557
1073,85840.0,1,0.08398780971765518,0.11572722345590591,0.306,0.00018567807273939252,-16.443,-5.014,3.073,160.17,1.05581
1074,85920.0,1,0.08511792868375778,0.11806806921958923,0.30396,0.00018719474610406905,-16.564,-5.048,3.06,160.215,1.05574
1075,86000.0,1,0.07811831682920456,0.11198636889457703,0.30601,0.00020180342835374177,-16.52,-5.081,3.084,160.165,1.05581
1076,86080.0,1,0.07713987678289413,0.11090631037950516,0.30479,0.00018106831703335047,-16.498,-5.098,3.247,160.178,1.05564
1077,86160.0,1,0.07816340774297714,0.10728662461042404,0.3055,0.0001832049310905859,-16.498,-5.092,3.147,160.109,1.05579
1078,86240.0,1,0.07523128390312195,0.10023679584264755,0.30597,0.00020037578360643238,-16.476,-5.141,3.08,160.16,1.05587
1079,86320.0,1,0.07039623707532883,0.09591921418905258,0.30654,0.00020683286129496992,-16.551,-5.292,3.044,160.111,1.05612
1080,86400.0,1,0.06859899312257767,0.08321663737297058,0.30952,0.00017712438420858234,-16.838,-5.505,3.006,160.077,1.05627
1081,86480.0,1,0.06874595582485199,0.08059868961572647,0.31076,0.00015965978673193604,-17.234,-5.88,3.004,160.066,1.05587
1082,86560.0,1,0.07904872298240662,0.09165479987859726,0.30625,0.00015306462591979653,-17.663,-6.253,3.094,160.167,1.05614
1083,86640.0,1,0.08202717453241348,0.09341704845428467,0.30485,0.00016503507504239678,-17.736,-6.351,3.093,160.173,1.05647
1084,86720.0,1,0.08803962171077728,0.095622718334198,0.30275,0.0001512845337856561,-17.711,-6.391,3.094,160.206,1.05637
1085,86800.0,1,0.09183316677808762,0.09628784656524658,0.30105,0.00015381418052129447,-17.586,-6.5,3.083,160.274,1.0554
1086,86880.0,1,0.0941568985581398,0.09691087901592255,0.3005,0.00013879129255656153,-17.741,-6.53,3.1,160.225,1.05584
1087,86960.0,1,0.09427031129598618,0.0953819677233696,0.3003,0.00013442411727737635,-17.788,-6.581,3.121,160.12,1.05644
1088,87040.0,1,0.09556559473276138,0.0957312360405922,0.29983,0.0001367735821986571,-17.838,-6.576,3.125,160.099,1.05688
1089,87120.0,1,0.0967727079987526,0.09675069153308868,0.29892,0.00014685708447359502,-17.816,-6.532,3.136,160.065,1.057
1090,87200.0,1,0.10641546547412872,0.1161690279841423,0.2951,0.00015918306598905474,-17.649,-6.401,3.14,160.115,1.05734
1091,87280.0,1,0.10645425319671631,0.13162387907505035,0.29454,0.00018347623699810356,-17.401,-6.181,3.276,160.075,1.05763
1092,87360.0,1,0.09368973970413208,0.12465951591730118,0.30045,0.00016763662279117852,-17.198,-5.961,3.338,160.074,1.05747
1093,87440.0,1,0.09626483917236328,0.12414684891700745,0.30009,0.00015903318126220256,-16.965,-5.948,3.374,160.098,1.05708
1094,87520.0,1,0.09648469090461731,0.12369739264249802,0.30011,0.0001756043784553185,-16.922,-5.965,3.407,160.124,1.05735
1095,87600.0,1,0.09917392581701279,0.12262915819883347,0.29946,0.00017612737428862602,-16.91,-5.978,3.45,160.058,1.05797
1096,87680.0,1,0.15327566862106323,0.18532820045948029,0.27903,0.00017989537445828319,-16.972,-5.995,3.364,160.094,1.05792
1097,87760.0,1,0.3057614862918854,0.33242499828338623,0.24752,0.00018115880084224045,-17.231,-5.956,3.256,160.048,1.05808
1098,87840.0,1,0.27678582072257996,0.32455217838287354,0.25011,0.00016851774125825614,-17.268,-5.934,3.205,160.062,1.05832
1099,87920.0,1,0.2516056299209595,0.3071185052394867,0.25331,0.00014527681923937052,-17.376,-5.943,3.188,160.047,1.05818
1100,88000.0,1,0.24240314960479736,0.2916543483734131,0.25481,0.00016018282622098923,-17.4,-5.935,3.137,160.151,1.05812
1101,88080.0,1,0.23801833391189575,0.2757706940174103,0.25629,0.00016022376075852662,-17.281,-5.858,3.095,160.102,1.05808
1102,88160.0,1,0.21680396795272827,0.23220878839492798,0.26327,0.00015491663361899555,-17.262,-5.901,3.126,160.175,1.05761
1103,88240.0,1,0.21295130252838135,0.22309765219688416,0.26474,0.0001529072324046865,-17.256,-5.902,3.127,160.143,1.05766
1104,88320.0,1,0.1901709884405136,0.22156137228012085,0.26923,0.0001730906660668552,-16.954,-5.657,3.056,159.958,1.05837
1105,88400.0,1,0.17903858423233032,0.21523676812648773,0.27133,0.00016283095465041697,-16.959,-5.595,3.067,159.905,1.05891
1106,88480.0,1,0.16699548065662384,0.19975461065769196,0.27438,0.00020327379752416164,-17.369,-5.601,3.044,159.98,1.0592
1107,88560.0,1,0.1601063460111618,0.18871521949768066,0.27708,0.00017235612904187292,-17.359,-5.603,3.011,159.835,1.0602
1108,88640.0,1,0.15870781242847443,0.181135892868042,0.27862,0.00016677154053468257,-17.403,-5.626,3.014,159.835,1.06149
1109,88720.0,1,0.1614505797624588,0.17804205417633057,0.27864,0.00014489595196209848,-17.298,-5.634,3.018,159.718,1.06247
1110,88800.0,1,0.1632809042930603,0.18285606801509857,0.27939,0.00015202246140688658,-17.348,-5.679,2.938,159.752,1.06318
1111,88880.0,1,0.16968365013599396,0.1895054578781128,0.2753,0.00017271164688281715,-17.375,-5.638,2.774,159.828,1.06304
1112,88960.0,1,0.16712436079978943,0.18784014880657196,0.27489,0.0001705888716969639,-17.386,-5.678,2.761,159.8,1.06339
1113,89040.0,1,0.17069567739963531,0.18956513702869415,0.27413,0.0001828620006563142,-17.455,-5.757,2.87,159.724,1.06337
1114,89120.0,1,0.16016864776611328,0.1678076833486557,0.27873,0.00017140034469775856,-17.472,-5.748,2.853,159.776,1.06321
1115,89200.0,1,0.16017155349254608,0.16585735976696014,0.2795,0.00018844890291802585,-17.521,-5.739,2.848,159.76,1.06355
1116,89280.0,1,0.15280795097351074,0.15463903546333313,0.28253,0.000193127547390759,-17.329,-5.722,2.95,159.707,1.06396
1117,89360.0,1,0.15298600494861603,0.15281718969345093,0.28372,0.00016076964675448835,-17.326,-5.686,2.96,159.661,1.06402
1118,89440.0,1,0.15093547105789185,0.1547616869211197,0.28427,0.00014809836284257472,-17.464,-5.65,2.882,159.708,1.06386
1119,89520.0,1,0.1479422152042389,0.15168994665145874,0.28473,0.00013995467452332377,-17.402,-5.631,2.877,159.606,1.06427
1120,89600.0,1,0.14933854341506958,0.15519112348556519,0.285,0.0001355718559352681,-17.343,-5.797,2.932,159.58,1.06468
1121,89680.0,1,0.14956055581569672,0.15887577831745148,0.28406,0.0001284369791392237,-17.246,-5.846,2.902,159.514,1.06545
1122,89760.0,1,0.14719225466251373,0.15865296125411987,0.28413,0.00012554302520584315,-17.312,-5.925,2.894,159.534,1.06527
1123,89840.0,1,0.14571478962898254,0.15824240446090698,0.28429,0.00012547336518764496,-17.348,-5.954,2.899,159.462,1.0655
1124,89920.0,1,0.14515754580497742,0.15641675889492035,0.28491,0.0001191546325571835,-17.498,-5.94,2.924,159.523,1.06544
1125,90000.0,1,0.1341649293899536,0.14424486458301544,0.28942,0.00014466112770605832,-17.508,-5.969,2.962,159.586,1.0643
1126,90080.0,1,0.1280909925699234,0.1300228387117386,0.29359,0.0001431040873285383,-17.77,-5.956,3.051,159.732,1.06326
1127,90160.0,1,0.12545812129974365,0.12769325077533722,0.29432,0.00012797412637155503,-17.799,-5.98,3.061,159.791,1.06192
1128,90240.0,1,0.11523549258708954,0.11258885264396667,0.29673,0.0001190755792777054,-17.787,-5.993,3.076,159.955,1.05978
1129,90320.0,1,0.09641382843255997,0.10268528014421463,0.30154,0.00012141562910983339,-17.747,-5.917,2.972,159.987,1.05941
1130,90400.0,1,0.09017330408096313,0.09501762688159943,0.30406,0.00011148606427013874,-17.726,-5.894,2.975,160.127,1.05816
1131,90480.0,1,0.08762189000844955,0.09425114840269089,0.30522,0.00011206139606656507,-17.799,-5.834,2.947,160.118,1.0579
1132,90560.0,1,0.08822308480739594,0.09511992335319519,0.30485,0.00011134263331769034,-17.776,-5.868,2.957,160.356,1.05639
1133,90640.0,1,0.10212001204490662,0.1058245450258255,0.29954,9.782757115317509e-05,-17.723,-5.876,3.006,160.354,1.05607
1134,90720.0,1,0.09150619804859161,0.116386778652668,0.30307,0.00011217749852221459,-17.691,-5.924,3.15,160.479,1.0556
1135,90800.0,1,0.0890444815158844,0.11848104000091553,0.30275,0.00013422008487395942,-17.549,-5.879,3.204,160.471,1.05563
1136,90880.0,1,0.07694204896688461,0.11201329529285431,0.30718,0.00014359863416757435,-17.399,-5.856,3.211,160.591,1.05489
1137,90960.0,1,0.34844785928726196,0.33298179507255554,0.23501,0.00017004256369546056,-17.35,-5.889,3.005,160.58,1.0548
1138,91040.0,1,0.7888441681861877,0.7728629112243652,0.05576,0.00023554037034045905,-18.32,-5.853,2.961,160.802,1.05347
1139,91120.0,1,0.3569943606853485,0.4049566686153412,0.21973,0.0001372577389702201,-18.04,-5.849,3.091,160.701,1.05353
1140,91200.0,1,0.1320638656616211,0.16375350952148438,0.27845,0.00013026886153966188,-17.515,-5.733,3.117,160.781,1.05259
1141,91280.0,1,0.09179628640413284,0.10763657093048096,0.29655,0.00014297261077445,-17.23,-5.443,3.125,160.825,1.05266
1142,91360.0,1,0.07905333489179611,0.09235339611768723,0.30338,0.00015441725554410368,-17.231,-5.405,3.103,160.881,1.05237
1143,91440.0,1,0.07321782410144806,0.08559735864400864,0.30546,0.00016128108836710453,-17.219,-5.428,3.096,160.888,1.05247
1144,91520.0,1,0.0661361888051033,0.0813613012433052,0.30877,0.00017155926616396755,-17.052,-5.381,2.951,161.019,1.0522
1145,91600.0,1,0.06089648976922035,0.07987628132104874,0.31226,0.0001807560765882954,-17.014,-5.462,2.859,160.989,1.05223
1146,91680.0,1,0.059457894414663315,0.08072294294834137,0.31314,0.0001847336534410715,-16.947,-5.547,2.827,161.008,1.05209
1147,91760.0,1,0.062088627368211746,0.08413447439670563,0.31501,0.00019051413983106613,-16.64,-5.592,2.798,160.744,1.05201
1148,91840.0,1,0.0634818747639656,0.08841322362422943,0.31476,0.00017549205222167075,-16.643,-5.584,2.818,160.729,1.05194
1149,91920.0,1,0.06352908909320831,0.09272395074367523,0.31426,0.00014520662080030888,-16.662,-5.566,2.821,160.617,1.0521
1150,92000.0,1,0.06603709608316422,0.09568389505147934,0.31366,0.0001287592458538711,-16.66,-5.547,2.866,160.624,1.05239
1151,92080.0,1,0.06755128502845764,0.09637033194303513,0.31259,9.67805681284517e-05,-16.489,-5.376,2.875,160.569,1.05259
1152,92160.0,1,0.06170942261815071,0.08628218621015549,0.31382,7.647167512914166e-05,-16.516,-5.378,2.892,160.514,1.0519
1153,92240.0,1,0.05003546178340912,0.07032246887683868,0.32085,7.34666027710773e-05,-17.117,-5.596,2.853,160.554,1.05192
1154,92320.0,1,0.050893329083919525,0.06734049320220947,0.32059,7.057934271870181e-05,-17.231,-5.779,2.903,160.66,1.05183
1155,92400.0,1,0.05396861955523491,0.06777720898389816,0.32015,6.76727358950302e-05,-17.724,-5.739,2.946,160.698,1.05197
1156,92480.0,1,0.05490890145301819,0.05929930880665779,0.32281,8.955364319263026e-05,-17.92,-5.822,3.245,160.858,1.05223
1157,92560.0,1,0.0594450943171978,0.06512346118688583,0.32092,0.00011668021761579439,-17.879,-5.831,3.419,160.798,1.05266
1158,92640.0,1,0.05487649142742157,0.06476318091154099,0.32288,0.0001081499649444595,-17.85,-5.796,3.514,160.781,1.05214
1159,92720.0,1,0.056372322142124176,0.06485452502965927,0.32252,0.00011516814993228763,-17.637,-5.786,3.55,160.715,1.05223
1160,92800.0,1,0.057803038507699966,0.06464959681034088,0.32228,0.00013298384146764874,-17.502,-5.762,3.621,160.766,1.05241
1161,92880.0,1,0.05447913706302643,0.06907425075769424,0.32421,0.00019862648332491517,-17.521,-5.803,3.58,160.677,1.05295
1162,92960.0,1,0.055011626332998276,0.06927228718996048,0.32369,0.00023432073066942394,-17.482,-5.816,3.497,160.75,1.05304
1163,93040.0,1,0.05421508103609085,0.07241949439048767,0.32164,0.0002307063405169174,-17.662,-5.834,3.5,160.71,1.05339
1164,93120.0,1,0.05259094387292862,0.07218464463949203,0.32112,0.0002096422977047041,-17.609,-5.82,3.461,160.894,1.05349
1165,93200.0,1,0.0531151182949543,0.0730285793542862,0.32009,0.00021967338398098946,-17.229,-5.821,3.388,160.715,1.05448
1166,93280.0,1,0.05388002097606659,0.0724669024348259,0.32032,0.0002329103444935754,-17.208,-5.84,3.332,160.43,1.05741
1167,93360.0,1,0.05540543422102928,0.07272244989871979,0.32008,0.00023169392079580575,-17.316,-5.854,3.272,160.355,1.0585
1168,93440.0,1,0.050945933908224106,0.07989737391471863,0.32279,0.0002125413593603298,-17.26,-5.809,3.267,160.512,1.05934
1169,93520.0,1,0.05189318582415581,0.07855281233787537,0.32302,0.0002024783898377791,-17.242,-5.866,3.231,160.487,1.05975
1170,93600.0,1,0.0512189120054245,0.07592595368623734,0.32288,0.0001788421650417149,-17.236,-5.798,3.243,160.613,1.05884
1171,93680.0,1,0.04897654801607132,0.07058408856391907,0.32321,0.00016693890211172402,-17.274,-5.845,3.201,160.618,1.05876
1172,93760.0,1,0.047526467591524124,0.07096311450004578,0.32579,0.00015177651948761195,-17.392,-5.834,3.127,160.775,1.05854
1173,93840.0,1,0.045758623629808426,0.06937763094902039,0.32601,0.00014101373380981386,-17.498,-5.823,3.118,160.734,1.0587
1174,93920.0,1,0.04792927950620651,0.07201582938432693,0.32432,0.00012675118341576308,-17.405,-5.782,3.025,160.844,1.05841
1175,94000.0,1,0.05160185322165489,0.0723215863108635,0.32277,0.00015305048145819455,-17.365,-5.736,2.985,160.826,1.05821
1176,94080.0,1,0.04945036396384239,0.06957593560218811,0.3242,0.00015436751709785312,-17.409,-5.839,3.039,160.848,1.05827
1177,94160.0,1,0.04837188869714737,0.06760112941265106,0.32555,0.00014528485189657658,-17.455,-5.895,3.066,160.791,1.05812
1178,94240.0,1,0.04917610064148903,0.0666266679763794,0.32552,0.00013449194375425577,-17.513,-5.965,3.144,160.894,1.05758
1179,94320.0,1,0.04736930504441261,0.05822492018342018,0.32821,0.00012035961117362604,-17.573,-6.018,3.111,160.783,1.05776
1180,94400.0,1,0.049064669758081436,0.0624212920665741,0.32657,0.00012171249545644969,-17.639,-6.005,3.153,160.909,1.05737
1181,94480.0,1,0.046916596591472626,0.061786577105522156,0.32657,0.00011333181464578956,-17.743,-6.006,3.141,160.82,1.05773
1182,94560.0,1,0.04668951407074928,0.061483778059482574,0.32551,0.00010948268027277663,-17.785,-6.03,3.17,160.844,1.05736
1183,94640.0,1,0.04744831100106239,0.0617339201271534,0.32484,0.00010034493607236072,-17.81,-6.047,3.194,160.826,1.05716
1184,94720.0,1,0.04803343862295151,0.06038419157266617,0.32365,9.261497325496748e-05,-17.856,-6.02,3.258,160.861,1.05736
1185,94800.0,1,0.04701767489314079,0.060988862067461014,0.32357,0.00010054511949419975,-17.806,-5.942,3.153,160.795,1.05724
1186,94880.0,1,0.04703178256750107,0.06311622262001038,0.32331,0.00010111500887433067,-17.814,-5.919,3.133,160.833,1.05752
1187,94960.0,1,0.04526246711611748,0.06252463161945343,0.32393,0.0001054317835951224,-17.803,-5.896,3.127,160.758,1.05748
1188,95040.0,1,0.04462109133601189,0.06056931987404823,0.32437,9.42955884966068e-05,-17.837,-5.904,3.144,160.749,1.05733
1189,95120.0,1,0.04197946563363075,0.05917268618941307,0.32683,9.606467938283458e-05,-17.848,-5.9,3.142,160.662,1.05772
1190,95200.0,1,0.041101764887571335,0.057530343532562256,0.32805,9.544558997731656e-05,-17.821,-5.899,3.186,160.829,1.0572
1191,95280.0,1,0.03885075822472572,0.05673723667860031,0.32999,0.00010138059587916359,-17.745,-5.881,3.225,160.706,1.05808
1192,95360.0,1,0.036349356174468994,0.0544973723590374,0.33191,0.00010950450814561918,-17.614,-5.908,3.262,160.679,1.05799
1193,95440.0,1,0.5391958355903625,0.4572208523750305,0.18005,0.00019370218797121197,-18.069,-5.548,2.991,160.599,1.05834
1194,95520.0,1,0.46770286560058594,0.45744001865386963,0.18933,0.0002079862024402246,-18.245,-5.688,3.058,160.583,1.0582
1195,95600.0,1,0.30614644289016724,0.3777857720851898,0.23467,0.00016135291662067175,-18.341,-5.761,3.152,160.463,1.05823
1196,95680.0,1,0.08811841160058975,0.18905013799667358,0.28952,0.00015276091289706528,-18.109,-5.84,3.276,160.458,1.05814
1197,95760.0,1,0.059748221188783646,0.12114334851503372,0.30604,0.0001190973780467175,-18.02,-5.921,3.381,160.368,1.0583
1198,95840.0,1,0.03597807511687279,0.09158091247081757,0.32114,0.00011657301365630701,-17.631,-5.816,3.426,160.389,1.05816
1199,95920.0,1,0.03667956590652466,0.08052227646112442,0.32407,0.00011321289639454335,-17.411,-5.721,3.448,160.37,1.05824
1200,96000.0,1,0.035601045936346054,0.06486411392688751,0.32949,0.00011353203444741666,-17.623,-5.95,3.543,160.366,1.0586
1201,96080.0,1,0.03644547611474991,0.06257934123277664,0.32983,0.00011500332038849592,-17.682,-5.97,3.615,160.361,1.05889
1202,96160.0,1,0.03710189461708069,0.06196528673171997,0.32927,0.00011427560093579814,-17.663,-5.997,3.662,160.439,1.05883
1203,96240.0,1,0.03810526430606842,0.060612186789512634,0.32972,0.00013347739877644926,-17.692,-5.947,3.627,160.414,1.05873
1204,96320.0,1,0.03845741227269173,0.060460660606622696,0.32934,0.00012662723020184785,-17.71,-5.923,3.615,160.469,1.05843
1205,96400.0,1,0.0386868417263031,0.06045033410191536,0.32946,0.00012905448966193944,-17.75,-5.896,3.628,160.423,1.05824
1206,96480.0,1,0.03936297446489334,0.0642475113272667,0.32782,0.00015525511116720736,-17.752,-5.889,3.459,160.542,1.05807
1207,96560.0,1,0.03987640142440796,0.06482678651809692,0.32747,0.0001636253291508183,-17.739,-5.912,3.459,160.515,1.05787
1208,96640.0,1,0.04387586563825607,0.07279995083808899,0.32318,0.0001499587669968605,-17.568,-5.947,3.436,160.611,1.05764
1209,96720.0,1,0.05194084718823433,0.07801977545022964,0.31539,0.00016033058636821806,-17.56,-5.835,3.234,160.575,1.05813
1210,96800.0,1,0.04611798748373985,0.06785795837640762,0.32062,0.00016393142868764699,-17.346,-5.918,3.224,160.662,1.05813
1211,96880.0,1,0.044927094131708145,0.06540350615978241,0.32132,0.0001559056545374915,-17.199,-5.988,3.198,160.655,1.05805
1212,96960.0,1,0.045629821717739105,0.06770532578229904,0.32298,0.00018930417718365788,-17.339,-5.917,3.13,160.73,1.05771
1213,97040.0,1,0.04389776289463043,0.06748755276203156,0.32416,0.0001976356579689309,-17.383,-5.906,3.106,160.724,1.05819
1214,97120.0,1,0.04247039556503296,0.06700893491506577,0.32539,0.0001607581361895427,-17.596,-5.849,2.998,160.777,1.05764
1215,97200.0,1,0.040961675345897675,0.0663580447435379,0.3258,0.00011362040822859854,-17.851,-5.811,2.943,160.648,1.05816
1216,97280.0,1,0.0378810316324234,0.06334710866212845,0.32705,8.67971102707088e-05,-18.419,-5.99,2.926,160.652,1.05806
1217,97360.0,1,0.03535005822777748,0.06296810507774353,0.32927,8.32166479085572e-05,-18.596,-6.057,2.994,160.565,1.0584
1218,97440.0,1,0.03509632125496864,0.06334608048200607,0.32799,7.989967707544565e-05,-18.58,-6.042,2.992,160.735,1.05881
1219,97520.0,1,0.03485195338726044,0.06170705705881119,0.32863,7.452857971657068e-05,-18.349,-5.985,3.058,161.655,1.06884
1220,97600.0,1,0.035898249596357346,0.061925604939460754,0.32839,7.662679126951844e-05,-18.27,-5.935,3.14,161.812,1.07133
1221,97680.0,1,0.036153681576251984,0.062350284308195114,0.32784,8.152975351549685e-05,-18.147,-5.874,3.182,161.611,1.07254
1222,97760.0,1,0.035643186420202255,0.06329822540283203,0.32805,0.00010306850890628994,-17.952,-5.86,3.13,161.476,1.07306
1223,97840.0,1,0.03456248342990875,0.06502716988325119,0.32708,0.00012033928942400962,-17.882,-5.792,3.139,161.363,1.07379
1224,97920.0,1,0.03991305083036423,0.07116470485925674,0.32335,0.00013344876060727984,-17.843,-5.704,3.264,161.313,1.07315
1225,98000.0,1,0.042216554284095764,0.07171546667814255,0.32248,0.0001567983563290909,-17.838,-5.685,3.322,161.277,1.0733
1226,98080.0,1,0.04360290244221687,0.07044707238674164,0.32264,0.00015710262232460082,-17.986,-5.725,3.425,161.307,1.07281
1227,98160.0,1,0.0472106859087944,0.06786119192838669,0.32624,0.00014880188973620534,-17.904,-5.732,3.555,161.169,1.07259
1228,98240.0,1,0.05021694675087929,0.06854908913373947,0.32442,0.000150240448419936,-17.912,-5.764,3.598,161.208,1.07246
1229,98320.0,1,0.0509861595928669,0.06963236629962921,0.32327,0.00017021824896801263,-17.76,-5.675,3.627,161.227,1.07401
1230,98400.0,1,0.0523318387567997,0.06893054395914078,0.32271,0.00017663376638665795,-17.758,-5.573,3.597,161.206,1.07219
1231,98480.0,1,0.05238671600818634,0.07207756489515305,0.3194,0.00017690025561023504,-17.581,-5.485,3.57,161.178,1.07171
1232,98560.0,1,0.051423609256744385,0.07338565587997437,0.31978,0.00022781967709306628,-17.49,-5.508,3.498,161.206,1.071
1233,98640.0,1,0.051407817751169205,0.07287764549255371,0.31911,0.00020860982476733625,-17.29,-5.634,3.56,161.18,1.07093
1234,98720.0,1,0.051254600286483765,0.0732923299074173,0.31989,0.00022108139819465578,-17.294,-5.669,3.557,161.235,1.07027
1235,98800.0,1,0.0504128597676754,0.07378675788640976,0.32056,0.00020930754544679075,-17.292,-5.678,3.527,161.203,1.07007
1236,98880.0,1,0.05274862423539162,0.07982806861400604,0.31786,0.0001836531882872805,-17.354,-5.659,3.563,161.303,1.06884
1237,98960.0,1,0.050621356815099716,0.07915999740362167,0.31907,0.00017255937564186752,-17.447,-5.611,3.537,161.316,1.06844
1238,99040.0,1,0.051184751093387604,0.08045157045125961,0.31721,0.00017370174464304,-17.396,-5.432,3.509,161.406,1.06785
1239,99120.0,1,0.05253542587161064,0.08136138319969177,0.31338,0.00019872369011864066,-17.25,-5.278,3.436,161.418,1.06738
1240,99200.0,1,0.0559365339577198,0.0816926583647728,0.3127,0.0001783153275027871,-17.309,-5.356,3.367,161.593,1.06667
1241,99280.0,1,0.05513888597488403,0.08080588281154633,0.3144,0.0001728383358567953,-17.443,-5.388,3.343,161.587,1.06651
1242,99360.0,1,0.05508875101804733,0.07807206362485886,0.31424,0.00017413505702279508,-17.481,-5.425,3.295,161.706,1.06595
1243,99440.0,1,0.0524834543466568,0.07301188260316849,0.3165,0.00017779649351723492,-17.659,-5.484,3.316,161.832,1.06423
1244,99520.0,1,0.05425037443637848,0.07238785922527313,0.31674,0.00016215015784837306,-17.608,-5.512,3.299,161.821,1.06407
1245,99600.0,1,0.06615182012319565,0.08237143605947495,0.31112,0.00015971018001437187,-17.658,-5.523,3.256,161.699,1.06451
1246,99680.0,1,0.3437322974205017,0.3676217794418335,0.23421,0.000195564454770647,-18.346,-5.531,2.914,161.742,1.06388
1247,99760.0,1,0.2787673771381378,0.36245185136795044,0.24372,0.00014257020666263998,-18.332,-5.597,2.87,161.603,1.06431
1248,99840.0,1,0.15748798847198486,0.292481929063797,0.27019,0.0001647691969992593,-18.146,-5.547,2.993,161.662,1.06337
1249,99920.0,1,0.11882082372903824,0.2400968074798584,0.2813,0.00015877863916102797,-17.994,-5.505,3.036,161.637,1.06359
1250,100000.0,1,0.08963792026042938,0.19413363933563232,0.29113,0.00016386219067499042,-17.954,-5.479,3.054,161.674,1.06294
1251,100080.0,1,0.0794147476553917,0.17070378363132477,0.29571,0.00017094238137360662,-17.951,-5.468,3.075,161.646,1.06262
1252,100160.0,1,0.06847476214170456,0.1457461416721344,0.30091,0.00017649587243795395,-18.003,-5.489,3.124,161.68,1.06248
1253,100240.0,1,0.06444531679153442,0.1218247041106224,0.30479,0.0001941787195391953,-17.925,-5.589,3.209,161.6,1.06272
1254,100320.0,1,0.0629751905798912,0.10808093845844269,0.30743,0.00018157836166210473,-17.704,-5.595,3.196,161.647,1.06213
1255,100400.0,1,0.06592472642660141,0.108570396900177,0.30575,0.00016205570136662573,-17.676,-5.64,3.193,161.535,1.0624
1256,100480.0,1,0.06507283449172974,0.10227737575769424,0.30741,0.00015215339954011142,-17.847,-5.686,3.23,161.591,1.06236
1257,100560.0,1,0.06258905678987503,0.09951204061508179,0.30829,0.0001710104988887906,-17.829,-5.693,3.24,161.607,1.06173
1258,100640.0,1,0.06082499399781227,0.09266601502895355,0.30938,0.00017838148050941527,-17.752,-5.68,3.293,161.675,1.06183
1259,100720.0,1,0.05821779742836952,0.08917048573493958,0.3104,0.00019324966706335545,-17.746,-5.669,3.248,161.629,1.06166
1260,100800.0,1,0.055431805551052094,0.08241695165634155,0.31324,0.00019638307276181877,-17.57,-5.601,3.256,161.619,1.06053
1261,100880.0,1,0.05273379012942314,0.07843854278326035,0.31552,0.00020622025476768613,-17.472,-5.446,3.221,161.551,1.06097
1262,100960.0,1,0.050178252160549164,0.07691945880651474,0.31682,0.000215481297345832,-17.543,-5.35,3.195,161.64,1.06076
1263,101040.0,1,0.052298594266176224,0.0755884051322937,0.31476,0.000209621517569758,-17.486,-5.361,3.276,161.551,1.06061
1264,101120.0,1,0.040303487330675125,0.04989985004067421,0.33066,0.00015289934526663274,-17.724,-5.32,3.302,161.48,1.06044
1265,101200.0,1,0.04684089124202728,0.06888263672590256,0.32097,0.00021120382007211447,-17.442,-5.009,2.966,161.426,1.06076
1266,101280.0,1,0.0501377135515213,0.07449471205472946,0.31924,0.0002125328464899212,-17.284,-4.862,2.925,161.517,1.0607
1267,101360.0,1,0.06114238128066063,0.08097493648529053,0.31317,0.0002044681168626994,-17.569,-5.078,2.983,161.561,1.06001
1268,101440.0,1,0.05657820776104927,0.08042266219854355,0.31441,0.00022725191956851631,-17.535,-5.119,2.912,161.759,1.05995
1269,101520.0,1,0.05332975834608078,0.07749249786138535,0.31586,0.00020010542357340455,-17.635,-5.125,2.87,161.884,1.0592
1270,101600.0,1,0.05115894973278046,0.07455883920192719,0.31598,0.00017288447997998446,-17.878,-5.101,2.868,161.977,1.05913
1271,101680.0,1,0.05221838131546974,0.07127060741186142,0.31689,0.0001535820192657411,-18.014,-5.139,2.838,161.883,1.05979
1272,101760.0,1,0.05500153452157974,0.06762951612472534,0.31639,0.00014912318147253245,-18.103,-5.279,2.892,161.971,1.05859
1273,101840.0,1,0.05211987346410751,0.06646623462438583,0.31687,0.00014956634549889714,-18.042,-5.267,2.892,161.954,1.05871
1274,101920.0,1,0.05203871801495552,0.06556447595357895,0.31743,0.00013768786448054016,-18.124,-5.338,2.897,162.017,1.05878
1275,102000.0,1,0.05233900994062424,0.06665672361850739,0.31679,0.00013339253200683743,-18.143,-5.264,2.856,161.466,1.0605
1276,102080.0,1,0.05218110233545303,0.06649705022573471,0.31648,0.00012037947453791276,-18.251,-5.245,2.821,161.183,1.06158
1277,102160.0,1,0.05231563746929169,0.06660830229520798,0.31629,0.00012325146235525608,-18.426,-5.307,2.82,161.133,1.06184
1278,102240.0,1,0.050535447895526886,0.06579456478357315,0.31777,0.00011470969911897555,-18.364,-5.318,2.831,161.216,1.06143
1279,102320.0,1,0.04907325655221939,0.06463157385587692,0.31849,0.00011864952830364928,-18.375,-5.268,2.822,161.187,1.06154
1280,102400.0,1,0.0530601367354393,0.06991899013519287,0.31591,0.0001150823081843555,-18.148,-5.346,2.756,161.242,1.06155
1281,102480.0,1,0.05571407079696655,0.0680203065276146,0.31428,0.00011553817603271455,-17.945,-5.35,2.927,161.245,1.06118
1282,102560.0,1,0.05769478902220726,0.0703965499997139,0.31353,0.00011148733756272122,-17.914,-5.319,2.925,161.39,1.0608
1283,102640.0,1,0.05923757702112198,0.07249486446380615,0.31201,0.00010589750309009105,-17.835,-5.291,2.938,161.401,1.06074
1284,102720.0,1,0.06138413026928902,0.07603999972343445,0.31242,0.00010619499516906217,-17.797,-5.29,2.863,161.542,1.05962
1285,102800.0,1,0.062103427946567535,0.07742965966463089,0.31262,0.00012905153562314808,-17.912,-5.284,2.923,161.542,1.05992
1286,102880.0,1,0.062060579657554626,0.07919866591691971,0.31284,0.00013274970115162432,-17.992,-5.204,2.923,161.689,1.05964
1287,102960.0,1,0.06599321961402893,0.08354505896568298,0.31164,0.00013093762390781194,-18.102,-5.184,2.916,161.73,1.05922
1288,103040.0,1,0.06879586726427078,0.08730494230985641,0.3102,0.00014065504365134984,-18.187,-5.221,2.924,161.776,1.05881
1289,103120.0,1,0.07051222026348114,0.09088465571403503,0.30891,0.00013992692402098328,-18.264,-5.271,2.941,161.777,1.05882
1290,103200.0,1,0.07224929332733154,0.09283999353647232,0.3079,0.00014213933900464326,-18.252,-5.297,2.927,161.858,1.05836
1291,103280.0,1,0.07207619398832321,0.09565243124961853,0.30737,0.00014407758135348558,-18.27,-5.302,2.918,161.829,1.0583
1292,103360.0,1,0.07258889079093933,0.09888632595539093,0.30609,0.00012992772099096328,-18.284,-5.361,2.933,161.91,1.05798
1293,103440.0,1,0.07556109130382538,0.10142982751131058,0.30449,0.00013047870015725493,-18.308,-5.407,2.917,161.935,1.05784
1294,103520.0,1,0.07526115328073502,0.10266044735908508,0.3042,0.0001282497396459803,-18.531,-5.479,2.895,161.997,1.05813
1295,103600.0,1,0.07403622567653656,0.10327441245317459,0.30409,0.0001481598155805841,-18.564,-5.49,2.931,162.046,1.05785
1296,103680.0,1,0.07611431926488876,0.10503460466861725,0.30361,0.0001382660848321393,-18.659,-5.465,3.023,162.125,1.05745
1297,103760.0,1,0.08669368177652359,0.1159130111336708,0.29993,0.00014022423420101404,-18.758,-5.45,3.041,162.116,1.05756
1298,103840.0,1,0.08495891094207764,0.1161046177148819,0.30047,0.00013688330363947898,-18.758,-5.489,3.092,162.139,1.05755
1299,103920.0,1,0.08957411348819733,0.11489366739988327,0.30039,0.00013033398136030883,-18.769,-5.464,3.113,162.128,1.05772
1300,104000.0,1,0.09494031965732574,0.12483472377061844,0.29738,0.00013219151878729463,-18.836,-5.477,3.075,162.168,1.0573
1301,104080.0,1,0.08885800093412399,0.1187685951590538,0.29929,0.00011043317499570549,-18.869,-5.514,3.03,162.061,1.05733
1302,104160.0,1,0.09433748573064804,0.12022154033184052,0.29616,0.00010261484567308798,-18.897,-5.544,2.955,162.135,1.05741
1303,104240.0,1,0.09371089190244675,0.1183411031961441,0.29597,9.013262024382129e-05,-18.718,-5.59,2.852,162.104,1.05712
1304,104320.0,1,0.0928056538105011,0.11115636676549911,0.2964,6.804884469602257e-05,-19.077,-5.725,2.888,162.078,1.0572
1305,104400.0,1,0.0923982784152031,0.10864916443824768,0.29622,6.301917892415076e-05,-19.106,-5.752,2.917,162.067,1.05725
1306,104480.0,1,0.09267192333936691,0.10503245145082474,0.29639,5.450719618238509e-05,-19.085,-5.818,2.933,161.972,1.05737
1307,104560.0,1,0.09123358130455017,0.09866340458393097,0.29737,6.277397915255278e-05,-18.877,-5.827,3.037,161.783,1.05782
1308,104640.0,1,0.09191892296075821,0.10357968509197235,0.29772,9.252713061869144e-05,-18.509,-5.775,2.946,161.596,1.05901
1309,104720.0,1,0.08997499197721481,0.10540781915187836,0.29836,0.00011703412019414827,-18.199,-5.69,2.884,161.476,1.05965
1310,104800.0,1,0.08245368301868439,0.10134315490722656,0.301,0.00013203264097683132,-18.183,-5.704,2.808,161.381,1.06022
1311,104880.0,1,0.08119391649961472,0.1016508936882019,0.30109,0.00013114730245433748,-18.091,-5.634,2.773,161.25,1.06079
1312,104960.0,1,0.0767483189702034,0.09594400227069855,0.30668,0.00012026141484966502,-17.981,-5.572,2.951,161.153,1.06202
1313,105040.0,1,0.08170072734355927,0.09360899776220322,0.3063,0.0001021137140924111,-17.898,-5.577,3.033,160.904,1.06303
1314,105120.0,1,0.08321048319339752,0.09096962213516235,0.30654,9.295747440773994e-05,-17.874,-5.553,3.02,160.884,1.06401
1315,105200.0,1,0.08718813210725784,0.09763139486312866,0.30361,9.675058390712366e-05,-17.85,-5.474,2.969,160.809,1.06438
1316,105280.0,1,0.09462495148181915,0.10793939232826233,0.3003,0.00010113033931702375,-17.912,-5.479,2.984,160.833,1.06463
1317,105360.0,1,0.09185442328453064,0.1077428087592125,0.30127,0.00010960971121676266,-17.987,-5.381,2.974,160.83,1.06495
1318,105440.0,1,0.09245404601097107,0.10840024054050446,0.30086,0.00011348267435096204,-17.954,-5.353,2.988,160.904,1.06479
1319,105520.0,1,0.09516973048448563,0.1113666221499443,0.29982,0.00012081127351848409,-17.997,-5.371,2.973,160.902,1.06459
1320,105600.0,1,0.10125560313463211,0.11295732110738754,0.2976,0.00010342293535359204,-18.088,-5.414,3.051,161.023,1.06376
1321,105680.0,1,0.1020001694560051,0.1118680015206337,0.29756,0.00010155292693525553,-18.21,-5.427,3.079,160.982,1.06417
1322,105760.0,1,0.10405388474464417,0.11245378106832504,0.29647,0.00010214098438154906,-18.232,-5.437,3.112,161.183,1.06317
1323,105840.0,1,0.10396404564380646,0.10983909666538239,0.29675,0.00010036810272140428,-18.211,-5.41,3.122,161.103,1.06354
1324,105920.0,1,0.1048625186085701,0.10751333087682724,0.2963,9.634099114919081e-05,-18.166,-5.403,3.136,161.132,1.0638
1325,106000.0,1,0.10590922087430954,0.10797197371721268,0.29548,9.924903133651242e-05,-18.205,-5.423,3.129,161.174,1.06362
1326,106080.0,1,0.10877083986997604,0.11362858861684799,0.29424,0.0001076332846423611,-18.169,-5.3,3.048,162.691,1.05591
1327,106160.0,1,0.10394620895385742,0.10818807780742645,0.29634,8.942845306592062e-05,-18.297,-5.214,3.035,164.38,1.04725
1328,106240.0,1,0.10771535336971283,0.11634021997451782,0.29524,9.470569784753025e-05,-18.341,-5.239,2.98,164.327,1.04625
1329,106320.0,1,0.10745403915643692,0.11873811483383179,0.29505,9.767228038981557e-05,-18.35,-5.24,2.946,164.093,1.04642
1330,106400.0,1,0.1076141893863678,0.12604838609695435,0.29245,9.866699110716581e-05,-18.4,-5.256,2.882,163.966,1.04689
1331,106480.0,1,0.07967051863670349,0.11948610842227936,0.30121,0.00010881292837439105,-18.295,-5.288,2.932,163.696,1.04769
1332,106560.0,1,0.07638568431138992,0.11064743250608444,0.30228,0.00012324453564360738,-18.142,-5.329,2.938,163.406,1.04946
1333,106640.0,1,0.07610666006803513,0.10743290185928345,0.30195,0.00012811736087314785,-18.057,-5.411,2.907,163.337,1.0492
1334,106720.0,1,0.07890085875988007,0.10928218811750412,0.30009,0.00015182123752310872,-17.979,-5.323,2.879,163.292,1.04927
1335,106800.0,1,0.08041656017303467,0.1095009297132492,0.30012,0.00015537996659986675,-17.945,-5.266,2.904,163.126,1.04996
1336,106880.0,1,0.08043915033340454,0.10750468075275421,0.30039,0.00015769409947097301,-17.939,-5.262,2.944,163.032,1.05065
1337,106960.0,1,0.08049145340919495,0.10604654997587204,0.30057,0.00015505436749663204,-17.924,-5.25,2.951,162.862,1.05121
1338,107040.0,1,0.08149637281894684,0.10423669219017029,0.30027,0.0001444951631128788,-17.899,-5.259,3.025,162.703,1.05224
1339,107120.0,1,0.08504942804574966,0.10550353676080704,0.29964,0.00012770388275384903,-18.037,-5.289,3.004,162.547,1.05308
1340,107200.0,1,0.0866672545671463,0.10542984306812286,0.29955,0.00012128787057008594,-18.083,-5.307,3.011,162.554,1.05322
1341,107280.0,1,0.08726407587528229,0.1070651113986969,0.2993,0.0001236085663549602,-18.145,-5.255,3.006,162.439,1.0536
1342,107360.0,1,0.08231239020824432,0.10275009274482727,0.30039,0.00012120266183046624,-18.131,-5.255,3.035,162.449,1.05379
1343,107440.0,1,0.08201418071985245,0.10012642294168472,0.30036,0.00011091577471233904,-18.122,-5.277,3.089,162.257,1.05448
1344,107520.0,1,0.07121695578098297,0.09768740087747574,0.30444,0.00014278759772423655,-18.001,-5.253,3.035,162.199,1.0554
1345,107600.0,1,0.06669224798679352,0.09861509501934052,0.30623,0.000152553926454857,-17.964,-5.26,2.993,162.107,1.05607
1346,107680.0,1,0.06580301374197006,0.09664133936166763,0.30679,0.00016219560347963125,-17.99,-5.29,3.067,162.138,1.05665
1347,107760.0,1,0.06411942094564438,0.09325849264860153,0.30799,0.0001611206098459661,-17.947,-5.325,3.088,162.073,1.05736
1348,107840.0,1,0.06307173520326614,0.09231534600257874,0.30835,0.00015283348329830915,-17.917,-5.299,3.082,162.178,1.05777
1349,107920.0,1,0.059964943677186966,0.08875267207622528,0.31025,0.00015697174239903688,-17.866,-5.251,3.048,162.091,1.05797
1350,108000.0,1,0.058741480112075806,0.08513752371072769,0.31213,0.00014937507512513548,-17.856,-5.2,3.066,162.086,1.05843
1351,108080.0,1,0.05948072671890259,0.08523795008659363,0.31204,0.00015163561329245567,-17.874,-5.182,3.044,162.009,1.05863
1352,108160.0,1,0.05970250070095062,0.08451743423938751,0.31137,0.00015873744268901646,-17.803,-5.165,2.988,162.004,1.05862
1353,108240.0,1,0.05962453782558441,0.08404097706079483,0.31074,0.0001594580535311252,-17.737,-5.169,2.978,161.955,1.05908
1354,108320.0,1,0.05960267409682274,0.08407629281282425,0.31055,0.0001593376655364409,-17.73,-5.173,2.975,161.952,1.05946
1355,108400.0,1,0.06131303310394287,0.08571933209896088,0.30976,0.00015908459317870438,-17.735,-5.176,2.986,161.897,1.0598
1356,108480.0,1,0.057744093239307404,0.08373428881168365,0.31167,0.000156387613969855,-17.848,-5.188,2.993,161.914,1.05989
1357,108560.0,1,0.05453404411673546,0.07777600735425949,0.31451,0.00015545733913313597,-17.774,-5.123,2.981,161.907,1.05968
1358,108640.0,1,0.05506889894604683,0.07570861279964447,0.3146,0.00015000480925664306,-17.771,-5.122,3.006,161.954,1.05972
1359,108720.0,1,0.055301226675510406,0.07358229905366898,0.31482,0.00012916307605337352,-17.799,-5.097,3.017,161.955,1.06001
1360,108800.0,1,0.06023496761918068,0.07495702803134918,0.31345,0.00012949865777045488,-17.84,-5.054,3.041,162.096,1.05973
1361,108880.0,1,0.05968603119254112,0.07545141875743866,0.31371,0.00012421673454809934,-17.839,-5.065,3.052,162.119,1.05939
1362,108960.0,1,0.05911596864461899,0.075627401471138,0.3138,0.00012286106357350945,-17.85,-5.069,3.027,162.171,1.05935
1363,109040.0,1,0.06507345288991928,0.07737919688224792,0.31181,0.00012213311856612563,-17.908,-5.121,2.978,162.154,1.05925
1364,109120.0,1,0.06493997573852539,0.07737722247838974,0.31223,0.0001204467480420135,-17.95,-5.187,3.036,162.258,1.05903
1365,109200.0,1,0.06724400073289871,0.08025435358285904,0.31183,0.0001322535244980827,-17.951,-5.24,3.06,162.262,1.05917
1366,109280.0,1,0.07044234126806259,0.08575379848480225,0.31044,0.00013156137720216066,-18.012,-5.296,3.064,162.36,1.05866
1367,109360.0,1,0.07345600426197052,0.09148186445236206,0.30753,0.00014355211169458926,-18.04,-5.299,3.044,162.304,1.05931
1368,109440.0,1,0.07817438989877701,0.09738919138908386,0.30597,0.00016966408293228596,-18.089,-5.341,3.008,162.319,1.05867
1369,109520.0,1,0.07603269070386887,0.09480277448892593,0.30671,0.00017957402451429516,-18.076,-5.348,3.005,162.198,1.05939
1370,109600.0,1,0.07224234193563461,0.09301251173019409,0.30796,0.000186264660442248,-18.129,-5.314,2.97,162.172,1.05957
1371,109680.0,1,0.0850619301199913,0.1064576581120491,0.30208,0.00018172140698879957,-18.168,-5.375,2.905,162.093,1.05934
1372,109760.0,1,0.6462414264678955,0.5964915752410889,0.13178,0.0002638785808812827,-19.082,-5.319,2.792,162.107,1.05983
1373,109840.0,1,0.5558782815933228,0.4962875545024872,0.16396,0.000232654667343013,-18.905,-5.353,2.802,162.053,1.05958
1374,109920.0,1,0.15362589061260223,0.22371754050254822,0.26858,0.00017432593449484557,-18.625,-5.452,3.044,162.193,1.05947
1375,110000.0,1,0.07785627990961075,0.09953248500823975,0.30103,0.00018152677512262017,-18.39,-5.446,3.048,162.124,1.05966
1376,110080.0,1,0.06690764427185059,0.08515048027038574,0.3071,0.00018688658019527793,-18.362,-5.419,3.041,162.154,1.05977
1377,110160.0,1,0.06048343703150749,0.07670248299837112,0.31068,0.0001804839848773554,-18.254,-5.412,3.013,162.153,1.05938
1378,110240.0,1,0.058336131274700165,0.07251153886318207,0.31213,0.00018359225941821933,-18.29,-5.4,3.014,162.191,1.05921
1379,110320.0,1,0.053408123552799225,0.07104792445898056,0.31318,0.00018275357433594763,-18.323,-5.355,3.045,162.143,1.05935
1380,110400.0,1,0.05384077876806259,0.06913138180971146,0.31433,0.00016740818682592362,-18.385,-5.407,3.076,162.122,1.05939
1381,110480.0,1,0.054187461733818054,0.06962085515260696,0.31435,0.000168347978615202,-18.407,-5.427,3.064,162.164,1.05923
1382,110560.0,1,0.05533256009221077,0.0697203278541565,0.31398,0.00017238293366972357,-18.434,-5.421,3.077,162.271,1.05894
1383,110640.0,1,0.055983200669288635,0.06915385276079178,0.31396,0.000173056498169899,-18.427,-5.426,3.095,162.22,1.05888
1384,110720.0,1,0.056055620312690735,0.07007946819067001,0.31402,0.00017650901281740516,-18.451,-5.402,3.114,162.268,1.05875
1385,110800.0,1,0.0564962774515152,0.07122092694044113,0.31395,0.00017673753609415144,-18.343,-5.32,3.113,162.233,1.05893
1386,110880.0,1,0.05679021775722504,0.07251738756895065,0.31398,0.00018838189134839922,-18.336,-5.318,3.113,162.324,1.05828
1387,110960.0,1,0.057031769305467606,0.07316552847623825,0.31392,0.00018772867042571306,-18.317,-5.328,3.111,162.261,1.05854
1388,111040.0,1,0.05886181816458702,0.07597700506448746,0.313,0.00018293889297638088,-18.374,-5.304,3.136,162.343,1.05797
1389,111120.0,1,0.061356302350759506,0.07870788127183914,0.31138,0.00017440358351450413,-18.365,-5.294,3.132,162.266,1.05832
1390,111200.0,1,0.06275909394025803,0.07948537170886993,0.31024,0.0001705708127701655,-18.175,-5.246,3.1,162.315,1.05809
1391,111280.0,1,0.0628269612789154,0.07956569641828537,0.30991,0.00016922088980209082,-18.184,-5.233,3.088,162.313,1.05784
1392,111360.0,1,0.06263883411884308,0.07616116106510162,0.30985,0.00015360281395260245,-18.013,-5.251,3.106,162.405,1.05717
1393,111440.0,1,0.061106033623218536,0.07498360425233841,0.30983,0.00015031294606160372,-18.004,-5.264,3.082,162.45,1.05697
1394,111520.0,1,0.0615069605410099,0.07384446263313293,0.30897,0.00012657894694712013,-17.996,-5.297,3.124,162.565,1.05666
1395,111600.0,1,0.05822351574897766,0.0722455382347107,0.30943,0.0001264508318854496,-18.101,-5.312,3.136,162.623,1.05663
1396,111680.0,1,0.05382532998919487,0.06738955527544022,0.31073,0.00011170143989147618,-18.399,-5.291,2.973,162.748,1.05685
1397,111760.0,1,0.05430569499731064,0.06733249127864838,0.31187,0.00010659849795047194,-18.539,-5.277,2.897,162.735,1.0567
1398,111840.0,1,0.0536838173866272,0.06593993306159973,0.31353,0.00011126377648906782,-18.592,-5.29,2.891,162.863,1.05647
1399,111920.0,1,0.05445125699043274,0.06751058995723724,0.31362,0.00010684222797863185,-18.656,-5.357,2.903,162.842,1.05636
1400,112000.0,1,0.0546954981982708,0.06878715008497238,0.31341,0.00011019050725735724,-18.681,-5.358,2.893,162.917,1.05643
1401,112080.0,1,0.05641661956906319,0.07100533694028854,0.31165,0.00011462865950306877,-18.67,-5.337,2.833,163.064,1.05603
1402,112160.0,1,0.05599726364016533,0.0696784034371376,0.31234,0.00011640960292425007,-18.692,-5.363,2.851,163.098,1.05605
1403,112240.0,1,0.05749007686972618,0.0694742351770401,0.31098,9.817688987823203e-05,-18.677,-5.43,2.896,163.013,1.0559
1404,112320.0,1,0.056694742292165756,0.07120566815137863,0.31246,0.00010778478463180363,-18.301,-5.356,2.808,162.968,1.05544
1405,112400.0,1,0.056902140378952026,0.07213830947875977,0.31203,0.0001148421288235113,-18.203,-5.268,2.802,162.896,1.05569
1406,112480.0,1,0.05678272247314453,0.07413449883460999,0.31151,0.00011052640911657363,-18.172,-5.239,2.782,162.884,1.05569
1407,112560.0,1,0.06023291125893593,0.07641064375638962,0.31024,0.00011302143684588373,-18.207,-5.252,2.777,162.839,1.05577
1408,112640.0,1,0.06222858652472496,0.07881998270750046,0.30888,0.00012123861961299554,-18.182,-5.256,2.777,162.793,1.05572
1409,112720.0,1,0.059701818972826004,0.08394893258810043,0.31167,0.0001309852086706087,-17.962,-5.315,2.73,162.686,1.0559
1410,112800.0,1,0.05844573676586151,0.08512277156114578,0.31227,0.00014041275426279753,-17.939,-5.483,2.809,162.624,1.05612
1411,112880.0,1,0.05707667022943497,0.0845055803656578,0.31283,0.00015318684745579958,-18.009,-5.527,2.816,162.604,1.05592
1412,112960.0,1,0.05510938540101051,0.08091787993907928,0.31359,0.00014135609671939164,-17.942,-5.563,2.809,162.598,1.05599
1413,113040.0,1,0.05487390607595444,0.07905407249927521,0.31344,0.00012593819701578468,-18.071,-5.565,2.792,162.539,1.05597
1414,113120.0,1,0.05567674711346626,0.08002544939517975,0.31276,0.00012910790974274278,-18.057,-5.549,2.815,162.601,1.05581
1415,113200.0,1,0.05552269145846367,0.07974275201559067,0.31278,0.00013049301924183965,-18.078,-5.561,2.845,162.547,1.056
1416,113280.0,1,0.05808963254094124,0.07861717790365219,0.31238,0.00011896311480086297,-18.246,-5.61,2.986,162.552,1.05584
1417,113360.0,1,0.0649634525179863,0.08464658260345459,0.30973,0.00011503600399009883,-18.512,-5.55,3.007,162.484,1.05584
1418,113440.0,1,0.06734348088502884,0.08838584274053574,0.30849,0.00011502722918521613,-18.601,-5.479,2.977,162.526,1.05567
1419,113520.0,1,0.065959133207798,0.08962185680866241,0.30857,0.0001124702175729908,-18.598,-5.47,2.949,162.485,1.05579
1420,113600.0,1,0.06544496864080429,0.09091822057962418,0.30858,0.00011497118975967169,-18.647,-5.421,2.932,162.499,1.05584
1421,113680.0,1,0.06596904993057251,0.09150318801403046,0.30822,0.00013235333608463407,-18.632,-5.398,2.963,162.447,1.05577
1422,113760.0,1,0.06647644191980362,0.09390131384134293,0.30709,0.00012568413512781262,-18.627,-5.406,2.992,162.513,1.056
1423,113840.0,1,0.06816726922988892,0.09952262043952942,0.30545,0.00012014221283607185,-18.591,-5.388,2.968,162.436,1.05614
1424,113920.0,1,0.06521403789520264,0.09836794435977936,0.30639,0.00012225942919030786,-18.502,-5.388,2.898,162.13,1.05903
1425,114000.0,1,0.06482860445976257,0.09865843504667282,0.30624,0.00012987952504772693,-18.454,-5.349,2.875,162.176,1.05912
1426,114080.0,1,0.06736757606267929,0.10150931775569916,0.30645,0.000135788694024086,-18.455,-5.355,2.812,162.376,1.05867
1427,114160.0,1,0.07043807208538055,0.10098238289356232,0.30587,0.00014102045679464936,-18.458,-5.4,2.866,162.491,1.05834
1428,114240.0,1,0.07520556449890137,0.09515874832868576,0.30345,0.00014151375216897577,-18.421,-5.453,2.994,162.462,1.05841
1429,114320.0,1,0.0784187838435173,0.0942188948392868,0.30272,0.0001884956145659089,-18.53,-5.188,2.964,162.432,1.05854
1430,114400.0,1,0.07712770998477936,0.0926385372877121,0.30299,0.0001800104946596548,-18.405,-5.152,2.94,162.536,1.05828
1431,114480.0,1,0.08247245848178864,0.09261464327573776,0.30165,0.0001726712944218889,-18.351,-5.179,2.948,162.465,1.0586
1432,114560.0,1,0.08120963722467422,0.08992220461368561,0.30276,0.00016643920389469713,-18.342,-5.195,2.943,162.501,1.05872
1433,114640.0,1,0.08191855251789093,0.0901164636015892,0.30233,0.00016727193724364042,-18.272,-5.264,2.89,162.399,1.05935
1434,114720.0,1,0.08108377456665039,0.0891186073422432,0.30183,0.0001612009946256876,-18.326,-5.302,2.918,162.389,1.05937
1435,114800.0,1,0.07866882532835007,0.08909261971712112,0.30236,0.0001653436484048143,-18.352,-5.326,2.889,162.298,1.05909
1436,114880.0,1,0.07681561261415482,0.08899597078561783,0.30296,0.00016541114018764347,-18.387,-5.341,2.843,162.287,1.05942
1437,114960.0,1,0.07411383092403412,0.08785364031791687,0.30259,0.00015796950901858509,-18.514,-5.411,2.804,162.15,1.05955
1438,115040.0,1,0.07082489132881165,0.08814921975135803,0.30349,0.00015076049021445215,-18.488,-5.387,2.78,162.18,1.05922
1439,115120.0,1,0.07263978570699692,0.0870445966720581,0.30382,0.000141456417622976,-18.395,-5.405,2.816,162.13,1.05951
1440,115200.0,1,0.07344838231801987,0.08894754946231842,0.3041,0.0001307211787207052,-18.314,-5.445,2.895,162.053,1.06026
1441,115280.0,1,0.07367187738418579,0.09029516577720642,0.3045,0.00012968808005098253,-18.315,-5.455,2.969,162.003,1.06004
1442,115360.0,1,0.07331901043653488,0.09054073691368103,0.30451,0.00012407371832523495,-18.372,-5.464,2.967,162.107,1.05973
1443,115440.0,1,0.07224146276712418,0.08827280253171921,0.30494,0.00012081219028914347,-18.544,-5.437,2.98,162.461,1.05849
1444,115520.0,1,0.07452472299337387,0.09166896343231201,0.30427,0.00012226840772200376,-18.604,-5.432,3.012,162.645,1.05734
1445,115600.0,1,0.07434637099504471,0.09348896890878677,0.30447,0.0001227883476531133,-18.684,-5.369,3.039,162.541,1.05715
1446,115680.0,1,0.07417873293161392,0.09429444372653961,0.30465,0.00012789703032467514,-18.718,-5.328,3.019,162.518,1.05725
1447,115760.0,1,0.07433512806892395,0.09553657472133636,0.30472,0.00012695656914729625,-18.755,-5.315,3.045,162.444,1.05729
1448,115840.0,1,0.07760319113731384,0.10115832090377808,0.30265,0.00012526965292636305,-18.738,-5.292,3.035,162.521,1.05705
1449,115920.0,1,0.40793073177337646,0.4014225900173187,0.22066,0.0001905731623992324,-18.931,-5.376,2.763,162.546,1.05723
1450,116000.0,1,0.3488892912864685,0.3726644217967987,0.23189,0.00016129016876220703,-19.29,-5.547,2.847,162.634,1.0569
1451,116080.0,1,0.2673596441745758,0.32993653416633606,0.24964,0.00014431435556616634,-19.327,-5.614,2.925,162.59,1.0571
1452,116160.0,1,0.1506299525499344,0.17730869352817535,0.27879,0.00013472247519530356,-18.467,-5.489,2.929,162.704,1.05723
1453,116240.0,1,0.10579603165388107,0.13404755294322968,0.29212,0.00014166913751978427,-18.39,-5.518,2.954,162.879,1.05613
1454,116320.0,1,0.08690032362937927,0.11630240082740784,0.29842,0.0001352412800770253,-18.382,-5.548,3.017,162.889,1.0561
1455,116400.0,1,0.08083511888980865,0.10494065284729004,0.3007,0.00013407961523626,-18.37,-5.556,3.022,162.818,1.05613
1456,116480.0,1,0.07688761502504349,0.10039688646793365,0.30186,0.00012559856986626983,-18.358,-5.536,3.039,162.926,1.05572
1457,116560.0,1,0.07693735510110855,0.10030528157949448,0.30199,0.00012796107330359519,-18.36,-5.519,3.071,162.925,1.05556
1458,116640.0,1,0.0764661580324173,0.09825257211923599,0.3018,0.00011928059393540025,-18.358,-5.501,3.075,162.961,1.0557
1459,116720.0,1,0.07448185980319977,0.09805377572774887,0.30295,0.0001183566200779751,-18.413,-5.442,3.112,163.004,1.05519
1460,116800.0,1,0.07690268754959106,0.10512397438287735,0.30148,0.0001304284669458866,-18.418,-5.348,2.978,163.138,1.05521
1461,116880.0,1,0.08277374505996704,0.11496683955192566,0.2983,0.00013768300414085388,-18.432,-5.324,2.889,163.086,1.05534
1462,116960.0,1,0.08242527395486832,0.1183866485953331,0.29819,0.00013856224541086704,-18.411,-5.353,2.864,163.189,1.05547
1463,117040.0,1,0.08185181021690369,0.11913435906171799,0.29916,0.00014960599946789443,-18.427,-5.389,2.829,163.202,1.05518
1464,117120.0,1,0.08311145752668381,0.11359803378582001,0.29829,0.00015149802493397146,-18.313,-5.486,2.852,163.239,1.05483
1465,117200.0,1,0.08294457942247391,0.1089484766125679,0.29849,0.0001440446067135781,-18.419,-5.542,2.892,163.251,1.05476
1466,117280.0,1,0.08125922083854675,0.10652241855859756,0.29971,0.0001466490066377446,-18.386,-5.53,2.874,163.378,1.05402
1467,117360.0,1,0.08164436370134354,0.10773405432701111,0.30044,0.00014855520566925406,-18.387,-5.533,2.882,163.349,1.0542
1468,117440.0,1,0.07974491268396378,0.1052422821521759,0.30115,0.00012959266314283013,-18.563,-5.584,2.916,163.383,1.05406
1469,117520.0,1,0.07555490732192993,0.09503646194934845,0.30306,0.00012167222303105518,-18.734,-5.576,2.898,163.306,1.05443
1470,117600.0,1,0.07139352709054947,0.09050776809453964,0.30441,0.00011869579611811787,-18.756,-5.546,2.884,163.309,1.05448
1471,117680.0,1,0.06786400824785233,0.08353348821401596,0.30609,0.00012049879296682775,-18.803,-5.512,2.937,163.214,1.0546
1472,117760.0,1,0.06726537644863129,0.0821395143866539,0.30632,0.00012615311425179243,-18.904,-5.485,2.929,163.202,1.05458
1473,117840.0,1,0.06697078049182892,0.08276868611574173,0.30638,0.00013173323532100767,-18.869,-5.456,2.914,163.097,1.05482
1474,117920.0,1,0.0674704760313034,0.08682248741388321,0.30734,0.00012939113366883248,-18.65,-5.454,2.868,163.096,1.05522
1475,118000.0,1,0.066491037607193,0.08894538134336472,0.30754,0.0001399904431309551,-18.517,-5.393,2.838,163.029,1.05556
1476,118080.0,1,0.07579406350851059,0.0892825797200203,0.30702,0.00012098870502086356,-18.311,-5.52,2.982,163.035,1.0557
1477,118160.0,1,0.0789959505200386,0.0909791886806488,0.3051,0.00012701564992312342,-18.316,-5.626,3.04,162.97,1.05572
1478,118240.0,1,0.0804670974612236,0.0926358699798584,0.30391,0.00012909511860925704,-18.351,-5.643,3.089,162.999,1.05565
1479,118320.0,1,0.08147121220827103,0.09310159832239151,0.3031,0.0001314675755565986,-18.543,-5.691,3.144,162.928,1.05583
1480,118400.0,1,0.0811479464173317,0.09408853948116302,0.30279,0.00012747854634653777,-18.652,-5.693,3.172,162.977,1.05587
1481,118480.0,1,0.08068346232175827,0.09194117784500122,0.30307,0.00012973608681932092,-18.66,-5.742,3.172,162.881,1.05585
1482,118560.0,1,0.08242474496364594,0.09354259073734283,0.30196,0.00013434300490189344,-18.674,-5.739,3.171,162.901,1.05624
1483,118640.0,1,0.08184896409511566,0.09551022201776505,0.30147,0.00013309242785908282,-18.792,-5.708,3.161,162.811,1.05621
1484,118720.0,1,0.0814039409160614,0.0972643792629242,0.30051,0.00013537716586142778,-18.795,-5.714,3.171,162.858,1.05631
1485,118800.0,1,0.0807509496808052,0.09671103954315186,0.30005,0.00013363761536311358,-18.825,-5.73,3.173,162.799,1.05631
1486,118880.0,1,0.08074380457401276,0.0971125140786171,0.30013,0.0001318333816016093,-18.767,-5.777,3.172,162.809,1.056
1487,118960.0,1,0.08037874102592468,0.0961856096982956,0.30089,0.00013649137690663338,-18.698,-5.751,3.141,162.716,1.05655
1488,119040.0,1,0.08651287853717804,0.10493690520524979,0.29948,0.00014292981359176338,-18.543,-5.749,3.093,162.758,1.0563
1489,119120.0,1,0.08371631056070328,0.10567783564329147,0.29976,0.0001541571837151423,-18.552,-5.753,3.076,162.765,1.056
1490,119200.0,1,0.08265469968318939,0.10400894284248352,0.30025,0.00017404527170583606,-18.537,-5.741,3.071,162.888,1.05574
1491,119280.0,1,0.08108964562416077,0.10235278308391571,0.3007,0.0001720093860058114,-18.515,-5.73,3.052,162.844,1.05579
1492,119360.0,1,0.08026368170976639,0.1040506437420845,0.30236,0.0001613177009858191,-18.601,-5.759,3.091,162.92,1.05598
1493,119440.0,1,0.08674503117799759,0.10636422038078308,0.30108,0.00015938631258904934,-18.689,-5.777,3.105,162.893,1.056
1494,119520.0,1,0.08599492907524109,0.10199564695358276,0.30168,0.00015539077867288142,-18.682,-5.799,2.88,163.114,1.0557
1495,119600.0,1,0.08141056448221207,0.09898489713668823,0.30446,0.00014896214997861534,-18.525,-5.766,2.854,163.101,1.05576
1496,119680.0,1,0.07981370389461517,0.0996631383895874,0.30425,0.00014843852841295302,-18.482,-5.766,2.908,163.11,1.05588
1497,119760.0,1,0.08232780545949936,0.10341661423444748,0.30296,0.0001472255535190925,-18.333,-5.807,2.914,163.115,1.05601
1498,119840.0,1,0.08250084519386292,0.10761360079050064,0.30212,0.0001457530161133036,-18.351,-5.783,2.896,163.138,1.05571
1499,119920.0,1,0.0814530998468399,0.11009996384382248,0.30123,0.00015323767729569227,-18.394,-5.694,2.882,163.01,1.05626
1500,120000.0,1,0.08379219472408295,0.1148717924952507,0.30008,0.0001299024443142116,-18.4,-5.715,2.914,162.155,1.05996
1501,120080.0,1,0.08588380366563797,0.11392439901828766,0.30033,0.00013071556168142706,-18.402,-5.725,2.893,162.064,1.06047
1502,120160.0,1,0.08552129566669464,0.09842407703399658,0.30178,0.00011262573389103636,-18.453,-5.73,2.961,162.081,1.06064
1503,120240.0,1,0.08199453353881836,0.08842206746339798,0.30281,0.00011761352652683854,-18.438,-5.687,2.976,162.033,1.06102
1504,120320.0,1,0.1882394552230835,0.17239028215408325,0.26562,0.00015868994523771107,-18.735,-5.645,2.833,162.059,1.06138
1505,120400.0,1,0.47383782267570496,0.4793701171875,0.1872,0.00023233168758451939,-19.27,-5.696,2.863,162.008,1.06136
1506,120480.0,1,0.47558653354644775,0.458808034658432,0.19249,0.0002135236281901598,-19.418,-5.633,2.892,162.114,1.06097
1507,120560.0,1,0.264962375164032,0.31137290596961975,0.24806,0.00016756037075538188,-19.443,-5.642,2.944,162.014,1.0611
1508,120640.0,1,0.13889874517917633,0.19661881029605865,0.2767,0.00015169837570283562,-19.19,-5.663,3.065,162.024,1.06123
1509,120720.0,1,0.099359892308712,0.1463739275932312,0.28987,0.00014694126730319113,-19.162,-5.675,3.07,161.994,1.06132
1510,120800.0,1,0.08947841823101044,0.1287635713815689,0.2938,0.0001480977953178808,-19.088,-5.67,3.082,162.021,1.06091
1511,120880.0,1,0.08198437839746475,0.11213672161102295,0.29726,0.00014130743511486799,-18.943,-5.64,3.13,161.979,1.0613
1512,120960.0,1,0.08047893643379211,0.10550888627767563,0.29835,0.00012819569383282214,-18.43,-5.583,3.111,162.244,1.05999
1513,121040.0,1,0.07825179398059845,0.10126285254955292,0.29923,0.00012699289072770625,-18.361,-5.64,3.112,162.646,1.05792
1514,121120.0,1,0.074514240026474,0.09392846375703812,0.30191,0.00011497908417368308,-18.389,-5.661,3.12,162.818,1.05674
1515,121200.0,1,0.07695240527391434,0.09597127884626389,0.30093,0.0001301119482377544,-18.34,-5.586,3.145,162.811,1.05648
1516,121280.0,1,0.07707300037145615,0.0978151187300682,0.30177,0.0001436158927390352,-18.328,-5.59,3.156,162.865,1.05606
1517,121360.0,1,0.07761102169752121,0.10021069645881653,0.30152,0.00017029973969329149,-18.323,-5.575,3.146,162.845,1.05581
1518,121440.0,1,0.07880586385726929,0.10079736262559891,0.30146,0.00017840240616351366,-18.494,-5.569,3.173,162.887,1.05593
1519,121520.0,1,0.07778806239366531,0.10028693079948425,0.30155,0.0001639351830817759,-18.471,-5.558,3.168,162.826,1.05573
1520,121600.0,1,0.0788293182849884,0.10294394195079803,0.30076,0.00015847914619371295,-18.435,-5.544,3.172,162.893,1.05584
1521,121680.0,1,0.07904156297445297,0.10515127331018448,0.30012,0.00015551633259747177,-18.445,-5.539,3.17,162.839,1.05606
1522,121760.0,1,0.07798490673303604,0.1051608994603157,0.30064,0.00014946996816433966,-18.449,-5.563,3.145,162.892,1.05578
1523,121840.0,1,0.07999017089605331,0.10784436762332916,0.30054,0.00014192212256602943,-18.479,-5.584,3.114,162.965,1.05539
1524,121920.0,1,0.08297128975391388,0.10662054270505905,0.3002,0.00014355729217641056,-18.413,-5.661,3.12,163.092,1.05611
1525,122000.0,1,0.08731691539287567,0.1089131161570549,0.29828,0.000157785092596896,-18.383,-5.691,3.137,163.094,1.05576
1526,122080.0,1,0.08986123651266098,0.11165302991867065,0.29607,0.00017811686848290265,-18.318,-5.67,3.134,163.201,1.05541
1527,122160.0,1,0.09124650806188583,0.11305947601795197,0.29505,0.0001799499150365591,-18.204,-5.65,3.135,163.152,1.05563
1528,122240.0,1,0.09137588739395142,0.1104290708899498,0.29597,0.00017891055904328823,-18.172,-5.631,3.13,163.158,1.056
1529,122320.0,1,0.08873774111270905,0.1093987226486206,0.29616,0.00018044734315481037,-18.202,-5.639,3.121,163.11,1.05614
1530,122400.0,1,0.08787175267934799,0.1064634770154953,0.29714,0.00018498201097827405,-18.222,-5.642,3.109,163.192,1.05614
1531,122480.0,1,0.0864252969622612,0.1047343760728836,0.29795,0.00019384924962650985,-18.278,-5.631,3.103,163.171,1.05728
1532,122560.0,1,0.0829518511891365,0.09703893214464188,0.30102,0.0001808940141927451,-18.306,-5.638,3.048,163.178,1.05985
1533,122640.0,1,0.07022803276777267,0.0805850401520729,0.30974,0.0001361975446343422,-18.456,-5.603,2.831,162.838,1.06072
1534,122720.0,1,0.07634523510932922,0.08516436815261841,0.30821,0.0001380408211844042,-18.626,-5.715,2.882,162.692,1.06162
1535,122800.0,1,0.07583939284086227,0.08166315406560898,0.30807,0.00010827936057467014,-18.786,-5.813,3.063,162.512,1.06211
1536,122880.0,1,0.07818305492401123,0.0829562246799469,0.30731,0.00011002481915056705,-18.682,-5.804,3.1,162.325,1.06348
1537,122960.0,1,0.07657372951507568,0.08114442229270935,0.30809,0.0001101853558793664,-18.695,-5.78,3.096,162.211,1.06341
1538,123040.0,1,0.07545610517263412,0.07725955545902252,0.30913,0.00011951102351304144,-18.748,-5.766,3.138,162.168,1.06359
1539,123120.0,1,0.07427824288606644,0.07606509327888489,0.30839,0.00011609267676249146,-18.74,-5.776,3.177,162.061,1.06382
1540,123200.0,1,0.07408201694488525,0.07651505619287491,0.30836,0.00012196205352665856,-18.811,-5.889,3.238,162.071,1.06344
1541,123280.0,1,0.07236824184656143,0.07732873409986496,0.3083,0.00012313446495682,-18.82,-5.898,3.226,161.999,1.06381
1542,123360.0,1,0.07105813920497894,0.07815838605165482,0.30844,0.00012742483522742987,-18.809,-5.866,3.186,161.997,1.06378
1543,123440.0,1,0.06963862478733063,0.07785241305828094,0.30873,0.00013154756743460894,-18.85,-5.865,3.203,161.917,1.06333
1544,123520.0,1,0.06816960126161575,0.07851174473762512,0.30896,0.00013368642248678952,-18.861,-5.876,3.207,161.986,1.06294
1545,123600.0,1,0.06780613958835602,0.07834682613611221,0.30883,0.00014140801795292646,-18.856,-5.866,3.188,161.968,1.06302
1546,123680.0,1,0.06931111216545105,0.0812525600194931,0.30807,0.00015125120989978313,-18.83,-5.854,3.204,162.074,1.06234
1547,123760.0,1,0.07041504234075546,0.0843668058514595,0.30728,0.00015961640747264028,-18.788,-5.81,3.246,162.111,1.06214
1548,123840.0,1,0.07842778414487839,0.088165782392025,0.30469,0.0001888966653496027,-18.667,-5.789,3.245,162.283,1.06055
1549,123920.0,1,0.07707659155130386,0.08698978275060654,0.30422,0.00019093019363936037,-18.417,-5.806,3.218,162.301,1.06058
1550,124000.0,1,0.07475042343139648,0.08560284227132797,0.30506,0.00016533986490685493,-18.248,-5.688,3.178,162.394,1.06072
1551,124080.0,1,0.0730404257774353,0.08555549383163452,0.30573,0.00015571679978165776,-18.012,-5.552,3.125,162.389,1.06038
1552,124160.0,1,0.07824008911848068,0.09455790370702744,0.30319,0.00015916761185508221,-18.07,-5.496,3.087,162.433,1.05999
1553,124240.0,1,0.5871763229370117,0.6340559124946594,0.13189,0.0002826348936650902,-19.047,-5.445,2.623,162.419,1.06006
1554,124320.0,1,0.4515494704246521,0.5360264778137207,0.17691,0.00027243554359301925,-18.969,-5.447,2.558,162.575,1.05956
1555,124400.0,1,0.255296528339386,0.3832099735736847,0.23665,0.00018265914695803076,-18.828,-5.578,2.669,162.567,1.05891
1556,124480.0,1,0.1357574611902237,0.252426415681839,0.26967,0.0001429254625691101,-18.802,-5.629,2.748,162.697,1.05841
1557,124560.0,1,0.09635476022958755,0.15298698842525482,0.28536,0.0001365619245916605,-18.684,-5.568,2.827,162.709,1.05811
1558,124640.0,1,0.08551454544067383,0.11917117983102798,0.29335,0.00013575774210039526,-18.756,-5.617,2.867,162.815,1.05789
1559,124720.0,1,0.07880384474992752,0.10477963835000992,0.29892,0.0001311305386479944,-18.857,-5.59,2.91,162.851,1.05782
1560,124800.0,1,0.07053280621767044,0.09001531451940536,0.30513,0.0001378278830088675,-18.867,-5.603,2.972,162.91,1.05731
1561,124880.0,1,0.06667166203260422,0.08868101984262466,0.30685,0.00014235638082027435,-18.881,-5.66,2.978,162.917,1.05738
1562,124960.0,1,0.06167681887745857,0.08566950261592865,0.3086,0.00015389133477583528,-18.808,-5.672,3.026,162.989,1.05753
1563,125040.0,1,0.060334090143442154,0.08469609916210175,0.30931,0.0001510769361630082,-18.835,-5.659,3.011,162.992,1.05662
1564,125120.0,1,0.08171956986188889,0.09558342397212982,0.30063,0.00014595483662560582,-18.801,-5.634,2.946,162.985,1.05684
1565,125200.0,1,0.7553786039352417,0.7258906364440918,0.07891,0.0002474574139341712,-20.09,-5.44,2.614,162.843,1.05714
1566,125280.0,1,0.42633315920829773,0.4855439066886902,0.19454,0.00015577013255096972,-19.781,-5.299,2.561,162.689,1.05785
1567,125360.0,1,0.19295085966587067,0.2704373598098755,0.2659,0.00013236267841421068,-18.886,-5.27,2.665,162.628,1.05773
1568,125440.0,1,0.10657010972499847,0.15674400329589844,0.29322,0.00013389615924097598,-18.427,-5.359,2.756,162.624,1.05764
1569,125520.0,1,0.08542589098215103,0.1385689228773117,0.29876,0.00013231219782028347,-18.38,-5.389,2.86,162.548,1.0579
1570,125600.0,1,0.07307577133178711,0.11190440505743027,0.30609,0.00013727802434004843,-18.315,-5.434,2.892,162.596,1.05788
1571,125680.0,1,0.057367585599422455,0.095443956553936,0.31332,0.00013491285790223628,-18.198,-5.563,2.934,162.571,1.05784
1572,125760.0,1,0.04992729052901268,0.06971581280231476,0.32143,0.0001500712096458301,-18.251,-5.542,3.111,162.499,1.0584
1573,125840.0,1,0.15129195153713226,0.11632214486598969,0.27938,0.0001955905754584819,-18.244,-5.684,2.977,162.577,1.05817
1574,125920.0,1,0.8649018406867981,0.8508221507072449,0.00852,0.00031510903500020504,-21.136,-5.678,2.656,162.662,1.05794
1575,126000.0,1,0.6899772882461548,0.7165191173553467,0.07475,0.00032667737104929984,-20.741,-5.724,2.695,162.611,1.05817
1576,126080.0,1,0.3163148760795593,0.37546923756599426,0.22496,0.00017087586456909776,-20.014,-5.694,2.738,162.672,1.05806
1577,126160.0,1,0.1113048642873764,0.1815098524093628,0.28351,0.0001594732457306236,-19.596,-5.741,2.914,162.614,1.05803
1578,126240.0,1,0.07171256840229034,0.1150086522102356,0.30307,0.00016726140165701509,-19.389,-5.653,2.981,162.68,1.05799
1579,126320.0,1,0.04684020206332207,0.08068633824586868,0.3159,0.00016978642088361084,-18.89,-5.683,3.099,162.882,1.0564
1580,126400.0,1,0.035022713243961334,0.057632748037576675,0.32637,0.00016973949095699936,-18.652,-5.618,3.099,163.455,1.05287
1581,126480.0,1,0.03646976873278618,0.05711773410439491,0.32693,0.00016421960026491433,-18.627,-5.613,3.109,163.485,1.05269
1582,126560.0,1,0.039690278470516205,0.06067952513694763,0.32189,0.00017540370754431933,-18.599,-5.637,3.101,163.656,1.05186
1583,126640.0,1,0.03886667639017105,0.0574847050011158,0.32387,0.00014712268603034317,-18.931,-5.905,3.2,163.565,1.05166
1584,126720.0,1,0.03770735114812851,0.04472583159804344,0.32894,0.0001427491952199489,-18.713,-5.978,3.171,163.654,1.0514
1585,126800.0,1,0.0337887741625309,0.03711934760212898,0.3332,0.00011559471022337675,-19.16,-5.949,3.154,163.722,1.05141
1586,126880.0,1,0.03419667109847069,0.04587491601705551,0.32928,0.0001329463120782748,-19.633,-5.957,3.165,163.801,1.05131
1587,126960.0,1,0.7279335856437683,0.7566238641738892,0.08428,0.00033787329448387027,-22.753,-6.065,2.772,163.968,1.05211
1588,127040.0,1,0.4216179847717285,0.535628080368042,0.18079,0.0001806521904654801,-23.73,-6.048,2.98,164.206,1.05202
1589,127120.0,1,0.1918778121471405,0.3200693130493164,0.25276,0.0001698706328170374,-25.44,-6.248,3.31,164.286,1.05169
1590,127200.0,1,0.13991229236125946,0.21801912784576416,0.27491,0.00010261347779305652,-26.649,-6.3,3.398,164.42,1.0518
1591,127280.0,1,0.12086024135351181,0.19206979870796204,0.2812,0.00010209793254034594,-26.379,-6.361,3.709,164.331,1.05228
1592,127360.0,1,0.1292218118906021,0.20278754830360413,0.27906,0.00015065616753417999,-26.134,-6.319,4.178,163.317,1.05717
1593,127440.0,1,0.1248595118522644,0.20521925389766693,0.27793,0.00015044945757836103,-25.94,-6.604,4.523,162.772,1.06099
1594,127520.0,1,0.12398448586463928,0.1526857316493988,0.28883,0.00016600459639448673,-25.696,-7.222,5.076,162.776,1.06256
1595,127600.0,1,0.11096736788749695,0.14318375289440155,0.29489,0.0001282551238546148,-25.569,-7.508,5.19,162.671,1.0631
1596,127680.0,1,0.10965022444725037,0.14802655577659607,0.29107,9.501243766862899e-05,-25.421,-7.963,5.27,162.716,1.06325
1597,127760.0,1,0.10044509917497635,0.14128947257995605,0.29352,6.963377381907776e-05,-25.265,-8.227,5.296,162.709,1.06322
1598,127840.0,1,0.08496710658073425,0.13155430555343628,0.30057,6.372354982886463e-05,-25.098,-8.28,5.391,162.712,1.06303
1599,127920.0,1,0.0740380808711052,0.11224906891584396,0.30503,6.176459282869473e-05,-24.593,-8.355,5.316,162.638,1.06328
1600,128000.0,1,0.07039492577314377,0.11253903806209564,0.30674,8.840241935104132e-05,-24.732,-8.423,5.56,162.688,1.06338
1601,128080.0,1,0.06609732657670975,0.09490998834371567,0.31159,6.79931981721893e-05,-24.552,-8.46,5.39,162.588,1.06363
1602,128160.0,1,0.06039547175168991,0.09467954933643341,0.31499,9.1143672761973e-05,-24.539,-8.47,5.267,162.651,1.06353
1603,128240.0,1,0.04613080993294716,0.08326385915279388,0.32092,9.660916839493439e-05,-23.911,-8.483,5.431,162.602,1.06356
1604,128320.0,1,0.04533756524324417,0.08427108079195023,0.31911,7.955200271680951e-05,-23.885,-8.517,5.444,162.649,1.06309
1605,128400.0,1,0.04640509933233261,0.08649268001317978,0.31736,7.542831735918298e-05,-23.899,-8.503,5.483,162.612,1.06296
1606,128480.0,1,0.04928691312670708,0.09118837863206863,0.31566,9.299506200477481e-05,-23.847,-8.464,5.576,162.633,1.06269
1607,128560.0,1,0.05384165421128273,0.09268557280302048,0.31369,9.102642070502043e-05,-23.788,-8.397,5.537,162.563,1.0625
1608,128640.0,1,0.06091410294175148,0.09501231461763382,0.31059,8.076953236013651e-05,-23.44,-8.34,5.432,162.51,1.0623
1609,128720.0,1,0.4907352030277252,0.42929357290267944,0.20135,0.00011137736146338284,-24.143,-8.191,4.87,162.536,1.06222
1610,128800.0,1,0.3938608169555664,0.415032297372818,0.22021,0.00010350552474847063,-24.052,-8.237,4.744,162.606,1.062
1611,128880.0,1,0.22275197505950928,0.24292880296707153,0.26419,7.032122812233865e-05,-23.78,-8.275,4.921,162.696,1.06106
1612,128960.0,1,0.09834945201873779,0.17344647645950317,0.29282,6.168030813569203e-05,-23.722,-8.305,5.093,162.666,1.06097
1613,129040.0,1,0.07154432684183121,0.1251218020915985,0.30535,6.683018727926537e-05,-23.363,-8.156,5.053,162.589,1.06111
1614,129120.0,1,0.0660032331943512,0.11534047871828079,0.30749,6.615147867705673e-05,-23.383,-8.104,5.069,162.66,1.06087
1615,129200.0,1,0.06745166331529617,0.1155695766210556,0.30565,7.031774293864146e-05,-23.385,-8.053,5.053,162.659,1.06148
1616,129280.0,1,0.06860090047121048,0.11475616693496704,0.30522,7.803368498571217e-05,-23.454,-7.981,5.006,162.697,1.06091
1617,129360.0,1,0.06713034957647324,0.1181873083114624,0.30514,9.14614720386453e-05,-23.494,-7.893,4.98,162.656,1.06117
1618,129440.0,1,0.06698058545589447,0.12149070203304291,0.30379,9.783895802684128e-05,-23.488,-7.842,4.902,162.719,1.06107
1619,129520.0,1,0.06701083481311798,0.12166968733072281,0.3036,0.00010016750456998125,-23.476,-7.837,4.907,162.694,1.06102
1620,129600.0,1,0.0642300471663475,0.10995952039957047,0.30511,0.00010950388241326436,-23.502,-7.898,4.841,162.64,1.06117
1621,129680.0,1,0.06611891835927963,0.11430317908525467,0.30189,0.00010765853949123994,-23.14,-7.954,4.818,162.663,1.06117
1622,129760.0,1,0.066984161734581,0.11116257309913635,0.30333,9.371194755658507e-05,-23.357,-7.932,4.863,162.694,1.06089
1623,129840.0,1,0.0677359327673912,0.11634514480829239,0.30325,9.812963253352791e-05,-23.554,-7.706,4.758,162.657,1.06101
1624,129920.0,1,0.07012317329645157,0.1176147609949112,0.30325,0.00010322332673240453,-23.66,-7.646,4.76,162.675,1.06094
1625,130000.0,1,0.07065356522798538,0.11581116914749146,0.30296,0.00010794924310175702,-23.739,-7.673,4.761,162.628,1.06106
1626,130080.0,1,0.07131807506084442,0.11656145006418228,0.30388,0.0001170025352621451,-23.657,-7.619,4.773,162.642,1.06092
1627,130160.0,1,0.06981158256530762,0.11700950562953949,0.30487,0.00013192907499615103,-23.755,-7.586,4.74,162.592,1.06156
1628,130240.0,1,0.06767991930246353,0.1131426990032196,0.30595,0.00014282792108133435,-23.784,-7.599,4.749,162.604,1.06169
1629,130320.0,1,0.0665615126490593,0.1116228923201561,0.30585,0.00015249184798449278,-23.814,-7.599,4.851,162.58,1.06163
1630,130400.0,1,0.06125470995903015,0.09884438663721085,0.31107,0.00017324321379419416,-23.768,-7.588,4.623,162.606,1.06194
1631,130480.0,1,0.05696729198098183,0.08911962062120438,0.31464,0.00017811075667850673,-23.669,-7.587,4.618,162.679,1.06175
1632,130560.0,1,0.0536600686609745,0.08973612636327744,0.31155,0.00017032572941388935,-23.551,-7.603,4.528,163.851,1.05512
1633,130640.0,1,0.05153857544064522,0.08013414591550827,0.31594,0.00013662771380040795,-23.51,-7.606,4.538,163.979,1.05419
1634,130720.0,1,0.07133684307336807,0.10960513353347778,0.303,0.000145643949508667,-23.533,-7.63,4.449,163.987,1.05369
1635,130800.0,1,0.7288052439689636,0.7468061447143555,0.09025,0.0002538660482969135,-24.788,-7.828,4.141,163.988,1.05356
1636,130880.0,1,0.5570869445800781,0.6399120092391968,0.15018,0.00026354443980380893,-24.859,-7.77,4.107,163.976,1.05408
1637,130960.0,1,0.10978109389543533,0.17727278172969818,0.2819,0.0001828218810260296,-24.113,-7.64,4.309,163.915,1.05396
1638,131040.0,1,0.0538133829832077,0.10607178509235382,0.3092,0.0001568509906064719,-23.827,-7.592,4.547,163.837,1.05354
1639,131120.0,1,0.04965570196509361,0.10115406662225723,0.31034,0.00019013103155884892,-23.618,-7.637,4.599,163.683,1.05401
1640,131200.0,1,0.03904518112540245,0.07051999121904373,0.32272,0.0001937481720233336,-23.054,-7.632,4.557,163.59,1.05481
1641,131280.0,1,0.04152031987905502,0.0724707543849945,0.31978,0.00017237570136785507,-22.975,-7.633,4.624,163.42,1.05545
1642,131360.0,1,0.045793309807777405,0.07864977419376373,0.31702,0.0001781980536179617,-22.889,-7.566,4.556,163.448,1.05548
1643,131440.0,1,0.04469770938158035,0.07669906318187714,0.3185,0.00017848375136964023,-22.832,-7.56,4.535,163.296,1.0558
1644,131520.0,1,0.0453091636300087,0.08848728239536285,0.31805,0.0001845326041802764,-22.799,-7.459,4.371,163.162,1.05673
1645,131600.0,1,0.04638751968741417,0.09099787473678589,0.3173,0.00020154844969511032,-22.464,-7.33,4.255,163.096,1.05662
1646,131680.0,1,0.04675767943263054,0.08796407282352448,0.31845,0.00020625072647817433,-22.393,-7.298,4.229,162.455,1.05836
1647,131760.0,1,0.04756367579102516,0.08934634178876877,0.31901,0.0002232287806691602,-22.269,-7.262,4.211,162.008,1.06059
1648,131840.0,1,0.054475460201501846,0.09387766569852829,0.31584,0.00019440287724137306,-22.22,-7.335,4.206,161.978,1.06131
1649,131920.0,1,0.05970031023025513,0.0904185026884079,0.31682,0.0001439696497982368,-22.392,-7.266,4.275,161.907,1.06207
1650,132000.0,1,0.06050587445497513,0.08672367036342621,0.31684,0.00012731735478155315,-22.472,-7.248,4.357,161.942,1.06227
1651,132080.0,1,0.06040447950363159,0.08835329860448837,0.31416,0.00011073771020164713,-22.436,-7.264,4.474,161.918,1.06212
1652,132160.0,1,0.054609186947345734,0.08237770944833755,0.31688,0.00010838349408004433,-22.462,-7.269,4.513,161.978,1.06175
1653,132240.0,1,0.054695818573236465,0.07688215374946594,0.31733,0.00011726524826372042,-22.605,-7.335,4.587,161.915,1.06173
1654,132320.0,1,0.0544816255569458,0.0763581171631813,0.31678,0.0001232809736393392,-22.583,-7.36,4.608,161.998,1.06159
1655,132400.0,1,0.050976645201444626,0.070416659116745,0.31844,0.00012014530511805788,-22.664,-7.352,4.616,161.958,1.06191
1656,132480.0,1,0.047319892793893814,0.06198451295495033,0.32168,9.87928724498488e-05,-22.664,-7.344,4.558,162.035,1.06214
1657,132560.0,1,0.05488086864352226,0.0679439827799797,0.3179,9.224187670042738e-05,-22.562,-7.256,4.366,162.032,1.06173
1658,132640.0,1,0.05448570474982262,0.06796552240848541,0.3185,0.00011030993482563645,-22.701,-7.276,4.426,162.2,1.06084
1659,132720.0,1,0.04983588308095932,0.06172214448451996,0.321,0.00011202676978427917,-22.605,-7.26,4.413,162.194,1.06079
1660,132800.0,1,0.051169294863939285,0.06394071877002716,0.31957,0.00011740354239009321,-22.596,-7.249,4.4,162.263,1.06042
1661,132880.0,1,0.05151475593447685,0.06522586941719055,0.31915,0.00010813325206981972,-22.544,-7.24,4.369,162.281,1.0602
1662,132960.0,1,0.09685143083333969,0.10844063013792038,0.29209,0.00011009890295099467,-22.637,-7.307,4.26,162.393,1.05992
1663,133040.0,1,0.7040169835090637,0.6819734573364258,0.10337,0.00022007085499353707,-23.468,-7.498,3.873,162.384,1.05997
1664,133120.0,1,0.7192238569259644,0.6615098714828491,0.1198,0.0002031542535405606,-23.269,-7.526,3.908,162.533,1.05923
1665,133200.0,1,0.3250984847545624,0.3744274973869324,0.23447,0.00016913750732783228,-23.01,-7.432,3.977,162.531,1.05972
1666,133280.0,1,0.1498875766992569,0.2265504151582718,0.27465,0.00017697009025141597,-22.597,-7.546,4.133,162.688,1.05925
1667,133360.0,1,0.09439339488744736,0.16639362275600433,0.29146,0.0001621535629965365,-22.437,-7.543,4.179,162.648,1.05931
1668,133440.0,1,0.0828443244099617,0.12705257534980774,0.29951,0.00011025503044947982,-22.169,-7.549,4.287,162.677,1.05885
1669,133520.0,1,0.07594340294599533,0.11569181829690933,0.3031,0.00012023446470266208,-22.15,-7.527,4.357,162.664,1.05909
1670,133600.0,1,0.06782910972833633,0.1021372377872467,0.30852,0.0001241967111127451,-22.127,-7.474,4.347,162.668,1.05946
1671,133680.0,1,0.06289178133010864,0.09385981410741806,0.31185,0.00014347914839163423,-22.215,-7.376,4.345,162.613,1.05916
1672,133760.0,1,0.04913804680109024,0.08730021864175797,0.31724,0.00016269592742901295,-22.462,-7.316,4.154,162.469,1.05917
1673,133840.0,1,0.05243148282170296,0.0873987078666687,0.31494,0.0001593549968674779,-22.6,-7.36,4.068,162.359,1.06001
1674,133920.0,1,0.05243154987692833,0.08597709983587265,0.31555,0.00017773073341231793,-22.532,-7.409,4.025,162.292,1.05978
1675,134000.0,1,0.05580758675932884,0.08511102944612503,0.31334,0.00020164974557701498,-22.516,-7.417,4.015,162.199,1.06003
1676,134080.0,1,0.05868692323565483,0.08611110597848892,0.31179,0.00020369482808746397,-22.376,-7.462,4.021,162.17,1.05955
1677,134160.0,1,0.06265009194612503,0.08884092420339584,0.30945,0.00020637504348997027,-22.336,-7.524,4.004,162.06,1.0599
1678,134240.0,1,0.06360971182584763,0.08894135057926178,0.30932,0.00019923840591218323,-22.334,-7.537,3.962,162.048,1.06018
1679,134320.0,1,0.07264833897352219,0.09629137814044952,0.30519,0.0001951461163116619,-22.235,-7.555,3.94,161.986,1.06057
1680,134400.0,1,0.07628784328699112,0.09769570082426071,0.30551,0.00015572852862533182,-22.084,-7.475,3.948,161.908,1.06043
1681,134480.0,1,0.08200642466545105,0.0992908850312233,0.30416,0.0001547300344100222,-21.97,-7.459,3.948,161.831,1.06079
1682,134560.0,1,0.08753333240747452,0.09784884005784988,0.3009,0.00014285295037552714,-21.891,-7.441,4.139,161.823,1.06102
1683,134640.0,1,0.10508360713720322,0.11656058579683304,0.29748,0.00014954424113966525,-21.84,-7.234,4.353,161.616,1.06155
1684,134720.0,1,0.07790473848581314,0.11034362018108368,0.30722,0.00019677933596540242,-21.438,-7.178,4.538,161.696,1.06158
1685,134800.0,1,0.052146680653095245,0.06361284852027893,0.32572,0.00015872942458372563,-21.17,-7.116,4.58,161.639,1.06167
1686,134880.0,1,0.041221436113119125,0.04846824333071709,0.33614,0.0001403416827088222,-21.013,-7.069,4.349,161.661,1.06145
1687,134960.0,1,0.03650582209229469,0.05578155815601349,0.33641,0.00022643891861662269,-20.327,-6.71,4.207,161.469,1.06041
1688,135040.0,1,0.044008515775203705,0.06868381798267365,0.32895,0.0001788998197298497,-20.077,-6.78,4.154,161.591,1.05997
1689,135120.0,1,0.040901608765125275,0.058019932359457016,0.334,0.0001496362528996542,-20.193,-6.936,4.154,161.426,1.06007
1690,135200.0,1,0.047620583325624466,0.07031985372304916,0.32617,0.00016038899775594473,-20.161,-6.936,4.068,161.663,1.05875
1691,135280.0,1,0.044480133801698685,0.061567336320877075,0.33254,0.00020073720952495933,-20.151,-6.891,4.008,161.41,1.05901
1692,135360.0,1,0.048403192311525345,0.06590554863214493,0.32305,0.00016520466306246817,-20.112,-6.913,4.102,161.365,1.05813
1693,135440.0,1,0.03788978233933449,0.04663509130477905,0.33197,0.00011302574421279132,-20.143,-6.929,4.191,161.343,1.05875
1694,135520.0,1,0.04047541692852974,0.054680150002241135,0.32577,7.9755496699363e-05,-20.192,-6.984,4.186,161.407,1.05899
1695,135600.0,1,0.04200485348701477,0.05587339773774147,0.3256,9.445434261579067e-05,-20.472,-6.95,4.211,161.352,1.05952
1696,135680.0,1,0.0420418418943882,0.05681627243757248,0.32492,8.800157229416072e-05,-20.567,-7.029,4.218,161.358,1.05942
1697,135760.0,1,0.03964642435312271,0.05151703953742981,0.32927,0.00011997939873253927,-20.853,-6.99,4.177,161.178,1.05892
1698,135840.0,1,0.03274638205766678,0.042341310530900955,0.33764,0.00014835658657830209,-20.93,-7.02,4.091,161.146,1.05886
1699,135920.0,1,0.04053618013858795,0.05927552282810211,0.32605,0.0001299863215535879,-20.879,-7.031,3.991,161.173,1.05885
1700,136000.0,1,0.04252270609140396,0.06192125007510185,0.32416,0.00013072740694042295,-20.836,-7.002,3.939,161.244,1.05899
1701,136080.0,1,0.04243391007184982,0.06133623793721199,0.32446,0.0001260084827663377,-20.796,-6.954,3.89,161.245,1.05882
1702,136160.0,1,0.041931021958589554,0.06010850518941879,0.32543,0.00012306532880757004,-20.699,-6.977,3.86,161.346,1.05841
1703,136240.0,1,0.04226234182715416,0.05971406027674675,0.32431,0.00011109954357380047,-20.692,-7.017,3.846,161.257,1.05855
1704,136320.0,1,0.04319373145699501,0.06036465987563133,0.32387,0.00012995980796404183,-20.62,-7.127,3.835,160.973,1.06026
1705,136400.0,1,0.04469267651438713,0.06125699356198311,0.32393,0.00012272839376237243,-20.587,-7.172,3.845,160.948,1.06019
1706,136480.0,1,0.0477532334625721,0.06062580272555351,0.32385,0.00010332476085750386,-20.681,-7.257,3.946,160.981,1.06033
1707,136560.0,1,0.04871230199933052,0.05977921187877655,0.32374,9.605771629139781e-05,-20.629,-7.279,3.962,160.937,1.06072
1708,136640.0,1,0.05172925814986229,0.058756377547979355,0.32399,8.984068699646741e-05,-20.63,-7.27,3.988,161.014,1.0602
1709,136720.0,1,0.052547138184309006,0.05806358531117439,0.32371,8.990025526145473e-05,-20.709,-7.189,4.021,160.972,1.06034
1710,136800.0,1,0.052049703896045685,0.05448948219418526,0.32391,8.876193169271573e-05,-20.771,-7.176,4.082,161.046,1.06032
1711,136880.0,1,0.051234837621450424,0.05337631702423096,0.32333,8.866075950209051e-05,-20.831,-7.142,4.138,161.01,1.06056
1712,136960.0,1,0.0489739365875721,0.051465585827827454,0.32494,8.106468158075586e-05,-20.779,-7.126,4.19,161.044,1.06076
1713,137040.0,1,0.050295453518629074,0.054969556629657745,0.32375,7.601565448567271e-05,-20.762,-7.115,4.271,160.979,1.06118
1714,137120.0,1,0.05507056042551994,0.05902925133705139,0.32065,7.409899262711406e-05,-20.743,-7.073,4.297,161.003,1.0608
1715,137200.0,1,0.055743925273418427,0.05944925546646118,0.31984,7.053466833895072e-05,-20.716,-7.058,4.315,160.976,1.06068
1716,137280.0,1,0.05145736783742905,0.055880166590213776,0.32291,9.739958477439359e-05,-20.689,-7.061,4.271,161.128,1.05937
1717,137360.0,1,0.049554795026779175,0.05610227584838867,0.32382,0.00011217236897209659,-20.682,-7.031,4.201,161.032,1.05992
1718,137440.0,1,0.04869559034705162,0.056733209639787674,0.32522,0.00012101027823518962,-20.775,-7.032,4.192,161.003,1.06032
1719,137520.0,1,0.04844691604375839,0.05615639686584473,0.32667,0.00012475979747250676,-20.797,-7.04,4.201,161.004,1.0607
1720,137600.0,1,0.0450742170214653,0.05380304530262947,0.33079,0.00015911857190076262,-20.899,-7.02,4.203,161.159,1.0608
1721,137680.0,1,0.0440705381333828,0.05032392218708992,0.33234,0.00014564632147084922,-20.95,-6.898,4.174,161.097,1.06084
1722,137760.0,1,0.04564227536320686,0.05182025581598282,0.33094,0.0001505588152213022,-21.034,-6.856,4.141,161.161,1.06079
1723,137840.0,1,0.046329282224178314,0.055832844227552414,0.3295,0.00016757955017965287,-21.249,-6.916,4.131,161.139,1.06036
1724,137920.0,1,0.04792057350277901,0.05587536469101906,0.33151,0.00015531893586739898,-21.796,-6.957,4.24,161.186,1.06029
1725,138000.0,1,0.05044007673859596,0.05678443983197212,0.33004,0.0001369698584312573,-22.013,-6.985,4.268,161.141,1.06028
1726,138080.0,1,0.05279186740517616,0.061039380729198456,0.32629,0.00011273017298663035,-22.12,-6.994,4.227,161.23,1.06002
1727,138160.0,1,0.054716333746910095,0.06434852629899979,0.3252,0.00011200060544069856,-22.175,-7.017,4.208,161.205,1.06006
1728,138240.0,1,0.0556626133620739,0.06434166431427002,0.32432,0.00010744286555564031,-22.108,-7.063,4.235,161.243,1.05991
1729,138320.0,1,0.05721375346183777,0.06564177572727203,0.32072,0.00011132437066407874,-22.33,-7.268,4.262,161.246,1.0601
1730,138400.0,1,0.05515853315591812,0.06614399701356888,0.3221,0.0001111565507017076,-22.554,-7.289,4.246,161.365,1.05906
1731,138480.0,1,0.06019971892237663,0.06704752892255783,0.31632,0.00010248205217067152,-22.495,-7.256,4.083,161.361,1.05913
1732,138560.0,1,0.05880584567785263,0.06733499467372894,0.31645,0.00010192964691668749,-22.466,-7.258,4.078,161.446,1.05885
1733,138640.0,1,0.05852603167295456,0.06827659904956818,0.3165,0.0001090977166313678,-22.41,-7.267,4.085,161.384,1.05886
1734,138720.0,1,0.057298894971609116,0.06831088662147522,0.31781,0.00010403362102806568,-22.224,-7.303,4.073,161.453,1.05887
1735,138800.0,1,0.05762742459774017,0.06903298944234848,0.3186,9.798787505133078e-05,-22.032,-7.28,4.155,161.429,1.05837
1736,138880.0,1,0.054812151938676834,0.06844783574342728,0.32011,9.853057417785749e-05,-21.998,-7.26,4.139,161.433,1.0584
1737,138960.0,1,0.04996376112103462,0.0706104040145874,0.3222,9.86477971309796e-05,-21.627,-7.26,4.068,161.374,1.05828
1738,139040.0,1,0.04549926519393921,0.06636053323745728,0.32523,0.00010351055971113965,-21.304,-7.359,3.947,161.39,1.05814
1739,139120.0,1,0.08905060589313507,0.09920677542686462,0.30235,0.0001227605971507728,-21.483,-7.341,3.841,161.33,1.05847
1740,139200.0,1,0.349423885345459,0.36819082498550415,0.23499,0.00014066242147237062,-22.284,-7.275,3.841,161.347,1.05849
1741,139280.0,1,0.3320915102958679,0.35137709975242615,0.23941,0.00013735845277551562,-22.134,-7.123,3.849,161.299,1.05856
1742,139360.0,1,0.1377316564321518,0.19688352942466736,0.28281,0.00011222212924621999,-21.927,-7.075,3.928,161.269,1.05866
1743,139440.0,1,0.06225423142313957,0.08472774922847748,0.31732,0.00010310408833902329,-21.468,-7.172,3.964,161.224,1.05845
1744,139520.0,1,0.06317143142223358,0.07747940719127655,0.31924,0.00010033078433480114,-21.293,-7.235,4.036,161.27,1.05783
1745,139600.0,1,0.06110488623380661,0.07465142011642456,0.31789,0.00010629681491991505,-21.247,-7.229,3.959,161.237,1.0583
1746,139680.0,1,0.05457429960370064,0.06536969542503357,0.32189,0.0001223014114657417,-21.28,-7.227,3.993,161.331,1.05853
1747,139760.0,1,0.051018230617046356,0.06321045756340027,0.32254,0.00013787375064566731,-21.326,-7.264,3.981,161.313,1.05916
1748,139840.0,1,0.0528029128909111,0.06479311734437943,0.32157,0.00012964590860065073,-21.446,-7.265,3.984,161.34,1.05904
1749,139920.0,1,0.052135027945041656,0.06521030515432358,0.32168,0.00012785117723979056,-21.407,-7.256,3.937,161.33,1.05892
1750,140000.0,1,0.04941752180457115,0.06344474852085114,0.32323,0.00013563829998020083,-21.441,-7.239,3.896,161.368,1.05889
1751,140080.0,1,0.049500979483127594,0.06393352150917053,0.32257,0.0001419146719854325,-21.467,-7.239,3.841,161.331,1.05901
1752,140160.0,1,0.051437944173812866,0.07053924351930618,0.31905,0.00011778502084780484,-21.598,-7.289,3.958,161.305,1.05944
1753,140240.0,1,0.05190794914960861,0.06912483274936676,0.31914,0.00010461309284437448,-21.597,-7.299,4.037,161.297,1.0597
1754,140320.0,1,0.052792683243751526,0.0688924640417099,0.31919,9.926607162924483e-05,-21.593,-7.312,4.087,161.367,1.05948
1755,140400.0,1,0.055206961929798126,0.07076385617256165,0.31846,0.00011491518671391532,-21.591,-7.292,4.084,161.329,1.05945
1756,140480.0,1,0.054576076567173004,0.07519537210464478,0.31712,0.00012753850023727864,-21.257,-7.204,4.054,161.436,1.0592
1757,140560.0,1,0.053249187767505646,0.07539264112710953,0.31741,0.000125974474940449,-21.231,-7.226,4.033,161.398,1.05918
1758,140640.0,1,0.05063623562455177,0.07470414787530899,0.31961,0.0001295172842219472,-21.343,-7.286,3.999,161.483,1.05963
1759,140720.0,1,0.0499834343791008,0.07466640323400497,0.3201,0.00013714104716200382,-21.423,-7.29,3.995,161.564,1.05826
1760,140800.0,1,0.05082901567220688,0.07382164895534515,0.31906,0.00013507195399142802,-21.476,-7.29,3.98,161.888,1.05641
1761,140880.0,1,0.04944593086838722,0.07269933819770813,0.31971,0.00013567646965384483,-21.494,-7.282,3.963,161.941,1.05595
1762,140960.0,1,0.05585461109876633,0.07491697371006012,0.31615,0.0001323201577179134,-21.528,-7.308,3.928,162.036,1.05487
1763,141040.0,1,0.0577019527554512,0.07739434391260147,0.31603,0.00013039264013059437,-21.546,-7.231,3.907,162.035,1.05492
1764,141120.0,1,0.055057041347026825,0.07667361199855804,0.31646,0.00014988087059464306,-21.711,-7.305,3.905,162.132,1.05395
1765,141200.0,1,0.048161137849092484,0.0756513923406601,0.32066,0.00017091009067371488,-22.009,-7.238,3.818,162.114,1.05431
1766,141280.0,1,0.04755564033985138,0.07736440002918243,0.32039,0.00018273545720148832,-22.092,-7.231,3.917,162.156,1.05485
1767,141360.0,1,0.05041441693902016,0.08362545073032379,0.31709,0.0001957874046638608,-22.108,-7.22,3.952,162.066,1.05517
1768,141440.0,1,0.05039047822356224,0.08321930468082428,0.31605,0.00019392985268495977,-21.982,-7.219,3.951,162.075,1.05491
1769,141520.0,1,0.053229499608278275,0.08384662121534348,0.31453,0.0001832260750234127,-21.973,-7.212,3.977,162.124,1.05508
1770,141600.0,1,0.05919864773750305,0.07943514734506607,0.31439,0.00015036827244330198,-21.951,-7.169,4.027,162.077,1.05522
1771,141680.0,1,0.07477124035358429,0.0915868803858757,0.30626,0.000159062139573507,-22.085,-7.108,3.979,161.939,1.05571
1772,141760.0,1,0.1598331481218338,0.16087374091148376,0.27989,0.00017768633551895618,-22.282,-7.097,3.84,161.974,1.05615
1773,141840.0,1,0.13502800464630127,0.1518395096063614,0.28417,0.0001764703047228977,-21.931,-7.204,3.905,161.949,1.05666
1774,141920.0,1,0.12205295264720917,0.14046290516853333,0.28729,0.00017985024896916002,-21.763,-7.299,3.919,162.039,1.05659
1775,142000.0,1,0.10671991109848022,0.12974099814891815,0.29253,0.00016637954104226083,-21.81,-7.245,3.971,161.943,1.05655
1776,142080.0,1,0.09438259154558182,0.12290351092815399,0.29636,0.00017380381177645177,-21.719,-7.197,3.893,161.933,1.05624
1777,142160.0,1,0.08571182191371918,0.12107153981924057,0.29901,0.0001711290969979018,-21.707,-7.18,3.881,161.925,1.05634
1778,142240.0,1,0.0778469666838646,0.1164732575416565,0.30157,0.00016903318464756012,-21.693,-7.174,3.916,161.963,1.05643
1779,142320.0,1,0.06919535994529724,0.07947159558534622,0.31347,0.000195517874090001,-21.239,-7.026,4.168,162.038,1.05646
1780,142400.0,1,0.05170486494898796,0.07270399481058121,0.32272,0.00015093095134943724,-21.328,-7.085,4.275,162.041,1.05649
1781,142480.0,1,0.04870445281267166,0.07156001031398773,0.32478,0.00014062727859709412,-21.403,-7.185,4.311,161.939,1.05695
1782,142560.0,1,0.0536237396299839,0.07564405351877213,0.31993,0.00014363766240421683,-21.413,-7.216,4.298,161.91,1.05683
1783,142640.0,1,0.05445591360330582,0.0767790749669075,0.31931,0.00011918099335161969,-21.304,-7.248,4.254,161.86,1.05687
1784,142720.0,1,0.05367926508188248,0.0748734176158905,0.32069,0.0001226460444740951,-21.333,-7.305,4.332,161.89,1.05728
1785,142800.0,1,0.05415148288011551,0.07546846568584442,0.31982,0.0001313257380388677,-21.541,-7.326,4.341,161.787,1.05759
1786,142880.0,1,0.056876156479120255,0.0780121237039566,0.31886,0.00013194353959988803,-21.505,-7.327,4.427,161.839,1.05723
1787,142960.0,1,0.058705445379018784,0.08384697139263153,0.3173,0.00014458280929829925,-21.7,-7.405,4.378,161.744,1.05745
1788,143040.0,1,0.057287827134132385,0.09103050082921982,0.31542,0.0001172595439129509,-21.396,-7.348,4.212,161.833,1.05821
1789,143120.0,1,0.05511204153299332,0.08525339514017105,0.31717,0.00012048052303725854,-21.308,-7.409,4.213,161.808,1.05766
1790,143200.0,1,0.058979764580726624,0.08393026143312454,0.31603,0.00011651433305814862,-21.345,-7.423,4.226,161.884,1.05789
1791,143280.0,1,0.059523142874240875,0.08277741074562073,0.31606,0.0001225550950039178,-21.356,-7.398,4.276,161.891,1.05759
1792,143360.0,1,0.061616361141204834,0.08298101276159286,0.31417,0.0001256216928595677,-21.371,-7.375,4.27,161.938,1.05756
1793,143440.0,1,0.059024378657341,0.08384456485509872,0.31457,0.00012315572530496866,-21.401,-7.388,4.282,161.963,1.05743
1794,143520.0,1,0.058033525943756104,0.08780373632907867,0.31539,0.00012746239372063428,-21.57,-7.359,4.255,162.02,1.05736
1795,143600.0,1,0.05888849496841431,0.09400725364685059,0.31317,0.00014150835340842605,-21.604,-7.328,4.201,162.114,1.05751
1796,143680.0,1,0.06164493411779404,0.09695093333721161,0.31102,0.00014526851009577513,-21.704,-7.294,4.151,162.072,1.05776
1797,143760.0,1,0.060755107551813126,0.09491654485464096,0.3116,0.00014572980580851436,-21.713,-7.3,4.146,162.0,1.05796
1798,143840.0,1,0.057402752339839935,0.09041208028793335,0.3137,0.00014658510917797685,-21.709,-7.308,4.146,162.046,1.05777
1799,143920.0,1,0.054190702736377716,0.08342261612415314,0.31584,0.0001417763123754412,-21.613,-7.286,4.139,161.942,1.05807
1800,144000.0,1,0.04851246625185013,0.07774235308170319,0.32071,0.00014584629388991743,-21.714,-7.346,4.268,161.77,1.05808
1801,144080.0,1,0.05035332962870598,0.08143913000822067,0.31926,0.00015281308151315898,-21.755,-7.335,4.28,161.756,1.05771
1802,144160.0,1,0.052463825792074203,0.08166223764419556,0.31827,0.0001490862196078524,-21.654,-7.396,4.281,161.796,1.05761
1803,144240.0,1,0.05296054109930992,0.08189786225557327,0.31762,0.0001508434652350843,-21.885,-7.351,4.303,161.708,1.05827
1804,144320.0,1,0.05269913747906685,0.08145695924758911,0.31789,0.00015085021732375026,-22.027,-7.323,4.284,161.786,1.05788
1805,144400.0,1,0.05087600648403168,0.0786345899105072,0.31919,0.0001506452535977587,-22.075,-7.284,4.206,161.682,1.0583
1806,144480.0,1,0.04948588088154793,0.08081020414829254,0.31978,0.00015087943756952882,-22.003,-7.238,4.125,161.759,1.05807
1807,144560.0,1,0.04129011929035187,0.07124718278646469,0.32695,0.00013317483535502106,-21.898,-7.294,4.363,161.658,1.05789
1808,144640.0,1,0.04589191824197769,0.07397839426994324,0.32459,0.0001304122997680679,-21.8,-7.309,4.426,161.721,1.058
1809,144720.0,1,0.04731922596693039,0.07554924488067627,0.32338,0.00014291291881818324,-21.766,-7.289,4.481,161.662,1.05824
1810,144800.0,1,0.0536634586751461,0.08414208889007568,0.31742,0.0001492224691901356,-21.708,-7.252,4.474,161.697,1.05811
1811,144880.0,1,0.054667938500642776,0.08690080791711807,0.31612,0.0001553494657855481,-21.628,-7.196,4.439,161.69,1.058
1812,144960.0,1,0.0490710511803627,0.07795973122119904,0.32155,0.00014251568063627928,-21.634,-7.264,4.408,161.63,1.05793
1813,145040.0,1,0.04635325446724892,0.06993640959262848,0.3248,0.00014420250954572111,-21.557,-7.373,4.369,161.601,1.05798
1814,145120.0,1,0.04831867665052414,0.07358313351869583,0.3218,0.00012991396943107247,-21.54,-7.364,4.35,161.722,1.05814
1815,145200.0,1,0.04580773785710335,0.07205994427204132,0.32297,0.0001284388272324577,-21.512,-7.362,4.288,161.721,1.05828
1816,145280.0,1,0.0440886914730072,0.07214542478322983,0.32351,0.0001387859956594184,-21.506,-7.366,4.25,161.779,1.05823
1817,145360.0,1,0.04235678166151047,0.07112322747707367,0.32427,0.00012878552661277354,-21.604,-7.428,4.236,161.76,1.058
1818,145440.0,1,0.04187896475195885,0.07102501392364502,0.32435,0.00012281797535251826,-21.599,-7.423,4.207,161.849,1.05787
1819,145520.0,1,0.03979631885886192,0.07187604904174805,0.32471,0.00012146044173277915,-21.518,-7.348,4.062,161.823,1.05797
1820,145600.0,1,0.03874722495675087,0.07011094689369202,0.32598,0.00013295722601469606,-21.497,-7.4,4.055,161.988,1.05765
1821,145680.0,1,0.037025075405836105,0.06911563128232956,0.32673,0.00012866302859038115,-21.524,-7.399,4.053,162.022,1.05764
1822,145760.0,1,0.04313891753554344,0.07022175937891006,0.32265,0.00011411195009713992,-21.623,-7.307,4.025,162.197,1.05751
1823,145840.0,1,0.06001075729727745,0.07620009779930115,0.31248,0.00011250122770434245,-21.874,-7.257,3.833,162.183,1.05758
1824,145920.0,1,0.7528499960899353,0.7224974632263184,0.0886,0.00021841753914486617,-23.533,-7.211,3.35,162.257,1.05729
1825,146000.0,1,0.6515737771987915,0.6761279702186584,0.12975,0.00019162506214343011,-23.261,-7.126,3.403,162.173,1.05722
1826,146080.0,1,0.24442562460899353,0.38069623708724976,0.24455,0.00013971066800877452,-23.242,-7.143,3.613,162.264,1.057
1827,146160.0,1,0.08805021643638611,0.18050509691238403,0.28976,0.00013555362238548696,-22.988,-7.199,3.753,162.204,1.05717
1828,146240.0,1,0.06206181272864342,0.12791715562343597,0.30249,0.00014386149996425956,-22.846,-7.1,3.868,162.198,1.05737
1829,146320.0,1,0.055169954895973206,0.10504667460918427,0.30803,0.00014376346371136606,-22.535,-7.138,3.974,162.157,1.05758
1830,146400.0,1,0.052735835313797,0.09720925986766815,0.31152,0.00015682946832384914,-22.529,-7.198,4.054,162.2,1.05724
1831,146480.0,1,0.053213462233543396,0.09652107954025269,0.31111,0.00015305908164009452,-22.543,-7.249,4.074,162.149,1.05719
1832,146560.0,1,0.051949355751276016,0.09312385320663452,0.31295,0.00015246203111018986,-22.488,-7.229,4.102,162.159,1.05703
1833,146640.0,1,0.0505482517182827,0.09035570919513702,0.3141,0.00015615843585692346,-22.486,-7.233,4.109,162.134,1.05681
1834,146720.0,1,0.050259366631507874,0.0881839171051979,0.31502,0.00015711504966020584,-22.467,-7.231,4.106,162.14,1.05727
1835,146800.0,1,0.048563066869974136,0.08665408194065094,0.31593,0.00015477073611691594,-22.348,-7.217,4.092,162.094,1.05755
1836,146880.0,1,0.04867912828922272,0.07958293706178665,0.31829,0.0001427483803126961,-22.276,-7.3,4.209,162.134,1.05741
1837,146960.0,1,0.049631908535957336,0.07839111983776093,0.31778,0.0001370268000755459,-22.153,-7.345,4.255,162.087,1.0575
1838,147040.0,1,0.0478992834687233,0.07564128935337067,0.31804,0.0001488793786847964,-22.151,-7.358,4.343,162.125,1.05758
1839,147120.0,1,0.04643119126558304,0.07393345236778259,0.31939,0.00015077285934239626,-22.102,-7.322,4.332,162.108,1.05713
1840,147200.0,1,0.0459914430975914,0.07096841931343079,0.32066,0.000149986517499201,-22.096,-7.298,4.371,162.17,1.05696
1841,147280.0,1,0.04818027839064598,0.06847739964723587,0.32164,0.00016675802180543542,-22.318,-7.296,4.54,162.089,1.05727
1842,147360.0,1,0.05014786496758461,0.07286273688077927,0.31965,0.00018511661619413644,-22.356,-7.264,4.361,162.182,1.0574
1843,147440.0,1,0.05518292635679245,0.08555180579423904,0.31712,0.00019746666657738388,-22.375,-7.232,4.284,162.192,1.05719
1844,147520.0,1,0.05701235309243202,0.08510193973779678,0.31596,0.00016368650540243834,-22.403,-7.316,4.38,162.029,1.05834
1845,147600.0,1,0.05771544575691223,0.08300232142210007,0.31665,0.00014728550740983337,-22.472,-7.353,4.393,161.701,1.06012
1846,147680.0,1,0.060113582760095596,0.0848461166024208,0.31585,0.00013346581545192748,-22.501,-7.339,4.359,161.699,1.06073
1847,147760.0,1,0.06170262396335602,0.08370467275381088,0.31451,0.00011844999244203791,-22.498,-7.353,4.369,161.686,1.06114
1848,147840.0,1,0.05787675082683563,0.07986464351415634,0.31616,0.00011216691200388595,-22.488,-7.365,4.305,161.938,1.061
1849,147920.0,1,0.0522426962852478,0.07695236802101135,0.31637,0.0001301876618526876,-22.266,-7.203,4.232,161.858,1.06153
1850,148000.0,1,0.05788040533661842,0.07678966224193573,0.3146,0.00012172422430012375,-22.307,-7.164,4.148,162.017,1.06161
1851,148080.0,1,0.07747949659824371,0.08332167565822601,0.30749,0.00011382048251107335,-22.292,-7.165,4.161,162.059,1.06124
1852,148160.0,1,0.07994509488344193,0.08513833582401276,0.30754,0.00012599538604263216,-22.312,-7.16,4.145,162.192,1.06076
1853,148240.0,1,0.07975615561008453,0.08690585941076279,0.30787,0.00012100704771000892,-22.269,-7.117,4.109,162.239,1.06014
1854,148320.0,1,0.08051492273807526,0.0865132212638855,0.30826,0.00010994008334819227,-22.237,-7.142,4.127,162.344,1.05989
1855,148400.0,1,0.07832261919975281,0.08483830839395523,0.30927,0.00010971774463541806,-22.234,-7.144,4.145,162.339,1.05907
1856,148480.0,1,0.07636939734220505,0.08368057012557983,0.30996,0.00011086810263805091,-22.192,-7.185,4.131,162.388,1.0591
1857,148560.0,1,0.0785866379737854,0.08517447859048843,0.3078,0.00011387302947696298,-22.381,-7.218,4.215,162.246,1.05944
1858,148640.0,1,0.07640696316957474,0.0835968628525734,0.30673,0.00010543822281761095,-22.166,-7.203,4.169,162.26,1.05951
1859,148720.0,1,0.0734269991517067,0.08081506192684174,0.30795,0.00010186056169914082,-22.166,-7.225,4.154,162.235,1.05936
1860,148800.0,1,0.07529614865779877,0.08244261145591736,0.3076,9.13697513169609e-05,-22.499,-7.233,4.251,162.115,1.05929
1861,148880.0,1,0.07568927854299545,0.08134195953607559,0.30735,9.723736002342775e-05,-22.861,-7.292,4.311,162.075,1.0591
1862,148960.0,1,0.07502523809671402,0.08309131115674973,0.30787,0.0001036824396578595,-22.867,-7.288,4.321,162.094,1.05901
1863,149040.0,1,0.07513990253210068,0.08297095447778702,0.30799,0.00010231781925540417,-22.864,-7.288,4.318,162.011,1.05911
1864,149120.0,1,0.07505437731742859,0.08231949806213379,0.30828,0.0001043179290718399,-22.843,-7.286,4.313,162.024,1.05867
1865,149200.0,1,0.07629138231277466,0.08335907012224197,0.30803,0.00010412701522000134,-22.849,-7.26,4.318,161.969,1.05898
1866,149280.0,1,0.07813983410596848,0.08397946506738663,0.30724,0.00010639295214787126,-22.897,-7.278,4.334,162.025,1.05858
1867,149360.0,1,0.08896198123693466,0.08899036794900894,0.30434,0.00011046391591662541,-23.15,-7.218,4.202,161.96,1.05874
1868,149440.0,1,0.7058337926864624,0.640657365322113,0.11704,0.00022806091874372214,-24.182,-7.013,3.802,162.03,1.0589
1869,149520.0,1,0.5543318390846252,0.5453938245773315,0.16219,0.0002115212264470756,-23.94,-7.055,3.85,161.947,1.05919
1870,149600.0,1,0.3447989523410797,0.415537029504776,0.2264,0.00014668759831693023,-23.623,-6.968,4.05,161.915,1.05896
1871,149680.0,1,0.3207743763923645,0.3845793902873993,0.23401,0.00015475216787308455,-23.314,-7.21,4.038,161.804,1.05989
1872,149760.0,1,0.816228985786438,0.8021489381790161,0.0385,0.0002299829211551696,-23.763,-7.266,3.769,161.757,1.06056
1873,149840.0,1,0.798497200012207,0.777937650680542,0.06012,0.00023843301460146904,-23.521,-7.293,3.758,161.705,1.06092
1874,149920.0,1,0.3412584960460663,0.46932488679885864,0.21581,0.00016020878683775663,-23.325,-7.34,4.041,161.892,1.05949
1875,150000.0,1,0.1314946413040161,0.2306387573480606,0.27387,0.00013289118942338973,-23.022,-7.378,4.086,161.802,1.05993
1876,150080.0,1,0.09739237278699875,0.14964528381824493,0.28853,0.00011340792843839154,-22.645,-7.456,4.061,161.89,1.05985
1877,150160.0,1,0.08049343526363373,0.12009888142347336,0.29776,0.0001000376942101866,-22.497,-7.509,4.095,161.842,1.05964
1878,150240.0,1,0.07159063220024109,0.1041656881570816,0.30462,8.871134195942432e-05,-22.42,-7.492,4.121,161.968,1.05917
1879,150320.0,1,0.06876243650913239,0.09728620201349258,0.30817,9.093862172449008e-05,-22.453,-7.514,4.115,161.91,1.0596
1880,150400.0,1,0.06469737738370895,0.09363483637571335,0.30991,9.674329339759424e-05,-22.453,-7.494,4.087,161.968,1.05953
1881,150480.0,1,0.06221418455243111,0.08843079954385757,0.31145,9.438987035537139e-05,-22.165,-7.507,4.178,161.918,1.05939
1882,150560.0,1,0.06205606833100319,0.08323498070240021,0.31281,8.687859372003004e-05,-22.321,-7.426,4.203,161.981,1.0594
1883,150640.0,1,0.06129889562726021,0.0829620286822319,0.31248,8.66908158059232e-05,-22.316,-7.441,4.187,161.934,1.05931
1884,150720.0,1,0.06035775691270828,0.08311333507299423,0.31553,0.00010532828309806064,-22.508,-7.45,4.172,161.901,1.0595
1885,150800.0,1,0.06144983693957329,0.07501928508281708,0.31953,0.00012460144353099167,-22.798,-7.428,4.123,161.811,1.05897
1886,150880.0,1,0.062220677733421326,0.07407456636428833,0.31892,0.00011852480383822694,-22.938,-7.431,4.146,161.882,1.05877
1887,150960.0,1,0.06495427340269089,0.07451341301202774,0.31798,0.0001160465253633447,-22.991,-7.423,4.196,161.837,1.05895
1888,151040.0,1,0.0659656748175621,0.07378407567739487,0.31795,0.00010383174230810255,-22.965,-7.395,4.192,161.879,1.05885
1889,151120.0,1,0.06614841520786285,0.07204143702983856,0.31818,9.779670654097572e-05,-22.973,-7.421,4.22,161.876,1.05881
1890,151200.0,1,0.06595364958047867,0.07069166004657745,0.31945,8.713097486179322e-05,-23.151,-7.38,4.289,161.896,1.05893
1891,151280.0,1,0.06509901583194733,0.06959638744592667,0.32022,9.093654080061242e-05,-23.049,-7.29,4.287,161.818,1.05896
1892,151360.0,1,0.06471025943756104,0.06888972967863083,0.31875,9.696808410808444e-05,-23.011,-7.259,4.324,161.835,1.0589
1893,151440.0,1,0.06815433502197266,0.07304081320762634,0.31477,9.384098666487262e-05,-22.969,-7.258,4.364,161.781,1.05901
1894,151520.0,1,0.07053109258413315,0.07406184077262878,0.31353,0.00010788606596179307,-22.997,-7.318,4.43,161.853,1.05872
1895,151600.0,1,0.0714130848646164,0.07455193996429443,0.31297,0.00010715106327552348,-23.007,-7.326,4.444,161.76,1.05923
1896,151680.0,1,0.06595616787672043,0.07075045257806778,0.3152,8.767204417381436e-05,-22.966,-7.321,4.428,161.724,1.05938
1897,151760.0,1,0.0665912926197052,0.07227927446365356,0.31548,8.107488247333094e-05,-22.817,-7.387,4.425,161.689,1.05946
1898,151840.0,1,0.06446082144975662,0.06829430162906647,0.31675,8.695120050106198e-05,-22.917,-7.343,4.468,161.761,1.05907
1899,151920.0,1,0.06619689613580704,0.07682400941848755,0.3117,0.00010727609333116561,-22.902,-7.344,4.415,161.749,1.05905
1900,152000.0,1,0.06401229649782181,0.07773712277412415,0.31107,0.00011745079245883971,-22.919,-7.363,4.376,161.844,1.0586
1901,152080.0,1,0.06415615230798721,0.07752221077680588,0.31105,0.00011990231723757461,-22.957,-7.38,4.364,161.712,1.05936
1902,152160.0,1,0.0650051161646843,0.07934389263391495,0.31043,0.00011924158752663061,-22.973,-7.384,4.277,161.719,1.05966
1903,152240.0,1,0.06872546672821045,0.08284993469715118,0.30925,0.00012592044367920607,-22.834,-7.403,4.315,161.667,1.06035
1904,152320.0,1,0.3151676654815674,0.3084834814071655,0.24599,0.00017446962010581046,-23.509,-7.145,4.18,161.684,1.0612
1905,152400.0,1,0.28765156865119934,0.30470985174179077,0.2488,0.00017472932813689113,-23.443,-7.186,4.174,161.612,1.06194
1906,152480.0,1,0.25878000259399414,0.2936498820781708,0.25317,0.0001829442917369306,-23.457,-7.203,4.262,161.659,1.06221
1907,152560.0,1,0.193901926279068,0.2408287674188614,0.26674,0.00019994101603515446,-23.192,-7.258,4.236,161.639,1.06212
1908,152640.0,1,0.15405766665935516,0.19353190064430237,0.27789,0.00015431422798428684,-23.021,-7.286,4.28,161.674,1.06143
1909,152720.0,1,0.13805021345615387,0.16671574115753174,0.28471,0.0001497340272180736,-23.005,-7.263,4.286,161.691,1.06147
1910,152800.0,1,0.12991611659526825,0.1588321030139923,0.28763,0.00015392260684166104,-22.994,-7.263,4.275,161.762,1.06122
1911,152880.0,1,0.12208361178636551,0.15339967608451843,0.2901,0.000155274523422122,-23.011,-7.247,4.276,161.772,1.06128
1912,152960.0,1,0.11112859845161438,0.1333008110523224,0.29446,0.0001534447364974767,-22.889,-7.201,4.284,161.851,1.06075
1913,153040.0,1,0.07562784105539322,0.08812039345502853,0.31101,0.0001412190613336861,-22.829,-7.207,4.309,161.856,1.06092
1914,153120.0,1,0.06284517794847488,0.07504704594612122,0.31617,0.00012284079275559634,-22.801,-7.223,4.302,161.956,1.06048
1915,153200.0,1,0.06151236966252327,0.07456239312887192,0.31662,0.00010580241360003129,-22.749,-7.215,4.288,161.892,1.06055
1916,153280.0,1,0.06175121292471886,0.06817600131034851,0.31829,0.00010876345913857222,-22.886,-7.187,4.181,161.907,1.06066
1917,153360.0,1,0.06103787198662758,0.06875964254140854,0.31887,0.00011387585254851729,-22.939,-7.184,4.148,161.863,1.06013
1918,153440.0,1,0.061241038143634796,0.06913930177688599,0.31853,0.00012627671821974218,-23.072,-7.207,4.159,161.846,1.06018
1919,153520.0,1,0.06415359675884247,0.07178305089473724,0.31741,0.00011578093108255416,-23.151,-7.223,4.186,161.754,1.0602
1920,153600.0,1,0.06098741292953491,0.0809275284409523,0.3162,0.00012912391684949398,-22.789,-7.167,4.126,161.729,1.06028
1921,153680.0,1,0.06059524789452553,0.08538287878036499,0.31777,0.0001249065826414153,-22.709,-7.102,4.024,161.682,1.06033
1922,153760.0,1,0.06209263205528259,0.08756475150585175,0.31638,0.00012309466546867043,-22.674,-7.079,4.014,161.724,1.06014
1923,153840.0,1,0.06138085946440697,0.08637914061546326,0.31522,0.00012470853107515723,-22.624,-7.027,4.002,161.642,1.0606
1924,153920.0,1,0.05962235853075981,0.0857449471950531,0.31483,0.00012788739695679396,-22.633,-7.014,4.017,161.702,1.06016
1925,154000.0,1,0.061118897050619125,0.08419972658157349,0.31411,0.00012484680337365717,-22.628,-7.108,4.12,161.633,1.06004
1926,154080.0,1,0.06048554554581642,0.08268315345048904,0.31413,0.00012813824287150055,-22.637,-7.133,4.144,161.715,1.05964
1927,154160.0,1,0.05874163657426834,0.08130019158124924,0.31425,0.00014682221808470786,-22.499,-7.084,4.129,161.794,1.05973
1928,154240.0,1,0.46797680854797363,0.47191014885902405,0.19932,0.00018663727678358555,-23.507,-7.0,3.823,161.8,1.05984
1929,154320.0,1,0.3834148347377777,0.4385436177253723,0.21574,0.0001781684986781329,-23.704,-7.082,3.911,161.748,1.05986
1930,154400.0,1,0.27424705028533936,0.34410491585731506,0.25026,0.00016462440544273704,-23.458,-6.969,3.979,161.755,1.05965
1931,154480.0,1,0.15072199702262878,0.21178686618804932,0.2793,0.0001517794153187424,-23.305,-7.112,4.079,161.683,1.05994
1932,154560.0,1,0.11561683565378189,0.16269269585609436,0.28867,0.00013752422819379717,-23.202,-7.148,4.147,161.673,1.05967
1933,154640.0,1,0.10601060837507248,0.15030550956726074,0.29256,0.00012691855954471976,-23.122,-7.145,4.133,161.656,1.05926
1934,154720.0,1,0.10100863873958588,0.14261701703071594,0.29502,0.00011935079237446189,-23.205,-7.159,4.153,161.744,1.05951
1935,154800.0,1,0.09293107688426971,0.13416671752929688,0.29655,0.00011050922330468893,-23.185,-7.148,4.071,161.682,1.06009
1936,154880.0,1,0.09080370515584946,0.13054735958576202,0.29716,0.00010335787374060601,-23.245,-7.107,4.072,161.756,1.05997
1937,154960.0,1,0.08727578818798065,0.1259668618440628,0.29836,0.00010651902994140983,-23.245,-7.139,4.029,161.666,1.05993
1938,155040.0,1,0.08529285341501236,0.12276127189397812,0.29922,0.00011219397856621072,-23.129,-7.141,3.966,161.75,1.05984
1939,155120.0,1,0.08407926559448242,0.1197361871600151,0.2999,0.00011211033415747806,-23.103,-7.127,3.98,161.736,1.05963
1940,155200.0,1,0.07341892272233963,0.10506466031074524,0.30504,0.0001073835592251271,-23.091,-7.265,3.919,161.824,1.05923
1941,155280.0,1,0.06915929913520813,0.09427101165056229,0.30791,9.304969717049971e-05,-23.038,-7.249,3.888,161.792,1.05954
1942,155360.0,1,0.06805605441331863,0.0935930460691452,0.30632,0.00010669541370589286,-23.128,-7.17,3.681,161.964,1.05975
1943,155440.0,1,0.0771535113453865,0.09185398370027542,0.30878,9.458197018830106e-05,-23.014,-7.101,3.484,161.933,1.06012
1944,155520.0,1,0.08095303922891617,0.08378896862268448,0.30845,0.00011788648407673463,-23.007,-7.037,3.648,162.015,1.05925
1945,155600.0,1,0.08089353144168854,0.08589573949575424,0.30763,0.0001285337784793228,-23.008,-7.086,3.777,161.886,1.06014
1946,155680.0,1,0.07829254865646362,0.0855257511138916,0.30796,0.00011861094390042126,-23.212,-7.066,3.819,161.952,1.05999
1947,155760.0,1,0.07599412649869919,0.08908004313707352,0.30839,0.00011641082528512925,-23.252,-7.066,3.762,161.888,1.06001
1948,155840.0,1,0.07498514652252197,0.08923029154539108,0.30866,0.00010665268928278238,-23.347,-7.096,3.808,161.926,1.05978
1949,155920.0,1,0.07097673416137695,0.08677104115486145,0.3116,0.00010338448919355869,-23.246,-7.039,3.886,161.767,1.06067
1950,156000.0,1,0.07260890305042267,0.08446013182401657,0.31186,0.0001002872668323107,-23.252,-6.96,3.97,161.768,1.06049
1951,156080.0,1,0.07165366411209106,0.08649197965860367,0.31094,0.00010204927093582228,-23.315,-6.952,3.944,161.722,1.06066
1952,156160.0,1,0.07113061845302582,0.08315280079841614,0.31175,0.00011076686496380717,-23.323,-6.948,4.047,161.691,1.06054
1953,156240.0,1,0.07047533988952637,0.08226800709962845,0.31173,0.00011862780229421332,-23.283,-7.006,4.007,161.726,1.06027
1954,156320.0,1,0.07091104984283447,0.08182498067617416,0.31106,0.00011390972940716892,-23.309,-7.054,4.05,162.005,1.05839
1955,156400.0,1,0.0665312260389328,0.08167622983455658,0.31161,0.00010720891441451386,-23.204,-7.006,4.135,162.554,1.05456
1956,156480.0,1,0.06965231150388718,0.09417842328548431,0.30815,0.0001337797730229795,-23.004,-6.855,3.99,162.829,1.05174
1957,156560.0,1,0.061594512313604355,0.09521163254976273,0.31204,0.00015301676467061043,-22.746,-6.821,3.925,157.738,1.05657
1958,156640.0,1,0.059710610657930374,0.09162041544914246,0.31426,0.0001477161713410169,-22.734,-6.84,3.965,157.621,1.05585
1959,156720.0,1,0.05938200652599335,0.08975093066692352,0.31615,0.0001459977065678686,-22.745,-6.848,4.04,157.457,1.05608
1960,156800.0,1,0.06313873082399368,0.09575224667787552,0.31393,0.0001339265436399728,-22.781,-6.887,4.032,157.478,1.05577
1961,156880.0,1,0.06643189489841461,0.09533295035362244,0.31275,0.00013091765868011862,-22.723,-6.911,4.076,157.418,1.05628
1962,156960.0,1,0.0660874992609024,0.0942959189414978,0.31244,0.0001292157976422459,-22.695,-6.944,4.121,157.466,1.05618
1963,157040.0,1,0.06598763167858124,0.0923723578453064,0.31155,0.00012676061305683106,-22.675,-6.98,4.122,157.394,1.05686
1964,157120.0,1,0.06448168307542801,0.09081053733825684,0.31167,0.00012433889787644148,-22.644,-6.968,4.129,157.391,1.0567
1965,157200.0,1,0.06383957713842392,0.0891617089509964,0.31199,0.00012187995889689773,-22.727,-6.959,4.123,157.321,1.05717
1966,157280.0,1,0.06171548366546631,0.08805721998214722,0.31259,0.00012375539517961442,-22.824,-6.959,4.088,157.321,1.05699
1967,157360.0,1,0.059247877448797226,0.08748505264520645,0.31384,0.00012811356282327324,-22.832,-6.905,4.036,157.223,1.05741
1968,157440.0,1,0.060876794159412384,0.08771547675132751,0.31352,0.0001283926540054381,-22.7,-7.03,3.983,157.164,1.05793
1969,157520.0,1,0.062211863696575165,0.08802492171525955,0.31266,0.00011634979455266148,-22.646,-7.065,3.987,157.082,1.05795
1970,157600.0,1,0.06214871257543564,0.08630945533514023,0.31281,0.0001131708049797453,-22.641,-7.093,4.052,157.13,1.05822
1971,157680.0,1,0.04831836745142937,0.08287911117076874,0.32005,0.00010618750820867717,-22.417,-7.202,3.962,157.102,1.05911
1972,157760.0,1,0.05576593801379204,0.09363452345132828,0.31476,8.818309288471937e-05,-22.343,-7.194,3.938,157.26,1.05856
1973,157840.0,1,0.060188766568899155,0.0917779728770256,0.31367,8.4705650806427e-05,-22.404,-7.154,4.127,157.212,1.05896
1974,157920.0,1,0.06780999153852463,0.08900422602891922,0.3115,9.049639629665762e-05,-22.512,-7.123,4.131,157.217,1.05885
1975,158000.0,1,0.06929329037666321,0.08857496827840805,0.31113,9.706959099275991e-05,-22.434,-7.103,4.082,157.23,1.05956
1976,158080.0,1,0.06936230510473251,0.08630607277154922,0.31198,9.050132211996242e-05,-22.324,-7.032,4.078,157.247,1.05979
1977,158160.0,1,0.06829021871089935,0.08407311886548996,0.31249,8.1960744864773e-05,-22.314,-7.023,4.092,156.38,1.06299
1978,158240.0,1,0.06938756257295609,0.08402024954557419,0.31239,8.070747571764514e-05,-22.008,-7.043,4.019,155.346,1.06846
1979,158320.0,1,0.05971760302782059,0.0764915719628334,0.31763,7.368622027570382e-05,-22.082,-7.122,4.106,155.302,1.06873
1980,158400.0,1,0.05161762237548828,0.06357795000076294,0.3212,8.656971476739272e-05,-22.059,-7.087,4.014,155.04,1.07114
1981,158480.0,1,0.0382327139377594,0.05400940403342247,0.3305,8.342100045410916e-05,-21.625,-6.991,4.023,154.962,1.07108
1982,158560.0,1,0.04264463111758232,0.06080463156104088,0.32624,8.517942478647456e-05,-21.638,-6.992,4.022,155.039,1.07071
1983,158640.0,1,0.04596863314509392,0.06453105062246323,0.32543,9.488567593507469e-05,-21.653,-6.979,4.022,154.987,1.071
1984,158720.0,1,0.04742933437228203,0.06521249562501907,0.32464,9.933170076692477e-05,-21.665,-6.944,4.004,155.033,1.07113
1985,158800.0,1,0.04713130742311478,0.06485023349523544,0.3242,0.00010195744835073128,-21.69,-6.925,3.992,154.999,1.07074
1986,158880.0,1,0.046337395906448364,0.06432332843542099,0.32424,0.00010051387653220445,-21.681,-6.93,4.026,155.02,1.07081
1987,158960.0,1,0.04531367868185043,0.06447070837020874,0.32404,0.00010380015737609938,-21.717,-6.951,4.031,154.948,1.07132
1988,159040.0,1,0.044576168060302734,0.0649908259510994,0.3238,0.0001028201513690874,-21.703,-6.958,4.022,154.99,1.07117
1989,159120.0,1,0.04482971131801605,0.06522518396377563,0.3235,0.00011034937779186293,-21.638,-6.958,4.015,154.928,1.07107
1990,159200.0,1,0.046117719262838364,0.06419996172189713,0.32193,0.00010614054190227762,-21.653,-7.029,4.051,154.947,1.07086
1991,159280.0,1,0.044614244252443314,0.06261023133993149,0.32268,9.823842265177518e-05,-21.7,-7.093,4.12,154.902,1.07118
1992,159360.0,1,0.04548445716500282,0.0604749396443367,0.32414,0.00010957690392388031,-21.943,-7.09,4.192,154.9,1.07044
1993,159440.0,1,0.04617573320865631,0.05981703847646713,0.32442,0.00010875142470467836,-21.943,-7.024,4.2,154.883,1.07108
1994,159520.0,1,0.048660941421985626,0.060560572892427444,0.32349,0.00011086577433161438,-21.818,-6.928,4.174,154.956,1.07115
1995,159600.0,1,0.05332012474536896,0.061813030391931534,0.32239,0.00010152920003747568,-21.78,-6.896,4.154,154.948,1.07095
1996,159680.0,1,0.05540568009018898,0.06245994567871094,0.32059,9.568617679178715e-05,-21.805,-6.898,4.124,155.016,1.07068
1997,159760.0,1,0.05174079164862633,0.05985303223133087,0.32158,9.773619240149856e-05,-21.814,-6.872,4.138,154.987,1.07074
1998,159840.0,1,0.048506319522857666,0.05980917438864708,0.32234,0.0001086800912162289,-21.79,-6.83,4.072,155.025,1.07077
1999,159920.0,1,0.04853177070617676,0.0621986910700798,0.32259,0.0001180414910777472,-21.802,-6.803,4.05,154.961,1.07109
2000,160000.0,1,0.051453083753585815,0.07083236426115036,0.31943,0.00011189652286702767,-21.879,-6.796,4.012,155.101,1.07039
2001,160080.0,1,0.05464349687099457,0.07185880094766617,0.31703,0.00010229440522380173,-21.875,-6.814,3.973,155.106,1.0704
2002,160160.0,1,0.054832566529512405,0.07025372982025146,0.31795,0.00010072765144286677,-21.898,-6.869,3.999,155.286,1.06782
2003,160240.0,1,0.054769765585660934,0.06936826556921005,0.31839,9.415793465450406e-05,-21.914,-6.882,3.982,155.308,1.06624
2004,160320.0,1,0.0685056746006012,0.07684015482664108,0.31283,7.819860911695287e-05,-21.842,-6.938,3.931,155.437,1.06466
2005,160400.0,1,0.7151776552200317,0.717555046081543,0.09036,0.0001238024706253782,-23.356,-6.733,3.28,155.491,1.06511
2006,160480.0,1,0.5679609775543213,0.601668655872345,0.14654,0.00016064611554611474,-23.25,-6.819,3.511,155.653,1.06457
2007,160560.0,1,0.406656414270401,0.48029497265815735,0.206,0.00013448091340251267,-23.23,-6.797,3.59,155.626,1.06436
2008,160640.0,1,0.19690966606140137,0.28423577547073364,0.26421,0.00011099365656264126,-23.097,-6.887,3.58,155.691,1.06409
2009,160720.0,1,0.12620335817337036,0.189541295170784,0.28647,0.00010894572915276513,-22.836,-7.01,3.675,155.673,1.06435
2010,160800.0,1,0.0968472883105278,0.1516144871711731,0.29864,0.00010773164831334725,-22.738,-7.083,3.827,155.75,1.06411
2011,160880.0,1,0.08752474188804626,0.13112904131412506,0.30328,9.938181756297126e-05,-22.684,-7.078,3.903,155.678,1.06459
2012,160960.0,1,0.08551148325204849,0.11946743726730347,0.30539,9.955121640814468e-05,-22.721,-7.109,3.923,155.703,1.06434
2013,161040.0,1,0.08445797860622406,0.11540015041828156,0.30505,0.00010581250535324216,-22.637,-7.033,3.894,155.621,1.06421
2014,161120.0,1,0.08157449215650558,0.10958661884069443,0.30626,0.00010573645704425871,-22.65,-7.037,3.917,155.654,1.06382
2015,161200.0,1,0.07937794923782349,0.10173388570547104,0.30727,9.717062494019046e-05,-22.628,-7.061,3.995,155.585,1.06401
2016,161280.0,1,0.07772041857242584,0.09624401479959488,0.31017,8.965327288024127e-05,-22.77,-6.971,4.07,155.575,1.06413
2017,161360.0,1,0.07067380100488663,0.08877720683813095,0.31339,9.301635145675391e-05,-22.707,-6.937,4.03,155.535,1.06392
2018,161440.0,1,0.06900294125080109,0.08870500326156616,0.31362,0.00010014553845394403,-22.806,-6.884,4.035,155.551,1.06398
2019,161520.0,1,0.06810007244348526,0.08593569695949554,0.31345,0.0001001251075649634,-22.797,-6.867,4.098,155.502,1.06398
2020,161600.0,1,0.06911131739616394,0.08365514874458313,0.31383,0.00010492109868209809,-22.922,-6.861,4.157,155.582,1.06424
2021,161680.0,1,0.06799592822790146,0.0824899896979332,0.31453,0.00010185696737607941,-22.801,-6.876,4.165,155.551,1.06446
2022,161760.0,1,0.06762572377920151,0.0825929045677185,0.31399,0.00010138408106286079,-22.764,-6.92,4.168,156.194,1.05937
2023,161840.0,1,0.0680944174528122,0.0783652663230896,0.31534,9.783326095202938e-05,-22.517,-7.016,4.159,157.695,1.05258
2024,161920.0,1,0.06750278174877167,0.07882549613714218,0.31443,9.507814684184268e-05,-22.463,-7.023,4.104,157.894,1.05084
2025,162000.0,1,0.06234835833311081,0.0815681740641594,0.31365,0.00010498454503249377,-22.502,-7.062,4.047,157.738,1.05126
2026,162080.0,1,0.059057336300611496,0.07818073779344559,0.31431,0.00011890888708876446,-22.491,-7.046,4.032,157.492,1.05166
2027,162160.0,1,0.057954367250204086,0.07825374603271484,0.31433,0.00012206676183268428,-22.398,-7.091,4.008,157.262,1.05232
2028,162240.0,1,0.05639677867293358,0.07859975099563599,0.31522,0.000130877218907699,-22.249,-7.068,3.95,157.031,1.05366
2029,162320.0,1,0.056414585560560226,0.08077739924192429,0.31706,0.00012757524382323027,-22.293,-7.073,3.868,156.988,1.05347
2030,162400.0,1,0.056138355284929276,0.08093874156475067,0.31831,0.0001469659327995032,-22.22,-7.064,3.875,157.044,1.05306
2031,162480.0,1,0.057736072689294815,0.08348429203033447,0.31905,0.00014097581151872873,-22.215,-7.027,3.8,156.95,1.05347
2032,162560.0,1,0.05871837958693504,0.0842304676771164,0.31889,0.0001525975822005421,-22.253,-6.98,3.755,157.057,1.05306
2033,162640.0,1,0.058468688279390335,0.08319263905286789,0.31947,0.00014949406613595784,-22.232,-6.92,3.681,156.925,1.0538
2034,162720.0,1,0.057665664702653885,0.08307591080665588,0.32003,0.000139758616569452,-22.284,-6.892,3.668,156.923,1.05393
2035,162800.0,1,0.06109560653567314,0.08497609943151474,0.31874,0.00012205675011500716,-22.241,-6.888,3.731,156.869,1.05412
2036,162880.0,1,0.07385503500699997,0.08925508707761765,0.31268,0.00010982021922245622,-22.397,-6.878,3.758,156.899,1.05419
2037,162960.0,1,0.0732714980840683,0.0892689973115921,0.31081,0.00010679312981665134,-22.409,-6.832,3.717,156.868,1.05453
2038,163040.0,1,0.06645999848842621,0.08322232961654663,0.31435,0.00010033804574050009,-22.456,-6.856,3.713,156.907,1.05479
2039,163120.0,1,0.06491243094205856,0.0831640288233757,0.31279,0.0001033617154462263,-22.451,-6.857,3.654,156.913,1.05491
2040,163200.0,1,0.061409927904605865,0.07994095981121063,0.31413,9.013863746076822e-05,-22.126,-6.871,3.741,156.859,1.05587
2041,163280.0,1,0.061134517192840576,0.08202049136161804,0.31427,9.944287012331188e-05,-22.073,-6.884,3.705,156.817,1.05554
2042,163360.0,1,0.3815169334411621,0.38936060667037964,0.22485,0.00015188306861091405,-22.984,-6.683,3.454,156.563,1.05599
2043,163440.0,1,0.2903943359851837,0.35003864765167236,0.24063,0.00016076427709776908,-22.934,-6.727,3.391,156.509,1.0562
2044,163520.0,1,0.1932874172925949,0.27859780192375183,0.26445,0.0001390612596878782,-22.716,-6.713,3.474,156.658,1.05571
2045,163600.0,1,0.1234518513083458,0.2183818370103836,0.28308,0.00012537743896245956,-22.702,-6.739,3.642,156.686,1.0557
2046,163680.0,1,0.08951278030872345,0.16860276460647583,0.29463,0.0001191382689285092,-22.369,-6.815,3.726,156.824,1.05508
2047,163760.0,1,0.07800451666116714,0.1403060406446457,0.30057,0.00011571039067348465,-22.342,-6.836,3.733,156.85,1.0549
2048,163840.0,1,0.06488651782274246,0.10347086936235428,0.31171,0.00012672929733525962,-22.33,-6.847,3.698,156.963,1.05471
2049,163920.0,1,0.054098986089229584,0.07920747250318527,0.31961,0.00013248856703285128,-22.238,-6.931,3.672,157.137,1.05423
2050,164000.0,1,0.05092868208885193,0.07592228055000305,0.32215,0.00012753800547216088,-22.256,-7.036,3.691,157.236,1.05417
2051,164080.0,1,0.04711232706904411,0.07325378805398941,0.32374,0.00012991843686904758,-22.257,-7.052,3.693,157.248,1.05392
2052,164160.0,1,0.04651029780507088,0.06816316395998001,0.32534,0.00011301109043415636,-22.108,-6.943,3.623,157.373,1.05356
2053,164240.0,1,0.04549485817551613,0.06769274175167084,0.32564,0.00011136122338939458,-22.092,-6.955,3.666,157.39,1.05343
2054,164320.0,1,0.04387931898236275,0.06855525821447372,0.3259,0.0001125773269450292,-22.069,-6.899,3.674,157.48,1.05308
2055,164400.0,1,0.042595528066158295,0.0680021271109581,0.32597,0.00011516178346937522,-22.028,-6.897,3.697,157.45,1.05294
2056,164480.0,1,0.0414600670337677,0.06410854309797287,0.32714,9.838655387284234e-05,-21.916,-6.907,3.695,157.52,1.05274
2057,164560.0,1,0.04457968473434448,0.06726055592298508,0.32487,9.693629544926807e-05,-21.833,-6.964,3.682,157.484,1.05286
2058,164640.0,1,0.04778248816728592,0.07024770975112915,0.32368,9.95974478428252e-05,-21.939,-6.992,3.694,157.706,1.05181
2059,164720.0,1,0.05074882507324219,0.07339360564947128,0.32194,0.000110498585854657,-21.971,-7.0,3.689,157.62,1.05204
2060,164800.0,1,0.0514795184135437,0.07924500852823257,0.3207,0.00011926011211471632,-21.951,-6.987,3.578,157.657,1.05233
2061,164880.0,1,0.050114214420318604,0.07518413662910461,0.32206,0.00012256362242624164,-21.901,-6.957,3.54,157.604,1.05242
2062,164960.0,1,0.0480450838804245,0.06883204728364944,0.32466,0.0001275524846278131,-21.915,-6.96,3.541,157.676,1.05226
2063,165040.0,1,0.05171094462275505,0.07985927909612656,0.31924,0.0001240469719050452,-21.849,-6.828,3.655,157.694,1.05249
2064,165120.0,1,0.07987864315509796,0.10351710021495819,0.30253,0.00014173792442306876,-22.206,-6.862,3.534,157.544,1.05499
2065,165200.0,1,0.7450809478759766,0.7385393977165222,0.08064,0.0002639747108332813,-23.749,-6.89,3.109,157.603,1.05564
2066,165280.0,1,0.570391833782196,0.6099927425384521,0.14278,0.00028839518199674785,-23.787,-6.889,3.262,157.674,1.05558
2067,165360.0,1,0.37444186210632324,0.4917375445365906,0.20244,0.00022566237021237612,-23.745,-6.876,3.361,157.692,1.05571
2068,165440.0,1,0.19505099952220917,0.3029417097568512,0.25777,0.0001660204288782552,-23.585,-6.885,3.528,157.716,1.05587
2069,165520.0,1,0.12369668483734131,0.17675496637821198,0.28224,0.00014592017396353185,-23.458,-6.95,3.6,157.708,1.05588
2070,165600.0,1,0.10662748664617538,0.14422713220119476,0.28918,0.0001874760928330943,-22.354,-6.892,3.617,157.852,1.05608
2071,165680.0,1,0.09350289404392242,0.1307658851146698,0.29419,0.00017118964751716703,-22.304,-6.948,3.63,157.78,1.05632
2072,165760.0,1,0.07325886189937592,0.10723220556974411,0.30354,0.0001641300623305142,-22.211,-7.025,3.77,157.758,1.05599
2073,165840.0,1,0.06549583375453949,0.09700096398591995,0.30859,0.0001639880210859701,-22.204,-7.027,3.829,157.697,1.05586
2074,165920.0,1,0.057696517556905746,0.06349322199821472,0.32045,0.0001809168024919927,-22.123,-6.951,3.81,157.611,1.05616
2075,166000.0,1,0.05542570352554321,0.06311101466417313,0.32197,0.00014396730693988502,-22.232,-6.861,3.769,157.442,1.05673
2076,166080.0,1,0.06288721412420273,0.06906306743621826,0.31784,0.00013866972585674375,-22.152,-6.903,3.788,157.343,1.05712
2077,166160.0,1,0.06866468489170074,0.07111536711454391,0.31446,0.00013160944217815995,-22.135,-6.889,3.768,157.261,1.05733
2078,166240.0,1,0.06591887027025223,0.07329132407903671,0.31531,0.00013339177530724555,-22.147,-6.894,3.775,157.317,1.05717
2079,166320.0,1,0.06128497049212456,0.06935111433267593,0.31829,0.00014133371587377042,-22.195,-6.929,3.779,157.253,1.05689
2080,166400.0,1,0.057579249143600464,0.06042591109871864,0.32181,0.0001543078979011625,-22.224,-6.945,3.726,157.309,1.05699
2081,166480.0,1,0.05830047279596329,0.06245997175574303,0.31967,0.00013990610023029149,-21.963,-7.019,3.666,157.185,1.05717
2082,166560.0,1,0.05629526823759079,0.0590064600110054,0.32132,0.00013644841965287924,-22.19,-6.989,3.657,157.272,1.05703
2083,166640.0,1,0.05854405090212822,0.06268958747386932,0.31935,0.00014678429579362273,-22.149,-7.056,3.694,157.146,1.05738
2084,166720.0,1,0.05787650868296623,0.0619322843849659,0.3184,0.00015489713405258954,-22.005,-7.109,3.661,157.307,1.05687
2085,166800.0,1,0.05615834891796112,0.06188966706395149,0.31806,0.000160296491230838,-21.927,-7.027,3.554,157.24,1.05687
2086,166880.0,1,0.09134069830179214,0.09276748448610306,0.29783,0.00017862094682641327,-22.129,-6.909,3.429,157.262,1.05732
2087,166960.0,1,0.5076285004615784,0.4673151671886444,0.19307,0.0002639062877278775,-23.33,-6.746,3.223,157.199,1.05742
2088,167040.0,1,0.4230623245239258,0.3979990482330322,0.21444,0.00027556795976124704,-22.858,-6.835,3.23,156.921,1.06219
2089,167120.0,1,0.20768404006958008,0.2610267698764801,0.26053,0.00021366252622101456,-22.489,-6.766,3.257,156.877,1.06196
2090,167200.0,1,0.0994751900434494,0.14327406883239746,0.29277,0.00019343086751177907,-22.37,-6.788,3.315,156.919,1.06144
2091,167280.0,1,0.07783307880163193,0.11508595943450928,0.30379,0.00018229757552035153,-22.275,-6.819,3.323,156.864,1.06158
2092,167360.0,1,0.06514088064432144,0.10456569492816925,0.31043,0.00018011333304457366,-22.257,-6.828,3.351,156.912,1.06217
2093,167440.0,1,0.06337843835353851,0.10536758601665497,0.3109,0.00017221993766725063,-22.329,-6.879,3.423,156.884,1.06258
2094,167520.0,1,0.06640294939279556,0.1043289452791214,0.30958,0.00014673489204142243,-22.418,-6.947,3.552,156.979,1.06228
2095,167600.0,1,0.06661896407604218,0.09672073274850845,0.31095,0.00014968104369472712,-22.434,-6.953,3.652,156.973,1.06207
2096,167680.0,1,0.06453141570091248,0.09140484035015106,0.31219,0.00015211699064821005,-22.433,-6.945,3.644,157.102,1.06177
2097,167760.0,1,0.0707201138138771,0.09491559863090515,0.31059,0.00016652699559926987,-22.744,-6.752,3.4,157.122,1.06162
2098,167840.0,1,0.064511738717556,0.09037577360868454,0.31384,0.0001691297657089308,-22.725,-6.772,3.334,157.202,1.06187
2099,167920.0,1,0.05977020412683487,0.08756297081708908,0.31605,0.0001790325768524781,-22.815,-6.795,3.329,157.24,1.06194
2100,168000.0,1,0.05394561588764191,0.08361156284809113,0.31757,0.0001674182276474312,-22.788,-6.854,3.306,157.25,1.0615
2101,168080.0,1,0.051204271614551544,0.08079200237989426,0.31939,0.00016611479804851115,-22.781,-6.888,3.264,157.243,1.06171
2102,168160.0,1,0.05081520229578018,0.07746471464633942,0.32011,0.00017102550191339105,-22.769,-6.915,3.286,157.286,1.06171
2103,168240.0,1,0.052796345204114914,0.06690928339958191,0.32133,0.00013125839177519083,-22.582,-6.994,3.312,157.268,1.06203
2104,168320.0,1,0.051730990409851074,0.06439806520938873,0.32205,0.00013187399599701166,-22.605,-7.006,3.261,157.306,1.06169
2105,168400.0,1,0.05106870085000992,0.06417658925056458,0.32309,0.0001279884163523093,-22.733,-7.025,3.417,157.191,1.06214
2106,168480.0,1,0.05041653662919998,0.06284753233194351,0.32335,0.00011328006803523749,-22.584,-7.041,3.362,157.114,1.06289
2107,168560.0,1,0.04721292480826378,0.05943101644515991,0.32434,0.00012038291606586426,-22.553,-6.997,3.376,156.999,1.06286
2108,168640.0,1,0.04574668034911156,0.05866607278585434,0.3256,0.00012826417514588684,-22.574,-6.945,3.362,156.975,1.06277
2109,168720.0,1,0.046800047159194946,0.06042735278606415,0.32466,0.00012181025522295386,-22.486,-6.892,3.367,156.868,1.0631
2110,168800.0,1,0.04594184458255768,0.05941445380449295,0.32587,0.00012173037248430774,-22.469,-6.865,3.369,156.839,1.06349
2111,168880.0,1,0.04589167609810829,0.060254886746406555,0.32669,0.0001244358136318624,-22.533,-6.818,3.361,156.879,1.06303
2112,168960.0,1,0.04899425059556961,0.06436081975698471,0.32418,0.00011674466077238321,-22.21,-6.83,3.354,156.816,1.06383
2113,169040.0,1,0.047727443277835846,0.06784387677907944,0.32261,0.00011256412108195946,-22.129,-6.895,3.282,156.784,1.06441
2114,169120.0,1,0.17999206483364105,0.1511279046535492,0.27483,0.00015371300105471164,-22.389,-6.768,3.003,156.847,1.06434
2115,169200.0,1,0.5412241220474243,0.5359795093536377,0.16596,0.00025748691405169666,-23.433,-6.829,3.094,156.804,1.06451
2116,169280.0,1,0.5285936594009399,0.5113385319709778,0.18331,0.00022380141308531165,-23.322,-6.83,3.073,156.82,1.06425
2117,169360.0,1,0.2538883686065674,0.31196528673171997,0.25264,0.00013619651144836098,-23.055,-6.741,3.296,156.739,1.06461
2118,169440.0,1,0.10855133086442947,0.15690448880195618,0.29068,0.0001070895668817684,-22.872,-6.829,3.431,156.799,1.06501
2119,169520.0,1,0.07662859559059143,0.11830027401447296,0.30206,9.453128586756065e-05,-22.669,-6.791,3.519,156.762,1.06523
2120,169600.0,1,0.060467805713415146,0.09328189492225647,0.30968,9.223818051395938e-05,-22.622,-6.789,3.546,156.434,1.06622
2121,169680.0,1,0.053950462490320206,0.08226124942302704,0.31353,9.638215124141425e-05,-22.536,-6.73,3.553,156.214,1.06693
2122,169760.0,1,0.05297292396426201,0.0789552628993988,0.31501,0.00010496482718735933,-22.54,-6.736,3.565,156.199,1.0673
2123,169840.0,1,0.052252814173698425,0.07635247707366943,0.31577,0.00011108810576843098,-22.525,-6.772,3.58,156.163,1.06725
2124,169920.0,1,0.05124744772911072,0.07839235663414001,0.31567,0.00010380144522059709,-22.511,-6.816,3.54,156.089,1.06751
2125,170000.0,1,0.05039772763848305,0.07912018895149231,0.3153,0.00010388541704742238,-22.499,-6.85,3.537,156.067,1.06818
2126,170080.0,1,0.05138232558965683,0.0803576111793518,0.31453,8.886517025530338e-05,-22.531,-6.851,3.565,156.133,1.06833
2127,170160.0,1,0.05595909059047699,0.08472653478384018,0.3102,9.903650789055973e-05,-22.681,-6.831,3.458,156.119,1.06841
2128,170240.0,1,0.057910457253456116,0.08485614508390427,0.30864,9.926559869199991e-05,-22.83,-6.839,3.439,156.162,1.06858
2129,170320.0,1,0.057285126298666,0.08390387147665024,0.3094,0.0001034022425301373,-22.91,-6.813,3.423,156.17,1.06849
2130,170400.0,1,0.06262532621622086,0.08562066406011581,0.30826,0.00010444973304402083,-23.022,-6.748,3.258,156.322,1.06818
2131,170480.0,1,0.06475188583135605,0.08706539869308472,0.30836,0.00010248215403407812,-23.189,-6.811,3.284,156.327,1.06812
2132,170560.0,1,0.0648617148399353,0.08814312517642975,0.30966,0.00010132687020814046,-23.12,-6.869,3.314,156.383,1.06821
2133,170640.0,1,0.06690920889377594,0.09021377563476562,0.30875,0.0001045629323925823,-22.996,-6.858,3.283,156.36,1.06825
2134,170720.0,1,0.4900502562522888,0.48406222462654114,0.19508,0.00019078496552538127,-23.909,-6.41,2.92,156.412,1.06838
2135,170800.0,1,0.45921632647514343,0.480403333902359,0.2061,0.00018124796042684466,-23.542,-6.452,2.823,156.311,1.06859
2136,170880.0,1,0.19947238266468048,0.27544406056404114,0.2631,0.00012499032891355455,-23.185,-6.547,3.0,156.278,1.06822
2137,170960.0,1,0.11105567216873169,0.17665603756904602,0.28629,0.00010104435204993933,-22.751,-6.645,3.199,156.338,1.06739
2138,171040.0,1,0.08669983595609665,0.14809869229793549,0.29564,9.260693332180381e-05,-22.72,-6.654,3.343,156.248,1.06796
2139,171120.0,1,0.07800251245498657,0.12770530581474304,0.3008,8.878343942342326e-05,-22.737,-6.704,3.396,156.165,1.06791
2140,171200.0,1,0.0724194273352623,0.11861033737659454,0.30446,8.684603380970657e-05,-22.754,-6.782,3.414,156.191,1.06772
2141,171280.0,1,0.06816867738962173,0.10703574866056442,0.30765,8.75534096849151e-05,-22.763,-6.801,3.425,156.122,1.06857
2142,171360.0,1,0.06562552601099014,0.10243550688028336,0.30906,8.744911610847339e-05,-22.709,-6.798,3.414,156.102,1.06848
2143,171440.0,1,0.0637679472565651,0.09663904458284378,0.30992,8.488824096275494e-05,-22.607,-6.808,3.386,156.067,1.06831
2144,171520.0,1,0.06377339363098145,0.0936242938041687,0.31166,7.554449257440865e-05,-22.77,-6.788,3.383,156.096,1.06822
2145,171600.0,1,0.06080212816596031,0.0885845199227333,0.31571,6.416632822947577e-05,-22.747,-6.794,3.434,156.029,1.06807
2146,171680.0,1,0.05962429568171501,0.08421480655670166,0.31569,6.358588871080428e-05,-22.739,-6.799,3.498,156.202,1.06596
2147,171760.0,1,0.057236671447753906,0.08131735026836395,0.31669,6.331167969619855e-05,-22.728,-6.822,3.537,156.013,1.06472
2148,171840.0,1,0.05406591668725014,0.07418613135814667,0.31962,8.090860501397401e-05,-22.718,-6.883,3.592,155.866,1.06297
2149,171920.0,1,0.05433616414666176,0.07490506768226624,0.31924,0.00010037824540631846,-22.664,-6.89,3.512,155.83,1.0627
2150,172000.0,1,0.05278317257761955,0.0740140751004219,0.31945,0.00011172317317686975,-22.637,-6.942,3.506,155.855,1.06269
2151,172080.0,1,0.05254889652132988,0.07369564473628998,0.31936,0.00012470305955503136,-22.699,-6.995,3.511,155.864,1.06244
2152,172160.0,1,0.05093640834093094,0.07128401845693588,0.32052,0.00013445885269902647,-22.742,-6.967,3.477,155.948,1.06269
2153,172240.0,1,0.05330441892147064,0.07207290828227997,0.31988,0.00014576873218175024,-22.763,-6.938,3.487,155.926,1.0629
2154,172320.0,1,0.055768340826034546,0.07109914720058441,0.31987,0.00014837173512205482,-22.698,-6.906,3.502,155.98,1.06267
2155,172400.0,1,0.05482737347483635,0.06787125766277313,0.32046,0.00014932779595255852,-22.709,-6.904,3.53,155.957,1.06286
2156,172480.0,1,0.05291105434298515,0.066012904047966,0.3205,0.00015020922000985593,-22.688,-6.886,3.508,156.038,1.06264
2157,172560.0,1,0.05015657842159271,0.0634223222732544,0.32062,0.00013458392641041428,-22.539,-6.946,3.48,155.997,1.0625
2158,172640.0,1,0.04882470518350601,0.06219867616891861,0.32095,0.00012360891560092568,-22.458,-6.959,3.508,156.147,1.06212
2159,172720.0,1,0.04798490181565285,0.05848797410726547,0.32252,0.0001120566957979463,-22.4,-6.972,3.568,156.104,1.06239
2160,172800.0,1,0.0499982014298439,0.06212826445698738,0.31965,0.0001142700421041809,-22.184,-7.031,3.599,156.035,1.06255
2161,172880.0,1,0.053626898676157,0.06681713461875916,0.3165,0.00012325416901148856,-22.202,-7.042,3.603,155.98,1.06289
2162,172960.0,1,0.05691061168909073,0.07205227017402649,0.31211,0.0001244248851435259,-22.139,-6.957,3.536,156.069,1.06298
2163,173040.0,1,0.05572320520877838,0.07024291902780533,0.31418,0.00011527977767400444,-22.117,-6.992,3.526,156.136,1.06226
2164,173120.0,1,0.05470059812068939,0.06602221727371216,0.31575,9.284735278924927e-05,-22.162,-7.045,3.469,156.104,1.06305
2165,173200.0,1,0.05286097526550293,0.06591752171516418,0.31664,9.496551501797512e-05,-22.093,-7.052,3.405,156.047,1.06376
2166,173280.0,1,0.05019247159361839,0.06379460543394089,0.3181,9.135268919635564e-05,-21.995,-7.059,3.401,156.076,1.06373
2167,173360.0,1,0.045983295887708664,0.059213727712631226,0.32583,9.309691813541576e-05,-21.918,-6.957,3.382,156.051,1.06356
2168,173440.0,1,0.047405753284692764,0.06313692778348923,0.32511,8.794367749942467e-05,-21.868,-6.923,3.304,156.101,1.06351
2169,173520.0,1,0.049558039754629135,0.06572065502405167,0.32358,8.429357694694772e-05,-21.877,-6.929,3.364,156.013,1.06322
2170,173600.0,1,0.052694253623485565,0.06787109375,0.32359,9.505140042165294e-05,-21.918,-6.852,3.476,155.926,1.0633
2171,173680.0,1,0.052557095885276794,0.06670528650283813,0.32364,0.00010220665717497468,-21.888,-6.672,3.443,155.705,1.0634
2172,173760.0,1,0.0515684150159359,0.06993285566568375,0.3231,0.00012924130714964122,-22.058,-6.746,3.436,155.66,1.06405
2173,173840.0,1,0.04434870928525925,0.0667923241853714,0.32842,0.00013330989168025553,-22.43,-6.708,3.349,155.669,1.06111
2174,173920.0,1,0.04588482528924942,0.06698234379291534,0.32763,0.00012411891657393426,-22.435,-6.795,3.542,155.743,1.06008
2175,174000.0,1,0.03804999589920044,0.05498469993472099,0.33574,0.00011283470666967332,-22.398,-6.798,3.545,155.632,1.0598
2176,174080.0,1,0.04346322640776634,0.06299348175525665,0.32935,0.0001172213233076036,-22.351,-6.757,3.505,155.717,1.0599
2177,174160.0,1,0.044396184384822845,0.06740696728229523,0.32938,0.00012968808005098253,-22.301,-6.733,3.494,155.524,1.06054
2178,174240.0,1,0.039057545363903046,0.061646319925785065,0.33126,0.00014143955195322633,-22.136,-6.78,3.482,155.442,1.06086
2179,174320.0,1,0.04355902224779129,0.06123432517051697,0.32779,0.00012703322863671929,-21.51,-6.77,3.59,155.3,1.06098
2180,174400.0,1,0.04573860764503479,0.06294026225805283,0.32552,0.00012781181430909783,-21.521,-6.78,3.669,155.16,1.06671
2181,174480.0,1,0.05588282644748688,0.0712115541100502,0.31863,0.00010646857117535546,-21.346,-6.746,3.642,155.149,1.06919
2182,174560.0,1,0.055844228714704514,0.06936780363321304,0.31783,0.00011722400086000562,-21.391,-6.687,3.47,155.29,1.07014
2183,174640.0,1,0.04409279674291611,0.05527859553694725,0.32725,0.0001195041841128841,-21.592,-6.703,3.765,155.333,1.0678
2184,174720.0,1,0.04642534628510475,0.0567295216023922,0.32497,0.00012205290840938687,-21.587,-6.626,3.669,155.478,1.06599
2185,174800.0,1,0.044942133128643036,0.0567416287958622,0.32513,0.0001195953882415779,-21.67,-6.632,3.745,155.335,1.06569
2186,174880.0,1,0.03937413915991783,0.05014541745185852,0.3318,0.00015387606981676072,-21.587,-6.44,3.728,155.342,1.06591
2187,174960.0,1,0.04163851588964462,0.05346075817942619,0.33063,0.00014755963638890535,-21.58,-6.396,3.645,155.195,1.06311
2188,175040.0,1,0.055572621524333954,0.07220862060785294,0.3205,0.00015266203263308853,-21.536,-6.403,3.727,155.333,1.06124
2189,175120.0,1,0.05632232874631882,0.07321549952030182,0.3199,0.0001221857819473371,-21.543,-6.498,3.519,155.277,1.0607
2190,175200.0,1,0.04884406924247742,0.05843471363186836,0.32853,0.00011347055260557681,-21.784,-6.552,3.65,155.507,1.06022
2191,175280.0,1,0.048846688121557236,0.060108982026576996,0.32597,0.00020358571782708168,-21.949,-6.444,3.356,155.557,1.05985
2192,175360.0,1,0.05252300202846527,0.06702908873558044,0.31892,0.00016509190027136356,-21.922,-6.413,3.149,155.642,1.05946
2193,175440.0,1,0.05227305740118027,0.060517679899930954,0.32203,0.0001670956116868183,-21.777,-6.411,3.122,155.506,1.05993
2194,175520.0,1,0.042636238038539886,0.0628809854388237,0.32619,0.00015704899851698428,-21.141,-6.289,2.752,155.514,1.05929
2195,175600.0,1,0.038440365344285965,0.06166581064462662,0.32937,0.00013473159924615175,-20.975,-6.468,2.656,155.348,1.05912
2196,175680.0,1,0.033846139907836914,0.06082034111022949,0.33601,0.00011872183677041903,-20.848,-6.499,2.504,155.338,1.05825
2197,175760.0,1,0.03198188170790672,0.042295150458812714,0.34312,9.197327744914219e-05,-20.269,-6.694,2.219,155.358,1.05771
2198,175840.0,1,0.032763298600912094,0.0447915717959404,0.33796,0.00017142224533017725,-20.233,-6.78,1.942,155.462,1.0572
2199,175920.0,1,0.03543965145945549,0.052181143313646317,0.33594,0.000189152589882724,-20.317,-6.758,2.043,155.417,1.05706
2200,176000.0,1,0.04016390070319176,0.04978390783071518,0.33095,0.00012689192953985184,-20.516,-7.03,1.856,155.474,1.05684
2201,176080.0,1,0.0433775931596756,0.06215526536107063,0.32437,0.0001223141298396513,-20.595,-7.032,1.883,159.97,1.06355
2202,176160.0,1,0.034021951258182526,0.04398259520530701,0.33941,0.0001364538911730051,-20.766,-7.195,2.099,161.842,1.05375
2203,176240.0,1,0.03890371322631836,0.044642239809036255,0.33615,0.0001552822213852778,-21.197,-7.084,2.141,162.051,1.05261
2204,176320.0,1,0.053431253880262375,0.03705829754471779,0.32829,0.00017240116721950471,-17.693,-7.278,1.842,166.044,1.05039
2205,176400.0,1,0.26902973651885986,0.3513936400413513,0.24345,0.0002631429524626583,-15.578,-9.773,3.971,167.442,1.05151
2206,176480.0,1,0.2020399272441864,0.1263616979122162,0.27267,0.00037442456232383847,-17.337,-8.802,4.057,165.968,1.05366
2207,176560.0,1,0.11939887702465057,0.07209897041320801,0.3001,0.0002060101687675342,-19.576,-8.606,4.324,165.946,1.05324
2208,176640.0,1,0.057308997958898544,0.08812621980905533,0.31351,0.00021735904738307,-20.628,-8.092,4.504,165.672,1.05316
2209,176720.0,1,0.05049972981214523,0.09198440611362457,0.3185,0.0002683548955246806,-22.018,-7.954,4.247,165.318,1.054
2210,176800.0,1,0.04027862474322319,0.05852700397372246,0.32991,0.00016651461191941053,-21.881,-7.86,4.481,165.324,1.05401
2211,176880.0,1,0.04535617306828499,0.058039192110300064,0.33577,0.00013673288049176335,-21.832,-7.594,4.679,164.875,1.05457
2212,176960.0,1,0.6189557313919067,0.5800532102584839,0.13594,0.0002691243134904653,-22.163,-7.736,3.933,164.859,1.05441
2213,177040.0,1,0.3485162854194641,0.4422230124473572,0.22327,0.0003049550286959857,-22.173,-7.51,3.969,164.51,1.05459
2214,177120.0,1,0.2092558890581131,0.24800245463848114,0.26735,0.0002309343544766307,-22.425,-7.305,4.36,164.535,1.05427
2215,177200.0,1,0.1596899777650833,0.18467171490192413,0.2791,0.00021599698811769485,-22.316,-7.151,4.633,164.418,1.05466
2216,177280.0,1,0.13585461676120758,0.15507325530052185,0.28892,0.0001767586072674021,-22.082,-7.061,4.715,164.244,1.05484
2217,177360.0,1,0.1357889026403427,0.15633977949619293,0.28691,0.00014286849182099104,-22.124,-6.91,4.539,164.03,1.05496
2218,177440.0,1,0.12993782758712769,0.13776546716690063,0.28853,0.00014751459821127355,-22.044,-7.273,4.417,164.066,1.05485
2219,177520.0,1,0.07893606275320053,0.08335494995117188,0.31375,0.00016831635730341077,-22.318,-7.015,4.219,163.618,1.05489
2220,177600.0,1,0.08078163862228394,0.09449419379234314,0.3078,0.00016051260172389448,-21.965,-7.437,4.244,163.509,1.05541
2221,177680.0,1,0.08750343322753906,0.0972781702876091,0.30784,0.00013650920300278813,-21.923,-7.317,4.252,163.347,1.05592
2222,177760.0,1,0.08187108486890793,0.09106477349996567,0.31164,0.0001489358692197129,-21.839,-7.356,4.216,163.287,1.0557
2223,177840.0,1,0.09181399643421173,0.10233967006206512,0.30575,0.00013039774785283953,-21.76,-7.27,4.024,163.131,1.05572
2224,177920.0,1,0.12645140290260315,0.11563944816589355,0.29359,9.318867523688823e-05,-21.757,-7.212,3.72,163.226,1.0552
2225,178000.0,1,0.19621770083904266,0.18812893331050873,0.27193,0.00012287384015507996,-21.63,-7.138,3.379,163.095,1.05532
2226,178080.0,1,0.524141788482666,0.5749738812446594,0.15525,0.000358934368705377,-20.889,-7.341,2.886,162.897,1.05494
2227,178160.0,1,0.14855033159255981,0.15007421374320984,0.29511,0.00034691859036684036,-19.396,-6.894,3.271,162.357,1.05602
2228,178240.0,1,0.08463162183761597,0.09899456053972244,0.3177,0.00030799052910879254,-18.674,-6.772,3.693,162.153,1.05669
2229,178320.0,1,0.04840701073408127,0.07575589418411255,0.33598,0.00043094964348711073,-17.848,-6.677,3.573,161.728,1.05692
2230,178400.0,1,0.03441996872425079,0.0587179958820343,0.35544,0.0003770454495679587,-16.43,-6.716,3.543,161.389,1.05583
2231,178480.0,1,0.014106675051152706,0.025524847209453583,0.37788,0.0004340874729678035,-16.1,-6.638,3.218,160.959,1.05439
2232,178560.0,1,0.05574841797351837,0.07402142882347107,0.32741,0.0006190012209117413,-15.879,-6.89,3.291,160.246,1.05338
2233,178640.0,1,0.7804261445999146,0.7731652855873108,0.06071,0.0008766889804974198,-16.103,-6.779,3.187,159.953,1.05341
2234,178720.0,1,0.3327476382255554,0.4508141279220581,0.2411,0.000894881144631654,-17.732,-6.391,2.839,163.443,1.04974
2235,178800.0,1,0.08009380847215652,0.1777685284614563,0.32905,0.000593329721596092,-16.695,-4.966,1.684,167.859,1.04629
2236,178880.0,1,0.08218730986118317,0.10572198778390884,0.33694,0.00038917327765375376,-16.47,-3.515,1.876,167.564,1.04538
2237,178960.0,1,0.1055346205830574,0.12794353067874908,0.31691,0.0006750025786459446,-15.954,-3.333,1.981,167.348,1.0459
2238,179040.0,1,0.10972510278224945,0.1358824223279953,0.31353,0.000679280492477119,-15.609,-3.285,2.119,167.393,1.04517
2239,179120.0,1,0.11011255532503128,0.14440369606018066,0.31268,0.0007497017504647374,-14.869,-3.335,2.018,167.27,1.04499
2240,179200.0,1,0.1139250323176384,0.14554351568222046,0.30915,0.0007519198697991669,-14.835,-3.511,2.121,167.417,1.04474
2241,179280.0,1,0.09965723752975464,0.11018923670053482,0.3139,0.0007429368561133742,-14.8,-4.154,2.42,167.283,1.04529
2242,179360.0,1,0.13492295145988464,0.13539570569992065,0.30213,0.00041219472768716514,-15.011,-4.625,2.828,167.346,1.04547
2243,179440.0,1,0.12413528561592102,0.14781486988067627,0.30555,0.00028796412516385317,-14.214,-5.178,3.272,167.208,1.04516
2244,179520.0,1,0.10326018929481506,0.10250076651573181,0.31576,0.0002868912706617266,-13.826,-5.304,3.15,169.745,1.04544
2245,179600.0,1,0.07602615654468536,0.0818730965256691,0.32349,0.00030039175180718303,-13.694,-5.289,3.13,172.867,1.04323
2246,179680.0,1,0.06280551105737686,0.06165368854999542,0.33528,0.0003244472900405526,-13.808,-5.477,3.372,172.955,1.04333
2247,179760.0,1,0.055245671421289444,0.06405668705701828,0.33625,0.000416286668041721,-13.663,-5.475,3.372,176.695,1.04146
2248,179840.0,1,0.053915321826934814,0.07025237381458282,0.33233,0.00041499221697449684,-13.808,-5.499,3.395,176.334,1.04358
2249,179920.0,1,0.046988774091005325,0.06519787758588791,0.33548,0.0004730893124360591,-13.879,-5.731,3.39,176.182,1.04473
2250,180000.0,1,0.0538114458322525,0.07655630260705948,0.32912,0.0004237231914885342,-13.905,-5.707,3.461,176.23,1.04463
2251,180080.0,1,0.05206511914730072,0.0749661922454834,0.32948,0.00035811917041428387,-13.982,-5.925,3.448,176.136,1.04435
2252,180160.0,1,0.048857979476451874,0.07572750747203827,0.32926,0.00030712931766174734,-14.051,-5.992,3.327,169.834,1.05114
2253,180240.0,1,0.05058642104268074,0.07534677535295486,0.32975,0.0002828451688401401,-14.053,-6.066,3.343,170.181,1.05147
2254,180320.0,1,0.04822451248764992,0.07384735345840454,0.33172,0.0002781444345600903,-14.055,-5.986,3.234,170.331,1.05152
2255,180400.0,1,0.04780863597989082,0.0719858855009079,0.33017,0.00029252213425934315,-14.076,-5.95,3.2,170.265,1.05178
2256,180480.0,1,0.04170767590403557,0.06150077283382416,0.33168,0.00026877480559051037,-14.006,-6.048,3.273,170.389,1.05161
2257,180560.0,1,0.03892693296074867,0.05124343931674957,0.33806,0.00027249008417129517,-14.025,-6.117,3.337,170.337,1.04957
2258,180640.0,1,0.03896428272128105,0.05014164373278618,0.34048,0.00026468539726920426,-13.995,-6.092,3.252,170.408,1.04841
2259,180720.0,1,0.041981156915426254,0.05215952545404434,0.33769,0.0002380291698500514,-14.013,-6.108,3.243,170.512,1.0478
2260,180800.0,1,0.03640071302652359,0.04418880119919777,0.34393,0.0002360279904678464,-14.109,-6.052,3.222,170.738,1.04703
2261,180880.0,1,0.02645096927881241,0.04089614748954773,0.35193,0.00028767844196408987,-14.431,-5.978,3.085,170.737,1.04734
2262,180960.0,1,0.03528852015733719,0.05034613236784935,0.34414,0.0003138094034511596,-14.364,-6.012,3.11,170.721,1.04704
2263,181040.0,1,0.0376591831445694,0.05670878291130066,0.34007,0.0003870944492518902,-14.533,-6.018,2.986,170.656,1.04714
2264,181120.0,1,0.04817114397883415,0.06254041194915771,0.33299,0.0003136882442049682,-14.315,-5.932,2.914,170.736,1.04677
2265,181200.0,1,0.4198555052280426,0.49032917618751526,0.20225,0.0004194121283944696,-15.179,-5.798,2.172,170.725,1.0469
2266,181280.0,1,0.8220336437225342,0.8250287175178528,0.0305,0.0004678588593378663,-15.948,-5.631,2.459,170.764,1.04709
2267,181360.0,1,0.6699904203414917,0.6859365105628967,0.09202,0.00048136996338143945,-15.448,-5.727,2.701,170.54,1.04774
2268,181440.0,1,0.30987349152565,0.356161892414093,0.24144,0.0002740611380431801,-14.791,-6.106,2.801,170.441,1.0477
2269,181520.0,1,0.13245047628879547,0.16544406116008759,0.29614,0.00020957096421625465,-14.706,-6.171,2.832,170.408,1.04755
2270,181600.0,1,0.0937144011259079,0.11468269675970078,0.31007,0.00019733529188670218,-14.492,-6.127,2.877,170.415,1.04745
2271,181680.0,1,0.08322116732597351,0.1037968099117279,0.31403,0.00019605361740104854,-14.447,-6.05,2.891,170.34,1.0477
2272,181760.0,1,0.08259911090135574,0.10659577697515488,0.31353,0.00018907994672190398,-14.443,-6.049,2.907,170.407,1.04773
2273,181840.0,1,0.08165263384580612,0.1062183827161789,0.31326,0.00018808682216331363,-14.383,-6.036,2.911,170.452,1.04778
2274,181920.0,1,0.08016045391559601,0.10610254108905792,0.31308,0.00018621991330292076,-14.33,-6.06,2.94,170.342,1.04997
2275,182000.0,1,0.0784093514084816,0.10415443778038025,0.31372,0.00018723885295912623,-14.307,-6.077,2.941,170.251,1.05126
2276,182080.0,1,0.07836304605007172,0.1012972742319107,0.31304,0.00016995194891933352,-14.306,-6.063,2.963,170.281,1.05161
2277,182160.0,1,0.07688213139772415,0.10247499495744705,0.31274,0.00016809761291369796,-14.224,-6.046,2.902,170.21,1.05168
2278,182240.0,1,0.07469383627176285,0.09666404873132706,0.31248,0.00016981652879621834,-14.2,-6.022,2.827,170.335,1.05169
2279,182320.0,1,0.07345909625291824,0.09521295875310898,0.31366,0.00019710625929292291,-14.286,-5.945,2.803,170.198,1.05172
2280,182400.0,1,0.06636487692594528,0.08709941059350967,0.31686,0.00026644664467312396,-14.209,-5.929,2.787,170.139,1.0528
2281,182480.0,1,0.06382525712251663,0.07958321273326874,0.31894,0.00025289872428402305,-13.88,-5.871,2.798,170.022,1.05327
2282,182560.0,1,0.06410183757543564,0.08055292814970016,0.31837,0.0002749431296251714,-13.85,-5.867,2.773,169.977,1.05354
2283,182640.0,1,0.05852529779076576,0.07648158073425293,0.32039,0.0002877664810512215,-13.945,-5.782,2.715,169.9,1.05381
2284,182720.0,1,0.06577319651842117,0.08296316117048264,0.31623,0.0002616881101857871,-13.869,-5.782,2.673,169.898,1.0538
2285,182800.0,1,0.06776554137468338,0.08783013373613358,0.31442,0.0002649343805387616,-13.878,-5.784,2.692,169.875,1.05388
2286,182880.0,1,0.06603533774614334,0.08611871302127838,0.31611,0.0002670498797670007,-13.962,-5.786,2.66,170.007,1.05356
2287,182960.0,1,0.0655272826552391,0.08344617486000061,0.31634,0.0002556249964982271,-13.946,-5.798,2.665,170.125,1.05315
2288,183040.0,1,0.06232871860265732,0.08462978899478912,0.31774,0.000244475610088557,-14.016,-5.784,2.703,170.612,1.05109
2289,183120.0,1,0.06250094622373581,0.08431399613618851,0.31599,0.00024436795501969755,-13.985,-5.734,2.574,170.81,1.04948
2290,183200.0,1,0.0593639500439167,0.08280918747186661,0.3179,0.0002576590923126787,-13.804,-5.747,2.559,170.958,1.04894
2291,183280.0,1,0.054034143686294556,0.07719190418720245,0.32173,0.00026243916363455355,-13.775,-5.754,2.586,170.886,1.04925
2292,183360.0,1,0.04972624033689499,0.0724821388721466,0.32288,0.00024846289306879044,-13.699,-5.808,2.702,171.016,1.04797
2293,183440.0,1,0.0707923099398613,0.08021047711372375,0.3141,0.0002904589637182653,-13.758,-5.792,2.584,170.86,1.05062
2294,183520.0,1,0.7116149067878723,0.5926040410995483,0.1156,0.00042968682828359306,-14.61,-5.47,2.116,170.922,1.05162
2295,183600.0,1,0.4748353660106659,0.4385083317756653,0.19649,0.00036095533869229257,-15.234,-5.679,2.327,170.874,1.05195
2296,183680.0,1,0.38913264870643616,0.39967554807662964,0.22209,0.00030746302218176425,-15.105,-5.743,2.325,170.934,1.05233
2297,183760.0,1,0.3095833957195282,0.340476393699646,0.24513,0.00033272700966335833,-15.051,-5.79,2.335,170.92,1.05237
2298,183840.0,1,0.24812951683998108,0.30947351455688477,0.25607,0.00031015597051009536,-14.918,-5.708,2.354,170.993,1.05208
2299,183920.0,1,0.1918620765209198,0.24342359602451324,0.26999,0.0002943806757684797,-14.89,-5.72,2.343,170.944,1.05205
2300,184000.0,1,0.18308109045028687,0.21382109820842743,0.2763,0.0002658723678905517,-14.884,-5.719,2.354,170.956,1.05236
2301,184080.0,1,0.14227037131786346,0.18998584151268005,0.28497,0.00026482148678041995,-14.828,-5.762,2.383,170.898,1.05259
2302,184160.0,1,0.13584379851818085,0.1827905774116516,0.28634,0.0002520740090403706,-14.891,-5.845,2.465,170.901,1.05269
2303,184240.0,1,0.1358049362897873,0.17708683013916016,0.28748,0.0002516334061510861,-14.884,-5.835,2.459,170.989,1.0522
2304,184320.0,1,0.13217094540596008,0.1621754765510559,0.29125,0.00020913877233397216,-14.884,-5.901,2.526,170.978,1.05261
2305,184400.0,1,0.12829585373401642,0.14467160403728485,0.29468,0.0002107815380441025,-14.905,-6.058,2.521,171.0,1.0523
2306,184480.0,1,0.12557677924633026,0.13861680030822754,0.29594,0.0002107085892930627,-14.979,-6.139,2.535,171.06,1.0521
2307,184560.0,1,0.12153875082731247,0.12565532326698303,0.29764,0.0002255193394375965,-14.979,-6.181,2.6,171.094,1.05111
2308,184640.0,1,0.12072226405143738,0.123951256275177,0.29671,0.00021906493930146098,-14.837,-6.104,2.63,171.319,1.05024
2309,184720.0,1,0.12090864032506943,0.1243986263871193,0.29723,0.0002195079723605886,-14.854,-6.099,2.693,171.385,1.04974
2310,184800.0,1,0.1203361302614212,0.11986266821622849,0.29723,0.0002280209300806746,-15.016,-6.137,2.776,171.482,1.04897
2311,184880.0,1,0.11858031898736954,0.1192040964961052,0.29756,0.00023010859149508178,-14.981,-6.12,2.84,171.449,1.04916
2312,184960.0,1,0.10553652048110962,0.11888965219259262,0.30089,0.0002737749309744686,-15.11,-6.063,3.054,171.564,1.04884
2313,185040.0,1,0.1040954738855362,0.12077057361602783,0.3015,0.00024649527040310204,-14.992,-6.005,3.105,171.571,1.04864
2314,185120.0,1,0.10633687674999237,0.12379704415798187,0.30171,0.00021989089145790786,-15.026,-6.011,3.031,171.716,1.04844
2315,185200.0,1,0.10812784731388092,0.12362417578697205,0.30159,0.00021958020806778222,-15.108,-6.087,3.052,171.644,1.04812
2316,185280.0,1,0.10093630105257034,0.11673440039157867,0.30279,0.0002067721216008067,-15.057,-6.096,2.97,171.486,1.04799
2317,185360.0,1,0.10103070735931396,0.11040767282247543,0.30822,0.0002315402089152485,-15.023,-6.134,2.828,169.591,1.05707
2318,185440.0,1,0.11227080971002579,0.1186225414276123,0.30373,0.0002618640719447285,-14.953,-6.238,2.714,169.399,1.05937
2319,185520.0,1,0.10515614598989487,0.11916427314281464,0.30491,0.00024198723258450627,-14.814,-6.247,2.704,169.398,1.05969
2320,185600.0,1,0.09643037617206573,0.11713803559541702,0.30569,0.00023813516600057483,-14.506,-6.239,2.628,169.553,1.05933
2321,185680.0,1,0.09598975628614426,0.11936149001121521,0.30492,0.00024287530686706305,-14.422,-6.192,2.521,169.615,1.05903
2322,185760.0,1,0.0921517089009285,0.11630450934171677,0.30658,0.0003235465846955776,-14.644,-6.154,2.494,169.763,1.0588
2323,185840.0,1,0.09394773840904236,0.11760766059160233,0.30451,0.00034890251117758453,-14.855,-6.157,2.5,169.786,1.05842
2324,185920.0,1,0.0948730930685997,0.11415418982505798,0.30372,0.0003401054418645799,-14.842,-6.262,2.584,169.941,1.05795
2325,186000.0,1,0.09266635030508041,0.11061684787273407,0.30355,0.00033019238617271185,-14.762,-6.297,2.584,170.005,1.05798
2326,186080.0,1,0.09033720940351486,0.10969822108745575,0.30471,0.00031106098322197795,-14.847,-6.365,2.563,170.174,1.05696
2327,186160.0,1,0.09381874650716782,0.1087208017706871,0.30508,0.00028118243790231645,-14.842,-6.452,2.675,170.201,1.05632
2328,186240.0,1,0.11982481926679611,0.12386751919984818,0.30491,0.0003431138175074011,-14.615,-6.392,2.851,170.352,1.05544
2329,186320.0,1,0.0936049371957779,0.12390311062335968,0.31118,0.00034585956018418074,-14.22,-6.559,3.081,170.313,1.05606
2330,186400.0,1,0.06545422971248627,0.10337787866592407,0.31877,0.0004018210747744888,-14.184,-6.593,3.234,170.398,1.05553
2331,186480.0,1,0.060636378824710846,0.09363333135843277,0.31917,0.00036176934372633696,-14.026,-6.587,3.29,170.354,1.05575
2332,186560.0,1,0.060647718608379364,0.08966588973999023,0.31864,0.00037580812931992114,-13.984,-6.791,3.373,170.449,1.05567
2333,186640.0,1,0.12030554562807083,0.14463667571544647,0.29138,0.0004465747333597392,-13.624,-6.761,3.273,170.569,1.05479
2334,186720.0,1,0.7449716925621033,0.7211254835128784,0.07354,0.0006718017975799739,-14.055,-6.561,2.89,170.667,1.05469
2335,186800.0,1,0.6468062400817871,0.5725163817405701,0.13425,0.0005155059625394642,-13.755,-6.655,3.121,170.563,1.05524
2336,186880.0,1,0.44255226850509644,0.38826265931129456,0.2189,0.0005002295365557075,-14.094,-6.792,3.692,170.555,1.05564
2337,186960.0,1,0.30991432070732117,0.2891939580440521,0.25491,0.00039776790072210133,-14.132,-6.959,3.714,170.44,1.05574
2338,187040.0,1,0.25267133116722107,0.2302040159702301,0.27029,0.0003307834267616272,-14.301,-7.132,3.655,170.6,1.05588
2339,187120.0,1,0.20818939805030823,0.19630615413188934,0.28068,0.00027974494150839746,-14.707,-7.25,3.63,170.606,1.05563
2340,187200.0,1,0.11463122814893723,0.11425179988145828,0.30433,0.0002361047372687608,-15.008,-7.256,3.582,170.78,1.05493
2341,187280.0,1,0.1056189313530922,0.09519585967063904,0.30958,0.0002237015578430146,-15.196,-7.333,3.483,170.769,1.05519
2342,187360.0,1,0.09925441443920135,0.09771648794412613,0.30851,0.00025729602202773094,-15.345,-7.308,3.417,171.018,1.05479
2343,187440.0,1,0.07735386490821838,0.09475883096456528,0.31274,0.00024976205895654857,-15.446,-7.383,3.355,170.878,1.05481
2344,187520.0,1,0.06505511701107025,0.08469365537166595,0.31457,0.00026034354232251644,-15.543,-7.407,3.239,171.889,1.0509
2345,187600.0,1,0.0580114871263504,0.08019991964101791,0.31667,0.0003506112261675298,-15.591,-7.466,2.899,174.365,1.04193
2346,187680.0,1,0.05465821921825409,0.08006409555673599,0.3201,0.0003801847342401743,-15.634,-7.41,2.68,174.614,1.04079
2347,187760.0,1,0.06629159301519394,0.08709637820720673,0.31429,0.0003247062850277871,-15.448,-7.343,2.626,174.022,1.04155
2348,187840.0,1,0.07590913772583008,0.08301951736211777,0.31293,0.0002867058792617172,-15.106,-7.362,2.49,173.681,1.04295
2349,187920.0,1,0.06608594208955765,0.07284456491470337,0.3169,0.0003240664373151958,-15.055,-7.423,2.447,171.329,1.04097
2350,188000.0,1,0.058537304401397705,0.06770985573530197,0.32312,0.0003123077913187444,-15.042,-7.437,2.381,170.529,1.0383
2351,188080.0,1,0.06042364239692688,0.07745227962732315,0.32174,0.00030517781851813197,-14.899,-7.34,2.32,170.282,1.03816
2352,188160.0,1,0.06957712769508362,0.09564778953790665,0.3108,0.00037804082967340946,-14.873,-7.34,2.553,169.902,1.03881
2353,188240.0,1,0.06698887050151825,0.08475256711244583,0.31566,0.00042972539085894823,-14.846,-7.366,2.511,169.731,1.03953
2354,188320.0,1,0.06234051287174225,0.0797450989484787,0.31622,0.0003404788440093398,-14.656,-7.408,2.643,169.517,1.04256
2355,188400.0,1,0.07199586182832718,0.09612077474594116,0.31078,0.0002866061113309115,-14.769,-7.338,2.765,169.139,1.04481
2356,188480.0,1,0.07146038860082626,0.09171347320079803,0.31205,0.0003292911278549582,-14.539,-7.567,2.669,169.008,1.04568
2357,188560.0,1,0.07410341501235962,0.09615781903266907,0.30955,0.00027689081616699696,-14.228,-7.634,2.512,168.93,1.04656
2358,188640.0,1,0.0688544511795044,0.0926271602511406,0.31283,0.0002799391222652048,-13.754,-7.742,2.672,168.988,1.04706
2359,188720.0,1,0.07378021627664566,0.10985761880874634,0.30906,0.00022463087225332856,-13.899,-7.646,2.984,168.844,1.04769
2360,188800.0,1,0.07588782906532288,0.09832687675952911,0.31324,0.0001688701449893415,-13.593,-7.597,2.745,168.8,1.048
2361,188880.0,1,0.07565485686063766,0.09705791622400284,0.31176,0.00016146387497428805,-13.566,-7.578,2.724,168.611,1.04839
2362,188960.0,1,0.07961337268352509,0.10139019042253494,0.30801,0.00016702360881026834,-13.421,-7.709,2.769,168.669,1.04845
2363,189040.0,1,0.07648784667253494,0.10307714343070984,0.30698,0.00016128232527989894,-13.611,-7.597,2.799,168.628,1.04861
2364,189120.0,1,0.0802764743566513,0.09559053182601929,0.30839,0.00018092196842189878,-13.411,-7.306,2.912,167.41,1.0549
2365,189200.0,1,0.07920411974191666,0.09159257262945175,0.30684,0.00017786399985197932,-12.976,-7.19,2.943,166.991,1.05652
2366,189280.0,1,0.07023892551660538,0.08906785398721695,0.30903,0.00018974111299030483,-12.985,-7.22,3.101,167.054,1.05665
2367,189360.0,1,0.06934653967618942,0.08004007488489151,0.3142,0.00021300411026459187,-12.95,-7.113,3.222,167.113,1.05645
2368,189440.0,1,0.07711872458457947,0.08572082221508026,0.31239,0.0002062171115539968,-12.905,-7.01,3.264,167.327,1.05591
2369,189520.0,1,0.0771678239107132,0.0861416831612587,0.31236,0.00022506566892843693,-13.032,-6.977,3.262,167.402,1.05839
2370,189600.0,1,0.0771150290966034,0.08236383646726608,0.31325,0.00027244904777035117,-13.534,-6.849,3.33,167.616,1.05934
2371,189680.0,1,0.07939531654119492,0.08233746141195297,0.31512,0.00032511891913600266,-13.612,-6.81,3.584,167.677,1.05942
2372,189760.0,1,0.06585757434368134,0.07161117345094681,0.3222,0.00032342784106731415,-13.749,-6.774,3.632,167.908,1.05911
2373,189840.0,1,0.08011022955179214,0.09690846502780914,0.31386,0.0003031938977073878,-13.538,-6.598,3.644,168.02,1.05893
2374,189920.0,1,0.07835859060287476,0.094208724796772,0.3118,0.0003120536566711962,-13.445,-6.433,3.709,169.942,1.05115
2375,190000.0,1,0.06970987468957901,0.09175623953342438,0.31369,0.0002957751858048141,-13.222,-6.442,3.724,170.834,1.04815
2376,190080.0,1,0.05496766045689583,0.06970840692520142,0.32098,0.00026227853959426284,-13.012,-6.505,3.736,170.626,1.04703
2377,190160.0,1,0.05409092456102371,0.0649886205792427,0.32229,0.00024334885529242456,-13.126,-6.533,3.718,170.428,1.04771
2378,190240.0,1,0.07421407103538513,0.07884755730628967,0.30811,0.0002484399010427296,-13.257,-6.548,3.645,170.243,1.04896
2379,190320.0,1,0.7482670545578003,0.7062261700630188,0.07886,0.00030186105868779123,-14.212,-6.322,3.228,170.032,1.04959
2380,190400.0,1,0.5492570400238037,0.5534241199493408,0.16085,0.0002923590363934636,-14.168,-6.549,3.208,169.857,1.05042
2381,190480.0,1,0.36355075240135193,0.40251901745796204,0.22054,0.0002685009967535734,-14.269,-6.676,3.289,169.701,1.05074
2382,190560.0,1,0.2955693304538727,0.3408413529396057,0.2437,0.0003375772212166339,-14.317,-6.851,3.368,169.383,1.05411
2383,190640.0,1,0.23477835953235626,0.29043108224868774,0.25972,0.00033934027305804193,-14.228,-6.815,3.398,169.112,1.05581
2384,190720.0,1,0.2145128846168518,0.2587788999080658,0.26543,0.0003014320391230285,-14.253,-6.782,3.501,168.953,1.05666
2385,190800.0,1,0.20044514536857605,0.21912428736686707,0.27067,0.00026401548529975116,-14.468,-6.715,3.551,168.618,1.05757
2386,190880.0,1,0.1643095761537552,0.17184163630008698,0.28509,0.00023506050638388842,-14.379,-6.736,3.53,168.593,1.05797
2387,190960.0,1,0.11391926556825638,0.1331099271774292,0.29932,0.00017680464952718467,-14.307,-6.725,3.306,168.452,1.05851
2388,191040.0,1,0.10770704597234726,0.10206624865531921,0.2986,0.00016716826939955354,-14.02,-7.166,2.62,168.895,1.05743
2389,191120.0,1,0.0926191508769989,0.11085624992847443,0.29681,0.0002115992974722758,-14.044,-6.666,2.365,169.056,1.05687
2390,191200.0,1,0.06114792078733444,0.07618075609207153,0.31755,0.00018206585082225502,-15.015,-6.501,2.236,169.139,1.05679
2391,191280.0,1,0.10420168191194534,0.11660820990800858,0.29768,0.00012617932225111872,-15.681,-6.613,1.817,169.134,1.05661
2392,191360.0,1,0.09985919296741486,0.11513277888298035,0.29764,0.00022615712077822536,-16.419,-6.374,1.883,169.481,1.0559
2393,191440.0,1,0.13854597508907318,0.1669818013906479,0.28669,0.00022151879966259003,-16.592,-6.278,1.993,169.462,1.0565
2394,191520.0,1,0.14358539879322052,0.16327352821826935,0.29018,0.00019804875773843378,-16.621,-6.286,1.998,169.308,1.05727
2395,191600.0,1,0.09838657826185226,0.1507321447134018,0.29705,0.00020999700063839555,-15.675,-5.949,1.562,171.14,1.06694
2396,191680.0,1,0.1480608582496643,0.24072369933128357,0.27024,0.0002621568273752928,-14.328,-5.116,0.253,172.756,1.06666
2397,191760.0,1,0.811044454574585,0.7582583427429199,0.03256,0.000319645187119022,-14.041,-5.052,1.518,173.266,1.06805
2398,191840.0,1,0.6338084936141968,0.6106200218200684,0.10286,0.00019010185496881604,-11.897,-2.607,4.065,179.409,1.07219
2399,191920.0,1,0.1574859768152237,0.13896463811397552,0.29075,0.00017390592256560922,-13.553,-3.341,3.561,177.43,1.07118
2400,192000.0,1,0.10068794339895248,0.09571251273155212,0.3098,0.0003479206352494657,-13.808,-3.402,3.601,176.871,1.0708
2401,192080.0,1,0.08370551466941833,0.07713200151920319,0.32071,0.0003055143461097032,-14.344,-3.431,3.303,175.575,1.07556
2402,192160.0,1,0.07234463095664978,0.05955073982477188,0.32394,0.00034593933378346264,-14.699,-3.438,3.547,168.323,1.08914
2403,192240.0,1,0.10412418097257614,0.09508955478668213,0.30387,0.00038881824002601206,-14.388,-3.24,3.281,168.279,1.08077
2404,192320.0,1,0.15542474389076233,0.14493428170681,0.28398,0.00042283389484509826,-13.848,-3.282,3.29,168.631,1.07929
2405,192400.0,1,0.11201537400484085,0.13149847090244293,0.29547,0.00043978047324344516,-13.423,-3.134,3.504,168.467,1.07972
2406,192480.0,1,0.10144872218370438,0.12056764960289001,0.29852,0.00046397236292250454,-12.786,-3.031,3.278,168.679,1.07872
2407,192560.0,1,0.10391652584075928,0.11789395660161972,0.29793,0.00046110470429994166,-12.826,-3.075,3.259,168.82,1.0781
2408,192640.0,1,0.08100409060716629,0.07792774587869644,0.31288,0.00037344530574046075,-12.884,-3.248,3.776,168.992,1.078
2409,192720.0,1,0.06696692109107971,0.0572885125875473,0.3212,0.00029050960438326,-12.939,-3.318,4.09,168.672,1.07846
2410,192800.0,1,0.06657971441745758,0.05933443829417229,0.31324,0.000415884074755013,-12.766,-3.292,4.068,169.128,1.07678
2411,192880.0,1,0.07367195934057236,0.07040765881538391,0.31044,0.000382930098567158,-12.466,-3.209,4.081,168.992,1.07651
2412,192960.0,1,0.08250854909420013,0.08022567629814148,0.3062,0.00037079781759530306,-11.504,-3.102,3.8,169.001,1.07532
2413,193040.0,1,0.07146670669317245,0.06089022383093834,0.31439,0.00028450737590901554,-11.73,-3.028,3.754,169.021,1.07538
2414,193120.0,1,0.09131145477294922,0.07339424639940262,0.30825,0.00031170068541541696,-11.687,-3.128,3.786,169.039,1.07533
2415,193200.0,1,0.07767919450998306,0.05772405490279198,0.31718,0.00018077073036693037,-11.689,-3.038,3.594,153.85,1.08024
2416,193280.0,1,0.0723184272646904,0.0576477013528347,0.31735,0.00032066984567791224,-11.631,-2.953,3.541,154.421,1.08557
2417,193360.0,1,0.0772470161318779,0.0643828958272934,0.30928,0.00031569026759825647,-11.144,-3.183,3.418,154.673,1.08434
2418,193440.0,1,0.5722717046737671,0.5537569522857666,0.13887,0.00042929439223371446,-11.513,-3.546,3.244,145.703,1.0909
2419,193520.0,1,0.7871318459510803,0.735187292098999,0.04031,0.0005060273688286543,-11.356,-3.741,3.265,144.606,1.10378
2420,193600.0,1,0.36633187532424927,0.37824884057044983,0.20406,0.00045627678628079593,-11.051,-3.794,3.284,144.538,1.10618
2421,193680.0,1,0.17721310257911682,0.1658841222524643,0.27588,0.00041818153113126755,-10.933,-3.832,3.209,144.415,1.10779
2422,193760.0,1,0.10685453563928604,0.10042630881071091,0.29964,0.0005073313368484378,-10.963,-3.782,3.057,149.121,1.09108
2423,193840.0,1,0.0951741635799408,0.08786462992429733,0.30438,0.00048691517440602183,-10.973,-3.698,2.947,155.149,1.08372
2424,193920.0,1,0.08112340420484543,0.06794659793376923,0.31164,0.0005218618898652494,-11.454,-3.687,3.097,156.21,1.09401
2425,194000.0,1,0.07095133513212204,0.06539735198020935,0.31314,0.0005240278551355004,-11.662,-3.777,3.118,159.627,1.08643
2426,194080.0,1,0.060332704335451126,0.05654454603791237,0.31714,0.0005280997138470411,-11.817,-3.922,3.188,161.219,1.08337
2427,194160.0,1,0.048156023025512695,0.04874005168676376,0.32434,0.0004926606779918075,-11.877,-4.012,3.174,161.658,1.08317
2428,194240.0,1,0.04863050952553749,0.048146314918994904,0.32576,0.0005053082131780684,-12.276,-4.191,3.199,164.066,1.0812
2429,194320.0,1,0.04290037229657173,0.043567731976509094,0.33047,0.0005292611895129085,-12.626,-4.225,3.19,169.1,1.07478
2430,194400.0,1,0.04095092788338661,0.03933923691511154,0.33327,0.00046048517106100917,-12.566,-4.246,3.283,168.776,1.07025
2431,194480.0,1,0.04132229834794998,0.038990188390016556,0.33324,0.00042398684308864176,-12.87,-4.094,3.237,168.829,1.06953
2432,194560.0,1,0.04229402542114258,0.04148329049348831,0.3318,0.0003830315836239606,-12.879,-4.103,3.4,168.948,1.06861
2433,194640.0,1,0.04639287292957306,0.04565199464559555,0.32689,0.0003209386777598411,-13.041,-4.205,3.427,168.953,1.0682
2434,194720.0,1,0.040179572999477386,0.04000399261713028,0.33417,0.00027266889810562134,-13.073,-4.238,3.382,162.406,1.0761
2435,194800.0,1,0.03905244916677475,0.03733368217945099,0.33767,0.0002390528388787061,-13.063,-4.242,3.403,160.999,1.07836
2436,194880.0,1,0.046081386506557465,0.04618171602487564,0.32952,0.0002903584681916982,-13.219,-4.122,3.541,160.42,1.07803
2437,194960.0,1,0.04411476477980614,0.04171683266758919,0.32969,0.000280638225376606,-13.31,-4.09,3.575,159.136,1.08656
2438,195040.0,1,0.044732701033353806,0.043397799134254456,0.32872,0.0002790065773297101,-13.31,-4.073,3.607,159.085,1.08744
2439,195120.0,1,0.045950789004564285,0.043812014162540436,0.32809,0.00027494836831465364,-13.303,-4.09,3.628,158.986,1.08788
2440,195200.0,1,0.04639750346541405,0.04392968490719795,0.32819,0.00025836387067101896,-13.433,-4.157,3.691,159.107,1.0883
2441,195280.0,1,0.046067751944065094,0.04427211359143257,0.32828,0.00024115278210956603,-13.509,-4.172,3.743,159.113,1.08841
2442,195360.0,1,0.04430267959833145,0.04580774903297424,0.32778,0.00023213858366943896,-13.592,-4.155,3.727,159.24,1.08824
2443,195440.0,1,0.0457196943461895,0.04655832424759865,0.32666,0.00024305484839715064,-13.687,-4.194,3.736,159.23,1.08804
2444,195520.0,1,0.05431216582655907,0.057496920228004456,0.32097,0.00024321384262293577,-13.8,-4.195,3.725,159.32,1.088
2445,195600.0,1,0.7986844182014465,0.7171235084533691,0.05312,0.00035351692349649966,-14.822,-3.974,3.282,159.393,1.08633
2446,195680.0,1,0.7035559415817261,0.6630301475524902,0.08216,0.00030500913271680474,-14.824,-4.081,3.333,159.471,1.08524
2447,195760.0,1,0.4276028871536255,0.47449809312820435,0.17714,0.0002744185330811888,-14.793,-4.215,3.254,159.411,1.0849
2448,195840.0,1,0.2599593698978424,0.3034849762916565,0.2423,0.000232280493946746,-14.995,-4.577,3.361,159.463,1.08356
2449,195920.0,1,0.18460029363632202,0.19008465111255646,0.26982,0.00020625385513994843,-15.134,-4.841,3.444,159.468,1.08345
2450,196000.0,1,0.15727536380290985,0.15046794712543488,0.28361,0.00016798927390482277,-15.026,-5.134,3.477,159.529,1.08364
2451,196080.0,1,0.12066605687141418,0.13234972953796387,0.29433,0.0002108943444909528,-15.356,-5.178,3.693,159.64,1.08273
2452,196160.0,1,0.12505944073200226,0.121676005423069,0.29823,0.00021464773453772068,-15.426,-5.142,3.732,159.716,1.08004
2453,196240.0,1,0.11172378063201904,0.11186446994543076,0.30208,0.0002532527141738683,-15.486,-5.082,3.974,159.7,1.07793
2454,196320.0,1,0.12682631611824036,0.12044617533683777,0.29697,0.00023363096988759935,-15.568,-5.083,4.016,159.772,1.07628
2455,196400.0,1,0.12101991474628448,0.11486107110977173,0.29843,0.00020941774710081518,-15.444,-5.09,3.956,159.722,1.07633
2456,196480.0,1,0.11725855618715286,0.10886935889720917,0.29985,0.00020122069690842181,-15.469,-5.14,3.946,159.825,1.0757
2457,196560.0,1,0.11640232801437378,0.10782594978809357,0.30007,0.0001915490865940228,-15.434,-5.163,3.926,159.748,1.07543
2458,196640.0,1,0.11647583544254303,0.10163848847150803,0.3009,0.000190596969332546,-15.401,-5.184,3.925,159.853,1.07534
2459,196720.0,1,0.08008135110139847,0.07536216080188751,0.31011,0.00018683883536141366,-15.401,-5.178,3.787,159.865,1.075
2460,196800.0,1,0.09491244703531265,0.08941841125488281,0.30316,0.0002109081979142502,-15.51,-5.381,3.804,159.972,1.07483
2461,196880.0,1,0.10141361504793167,0.0971711054444313,0.302,0.00019668835739139467,-15.59,-5.46,3.798,160.124,1.07253
2462,196960.0,1,0.1050875186920166,0.10057589411735535,0.30104,0.00021355967328418046,-15.617,-5.556,3.911,160.281,1.07155
2463,197040.0,1,0.10494028776884079,0.10101252049207687,0.30067,0.00021874706726521254,-15.715,-5.519,3.896,160.32,1.07088
2464,197120.0,1,0.10052289068698883,0.10470369458198547,0.29951,0.00026020107907243073,-15.834,-5.463,3.713,160.477,1.07061
2465,197200.0,1,0.09668704867362976,0.10600516200065613,0.30204,0.00025797568378038704,-15.848,-5.49,3.746,160.416,1.07066
2466,197280.0,1,0.08654879778623581,0.09987188130617142,0.30428,0.00032117433147504926,-15.781,-5.253,3.287,160.625,1.0699
2467,197360.0,1,0.08784918487071991,0.09776889532804489,0.30537,0.00026970996987074614,-15.699,-5.34,3.459,160.585,1.06995
2468,197440.0,1,0.09976795315742493,0.1212049275636673,0.29902,0.00027267978293821216,-15.625,-5.408,3.42,160.568,1.06995
2469,197520.0,1,0.18366700410842896,0.2636464834213257,0.26952,0.0002883877605199814,-15.065,-5.333,3.314,160.483,1.0698
2470,197600.0,1,0.8193458318710327,0.7751609086990356,0.03603,0.00038977531949058175,-16.073,-4.989,3.012,160.617,1.0696
2471,197680.0,1,0.7989786863327026,0.753189206123352,0.0304,0.000423847435740754,-15.963,-5.059,3.014,160.531,1.07003
2472,197760.0,1,0.4168285131454468,0.43331947922706604,0.18694,0.0002801847876980901,-15.556,-5.025,3.015,160.529,1.06957
2473,197840.0,1,0.16719160974025726,0.22328993678092957,0.26171,0.00021704075334127992,-15.415,-4.902,3.104,160.496,1.07022
2474,197920.0,1,0.15133756399154663,0.1859024614095688,0.27525,0.0002498482936061919,-15.526,-4.873,2.971,160.617,1.07008
2475,198000.0,1,0.12232613563537598,0.15457065403461456,0.28809,0.0002495002991054207,-15.547,-4.828,2.919,160.581,1.07016
2476,198080.0,1,0.10638108104467392,0.11880887299776077,0.2977,0.00023120666446629912,-15.657,-4.884,2.961,160.607,1.0699
2477,198160.0,1,0.09620430320501328,0.10320855677127838,0.30273,0.000244828755967319,-15.715,-4.915,2.95,160.676,1.06941
2478,198240.0,1,0.08890808373689651,0.09486063569784164,0.30616,0.00024594919523224235,-15.668,-4.914,2.913,160.788,1.06765
2479,198320.0,1,0.09049012511968613,0.0921877846121788,0.3074,0.00026591168716549873,-15.702,-4.961,2.924,160.777,1.06685
2480,198400.0,1,0.09834617376327515,0.09726636111736298,0.30485,0.00026932451874017715,-15.704,-4.936,2.915,160.888,1.06618
2481,198480.0,1,0.11531123518943787,0.10017891228199005,0.30096,0.0002680288744159043,-15.736,-4.956,2.874,160.85,1.066
2482,198560.0,1,0.11916131526231766,0.10281220823526382,0.29872,0.0002783075615298003,-15.76,-4.972,2.857,160.897,1.06592
2483,198640.0,1,0.13573294878005981,0.11878790706396103,0.29315,0.00027366349240764976,-15.771,-4.965,2.855,160.866,1.06609
2484,198720.0,1,0.1528412103652954,0.15748490393161774,0.28436,0.00022058341710362583,-15.518,-5.114,2.85,160.83,1.06598
2485,198800.0,1,0.15837900340557098,0.1666480451822281,0.28268,0.00021174662106204778,-15.559,-5.107,2.908,160.822,1.06615
2486,198880.0,1,0.1638006716966629,0.16655796766281128,0.28244,0.0002060478727798909,-15.674,-5.112,2.94,160.893,1.06556
2487,198960.0,1,0.1681707799434662,0.1742880642414093,0.28123,0.00017152966756839305,-15.641,-5.115,2.836,160.816,1.06561
2488,199040.0,1,0.17115651071071625,0.18387630581855774,0.27917,0.00018689033458940685,-15.715,-5.037,2.851,160.933,1.06576
2489,199120.0,1,0.17412008345127106,0.1822027713060379,0.27715,0.00017900422972161323,-15.573,-5.063,2.872,160.853,1.06586
2490,199200.0,1,0.177476704120636,0.18201184272766113,0.27525,0.00017970951739698648,-15.593,-5.094,2.864,160.957,1.06552
2491,199280.0,1,0.17806163430213928,0.17589202523231506,0.27524,0.0001717730483505875,-15.547,-5.108,2.914,160.926,1.06554
2492,199360.0,1,0.1790725290775299,0.174972802400589,0.27532,0.00017910837777890265,-15.612,-5.101,2.939,161.006,1.06515
2493,199440.0,1,0.1779753714799881,0.17593367397785187,0.27549,0.00018326345889363438,-15.615,-5.107,2.937,161.087,1.06298
2494,199520.0,1,0.7483313679695129,0.7048227787017822,0.07987,0.0002792133018374443,-15.947,-5.07,2.741,161.496,1.05955
2495,199600.0,1,0.526208758354187,0.5504717826843262,0.16331,0.00022804136096965522,-15.61,-5.122,2.846,161.482,1.05946
2496,199680.0,1,0.26402243971824646,0.3203735947608948,0.24889,0.00019389638327993453,-15.381,-5.155,2.978,161.554,1.05899
2497,199760.0,1,0.14618703722953796,0.20475606620311737,0.28191,0.0001823973871069029,-14.803,-5.212,2.995,161.558,1.05883
2498,199840.0,1,0.12138748168945312,0.15783636271953583,0.2899,0.00020332868734840304,-14.595,-5.18,2.997,161.643,1.05894
2499,199920.0,1,0.11576620489358902,0.1391419768333435,0.29241,0.00019796872220467776,-14.541,-5.14,2.979,161.639,1.05861
2500,200000.0,1,0.10675162076950073,0.12387873232364655,0.29613,0.0002029981988016516,-14.561,-5.175,2.852,161.702,1.05833
2501,200080.0,1,0.07940801233053207,0.07867754995822906,0.31212,0.000214809289900586,-14.657,-5.238,2.981,161.629,1.05924
2502,200160.0,1,0.0745997279882431,0.07359620183706284,0.31479,0.00023691925161983818,-14.492,-5.249,2.984,161.725,1.05877
2503,200240.0,1,0.07302102446556091,0.06611550599336624,0.31735,0.0002415842463960871,-14.275,-5.387,3.038,161.726,1.05871
2504,200320.0,1,0.07090101391077042,0.06958112865686417,0.31581,0.000245208153501153,-14.312,-5.341,3.038,161.748,1.05904
2505,200400.0,1,0.06321996450424194,0.0732288807630539,0.3183,0.00019616467761807144,-14.299,-5.331,3.091,161.645,1.05975
2506,200480.0,1,0.06117858737707138,0.06774670630693436,0.32091,0.0001902915391838178,-14.251,-5.329,3.038,161.679,1.05992
2507,200560.0,1,0.06499281525611877,0.06856770068407059,0.31921,0.00020407041301950812,-14.254,-5.283,3.014,161.634,1.06021
2508,200640.0,1,0.06179702281951904,0.06908117979764938,0.32011,0.0002259122848045081,-14.673,-5.138,2.945,161.672,1.06012
2509,200720.0,1,0.06308978796005249,0.07283173501491547,0.31873,0.0002002651890506968,-14.806,-5.109,2.897,161.642,1.05988
2510,200800.0,1,0.06131014972925186,0.07037101686000824,0.31924,0.00017430733714718372,-14.921,-5.151,2.869,161.709,1.05931
2511,200880.0,1,0.059606585651636124,0.06823127716779709,0.32056,0.0001688477786956355,-15.04,-5.129,2.866,161.875,1.05808
2512,200960.0,1,0.056904155761003494,0.06601327657699585,0.32134,0.00017312070121988654,-15.086,-5.142,2.791,162.237,1.05638
2513,201040.0,1,0.06403530389070511,0.07039737701416016,0.31712,0.00016780980513431132,-15.239,-5.171,2.75,162.288,1.05544
2514,201120.0,1,0.06432896107435226,0.07150158286094666,0.31754,0.00016831026005093008,-15.245,-5.183,2.673,162.418,1.05491
2515,201200.0,1,0.06540930271148682,0.07289465516805649,0.31759,0.00016508102999068797,-15.387,-5.235,2.738,162.429,1.05464
2516,201280.0,1,0.0698474794626236,0.07526960968971252,0.31487,0.00015705933037679642,-15.422,-5.271,2.882,162.48,1.05432
2517,201360.0,1,0.07121505588293076,0.07790397852659225,0.31401,0.00014114986697677523,-15.568,-5.262,2.88,162.46,1.05434
2518,201440.0,1,0.07073124498128891,0.07764546573162079,0.31383,0.00013774629042018205,-15.546,-5.256,2.915,162.479,1.05403
2519,201520.0,1,0.07159671187400818,0.07734576612710953,0.31377,0.00011881833779625595,-15.549,-5.134,2.906,162.505,1.05382
2520,201600.0,1,0.07267937064170837,0.0774233415722847,0.31297,0.0001317092392127961,-15.714,-5.168,2.78,162.555,1.05354
2521,201680.0,1,0.07216757535934448,0.07572678476572037,0.31279,0.00016024362412281334,-15.907,-5.235,2.833,162.55,1.05367
2522,201760.0,1,0.07179107517004013,0.07753907889127731,0.31145,0.00019142091332469136,-16.152,-5.169,2.824,162.688,1.05362
2523,201840.0,1,0.07252581417560577,0.07915932685136795,0.31057,0.00019257256644777954,-16.035,-5.104,2.715,162.701,1.05352
2524,201920.0,1,0.07036290317773819,0.07902220636606216,0.31126,0.00018134425044991076,-15.917,-5.07,2.704,162.837,1.05319
2525,202000.0,1,0.0692865252494812,0.07950212806463242,0.31096,0.00018573208944872022,-15.864,-5.024,2.659,162.807,1.05318
2526,202080.0,1,0.06603851914405823,0.070899099111557,0.31533,0.00018369908502791077,-15.964,-5.089,2.714,162.997,1.05312
2527,202160.0,1,0.07365084439516068,0.08439093828201294,0.31186,0.0002020554820774123,-15.937,-5.19,2.772,162.971,1.05317
2528,202240.0,1,0.07025396078824997,0.0842975601553917,0.31281,0.0001861327327787876,-15.688,-5.077,2.75,162.987,1.0532
2529,202320.0,1,0.07015620172023773,0.08379467576742172,0.31234,0.00018628490215633065,-15.605,-5.018,2.726,162.928,1.05367
2530,202400.0,1,0.07187079638242722,0.08552286028862,0.31219,0.00018749272567220032,-15.699,-5.038,2.68,162.966,1.05383
2531,202480.0,1,0.06900301575660706,0.07611048221588135,0.3163,0.0001714545942377299,-15.667,-4.967,2.72,162.852,1.05393
2532,202560.0,1,0.06857199966907501,0.07757116854190826,0.31496,0.00014976727834437042,-15.841,-5.214,2.712,162.749,1.05464
2533,202640.0,1,0.06793975085020065,0.07875294983386993,0.31416,0.00015571160474792123,-15.937,-5.373,2.712,162.7,1.0551
2534,202720.0,1,0.5970286726951599,0.5520561933517456,0.1431,0.00028226434369571507,-16.373,-5.328,2.137,162.759,1.05526
2535,202800.0,1,0.5932177305221558,0.5879431962966919,0.13391,0.0003275949275121093,-16.636,-5.24,2.289,162.741,1.05556
2536,202880.0,1,0.49003493785858154,0.5169024467468262,0.18068,0.0002906758454628289,-16.253,-5.314,2.378,162.839,1.05512
2537,202960.0,1,0.1624242067337036,0.2938738465309143,0.26896,0.0002077592653222382,-16.159,-5.361,2.662,162.782,1.05537
2538,203040.0,1,0.13212363421916962,0.2298896759748459,0.28199,0.00017583693261258304,-16.224,-5.457,2.698,162.851,1.05556
2539,203120.0,1,0.11677642166614532,0.16669993102550507,0.29094,0.00016406075155828148,-16.157,-5.493,2.72,162.885,1.05399
2540,203200.0,1,0.10229124128818512,0.14178234338760376,0.29618,0.00016293858061544597,-16.004,-5.515,2.713,162.94,1.05335
2541,203280.0,1,0.09257031977176666,0.1291881948709488,0.30018,0.0001711935765342787,-15.901,-5.49,2.707,162.895,1.05329
2542,203360.0,1,0.06662566214799881,0.1121152713894844,0.31019,0.00016542217053938657,-15.819,-5.503,2.828,162.871,1.05358
2543,203440.0,1,0.05940999463200569,0.09716232120990753,0.31302,0.00018722617824096233,-15.687,-5.494,2.951,162.791,1.05356
2544,203520.0,1,0.06439147144556046,0.09668179601430893,0.31336,0.00017660581215750426,-15.631,-5.453,2.882,162.708,1.05408
2545,203600.0,1,0.06779055297374725,0.0946953222155571,0.31334,0.00018174185242969543,-15.616,-5.404,2.829,162.646,1.05406
2546,203680.0,1,0.06953803449869156,0.09269040077924728,0.31383,0.00018918796558864415,-15.601,-5.364,2.769,162.669,1.05382
2547,203760.0,1,0.07119490951299667,0.0915752425789833,0.31336,0.0001879093615571037,-15.538,-5.33,2.783,162.565,1.05427
2548,203840.0,1,0.07305366545915604,0.09556977450847626,0.31196,0.00019426648213993758,-15.332,-5.252,2.723,162.563,1.05411
2549,203920.0,1,0.07386995851993561,0.07982935011386871,0.31635,0.0002164906036341563,-15.212,-5.291,2.686,162.465,1.05414
2550,204000.0,1,0.07451780140399933,0.07927205413579941,0.31612,0.0002326133835595101,-15.262,-5.298,2.733,162.424,1.0539
2551,204080.0,1,0.0737607479095459,0.08131464570760727,0.31475,0.00027718135970644653,-15.389,-5.344,2.704,162.324,1.05414
2552,204160.0,1,0.07034933567047119,0.07979201525449753,0.3159,0.0003294867346994579,-15.549,-5.432,2.693,162.316,1.05423
2553,204240.0,1,0.0698423758149147,0.0799417570233345,0.31466,0.0002984039601869881,-15.666,-5.488,2.672,162.231,1.05447
2554,204320.0,1,0.06899774074554443,0.08052052557468414,0.31432,0.000270307733444497,-15.739,-5.524,2.634,162.227,1.05492
2555,204400.0,1,0.06672609597444534,0.0821327492594719,0.31482,0.0002641448809299618,-15.868,-5.514,2.551,162.177,1.05499
2556,204480.0,1,0.06551279872655869,0.0806092917919159,0.31528,0.00022731066565029323,-15.753,-5.471,2.519,162.279,1.05583
2557,204560.0,1,0.06556721776723862,0.08138404041528702,0.31577,0.00020101835252717137,-15.826,-5.417,2.48,162.14,1.0558
2558,204640.0,1,0.06568130850791931,0.08251862972974777,0.31414,0.0001918031193781644,-15.828,-5.369,2.407,162.182,1.05621
2559,204720.0,1,0.06490114331245422,0.08355064690113068,0.31352,0.00019383853941690177,-15.861,-5.354,2.347,162.132,1.05638
2560,204800.0,1,0.06323953717947006,0.08046377450227737,0.31526,0.00018734582408796996,-15.87,-5.321,2.365,162.113,1.05648
2561,204880.0,1,0.06307247281074524,0.080742247402668,0.315,0.0002071512135444209,-15.818,-5.209,2.409,162.041,1.05658
2562,204960.0,1,0.06206677481532097,0.07518865913152695,0.31628,0.00020826104446314275,-15.894,-5.269,2.619,162.077,1.05685
2563,205040.0,1,0.06083894893527031,0.07235147804021835,0.31717,0.00019386607164051384,-15.829,-5.28,2.677,161.838,1.05684
2564,205120.0,1,0.06380651146173477,0.07371973246335983,0.31529,0.0001825040380936116,-15.992,-5.282,2.699,161.84,1.05716
2565,205200.0,1,0.06162555515766144,0.07345367968082428,0.31805,0.00015473933308385313,-16.019,-5.198,2.793,161.594,1.0574
2566,205280.0,1,0.06508579850196838,0.0761973038315773,0.31471,0.000145875514135696,-16.0,-5.131,2.689,161.624,1.0578
2567,205360.0,1,0.07106060534715652,0.08390113711357117,0.31097,0.00016501368372701108,-16.066,-5.081,2.721,161.512,1.05806
2568,205440.0,1,0.0696214884519577,0.08133228123188019,0.31304,0.00014246256614569575,-15.974,-5.166,2.652,161.385,1.05894
2569,205520.0,1,0.06859471648931503,0.08028038591146469,0.31347,0.0001490574941271916,-15.933,-5.243,2.721,161.354,1.05888
2570,205600.0,1,0.06987881660461426,0.08053724467754364,0.31313,0.0001461714127799496,-15.915,-5.217,2.742,161.377,1.05916
2571,205680.0,1,0.0693519115447998,0.07981730997562408,0.31359,0.00014923969865776598,-15.954,-5.251,2.743,161.352,1.05963
2572,205760.0,1,0.08030475676059723,0.08443211019039154,0.31071,0.00014876187196932733,-16.06,-5.317,2.757,161.475,1.05958
2573,205840.0,1,0.08125583827495575,0.08771975338459015,0.31009,0.00016720926214475185,-16.199,-5.428,2.788,161.379,1.05985
2574,205920.0,1,0.0816793143749237,0.091081902384758,0.3102,0.0001699415734037757,-16.187,-5.449,2.804,161.431,1.05988
2575,206000.0,1,0.08486497402191162,0.0979851484298706,0.3087,0.00018553754489403218,-16.063,-5.425,2.799,161.442,1.05963
2576,206080.0,1,0.08441142737865448,0.0984002873301506,0.30813,0.00018717817147262394,-15.997,-5.379,2.819,161.525,1.05912
2577,206160.0,1,0.08336585760116577,0.09667468816041946,0.30795,0.00018369348254054785,-16.02,-5.362,2.84,161.496,1.05959
2578,206240.0,1,0.08167362213134766,0.09447712451219559,0.309,0.0001725623442325741,-15.96,-5.316,2.834,161.511,1.05988
2579,206320.0,1,0.07373332977294922,0.08966981619596481,0.31186,0.0001747659989632666,-15.887,-5.345,2.901,161.454,1.05946
2580,206400.0,1,0.0728539451956749,0.08324476331472397,0.31298,0.000131881664856337,-15.779,-5.39,2.962,161.531,1.05925
2581,206480.0,1,0.07189038395881653,0.08444256335496902,0.31301,0.00012592213170137256,-15.816,-5.384,2.932,161.524,1.05907
2582,206560.0,1,0.07215026021003723,0.08598241209983826,0.31294,0.00012935536506120116,-15.83,-5.383,2.902,161.693,1.05875
2583,206640.0,1,0.07280575484037399,0.08672229200601578,0.3127,0.00012920003791805357,-15.898,-5.384,2.884,161.603,1.05869
2584,206720.0,1,0.07440787553787231,0.08800408989191055,0.31164,0.00013207836309447885,-15.962,-5.332,2.867,161.68,1.05881
2585,206800.0,1,0.05917510390281677,0.07792826741933823,0.3194,0.0001261394063476473,-16.021,-5.335,2.675,161.633,1.0591
2586,206880.0,1,0.05213058367371559,0.07075123488903046,0.32383,0.00011671160609694198,-15.998,-5.356,2.663,161.678,1.05909
2587,206960.0,1,0.055339012295007706,0.07671692222356796,0.32027,0.00012657315528485924,-16.064,-5.368,2.846,161.631,1.05904
2588,207040.0,1,0.05506699159741402,0.07493778318166733,0.32053,0.00012974077253602445,-16.092,-5.368,2.865,161.738,1.05858
2589,207120.0,1,0.05469519644975662,0.07315203547477722,0.32096,0.0001367190561722964,-16.059,-5.378,2.892,161.714,1.05836
2590,207200.0,1,0.0536138117313385,0.0707082524895668,0.32173,0.000132372384541668,-15.938,-5.463,2.9,161.736,1.05858
2591,207280.0,1,0.06373458355665207,0.08220917731523514,0.31725,0.00015063634782563895,-15.939,-5.449,2.972,161.709,1.05845
2592,207360.0,1,0.06120195984840393,0.06555913388729095,0.32192,0.00015961322060320526,-15.778,-5.494,3.124,161.682,1.05799
2593,207440.0,1,0.06212543323636055,0.06462138891220093,0.32118,0.00017799666966311634,-15.693,-5.459,3.032,161.644,1.05862
2594,207520.0,1,0.06123626232147217,0.06522639095783234,0.32144,0.00017608003690838814,-15.536,-5.365,3.007,161.63,1.05866
2595,207600.0,1,0.06329786777496338,0.06868044286966324,0.31977,0.00017915894568432122,-15.545,-5.364,2.973,161.547,1.05883
2596,207680.0,1,0.06396555155515671,0.06882870942354202,0.31983,0.00017981698329094797,-15.539,-5.313,2.949,161.572,1.05873
2597,207760.0,1,0.06468858569860458,0.06970175355672836,0.31969,0.00016631325706839561,-15.579,-5.294,2.939,161.484,1.05892
2598,207840.0,1,0.06520583480596542,0.06966544687747955,0.31982,0.00016310693172272295,-15.622,-5.28,2.933,161.5,1.05907
2599,207920.0,1,0.06511010229587555,0.06931687146425247,0.32043,0.00015947659267112613,-15.651,-5.217,2.916,161.478,1.05918
2600,208000.0,1,0.06461626291275024,0.06922426074743271,0.32028,0.00015749514568597078,-15.669,-5.221,2.906,161.506,1.05895
2601,208080.0,1,0.059018198400735855,0.06706323474645615,0.32218,0.00015415070811286569,-15.709,-5.21,2.878,161.461,1.05933
2602,208160.0,1,0.05343005806207657,0.06413619220256805,0.32468,0.00016033930296543986,-15.817,-5.196,2.878,161.566,1.05926
2603,208240.0,1,0.0504450798034668,0.062310170382261276,0.32571,0.0001609109021956101,-15.856,-5.191,2.859,161.505,1.0595
2604,208320.0,1,0.049004003405570984,0.0574687235057354,0.32703,0.0001372933475067839,-15.911,-5.143,2.97,161.446,1.05993
2605,208400.0,1,0.04985746741294861,0.05872766673564911,0.3258,0.00013612315524369478,-16.145,-5.074,2.995,161.404,1.06015
2606,208480.0,1,0.05075690895318985,0.05997083708643913,0.32466,0.0001446067908545956,-16.141,-5.032,2.987,161.438,1.06042
2607,208560.0,1,0.051022980362176895,0.06084137782454491,0.32449,0.00014763280341867357,-16.162,-4.987,2.975,161.35,1.06036
2608,208640.0,1,0.050498031079769135,0.062047768384218216,0.32439,0.00017390292487107217,-16.239,-4.927,2.923,161.553,1.05916
2609,208720.0,1,0.047669392079114914,0.06015530601143837,0.32607,0.00017490504251327366,-16.103,-4.869,2.96,161.492,1.05887
2610,208800.0,1,0.04740599915385246,0.059668075293302536,0.32626,0.00017342899809591472,-16.119,-4.872,2.949,161.532,1.05897
2611,208880.0,1,0.048292376101017,0.06067977845668793,0.3257,0.00016589858569204807,-16.11,-4.952,2.96,161.483,1.05883
2612,208960.0,1,0.048878129571676254,0.06171765923500061,0.32527,0.0001658362743910402,-16.182,-5.005,2.925,161.507,1.05874
2613,209040.0,1,0.04946942254900932,0.06219503656029701,0.32387,0.00013248440518509597,-16.158,-5.1,2.994,161.414,1.05885
2614,209120.0,1,0.05077642202377319,0.06268002092838287,0.32337,0.00013371906243264675,-16.154,-5.118,2.959,161.526,1.05855
2615,209200.0,1,0.05243841931223869,0.06483031064271927,0.3228,0.00013890012633055449,-16.468,-5.198,2.939,161.567,1.05793
2616,209280.0,1,0.057319581508636475,0.06786879152059555,0.32072,0.00011343852384015918,-16.363,-5.094,2.856,161.624,1.05744
2617,209360.0,1,0.060977909713983536,0.07612233608961105,0.31727,0.0001299802679568529,-16.532,-5.064,2.816,161.61,1.05782
2618,209440.0,1,0.06563325226306915,0.07897555828094482,0.31583,0.0001430129777872935,-16.726,-5.089,2.866,161.688,1.05712
2619,209520.0,1,0.06437908113002777,0.07233189791440964,0.31796,0.00011739816545741633,-16.817,-5.222,2.862,161.583,1.05681
2620,209600.0,1,0.05635226517915726,0.06243017315864563,0.32195,0.0001387510565109551,-16.889,-5.268,2.977,161.56,1.05731
2621,209680.0,1,0.06061195209622383,0.06445685029029846,0.32053,0.00014099571853876114,-16.945,-5.235,2.99,161.551,1.05723
2622,209760.0,1,0.04301206395030022,0.055883608758449554,0.32888,0.00013923972437623888,-16.926,-5.241,3.073,161.386,1.05548
2623,209840.0,1,0.04427855461835861,0.055461712181568146,0.32866,0.00014507651212625206,-16.927,-5.243,3.119,161.222,1.0556
2624,209920.0,1,0.04567531496286392,0.05689467862248421,0.32746,0.00015257488121278584,-16.907,-5.249,3.107,161.216,1.05557
2625,210000.0,1,0.045916613191366196,0.057113803923130035,0.32686,0.00015539849118795246,-16.96,-5.242,3.1,161.355,1.05532
2626,210080.0,1,0.04712982475757599,0.05729810521006584,0.3258,0.00015550862008240074,-17.055,-5.171,3.077,161.387,1.05546
2627,210160.0,1,0.22667554020881653,0.21383671462535858,0.26273,0.00021598566672764719,-16.935,-5.022,2.764,161.35,1.05579
2628,210240.0,1,0.3185122013092041,0.29432210326194763,0.25125,0.00021295413898769766,-17.14,-5.083,2.704,161.252,1.0553
2629,210320.0,1,0.17329657077789307,0.16747815907001495,0.28204,0.00015214180166367441,-17.17,-5.127,2.754,161.143,1.05586
2630,210400.0,1,0.11872800439596176,0.12743471562862396,0.29508,0.00014220294542610645,-17.234,-5.15,2.844,161.156,1.05589
2631,210480.0,1,0.0982554480433464,0.11526906490325928,0.29998,0.0001364068011753261,-17.189,-5.221,2.916,161.09,1.05614
2632,210560.0,1,0.08197808265686035,0.09626860171556473,0.30592,0.00013862596824765205,-17.172,-5.221,2.902,161.224,1.05595
2633,210640.0,1,0.07973259687423706,0.08905547112226486,0.308,0.00013320987636689097,-17.142,-5.215,2.87,161.271,1.05582
2634,210720.0,1,0.4714195728302002,0.48400214314460754,0.18332,0.00022495046141557395,-17.467,-5.038,2.406,161.343,1.05585
2635,210800.0,1,0.7512035369873047,0.7371180057525635,0.06958,0.00029384143999777734,-18.489,-5.131,2.37,161.472,1.05537
2636,210880.0,1,0.3502211272716522,0.4027543067932129,0.21796,0.00017119683616328984,-18.16,-5.158,2.717,161.49,1.05529
2637,210960.0,1,0.1587866246700287,0.22644126415252686,0.27118,0.00013970986765343696,-17.693,-5.199,2.89,161.409,1.05555
2638,211040.0,1,0.12205133587121964,0.1523108035326004,0.28767,0.0001365418720524758,-17.397,-5.08,2.865,161.392,1.05571
2639,211120.0,1,0.11440124362707138,0.13343285024166107,0.29326,0.0001367034128634259,-17.195,-5.102,2.874,161.363,1.0556
2640,211200.0,1,0.09254121035337448,0.10202451795339584,0.30335,0.000138870847877115,-16.956,-5.045,2.789,161.395,1.05577
2641,211280.0,1,0.08581748604774475,0.09382826834917068,0.30501,0.00015373015776276588,-16.937,-5.047,2.772,161.401,1.05585
2642,211360.0,1,0.08709464967250824,0.0959935188293457,0.30383,0.00016579627117607743,-16.951,-5.057,2.791,161.487,1.05599
2643,211440.0,1,0.08824792504310608,0.09530414640903473,0.30368,0.0001569680025568232,-16.989,-5.041,2.842,161.581,1.0555
2644,211520.0,1,0.08953840285539627,0.09436545521020889,0.3027,0.00015212032303679734,-16.975,-4.993,2.861,162.793,1.05298
2645,211600.0,1,0.09230692684650421,0.09509313851594925,0.30202,0.0001403847854817286,-17.022,-4.965,2.866,162.91,1.0527
2646,211680.0,1,0.09092815220355988,0.09447865188121796,0.3028,0.00013699466944672167,-17.057,-4.973,2.833,162.874,1.05265
2647,211760.0,1,0.08939092606306076,0.09336641430854797,0.30353,0.00013365175982471555,-17.163,-4.976,2.843,162.625,1.05305
2648,211840.0,1,0.08911795914173126,0.09532337635755539,0.30358,0.0001412334677297622,-17.205,-4.942,2.823,162.493,1.05373
2649,211920.0,1,0.08554959297180176,0.09420961886644363,0.30308,0.0001467730908188969,-17.179,-4.949,2.758,162.331,1.05389
2650,212000.0,1,0.07075777649879456,0.07909157127141953,0.31214,0.00018476255354471505,-17.032,-4.945,2.577,162.307,1.05418
2651,212080.0,1,0.07433902472257614,0.07457055896520615,0.314,0.0001566405699122697,-16.902,-5.001,2.539,162.193,1.05443
2652,212160.0,1,0.08535349369049072,0.08013808727264404,0.30912,0.00017717352602630854,-16.846,-5.03,2.509,162.018,1.05529
2653,212240.0,1,0.46522995829582214,0.5211325883865356,0.1844,0.00027979264268651605,-17.335,-5.141,2.301,162.003,1.05522
2654,212320.0,1,0.5143662691116333,0.5349854826927185,0.16861,0.0002757112088147551,-18.204,-5.281,2.434,162.186,1.05502
2655,212400.0,1,0.4111756980419159,0.48435452580451965,0.19617,0.00018750524031929672,-18.128,-5.368,2.595,162.208,1.05504
2656,212480.0,1,0.24070212244987488,0.3216148912906647,0.24919,0.00015571160474792123,-17.849,-5.355,2.545,162.321,1.05461
2657,212560.0,1,0.1799064427614212,0.2172761857509613,0.26859,0.00015044027531985193,-17.685,-5.347,2.462,162.333,1.05469
2658,212640.0,1,0.12574101984500885,0.16697271168231964,0.28176,0.00015305528359021991,-17.591,-5.165,2.426,162.513,1.05398
2659,212720.0,1,0.1104922816157341,0.14408423006534576,0.28818,0.00014631795056629926,-17.575,-5.169,2.479,162.522,1.05377
2660,212800.0,1,0.09563460946083069,0.11650478839874268,0.29568,0.00014274810382630676,-17.5,-5.14,2.494,162.555,1.05353
2661,212880.0,1,0.07914828509092331,0.09263010323047638,0.30502,0.0001285426114918664,-17.595,-5.031,2.514,162.569,1.05325
2662,212960.0,1,0.07474718987941742,0.08300413191318512,0.30788,0.00014791674038860947,-17.642,-5.029,2.561,162.556,1.05352
2663,213040.0,1,0.07465267181396484,0.08267822116613388,0.30704,0.00013883720384910703,-17.646,-4.999,2.61,162.5,1.05372
2664,213120.0,1,0.07272341847419739,0.07211143523454666,0.31074,0.0001427183160558343,-17.531,-4.878,2.703,162.495,1.05321
2665,213200.0,1,0.07768307626247406,0.0727573111653328,0.31051,0.00014366713003255427,-17.195,-4.917,2.754,162.416,1.05337
2666,213280.0,1,0.07541545480489731,0.0739390179514885,0.31096,0.00013929455599281937,-16.871,-4.956,2.692,162.473,1.05329
2667,213360.0,1,0.07570872455835342,0.07871580868959427,0.30948,0.00014138333790469915,-16.773,-5.065,2.668,162.444,1.05295
2668,213440.0,1,0.07346780598163605,0.0740177184343338,0.31118,0.00015490155783481896,-16.766,-5.088,2.612,162.434,1.0533
2669,213520.0,1,0.07337060570716858,0.07527223974466324,0.30981,0.00014881393872201443,-16.794,-5.091,2.511,162.388,1.05312
2670,213600.0,1,0.0715351551771164,0.06708027422428131,0.31288,0.00015709736908320338,-16.775,-5.09,2.457,162.425,1.05313
2671,213680.0,1,0.07194613665342331,0.06879787892103195,0.31208,0.0001667047617956996,-16.782,-5.117,2.424,162.391,1.05318
2672,213760.0,1,0.07257460057735443,0.06971012055873871,0.31261,0.0001768924848875031,-16.791,-5.158,2.457,162.422,1.05314
2673,213840.0,1,0.06177724152803421,0.06251232326030731,0.31987,0.00011433097824919969,-16.657,-5.246,2.545,162.348,1.05319
2674,213920.0,1,0.06556317210197449,0.06581544131040573,0.3172,0.0001312378590228036,-16.544,-5.198,2.566,162.391,1.05291
2675,214000.0,1,0.07327813655138016,0.0699545294046402,0.31406,0.00012228846026118845,-16.512,-5.219,2.609,162.343,1.05283
2676,214080.0,1,0.06976050138473511,0.06397318840026855,0.31572,0.00012785922444891185,-16.627,-5.285,2.794,162.264,1.05351
2677,214160.0,1,0.06876139342784882,0.06241442263126373,0.31553,0.00013173147453926504,-16.681,-5.3,2.797,162.254,1.05344
2678,214240.0,1,0.0683000385761261,0.06290364265441895,0.31552,0.00013236947415862232,-16.798,-5.209,2.788,162.302,1.05345
2679,214320.0,1,0.06676622480154037,0.06136170029640198,0.31574,0.0001259007549379021,-16.833,-5.174,2.814,162.231,1.05369
2680,214400.0,1,0.0655251294374466,0.0604403130710125,0.31608,0.0001182466367026791,-16.864,-5.214,2.85,162.246,1.05388
2681,214480.0,1,0.0627330020070076,0.05964182689785957,0.31704,0.00013150092854630202,-16.931,-5.211,2.867,162.193,1.05401
2682,214560.0,1,0.06359537690877914,0.059671878814697266,0.31675,0.00012803991558030248,-17.015,-5.235,2.907,162.289,1.05376
2683,214640.0,1,0.06265205889940262,0.060022417455911636,0.31744,0.00013179478992242366,-17.128,-5.206,2.911,162.328,1.05372
2684,214720.0,1,0.06240897998213768,0.06111438199877739,0.31731,0.00013742814189754426,-17.215,-5.206,2.891,162.393,1.05358
2685,214800.0,1,0.06208735331892967,0.061336711049079895,0.31712,0.00014018092770129442,-17.219,-5.208,2.871,162.399,1.05338
2686,214880.0,1,0.06230580806732178,0.0641283467411995,0.31673,0.00014840357471257448,-17.16,-5.154,2.771,162.564,1.05326
2687,214960.0,1,0.06030662730336189,0.06591436266899109,0.31601,0.00017612871306482702,-17.177,-5.079,2.647,162.714,1.05236
2688,215040.0,1,0.05929618328809738,0.06915293633937836,0.31905,0.0001532078895252198,-16.719,-5.057,2.536,162.756,1.05211
2689,215120.0,1,0.0401492714881897,0.0541989728808403,0.33342,0.00014307189849205315,-16.599,-5.024,2.444,162.727,1.05195
2690,215200.0,1,0.047871701419353485,0.0552210807800293,0.33104,0.0001303344761254266,-16.558,-4.973,2.367,162.918,1.05145
2691,215280.0,1,0.05753181502223015,0.0587611049413681,0.32417,0.00012265972327440977,-16.693,-4.865,2.313,162.909,1.05142
2692,215360.0,1,0.10388442873954773,0.10932919383049011,0.30383,0.00014667304640170187,-16.964,-4.872,2.109,163.078,1.05104
2693,215440.0,1,0.11352814733982086,0.12975633144378662,0.29902,0.00014077404921408743,-17.027,-4.93,2.247,163.023,1.05139
2694,215520.0,1,0.10991241782903671,0.11786925792694092,0.2995,0.00013237578968983144,-16.997,-4.936,2.338,162.821,1.05211
2695,215600.0,1,0.1034163385629654,0.11387848854064941,0.30037,0.00012796680675819516,-17.05,-4.928,2.316,161.788,1.05424
2696,215680.0,1,0.0956704169511795,0.10074116289615631,0.30392,0.000134804577101022,-16.976,-4.953,2.343,161.744,1.05424
2697,215760.0,1,0.15513378381729126,0.14513379335403442,0.28093,0.00016732695803511888,-16.839,-5.019,2.201,161.753,1.05478
2698,215840.0,1,0.7739182114601135,0.7318280339241028,0.0709,0.00028277558158151805,-18.059,-4.904,1.848,161.742,1.05501
2699,215920.0,1,0.7162546515464783,0.7096775770187378,0.09706,0.00023447495186701417,-17.818,-4.902,1.987,161.74,1.05552
2700,216000.0,1,0.17279177904129028,0.24081853032112122,0.27007,0.000147587779792957,-17.21,-5.16,2.397,161.743,1.05497
2701,216080.0,1,0.08695993572473526,0.12969061732292175,0.2962,0.00013990610023029149,-16.935,-5.37,2.613,161.705,1.05431
2702,216160.0,1,0.08484018594026566,0.1071731299161911,0.30163,0.0001527350104879588,-16.75,-5.303,2.58,161.861,1.05381
2703,216240.0,1,0.07241000980138779,0.08767899870872498,0.30659,0.0001416574086761102,-16.593,-5.347,2.654,161.7,1.05398
2704,216320.0,1,0.05569267272949219,0.06517910212278366,0.31789,0.00012899040302727371,-16.527,-5.386,2.626,161.812,1.05311
2705,216400.0,1,0.055731967091560364,0.06542455404996872,0.31631,0.00013306349865160882,-16.432,-5.279,2.535,161.749,1.05354
2706,216480.0,1,0.06130356341600418,0.07359311729669571,0.31461,0.00014476501382887363,-16.667,-5.372,2.648,161.789,1.05343
2707,216560.0,1,0.06193101033568382,0.07879751175642014,0.31414,0.0001458260085200891,-16.634,-5.426,2.624,161.706,1.05347
2708,216640.0,1,0.06480927765369415,0.07848480343818665,0.31291,0.0001487753470428288,-16.473,-5.525,2.634,161.707,1.05364
2709,216720.0,1,0.06742545962333679,0.0796879231929779,0.3135,0.00014897025539539754,-16.431,-5.53,2.655,161.602,1.05392
2710,216800.0,1,0.06651321053504944,0.07721903175115585,0.31554,0.0001658913097344339,-16.356,-5.463,2.608,161.586,1.05384
2711,216880.0,1,0.05588739737868309,0.06388790905475616,0.32632,0.00013015588046982884,-16.204,-5.474,2.684,161.513,1.05394
2712,216960.0,1,0.05819538235664368,0.06643307954072952,0.32353,0.00016292242798954248,-16.329,-5.251,2.651,161.689,1.05342
2713,217040.0,1,0.05877183750271797,0.06798996776342392,0.31862,0.00016249345208052546,-16.482,-5.301,2.773,161.711,1.05334
2714,217120.0,1,0.057629019021987915,0.06932829320430756,0.31898,0.0001688803022261709,-16.469,-5.288,2.824,161.927,1.05282
2715,217200.0,1,0.05963076278567314,0.07036324590444565,0.31869,0.00015679537318646908,-16.467,-5.274,2.797,161.938,1.05306
2716,217280.0,1,0.060806967318058014,0.07485435903072357,0.31766,0.0001505938416812569,-16.457,-5.215,2.73,161.988,1.0533
2717,217360.0,1,0.06085699051618576,0.07540388405323029,0.31762,0.00014268253289628774,-16.443,-5.163,2.723,161.964,1.05332
2718,217440.0,1,0.061399467289447784,0.07622350007295609,0.31746,0.00015404388250317425,-16.647,-5.147,2.728,162.01,1.05308
2719,217520.0,1,0.061626020818948746,0.0773157998919487,0.31731,0.00015916154370643198,-16.662,-5.152,2.728,161.978,1.0533
2720,217600.0,1,0.061948925256729126,0.07842519879341125,0.31681,0.00016178244550246745,-16.687,-5.152,2.732,162.027,1.05335
2721,217680.0,1,0.06368093937635422,0.08059392869472504,0.31615,0.00015357002848759294,-16.725,-5.192,2.73,161.918,1.05345
2722,217760.0,1,0.06573501229286194,0.08387202769517899,0.31469,0.00015544176858384162,-16.828,-5.171,2.717,161.98,1.05278
2723,217840.0,1,0.06533879041671753,0.08177020400762558,0.315,0.00015827437164261937,-16.782,-5.159,2.722,161.941,1.05358
2724,217920.0,1,0.061270009726285934,0.07654964178800583,0.3173,0.0001509214489487931,-16.809,-5.233,2.714,161.905,1.05371
2725,218000.0,1,0.060103438794612885,0.07635722309350967,0.31819,0.00014053679478820413,-16.823,-5.301,2.691,161.847,1.05417
2726,218080.0,1,0.05833326280117035,0.07190115004777908,0.3198,0.00013602519175037742,-16.788,-5.346,2.708,161.869,1.05454
2727,218160.0,1,0.05823170766234398,0.06967790424823761,0.31987,0.0001273943344131112,-16.777,-5.363,2.74,161.822,1.05443
2728,218240.0,1,0.05605238303542137,0.06629203259944916,0.31959,0.00013962089724373072,-16.749,-5.39,2.865,161.845,1.05443
2729,218320.0,1,0.05616481974720955,0.06258399039506912,0.32224,0.00020116542873438448,-16.726,-5.292,2.84,161.704,1.05539
2730,218400.0,1,0.0613897405564785,0.06795218586921692,0.31759,0.00020062220573890954,-16.867,-5.266,2.873,161.809,1.05506
2731,218480.0,1,0.059412240982055664,0.06473548710346222,0.32021,0.0001696828257991001,-16.85,-5.417,2.971,161.727,1.05505
2732,218560.0,1,0.06094365194439888,0.06729047745466232,0.31882,0.00017693566041998565,-16.746,-5.432,2.912,161.732,1.05498
2733,218640.0,1,0.06186934933066368,0.06867877393960953,0.31777,0.0001924132666317746,-16.815,-5.309,2.861,161.637,1.05537
2734,218720.0,1,0.06293356418609619,0.06603192538022995,0.31648,0.0001817536394810304,-16.706,-5.452,2.996,161.673,1.05506
2735,218800.0,1,0.062107961624860764,0.06578506529331207,0.31728,0.00018385345174465328,-16.656,-5.475,3.045,161.539,1.05538
2736,218880.0,1,0.6508128643035889,0.4321906566619873,0.16134,0.0002943452855106443,-17.495,-4.823,2.429,161.616,1.05502
2737,218960.0,1,0.5884506702423096,0.4309341013431549,0.17868,0.0002411270106676966,-17.582,-4.799,2.503,161.491,1.05522
2738,219040.0,1,0.36433926224708557,0.33592772483825684,0.22959,0.0001781844621291384,-17.32,-4.843,2.613,161.642,1.05478
2739,219120.0,1,0.23298177123069763,0.24019218981266022,0.26198,0.0001690531789790839,-17.314,-4.946,2.701,161.602,1.05456
2740,219200.0,1,0.18696917593479156,0.19579894840717316,0.27241,0.00014638454013038427,-17.485,-5.046,2.854,161.794,1.05409
2741,219280.0,1,0.17343579232692719,0.16550591588020325,0.27742,0.000142819742904976,-17.494,-5.049,2.845,161.641,1.05443
2742,219360.0,1,0.1551869660615921,0.14916566014289856,0.28308,0.000155594214447774,-17.428,-5.065,2.826,161.657,1.05474
2743,219440.0,1,0.12298867851495743,0.11642847210168839,0.29568,0.0001515662152087316,-17.141,-5.091,2.817,161.584,1.05545
2744,219520.0,1,0.1155080497264862,0.10886231064796448,0.29827,0.0001605315919732675,-16.95,-5.03,2.817,161.671,1.05523
2745,219600.0,1,0.11066379398107529,0.10790043324232101,0.29942,0.00015997677110135555,-16.948,-5.02,2.722,161.614,1.05548
2746,219680.0,1,0.10411830991506577,0.10569529980421066,0.30124,0.00015849244664423168,-17.012,-5.028,2.725,161.651,1.05542
2747,219760.0,1,0.09533659368753433,0.10633648186922073,0.30155,0.00018578715389594436,-17.053,-5.027,2.642,161.587,1.05582
2748,219840.0,1,0.08843687921762466,0.0981309711933136,0.30395,0.0001817032170947641,-17.031,-5.043,2.644,161.555,1.05595
2749,219920.0,1,0.07969754189252853,0.09425278007984161,0.30696,0.00017679065058473498,-17.046,-5.019,2.598,161.53,1.05618
2750,220000.0,1,0.07818230986595154,0.08970404416322708,0.30594,0.00017179074347950518,-16.958,-4.915,2.385,161.73,1.05581
2751,220080.0,1,0.07553552836179733,0.08402044326066971,0.30878,0.00020387476251926273,-16.937,-4.813,2.259,161.757,1.05562
2752,220160.0,1,0.1205393522977829,0.12226811051368713,0.2908,0.00020094707724638283,-16.932,-5.019,2.273,161.814,1.0557
2753,220240.0,1,0.8220201730728149,0.7766949534416199,0.03918,0.00028652881155721843,-18.604,-4.727,1.747,161.753,1.056
2754,220320.0,1,0.688901424407959,0.7015774250030518,0.08019,0.00028926480445079505,-18.39,-4.745,1.802,161.8,1.0561
2755,220400.0,1,0.47035732865333557,0.4957183301448822,0.17234,0.00020007813873235136,-18.127,-4.678,1.882,161.764,1.05616
2756,220480.0,1,0.1995716542005539,0.28113818168640137,0.25977,0.00015817343955859542,-17.586,-4.871,2.025,161.867,1.05557
2757,220560.0,1,0.11126289516687393,0.16004177927970886,0.28831,0.00014625073526985943,-17.376,-5.016,2.182,161.863,1.05565
2758,220640.0,1,0.08697103708982468,0.12641100585460663,0.3003,0.0001653929939493537,-16.83,-5.061,2.296,161.947,1.05558
2759,220720.0,1,0.0802391842007637,0.11399611830711365,0.30434,0.00016752586816437542,-16.742,-4.987,2.312,161.939,1.05543
2760,220800.0,1,0.07068102061748505,0.09305671602487564,0.30992,0.0001666059106355533,-16.712,-5.0,2.377,161.984,1.05509
2761,220880.0,1,0.06848064064979553,0.07538063824176788,0.31321,0.00015191608690656722,-16.761,-5.019,2.445,161.918,1.05509
2762,220960.0,1,0.07079077512025833,0.07511245459318161,0.31171,0.00015372208144981414,-16.903,-5.015,2.496,161.966,1.05483
2763,221040.0,1,0.07021025568246841,0.07437938451766968,0.30958,0.00014984999143052846,-17.115,-5.194,2.524,161.908,1.05489
2764,221120.0,1,0.06959421932697296,0.07285964488983154,0.30909,0.00014683004701510072,-17.255,-5.263,2.586,161.972,1.05493
2765,221200.0,1,0.06849893182516098,0.07069297134876251,0.31088,0.0001442997599951923,-17.167,-5.329,2.584,161.948,1.05473
2766,221280.0,1,0.06736566871404648,0.07008978724479675,0.3109,0.00014316510350909084,-17.186,-5.356,2.629,162.011,1.05455
2767,221360.0,1,0.06865677982568741,0.06859087198972702,0.31191,0.00015348217857535928,-17.159,-5.444,2.674,161.942,1.05498
2768,221440.0,1,0.06990528851747513,0.06898079067468643,0.31057,0.000132575529278256,-17.114,-5.427,2.768,161.929,1.05508
2769,221520.0,1,0.07029201835393906,0.07002574950456619,0.3107,0.000133270223159343,-17.125,-5.401,2.709,161.888,1.05513
2770,221600.0,1,0.06943174451589584,0.07013837993144989,0.31189,0.00013631668116431683,-17.19,-5.502,2.8,161.952,1.05485
2771,221680.0,1,0.06957557052373886,0.07272154092788696,0.31189,0.0001376038562739268,-17.15,-5.434,2.768,161.943,1.05505
2772,221760.0,1,0.07702817022800446,0.08024957031011581,0.30981,0.00020434029283933342,-17.206,-5.348,2.635,162.067,1.05503
2773,221840.0,1,0.07619216293096542,0.0753113403916359,0.31368,0.00019066475215367973,-17.046,-5.402,2.765,161.983,1.05525
2774,221920.0,1,0.07492449134588242,0.06883320957422256,0.31463,0.00018331011233385652,-17.014,-5.419,2.941,162.029,1.05519
2775,222000.0,1,0.07510264217853546,0.07027517259120941,0.31468,0.00020268565276637673,-17.009,-5.474,2.998,161.955,1.05557
2776,222080.0,1,0.07162433862686157,0.06426636874675751,0.31634,0.00017531943740323186,-17.03,-5.519,2.881,161.933,1.0554
2777,222160.0,1,0.07131331413984299,0.06839948147535324,0.31418,0.00018446856120135635,-17.089,-5.422,2.768,161.888,1.05546
2778,222240.0,1,0.06998694688081741,0.06906208395957947,0.31414,0.00018035771790891886,-17.118,-5.4,2.753,161.891,1.05542
2779,222320.0,1,0.05861210450530052,0.06498689949512482,0.32068,0.00016604688426014036,-17.214,-5.401,2.769,161.825,1.0556
2780,222400.0,1,0.05591260641813278,0.0634387657046318,0.32241,0.00015825731679797173,-17.174,-5.349,2.76,161.884,1.05567
2781,222480.0,1,0.05232299491763115,0.06034131720662117,0.32402,0.00016674259677529335,-17.196,-5.207,2.721,161.869,1.05567
2782,222560.0,1,0.05022042617201805,0.05871570110321045,0.32529,0.00015874502423685044,-17.258,-5.216,2.707,161.891,1.05549
2783,222640.0,1,0.047914162278175354,0.05752377584576607,0.32702,0.00014635591651313007,-17.311,-5.229,2.647,161.963,1.05504
2784,222720.0,1,0.048067230731248856,0.058236729353666306,0.32643,0.00016350633813999593,-17.394,-5.221,2.586,161.9,1.05537
2785,222800.0,1,0.05886032059788704,0.05932161957025528,0.32436,0.00019759475253522396,-17.456,-5.209,2.485,161.9,1.05589
2786,222880.0,1,0.05935550481081009,0.061277758330106735,0.32366,0.00016721864813007414,-17.415,-5.118,2.365,161.949,1.05594
2787,222960.0,1,0.06038370728492737,0.06621946394443512,0.32151,0.0001632096100365743,-17.273,-4.983,2.356,161.929,1.05593
2788,223040.0,1,0.057212911546230316,0.0635126605629921,0.32282,0.00016088649863377213,-17.288,-5.062,2.346,161.981,1.05567
2789,223120.0,1,0.0556444376707077,0.062435850501060486,0.32459,0.00015446674660779536,-17.344,-5.098,2.364,161.949,1.05557
2790,223200.0,1,0.05179968476295471,0.06027727201581001,0.32361,0.00012579539907164872,-17.643,-5.209,2.405,161.971,1.05533
2791,223280.0,1,0.13761213421821594,0.13044694066047668,0.28567,0.00016131522716023028,-18.008,-5.051,2.281,161.865,1.05554
2792,223360.0,1,0.5367474555969238,0.4698147177696228,0.17921,0.0002712143468670547,-19.115,-4.867,2.357,161.887,1.05527
2793,223440.0,1,0.3552427589893341,0.3716322183609009,0.2337,0.00023849372519180179,-18.892,-4.923,2.389,161.806,1.05526
2794,223520.0,1,0.19067910313606262,0.23061874508857727,0.27171,0.0002153212990378961,-18.776,-4.961,2.438,161.808,1.05527
2795,223600.0,1,0.12173715978860855,0.16701066493988037,0.2896,0.00020012947788927704,-18.461,-4.962,2.449,161.757,1.05533
2796,223680.0,1,0.0905398428440094,0.10898234695196152,0.30423,0.00016982720990199596,-17.953,-5.273,2.525,161.744,1.05471
2797,223760.0,1,0.07671932131052017,0.09055358916521072,0.31173,0.00016160558152478188,-17.811,-5.313,2.534,161.693,1.05511
2798,223840.0,1,0.07230473309755325,0.0843275859951973,0.31369,0.00015175437147263438,-17.785,-5.33,2.528,161.783,1.05517
2799,223920.0,1,0.07178109139204025,0.08636690676212311,0.31331,0.0001423457870259881,-17.791,-5.323,2.542,161.741,1.05538
2800,224000.0,1,0.07641875743865967,0.09355897456407547,0.31134,0.00012193529983051121,-17.391,-5.219,2.513,162.817,1.05214
2801,224080.0,1,0.07197283208370209,0.07994216680526733,0.31326,0.0001104617040255107,-17.633,-5.116,2.479,165.502,1.04117
2802,224160.0,1,0.06274140626192093,0.07515211403369904,0.31628,9.626035171095282e-05,-17.72,-5.102,2.543,165.647,1.03932
2803,224240.0,1,0.06979941576719284,0.08244019746780396,0.31208,0.00012216642790008336,-17.727,-5.082,2.469,165.231,1.03943
2804,224320.0,1,0.0676271840929985,0.07747463881969452,0.31397,0.00013069214764982462,-17.725,-5.111,2.412,164.882,1.04033
2805,224400.0,1,0.07017969340085983,0.08462637662887573,0.31124,0.00012728468573186547,-17.551,-5.114,2.339,164.553,1.04148
2806,224480.0,1,0.07005836069583893,0.08376026898622513,0.31098,0.00014384779206011444,-17.55,-5.137,2.325,164.365,1.04279
2807,224560.0,1,0.06723584979772568,0.08257743716239929,0.31186,0.0001481489307479933,-17.538,-5.139,2.343,164.052,1.04459
2808,224640.0,1,0.07387548685073853,0.08149605244398117,0.30983,0.00015174467989709228,-17.622,-5.218,2.535,163.736,1.04665
2809,224720.0,1,0.06649286299943924,0.07608108222484589,0.3115,0.0001153561970568262,-17.583,-5.208,2.696,163.66,1.04616
2810,224800.0,1,0.0448739230632782,0.05902406945824623,0.32601,0.00010238203685730696,-17.453,-5.244,2.925,163.513,1.04636
2811,224880.0,1,0.3891468048095703,0.3778814673423767,0.21379,0.00019761754083447158,-17.818,-4.977,2.338,163.416,1.04689
2812,224960.0,1,0.38712286949157715,0.40368059277534485,0.20465,0.00021101241873111576,-17.749,-5.117,2.343,163.473,1.0469
2813,225040.0,1,0.2663709819316864,0.30155614018440247,0.24911,0.00016086362302303314,-17.769,-5.14,2.377,163.444,1.0468
2814,225120.0,1,0.13164958357810974,0.19119775295257568,0.27947,0.000132100292830728,-17.692,-5.19,2.474,163.547,1.04692
2815,225200.0,1,0.11004659533500671,0.16383229196071625,0.28791,0.000125231672427617,-17.63,-5.261,2.688,163.395,1.04852
2816,225280.0,1,0.10427859425544739,0.14142698049545288,0.29026,0.00011891036410816014,-17.585,-5.339,2.691,163.469,1.04933
2817,225360.0,1,0.08935712277889252,0.11791392415761948,0.29675,0.00011461696703918278,-17.562,-5.395,2.75,163.453,1.04968
2818,225440.0,1,0.07540629059076309,0.1100011095404625,0.30315,0.00011547077156137675,-17.599,-5.381,2.656,163.58,1.0498
2819,225520.0,1,0.07500898838043213,0.105594702064991,0.3026,0.00014065465074963868,-17.736,-5.378,2.673,163.725,1.04942
2820,225600.0,1,0.06433586776256561,0.08339910209178925,0.30944,0.0001178054662887007,-17.991,-5.324,2.68,163.72,1.0494
2821,225680.0,1,0.06524142622947693,0.08409757167100906,0.31026,0.00011923863348783925,-18.332,-5.192,2.637,163.682,1.04971
2822,225760.0,1,0.06002573296427727,0.07439212501049042,0.31512,0.00012711816816590726,-18.288,-5.178,2.537,163.674,1.04988
2823,225840.0,1,0.05984159931540489,0.06362506002187729,0.31917,0.00013688969193026423,-18.134,-5.188,2.47,163.548,1.05048
2824,225920.0,1,0.0636691153049469,0.06665526330471039,0.31665,0.00013905356172472239,-18.133,-5.312,2.506,163.593,1.05045
2825,226000.0,1,0.06616107374429703,0.06799700856208801,0.31548,0.00012807387975044549,-18.071,-5.403,2.546,163.528,1.05077
2826,226080.0,1,0.06741876900196075,0.0678422823548317,0.31477,0.00012702825188171118,-17.959,-5.446,2.58,163.578,1.05062
2827,226160.0,1,0.07398372143507004,0.06619574874639511,0.31418,0.00012609550321940333,-17.857,-5.345,2.655,163.494,1.05055
2828,226240.0,1,0.07253267616033554,0.06553848832845688,0.3149,0.0001295395049965009,-17.809,-5.373,2.707,163.571,1.05071
2829,226320.0,1,0.071059949696064,0.06490910053253174,0.31476,0.00011984734737779945,-17.827,-5.379,2.754,163.542,1.05068
2830,226400.0,1,0.07024800032377243,0.06701598316431046,0.31441,0.00011585104948608205,-17.851,-5.296,2.736,163.602,1.05078
2831,226480.0,1,0.06467188149690628,0.06769643723964691,0.31543,0.0001449206902179867,-17.842,-5.277,2.661,163.538,1.05068
2832,226560.0,1,0.06691107153892517,0.06700555980205536,0.31505,0.00014957133680582047,-17.978,-5.363,2.747,163.605,1.05039
2833,226640.0,1,0.07206448912620544,0.07191304117441177,0.31195,0.0001364710769848898,-17.982,-5.427,2.813,163.6,1.05071
2834,226720.0,1,0.07223959267139435,0.07129494845867157,0.31251,0.000134740854264237,-18.39,-5.397,2.947,163.696,1.05066
2835,226800.0,1,0.07502669095993042,0.07583727687597275,0.31024,0.00012466633052099496,-18.382,-5.413,2.859,162.986,1.0517
2836,226880.0,1,0.06257063895463943,0.06128615140914917,0.3186,0.0001355748245259747,-18.401,-5.423,2.748,161.25,1.05836
2837,226960.0,1,0.06608134508132935,0.06581216305494308,0.31772,0.00014653649122919887,-18.054,-5.334,2.722,161.143,1.06284
2838,227040.0,1,0.0689270868897438,0.0754542276263237,0.31455,0.00013349026266951114,-18.052,-5.336,2.751,161.379,1.0637
2839,227120.0,1,0.06530307233333588,0.06916740536689758,0.31731,0.0001151834221673198,-17.888,-5.297,2.732,161.277,1.06476
2840,227200.0,1,0.07130123674869537,0.07178695499897003,0.3145,0.00010951192234642804,-17.931,-5.304,2.69,161.345,1.06498
2841,227280.0,1,0.12351991981267929,0.12982241809368134,0.29097,9.418182162335142e-05,-18.916,-5.271,2.679,161.344,1.06528
2842,227360.0,1,0.16074059903621674,0.1789150983095169,0.27835,8.058742969296873e-05,-19.747,-5.289,2.619,161.477,1.06474
2843,227440.0,1,0.1848212331533432,0.19533704221248627,0.27431,6.289297743933275e-05,-20.118,-5.328,2.649,161.463,1.06492
2844,227520.0,1,0.2169570028781891,0.23878364264965057,0.26448,7.256797107402235e-05,-20.454,-5.229,2.601,161.561,1.06431
2845,227600.0,1,0.23666726052761078,0.2650364935398102,0.25906,7.895706949057057e-05,-20.776,-5.389,2.646,161.718,1.06299
2846,227680.0,1,0.2541406452655792,0.2730751037597656,0.25695,7.531152368756011e-05,-20.817,-5.411,2.651,161.813,1.06305
2847,227760.0,1,0.26718974113464355,0.2918627858161926,0.25448,8.200100273825228e-05,-20.81,-5.383,2.637,161.862,1.06324
2848,227840.0,1,0.28242024779319763,0.30035096406936646,0.25329,8.17494437796995e-05,-20.777,-5.254,2.638,161.98,1.06301
2849,227920.0,1,0.3161599934101105,0.32680264115333557,0.24788,9.161710477201268e-05,-20.61,-5.18,2.67,161.961,1.06266
2850,228000.0,1,0.336770623922348,0.3331369161605835,0.24422,8.726501982891932e-05,-20.492,-5.091,2.646,162.079,1.06214
2851,228080.0,1,0.34344539046287537,0.35006436705589294,0.24088,8.706769585842267e-05,-20.663,-4.95,2.73,162.018,1.06268
2852,228160.0,1,0.33755260705947876,0.34301555156707764,0.24259,7.80705304350704e-05,-20.689,-4.923,2.666,162.079,1.06283
2853,228240.0,1,0.33916017413139343,0.345935583114624,0.24208,8.600975706940517e-05,-20.79,-4.912,2.662,162.018,1.06296
2854,228320.0,1,0.33762481808662415,0.3565869927406311,0.24097,7.876996096456423e-05,-20.925,-4.991,2.65,162.098,1.06285
2855,228400.0,1,0.35050246119499207,0.3579685389995575,0.2395,7.25609133951366e-05,-20.937,-4.956,2.579,162.054,1.0636
2856,228480.0,1,0.34300684928894043,0.34432950615882874,0.23994,7.568070577690378e-05,-20.735,-5.096,2.615,162.046,1.06304
2857,228560.0,1,0.14222361147403717,0.1813075691461563,0.28387,8.447140135103837e-05,-19.611,-5.15,2.481,161.819,1.06417
2858,228640.0,1,0.06526664644479752,0.08513571321964264,0.31154,8.580969733884558e-05,-18.696,-5.142,2.527,161.822,1.06432
2859,228720.0,1,0.053159523755311966,0.07210604846477509,0.31663,8.855801570462063e-05,-18.423,-5.07,2.488,161.783,1.06439
2860,228800.0,1,0.05946086347103119,0.07077533006668091,0.31528,9.83824284048751e-05,-18.036,-5.087,2.52,161.811,1.06469
2861,228880.0,1,0.06416334956884384,0.0724291205406189,0.31288,0.00010379857121733949,-17.896,-5.119,2.532,161.775,1.06473
2862,228960.0,1,0.06554251909255981,0.07239218801259995,0.31285,0.00011217953579034656,-17.934,-5.122,2.586,161.812,1.06478
2863,229040.0,1,0.06768985092639923,0.06969500333070755,0.31338,0.00011071437620557845,-17.933,-5.129,2.612,161.754,1.06495
2864,229120.0,1,0.05449586734175682,0.057084232568740845,0.32216,0.00010428620589664206,-17.817,-5.048,2.585,161.815,1.06464
2865,229200.0,1,0.04303940758109093,0.052929140627384186,0.32759,0.00010826242942130193,-17.677,-5.057,2.6,161.768,1.06475
2866,229280.0,1,0.0341806523501873,0.04913497716188431,0.33274,0.00011805297253886238,-17.7,-5.199,2.674,161.775,1.06475
2867,229360.0,1,0.033724088221788406,0.048557233065366745,0.33304,0.0001228372857440263,-17.682,-5.17,2.667,161.735,1.06496
2868,229440.0,1,0.03948340192437172,0.05219731479883194,0.32783,0.00015016495308373123,-17.567,-5.25,2.682,161.69,1.06428
2869,229520.0,1,0.04055798053741455,0.05221822112798691,0.32738,0.0001241248392034322,-17.623,-5.323,2.686,161.694,1.06423
2870,229600.0,1,0.040577489882707596,0.05287027359008789,0.32717,0.00013337828568182886,-17.659,-5.315,2.67,161.763,1.06412
2871,229680.0,1,0.030772175639867783,0.036049727350473404,0.34207,0.00014144710439722985,-17.542,-5.279,2.587,161.809,1.06348
2872,229760.0,1,0.03000422567129135,0.030512899160385132,0.34825,0.00015642950893379748,-17.571,-5.167,2.676,162.015,1.0628
2873,229840.0,1,0.0321599505841732,0.03985295072197914,0.34068,0.00016192611656151712,-17.497,-5.197,2.698,162.48,1.06091
2874,229920.0,1,0.035594940185546875,0.04521745443344116,0.33512,0.0001917221088660881,-17.579,-5.199,2.68,162.573,1.06027
2875,230000.0,1,0.03787461295723915,0.05101436749100685,0.33093,0.00018837219977285713,-17.541,-5.18,2.679,162.602,1.05818
2876,230080.0,1,0.04102903604507446,0.0578656941652298,0.3275,0.00020386504183989018,-17.611,-5.26,2.608,162.646,1.05697
2877,230160.0,1,0.04324325919151306,0.058386191725730896,0.32654,0.00020354999287519604,-17.666,-5.319,2.576,162.568,1.05726
2878,230240.0,1,0.1635095328092575,0.15323983132839203,0.27721,0.00022934396110940725,-17.739,-5.322,2.324,162.689,1.05666
2879,230320.0,1,0.4635447859764099,0.4348873794078827,0.20104,0.0002638061414472759,-18.498,-5.387,2.286,162.634,1.05664
2880,230400.0,1,0.35534241795539856,0.3716314435005188,0.22649,0.00021100718004163355,-18.351,-5.409,2.246,162.679,1.05656
2881,230480.0,1,0.30448079109191895,0.32523003220558167,0.24659,0.00018454914970789105,-18.276,-5.444,2.247,162.67,1.05642
2882,230560.0,1,0.22668065130710602,0.2598680853843689,0.26522,0.00016654795035719872,-18.116,-5.404,2.301,162.691,1.05694
2883,230640.0,1,0.18852370977401733,0.22100697457790375,0.2721,0.0001585850986884907,-18.04,-5.402,2.36,162.649,1.0569
2884,230720.0,1,0.16534166038036346,0.19322140514850616,0.27564,0.0001735136756906286,-17.934,-5.341,2.396,162.701,1.05671
2885,230800.0,1,0.1509874016046524,0.17120398581027985,0.27875,0.00017369561828672886,-17.973,-5.309,2.434,162.633,1.05427
2886,230880.0,1,0.14680767059326172,0.16223713755607605,0.28004,0.0001757854624884203,-17.99,-5.336,2.474,162.69,1.05344
2887,230960.0,1,0.13995283842086792,0.1497206836938858,0.2829,0.00017238342843484133,-18.044,-5.273,2.462,162.649,1.05302
2888,231040.0,1,0.13124221563339233,0.14667275547981262,0.28408,0.00018080211884807795,-18.033,-5.295,2.431,162.697,1.0534
2889,231120.0,1,0.10642983019351959,0.12603522837162018,0.29363,0.00020657705317717046,-17.894,-5.262,2.336,162.639,1.05266
2890,231200.0,1,0.09066720306873322,0.09561263769865036,0.30447,0.0001773456169757992,-17.893,-5.283,2.322,162.659,1.05288
2891,231280.0,1,0.06815396249294281,0.07386720925569534,0.31982,0.0001754515542415902,-17.679,-5.235,2.238,162.608,1.05337
2892,231360.0,1,0.07645346224308014,0.0674951896071434,0.31555,0.00016614394553471357,-17.815,-5.383,2.313,162.582,1.05327
2893,231440.0,1,0.07560740411281586,0.07005180418491364,0.31319,0.00014741814811713994,-17.86,-5.405,2.383,162.57,1.05312
2894,231520.0,1,0.07669706642627716,0.07454343140125275,0.31064,0.00015668074775021523,-17.863,-5.424,2.357,162.582,1.05322
2895,231600.0,1,0.06679314374923706,0.07052604854106903,0.31768,0.0001951515005202964,-17.855,-5.373,2.297,162.521,1.05361
2896,231680.0,1,0.07930656522512436,0.07921168208122253,0.31203,0.00017057829245459288,-17.877,-5.365,2.354,162.604,1.05375
2897,231760.0,1,0.06632406264543533,0.06930391490459442,0.3191,0.000175727647729218,-17.887,-5.339,2.37,162.563,1.05381
2898,231840.0,1,0.07543504983186722,0.07052117586135864,0.31869,0.00023531906481366605,-17.564,-5.228,2.27,162.743,1.05418
2899,231920.0,1,0.06155335530638695,0.06088220328092575,0.3261,0.00023909092124085873,-17.806,-5.188,2.357,162.588,1.05472
2900,232000.0,1,0.05688612908124924,0.06002999097108841,0.32895,0.00016910023987293243,-17.765,-5.179,2.475,162.683,1.05474
2901,232080.0,1,0.04874783381819725,0.0529615618288517,0.33534,0.00018928901408798993,-18.042,-5.133,2.614,162.572,1.05507
2902,232160.0,1,0.06735482066869736,0.07281115651130676,0.32174,0.0001599608949618414,-18.012,-5.116,2.747,162.591,1.05486
2903,232240.0,1,0.077951580286026,0.08720175921916962,0.31426,0.00013307543122209609,-18.096,-5.151,2.698,162.486,1.05527
2904,232320.0,1,0.07734114676713943,0.0805046409368515,0.31608,0.00013483685324899852,-17.753,-5.023,2.742,162.443,1.05495
2905,232400.0,1,0.07349620014429092,0.07705923169851303,0.31761,0.000135155045427382,-17.665,-4.969,2.725,162.342,1.05554
2906,232480.0,1,0.07197046279907227,0.0773225724697113,0.31758,0.00013620767276734114,-17.635,-4.97,2.695,161.739,1.05634
2907,232560.0,1,0.07323553413152695,0.07744099944829941,0.31672,0.00013858710008207709,-17.618,-4.993,2.727,161.612,1.05668
2908,232640.0,1,0.07017193734645844,0.0712069571018219,0.31807,0.00013429509999696165,-17.575,-5.015,2.799,161.727,1.05613
2909,232720.0,1,0.06774849444627762,0.06882278621196747,0.31974,0.00011548012844286859,-17.606,-5.027,2.815,161.746,1.05611
2910,232800.0,1,0.0565720871090889,0.0645141452550888,0.32363,0.0001249425404239446,-17.727,-5.003,2.826,161.88,1.05598
2911,232880.0,1,0.054402027279138565,0.06157144904136658,0.32472,0.00012141284969402477,-17.901,-5.064,2.842,161.882,1.05615
2912,232960.0,1,0.05707704648375511,0.06512093544006348,0.32277,0.00012804394646082073,-17.962,-5.089,2.842,162.005,1.05551
2913,233040.0,1,0.0583217553794384,0.07115380465984344,0.32022,0.00014045441639609635,-17.915,-5.049,2.753,162.133,1.05488
2914,233120.0,1,0.05886015668511391,0.07446828484535217,0.3188,0.0001475247263442725,-17.746,-4.994,2.683,162.262,1.05442
2915,233200.0,1,0.05862419307231903,0.07597120851278305,0.31567,0.00014452145842369646,-17.581,-4.88,2.514,162.31,1.05432
2916,233280.0,1,0.059261247515678406,0.07533831149339676,0.31705,0.0001362556213280186,-17.711,-4.787,2.532,162.379,1.05367
2917,233360.0,1,0.0599001906812191,0.07426369190216064,0.31782,0.00012095627607777715,-17.732,-4.837,2.513,162.401,1.05375
2918,233440.0,1,0.06105715036392212,0.07008099555969238,0.31832,0.00011503381392685696,-17.849,-4.977,2.549,162.462,1.05364
2919,233520.0,1,0.06088272109627724,0.06375572830438614,0.32003,0.00012113762204535306,-17.889,-5.039,2.538,162.371,1.05398
2920,233600.0,1,0.06154964864253998,0.0625062957406044,0.32056,0.00012421151041053236,-17.909,-5.061,2.521,162.407,1.05338
2921,233680.0,1,0.06273002922534943,0.06016101688146591,0.32048,0.00013168789155315608,-17.95,-5.036,2.505,162.304,1.05354
2922,233760.0,1,0.06090331822633743,0.062485694885253906,0.32065,0.00013707266771234572,-17.947,-5.019,2.51,162.33,1.05374
2923,233840.0,1,0.05952752009034157,0.06288685649633408,0.32142,0.00013804885384161025,-17.957,-5.015,2.558,162.289,1.05388
2924,233920.0,1,0.06015511974692345,0.06522513926029205,0.32014,0.00014854954497423023,-18.124,-5.008,2.612,162.409,1.05321
2925,234000.0,1,0.06454422324895859,0.0691094920039177,0.31666,0.00014877023932058364,-18.166,-5.023,2.547,162.281,1.05334
2926,234080.0,1,0.06700354069471359,0.0731758177280426,0.31456,0.00016140662773977965,-18.23,-4.884,2.548,162.328,1.05365
2927,234160.0,1,0.06539227813482285,0.07227824628353119,0.31534,0.00016426814545411617,-18.196,-4.856,2.568,162.267,1.05375
2928,234240.0,1,0.06402941793203354,0.07300601899623871,0.31559,0.00014284602366387844,-18.007,-4.992,2.548,162.222,1.05417
2929,234320.0,1,0.06226668134331703,0.07232523709535599,0.31565,0.0001338267175015062,-17.874,-5.006,2.512,162.225,1.05441
2930,234400.0,1,0.06248363479971886,0.07280972599983215,0.31518,0.0001314325927523896,-17.861,-5.006,2.537,162.245,1.05413
2931,234480.0,1,0.06215919554233551,0.07362683117389679,0.31495,0.00012722246174234897,-18.114,-5.027,2.603,162.139,1.05459
2932,234560.0,1,0.06180082634091377,0.07470947504043579,0.31509,0.00012032416270812973,-18.099,-5.022,2.579,162.21,1.05461
2933,234640.0,1,0.06443309783935547,0.0733645036816597,0.31596,0.00011143631854793057,-18.155,-5.02,2.571,162.126,1.05509
2934,234720.0,1,0.06943434476852417,0.07356894761323929,0.31496,0.00010280054993927479,-18.247,-5.025,2.577,162.184,1.05488
2935,234800.0,1,0.06890042126178741,0.07121342420578003,0.31541,9.950053208740428e-05,-18.202,-5.083,2.597,162.127,1.05478
2936,234880.0,1,0.05998173728585243,0.06475523859262466,0.32153,0.00013557146303355694,-18.024,-5.121,2.558,162.213,1.05452
2937,234960.0,1,0.060295701026916504,0.07090602070093155,0.3201,0.00015452539082616568,-18.08,-5.064,2.429,162.186,1.05476
2938,235040.0,1,0.06300979852676392,0.07511940598487854,0.31662,0.00016117778432089835,-18.103,-5.0,2.3,162.341,1.05484
2939,235120.0,1,0.05610823631286621,0.07092834264039993,0.32284,0.0001598401286173612,-18.036,-4.917,2.246,162.303,1.0551
2940,235200.0,1,0.05886831879615784,0.07180263102054596,0.32235,0.00013630276953335851,-18.032,-4.933,2.344,162.347,1.05525
2941,235280.0,1,0.06166388839483261,0.0731656551361084,0.32056,0.00013271796342451125,-18.066,-4.982,2.427,162.358,1.05539
2942,235360.0,1,0.06143302470445633,0.07492595165967941,0.3184,0.00013070172281004488,-18.078,-5.0,2.502,162.473,1.05485
2943,235440.0,1,0.06388465315103531,0.07886891067028046,0.31489,0.0001393077109241858,-18.078,-5.035,2.5,162.478,1.05484
2944,235520.0,1,0.06625057011842728,0.08204182237386703,0.31315,0.00015676309703849256,-18.143,-5.039,2.511,162.581,1.05443
2945,235600.0,1,0.06695213168859482,0.0853848084807396,0.31209,0.00017329081310890615,-18.107,-5.087,2.481,162.54,1.05434
2946,235680.0,1,0.0663912445306778,0.08702821284532547,0.31166,0.00016058640903793275,-18.169,-5.077,2.447,162.614,1.05405
2947,235760.0,1,0.06794461607933044,0.08745730668306351,0.31229,0.00017733393178787082,-18.278,-5.023,2.374,162.606,1.05431
2948,235840.0,1,0.06670123338699341,0.08589348196983337,0.31411,0.00017631254740990698,-18.363,-4.961,2.316,162.713,1.05389
2949,235920.0,1,0.07033761590719223,0.08304563909769058,0.31242,0.00016373941616620868,-18.238,-4.955,2.268,162.766,1.05378
2950,236000.0,1,0.06451456248760223,0.0773782804608345,0.31577,0.00016088235133793205,-18.242,-4.989,2.256,163.012,1.0531
2951,236080.0,1,0.062051109969615936,0.07525887340307236,0.3155,0.00015417890972457826,-18.257,-4.985,2.149,162.937,1.05331
2952,236160.0,1,0.0540887787938118,0.06739821285009384,0.31935,0.00015134354180190712,-18.229,-5.013,2.258,162.909,1.05356
2953,236240.0,1,0.05368945002555847,0.0694982260465622,0.3194,0.00016712048090994358,-18.341,-5.02,2.178,162.87,1.05349
2954,236320.0,1,0.052306558936834335,0.06767866760492325,0.32071,0.00018742996326182038,-18.374,-5.016,2.139,162.9,1.05355
2955,236400.0,1,0.05142444372177124,0.06297450512647629,0.32065,0.00020616775145754218,-18.494,-5.102,2.263,162.785,1.05392
2956,236480.0,1,0.05158603936433792,0.06640256196260452,0.32003,0.00020561592828016728,-18.501,-5.135,2.313,162.817,1.05383
2957,236560.0,1,0.0545152984559536,0.06468185782432556,0.32007,0.00016240189142990857,-18.456,-5.175,2.226,162.748,1.05387
2958,236640.0,1,0.05700721591711044,0.0648488998413086,0.31939,0.00015524595801252872,-18.478,-5.171,2.226,162.852,1.05339
2959,236720.0,1,0.056789644062519073,0.0649939551949501,0.31985,0.00014688650844618678,-18.466,-5.148,2.228,162.779,1.05368
2960,236800.0,1,0.05699436739087105,0.0658513531088829,0.31968,0.00016137614147737622,-18.557,-5.049,2.22,162.84,1.05381
2961,236880.0,1,0.057335734367370605,0.06708773970603943,0.32022,0.00016253853391390294,-18.604,-5.004,2.247,162.825,1.05348
2962,236960.0,1,0.060328491032123566,0.07032632827758789,0.31854,0.00016707553004380316,-18.59,-4.969,2.219,162.839,1.05343
2963,237040.0,1,0.06773389130830765,0.07669619470834732,0.31572,0.00017299760656896979,-18.605,-4.966,2.201,162.78,1.05356
2964,237120.0,1,0.5852735042572021,0.4235938787460327,0.181,0.00028389718499965966,-19.721,-5.068,1.815,162.832,1.05418
2965,237200.0,1,0.4254554510116577,0.3634820878505707,0.21563,0.00024254042364191264,-19.574,-5.096,1.925,162.79,1.05466
2966,237280.0,1,0.3140851557254791,0.31806203722953796,0.24218,0.0001864245714386925,-19.453,-5.151,2.045,162.844,1.05396
2967,237360.0,1,0.22341085970401764,0.2725575268268585,0.26004,0.00019410668755881488,-19.136,-5.147,2.013,162.755,1.05432
2968,237440.0,1,0.15714031457901,0.20171479880809784,0.27674,0.00019430262909736484,-19.027,-5.156,2.089,162.78,1.05429
2969,237520.0,1,0.12027503550052643,0.16389554738998413,0.28669,0.00021230783022474498,-19.005,-5.169,2.141,162.724,1.05446
2970,237600.0,1,0.11003997921943665,0.15093569457530975,0.29033,0.00019933533621951938,-18.898,-5.163,2.198,162.752,1.05482
2971,237680.0,1,0.1030217781662941,0.14312201738357544,0.29228,0.00020372378639876842,-18.864,-5.141,2.217,162.687,1.05481
2972,237760.0,1,0.09922952950000763,0.13681660592556,0.29408,0.0001944957475643605,-18.874,-5.123,2.219,162.703,1.05475
2973,237840.0,1,0.0946354940533638,0.13141675293445587,0.29601,0.00019001994223799556,-18.869,-5.123,2.24,162.68,1.05492
2974,237920.0,1,0.0916161835193634,0.1278786063194275,0.29695,0.00018157281738240272,-18.883,-5.11,2.284,162.739,1.05481
2975,238000.0,1,0.08692287653684616,0.12415817379951477,0.29841,0.00017003915854729712,-18.795,-5.105,2.302,162.748,1.05473
2976,238080.0,1,0.08681999146938324,0.09888526797294617,0.30346,0.00014154343807604164,-18.737,-5.147,2.298,162.811,1.05468
2977,238160.0,1,0.08519677072763443,0.09149325639009476,0.30493,0.00014035211643204093,-18.708,-5.174,2.289,162.836,1.05446
2978,238240.0,1,0.08555374294519424,0.09209126979112625,0.30483,0.00013550218136515468,-18.655,-5.288,2.311,162.853,1.05371
2979,238320.0,1,0.08081413805484772,0.08470437675714493,0.30726,0.00014138589904177934,-18.659,-5.315,2.373,162.786,1.05304
2980,238400.0,1,0.0777897760272026,0.08303286135196686,0.30886,0.00014278160233516246,-18.676,-5.337,2.37,162.832,1.05247
2981,238480.0,1,0.07796154171228409,0.08227747678756714,0.30841,0.00014259629824664444,-18.645,-5.466,2.345,162.885,1.05214
2982,238560.0,1,0.07618170976638794,0.07815930992364883,0.30999,0.00015798489039298147,-18.624,-5.437,2.2,163.042,1.05163
2983,238640.0,1,0.07216703146696091,0.07460913062095642,0.31017,0.0001634895015740767,-18.655,-5.358,2.089,163.055,1.05181
2984,238720.0,1,0.0712963193655014,0.07311975210905075,0.31084,0.00015840178821235895,-18.568,-5.29,1.989,163.292,1.0512
2985,238800.0,1,0.060191504657268524,0.06686392426490784,0.3187,0.00016726666945032775,-18.384,-5.289,1.879,163.273,1.05173
2986,238880.0,1,0.06440749764442444,0.06943576037883759,0.31722,0.00016390094242524356,-18.395,-5.265,1.862,163.336,1.05141
2987,238960.0,1,0.0657796636223793,0.06870990246534348,0.31744,0.00014147543697617948,-18.242,-5.226,1.801,163.319,1.05164
2988,239040.0,1,0.06618808954954147,0.0704222321510315,0.31688,0.0001429317198926583,-18.278,-5.234,1.772,163.265,1.05172
2989,239120.0,1,0.06983918696641922,0.0744849145412445,0.3135,0.00013665649748872966,-18.333,-5.209,1.852,163.238,1.05182
2990,239200.0,1,0.070709727704525,0.07216368615627289,0.31286,0.0001250245259143412,-18.299,-5.166,1.943,163.225,1.0521
2991,239280.0,1,0.0655541643500328,0.07293934375047684,0.31426,0.00011292663839412853,-18.293,-5.19,2.031,163.184,1.0523
2992,239360.0,1,0.0644751563668251,0.07017293572425842,0.31156,0.00010825602657860145,-18.292,-5.228,2.165,163.182,1.05228
2993,239440.0,1,0.060716334730386734,0.06981898844242096,0.31326,0.00011730327969416976,-18.285,-5.234,2.176,163.11,1.05286
2994,239520.0,1,0.04588010907173157,0.06668801605701447,0.32094,0.00012256410263944417,-18.265,-5.228,2.235,163.1,1.05302
2995,239600.0,1,0.04540365934371948,0.06244274601340294,0.323,0.0001344424526905641,-18.265,-5.211,2.206,163.042,1.05328
2996,239680.0,1,0.048175789415836334,0.0630565881729126,0.32307,0.0001378089509671554,-18.354,-5.168,2.203,163.07,1.05347
2997,239760.0,1,0.050347235053777695,0.06152236461639404,0.32242,0.00012709017028100789,-18.352,-5.206,2.2,162.983,1.0535
2998,239840.0,1,0.38656964898109436,0.3257407546043396,0.22635,0.00022274572984315455,-18.508,-5.265,1.859,162.986,1.05377
2999,239920.0,1,0.31055885553359985,0.297149658203125,0.2429,0.00019639825040940195,-18.766,-5.271,1.951,162.936,1.05399
3000,240000.0,1,0.23328295350074768,0.2172119915485382,0.26184,0.00016859167953953147,-19.005,-5.243,2.021,162.896,1.05463
3001,240080.0,1,0.13603772222995758,0.13950307667255402,0.28606,0.00015902439190540463,-19.199,-5.159,2.011,162.874,1.05486
3002,240160.0,1,0.10665083676576614,0.11087384819984436,0.29333,0.00014381733490154147,-19.165,-5.097,2.04,162.894,1.05479
3003,240240.0,1,0.08816000074148178,0.09908930212259293,0.30005,0.00014904612908139825,-19.009,-5.063,2.078,162.983,1.05493
3004,240320.0,1,0.08084843307733536,0.09264906495809555,0.30452,0.00016115135804284364,-18.973,-5.065,2.154,162.954,1.05498
3005,240400.0,1,0.08068089187145233,0.08850811421871185,0.30552,0.00016951659927144647,-18.935,-5.082,2.282,162.896,1.05523
3006,240480.0,1,0.047314077615737915,0.06454821676015854,0.32127,0.00015449179045390338,-18.859,-5.092,2.343,162.954,1.05454
3007,240560.0,1,0.05339740216732025,0.06387903541326523,0.31989,0.00012151385453762487,-18.735,-5.233,2.346,162.886,1.05475
3008,240640.0,1,0.055526379495859146,0.06651870161294937,0.31888,0.00011456092033768073,-18.509,-5.238,2.251,162.985,1.0547
3009,240720.0,1,0.05710562691092491,0.06684675812721252,0.31845,0.00011306734813842922,-18.33,-5.092,2.091,163.01,1.05483
3010,240800.0,1,0.0604618564248085,0.06689326465129852,0.31956,9.609299013391137e-05,-18.346,-5.085,2.069,163.107,1.05483
3011,240880.0,1,0.05893104150891304,0.06317588686943054,0.32137,0.00010417021985631436,-18.251,-5.084,2.078,163.081,1.05472
3012,240960.0,1,0.05742038041353226,0.06627350300550461,0.32063,0.00015452038496732712,-18.325,-5.16,1.903,163.158,1.05513
3013,241040.0,1,0.057756923139095306,0.06263218075037003,0.32175,0.00014012478641234338,-18.377,-5.298,1.874,163.241,1.05504
3014,241120.0,1,0.056451596319675446,0.06598792970180511,0.32251,0.00015205680392682552,-18.523,-5.319,1.841,163.493,1.05191
3015,241200.0,1,0.09649218618869781,0.10101763904094696,0.30204,0.00013431200932245702,-18.769,-5.331,1.737,163.431,1.04909
3016,241280.0,1,0.4425308406352997,0.41346612572669983,0.21213,0.00018567027291283011,-19.501,-5.33,1.511,163.554,1.04987
3017,241360.0,1,0.35315269231796265,0.3660869300365448,0.23322,0.00013669610780198127,-19.437,-5.237,1.55,163.385,1.04894
3018,241440.0,1,0.2611348032951355,0.2902955412864685,0.25173,0.00010850085527636111,-19.089,-5.333,1.552,163.469,1.04846
3019,241520.0,1,0.2102004587650299,0.2470143586397171,0.26412,0.00012094059638911858,-19.049,-5.428,1.692,163.373,1.04822
3020,241600.0,1,0.09841643273830414,0.11915836483240128,0.29949,0.00020892832253593951,-18.705,-5.35,1.755,163.408,1.04897
3021,241680.0,1,0.07648006826639175,0.09353362768888474,0.31031,0.00015904425526969135,-18.646,-5.324,1.448,163.33,1.0497
3022,241760.0,1,0.0775952935218811,0.08942674100399017,0.31114,0.00017207876953762025,-18.541,-5.335,1.475,163.525,1.04968
3023,241840.0,1,0.07130060344934464,0.07614204287528992,0.31577,0.00018212680879514664,-19.051,-5.295,1.561,163.441,1.0505
3024,241920.0,1,0.07477956265211105,0.07581417262554169,0.31105,0.0001248120388481766,-18.967,-5.286,1.556,163.447,1.05067
3025,242000.0,1,0.07647696882486343,0.08243969082832336,0.30916,0.0001375663123326376,-18.69,-5.3,1.534,163.354,1.05112
3026,242080.0,1,0.07884137332439423,0.08671088516712189,0.30869,0.0001232909708051011,-18.504,-5.21,1.549,163.334,1.05152
3027,242160.0,1,0.08311737328767776,0.0828309953212738,0.3081,0.00011454267223598436,-18.458,-5.226,1.657,163.221,1.05188
3028,242240.0,1,0.08230499923229218,0.08288662880659103,0.30815,0.00010631080658640712,-18.414,-5.315,1.695,163.263,1.05209
3029,242320.0,1,0.0831591784954071,0.08302094042301178,0.30815,0.00011851100862259045,-18.538,-5.202,1.728,163.232,1.05265
3030,242400.0,1,0.08299697935581207,0.08325925469398499,0.3072,0.00012588010577019304,-18.594,-5.183,1.763,163.164,1.0528
3031,242480.0,1,0.07977533340454102,0.0803084746003151,0.30796,0.0001513279421487823,-18.592,-5.209,1.798,163.026,1.05318
3032,242560.0,1,0.08056223392486572,0.0821647122502327,0.30703,0.00014763337094336748,-18.509,-5.264,1.859,163.053,1.05336
3033,242640.0,1,0.07984281331300735,0.08241864293813705,0.30714,0.00015002598229330033,-18.457,-5.241,1.853,162.956,1.05368
3034,242720.0,1,0.07280468195676804,0.07280751317739487,0.31562,0.00014099679538048804,-18.673,-5.127,2.101,163.026,1.05399
3035,242800.0,1,0.06346981972455978,0.06280393898487091,0.32128,0.00017733579443302006,-18.798,-5.027,2.274,162.838,1.05478
3036,242880.0,1,0.0728519856929779,0.0863451287150383,0.30727,0.00017371567082591355,-18.883,-5.043,2.042,162.68,1.05548
3037,242960.0,1,0.08314606547355652,0.09688334167003632,0.30221,0.0001651989878155291,-18.852,-5.041,2.024,162.69,1.05563
3038,243040.0,1,0.07806409150362015,0.09182414412498474,0.30377,0.0001314260734943673,-18.908,-5.061,1.953,162.796,1.05534
3039,243120.0,1,0.07959888875484467,0.09407177567481995,0.30208,0.00013246345042716712,-18.84,-5.028,1.941,162.727,1.05547
3040,243200.0,1,0.05905910208821297,0.07318172603845596,0.31207,0.0001410802942700684,-18.69,-4.864,1.967,162.819,1.05501
3041,243280.0,1,0.06341750174760818,0.07976752519607544,0.3102,0.0001408520620316267,-18.808,-4.948,2.022,162.74,1.055
3042,243360.0,1,0.06960614025592804,0.08739728480577469,0.30738,0.00013881961058359593,-18.794,-4.977,1.928,162.821,1.05502
3043,243440.0,1,0.073404960334301,0.08594914525747299,0.30715,0.0001208109242725186,-18.913,-5.036,1.879,162.793,1.05508
3044,243520.0,1,0.07660511136054993,0.08937475830316544,0.30547,0.00012176565360277891,-18.893,-5.086,1.835,162.917,1.05502
3045,243600.0,1,0.07896491140127182,0.09147541970014572,0.30472,0.00012642345973290503,-18.97,-5.147,1.844,162.86,1.05489
3046,243680.0,1,0.08049023896455765,0.0923503190279007,0.30489,0.00012069946387782693,-19.003,-5.09,1.872,162.981,1.05463
3047,243760.0,1,0.0831701010465622,0.09219826757907867,0.30526,0.00011127235484309494,-19.177,-5.116,1.864,162.968,1.05511
3048,243840.0,1,0.08181711286306381,0.08899474889039993,0.30421,8.126142347464338e-05,-19.385,-5.19,1.986,162.906,1.05504
3049,243920.0,1,0.08518413454294205,0.09021565318107605,0.30267,8.511300984537229e-05,-19.459,-5.209,2.014,162.897,1.05483
3050,244000.0,1,0.08794587105512619,0.0901443362236023,0.30103,9.335864888271317e-05,-19.37,-5.193,1.921,162.908,1.0543
3051,244080.0,1,0.08900662511587143,0.09193678200244904,0.30067,8.991963841253892e-05,-19.188,-5.154,1.867,162.856,1.05458
3052,244160.0,1,0.09000902622938156,0.0926092341542244,0.30034,8.79909930517897e-05,-19.154,-5.144,1.892,162.873,1.05479
3053,244240.0,1,0.08927267044782639,0.09153639525175095,0.30103,7.803986227372661e-05,-19.149,-5.251,1.944,162.789,1.05487
3054,244320.0,1,0.09010439366102219,0.09193253517150879,0.30053,8.45587783260271e-05,-19.01,-5.069,1.902,162.872,1.05486
3055,244400.0,1,0.09262127429246902,0.09735041856765747,0.29994,8.611464727437124e-05,-19.015,-5.076,1.858,162.799,1.05497
3056,244480.0,1,0.1133909672498703,0.14091169834136963,0.28435,9.953897097148001e-05,-19.354,-5.132,1.921,162.851,1.05488
3057,244560.0,1,0.48918434977531433,0.5427378416061401,0.18299,0.00015054790128488094,-20.446,-5.132,1.872,162.81,1.05539
3058,244640.0,1,0.5121420621871948,0.4960782527923584,0.18931,0.00013188380398787558,-19.963,-5.009,1.877,162.839,1.05538
3059,244720.0,1,0.33011394739151,0.33613336086273193,0.24211,0.00010896193998632953,-19.872,-5.032,1.948,162.821,1.0551
3060,244800.0,1,0.19919617474079132,0.19250144064426422,0.27156,0.00010913350706687197,-19.805,-5.078,1.968,162.794,1.05532
3061,244880.0,1,0.14529918134212494,0.15079042315483093,0.2827,0.00011219975567655638,-19.766,-5.096,2.006,162.814,1.05505
3062,244960.0,1,0.12874475121498108,0.13118986785411835,0.28765,0.00010191137698711827,-19.829,-5.208,2.036,162.84,1.05518
3063,245040.0,1,0.11225777119398117,0.11795320361852646,0.29197,9.507234062766656e-05,-19.841,-5.236,2.071,162.758,1.05544
3064,245120.0,1,0.6481683254241943,0.6040757298469543,0.1276,0.0001912880688905716,-20.475,-5.081,1.873,162.808,1.05548
3065,245200.0,1,0.8371275663375854,0.7927848696708679,0.02809,0.0002115567185683176,-21.205,-4.957,1.778,162.77,1.05555
3066,245280.0,1,0.6609188318252563,0.6569396257400513,0.11465,0.00017851573647931218,-20.616,-5.096,1.824,162.784,1.0558
3067,245360.0,1,0.32583320140838623,0.3310873210430145,0.23866,0.00011191263911314309,-20.139,-5.13,1.897,162.739,1.05584
3068,245440.0,1,0.17199161648750305,0.19253095984458923,0.27525,0.0001176548030343838,-19.976,-5.097,1.996,162.774,1.05599
3069,245520.0,1,0.12537840008735657,0.13051995635032654,0.28988,0.00011536005331436172,-19.803,-5.075,2.021,162.73,1.05635
3070,245600.0,1,0.1192069947719574,0.11321928352117538,0.29166,0.00010911333083640784,-19.832,-5.027,1.981,162.832,1.05572
3071,245680.0,1,0.11766859889030457,0.10637827962636948,0.29315,0.00011277576413704082,-19.795,-4.986,1.952,162.774,1.05601
3072,245760.0,1,0.09931688010692596,0.09800693392753601,0.29659,0.00012556278670672327,-19.667,-4.911,1.828,162.747,1.05586
3073,245840.0,1,0.08164804428815842,0.0839044600725174,0.30767,0.00012611028796527535,-19.679,-4.898,1.847,162.727,1.05566
3074,245920.0,1,0.08595863729715347,0.08962568640708923,0.30478,0.00012606843665707856,-19.685,-4.944,1.922,162.828,1.05573
3075,246000.0,1,0.08429611474275589,0.09114735573530197,0.30442,0.0001347933866782114,-19.686,-4.923,1.919,162.836,1.05573
3076,246080.0,1,0.08606284856796265,0.09271400421857834,0.30352,0.00013504386879503727,-19.742,-4.97,1.937,162.94,1.05553
3077,246160.0,1,0.07748302817344666,0.08536528050899506,0.30657,0.00013810374366585165,-19.597,-5.0,1.846,162.992,1.05537
3078,246240.0,1,0.07609853148460388,0.08149947226047516,0.30767,0.00013007821689825505,-19.669,-5.034,1.885,163.058,1.05543
3079,246320.0,1,0.08496908843517303,0.0821724385023117,0.30469,0.00012174197763670236,-19.591,-4.972,1.835,163.066,1.05553
3080,246400.0,1,0.08652761578559875,0.08161536604166031,0.30399,0.00012295341002754867,-19.678,-4.987,1.876,163.095,1.05548
3081,246480.0,1,0.08410165458917618,0.08135651051998138,0.30475,0.00012843747390434146,-19.697,-4.989,1.839,163.071,1.05586
3082,246560.0,1,0.08578114211559296,0.08268275856971741,0.304,0.00013782538007944822,-19.668,-5.001,1.859,163.243,1.05542
3083,246640.0,1,0.08369658142328262,0.08286295086145401,0.30381,0.00013972078158985823,-19.672,-5.003,1.847,163.15,1.05554
3084,246720.0,1,0.08142798393964767,0.07967707514762878,0.30538,0.00012519382289610803,-19.814,-4.995,1.792,163.033,1.056
3085,246800.0,1,0.08107228577136993,0.07938030362129211,0.30466,0.0001098197972169146,-19.839,-5.054,1.789,162.948,1.05581
3086,246880.0,1,0.08058109134435654,0.07936429232358932,0.30444,0.00010108984133694321,-19.859,-5.108,1.764,162.998,1.05554
3087,246960.0,1,0.07913195341825485,0.07930557429790497,0.30497,9.890693036140874e-05,-19.869,-5.104,1.769,162.929,1.0557
3088,247040.0,1,0.08029919117689133,0.08244668692350388,0.30452,0.00010193548223469406,-19.892,-5.083,1.757,162.911,1.05582
3089,247120.0,1,0.07974694669246674,0.08277185261249542,0.30428,0.00011019681551260874,-19.892,-5.082,1.746,162.867,1.0557
3090,247200.0,1,0.0797123908996582,0.08336644619703293,0.30406,0.00011171667574672028,-19.904,-5.049,1.754,162.897,1.05574
3091,247280.0,1,0.08104195445775986,0.08232677727937698,0.30264,0.00011296184675302356,-19.889,-5.056,1.821,162.828,1.05566
3092,247360.0,1,0.08268272876739502,0.08352399617433548,0.30222,0.00010830971586983651,-19.776,-5.046,1.824,162.858,1.05542
3093,247440.0,1,0.0820208191871643,0.08332531154155731,0.30255,0.0001105835399357602,-19.767,-5.006,1.775,162.831,1.05562
3094,247520.0,1,0.08185162395238876,0.08309003710746765,0.30248,0.00011259663006057963,-19.847,-5.023,1.745,162.857,1.05563
3095,247600.0,1,0.08196330815553665,0.08303171396255493,0.30268,0.00011132330837426707,-19.82,-5.033,1.76,162.813,1.0557
3096,247680.0,1,0.08168036490678787,0.08515088260173798,0.30437,0.00012036557745886967,-19.726,-4.995,1.818,162.84,1.05634
3097,247760.0,1,0.08310973644256592,0.09276341646909714,0.30418,0.0001422498608008027,-19.616,-4.847,1.751,162.812,1.05628
3098,247840.0,1,0.08506689220666885,0.09480934590101242,0.30396,0.00014037567598279566,-19.48,-4.761,1.732,162.897,1.0562
3099,247920.0,1,0.08748621493577957,0.09443296492099762,0.30285,0.00013683592260349542,-19.324,-4.832,1.779,162.874,1.05641
3100,248000.0,1,0.08791554719209671,0.09178594499826431,0.30271,0.0001371745311189443,-19.522,-4.939,1.856,162.914,1.05622
3101,248080.0,1,0.0891185849905014,0.08951198309659958,0.30248,0.00012165076623205096,-19.539,-4.948,1.89,162.903,1.05603
3102,248160.0,1,0.08982828259468079,0.08900775760412216,0.30232,0.0001218582401634194,-19.596,-4.958,1.917,162.919,1.05608
3103,248240.0,1,0.07686658948659897,0.08398565649986267,0.30973,0.00013804582704324275,-19.496,-4.967,1.817,162.813,1.05674
3104,248320.0,1,0.0794392079114914,0.0879305750131607,0.30888,0.00013699597911909223,-19.521,-4.946,1.853,162.877,1.05653
3105,248400.0,1,0.08219227194786072,0.09359362721443176,0.30631,0.00012632764992304146,-19.522,-4.947,1.861,162.853,1.05685
3106,248480.0,1,0.08545862883329391,0.09825865924358368,0.30457,0.00011977479880442843,-19.559,-4.957,1.837,162.964,1.05682
3107,248560.0,1,0.08657191693782806,0.10386932641267776,0.30295,0.00011565304157556966,-19.576,-4.962,1.83,162.937,1.05717
3108,248640.0,1,0.08540705591440201,0.1010977178812027,0.30383,0.0001307619531871751,-19.511,-5.035,1.797,163.211,1.05597
3109,248720.0,1,0.08132179081439972,0.10006489604711533,0.30428,0.000140151780215092,-19.486,-5.053,1.772,163.076,1.05634
3110,248800.0,1,0.5761622786521912,0.42067089676856995,0.18489,0.00021651864517480135,-20.043,-5.087,1.619,163.155,1.05675
3111,248880.0,1,0.5029589533805847,0.4083441197872162,0.19882,0.0001881158968899399,-19.95,-5.004,1.57,163.095,1.05668
3112,248960.0,1,0.16595110297203064,0.17206226289272308,0.27651,0.00014647151692770422,-19.699,-4.924,1.545,163.154,1.05661
3113,249040.0,1,0.09781379252672195,0.11728823184967041,0.29578,0.00013375119306147099,-19.453,-4.83,1.521,163.099,1.05654
3114,249120.0,1,0.08905971795320511,0.11206785589456558,0.29841,0.00012213544687256217,-19.433,-4.803,1.539,162.964,1.05574
3115,249200.0,1,0.08009835332632065,0.10330589860677719,0.3014,0.00011361899669282138,-19.433,-4.802,1.566,162.819,1.05516
3116,249280.0,1,0.08186613768339157,0.10477245599031448,0.30104,0.00010590154852252454,-19.302,-4.804,1.536,162.941,1.05469
3117,249360.0,1,0.0782800167798996,0.09674733132123947,0.30317,0.00011083817662438378,-19.293,-4.8,1.53,162.946,1.05415
3118,249440.0,1,0.07778896391391754,0.0953899696469307,0.30418,0.0001105065894080326,-19.292,-4.814,1.525,163.133,1.05285
3119,249520.0,1,0.07437805086374283,0.09153196215629578,0.3056,0.00012070256343577057,-19.171,-4.799,1.55,163.147,1.05268
3120,249600.0,1,0.07112932205200195,0.07536784559488297,0.31075,0.00011559603444766253,-19.619,-5.1,1.62,163.271,1.05172
3121,249680.0,1,0.07187344878911972,0.07659941166639328,0.31061,0.00012510467786341906,-19.855,-5.182,1.665,163.274,1.05148
3122,249760.0,1,0.07342540472745895,0.07885631173849106,0.3101,0.0001317912683589384,-19.775,-5.256,1.633,163.397,1.05116
3123,249840.0,1,0.07505252957344055,0.08068066090345383,0.30959,0.0001348569057881832,-19.593,-5.21,1.609,163.414,1.05073
3124,249920.0,1,0.07798554003238678,0.0816444605588913,0.30885,0.00013126790872775018,-19.609,-5.207,1.64,163.516,1.04998
3125,250000.0,1,0.08024616539478302,0.08219810575246811,0.30707,0.00013200697139836848,-19.766,-5.282,1.656,163.535,1.0495
3126,250080.0,1,0.08058831840753555,0.08214551955461502,0.30715,0.00013137170753907412,-19.752,-5.286,1.654,163.515,1.04971
3127,250160.0,1,0.0784505307674408,0.08214998245239258,0.30742,0.00013318182027433068,-19.753,-5.303,1.699,163.471,1.05
3128,250240.0,1,0.07669313251972198,0.0802902951836586,0.30798,0.00013662314449902624,-19.759,-5.305,1.689,163.492,1.04983
3129,250320.0,1,0.07916949689388275,0.08123334497213364,0.30732,0.00013368157669901848,-19.723,-5.312,1.743,163.441,1.04998
3130,250400.0,1,0.08019925653934479,0.08311374485492706,0.30611,0.00012310699094086885,-19.784,-5.356,1.781,163.451,1.05001
3131,250480.0,1,0.08330260962247849,0.08402340114116669,0.3054,0.0001279026473639533,-19.761,-5.343,1.789,163.44,1.05017
3132,250560.0,1,0.08407682925462723,0.08385121822357178,0.305,0.00012757109652739018,-19.738,-5.281,1.793,163.468,1.04955
3133,250640.0,1,0.08442555367946625,0.08397909253835678,0.30454,0.00012215804599691182,-19.79,-5.236,1.812,163.433,1.04959
3134,250720.0,1,0.053634170442819595,0.05559249594807625,0.31644,0.00010096970800077543,-19.884,-5.157,1.882,163.546,1.04845
3135,250800.0,1,0.060987524688243866,0.06680825352668762,0.31339,0.00012356047227513045,-20.22,-5.084,1.92,163.453,1.04873
3136,250880.0,1,0.060248102992773056,0.06652548164129257,0.31387,0.000131722423247993,-20.273,-5.075,1.905,163.531,1.04917
3137,250960.0,1,0.06250491738319397,0.07188120484352112,0.31331,0.00015077659918460995,-20.332,-5.148,1.834,163.475,1.04937
3138,251040.0,1,0.062076885253190994,0.0728430524468422,0.31425,0.00014901613758411258,-20.352,-5.185,1.815,163.551,1.04905
3139,251120.0,1,0.06289146840572357,0.07353390753269196,0.31433,0.00010991973977070302,-20.269,-5.193,1.792,163.526,1.04905
3140,251200.0,1,0.07105478644371033,0.07599218189716339,0.31161,0.00011679320596158504,-20.178,-5.113,1.755,163.582,1.04913
3141,251280.0,1,0.06166687607765198,0.06482311338186264,0.31608,0.00010404116619611159,-20.132,-5.056,1.608,163.615,1.04901
3142,251360.0,1,0.06478556990623474,0.06765870749950409,0.31545,0.00011450936290202662,-20.158,-5.027,1.474,163.753,1.04834
3143,251440.0,1,0.07273460179567337,0.07283466309309006,0.3109,0.00010337837738916278,-20.112,-5.041,1.432,163.735,1.04809
3144,251520.0,1,0.07493752986192703,0.07511966675519943,0.30928,0.0001019915725919418,-20.174,-5.129,1.483,163.744,1.04765
3145,251600.0,1,0.07429739832878113,0.07663806527853012,0.30849,9.975989814847708e-05,-20.211,-5.218,1.465,163.734,1.04817
3146,251680.0,1,0.08288232237100601,0.09114733338356018,0.304,9.565670188749209e-05,-20.228,-5.219,1.463,163.772,1.04782
3147,251760.0,1,0.08303262293338776,0.09268666803836823,0.3028,9.725664858706295e-05,-20.224,-5.219,1.493,163.71,1.0476
3148,251840.0,1,0.08573868870735168,0.09278660267591476,0.30083,8.750650886213407e-05,-20.164,-5.095,1.474,163.717,1.0475
3149,251920.0,1,0.08763270825147629,0.09418848156929016,0.29945,9.621411300031468e-05,-20.038,-4.934,1.511,163.669,1.04759
3150,252000.0,1,0.0874156579375267,0.09709367901086807,0.29958,9.250340372091159e-05,-19.977,-4.906,1.517,163.701,1.04787
3151,252080.0,1,0.08810809254646301,0.09692434221506119,0.29942,9.355015208711848e-05,-19.986,-4.889,1.549,163.675,1.04784
3152,252160.0,1,0.08925838768482208,0.09735710918903351,0.29968,8.343945955857635e-05,-20.024,-4.849,1.538,163.69,1.04812
3153,252240.0,1,0.09743653982877731,0.11089936643838882,0.29755,8.89812654349953e-05,-20.039,-4.854,1.494,163.594,1.0483
3154,252320.0,1,0.09859352558851242,0.11486697942018509,0.29772,9.213963494403288e-05,-20.038,-4.857,1.476,163.632,1.04819
3155,252400.0,1,0.0949154794216156,0.1144695058465004,0.29837,0.00010144868429051712,-19.943,-4.904,1.521,163.581,1.04826
3156,252480.0,1,0.10283583402633667,0.11449489742517471,0.2978,0.0001128099684137851,-19.923,-5.004,1.498,163.611,1.04806
3157,252560.0,1,0.10505496710538864,0.11185851693153381,0.29747,0.00012433806841727346,-19.915,-5.03,1.5,163.616,1.04822
3158,252640.0,1,0.10583316534757614,0.1142517477273941,0.29688,0.0001372525148326531,-19.954,-5.093,1.48,163.635,1.04847
3159,252720.0,1,0.5228946208953857,0.5023552179336548,0.18079,0.0002506597666069865,-20.901,-5.02,1.468,163.601,1.04903
3160,252800.0,1,0.44522741436958313,0.44605788588523865,0.20132,0.0002705449587665498,-20.844,-5.058,1.452,163.685,1.04882
3161,252880.0,1,0.2934325337409973,0.2954818904399872,0.24976,0.0002292453864356503,-20.652,-5.048,1.408,163.789,1.04785
3162,252960.0,1,0.1500304788351059,0.15397050976753235,0.28284,0.00020278173906262964,-20.393,-5.039,1.404,163.807,1.05067
3163,253040.0,1,0.10610061138868332,0.11918483674526215,0.29437,0.00018672824080567807,-20.239,-5.018,1.422,163.734,1.05137
3164,253120.0,1,0.09467236697673798,0.11063137650489807,0.29795,0.00017652989481575787,-20.149,-4.998,1.461,163.776,1.0516
3165,253200.0,1,0.08940008282661438,0.103973388671875,0.3009,0.00018073782848659903,-20.029,-5.051,1.496,163.679,1.05235
3166,253280.0,1,0.08638899028301239,0.09691710770130157,0.30369,0.00016035888984333724,-19.976,-5.08,1.523,163.698,1.05242
3167,253360.0,1,0.08350355923175812,0.09128337353467941,0.30628,0.00013967615086585283,-19.89,-5.027,1.535,163.631,1.05266
3168,253440.0,1,0.08237788826227188,0.08447127044200897,0.30759,0.00016129801224451512,-19.746,-5.217,1.571,163.636,1.05279
3169,253520.0,1,0.08390733599662781,0.09133804589509964,0.30562,0.00013651220069732517,-19.71,-5.341,1.595,163.618,1.05268
3170,253600.0,1,0.08580773323774338,0.08983578532934189,0.30571,0.00012096527643734589,-19.719,-5.46,1.677,163.689,1.05241
3171,253680.0,1,0.08378709852695465,0.09165630489587784,0.30569,0.00011818058555945754,-19.73,-5.462,1.609,163.654,1.05255
3172,253760.0,1,0.07095953822135925,0.08561176806688309,0.30982,0.000114803908218164,-19.695,-5.466,1.648,163.759,1.05266
3173,253840.0,1,0.06806018948554993,0.08520126342773438,0.31108,0.0001169332826975733,-19.715,-5.441,1.691,163.685,1.05301
3174,253920.0,1,0.06782477349042892,0.08408822119235992,0.31099,0.00013240989937912673,-19.711,-5.419,1.654,163.722,1.05295
3175,254000.0,1,0.06546331942081451,0.0777331069111824,0.31387,0.00013822705659549683,-19.475,-5.428,1.747,163.734,1.05258
3176,254080.0,1,0.06934155523777008,0.08170454949140549,0.3137,0.00014470417227130383,-19.494,-5.443,1.724,163.857,1.05282
3177,254160.0,1,0.06477279216051102,0.07492311298847198,0.3165,0.00012840147246606648,-19.54,-5.442,1.734,163.822,1.05292
3178,254240.0,1,0.06569195538759232,0.07612540572881699,0.31613,0.00012107906513847411,-19.617,-5.384,1.723,163.896,1.05274
3179,254320.0,1,0.06999828666448593,0.07977686822414398,0.31381,0.00011840640945592895,-19.659,-5.381,1.726,163.872,1.05283
3180,254400.0,1,0.0718768909573555,0.0824553444981575,0.31004,0.00010289459896739572,-19.754,-5.349,1.631,163.895,1.05295
3181,254480.0,1,0.07861976325511932,0.08631795644760132,0.30888,0.00011247568909311667,-19.888,-5.231,1.46,163.873,1.05264
3182,254560.0,1,0.07510849833488464,0.08639036864042282,0.30947,0.0001222338032675907,-19.775,-5.155,1.415,163.889,1.05271
3183,254640.0,1,0.07513776421546936,0.08565309643745422,0.30949,0.00012498472642619163,-19.848,-5.134,1.404,163.785,1.05311
3184,254720.0,1,0.07723008841276169,0.08799005299806595,0.30865,0.00012607024109456688,-19.923,-5.153,1.395,163.801,1.05335
3185,254800.0,1,0.07471556961536407,0.09253843873739243,0.30576,0.00012515693379100412,-19.963,-5.119,1.323,163.742,1.05347
3186,254880.0,1,0.07088494300842285,0.08880821615457535,0.30656,0.00014266483776737005,-19.954,-4.961,1.199,163.824,1.05333
3187,254960.0,1,0.34433072805404663,0.29417261481285095,0.23829,0.00019809900550171733,-20.335,-4.631,1.062,163.829,1.05348
3188,255040.0,1,0.3968644440174103,0.3930877447128296,0.21991,0.00015623154467903078,-20.587,-4.67,1.204,163.764,1.05385
3189,255120.0,1,0.39456579089164734,0.3657855987548828,0.22422,0.00012874942331109196,-20.565,-4.659,1.317,163.658,1.05419
3190,255200.0,1,0.3173826336860657,0.25122618675231934,0.24666,0.00011418008216423914,-20.199,-4.69,1.219,163.655,1.05381
3191,255280.0,1,0.2610943019390106,0.2404392957687378,0.25367,0.00011213290417799726,-20.261,-4.685,1.378,163.594,1.05492
3192,255360.0,1,0.20633840560913086,0.20901727676391602,0.26401,0.00011406983685446903,-20.197,-4.701,1.414,163.302,1.06204
3193,255440.0,1,0.16054856777191162,0.17578813433647156,0.27391,0.000114078437036369,-20.211,-4.747,1.409,163.225,1.06333
3194,255520.0,1,0.15582437813282013,0.17167946696281433,0.27526,0.00011682840704452246,-20.275,-4.701,1.38,163.278,1.06362
3195,255600.0,1,0.14400464296340942,0.16812846064567566,0.2781,0.00011818372877314687,-20.385,-4.711,1.366,163.225,1.06396
3196,255680.0,1,0.14249980449676514,0.167217418551445,0.2786,0.00011744933726731688,-20.408,-4.719,1.359,163.266,1.06418
3197,255760.0,1,0.13283392786979675,0.16821901500225067,0.2801,0.00012921728193759918,-20.408,-4.722,1.344,163.252,1.0642
3198,255840.0,1,0.13328838348388672,0.15877065062522888,0.28075,0.00012135011638747528,-20.232,-4.795,1.414,163.258,1.06392
3199,255920.0,1,0.129709392786026,0.15759886801242828,0.28233,0.00011284611537121236,-20.235,-4.792,1.339,163.166,1.064
3200,256000.0,1,0.12887059152126312,0.15385392308235168,0.28277,0.00010417498560855165,-20.309,-4.803,1.366,163.207,1.06363
3201,256080.0,1,0.12961211800575256,0.15319527685642242,0.28298,0.00010238457616651431,-20.407,-4.775,1.365,163.178,1.06332
3202,256160.0,1,0.1288232058286667,0.15222112834453583,0.28335,9.846041211858392e-05,-20.525,-4.849,1.373,163.217,1.06321
3203,256240.0,1,0.13042305409908295,0.15018674731254578,0.28314,9.697714995127171e-05,-20.552,-4.973,1.353,163.162,1.06317
3204,256320.0,1,0.11080217361450195,0.1301569789648056,0.2914,9.421631693840027e-05,-20.235,-5.029,1.443,163.102,1.06335
3205,256400.0,1,0.09980738162994385,0.1243082731962204,0.29587,9.147813398158178e-05,-19.996,-5.097,1.49,163.127,1.06353
3206,256480.0,1,0.09754757583141327,0.12546062469482422,0.29714,9.161264460999519e-05,-19.827,-5.027,1.443,163.197,1.0636
3207,256560.0,1,0.09433738142251968,0.12851248681545258,0.29817,0.00011270803224761039,-19.514,-5.0,1.386,163.153,1.06386
3208,256640.0,1,0.09416110813617706,0.1308942586183548,0.29855,0.0001132730467361398,-19.552,-4.966,1.331,163.225,1.06346
3209,256720.0,1,0.09103452414274216,0.12317489087581635,0.29962,0.0001114650076488033,-19.593,-4.961,1.364,163.22,1.0637
3210,256800.0,1,0.09059585630893707,0.11810044944286346,0.29928,0.00011394709872547537,-19.686,-4.95,1.344,163.275,1.06325
3211,256880.0,1,0.09195709973573685,0.11210065335035324,0.29972,9.01668390724808e-05,-19.712,-4.947,1.381,163.176,1.06332
3212,256960.0,1,0.09459394961595535,0.11295022070407867,0.29963,9.381878771819174e-05,-19.78,-4.928,1.41,163.206,1.06297
3213,257040.0,1,0.09516536444425583,0.11035989224910736,0.29942,0.00010716474935179576,-19.716,-4.948,1.412,163.193,1.06268
3214,257120.0,1,0.09378169476985931,0.10924842208623886,0.3001,0.00011120553244836628,-19.659,-4.889,1.372,163.17,1.06296
3215,257200.0,1,0.09552320092916489,0.1136535257101059,0.29781,0.00011292976705590263,-19.639,-4.852,1.368,163.063,1.06331
3216,257280.0,1,0.09427666664123535,0.11168978363275528,0.2991,0.00010202795965597034,-19.948,-4.979,1.391,163.069,1.0625
3217,257360.0,1,0.1005115658044815,0.11201383918523788,0.29719,0.00010265479068038985,-20.009,-5.03,1.442,163.053,1.06249
3218,257440.0,1,0.09987055510282516,0.1097777932882309,0.29861,0.00011257818550802767,-20.119,-4.977,1.383,163.14,1.0625
3219,257520.0,1,0.10014814883470535,0.10895375907421112,0.2987,0.0001134911144617945,-20.05,-4.972,1.398,163.063,1.06256
3220,257600.0,1,0.09888102114200592,0.10939597338438034,0.29939,0.00011302466737106442,-20.013,-4.929,1.369,163.125,1.06244
3221,257680.0,1,0.09798568487167358,0.1055154949426651,0.29983,0.0001038068876368925,-20.097,-4.995,1.381,163.064,1.06219
3222,257760.0,1,0.09701166301965714,0.10630512982606888,0.29955,9.877882985165343e-05,-20.143,-5.031,1.381,163.093,1.06228
3223,257840.0,1,0.09678216278553009,0.10534358024597168,0.29955,8.576961408834904e-05,-20.114,-5.022,1.374,163.013,1.06208
3224,257920.0,1,0.0968865230679512,0.1048373430967331,0.29926,8.994681411422789e-05,-20.091,-5.012,1.39,163.033,1.06214
3225,258000.0,1,0.09733821451663971,0.10676072537899017,0.29854,9.044989565154538e-05,-19.987,-4.979,1.362,162.966,1.062
3226,258080.0,1,0.09883318096399307,0.10968896746635437,0.29822,9.318787488155067e-05,-19.99,-4.978,1.372,163.012,1.06197
3227,258160.0,1,0.09926247596740723,0.11028416454792023,0.29764,0.00011371805885573849,-19.949,-4.953,1.415,162.95,1.06211
3228,258240.0,1,0.09852170199155807,0.11077824980020523,0.2985,0.00010375771671533585,-19.828,-5.089,1.468,163.006,1.06217
3229,258320.0,1,0.09942072629928589,0.10924927145242691,0.29905,0.00010078163904836401,-19.844,-5.133,1.494,162.952,1.06196
3230,258400.0,1,0.09975195676088333,0.10899703949689865,0.29928,9.671784209785983e-05,-19.901,-5.208,1.493,163.006,1.06183
3231,258480.0,1,0.10007604956626892,0.10791799426078796,0.29917,9.403302829014137e-05,-19.887,-5.203,1.489,162.963,1.06175
3232,258560.0,1,0.10129601508378983,0.10950110852718353,0.29894,9.877939737634733e-05,-19.885,-5.216,1.479,163.002,1.0615
3233,258640.0,1,0.09775722026824951,0.10922391712665558,0.29932,9.679608047008514e-05,-19.89,-5.227,1.487,162.963,1.06198
3234,258720.0,1,0.1059253066778183,0.11737839877605438,0.2966,0.00010510565334698185,-20.047,-5.207,1.383,163.23,1.06077
3235,258800.0,1,0.10505995154380798,0.11655734479427338,0.29715,0.00010283848678227514,-20.082,-5.216,1.399,163.273,1.05781
3236,258880.0,1,0.10759294778108597,0.11444853246212006,0.29682,0.00012227364641148597,-20.085,-5.197,1.421,163.405,1.056
3237,258960.0,1,0.10227881371974945,0.10955455154180527,0.29784,0.00013573392061516643,-20.043,-5.137,1.418,163.439,1.05549
3238,259040.0,1,0.1013350561261177,0.10567185282707214,0.3,0.00014277479203883559,-20.08,-5.111,1.364,163.456,1.05536
3239,259120.0,1,0.10456091910600662,0.10368761420249939,0.29866,0.00013497976760845631,-20.048,-5.114,1.374,163.462,1.05527
3240,259200.0,1,0.10627187043428421,0.1058703139424324,0.29669,0.00010475084854988381,-20.041,-5.129,1.494,163.523,1.05158
3241,259280.0,1,0.10637298971414566,0.10913460701704025,0.29521,9.130896796705201e-05,-20.083,-5.162,1.496,163.499,1.05159
3242,259360.0,1,0.1096421554684639,0.10939352214336395,0.2938,9.128946112468839e-05,-20.084,-5.157,1.474,163.602,1.05099
3243,259440.0,1,0.10671664029359818,0.11115696281194687,0.2948,0.00011147277109557763,-20.02,-5.121,1.433,163.552,1.05082
3244,259520.0,1,0.1071939766407013,0.11143213510513306,0.29433,0.00012423330917954445,-19.995,-5.091,1.416,163.56,1.05103
3245,259600.0,1,0.10733229666948318,0.10881984978914261,0.29408,0.00012762413825839758,-20.011,-5.087,1.431,163.443,1.05142
3246,259680.0,1,0.11032120138406754,0.11558104306459427,0.29255,0.00013387446233537048,-20.017,-4.97,1.382,163.469,1.0512
3247,259760.0,1,0.11138739436864853,0.11431123316287994,0.29141,0.00011174341489095241,-20.087,-4.993,1.385,163.32,1.05185
3248,259840.0,1,0.1130591481924057,0.11313518136739731,0.29117,0.00011366395483491942,-20.097,-4.991,1.405,163.353,1.05208
3249,259920.0,1,0.11361990869045258,0.11378157138824463,0.29184,0.00011798319610534236,-20.087,-5.013,1.431,163.315,1.05229
3250,260000.0,1,0.11347509175539017,0.11259758472442627,0.29232,0.00010487769031897187,-20.069,-5.006,1.432,163.312,1.05222
3251,260080.0,1,0.11333806812763214,0.11168872565031052,0.29237,0.0001060531212715432,-20.07,-5.042,1.447,163.259,1.05246
3252,260160.0,1,0.11351628601551056,0.11642894148826599,0.29185,0.00011796710168709978,-19.937,-5.078,1.455,163.189,1.05243
3253,260240.0,1,0.11300686746835709,0.11803654581308365,0.29228,0.0001207177629112266,-19.94,-5.028,1.437,163.163,1.05274
3254,260320.0,1,0.11206075549125671,0.12211567908525467,0.29219,0.00012801490083802491,-19.972,-4.993,1.429,163.214,1.05274
3255,260400.0,1,0.11415509879589081,0.12734393775463104,0.29113,0.00012661733489949256,-19.912,-4.939,1.422,163.197,1.0527
3256,260480.0,1,0.1150762289762497,0.1287401169538498,0.29052,0.0001244377053808421,-19.888,-4.944,1.401,163.229,1.05274
3257,260560.0,1,0.11778270453214645,0.12937624752521515,0.28979,0.00012808668543584645,-19.857,-4.925,1.386,163.148,1.05294
3258,260640.0,1,0.11696791648864746,0.13164572417736053,0.2895,0.00012138599413447082,-20.044,-4.892,1.35,163.19,1.05323
3259,260720.0,1,0.11829087138175964,0.13140055537223816,0.28902,0.00012072305980836973,-20.051,-4.882,1.363,163.165,1.05363
3260,260800.0,1,0.11924527585506439,0.13148942589759827,0.28863,0.00011916372022824362,-20.065,-4.852,1.355,163.182,1.05324
3261,260880.0,1,0.12197929620742798,0.13039585947990417,0.28932,0.00011756396997952834,-20.104,-4.896,1.414,163.151,1.05334
3262,260960.0,1,0.12701719999313354,0.13282588124275208,0.2881,0.0001119102889788337,-20.044,-4.954,1.446,163.186,1.05314
3263,261040.0,1,0.1277109533548355,0.13367518782615662,0.28792,0.00011849879956571385,-19.907,-4.963,1.483,163.12,1.05341
3264,261120.0,1,0.12645943462848663,0.13456061482429504,0.2877,0.00011043916310882196,-19.878,-4.998,1.42,163.104,1.05344
3265,261200.0,1,0.12567710876464844,0.1357511430978775,0.28802,0.00011502371489768848,-19.805,-5.085,1.431,163.143,1.05368
3266,261280.0,1,0.1239033192396164,0.13572168350219727,0.28817,0.00011132872168673202,-19.939,-5.102,1.433,163.331,1.05301
3267,261360.0,1,0.1258680820465088,0.1388862580060959,0.28792,0.00010790119267767295,-19.902,-5.015,1.378,163.288,1.05329
3268,261440.0,1,0.12559086084365845,0.13690926134586334,0.28872,8.961284038377926e-05,-19.831,-4.929,1.356,163.335,1.05318
3269,261520.0,1,0.1267797350883484,0.13681690394878387,0.28885,8.928852912504226e-05,-19.885,-4.975,1.347,163.429,1.05462
3270,261600.0,1,0.12485785782337189,0.13645604252815247,0.28973,9.463899186812341e-05,-19.896,-4.973,1.31,163.503,1.05567
3271,261680.0,1,0.11688798666000366,0.1339920610189438,0.2919,0.0001123100082622841,-19.892,-4.955,1.268,163.516,1.05582
3272,261760.0,1,0.10835837572813034,0.13134317100048065,0.29364,0.00012854898523073643,-19.788,-4.974,1.229,163.64,1.0555
3273,261840.0,1,0.11058682948350906,0.13713760673999786,0.29247,0.00012444957974366844,-19.995,-4.992,1.207,163.584,1.05576
3274,261920.0,1,0.11387119442224503,0.1342722475528717,0.29124,0.0001350288075627759,-19.981,-5.015,1.206,163.685,1.05588
3275,262000.0,1,0.11118224263191223,0.12882918119430542,0.29125,0.00011549785995157436,-20.007,-4.946,1.179,163.523,1.0563
3276,262080.0,1,0.1118648424744606,0.11792407184839249,0.29218,0.00010700677376007661,-20.152,-4.99,1.249,163.457,1.05702
3277,262160.0,1,0.11495723575353622,0.12069626897573471,0.29187,0.00012337575026322156,-20.206,-4.928,1.262,163.432,1.05685
3278,262240.0,1,0.15440940856933594,0.1448521465063095,0.27967,0.00012725591659545898,-20.222,-4.898,1.269,163.482,1.05672
3279,262320.0,1,0.7965188026428223,0.7494902610778809,0.06168,0.00018082608585245907,-22.189,-4.6,0.97,163.384,1.05694
3280,262400.0,1,0.7542496919631958,0.6928629875183105,0.06817,0.0002057006349787116,-22.067,-4.757,0.995,163.442,1.05694
3281,262480.0,1,0.5101125836372375,0.4662688970565796,0.17646,0.0001360293390462175,-21.59,-4.641,1.095,163.246,1.05998
3282,262560.0,1,0.2785363793373108,0.23996688425540924,0.25818,0.00012040254659950733,-20.693,-4.73,1.111,163.265,1.06133
3283,262640.0,1,0.1238575428724289,0.1322900503873825,0.29504,0.00013382697943598032,-20.167,-4.74,1.281,163.17,1.06218
3284,262720.0,1,0.11223988234996796,0.1278272122144699,0.29728,0.0001348311925539747,-19.998,-4.865,1.364,163.214,1.06248
3285,262800.0,1,0.11161630600690842,0.12475071847438812,0.29838,0.00014362658839672804,-19.93,-4.907,1.351,163.18,1.06243
3286,262880.0,1,0.11739029735326767,0.12907934188842773,0.2965,0.0001477301266277209,-19.94,-4.928,1.345,163.221,1.06243
3287,262960.0,1,0.11724413931369781,0.13172243535518646,0.29571,0.00015046983025968075,-19.989,-4.951,1.333,163.189,1.06268
3288,263040.0,1,0.10743184387683868,0.11223698407411575,0.2996,0.00010053525329567492,-19.745,-5.006,1.321,163.144,1.0629
3289,263120.0,1,0.10057653486728668,0.10137669742107391,0.3009,8.616236300440505e-05,-19.669,-5.075,1.331,163.076,1.06278
3290,263200.0,1,0.09979812800884247,0.0976560041308403,0.2992,8.845073898555711e-05,-19.623,-5.044,1.3,163.224,1.0625
3291,263280.0,1,0.09578800201416016,0.09794872999191284,0.29912,8.66578338900581e-05,-19.758,-5.007,1.255,163.186,1.06221
3292,263360.0,1,0.09357072412967682,0.09411098062992096,0.30062,7.71230916143395e-05,-19.943,-5.092,1.284,163.317,1.0622
3293,263440.0,1,0.08984949439764023,0.09219484031200409,0.30223,7.53274725866504e-05,-19.967,-5.134,1.288,163.222,1.06185
3294,263520.0,1,0.0844491496682167,0.09052237123250961,0.30355,7.378683949355036e-05,-19.959,-5.129,1.226,163.216,1.06169
3295,263600.0,1,0.0820111632347107,0.08734238892793655,0.30465,7.781432213960215e-05,-19.925,-5.171,1.279,163.209,1.06152
3296,263680.0,1,0.0798201709985733,0.08656157553195953,0.30475,8.485538273816928e-05,-19.783,-5.272,1.28,163.252,1.06171
3297,263760.0,1,0.07694333791732788,0.08544296771287918,0.30528,8.374411117983982e-05,-19.659,-5.338,1.249,163.218,1.06131
3298,263840.0,1,0.07206972688436508,0.08092821389436722,0.30973,8.111896750051528e-05,-19.531,-5.392,1.161,163.296,1.06139
3299,263920.0,1,0.0708453580737114,0.0811038389801979,0.30975,9.199801570503041e-05,-19.561,-5.377,1.068,163.312,1.0615
3300,264000.0,1,0.0711669996380806,0.08139946311712265,0.3124,9.321809193352237e-05,-19.753,-5.32,1.084,163.396,1.06097
3301,264080.0,1,0.06942575424909592,0.07863986492156982,0.31503,8.903609705157578e-05,-19.875,-5.242,1.108,163.386,1.06121
3302,264160.0,1,0.0671839788556099,0.07575742900371552,0.31677,8.779436757322401e-05,-19.967,-5.17,1.084,163.475,1.06112
3303,264240.0,1,0.07031247019767761,0.07734525948762894,0.31459,8.789723506197333e-05,-19.99,-5.171,1.153,163.461,1.06081
3304,264320.0,1,0.07468659430742264,0.07622683048248291,0.3133,8.862507820595056e-05,-20.004,-5.182,1.187,163.563,1.06053
3305,264400.0,1,0.07812042534351349,0.07736492902040482,0.31179,9.418110130354762e-05,-19.961,-5.169,1.177,163.544,1.06027
3306,264480.0,1,0.07547443360090256,0.0782308280467987,0.31224,0.0001046562974806875,-19.98,-5.138,1.071,163.589,1.05989
3307,264560.0,1,0.0727766826748848,0.07761591672897339,0.31325,0.00010232533531961963,-19.982,-5.118,1.027,163.554,1.05994
3308,264640.0,1,0.07129732519388199,0.07593490183353424,0.31362,0.00010297851986251771,-19.924,-5.118,1.007,163.657,1.05987
3309,264720.0,1,0.07244494557380676,0.07617984712123871,0.31326,9.493817924521863e-05,-19.905,-5.109,0.993,163.641,1.0597
3310,264800.0,1,0.4450893700122833,0.43742311000823975,0.2132,0.00017486733850091696,-20.665,-5.095,0.877,163.711,1.05976
3311,264880.0,1,0.3240935206413269,0.26523271203041077,0.25483,0.00014696466678287834,-20.509,-5.015,0.878,163.706,1.0599
3312,264960.0,1,0.1296565979719162,0.1390344351530075,0.293,0.00012053166574332863,-20.311,-4.965,0.98,163.769,1.05985
3313,265040.0,1,0.0944751426577568,0.10993552207946777,0.30305,0.00012191413406981155,-19.855,-5.026,1.031,163.75,1.05941
3314,265120.0,1,0.051481764763593674,0.06592454761266708,0.32731,0.00014381526852957904,-19.557,-5.123,1.041,163.773,1.05935
3315,265200.0,1,0.057141657918691635,0.06288990378379822,0.32822,0.0001257330150110647,-19.602,-5.219,1.144,163.736,1.05928
3316,265280.0,1,0.06212472543120384,0.06871351599693298,0.32418,0.0001341407623840496,-19.628,-5.18,1.151,163.729,1.05967
3317,265360.0,1,0.06386452913284302,0.06920193135738373,0.32252,0.0001255830138688907,-19.545,-5.152,1.147,163.71,1.05959
3318,265440.0,1,0.06462627649307251,0.06965967267751694,0.32197,0.00011095047375420108,-19.561,-5.138,1.142,163.845,1.05919
3319,265520.0,1,0.06707882881164551,0.07190645486116409,0.32038,0.00010751470836112276,-19.524,-5.083,1.144,163.755,1.05924
3320,265600.0,1,0.06902527064085007,0.07187192887067795,0.31987,0.00010207633022218943,-19.492,-5.116,1.191,163.773,1.05939
3321,265680.0,1,0.06926515698432922,0.06973107904195786,0.31988,9.431968646822497e-05,-19.573,-5.126,1.187,163.695,1.05923
3322,265760.0,1,0.07206206023693085,0.06909945607185364,0.31856,9.26479187910445e-05,-19.674,-5.169,1.248,163.782,1.05879
3323,265840.0,1,0.07363444566726685,0.07117878645658493,0.31702,8.516537491232157e-05,-19.774,-5.17,1.268,163.69,1.05924
3324,265920.0,1,0.07226509600877762,0.07357192039489746,0.31614,0.00010693885269574821,-19.511,-5.248,1.232,163.697,1.05871
3325,266000.0,1,0.06977247446775436,0.07309115678071976,0.31582,0.00012214173329994082,-19.483,-5.171,1.103,163.629,1.05919
3326,266080.0,1,0.06815806031227112,0.07159256935119629,0.31632,0.0001261579163838178,-19.397,-5.099,1.087,163.689,1.05649
3327,266160.0,1,0.05645347386598587,0.06002118065953255,0.32415,0.00011481584078865126,-19.427,-5.132,0.991,163.635,1.05593
3328,266240.0,1,0.056070923805236816,0.061635375022888184,0.32556,0.00012589042307808995,-19.302,-5.083,0.909,163.758,1.05547
3329,266320.0,1,0.05336736515164375,0.06016938015818596,0.32571,0.00011254329001531005,-19.259,-5.121,0.929,163.738,1.05553
3330,266400.0,1,0.05428206920623779,0.06086870655417442,0.32404,0.00011394872853998095,-19.329,-5.147,0.873,163.83,1.05501
3331,266480.0,1,0.053021907806396484,0.05870779603719711,0.32375,0.00010919159831246361,-19.429,-5.156,0.902,163.799,1.055
3332,266560.0,1,0.05182873457670212,0.05771400406956673,0.32412,0.00010232806380372494,-19.764,-5.217,0.881,163.851,1.05502
3333,266640.0,1,0.461970716714859,0.47491392493247986,0.19243,0.00016870326362550259,-21.02,-4.955,0.893,163.774,1.05572
3334,266720.0,1,0.3436296284198761,0.370346337556839,0.22866,0.00013386602222453803,-20.941,-4.895,0.887,163.821,1.0555
3335,266800.0,1,0.13770252466201782,0.1867949664592743,0.28132,0.00010723579180194065,-20.579,-4.888,0.941,163.752,1.05538
3336,266880.0,1,0.07255950570106506,0.10237227380275726,0.30635,9.152795246336609e-05,-20.424,-5.02,1.212,163.741,1.05541
3337,266960.0,1,0.06521187722682953,0.0865037590265274,0.31122,9.015213436214253e-05,-20.409,-5.03,1.248,163.665,1.05534
3338,267040.0,1,0.059453390538692474,0.07524531334638596,0.31533,8.429543231613934e-05,-20.376,-5.083,1.294,163.677,1.05527
3339,267120.0,1,0.060455963015556335,0.0726700872182846,0.315,8.767013787291944e-05,-20.305,-5.096,1.296,163.619,1.05541
3340,267200.0,1,0.05245345085859299,0.0639730915427208,0.31775,6.858004053356126e-05,-20.258,-5.049,1.329,163.593,1.0552
3341,267280.0,1,0.04892483726143837,0.060823723673820496,0.32067,7.013030699454248e-05,-20.073,-4.995,1.388,163.518,1.05537
3342,267360.0,1,0.04987616464495659,0.061604972928762436,0.32021,7.335124246310443e-05,-19.94,-4.951,1.44,163.555,1.05538
3343,267440.0,1,0.05107107385993004,0.06369175761938095,0.3196,7.419452595058829e-05,-19.926,-4.954,1.444,163.482,1.05567
3344,267520.0,1,0.05275813490152359,0.06498578190803528,0.3189,7.306027691811323e-05,-19.932,-4.95,1.478,163.498,1.05546
3345,267600.0,1,0.05361968278884888,0.06489255279302597,0.31855,6.981429032748565e-05,-19.953,-4.919,1.535,163.576,1.05514
3346,267680.0,1,0.05445438250899315,0.06570950150489807,0.31814,6.768525781808421e-05,-19.953,-4.912,1.533,163.552,1.05534
3347,267760.0,1,0.055651579052209854,0.07056625932455063,0.31774,6.374245276674628e-05,-19.966,-4.933,1.479,163.517,1.05525
3348,267840.0,1,0.05403789505362511,0.07109514623880386,0.31745,7.323675527004525e-05,-19.964,-4.998,1.38,163.477,1.05592
3349,267920.0,1,0.05575508624315262,0.06908384710550308,0.31702,8.900247485144064e-05,-19.933,-5.082,1.328,163.44,1.05576
3350,268000.0,1,0.05758492276072502,0.06907599419355392,0.31587,9.611122368369251e-05,-19.992,-5.131,1.317,163.456,1.05574
3351,268080.0,1,0.062022462487220764,0.0759122371673584,0.31313,0.00010370389645686373,-20.019,-5.122,1.304,163.448,1.0558
3352,268160.0,1,0.0611911304295063,0.07885564863681793,0.31271,0.00011978187103522941,-19.984,-5.098,1.272,164.601,1.05178
3353,268240.0,1,0.06365583837032318,0.07800713181495667,0.31181,0.00011759198969230056,-19.902,-5.063,1.283,164.821,1.05044
3354,268320.0,1,0.0694427490234375,0.0807655081152916,0.31081,0.00011865167471114546,-20.11,-4.969,1.361,164.748,1.05029
3355,268400.0,1,0.0713455006480217,0.08278173953294754,0.3097,0.0001241352583747357,-20.139,-4.923,1.411,164.654,1.0505
3356,268480.0,1,0.07107140123844147,0.08129878342151642,0.30873,0.0001327752834185958,-20.145,-4.913,1.459,164.633,1.05086
3357,268560.0,1,0.06386769562959671,0.07108015567064285,0.31376,0.00012533464177977294,-20.114,-4.9,1.453,164.598,1.05055
3358,268640.0,1,0.06125812977552414,0.065575011074543,0.31608,0.00011146692122565582,-20.333,-4.942,1.478,164.613,1.05128
3359,268720.0,1,0.06347833573818207,0.06862050294876099,0.31451,0.00010479470802238211,-20.45,-4.851,1.459,164.548,1.05189
3360,268800.0,1,0.06280630081892014,0.0683397650718689,0.31474,0.00012613050057552755,-19.885,-4.982,1.371,164.477,1.05217
3361,268880.0,1,0.05972517281770706,0.07540666311979294,0.31444,0.0001312253443757072,-19.915,-4.981,1.354,164.403,1.05269
3362,268960.0,1,0.05846220999956131,0.0661785900592804,0.31716,0.00014224172628019005,-19.899,-4.963,1.291,164.464,1.05302
3363,269040.0,1,0.06344716250896454,0.06779205799102783,0.31415,0.00013483055226970464,-19.802,-4.848,1.342,164.401,1.05334
3364,269120.0,1,0.06719357520341873,0.07330077141523361,0.31139,0.0001330186059931293,-19.843,-4.824,1.337,164.469,1.05352
3365,269200.0,1,0.06955970078706741,0.07529646903276443,0.30923,0.00012308855366427451,-19.921,-4.828,1.326,164.472,1.0537
3366,269280.0,1,0.07124322652816772,0.08011817187070847,0.30744,0.00012277324276510626,-20.076,-4.821,1.327,164.53,1.05389
3367,269360.0,1,0.07407548278570175,0.08154582977294922,0.30686,0.00012699919170700014,-20.146,-4.851,1.32,164.477,1.05424
3368,269440.0,1,0.07533801347017288,0.07397285848855972,0.30818,0.0001188511960208416,-20.07,-4.88,1.271,164.424,1.0544
3369,269520.0,1,0.07322075217962265,0.07317914068698883,0.30969,8.96966303116642e-05,-20.033,-4.973,1.228,164.313,1.05458
3370,269600.0,1,0.07567456364631653,0.07562508434057236,0.30827,8.839567453833297e-05,-20.036,-4.981,1.237,164.333,1.05468
3371,269680.0,1,0.07773910462856293,0.08185659348964691,0.30677,0.00010841024777619168,-20.045,-4.966,1.206,164.309,1.05471
3372,269760.0,1,0.06751753389835358,0.08106499165296555,0.3119,0.00011939631804125383,-19.868,-4.896,1.135,164.171,1.05522
3373,269840.0,1,0.06750576943159103,0.07882705330848694,0.31318,0.00012681307271122932,-19.812,-4.866,1.166,164.139,1.05547
3374,269920.0,1,0.06810308247804642,0.07974810898303986,0.31288,0.00012988348316866904,-19.796,-4.876,1.203,164.205,1.05544
3375,270000.0,1,0.0657724067568779,0.0725540816783905,0.31659,0.00010331214434700087,-19.893,-4.964,1.234,164.165,1.05532
3376,270080.0,1,0.06606919318437576,0.07092531770467758,0.31734,9.19340891414322e-05,-19.938,-4.968,1.328,164.238,1.0554
3377,270160.0,1,0.07115711271762848,0.07727012783288956,0.31424,8.24998423922807e-05,-20.068,-4.932,1.372,164.149,1.05577
3378,270240.0,1,0.07051511853933334,0.0816953033208847,0.31296,8.466173312626779e-05,-20.332,-5.13,1.418,164.194,1.05529
3379,270320.0,1,0.07216272503137589,0.08291247487068176,0.31134,7.571066089440137e-05,-20.355,-5.164,1.333,164.139,1.05546
3380,270400.0,1,0.06677493453025818,0.07922761142253876,0.31336,7.331711094593629e-05,-20.368,-5.178,1.319,164.151,1.05559
3381,270480.0,1,0.06546566635370255,0.07805579155683517,0.31422,7.307031046366319e-05,-20.31,-5.171,1.255,164.103,1.05573
3382,270560.0,1,0.06367572396993637,0.07487225532531738,0.31544,7.371742685791105e-05,-20.348,-5.152,1.261,164.201,1.05552
3383,270640.0,1,0.06591024994850159,0.07705750316381454,0.313,7.431545964209363e-05,-20.41,-5.081,1.234,164.121,1.05576
3384,270720.0,1,0.06952409446239471,0.08187896758317947,0.31001,9.239505016012117e-05,-20.212,-4.928,1.148,164.185,1.05567
3385,270800.0,1,0.0882091373205185,0.10523724555969238,0.29997,9.85361184575595e-05,-20.368,-4.933,1.072,164.15,1.05573
3386,270880.0,1,0.4997045397758484,0.4308394491672516,0.19676,0.00014845890109427273,-21.488,-4.943,1.05,164.2,1.0558
3387,270960.0,1,0.3814515173435211,0.36176276206970215,0.22322,0.00013977434718981385,-21.222,-4.935,1.064,164.181,1.05569
3388,271040.0,1,0.24720953404903412,0.2071744054555893,0.26085,0.00013424082135315984,-20.766,-4.949,1.14,164.214,1.05554
3389,271120.0,1,0.16253463923931122,0.1532379537820816,0.27835,0.00010732633381849155,-20.69,-4.951,1.226,164.191,1.05538
3390,271200.0,1,0.12036453932523727,0.12324719876050949,0.28881,9.019847493618727e-05,-20.563,-4.959,1.216,164.301,1.05502
3391,271280.0,1,0.10627435147762299,0.11245259642601013,0.2938,8.403354877373204e-05,-20.515,-4.923,1.146,164.274,1.05514
3392,271360.0,1,0.10961945354938507,0.12461074441671371,0.29064,8.39951608213596e-05,-20.481,-4.94,1.029,164.357,1.05517
3393,271440.0,1,0.10257598757743835,0.1129516139626503,0.29418,9.210791904479265e-05,-20.54,-4.899,0.939,164.393,1.05526
3394,271520.0,1,0.06132401525974274,0.07538667321205139,0.31395,0.00011437568173278123,-20.456,-4.88,0.98,164.474,1.05496
3395,271600.0,1,0.052845705300569534,0.0602242536842823,0.32131,0.00012143670028308406,-20.246,-5.011,0.83,164.432,1.05478
3396,271680.0,1,0.05938364565372467,0.06604380905628204,0.31719,0.00011771752906497568,-20.314,-5.161,0.91,164.498,1.05493
3397,271760.0,1,0.06359128654003143,0.07275557518005371,0.31394,0.00012075070117134601,-20.296,-5.248,0.901,164.651,1.05413
3398,271840.0,1,0.06576045602560043,0.07338688522577286,0.3124,0.00011669958621496335,-20.383,-5.243,0.93,164.66,1.05458
3399,271920.0,1,0.06658275425434113,0.06631062924861908,0.3146,9.861460421234369e-05,-20.418,-5.263,0.828,164.561,1.05502
3400,272000.0,1,0.0725322738289833,0.0746971070766449,0.31096,0.00010143388499272987,-20.418,-5.213,0.773,164.57,1.05543
3401,272080.0,1,0.07734910398721695,0.08184383064508438,0.30757,0.00010663173452485353,-20.334,-5.191,0.767,164.49,1.05546
3402,272160.0,1,0.07680471241474152,0.08285027742385864,0.30801,0.0001072598242899403,-20.304,-5.145,0.701,164.463,1.05547
3403,272240.0,1,0.09897241741418839,0.10460659116506577,0.29726,0.00011222202010685578,-20.607,-5.046,0.715,164.352,1.05556
3404,272320.0,1,0.10643711686134338,0.11025871336460114,0.29442,0.00010232347995042801,-20.653,-5.025,0.772,164.332,1.05553
3405,272400.0,1,0.1115037053823471,0.11427079141139984,0.29293,9.444379975320771e-05,-20.705,-5.055,0.825,164.27,1.05589
3406,272480.0,1,0.11986720561981201,0.11962900310754776,0.2905,7.8444711107295e-05,-20.764,-5.178,0.852,164.262,1.05542
3407,272560.0,1,0.13383211195468903,0.12361466884613037,0.28692,8.39397544041276e-05,-20.767,-5.273,0.929,164.201,1.0559
3408,272640.0,1,0.15317639708518982,0.1371302455663681,0.28312,7.821979670552537e-05,-20.717,-5.243,0.925,164.133,1.0559
3409,272720.0,1,0.7019871473312378,0.6653561592102051,0.11207,0.00015323387924581766,-20.853,-4.989,0.617,164.112,1.05593
3410,272800.0,1,0.8505512475967407,0.7833871245384216,0.03286,0.00019228654855396599,-21.794,-4.866,0.694,164.166,1.05582
3411,272880.0,1,0.5044568181037903,0.5377817153930664,0.17057,0.00013205481809563935,-21.162,-4.697,1.062,164.076,1.05578
3412,272960.0,1,0.3011647164821625,0.3182177245616913,0.24205,0.00010606697469484061,-20.744,-4.787,1.164,164.108,1.0554
3413,273040.0,1,0.18352511525154114,0.19502198696136475,0.27376,0.00010989941074512899,-20.247,-4.726,1.078,164.021,1.05578
3414,273120.0,1,0.13293109834194183,0.1595667004585266,0.28534,0.0001354368287138641,-20.042,-4.771,1.105,164.028,1.05564
3415,273200.0,1,0.12543714046478271,0.15227669477462769,0.28596,0.00013755136751569808,-19.804,-4.849,1.08,163.946,1.05565
3416,273280.0,1,0.11914897710084915,0.1528979241847992,0.28752,0.00015177493332885206,-19.483,-4.893,1.093,164.024,1.05519
3417,273360.0,1,0.04879424348473549,0.10659424215555191,0.31213,0.00014798685151617974,-19.341,-4.801,1.215,163.959,1.05529
3418,273440.0,1,0.03566332533955574,0.05888824164867401,0.32683,0.00016504751692991704,-19.327,-4.796,1.241,164.018,1.05515
3419,273520.0,1,0.030235037207603455,0.053472671657800674,0.33148,0.00017034198390319943,-19.342,-4.797,1.301,164.016,1.05507
3420,273600.0,1,0.03067042864859104,0.042211372405290604,0.33666,0.00016055900778155774,-19.481,-4.977,1.35,164.056,1.05414
3421,273680.0,1,0.03030603751540184,0.04010213166475296,0.33854,0.00018292266759090126,-19.679,-4.881,1.29,164.076,1.05459
3422,273760.0,1,0.030381163582205772,0.03981165587902069,0.33898,0.00017528733587823808,-19.869,-4.94,1.251,164.162,1.05439
3423,273840.0,1,0.028175726532936096,0.03608435019850731,0.34117,0.00017025980923790485,-19.898,-4.917,1.26,164.153,1.05456
3424,273920.0,1,0.02463945746421814,0.03179221227765083,0.34479,0.0001652790087973699,-19.79,-4.911,1.163,164.381,1.05375
3425,274000.0,1,0.022696159780025482,0.027647212147712708,0.34618,0.0001566102437209338,-19.526,-5.013,1.154,164.356,1.05367
3426,274080.0,1,0.022822996601462364,0.027935784310102463,0.34627,0.00014672509860247374,-19.608,-4.917,1.1,164.466,1.05353
3427,274160.0,1,0.02470787987112999,0.028475133702158928,0.34269,0.0001461601204937324,-19.516,-4.869,1.066,164.295,1.05429
3428,274240.0,1,0.02562864124774933,0.027279499918222427,0.34307,0.00014516949886456132,-19.643,-4.96,1.161,162.599,1.05922
3429,274320.0,1,0.029280275106430054,0.03182292729616165,0.33857,0.00013429355749394745,-19.751,-4.979,1.285,162.23,1.05952
3430,274400.0,1,0.517875075340271,0.31559517979621887,0.19903,0.00026282554608769715,-20.834,-4.942,0.768,162.247,1.05998
3431,274480.0,1,0.8168282508850098,0.7644109129905701,0.03934,0.0003141881024930626,-21.51,-4.979,0.82,162.142,1.0605
3432,274560.0,1,0.514326810836792,0.5231049060821533,0.16065,0.00013683382712770253,-20.673,-4.832,0.857,162.052,1.06037
3433,274640.0,1,0.344481885433197,0.36019307374954224,0.22206,0.00011886661377502605,-20.13,-4.833,0.832,161.978,1.06007
3434,274720.0,1,0.25468775629997253,0.27927061915397644,0.24927,0.00010095535981236026,-20.11,-4.972,0.859,162.048,1.06029
3435,274800.0,1,0.2102363407611847,0.23399044573307037,0.26178,8.95922421477735e-05,-20.292,-5.057,0.928,161.991,1.06016
3436,274880.0,1,0.1872328817844391,0.20916339755058289,0.26825,8.127172623062506e-05,-20.256,-5.067,0.982,162.052,1.05992
3437,274960.0,1,0.17098622024059296,0.1899501085281372,0.2729,8.151886868290603e-05,-20.137,-5.049,0.996,161.948,1.0601
3438,275040.0,1,0.15251538157463074,0.16408418118953705,0.27882,8.258595335064456e-05,-19.978,-5.036,1.018,162.01,1.05993
3439,275120.0,1,0.14441289007663727,0.15237417817115784,0.2815,8.469918975606561e-05,-19.966,-5.018,1.018,162.046,1.05952
3440,275200.0,1,0.1342664211988449,0.14575035870075226,0.2843,8.111920033115894e-05,-20.011,-5.056,1.071,162.126,1.059
3441,275280.0,1,0.1298607587814331,0.14113448560237885,0.28594,8.259564492618665e-05,-19.992,-5.037,1.062,162.082,1.05887
3442,275360.0,1,0.13031841814517975,0.13872727751731873,0.2856,8.572980004828423e-05,-20.048,-5.05,1.081,162.126,1.05878
3443,275440.0,1,0.124110147356987,0.13600774109363556,0.2867,8.888491720426828e-05,-20.149,-5.05,1.097,162.043,1.0591
3444,275520.0,1,0.11410994827747345,0.12480224668979645,0.29228,0.00010153713810723275,-20.094,-5.091,1.084,162.055,1.05942
3445,275600.0,1,0.11233130842447281,0.1223897710442543,0.2933,0.00010385402856627479,-20.074,-5.116,1.087,162.029,1.05938
3446,275680.0,1,0.1063433513045311,0.1178455576300621,0.2975,0.00012595717271324247,-19.792,-5.162,1.008,162.107,1.0596
3447,275760.0,1,0.10595019906759262,0.1110241636633873,0.29983,0.00013567905989475548,-19.626,-5.273,1.027,162.074,1.05967
3448,275840.0,1,0.10675719380378723,0.11080197989940643,0.30093,0.00013566689449362457,-19.644,-5.299,1.032,162.108,1.05925
3449,275920.0,1,0.1086764857172966,0.10827961564064026,0.30156,0.00014177265984471887,-19.618,-5.3,1.076,162.056,1.05932
3450,276000.0,1,0.10829813778400421,0.10895632952451706,0.30168,0.00015089567750692368,-19.647,-5.339,1.099,162.257,1.05868
3451,276080.0,1,0.10393362492322922,0.10620565712451935,0.30249,0.00015808071475476027,-19.552,-5.379,1.134,162.227,1.05893
3452,276160.0,1,0.10404086858034134,0.10602156817913055,0.30227,0.00016366949421353638,-19.543,-5.398,1.182,162.241,1.05906
3453,276240.0,1,0.10469291359186172,0.10346560180187225,0.30042,0.00018402867135591805,-19.592,-5.297,1.106,162.251,1.05882
3454,276320.0,1,0.1032455563545227,0.10131094604730606,0.30104,0.00018501657177694142,-19.496,-5.304,1.063,162.309,1.05879
3455,276400.0,1,0.10053125023841858,0.10047286003828049,0.30175,0.0001853119465522468,-19.495,-5.308,1.01,162.303,1.05916
3456,276480.0,1,0.08537803590297699,0.0965396836400032,0.30537,0.00012896752741653472,-19.081,-5.274,0.916,162.441,1.05881
3457,276560.0,1,0.08106674998998642,0.09381496906280518,0.30754,0.0001272678200621158,-19.096,-5.223,0.828,162.441,1.05848
3458,276640.0,1,0.07451330125331879,0.08734460175037384,0.31104,0.0001401528570568189,-19.188,-5.166,0.652,162.553,1.05835
3459,276720.0,1,0.073078952729702,0.08433866500854492,0.31448,0.00013423198834061623,-19.463,-5.048,0.691,162.551,1.05839
3460,276800.0,1,0.08214990049600601,0.09226714819669724,0.31087,0.00015115115093067288,-19.451,-5.085,0.656,162.701,1.05803
3461,276880.0,1,0.08680590242147446,0.09398295730352402,0.30937,0.0001510166039224714,-19.484,-5.095,0.678,162.733,1.05803
3462,276960.0,1,0.09155549108982086,0.0911106988787651,0.30841,0.00015272160817403346,-19.457,-5.152,0.719,162.747,1.05815
3463,277040.0,1,0.09181207418441772,0.09135819226503372,0.30743,0.0001596328365849331,-19.453,-5.19,0.721,162.7,1.05824
3464,277120.0,1,0.09024211764335632,0.08871664106845856,0.3083,0.00014500708493869752,-19.481,-5.163,0.728,162.697,1.05814
3465,277200.0,1,0.08883026987314224,0.08799427002668381,0.30848,0.00016271516506094486,-19.359,-5.158,0.647,162.65,1.05815
3466,277280.0,1,0.08319525420665741,0.08656542003154755,0.31084,0.00021826870215591043,-19.064,-5.096,0.607,162.684,1.05835
3467,277360.0,1,0.08097391575574875,0.08490251004695892,0.31082,0.00019377532589714974,-19.19,-4.989,0.631,162.591,1.05879
3468,277440.0,1,0.07468625158071518,0.07722753286361694,0.31238,0.00020493382180575281,-19.403,-5.232,0.818,162.563,1.05847
3469,277520.0,1,0.07486451417207718,0.07397355139255524,0.31232,0.00018191749404650182,-19.493,-5.239,0.844,162.524,1.05903
3470,277600.0,1,0.06785545498132706,0.06812700629234314,0.31653,0.0001906053366838023,-19.334,-5.362,0.969,162.637,1.05932
3471,277680.0,1,0.0672415941953659,0.07497323304414749,0.31698,0.00024128107179421932,-19.326,-5.34,1.054,162.568,1.05983
3472,277760.0,1,0.05999106541275978,0.06720559298992157,0.32176,0.00020184575987514108,-19.345,-5.324,1.035,162.67,1.05952
3473,277840.0,1,0.05396747961640358,0.05554276704788208,0.32794,0.00016747269546613097,-19.299,-5.284,0.948,162.497,1.05957
3474,277920.0,1,0.04092778265476227,0.04425458610057831,0.33555,0.000179551774635911,-19.328,-5.189,0.956,162.483,1.05938
3475,278000.0,1,0.05540325492620468,0.057194747030735016,0.32371,0.00017405820835847408,-19.237,-5.173,1.027,162.343,1.05953
3476,278080.0,1,0.20913301408290863,0.19168588519096375,0.26736,0.00020140303240623325,-19.242,-5.023,0.851,162.455,1.05987
3477,278160.0,1,0.3784969449043274,0.38976576924324036,0.2231,0.00026402604999020696,-19.743,-4.941,0.954,162.329,1.05971
3478,278240.0,1,0.37365013360977173,0.3292732536792755,0.23675,0.0002334715100005269,-19.667,-4.914,0.89,162.315,1.05988
3479,278320.0,1,0.24455268681049347,0.22562643885612488,0.26596,0.000187416939297691,-19.627,-4.927,0.957,162.274,1.0598
3480,278400.0,1,0.08158649504184723,0.12079302966594696,0.3043,0.0001219116966240108,-19.905,-4.854,1.088,162.203,1.05967
3481,278480.0,1,0.03972149267792702,0.05003741383552551,0.33051,9.674089233158156e-05,-19.911,-4.833,1.068,162.203,1.05954
3482,278560.0,1,0.029225537553429604,0.03430880233645439,0.33987,9.873147064354271e-05,-19.887,-4.794,1.055,162.238,1.0597
3483,278640.0,1,0.02894686907529831,0.03009285032749176,0.34219,9.335624054074287e-05,-19.755,-4.833,1.126,162.219,1.05994
3484,278720.0,1,0.02972341887652874,0.03023669309914112,0.342,8.816131594358012e-05,-19.802,-4.973,1.198,162.242,1.06026
3485,278800.0,1,0.027541060000658035,0.0306394062936306,0.34417,8.538509428035468e-05,-19.756,-5.223,1.307,162.263,1.0578
3486,278880.0,1,0.02688940241932869,0.029897084459662437,0.34473,8.538990368833765e-05,-19.662,-5.372,1.511,162.385,1.05697
3487,278960.0,1,0.025856178253889084,0.029425539076328278,0.34626,7.364518387475982e-05,-19.736,-5.566,1.501,162.316,1.05617
3488,279040.0,1,0.02888450399041176,0.02949352376163006,0.34486,6.783026037737727e-05,-19.981,-5.735,1.46,162.411,1.05631
3489,279120.0,1,0.03255387395620346,0.033708419650793076,0.33621,0.00010415283031761646,-21.161,-6.182,1.0,162.378,1.05602
3490,279200.0,1,0.03489607572555542,0.04002021253108978,0.33261,0.0001059442656696774,-21.717,-6.293,0.97,162.432,1.05646
3491,279280.0,1,0.03479393944144249,0.04023580253124237,0.33183,0.00010077578917844221,-21.909,-6.244,0.893,162.447,1.05586
3492,279360.0,1,0.033686015754938126,0.03952612355351448,0.33429,7.674965308979154e-05,-21.798,-6.283,0.825,162.458,1.05561
3493,279440.0,1,0.031088249757885933,0.037072375416755676,0.33834,7.015518349362537e-05,-21.568,-6.402,0.809,162.431,1.05554
3494,279520.0,1,0.029014090076088905,0.03335883468389511,0.34219,6.396410026354715e-05,-21.479,-6.42,0.879,162.55,1.05555
3495,279600.0,1,0.029267912730574608,0.03356826305389404,0.34307,5.843837425345555e-05,-21.508,-6.411,0.89,162.564,1.05532
3496,279680.0,1,0.034746281802654266,0.04482083022594452,0.33609,5.999751010676846e-05,-21.647,-6.406,1.121,162.642,1.05523
3497,279760.0,1,0.31694576144218445,0.231484055519104,0.24847,0.00010062377987196669,-21.926,-6.266,0.85,162.553,1.05561
3498,279840.0,1,0.3054317235946655,0.266456663608551,0.24922,0.00010167608706979081,-21.88,-6.33,0.889,162.603,1.05545
3499,279920.0,1,0.25723984837532043,0.26733675599098206,0.25623,0.00010099599603563547,-21.787,-6.274,0.876,162.403,1.05594
3500,280000.0,1,0.24315087497234344,0.25242626667022705,0.26054,9.033655078383163e-05,-21.343,-6.321,0.87,162.463,1.05603
3501,280080.0,1,0.226256862282753,0.22606800496578217,0.26592,9.274496551370248e-05,-21.228,-6.284,0.824,162.322,1.05614
3502,280160.0,1,0.21321390569210052,0.21892565488815308,0.26801,9.903348836814985e-05,-21.056,-6.152,0.805,162.276,1.05612
3503,280240.0,1,0.19828496873378754,0.20294752717018127,0.27117,0.00010601531539577991,-20.961,-6.131,0.838,161.903,1.0567
3504,280320.0,1,0.15424242615699768,0.17226584255695343,0.28195,0.00010399831808172166,-20.779,-6.203,0.951,161.788,1.0568
3505,280400.0,1,0.12894779443740845,0.15875543653964996,0.28805,9.728967415867373e-05,-20.918,-6.252,1.079,161.853,1.05706
3506,280480.0,1,0.12367452681064606,0.1507006734609604,0.29035,9.339612734038383e-05,-21.164,-6.237,1.121,161.956,1.05641
3507,280560.0,1,0.11823961138725281,0.14832499623298645,0.29185,9.475438855588436e-05,-21.274,-6.25,1.139,161.932,1.05649
3508,280640.0,1,0.10984089970588684,0.14174821972846985,0.29421,9.863181912805885e-05,-21.257,-6.226,1.116,161.979,1.0563
3509,280720.0,1,0.10819514095783234,0.1340305656194687,0.29477,9.679736831458285e-05,-21.115,-6.228,1.123,161.942,1.05645
3510,280800.0,1,0.08665813505649567,0.11932269483804703,0.30249,8.531428466085345e-05,-21.096,-6.221,1.175,162.034,1.05613
3511,280880.0,1,0.08475005626678467,0.11453455686569214,0.30355,8.354933379450813e-05,-21.21,-6.176,1.099,162.012,1.05604
3512,280960.0,1,0.0815056711435318,0.10300057381391525,0.30518,7.935652683954686e-05,-21.311,-6.284,0.982,162.068,1.05552
3513,281040.0,1,0.07866121828556061,0.09535576403141022,0.30518,7.730267680017278e-05,-21.39,-6.35,0.952,162.051,1.05551
3514,281120.0,1,0.07978928089141846,0.09455379843711853,0.30406,7.628244929946959e-05,-21.475,-6.375,0.962,162.123,1.05547
3515,281200.0,1,0.08072507381439209,0.0903809517621994,0.30371,7.757745333947241e-05,-21.482,-6.364,0.952,162.162,1.0552
3516,281280.0,1,0.08269047737121582,0.09497563540935516,0.30213,6.744441634509712e-05,-21.487,-6.356,0.967,162.259,1.0548
3517,281360.0,1,0.0936962217092514,0.1068815216422081,0.29693,6.441739242291078e-05,-21.529,-6.327,0.9,162.426,1.05483
3518,281440.0,1,0.0992903858423233,0.11135680973529816,0.29493,6.824490264989436e-05,-21.578,-6.297,0.892,162.485,1.05463
3519,281520.0,1,0.12143093347549438,0.12477178126573563,0.28931,6.835759268142283e-05,-21.632,-6.34,0.884,162.413,1.05498
3520,281600.0,1,0.5903728008270264,0.6137169599533081,0.15582,0.00016805143968667835,-22.073,-6.358,0.505,162.566,1.05465
3521,281680.0,1,0.6451518535614014,0.6711409687995911,0.11172,0.0002113788650603965,-21.834,-6.349,0.555,162.516,1.05451
3522,281760.0,1,0.390220582485199,0.42308926582336426,0.20737,0.00013654239592142403,-21.294,-6.209,0.774,162.588,1.05459
3523,281840.0,1,0.25383779406547546,0.26875728368759155,0.25139,0.00011365615500835702,-21.012,-6.149,0.825,162.632,1.0543
3524,281920.0,1,0.18967826664447784,0.19531194865703583,0.26903,0.00011287678353255615,-20.549,-5.898,0.716,162.848,1.05356
3525,282000.0,1,0.15789802372455597,0.1571977287530899,0.27745,0.00010588558507151902,-20.458,-5.973,0.751,162.92,1.05339
3526,282080.0,1,0.14665468037128448,0.14472198486328125,0.28086,9.526119538350031e-05,-20.335,-5.942,0.646,163.073,1.05311
3527,282160.0,1,0.10320267081260681,0.10609977692365646,0.2992,9.531152318231761e-05,-20.323,-5.989,0.593,163.139,1.053
3528,282240.0,1,0.09868911653757095,0.09196612983942032,0.30468,9.786003647604957e-05,-20.413,-6.135,0.786,163.296,1.05277
3529,282320.0,1,0.07959777861833572,0.0882810428738594,0.31073,0.00011311955313431099,-20.468,-6.229,0.854,163.308,1.05206
3530,282400.0,1,0.0695687085390091,0.06520157307386398,0.31935,0.00012834441440645605,-20.614,-6.077,0.853,163.368,1.05195
3531,282480.0,1,0.061888620257377625,0.06396283209323883,0.32218,9.201328794006258e-05,-20.502,-6.032,0.937,163.148,1.05244
3532,282560.0,1,0.04506908357143402,0.04602140560746193,0.33301,9.143452189164236e-05,-20.403,-5.79,0.851,163.19,1.05236
3533,282640.0,1,0.0465700626373291,0.04903682321310043,0.33186,9.06299173948355e-05,-20.341,-5.781,0.828,163.075,1.05264
3534,282720.0,1,0.048498399555683136,0.05370171368122101,0.32963,9.499331645201892e-05,-20.34,-5.792,0.777,163.142,1.05241
3535,282800.0,1,0.05521956831216812,0.05716821551322937,0.32521,8.824299584375694e-05,-20.322,-5.929,0.945,163.048,1.0524
3536,282880.0,1,0.0592120885848999,0.06249555945396423,0.32242,8.89832153916359e-05,-20.362,-5.932,0.907,163.142,1.05221
3537,282960.0,1,0.060947585850954056,0.06431831419467926,0.32085,8.880494715413079e-05,-20.262,-5.933,0.917,163.085,1.05204
3538,283040.0,1,0.0635075643658638,0.0674956813454628,0.31935,8.918735693441704e-05,-20.262,-5.917,0.902,163.191,1.05159
3539,283120.0,1,0.06511551141738892,0.07137592881917953,0.3182,9.554110874887556e-05,-20.336,-5.883,0.862,163.293,1.05084
3540,283200.0,1,0.0700799822807312,0.0739787146449089,0.31333,7.553484465461224e-05,-20.319,-5.909,1.006,163.498,1.04939
3541,283280.0,1,0.0789753720164299,0.08678371459245682,0.30714,8.458369120489806e-05,-20.429,-5.894,1.025,163.484,1.04902
3542,283360.0,1,0.08285223692655563,0.09095406532287598,0.30448,8.759442425798625e-05,-20.536,-5.954,1.062,163.622,1.04885
3543,283440.0,1,0.08490707725286484,0.09701318293809891,0.30224,8.685473585501313e-05,-20.462,-5.856,1.026,163.635,1.04842
3544,283520.0,1,0.08627493679523468,0.10034377872943878,0.30144,7.937680493341759e-05,-20.466,-5.848,1.009,163.701,1.0481
3545,283600.0,1,0.08767560124397278,0.1014060229063034,0.30081,6.952522380743176e-05,-20.432,-5.895,1.021,163.677,1.04843
3546,283680.0,1,0.08835937082767487,0.10093241184949875,0.30091,7.317965355468914e-05,-20.453,-5.885,1.013,163.693,1.04805
3547,283760.0,1,0.08888506889343262,0.102521151304245,0.30041,8.100509876385331e-05,-20.443,-5.887,1.021,163.65,1.04791
3548,283840.0,1,0.086847223341465,0.10161794722080231,0.30072,8.785534009803087e-05,-20.426,-5.908,1.021,163.709,1.04797
3549,283920.0,1,0.083940789103508,0.09760046005249023,0.30196,8.78901919350028e-05,-20.301,-5.91,1.003,163.659,1.04816
3550,284000.0,1,0.08329235762357712,0.09489373862743378,0.30243,7.70784608903341e-05,-20.307,-5.913,0.994,163.695,1.04791
3551,284080.0,1,0.08374390751123428,0.09653830528259277,0.302,7.224125147331506e-05,-20.301,-5.944,0.992,163.655,1.04816
3552,284160.0,1,0.0841871052980423,0.09530426561832428,0.30312,6.776314694434404e-05,-20.632,-5.878,0.995,163.649,1.04774
3553,284240.0,1,0.08665644377470016,0.09721722453832626,0.3032,7.027872925391421e-05,-20.691,-5.909,0.987,163.003,1.04948
3554,284320.0,1,0.08649943023920059,0.0987725481390953,0.30414,6.893488898640499e-05,-20.779,-5.942,0.939,162.994,1.04996
3555,284400.0,1,0.08876410126686096,0.09930747747421265,0.30395,6.284058326855302e-05,-20.723,-6.034,0.985,162.893,1.04992
3556,284480.0,1,0.08959627151489258,0.10309883952140808,0.30188,6.462769670179114e-05,-20.68,-6.098,0.963,162.963,1.04991
3557,284560.0,1,0.08947503566741943,0.09957356005907059,0.30137,6.209424464032054e-05,-20.714,-6.068,0.936,162.953,1.0502
3558,284640.0,1,0.08744140714406967,0.10208316147327423,0.30376,6.43828752799891e-05,-20.927,-5.959,0.896,163.077,1.04977
3559,284720.0,1,0.08918793499469757,0.10267548263072968,0.30404,6.684886466246098e-05,-21.027,-5.917,0.9,162.952,1.05156
3560,284800.0,1,0.07482678443193436,0.09670725464820862,0.30917,8.681938197696581e-05,-21.055,-5.926,0.791,162.995,1.05261
3561,284880.0,1,0.07139690965414047,0.09440767765045166,0.3099,7.990736776264384e-05,-21.065,-5.876,0.823,162.937,1.05277
3562,284960.0,1,0.07176612317562103,0.09308604151010513,0.30986,7.681548595428467e-05,-20.992,-5.835,0.78,162.965,1.05257
3563,285040.0,1,0.07313745468854904,0.09365211427211761,0.3096,7.247232861118391e-05,-21.076,-5.812,0.767,162.918,1.05252
3564,285120.0,1,0.06731806695461273,0.09046503156423569,0.31099,7.244779408210889e-05,-21.212,-5.954,0.914,162.857,1.05305
3565,285200.0,1,0.06758967787027359,0.0864664614200592,0.30964,6.171106360852718e-05,-21.285,-5.999,0.99,162.842,1.05327
3566,285280.0,1,0.06887560337781906,0.08408676087856293,0.30835,5.8332640037406236e-05,-21.121,-6.038,1.08,162.878,1.05326
3567,285360.0,1,0.07244550436735153,0.0907668024301529,0.30428,6.75623377901502e-05,-21.149,-6.073,0.976,162.848,1.05302
3568,285440.0,1,0.07172301411628723,0.09213351458311081,0.30279,6.961372127989307e-05,-21.109,-6.114,0.951,162.918,1.05282
3569,285520.0,1,0.07459646463394165,0.09340177476406097,0.30247,5.9967995184706524e-05,-21.108,-6.244,1.049,162.856,1.05295
3570,285600.0,1,0.07447462528944016,0.0918029397726059,0.30315,5.211507232161239e-05,-21.136,-6.257,1.068,162.921,1.05266
3571,285680.0,1,0.0739588811993599,0.09009688347578049,0.30374,5.1743369112955406e-05,-21.029,-6.27,1.129,162.848,1.05284
3572,285760.0,1,0.07434220612049103,0.09110449999570847,0.30245,5.710116965929046e-05,-21.067,-6.268,1.181,162.871,1.05283
3573,285840.0,1,0.0748598501086235,0.08859813958406448,0.30402,5.9743444580817595e-05,-20.944,-6.234,1.205,162.884,1.05266
3574,285920.0,1,0.04534759745001793,0.05562892183661461,0.3187,7.319633004954085e-05,-20.917,-6.153,1.27,162.827,1.05228
3575,286000.0,1,0.05889905244112015,0.0716368556022644,0.31142,6.861836300231516e-05,-20.825,-6.155,1.143,162.814,1.05199
3576,286080.0,1,0.057595860213041306,0.07204566895961761,0.3133,6.708980799885467e-05,-21.095,-6.127,1.212,162.778,1.05264
3577,286160.0,1,0.0535467229783535,0.06922597438097,0.31692,6.0653426771750674e-05,-21.18,-6.228,1.215,162.84,1.05246
3578,286240.0,1,0.05459282547235489,0.07032837718725204,0.31952,6.09486669418402e-05,-21.281,-6.194,1.346,162.861,1.05205
3579,286320.0,1,0.04903268441557884,0.06798119843006134,0.3216,6.426448817364872e-05,-21.307,-6.174,1.429,162.868,1.05201
3580,286400.0,1,0.052534062415361404,0.06968925148248672,0.32278,6.765466969227418e-05,-21.364,-6.152,1.469,162.884,1.05166
3581,286480.0,1,0.05360409989953041,0.06982685625553131,0.32185,7.162430847529322e-05,-21.404,-6.242,1.47,162.899,1.05104
3582,286560.0,1,0.05483304336667061,0.07384530454874039,0.3202,7.162219117162749e-05,-21.404,-6.207,1.434,162.871,1.05122
3583,286640.0,1,0.05626474693417549,0.07415410876274109,0.31954,7.086698315106332e-05,-21.371,-6.216,1.397,162.769,1.05136
3584,286720.0,1,0.06719020009040833,0.07916298508644104,0.31486,7.163598638726398e-05,-21.724,-6.199,1.341,162.848,1.05356
3585,286800.0,1,0.4985239803791046,0.40583470463752747,0.21002,0.00010437664604978636,-22.184,-6.171,1.108,162.798,1.05433
3586,286880.0,1,0.4265922009944916,0.35926195979118347,0.2264,0.00010492069850442931,-22.308,-6.048,1.139,162.824,1.05456
3587,286960.0,1,0.2319299429655075,0.2650093138217926,0.26464,9.259067883249372e-05,-22.176,-6.073,1.317,162.757,1.05516
3588,287040.0,1,0.11551809310913086,0.1271994709968567,0.29776,6.735776696586981e-05,-21.996,-6.001,1.213,162.714,1.05545
3589,287120.0,1,0.09217066317796707,0.09670224785804749,0.3076,6.13483352935873e-05,-21.789,-5.959,1.11,162.678,1.05531
3590,287200.0,1,0.07959052175283432,0.08323317021131516,0.31091,5.551321737584658e-05,-21.752,-5.964,1.135,162.74,1.05557
3591,287280.0,1,0.06520742923021317,0.06546367704868317,0.31846,7.044203812256455e-05,-21.411,-6.062,0.957,162.745,1.0556
3592,287360.0,1,0.05151839926838875,0.05258568748831749,0.33147,9.800114639801905e-05,-20.644,-6.182,0.885,162.865,1.05516
3593,287440.0,1,0.04627828672528267,0.047077059745788574,0.33687,0.0001270346692763269,-20.206,-6.137,0.763,162.847,1.05515
3594,287520.0,1,0.042858004570007324,0.0439598485827446,0.3411,0.0001301655574934557,-20.025,-6.143,0.743,162.913,1.05477
3595,287600.0,1,0.053695131093263626,0.041225578635931015,0.33677,0.00013504785601980984,-20.018,-6.323,0.792,162.835,1.05531
3596,287680.0,1,0.7878538370132446,0.7807474732398987,0.04724,0.00017415649199392647,-22.775,-6.221,0.97,162.935,1.05481
3597,287760.0,1,0.8521509170532227,0.8359697461128235,0.01213,0.00023885098926257342,-23.758,-6.207,0.875,162.8,1.05525
3598,287840.0,1,0.8361213207244873,0.8234903216362,0.01799,0.0003301539982203394,-23.613,-6.047,0.838,162.881,1.05527
3599,287920.0,1,0.6757755279541016,0.8344117999076843,0.06606,0.00041430562851019204,-23.628,-6.009,0.94,162.919,1.05512
3600,288000.0,1,0.32270243763923645,0.40110933780670166,0.22902,0.0001634558429941535,-23.15,-5.928,1.142,163.021,1.05501
3601,288080.0,1,0.11516720056533813,0.14324422180652618,0.29609,0.00010476953320903704,-22.972,-5.95,1.221,163.074,1.05487
3602,288160.0,1,0.07462065666913986,0.09239349514245987,0.31411,9.853931260295212e-05,-22.77,-6.031,1.231,163.107,1.05472
3603,288240.0,1,0.07890041172504425,0.09137371927499771,0.31336,7.83210780355148e-05,-22.745,-6.032,1.243,163.047,1.05511
3604,288320.0,1,0.07731202244758606,0.08812882006168365,0.31277,6.840845162514597e-05,-22.736,-6.05,1.252,163.071,1.05512
3605,288400.0,1,0.0755445584654808,0.0859743058681488,0.31219,5.697188316844404e-05,-22.632,-6.012,1.24,163.013,1.05543
3606,288480.0,1,0.07289078086614609,0.08288037031888962,0.31302,7.172675395850092e-05,-22.526,-6.03,1.227,163.037,1.05522
3607,288560.0,1,0.07256030291318893,0.0816439539194107,0.31145,7.824486237950623e-05,-22.28,-6.0,1.203,162.992,1.05511
3608,288640.0,1,0.0720067173242569,0.08292193710803986,0.31171,8.822456584312022e-05,-22.153,-6.031,1.205,163.148,1.05491
3609,288720.0,1,0.07123436778783798,0.08060950040817261,0.31158,9.268139547202736e-05,-22.113,-5.995,1.204,163.037,1.0553
3610,288800.0,1,0.7854018807411194,0.7791039347648621,0.06445,0.00021233514416962862,-23.649,-5.886,0.891,163.153,1.05565
3611,288880.0,1,0.7856370210647583,0.7751557230949402,0.07356,0.0002796526241581887,-23.569,-5.93,0.904,163.071,1.05594
3612,288960.0,1,0.4518522620201111,0.4751388728618622,0.2014,0.00015700214134994894,-23.236,-5.948,1.098,163.0,1.0559
3613,289040.0,1,0.2536144554615021,0.28537073731422424,0.25447,7.698619447182864e-05,-23.021,-6.052,1.186,162.944,1.05623
3614,289120.0,1,0.17761723697185516,0.20130929350852966,0.27195,6.728895095875487e-05,-22.75,-6.192,1.195,162.972,1.05692
3615,289200.0,1,0.14799000322818756,0.1787039190530777,0.27879,6.609303818549961e-05,-22.597,-6.121,1.201,162.962,1.05685
3616,289280.0,1,0.12285427004098892,0.15151186287403107,0.28709,6.93607289576903e-05,-22.604,-6.098,1.254,163.1,1.0564
3617,289360.0,1,0.09755457192659378,0.13045737147331238,0.2964,7.910628482932225e-05,-22.006,-5.906,1.122,163.109,1.05618
3618,289440.0,1,0.08838214725255966,0.11454427242279053,0.30066,8.907855954021215e-05,-21.97,-5.896,1.168,163.14,1.05629
3619,289520.0,1,0.06992921978235245,0.08476190268993378,0.31319,8.316967432620004e-05,-22.075,-6.031,1.224,163.147,1.05614
3620,289600.0,1,0.07379291951656342,0.08984813094139099,0.30876,8.272151899291202e-05,-21.855,-6.08,1.366,163.191,1.05598
3621,289680.0,1,0.07748997211456299,0.1008513867855072,0.30565,8.66368500282988e-05,-21.857,-6.065,1.486,163.115,1.05618
3622,289760.0,1,0.08500230312347412,0.09839791059494019,0.30471,8.933214121498168e-05,-21.699,-6.004,1.567,163.171,1.05607
3623,289840.0,1,0.08975549042224884,0.0967741459608078,0.30329,8.91310628503561e-05,-21.661,-5.987,1.636,163.118,1.05614
3624,289920.0,1,0.06845260411500931,0.0673811063170433,0.31482,9.572259295964614e-05,-21.822,-5.977,1.371,163.005,1.05673
3625,290000.0,1,0.06901230663061142,0.07269293069839478,0.31156,9.05317792785354e-05,-21.753,-5.992,1.485,162.909,1.05615
3626,290080.0,1,0.08593758195638657,0.09153282642364502,0.30285,9.866304026218131e-05,-21.834,-6.05,1.419,163.079,1.05593
3627,290160.0,1,0.0927077904343605,0.09330350905656815,0.29997,8.665402856422588e-05,-21.817,-6.151,1.402,163.043,1.05592
3628,290240.0,1,0.08790019154548645,0.09248535335063934,0.30067,8.555070235161111e-05,-22.017,-6.283,1.391,163.124,1.05593
3629,290320.0,1,0.08580347895622253,0.09328999370336533,0.30096,8.507818711223081e-05,-22.053,-6.317,1.398,163.074,1.05603
3630,290400.0,1,0.08478710055351257,0.09523101150989532,0.3017,8.09742123237811e-05,-22.089,-6.309,1.357,163.152,1.05571
3631,290480.0,1,0.07946405559778214,0.09594402462244034,0.30295,7.42369084036909e-05,-22.102,-6.294,1.298,163.114,1.05575
3632,290560.0,1,0.08465055376291275,0.09591761231422424,0.30273,6.565387593582273e-05,-22.155,-6.28,1.26,163.193,1.05556
3633,290640.0,1,0.0896734893321991,0.10191630572080612,0.30025,7.215381629066542e-05,-22.169,-6.242,1.353,163.232,1.05545
3634,290720.0,1,0.1044982448220253,0.10829424113035202,0.29757,7.800229650456458e-05,-22.253,-6.241,1.246,163.496,1.0554
3635,290800.0,1,0.09604176133871078,0.10359220951795578,0.29956,8.257429726654664e-05,-22.311,-6.263,1.077,163.41,1.05568
3636,290880.0,1,0.085512675344944,0.09522916376590729,0.30375,9.751276957103983e-05,-21.969,-6.31,1.038,163.393,1.05532
3637,290960.0,1,0.07777367532253265,0.08906155079603195,0.3049,9.57062584348023e-05,-21.799,-6.306,0.993,163.404,1.05548
3638,291040.0,1,0.06800573319196701,0.089607834815979,0.30708,9.689266880741343e-05,-21.835,-6.298,0.907,163.491,1.05532
3639,291120.0,1,0.06668078899383545,0.08859310299158096,0.30755,0.00010463135549798608,-21.856,-6.29,0.916,163.382,1.05552
3640,291200.0,1,0.06507706642150879,0.088275246322155,0.30787,0.00011718286987161264,-21.827,-6.283,0.891,163.432,1.0553
3641,291280.0,1,0.0630861148238182,0.08948205411434174,0.3084,0.00012095305282855406,-21.878,-6.222,0.852,163.333,1.05557
3642,291360.0,1,0.06319355964660645,0.0903574675321579,0.30843,0.00012617114407476038,-22.031,-6.195,0.884,163.345,1.05572
3643,291440.0,1,0.06614087522029877,0.0911664068698883,0.30657,0.0001250765344593674,-21.972,-6.156,0.954,163.261,1.05547
3644,291520.0,1,0.06734113395214081,0.09015113860368729,0.30642,0.00011668834486044943,-21.938,-6.143,0.996,163.339,1.05529
3645,291600.0,1,0.6832888126373291,0.5870890617370605,0.1259,0.0003301571705378592,-22.711,-6.252,0.596,163.391,1.05559
3646,291680.0,1,0.5040929317474365,0.4789259731769562,0.18255,0.0002636391727719456,-22.371,-6.178,0.624,163.456,1.05535
3647,291760.0,1,0.3887673616409302,0.41316697001457214,0.2173,0.00018165126675739884,-21.907,-6.212,0.852,163.388,1.05498
3648,291840.0,1,0.2187894731760025,0.271840363740921,0.25835,0.00013304827734827995,-21.796,-6.142,1.0,163.424,1.05467
3649,291920.0,1,0.1396665871143341,0.1718713939189911,0.28133,0.00010144249245058745,-21.649,-6.172,1.049,163.337,1.05507
3650,292000.0,1,0.10418249666690826,0.13690213859081268,0.2923,9.232688171323389e-05,-21.587,-6.167,1.182,163.4,1.05495
3651,292080.0,1,0.09014498442411423,0.12907589972019196,0.29601,8.866802818374708e-05,-21.564,-6.168,1.19,163.314,1.05519
3652,292160.0,1,0.08993494510650635,0.12218819558620453,0.29683,7.418256427627057e-05,-21.528,-6.203,1.218,163.398,1.05503
3653,292240.0,1,0.0894363522529602,0.12016119062900543,0.2971,7.203996210591868e-05,-21.587,-6.272,1.19,163.371,1.05489
3654,292320.0,1,0.08977529406547546,0.1175914853811264,0.2972,7.070336869219318e-05,-21.626,-6.305,1.216,163.416,1.05446
3655,292400.0,1,0.0888361930847168,0.11340165138244629,0.29743,7.0185364165809e-05,-21.648,-6.216,1.198,163.353,1.0545
3656,292480.0,1,0.08057180792093277,0.10821039229631424,0.29962,7.15193382347934e-05,-21.593,-6.204,1.254,163.372,1.05463
3657,292560.0,1,0.07868035137653351,0.10616379231214523,0.30134,7.081395597197115e-05,-21.597,-6.187,1.25,163.31,1.05502
3658,292640.0,1,0.07818683981895447,0.10666108131408691,0.30205,7.494993769796565e-05,-21.596,-6.188,1.241,163.324,1.05514
3659,292720.0,1,0.07767825573682785,0.10607077926397324,0.30244,7.871363777667284e-05,-21.617,-6.198,1.245,163.271,1.05516
3660,292800.0,1,0.06685812771320343,0.0973338931798935,0.30868,7.93295112089254e-05,-21.226,-6.024,1.236,163.483,1.05468
3661,292880.0,1,0.06703290343284607,0.0963752418756485,0.30869,7.87046374171041e-05,-21.228,-6.062,1.203,163.424,1.05517
3662,292960.0,1,0.07679887115955353,0.1002696305513382,0.30668,7.416374864988029e-05,-21.414,-6.156,1.105,163.482,1.05519
3663,293040.0,1,0.07727347314357758,0.10404566675424576,0.3061,8.282870840048417e-05,-21.451,-6.181,1.026,163.488,1.05479
3664,293120.0,1,0.07723873853683472,0.10422356426715851,0.30499,9.754094935487956e-05,-21.478,-6.209,0.992,163.534,1.05472
3665,293200.0,1,0.07479725033044815,0.09174370765686035,0.30777,9.041110024554655e-05,-21.528,-6.13,1.041,163.494,1.05474
3666,293280.0,1,0.07254486531019211,0.08902273327112198,0.30921,8.921236440073699e-05,-21.61,-6.111,0.995,163.536,1.0545
3667,293360.0,1,0.06235665827989578,0.0800103172659874,0.31519,8.90003502718173e-05,-21.549,-6.131,0.959,163.541,1.05495
3668,293440.0,1,0.058513034135103226,0.07668141275644302,0.31692,8.359619096154347e-05,-21.512,-6.13,0.924,163.629,1.05458
3669,293520.0,1,0.0669509693980217,0.07992787659168243,0.31381,8.204168261727318e-05,-21.497,-6.11,0.949,163.613,1.05466
3670,293600.0,1,0.5315636992454529,0.4659019708633423,0.18915,0.00014598265988752246,-21.985,-5.741,0.645,163.515,1.05484
3671,293680.0,1,0.6583660840988159,0.6864302158355713,0.10837,0.00027931632939726114,-22.369,-5.863,0.762,163.272,1.0559
3672,293760.0,1,0.6315969228744507,0.6221211552619934,0.13659,0.00023003951355349272,-22.401,-5.823,0.781,163.138,1.05594
3673,293840.0,1,0.4549540579319,0.501255989074707,0.19681,0.00013323109305929393,-22.263,-5.863,0.759,163.172,1.05595
3674,293920.0,1,0.22190243005752563,0.291360080242157,0.2571,0.00010581916285445914,-22.126,-5.62,0.727,163.189,1.05607
3675,294000.0,1,0.1519419103860855,0.20771318674087524,0.27172,8.331883873324841e-05,-22.05,-5.641,0.87,163.126,1.05628
3676,294080.0,1,0.13439060747623444,0.1783803105354309,0.2772,8.039354725042358e-05,-22.195,-5.739,0.922,163.224,1.05566
3677,294160.0,1,0.0994853526353836,0.13971549272537231,0.28789,8.113783405860886e-05,-21.969,-5.803,1.035,163.221,1.05564
3678,294240.0,1,0.09484481811523438,0.1326880156993866,0.29237,8.236007852246985e-05,-21.976,-5.836,1.046,163.286,1.05552
3679,294320.0,1,0.0988137274980545,0.1263367235660553,0.29329,7.213283242890611e-05,-21.99,-5.828,1.06,163.269,1.05564
3680,294400.0,1,0.09956826269626617,0.12167580425739288,0.29476,6.806104647694156e-05,-22.129,-5.866,1.184,163.276,1.05531
3681,294480.0,1,0.10102806240320206,0.12164147198200226,0.29406,6.629813287872821e-05,-22.148,-5.858,1.15,163.226,1.05528
3682,294560.0,1,0.10171859711408615,0.12383688241243362,0.29383,6.409874913515523e-05,-22.043,-5.81,1.122,163.293,1.0552
3683,294640.0,1,0.10256079584360123,0.12306617200374603,0.29363,6.901105371071026e-05,-22.08,-5.819,1.149,163.22,1.05533
3684,294720.0,1,0.08735334128141403,0.09358037263154984,0.30203,7.751482917228714e-05,-22.113,-5.931,1.158,163.218,1.05537
3685,294800.0,1,0.08083872497081757,0.07999568432569504,0.30617,6.432439113268629e-05,-22.056,-5.999,1.255,163.184,1.05549
3686,294880.0,1,0.08098659664392471,0.0806392952799797,0.30634,5.821000013384037e-05,-22.052,-6.005,1.366,163.216,1.05525
3687,294960.0,1,0.08069450408220291,0.08145536482334137,0.30674,6.012936501065269e-05,-22.024,-5.986,1.38,163.289,1.05485
3688,295040.0,1,0.08499397337436676,0.08561603724956512,0.30589,6.085510176490061e-05,-21.905,-6.01,1.379,163.225,1.05495
3689,295120.0,1,0.08542803674936295,0.08727829903364182,0.30577,6.240380753297359e-05,-21.9,-6.012,1.381,163.164,1.05539
3690,295200.0,1,0.08362333476543427,0.08701758086681366,0.30609,6.650944123975933e-05,-21.871,-5.975,1.373,163.237,1.05483
3691,295280.0,1,0.08289162814617157,0.0876396894454956,0.30625,6.361990381265059e-05,-21.846,-5.921,1.37,163.182,1.05519
3692,295360.0,1,0.0852716863155365,0.09005094319581985,0.30546,5.754481753683649e-05,-21.858,-5.92,1.337,163.235,1.05474
3693,295440.0,1,0.08798237144947052,0.09436427056789398,0.3047,6.287271389737725e-05,-21.671,-6.119,1.344,163.251,1.05463
3694,295520.0,1,0.08776101469993591,0.09599964320659637,0.30501,6.484648474724963e-05,-21.829,-6.169,1.358,163.3,1.05491
3695,295600.0,1,0.086416095495224,0.09854239970445633,0.30565,7.201399421319366e-05,-21.942,-6.134,1.252,163.348,1.05463
3696,295680.0,1,0.07164473086595535,0.08415985852479935,0.31219,6.45350810373202e-05,-21.895,-6.13,1.151,163.419,1.05448
3697,295760.0,1,0.06387125700712204,0.07974842190742493,0.31377,6.556978769367561e-05,-21.914,-6.097,1.083,163.417,1.05447
3698,295840.0,1,0.07176373898983002,0.08542568236589432,0.30826,6.483999459305778e-05,-21.931,-6.104,1.068,163.51,1.0545
3699,295920.0,1,0.07269401103258133,0.08745875209569931,0.30632,6.41534206806682e-05,-21.978,-6.016,1.025,163.506,1.05478
3700,296000.0,1,0.07489125430583954,0.08932135254144669,0.30508,6.546302029164508e-05,-21.913,-5.943,1.051,163.564,1.0549
3701,296080.0,1,0.07725660502910614,0.0899086445569992,0.30407,6.280536035774276e-05,-21.823,-5.952,1.021,163.533,1.05427
3702,296160.0,1,0.15029731392860413,0.13560344278812408,0.27994,6.213802407728508e-05,-21.799,-5.903,0.934,163.566,1.05451
3703,296240.0,1,0.6093522310256958,0.48997122049331665,0.17255,0.00011098159302491695,-22.779,-5.951,0.801,163.53,1.05469
3704,296320.0,1,0.5953712463378906,0.4584144055843353,0.18146,0.0001030353014357388,-22.535,-5.913,0.83,163.529,1.05501
3705,296400.0,1,0.4275447428226471,0.36695581674575806,0.21992,7.888699474278837e-05,-22.442,-5.921,0.879,163.471,1.05455
3706,296480.0,1,0.2585962116718292,0.2339814007282257,0.2567,6.587613461306319e-05,-22.284,-5.926,0.95,163.472,1.05427
3707,296560.0,1,0.18132071197032928,0.18945705890655518,0.27193,6.095675053074956e-05,-22.27,-5.949,0.996,163.423,1.05426
3708,296640.0,1,0.11827663332223892,0.14550839364528656,0.28819,6.949048838578165e-05,-22.309,-5.965,1.016,163.349,1.05486
3709,296720.0,1,0.10753847658634186,0.14026962220668793,0.29102,6.71956513542682e-05,-22.217,-6.041,1.048,163.332,1.05457
3710,296800.0,1,0.09291347861289978,0.1261826902627945,0.29999,0.00010136997298104689,-21.985,-6.103,1.146,163.5,1.05473
3711,296880.0,1,0.08414790779352188,0.10986506938934326,0.30289,8.563771552871913e-05,-22.113,-6.133,1.248,163.396,1.05488
3712,296960.0,1,0.08104488253593445,0.10569502413272858,0.30375,8.402264938922599e-05,-22.121,-6.114,1.264,163.462,1.05487
3713,297040.0,1,0.08037016540765762,0.10323736816644669,0.30531,8.337137842318043e-05,-22.188,-6.104,1.296,163.534,1.05456
3714,297120.0,1,0.08154544234275818,0.10292641073465347,0.30496,7.849745452404022e-05,-22.188,-6.067,1.292,163.548,1.0546
3715,297200.0,1,0.08197693526744843,0.10179489850997925,0.30432,7.805854693287984e-05,-22.228,-6.026,1.286,163.477,1.05481
3716,297280.0,1,0.08944665640592575,0.11253796517848969,0.30231,9.24600099097006e-05,-22.408,-5.99,1.208,163.303,1.05662
3717,297360.0,1,0.805658757686615,0.763742208480835,0.06404,0.00015804453869350255,-24.395,-5.816,0.604,163.227,1.05755
3718,297440.0,1,0.7595109939575195,0.7362782955169678,0.06222,0.00020800325728487223,-23.968,-5.975,0.695,163.177,1.05845
3719,297520.0,1,0.4177032709121704,0.4366208612918854,0.1926,0.00014413036115001887,-23.222,-5.906,0.877,163.123,1.05852
3720,297600.0,1,0.18372371792793274,0.24367183446884155,0.25952,0.00010559499060036615,-22.586,-5.937,1.294,163.031,1.05881
3721,297680.0,1,0.13201741874217987,0.17806360125541687,0.27955,9.521877655060962e-05,-22.342,-5.727,1.348,163.045,1.05879
3722,297760.0,1,0.1342869997024536,0.1580284684896469,0.28128,0.0001140929089160636,-21.982,-5.713,1.457,163.17,1.05846
3723,297840.0,1,0.11570364981889725,0.14014066755771637,0.285,0.00011344880476826802,-21.992,-5.709,1.456,163.069,1.05876
3724,297920.0,1,0.12011828273534775,0.13127459585666656,0.28452,0.00011249865201534703,-21.872,-5.787,1.468,163.129,1.05871
3725,298000.0,1,0.10580969601869583,0.1139393001794815,0.29017,0.00011535895464476198,-21.809,-5.841,1.495,163.082,1.05836
3726,298080.0,1,0.10614954680204391,0.1117357537150383,0.29018,0.0001088547651306726,-21.646,-5.882,1.48,163.143,1.05855
3727,298160.0,1,0.09658215939998627,0.10363908857107162,0.29451,9.609042899683118e-05,-21.66,-5.866,1.415,163.102,1.05883
3728,298240.0,1,0.09701743721961975,0.10451163351535797,0.29489,8.318181789945811e-05,-21.644,-5.848,1.354,163.19,1.05856
3729,298320.0,1,0.0956246629357338,0.10468035936355591,0.29497,8.389934373553842e-05,-21.647,-5.831,1.265,163.162,1.05857
3730,298400.0,1,0.09356967359781265,0.10206759721040726,0.2967,8.099290425889194e-05,-21.663,-5.861,1.204,163.2,1.05869
3731,298480.0,1,0.09128042310476303,0.10320733487606049,0.29694,8.4818406321574e-05,-21.647,-5.893,1.066,163.25,1.05887
3732,298560.0,1,0.0747932568192482,0.08150411397218704,0.30771,6.650538125541061e-05,-21.375,-5.976,0.967,163.425,1.05856
3733,298640.0,1,0.06591588258743286,0.08352770656347275,0.31051,9.921308082994074e-05,-21.317,-5.998,0.918,163.341,1.05918
3734,298720.0,1,0.07172742486000061,0.08724447339773178,0.30858,0.00010051272693090141,-21.355,-6.019,0.982,163.441,1.05916
3735,298800.0,1,0.07506063580513,0.08742282539606094,0.3068,9.734776540426537e-05,-21.303,-6.067,0.981,163.405,1.05892
3736,298880.0,1,0.08397156745195389,0.08956699818372726,0.30348,9.916436829371378e-05,-21.318,-6.118,1.006,163.496,1.05881
3737,298960.0,1,0.08664459735155106,0.09480300545692444,0.30152,9.944447810994461e-05,-21.446,-6.006,1.019,163.436,1.05927
3738,299040.0,1,0.09938903898000717,0.10247155278921127,0.29637,9.302699618274346e-05,-21.785,-6.008,0.977,163.485,1.05929
3739,299120.0,1,0.6141670346260071,0.6366738080978394,0.13454,0.00020423196838237345,-22.377,-5.997,0.59,163.591,1.05917
3740,299200.0,1,0.5954328775405884,0.6191534399986267,0.13667,0.00028675675275735557,-22.849,-6.016,0.918,163.683,1.0594
3741,299280.0,1,0.5409083366394043,0.5939861536026001,0.16292,0.00022148396237753332,-22.862,-5.985,0.921,163.529,1.05967
3742,299360.0,1,0.3468596637248993,0.4001442790031433,0.22699,0.00012852335930801928,-22.473,-5.922,0.964,163.503,1.05938
3743,299440.0,1,0.18525521457195282,0.27042239904403687,0.26755,0.00010260193084832281,-21.947,-5.827,0.994,163.382,1.05974
3744,299520.0,1,0.12736128270626068,0.16437503695487976,0.28669,9.586738451616839e-05,-21.863,-5.745,0.933,163.133,1.06071
3745,299600.0,1,0.11390532553195953,0.1365545690059662,0.29081,9.625915845390409e-05,-21.794,-5.776,0.923,163.153,1.06037
3746,299680.0,1,0.16582529246807098,0.16452190279960632,0.26844,0.00012709781003650278,-21.931,-5.75,0.783,163.288,1.06037
3747,299760.0,1,0.8329932689666748,0.7922449111938477,0.03792,0.00020630107610486448,-23.473,-5.563,0.56,163.446,1.06033
3748,299840.0,1,0.7442543506622314,0.7333688735961914,0.06962,0.00033778310171328485,-23.371,-5.771,0.73,163.484,1.06014
3749,299920.0,1,0.404723584651947,0.44809380173683167,0.2039,0.00021655313321389258,-22.614,-5.619,0.925,163.308,1.06046
3750,300000.0,1,0.17716065049171448,0.18934322893619537,0.27606,0.00014049002493266016,-22.184,-5.77,1.095,163.354,1.06002
3751,300080.0,1,0.12303543090820312,0.13820615410804749,0.29121,9.313040209235623e-05,-22.023,-5.778,1.108,163.228,1.06042
3752,300160.0,1,0.1254025399684906,0.13394494354724884,0.29248,8.423555846093222e-05,-21.627,-5.696,0.883,163.542,1.05886
3753,300240.0,1,0.1258786916732788,0.12729276716709137,0.29368,7.954176544444636e-05,-21.589,-5.754,0.933,164.078,1.05653
3754,300320.0,1,0.12114177644252777,0.12397123873233795,0.29417,7.943451055325568e-05,-21.557,-5.776,1.015,164.214,1.05602
3755,300400.0,1,0.12416966259479523,0.13027314841747284,0.29263,8.267491648439318e-05,-21.589,-5.812,1.049,164.234,1.0558
3756,300480.0,1,0.12543785572052002,0.1329362988471985,0.29285,8.053250348893926e-05,-21.636,-5.834,1.04,164.252,1.05501
3757,300560.0,1,0.12296838313341141,0.13467592000961304,0.29292,8.407138375332579e-05,-21.622,-5.819,0.998,164.188,1.05515
3758,300640.0,1,0.12151070684194565,0.13417914509773254,0.29314,8.345473179360852e-05,-21.526,-5.87,0.979,164.224,1.05513
3759,300720.0,1,0.07907815277576447,0.10334225744009018,0.30746,8.339617488672957e-05,-21.576,-5.844,1.057,164.055,1.05561
3760,300800.0,1,0.08552785217761993,0.09741106629371643,0.30624,7.395851571345702e-05,-21.493,-5.874,1.206,164.044,1.05544
3761,300880.0,1,0.08803063631057739,0.1013815626502037,0.30481,6.734107591910288e-05,-21.176,-5.811,1.153,163.954,1.05542
3762,300960.0,1,0.08804051578044891,0.10151612758636475,0.30384,6.44202227704227e-05,-20.932,-5.861,1.188,163.969,1.05563
3763,301040.0,1,0.09042274206876755,0.10736853629350662,0.30115,6.424610910471529e-05,-20.89,-5.887,1.093,163.898,1.05335
3764,301120.0,1,0.09302613884210587,0.10904292017221451,0.29956,6.025656693964265e-05,-20.911,-5.909,1.107,163.966,1.05222
3765,301200.0,1,0.09273330122232437,0.1110634133219719,0.29863,6.189294799696654e-05,-21.146,-5.961,1.09,163.94,1.05205
3766,301280.0,1,0.0931820496916771,0.10910733044147491,0.2973,5.884951679036021e-05,-21.15,-5.933,1.129,164.038,1.05156
3767,301360.0,1,0.09646490961313248,0.11902938038110733,0.29479,5.6133769248845056e-05,-21.131,-5.934,1.139,163.976,1.05162
3768,301440.0,1,0.7683963775634766,0.7391295433044434,0.06978,0.00018565468781162053,-22.499,-5.495,0.469,163.953,1.0524
3769,301520.0,1,0.6295068860054016,0.6505855917930603,0.11358,0.0002809691068250686,-22.49,-5.561,0.733,163.938,1.05256
3770,301600.0,1,0.4705047309398651,0.4543648660182953,0.18663,0.00021587016817647964,-22.502,-5.585,0.734,163.998,1.05229
3771,301680.0,1,0.2846379578113556,0.2927536368370056,0.24424,0.00013278136611916125,-22.345,-5.778,0.753,163.977,1.05232
3772,301760.0,1,0.16052056849002838,0.16250325739383698,0.27338,9.914489055518061e-05,-22.097,-5.797,0.759,164.006,1.05224
3773,301840.0,1,0.11148011684417725,0.1287723034620285,0.28619,9.148972458206117e-05,-21.97,-5.78,0.816,163.951,1.0522
3774,301920.0,1,0.11254095286130905,0.13234037160873413,0.28715,9.018024138640612e-05,-21.764,-5.868,0.897,163.976,1.05182
3775,302000.0,1,0.09714702516794205,0.10934878140687943,0.29643,8.825806435197592e-05,-21.496,-5.824,0.763,163.901,1.05211
3776,302080.0,1,0.09379829466342926,0.10568098723888397,0.29865,8.598959539085627e-05,-21.49,-5.815,0.727,163.927,1.05204
3777,302160.0,1,0.09479204565286636,0.10583915561437607,0.29863,8.391927258344367e-05,-21.473,-5.841,0.738,163.832,1.05215
3778,302240.0,1,0.09655104577541351,0.10384592413902283,0.29813,8.135965617839247e-05,-21.455,-5.851,0.813,163.904,1.05196
3779,302320.0,1,0.09575267136096954,0.09996407479047775,0.29784,8.243063348345459e-05,-21.585,-5.903,0.858,163.82,1.05224
3780,302400.0,1,0.08651135116815567,0.08947440981864929,0.30306,7.164043199736625e-05,-21.624,-5.84,0.908,163.796,1.05253
3781,302480.0,1,0.08668368309736252,0.08628099411725998,0.30379,6.702842802042142e-05,-21.592,-5.845,0.921,163.812,1.05239
3782,302560.0,1,0.08631806075572968,0.08375672250986099,0.30389,6.395409582182765e-05,-21.597,-5.82,0.926,163.88,1.05209
3783,302640.0,1,0.0868319422006607,0.08410707116127014,0.30362,7.017900497885421e-05,-21.6,-5.83,0.896,163.833,1.05227
3784,302720.0,1,0.08655968308448792,0.08375954627990723,0.30375,7.702063157921657e-05,-21.386,-5.899,0.896,163.885,1.05224
3785,302800.0,1,0.08853774517774582,0.08462774008512497,0.30319,7.239152182592079e-05,-21.382,-5.9,0.904,163.818,1.05244
3786,302880.0,1,0.09012752771377563,0.08919362723827362,0.30217,7.724033639533445e-05,-21.435,-5.93,0.906,163.869,1.0525
3787,302960.0,1,0.08954653888940811,0.0895206555724144,0.3021,8.173650712706149e-05,-21.374,-5.912,0.906,163.821,1.05242
3788,303040.0,1,0.08333074301481247,0.08329084515571594,0.30536,8.879063534550369e-05,-21.371,-5.924,0.92,163.815,1.05252
3789,303120.0,1,0.08349022269248962,0.08414877206087112,0.30625,8.23215304990299e-05,-21.644,-5.974,1.035,163.71,1.05265
3790,303200.0,1,0.08804335445165634,0.08486127108335495,0.30454,7.818384619895369e-05,-21.715,-6.057,1.057,163.778,1.05283
3791,303280.0,1,0.08559771627187729,0.08391531556844711,0.30395,7.29420644347556e-05,-21.75,-6.077,1.026,163.76,1.05268
3792,303360.0,1,0.056424085050821304,0.06373616307973862,0.31881,7.800006278557703e-05,-21.751,-6.072,1.067,163.613,1.05377
3793,303440.0,1,0.055701322853565216,0.06557338684797287,0.31874,7.834863936295733e-05,-21.695,-6.108,1.03,163.073,1.05563
3794,303520.0,1,0.07170286774635315,0.07233810424804688,0.3112,8.422110113315284e-05,-21.738,-6.098,1.035,163.045,1.05628
3795,303600.0,1,0.14461123943328857,0.17042386531829834,0.28374,8.925984002416953e-05,-22.131,-5.954,1.283,163.037,1.05622
3796,303680.0,1,0.1428229808807373,0.16234171390533447,0.28536,9.08458823687397e-05,-22.112,-5.922,1.345,163.048,1.05654
3797,303760.0,1,0.13688483834266663,0.15716475248336792,0.28614,9.747055446496233e-05,-21.997,-5.947,1.381,163.017,1.0568
3798,303840.0,1,0.5904778838157654,0.4370189309120178,0.17787,0.00017602731531951576,-22.708,-5.837,0.978,163.102,1.05656
3799,303920.0,1,0.8615151643753052,0.8104301691055298,0.02386,0.0002559059066697955,-24.092,-6.029,0.979,163.116,1.05596
3800,304000.0,1,0.7602717876434326,0.7190191745758057,0.07946,0.00033963838359341025,-24.2,-6.239,1.012,163.165,1.05612
3801,304080.0,1,0.44442272186279297,0.4972839653491974,0.18181,0.00027449577464722097,-24.139,-6.424,1.008,163.109,1.05613
3802,304160.0,1,0.21496576070785522,0.26191332936286926,0.2471,0.00015121932665351778,-23.675,-6.333,0.973,163.215,1.05582
3803,304240.0,1,0.16478905081748962,0.18043020367622375,0.26566,0.00012302285176701844,-23.581,-6.345,0.914,163.136,1.05609
3804,304320.0,1,0.16278885304927826,0.16349448263645172,0.27054,7.71032355260104e-05,-23.169,-6.187,0.978,163.202,1.05513
3805,304400.0,1,0.15654084086418152,0.16183383762836456,0.27419,7.871236448409036e-05,-22.949,-6.228,1.008,163.175,1.05511
3806,304480.0,1,0.1560172736644745,0.16438227891921997,0.27615,8.346539834747091e-05,-22.802,-6.22,1.061,163.226,1.05502
3807,304560.0,1,0.17432722449302673,0.17317651212215424,0.27443,0.00010578678484307602,-22.851,-6.283,1.135,163.166,1.05517
3808,304640.0,1,0.1955224871635437,0.19424204528331757,0.26916,9.932374086929485e-05,-22.682,-6.274,0.985,163.17,1.05514
3809,304720.0,1,0.19656361639499664,0.19217868149280548,0.26908,8.061472180997953e-05,-22.581,-6.231,1.018,163.065,1.05547
3810,304800.0,1,0.19811978936195374,0.1953505426645279,0.26886,7.982693932717666e-05,-22.438,-6.238,0.997,163.1,1.05588
3811,304880.0,1,0.198225736618042,0.1965348720550537,0.26881,7.601884135510772e-05,-22.42,-6.264,0.973,163.09,1.05539
3812,304960.0,1,0.2145359367132187,0.22132942080497742,0.26512,8.289248216897249e-05,-22.387,-6.316,0.916,163.124,1.05553
3813,305040.0,1,0.2162998467683792,0.22742140293121338,0.26445,8.313336729770526e-05,-22.419,-6.459,0.896,163.032,1.05541
3814,305120.0,1,0.21286970376968384,0.22410398721694946,0.26418,7.393750274786726e-05,-22.38,-6.542,0.883,163.044,1.0551
3815,305200.0,1,0.21155677735805511,0.22219666838645935,0.26419,7.64504584367387e-05,-22.28,-6.538,0.848,163.005,1.05542
3816,305280.0,1,0.197900652885437,0.24309419095516205,0.26938,7.935652683954686e-05,-21.249,-6.188,0.994,162.915,1.0554
3817,305360.0,1,0.1681021749973297,0.20586907863616943,0.27558,8.469402382615954e-05,-20.814,-6.176,1.104,162.921,1.05524
3818,305440.0,1,0.1526671051979065,0.19623872637748718,0.27898,9.240659710485488e-05,-20.603,-6.084,1.105,163.066,1.05511
3819,305520.0,1,0.140363872051239,0.17770282924175262,0.28361,8.417197386734188e-05,-20.31,-5.897,1.095,162.987,1.05552
3820,305600.0,1,0.13986000418663025,0.17021413147449493,0.28314,7.689734775340185e-05,-20.295,-5.718,1.184,163.022,1.05552
3821,305680.0,1,0.13012579083442688,0.16687537729740143,0.28493,8.069132309174165e-05,-20.321,-5.696,1.254,162.977,1.05534
3822,305760.0,1,0.12829789519309998,0.16225337982177734,0.2847,7.104771793819964e-05,-20.364,-5.68,1.326,163.004,1.05485
3823,305840.0,1,0.12119536846876144,0.15290983021259308,0.28587,7.758374704280868e-05,-20.342,-5.721,1.416,162.945,1.05491
3824,305920.0,1,0.12180720269680023,0.15398044884204865,0.28573,7.61509727453813e-05,-20.352,-5.809,1.443,162.977,1.05496
3825,306000.0,1,0.1226738840341568,0.15431146323680878,0.28632,7.538050704170018e-05,-20.283,-5.8,1.444,162.904,1.05511
3826,306080.0,1,0.12274082005023956,0.15416687726974487,0.28643,7.017626194283366e-05,-20.279,-5.828,1.415,162.951,1.05496
3827,306160.0,1,0.1216731145977974,0.15449653565883636,0.2865,7.484294474124908e-05,-20.328,-5.847,1.381,162.891,1.05518
3828,306240.0,1,0.11663710325956345,0.15773926675319672,0.28689,7.122069655451924e-05,-20.662,-5.972,1.254,162.923,1.05498
3829,306320.0,1,0.11445890367031097,0.15121355652809143,0.28716,8.284008799819276e-05,-20.775,-6.005,1.338,162.904,1.05512
3830,306400.0,1,0.11442374438047409,0.14673684537410736,0.28808,7.755836850265041e-05,-20.894,-5.975,1.393,163.002,1.05495
3831,306480.0,1,0.12642733752727509,0.14129632711410522,0.28692,6.89057051204145e-05,-20.989,-6.011,1.354,162.972,1.05519
3832,306560.0,1,0.1273251473903656,0.14315226674079895,0.28649,6.992668932070956e-05,-21.052,-6.044,1.386,163.041,1.05496
3833,306640.0,1,0.12586966156959534,0.14098025858402252,0.28667,7.206854206742719e-05,-21.254,-6.034,1.339,163.033,1.05531
3834,306720.0,1,0.13071930408477783,0.1440802961587906,0.28523,7.48192542232573e-05,-21.266,-5.915,1.271,163.124,1.05507
3835,306800.0,1,0.1312193125486374,0.1469215750694275,0.28502,7.422062481055036e-05,-21.47,-5.934,1.271,163.1,1.0551
3836,306880.0,1,0.1322135329246521,0.1484609693288803,0.28483,7.078472117427737e-05,-21.439,-5.909,1.278,163.58,1.05292
3837,306960.0,1,0.12318047136068344,0.14148873090744019,0.28808,6.654719618381932e-05,-21.52,-5.89,1.228,163.891,1.05109
3838,307040.0,1,0.1283164769411087,0.1417558640241623,0.28706,6.686192500637844e-05,-21.577,-5.954,1.177,163.99,1.05046
3839,307120.0,1,0.13324198126792908,0.141622394323349,0.28484,7.30806277715601e-05,-21.565,-5.971,1.188,163.99,1.05039
3840,307200.0,1,0.10673859715461731,0.12667901813983917,0.29235,5.467273513204418e-05,-21.611,-5.985,1.194,164.014,1.04995
3841,307280.0,1,0.10298345983028412,0.12393634766340256,0.29344,5.8484751207288355e-05,-21.554,-6.01,1.172,163.973,1.05021
3842,307360.0,1,0.10102850198745728,0.12511348724365234,0.29324,6.435955583583564e-05,-21.517,-6.015,1.165,163.988,1.04991
3843,307440.0,1,0.09995003044605255,0.12407460808753967,0.29301,6.27736808382906e-05,-21.522,-5.974,1.149,163.922,1.04999
3844,307520.0,1,0.09830073267221451,0.1287284791469574,0.29251,7.259676931425929e-05,-21.633,-5.951,1.144,163.973,1.04979
3845,307600.0,1,0.09899948537349701,0.13045459985733032,0.29167,7.389090023934841e-05,-21.677,-5.97,1.169,163.848,1.04983
3846,307680.0,1,0.09914202243089676,0.1296238899230957,0.29158,7.409743557218462e-05,-21.765,-6.005,1.192,163.84,1.05007
3847,307760.0,1,0.10003931075334549,0.1304318755865097,0.29138,7.317183190025389e-05,-21.756,-6.004,1.211,163.79,1.05024
3848,307840.0,1,0.1001565158367157,0.12679217755794525,0.29123,7.211913907667622e-05,-21.647,-6.127,1.296,163.822,1.0504
3849,307920.0,1,0.10209047794342041,0.1307535618543625,0.29019,7.006592932157218e-05,-21.726,-6.181,1.364,163.76,1.05075
3850,308000.0,1,0.10434170067310333,0.13323089480400085,0.28913,7.380984607152641e-05,-21.881,-6.193,1.405,163.721,1.05093
3851,308080.0,1,0.1086462140083313,0.13020482659339905,0.29036,8.009657176444307e-05,-21.906,-6.228,1.614,163.655,1.05116
3852,308160.0,1,0.10253556817770004,0.12434140592813492,0.29196,5.950356353423558e-05,-21.704,-6.127,1.452,163.643,1.05105
3853,308240.0,1,0.10233210772275925,0.11593645811080933,0.29265,5.831117232446559e-05,-21.706,-5.98,1.464,163.643,1.05106
3854,308320.0,1,0.10255911201238632,0.11229993402957916,0.29382,6.276859494391829e-05,-21.585,-5.887,1.399,163.663,1.05131
3855,308400.0,1,0.10211967676877975,0.11423017829656601,0.29335,6.43804160063155e-05,-21.507,-5.85,1.366,163.577,1.05132
3856,308480.0,1,0.10257336497306824,0.11392079293727875,0.29307,6.656064215349033e-05,-21.486,-5.869,1.362,163.605,1.05152
3857,308560.0,1,0.10370919108390808,0.11443737149238586,0.29271,7.047013059491292e-05,-21.479,-5.883,1.353,163.593,1.05169
3858,308640.0,1,0.10165458917617798,0.11333243548870087,0.29224,7.725912291789427e-05,-21.436,-5.862,1.347,163.638,1.0518
3859,308720.0,1,0.09858951717615128,0.11280544102191925,0.29258,8.395584882237017e-05,-21.415,-5.828,1.326,163.586,1.05207
3860,308800.0,1,0.09544143080711365,0.11188817024230957,0.29256,9.59892277023755e-05,-21.355,-5.829,1.341,163.63,1.05185
3861,308880.0,1,0.0933060497045517,0.11064979434013367,0.29275,0.0001076363623724319,-21.365,-5.813,1.336,163.562,1.05217
3862,308960.0,1,0.09452485293149948,0.10855334252119064,0.29311,0.00010853861749637872,-21.345,-5.647,1.329,163.588,1.05211
3863,309040.0,1,0.0950554832816124,0.10768803209066391,0.29309,0.0001105005867430009,-21.526,-5.616,1.338,163.534,1.05231
3864,309120.0,1,0.09887842833995819,0.1030438244342804,0.29306,9.257142664864659e-05,-21.568,-5.708,1.474,163.444,1.05287
3865,309200.0,1,0.0996696874499321,0.10313738137483597,0.29347,7.971093873493373e-05,-21.748,-5.91,1.555,163.4,1.05292
3866,309280.0,1,0.10508845001459122,0.10676288604736328,0.29259,7.363823533523828e-05,-21.93,-5.942,1.492,163.399,1.05326
3867,309360.0,1,0.10834736377000809,0.11688372492790222,0.29116,6.545920768985525e-05,-22.06,-6.019,1.464,163.284,1.05357
3868,309440.0,1,0.11449608206748962,0.1262967586517334,0.28946,6.0245994973229244e-05,-22.062,-6.056,1.42,163.368,1.05351
3869,309520.0,1,0.5804991722106934,0.47725385427474976,0.17288,0.00010663010471034795,-22.78,-6.114,0.91,163.294,1.05351
3870,309600.0,1,0.7549402117729187,0.681944727897644,0.08911,0.00015888978668954223,-22.786,-6.083,0.84,163.328,1.0545
3871,309680.0,1,0.5610173940658569,0.5828538537025452,0.15308,0.00011835515761049464,-22.34,-6.025,0.92,163.388,1.05362
3872,309760.0,1,0.2769041359424591,0.32529062032699585,0.24716,7.848900713725016e-05,-22.165,-5.883,1.031,163.337,1.05378
3873,309840.0,1,0.12888062000274658,0.17831747233867645,0.28351,6.169117841636762e-05,-21.98,-5.835,1.231,163.232,1.05412
3874,309920.0,1,0.10772042721509933,0.1336253136396408,0.29272,5.474828867590986e-05,-21.861,-5.85,1.332,163.226,1.05422
3875,310000.0,1,0.09469868987798691,0.11750635504722595,0.29859,5.32778212800622e-05,-21.699,-5.808,1.388,163.133,1.05465
3876,310080.0,1,0.09791844338178635,0.12277237325906754,0.29676,5.528910696739331e-05,-20.982,-5.901,1.274,163.033,1.05527
3877,310160.0,1,0.09831511229276657,0.11767660826444626,0.2978,4.562442336464301e-05,-21.17,-6.024,1.309,163.005,1.0551
3878,310240.0,1,0.0963003933429718,0.11499159038066864,0.29642,4.297542545828037e-05,-21.15,-6.014,1.281,163.025,1.05553
3879,310320.0,1,0.092892125248909,0.11198268085718155,0.29631,4.6272918552858755e-05,-21.253,-6.08,1.247,162.703,1.05755
3880,310400.0,1,0.09409815073013306,0.11126156896352768,0.2957,4.646132583729923e-05,-21.234,-6.113,1.249,162.653,1.05912
3881,310480.0,1,0.09253646433353424,0.11159928888082504,0.29685,4.463623554329388e-05,-21.174,-6.098,1.311,162.578,1.05974
3882,310560.0,1,0.09255480766296387,0.10464838892221451,0.29836,4.2447562009328976e-05,-21.137,-6.112,1.371,162.618,1.05963
3883,310640.0,1,0.09361020475625992,0.10616890341043472,0.29857,4.250146957929246e-05,-21.137,-6.149,1.362,162.57,1.05995
3884,310720.0,1,0.09520572423934937,0.108106330037117,0.29784,3.970601028413512e-05,-21.117,-6.135,1.342,162.625,1.05987
3885,310800.0,1,0.08765265345573425,0.1014287918806076,0.30046,3.9619928429601714e-05,-21.222,-6.155,1.394,162.574,1.05964
3886,310880.0,1,0.08401595801115036,0.09679645299911499,0.30142,3.8477053749375045e-05,-21.216,-6.154,1.422,162.601,1.0594
3887,310960.0,1,0.08286578953266144,0.0926082655787468,0.30161,3.813124567386694e-05,-21.2,-6.159,1.432,162.603,1.05942
3888,311040.0,1,0.0797843411564827,0.08826649188995361,0.30384,3.943860428989865e-05,-21.23,-6.17,1.366,162.614,1.05909
3889,311120.0,1,0.0732230618596077,0.08392111957073212,0.30612,4.0913659177022055e-05,-21.192,-6.162,1.333,162.636,1.05907
3890,311200.0,1,0.06548921018838882,0.07380089908838272,0.3114,3.9805836422601715e-05,-21.059,-6.117,1.256,162.708,1.05883
3891,311280.0,1,0.02625368908047676,0.04342079162597656,0.33664,4.26076767325867e-05,-20.711,-6.086,1.252,162.683,1.05889
3892,311360.0,1,0.023606199771165848,0.039316918700933456,0.34111,4.4297583372099325e-05,-20.545,-6.119,1.308,162.95,1.05881
3893,311440.0,1,0.03961966931819916,0.04602820798754692,0.33166,4.8846322897588834e-05,-20.838,-6.009,1.205,163.102,1.05917
3894,311520.0,1,0.7383097410202026,0.6085708141326904,0.12256,0.00010655997903086245,-22.979,-5.635,1.034,163.299,1.0591
3895,311600.0,1,0.605461597442627,0.4698895215988159,0.17952,8.713446732144803e-05,-22.819,-5.706,1.067,163.297,1.05899
3896,311680.0,1,0.21519139409065247,0.22129032015800476,0.27033,6.158291216706857e-05,-22.511,-5.805,1.217,163.372,1.05876
3897,311760.0,1,0.08133101463317871,0.09633181244134903,0.31372,5.838272409164347e-05,-22.52,-5.91,1.37,163.369,1.05859
3898,311840.0,1,0.06276644021272659,0.080169677734375,0.32093,5.685903670382686e-05,-22.429,-5.898,1.357,163.461,1.05875
3899,311920.0,1,0.06144311651587486,0.07656122744083405,0.32117,5.94381672271993e-05,-22.444,-5.939,1.296,163.332,1.0589
3900,312000.0,1,0.05593244358897209,0.07409723848104477,0.32062,5.901570330024697e-05,-22.141,-6.089,1.259,163.18,1.05805
3901,312080.0,1,0.0384434312582016,0.05742143839597702,0.33234,6.112398114055395e-05,-22.089,-6.073,1.302,163.086,1.05796
3902,312160.0,1,0.03846767544746399,0.05634268745779991,0.33164,5.918466194998473e-05,-21.944,-6.024,1.251,163.135,1.05783
3903,312240.0,1,0.04652688279747963,0.062044791877269745,0.32614,5.847833745065145e-05,-22.527,-6.189,1.129,163.087,1.05781
3904,312320.0,1,0.06256013363599777,0.08001185953617096,0.31579,5.635587513097562e-05,-22.611,-6.239,1.079,163.153,1.05738
3905,312400.0,1,0.07191140949726105,0.08525264263153076,0.31142,5.1911167247453704e-05,-22.664,-6.235,1.039,163.096,1.05742
3906,312480.0,1,0.07031853497028351,0.08252348750829697,0.311,5.5990116379689425e-05,-22.689,-6.195,0.956,163.134,1.0572
3907,312560.0,1,0.06961804628372192,0.08225410431623459,0.31081,6.35655815131031e-05,-22.682,-6.136,1.036,163.038,1.05751
3908,312640.0,1,0.087051622569561,0.09848561882972717,0.30452,7.243176514748484e-05,-22.636,-6.157,0.96,163.027,1.05749
3909,312720.0,1,0.6193958520889282,0.6624228358268738,0.13901,0.00017470799502916634,-22.792,-5.97,0.564,162.974,1.05801
3910,312800.0,1,0.5798934698104858,0.6045309901237488,0.1516,0.0002759052731562406,-21.765,-6.119,0.631,162.977,1.05812
3911,312880.0,1,0.29039424657821655,0.34510156512260437,0.24449,0.00018740782979875803,-21.495,-5.944,0.814,162.871,1.05814
3912,312960.0,1,0.09938199818134308,0.1573244333267212,0.29165,0.00011997024557786062,-21.283,-5.973,1.084,162.826,1.05825
3913,313040.0,1,0.09860671311616898,0.1423020213842392,0.29255,9.426034375792369e-05,-21.102,-5.92,1.067,162.846,1.05825
3914,313120.0,1,0.10421857982873917,0.13718406856060028,0.29069,8.153418457368389e-05,-21.003,-5.896,1.144,162.914,1.05811
3915,313200.0,1,0.09963355958461761,0.1293966919183731,0.29242,7.235231169033796e-05,-20.991,-5.877,1.191,162.852,1.05783
3916,313280.0,1,0.07704868912696838,0.09459280967712402,0.30869,6.499327719211578e-05,-21.272,-5.902,1.415,162.83,1.05753
3917,313360.0,1,0.08264801651239395,0.0959661528468132,0.30674,5.546665852307342e-05,-21.569,-6.148,1.523,162.685,1.05797
3918,313440.0,1,0.08705443888902664,0.08494647592306137,0.30857,5.766935646533966e-05,-21.772,-6.274,1.411,162.729,1.05776
3919,313520.0,1,0.09513615071773529,0.08598355948925018,0.30615,6.590070552192628e-05,-21.87,-6.29,1.394,162.638,1.05778
3920,313600.0,1,0.09738174825906754,0.09014464914798737,0.30462,7.183579873526469e-05,-21.757,-6.307,1.257,162.666,1.05743
3921,313680.0,1,0.09438534080982208,0.08653868734836578,0.30738,6.90539091010578e-05,-21.445,-6.42,1.112,162.623,1.05752
3922,313760.0,1,0.08767282962799072,0.08969277143478394,0.30769,7.854890282033011e-05,-21.475,-6.409,1.026,162.631,1.05808
3923,313840.0,1,0.0890701413154602,0.09630772471427917,0.30731,8.229743980336934e-05,-21.447,-6.345,1.024,162.644,1.0582
3924,313920.0,1,0.09565521776676178,0.10599197447299957,0.30319,6.547781958943233e-05,-21.286,-6.253,1.142,162.559,1.0584
3925,314000.0,1,0.10192138701677322,0.10957155376672745,0.30029,7.069115963531658e-05,-21.283,-6.261,1.167,162.507,1.058
3926,314080.0,1,0.10721239447593689,0.11276017874479294,0.29874,7.560071389889345e-05,-21.103,-6.278,1.187,162.539,1.05799
3927,314160.0,1,0.10857904702425003,0.11312877386808395,0.29699,8.121284918161109e-05,-20.996,-6.36,1.21,162.415,1.05825
3928,314240.0,1,0.11135256290435791,0.11709374934434891,0.29595,8.610109944129363e-05,-20.856,-6.377,1.322,162.462,1.05809
3929,314320.0,1,0.11499472707509995,0.11982507258653641,0.2947,8.521231939084828e-05,-20.947,-6.376,1.345,162.37,1.05785
3930,314400.0,1,0.11595309525728226,0.126728817820549,0.29339,0.00010336614650441334,-20.168,-6.342,1.27,162.397,1.0581
3931,314480.0,1,0.11291655898094177,0.1185939684510231,0.29808,8.615168189862743e-05,-19.986,-6.368,1.285,162.344,1.05814
3932,314560.0,1,0.11292336136102676,0.11457647383213043,0.2988,8.357818296644837e-05,-19.955,-6.333,1.191,162.94,1.05363
3933,314640.0,1,0.10945190489292145,0.10289349406957626,0.30078,9.513773693470284e-05,-19.853,-6.25,1.214,163.952,1.04491
3934,314720.0,1,0.09890133142471313,0.08896612375974655,0.30179,8.291911944979802e-05,-19.865,-6.098,1.201,164.183,1.04259
3935,314800.0,1,0.0976666808128357,0.09021070599555969,0.30076,8.202415483538061e-05,-19.859,-6.085,1.145,164.168,1.04198
3936,314880.0,1,0.09959457069635391,0.09387589991092682,0.30018,6.878806016175076e-05,-20.132,-6.153,1.154,164.309,1.04081
3937,314960.0,1,0.10026256740093231,0.09699592739343643,0.30001,6.705200939904898e-05,-20.189,-6.14,1.14,164.35,1.04079
3938,315040.0,1,0.10172848403453827,0.09840133041143417,0.29998,7.930236461106688e-05,-20.178,-6.142,1.152,164.379,1.04099
3939,315120.0,1,0.1030457392334938,0.09822925180196762,0.29931,8.89586954144761e-05,-20.251,-6.177,1.198,164.28,1.04151
3940,315200.0,1,0.10538505017757416,0.09917259216308594,0.29843,9.18410369195044e-05,-20.428,-6.141,1.197,164.314,1.04165
3941,315280.0,1,0.11069654673337936,0.10558537393808365,0.29624,8.360527863260359e-05,-20.367,-6.085,1.173,164.238,1.04165
3942,315360.0,1,0.1135784164071083,0.11003830283880234,0.29512,7.579452358186245e-05,-20.385,-6.08,1.128,164.244,1.042
3943,315440.0,1,0.1153988242149353,0.11224429309368134,0.29426,7.934335735626519e-05,-20.503,-6.075,1.132,164.123,1.04226
3944,315520.0,1,0.11736490577459335,0.10985235124826431,0.29228,7.544651452917606e-05,-20.663,-6.277,1.201,164.065,1.04258
3945,315600.0,1,0.11855670064687729,0.1063230112195015,0.2925,6.803392170695588e-05,-20.704,-6.293,1.2,163.961,1.04311
3946,315680.0,1,0.11909402161836624,0.10548703372478485,0.29335,6.788384052924812e-05,-20.715,-6.286,1.189,163.828,1.04496
3947,315760.0,1,0.11905723065137863,0.10719992965459824,0.29323,7.289429049706087e-05,-20.72,-6.264,1.116,163.709,1.04583
3948,315840.0,1,0.10357576608657837,0.09715792536735535,0.29914,8.636892744107172e-05,-20.952,-6.114,1.174,163.764,1.04669
3949,315920.0,1,0.10326965153217316,0.09607981145381927,0.29953,8.215739217121154e-05,-20.797,-6.174,1.177,163.706,1.04713
3950,316000.0,1,0.09983926266431808,0.09938063472509384,0.29864,8.54676982271485e-05,-20.894,-6.164,1.194,163.837,1.04611
3951,316080.0,1,0.09587480872869492,0.09134069830179214,0.30059,7.704355812165886e-05,-20.709,-6.05,1.098,163.649,1.04667
3952,316160.0,1,0.09977183490991592,0.0955570861697197,0.29931,7.605843711644411e-05,-20.82,-6.046,1.125,163.706,1.04702
3953,316240.0,1,0.09905475378036499,0.09540800750255585,0.29884,8.174819959094748e-05,-20.912,-5.958,1.139,163.632,1.04715
3954,316320.0,1,0.10225020349025726,0.10363743454217911,0.29773,0.00010280798596795648,-20.843,-5.975,1.148,163.67,1.0471
3955,316400.0,1,0.12075955420732498,0.12886232137680054,0.29368,9.508004586677998e-05,-20.589,-5.898,1.272,163.619,1.04694
3956,316480.0,1,0.12503522634506226,0.13441252708435059,0.29301,8.93197939149104e-05,-20.37,-5.921,1.339,163.669,1.04686
3957,316560.0,1,0.11803758889436722,0.13761760294437408,0.29318,9.060450247488916e-05,-20.152,-6.036,1.432,163.619,1.04704
3958,316640.0,1,0.11180990934371948,0.13733962178230286,0.29315,8.719207107787952e-05,-20.09,-6.113,1.514,163.619,1.04723
3959,316720.0,1,0.10741730779409409,0.13760295510292053,0.29337,9.252430754713714e-05,-20.095,-6.109,1.549,163.559,1.04721
3960,316800.0,1,0.10869644582271576,0.13121868669986725,0.2936,7.567933789687231e-05,-20.031,-6.077,1.621,163.548,1.04665
3961,316880.0,1,0.10874436050653458,0.1284826695919037,0.29456,7.45024299249053e-05,-20.042,-6.066,1.58,163.532,1.04714
3962,316960.0,1,0.1086910143494606,0.12884199619293213,0.29444,7.230520714074373e-05,-19.976,-6.094,1.612,163.577,1.04695
3963,317040.0,1,0.1031772568821907,0.12496408820152283,0.296,7.272078801179305e-05,-20.16,-6.159,1.711,163.559,1.04712
3964,317120.0,1,0.10448294878005981,0.12332363426685333,0.29561,7.081936200847849e-05,-20.213,-6.172,1.76,163.602,1.04702
3965,317200.0,1,0.08903428912162781,0.10486055165529251,0.29917,7.784401532262564e-05,-20.477,-6.051,1.563,163.663,1.04709
3966,317280.0,1,0.08339758962392807,0.0983029380440712,0.30165,8.093468204606324e-05,-20.451,-6.06,1.473,163.786,1.04662
3967,317360.0,1,0.0894850641489029,0.10189807415008545,0.30052,8.494516077917069e-05,-20.472,-6.033,1.279,163.78,1.04656
3968,317440.0,1,0.08871246129274368,0.1045735701918602,0.30046,7.828068191884086e-05,-20.786,-6.088,1.246,163.886,1.04623
3969,317520.0,1,0.08935103565454483,0.10210344940423965,0.30052,8.100131526589394e-05,-20.873,-6.066,1.281,163.808,1.04634
3970,317600.0,1,0.09112042188644409,0.1046871542930603,0.29893,8.464897109661251e-05,-20.57,-5.901,1.253,163.819,1.04848
3971,317680.0,1,0.09443296492099762,0.10725493729114532,0.29748,7.863860810175538e-05,-20.614,-5.886,1.256,163.691,1.04963
3972,317760.0,1,0.09865613281726837,0.10833004117012024,0.29642,8.348769188160077e-05,-20.629,-5.871,1.287,163.711,1.05342
3973,317840.0,1,0.10496664047241211,0.11127392202615738,0.29505,8.899916429072618e-05,-20.64,-5.861,1.267,163.683,1.0534
3974,317920.0,1,0.10892505198717117,0.11357095837593079,0.29507,8.846331184031442e-05,-20.646,-5.822,1.23,163.658,1.05357
3975,318000.0,1,0.10989740490913391,0.11355935037136078,0.2947,9.41186081035994e-05,-20.67,-5.831,1.257,163.563,1.05459
3976,318080.0,1,0.11440461874008179,0.11361699551343918,0.29389,9.151066478807479e-05,-20.62,-5.867,1.329,163.694,1.05502
3977,318160.0,1,0.11526847630739212,0.11493843793869019,0.29407,9.101478644879535e-05,-20.704,-5.931,1.34,163.547,1.05515
3978,318240.0,1,0.11494659632444382,0.10840694606304169,0.29499,0.00010022120113717392,-20.713,-6.005,1.444,163.56,1.05511
3979,318320.0,1,0.11301775276660919,0.10765784233808517,0.29554,0.00010475714225322008,-20.668,-6.032,1.453,163.462,1.05555
3980,318400.0,1,0.11099286377429962,0.1049622967839241,0.2964,0.00010527557606110349,-20.674,-6.035,1.462,163.468,1.05575
3981,318480.0,1,0.10948414355516434,0.10404277592897415,0.29663,0.00010586993448669091,-20.658,-6.033,1.477,163.407,1.0558
3982,318560.0,1,0.10823550820350647,0.10362305492162704,0.29687,0.00010369015217293054,-20.662,-6.025,1.475,163.443,1.05564
3983,318640.0,1,0.10627132654190063,0.1028159037232399,0.29687,0.00010579283116385341,-20.604,-5.985,1.463,163.399,1.05565
3984,318720.0,1,0.10943952202796936,0.09911953657865524,0.29702,7.47098820284009e-05,-20.588,-5.94,1.435,163.43,1.05524
3985,318800.0,1,0.11138235032558441,0.10105300694704056,0.29649,6.681145896436647e-05,-20.591,-5.916,1.407,163.414,1.0551
3986,318880.0,1,0.11123254895210266,0.10100899636745453,0.29636,6.08346272201743e-05,-20.627,-5.89,1.419,163.489,1.05485
3987,318960.0,1,0.11368376761674881,0.10193617641925812,0.29578,5.9908263210672885e-05,-20.625,-5.908,1.459,163.394,1.05525
3988,319040.0,1,0.11424263566732407,0.1021784245967865,0.29489,5.628992221318185e-05,-20.741,-5.93,1.45,163.445,1.05526
3989,319120.0,1,0.11466480046510696,0.10427551716566086,0.29454,5.747884279116988e-05,-20.82,-5.898,1.389,163.418,1.05501
3990,319200.0,1,0.11481219530105591,0.1060803160071373,0.29375,5.808185596833937e-05,-20.94,-5.808,1.381,163.469,1.05481
3991,319280.0,1,0.11643469333648682,0.10807090997695923,0.2934,5.872612746316008e-05,-20.972,-5.778,1.398,163.434,1.05485
3992,319360.0,1,0.11726906895637512,0.1111401617527008,0.29257,6.0500864492496476e-05,-20.998,-5.766,1.397,163.473,1.05472
3993,319440.0,1,0.11892488598823547,0.11067217588424683,0.29188,6.165307422634214e-05,-20.962,-5.782,1.435,163.458,1.05493
3994,319520.0,1,0.11947321146726608,0.11121782660484314,0.29216,6.46834378130734e-05,-21.024,-5.807,1.44,163.321,1.05703
3995,319600.0,1,0.12252860516309738,0.11841704696416855,0.29171,6.557053711730987e-05,-20.778,-5.741,1.379,163.247,1.05774
3996,319680.0,1,0.11690454930067062,0.10909789800643921,0.29383,6.61859376123175e-05,-20.741,-5.711,1.334,163.235,1.05829
3997,319760.0,1,0.11844927072525024,0.11131198704242706,0.29289,6.86008352204226e-05,-20.719,-5.766,1.377,163.198,1.0583
3998,319840.0,1,0.11632600426673889,0.1092798039317131,0.29264,7.091843872331083e-05,-20.699,-5.785,1.397,163.272,1.05791
3999,319920.0,1,0.12238743156194687,0.11265384405851364,0.29038,9.721695823827758e-05,-20.667,-5.746,1.399,163.276,1.05846
4000,320000.0,1,0.1262666881084442,0.11615057289600372,0.29006,0.00010808314982568845,-20.651,-5.754,1.374,163.357,1.05854
4001,320080.0,1,0.11686433106660843,0.14306287467479706,0.29278,0.00010809530795086175,-20.467,-5.704,1.313,163.354,1.05862
4002,320160.0,1,0.10515906661748886,0.1394277662038803,0.29528,0.00010950471914839,-20.174,-5.702,1.279,163.617,1.05774
4003,320240.0,1,0.09553153812885284,0.13275562226772308,0.29857,0.00011175106919836253,-20.117,-5.746,1.313,163.515,1.05778
4004,320320.0,1,0.09334923326969147,0.1305040568113327,0.29937,0.00010977361671393737,-20.168,-5.747,1.343,163.547,1.05773
4005,320400.0,1,0.09306500107049942,0.12391867488622665,0.29998,0.00010369787196395919,-20.175,-5.8,1.373,163.49,1.05754
4006,320480.0,1,0.09221533685922623,0.12278863787651062,0.29979,0.00010905819362960756,-20.057,-5.714,1.392,163.487,1.05744
4007,320560.0,1,0.09212248027324677,0.12095895409584045,0.3004,0.00010993787873303518,-20.017,-5.697,1.418,163.48,1.05732
4008,320640.0,1,0.08979228883981705,0.11535696685314178,0.30149,9.656706970417872e-05,-20.08,-5.687,1.378,163.491,1.05729
4009,320720.0,1,0.09236212074756622,0.11113877594470978,0.30127,8.73750977916643e-05,-20.473,-5.689,1.487,163.438,1.05729
4010,320800.0,1,0.7150553464889526,0.6276959180831909,0.11259,0.0001728413044475019,-21.328,-5.571,1.387,163.607,1.05683
4011,320880.0,1,0.5808385610580444,0.5441726446151733,0.155,0.00019200879614800215,-20.81,-5.581,1.263,163.539,1.05686
4012,320960.0,1,0.3643571734428406,0.38259896636009216,0.2253,0.00016246493032667786,-20.609,-5.504,1.282,163.531,1.05722
4013,321040.0,1,0.20788493752479553,0.23086592555046082,0.26327,0.000122859186376445,-20.543,-5.477,1.31,163.464,1.0578
4014,321120.0,1,0.13667257130146027,0.1627027839422226,0.27935,9.941593452822417e-05,-20.385,-5.494,1.371,163.486,1.0574
4015,321200.0,1,0.10364912450313568,0.13086460530757904,0.28917,8.429784065810964e-05,-20.374,-5.554,1.523,163.438,1.05716
4016,321280.0,1,0.09422172605991364,0.10839027166366577,0.29461,7.992702740011737e-05,-20.317,-5.613,1.565,163.529,1.05686
4017,321360.0,1,0.08861088752746582,0.09567846357822418,0.29864,7.024254591669887e-05,-20.332,-5.658,1.64,163.501,1.05685
4018,321440.0,1,0.0900188684463501,0.09387271106243134,0.29932,6.792307976866141e-05,-20.396,-5.638,1.632,163.579,1.05691
4019,321520.0,1,0.08596275746822357,0.08731219172477722,0.30288,6.667817069683224e-05,-20.2,-5.657,1.638,163.523,1.05716
4020,321600.0,1,0.0850069522857666,0.08657453209161758,0.30311,7.203034328995273e-05,-20.144,-5.661,1.688,163.502,1.05783
4021,321680.0,1,0.08207224309444427,0.0850127637386322,0.30396,6.97014038451016e-05,-19.99,-5.555,1.72,163.455,1.05752
4022,321760.0,1,0.07514452934265137,0.08123520016670227,0.30731,7.446321978932247e-05,-19.985,-5.556,1.699,163.49,1.05782
4023,321840.0,1,0.0726475939154625,0.0799689069390297,0.30918,7.734602695563808e-05,-20.011,-5.545,1.702,163.462,1.05786
4024,321920.0,1,0.07178400456905365,0.08140181005001068,0.30961,8.372943557333201e-05,-20.066,-5.541,1.725,163.499,1.05771
4025,322000.0,1,0.07088259607553482,0.07967346906661987,0.30992,8.285020157927647e-05,-20.069,-5.565,1.764,163.458,1.05752
4026,322080.0,1,0.07024961709976196,0.07868120074272156,0.31049,8.27041658340022e-05,-20.088,-5.584,1.788,163.524,1.05707
4027,322160.0,1,0.07012978196144104,0.0782652422785759,0.31038,8.280383190140128e-05,-20.192,-5.65,1.802,163.474,1.05682
4028,322240.0,1,0.06551460176706314,0.07605626434087753,0.31126,9.75015209405683e-05,-20.134,-5.671,1.71,163.588,1.05681
4029,322320.0,1,0.06426899135112762,0.07626394182443619,0.31183,9.327552834292874e-05,-20.212,-5.712,1.709,163.56,1.05633
4030,322400.0,1,0.06292993575334549,0.07169408351182938,0.31361,8.30337667139247e-05,-20.174,-5.762,1.713,163.633,1.05579
4031,322480.0,1,0.06304000318050385,0.0714593231678009,0.31258,7.647473830729723e-05,-20.348,-5.811,1.687,163.583,1.05637
4032,322560.0,1,0.06566053628921509,0.06983312964439392,0.31292,7.980297232279554e-05,-20.19,-5.911,1.684,163.559,1.05665
4033,322640.0,1,0.06674551963806152,0.06894365698099136,0.31334,7.194384670583531e-05,-20.187,-5.902,1.683,163.585,1.05663
4034,322720.0,1,0.063362717628479,0.07033577561378479,0.31678,8.798210183158517e-05,-19.99,-5.893,1.767,163.701,1.05641
4035,322800.0,1,0.06206125393509865,0.0634724423289299,0.31876,8.06641619419679e-05,-20.091,-5.87,1.729,163.719,1.05916
4036,322880.0,1,0.05932850390672684,0.05937157943844795,0.32039,7.434863073285669e-05,-20.087,-5.876,1.723,163.79,1.06062
4037,322960.0,1,0.059711191803216934,0.060702133923769,0.31805,7.203762652352452e-05,-20.103,-5.798,1.617,163.782,1.06099
4038,323040.0,1,0.05639970675110817,0.05949769169092178,0.31966,6.965018110349774e-05,-20.092,-5.763,1.577,163.845,1.06134
4039,323120.0,1,0.05474419146776199,0.0594400018453598,0.31977,6.882000889163464e-05,-20.082,-5.763,1.558,163.789,1.0613
4040,323200.0,1,0.055238910019397736,0.06056194007396698,0.31886,6.93193287588656e-05,-20.103,-5.808,1.552,163.809,1.061
4041,323280.0,1,0.05890750139951706,0.06617522984743118,0.31625,7.763052417431027e-05,-20.125,-5.769,1.486,163.758,1.06132
4042,323360.0,1,0.08759333938360214,0.0913795530796051,0.30185,7.702672883169726e-05,-20.315,-5.769,1.447,163.773,1.06167
4043,323440.0,1,0.4975118935108185,0.4743349850177765,0.18313,0.00016777508426457644,-20.636,-5.728,1.275,163.749,1.06177
4044,323520.0,1,0.3526853322982788,0.36216863989830017,0.2271,0.00018222910875920206,-20.3,-5.687,1.27,163.755,1.06219
4045,323600.0,1,0.25395187735557556,0.2705581784248352,0.25495,0.00016495217278134078,-19.93,-5.593,1.253,163.676,1.06253
4046,323680.0,1,0.15783345699310303,0.17044691741466522,0.27987,0.0001426577800884843,-19.69,-5.678,1.316,163.687,1.06204
4047,323760.0,1,0.11960791051387787,0.1331363469362259,0.29104,0.00012072651588823646,-19.684,-5.738,1.419,163.628,1.06191
4048,323840.0,1,0.09458239376544952,0.10870060324668884,0.30167,0.00010336624836781994,-19.687,-5.762,1.542,163.633,1.06205
4049,323920.0,1,0.08437642455101013,0.09243828803300858,0.30661,9.031018998939544e-05,-19.88,-5.771,1.587,163.596,1.06182
4050,324000.0,1,0.07853351533412933,0.08409028500318527,0.30973,8.930879994295537e-05,-19.89,-5.766,1.603,163.604,1.06164
4051,324080.0,1,0.07509182393550873,0.08151950687170029,0.31143,8.977303514257073e-05,-19.966,-5.788,1.67,163.573,1.06184
4052,324160.0,1,0.07197748124599457,0.07927791029214859,0.3128,9.519625746179372e-05,-20.159,-5.793,1.702,163.612,1.06185
4053,324240.0,1,0.07377137988805771,0.080629862844944,0.31192,9.441121073905379e-05,-20.247,-5.773,1.704,163.62,1.06193
4054,324320.0,1,0.07542835175991058,0.08069702237844467,0.31109,9.970094106392935e-05,-20.14,-5.722,1.751,163.694,1.06174
4055,324400.0,1,0.07443636655807495,0.08052980899810791,0.31079,9.394000517204404e-05,-20.024,-5.722,1.723,163.717,1.06094
4056,324480.0,1,0.08786184340715408,0.08802631497383118,0.30534,0.00010903988732025027,-20.124,-5.633,1.65,163.7,1.06118
4057,324560.0,1,0.09412846714258194,0.08455377072095871,0.30334,0.00010800753079820424,-20.375,-5.639,1.492,163.686,1.06103
4058,324640.0,1,0.08659438043832779,0.0826931893825531,0.30469,0.00010288174235029146,-20.623,-5.659,1.486,163.715,1.06101
4059,324720.0,1,0.08545231819152832,0.08223385363817215,0.30342,0.00010327058407710865,-20.632,-5.624,1.375,163.695,1.06093
4060,324800.0,1,0.0844469740986824,0.08523708581924438,0.30294,0.00010813954577315599,-20.682,-5.599,1.327,163.689,1.06069
4061,324880.0,1,0.08407141268253326,0.08621936291456223,0.30185,0.00010810541425598785,-20.723,-5.578,1.334,163.61,1.06128
4062,324960.0,1,0.08745697885751724,0.08957383036613464,0.29994,0.00010065919923363253,-20.722,-5.59,1.304,163.662,1.06121
4063,325040.0,1,0.09536363184452057,0.09301041811704636,0.30033,8.364212408196181e-05,-20.619,-5.448,1.269,163.597,1.06176
4064,325120.0,1,0.0952645018696785,0.09329491853713989,0.29991,8.187879575416446e-05,-20.602,-5.435,1.251,163.664,1.06133
4065,325200.0,1,0.11095955222845078,0.10131879895925522,0.29649,9.18090736377053e-05,-20.515,-5.429,1.063,163.692,1.06175
4066,325280.0,1,0.1029747948050499,0.09639912098646164,0.29888,8.509465988026932e-05,-20.769,-5.627,1.134,163.747,1.06161
4067,325360.0,1,0.0953032448887825,0.09194472432136536,0.30099,8.699399040779099e-05,-20.894,-5.641,1.134,163.696,1.06156
4068,325440.0,1,0.11045969277620316,0.1105298325419426,0.29541,7.625124999321997e-05,-20.734,-5.665,1.201,163.764,1.06177
4069,325520.0,1,0.09844832122325897,0.11106434464454651,0.2996,7.811841351212934e-05,-20.547,-5.772,1.278,163.795,1.06141
4070,325600.0,1,0.08832920342683792,0.10164503753185272,0.30348,7.445555820595473e-05,-20.427,-5.86,1.352,163.846,1.06167
4071,325680.0,1,0.09096775203943253,0.10115400701761246,0.30219,7.47131634852849e-05,-20.46,-5.859,1.391,163.793,1.06214
4072,325760.0,1,0.0852438360452652,0.09057581424713135,0.30586,8.093869837466627e-05,-20.457,-5.842,1.419,163.819,1.06184
4073,325840.0,1,0.19132640957832336,0.21064448356628418,0.2654,0.00011796889884863049,-20.839,-5.865,1.298,163.769,1.06199
4074,325920.0,1,0.8125833868980408,0.7674062848091125,0.05014,0.0001695020473562181,-22.346,-5.817,1.097,163.773,1.06196
4075,326000.0,1,0.7923260927200317,0.7724473476409912,0.05327,0.00024340013624168932,-22.408,-5.841,1.042,163.635,1.06209
4076,326080.0,1,0.7375191450119019,0.7595510482788086,0.07497,0.0002143928868463263,-22.55,-6.065,1.19,163.668,1.062
4077,326160.0,1,0.48489904403686523,0.508612871170044,0.17094,0.0001451664575142786,-22.442,-6.107,1.214,163.579,1.06168
4078,326240.0,1,0.3763240575790405,0.38384565711021423,0.21866,0.00012543903721962124,-22.167,-6.17,1.245,163.555,1.06209
4079,326320.0,1,0.33749109506607056,0.3272559344768524,0.23784,0.00010339494474465027,-22.098,-6.201,1.248,163.495,1.06227
4080,326400.0,1,0.3041287958621979,0.2816893458366394,0.24716,9.798011888051406e-05,-21.897,-6.169,1.255,163.493,1.06229
4081,326480.0,1,0.2830859422683716,0.2550591230392456,0.25247,0.00010333993850508705,-21.845,-6.112,1.157,163.54,1.06197
4082,326560.0,1,0.26619192957878113,0.23221760988235474,0.25628,0.00010455824667587876,-21.879,-6.088,1.126,163.532,1.06288
4083,326640.0,1,0.2573237419128418,0.22756555676460266,0.2586,0.00010117315832758322,-21.673,-6.07,1.176,163.401,1.06325
4084,326720.0,1,0.26393812894821167,0.22591280937194824,0.25862,9.126726217800751e-05,-21.581,-6.093,1.322,163.376,1.06395
4085,326800.0,1,0.2626485228538513,0.22513945400714874,0.25894,8.371035073651001e-05,-21.724,-6.085,1.365,163.298,1.06429
4086,326880.0,1,0.27182143926620483,0.2223956286907196,0.25639,7.739628199487925e-05,-21.712,-6.016,1.421,163.244,1.06425
4087,326960.0,1,0.2681768536567688,0.2185523360967636,0.25885,0.00010106044646818191,-21.785,-5.993,1.516,163.118,1.06436
4088,327040.0,1,0.2739439606666565,0.24072875082492828,0.25962,9.458511340199038e-05,-21.935,-6.005,1.46,163.153,1.06408
4089,327120.0,1,0.25400906801223755,0.25331369042396545,0.26191,0.00010648898023646325,-21.97,-5.816,1.642,163.082,1.06422
4090,327200.0,1,0.26302945613861084,0.25876280665397644,0.26354,0.0001452290453016758,-21.902,-5.717,1.909,162.997,1.06398
4091,327280.0,1,0.2603372037410736,0.2534514367580414,0.26367,0.00010148961882805452,-21.9,-5.799,2.1,162.84,1.06461
4092,327360.0,1,0.25161850452423096,0.2349853813648224,0.26084,0.00010084317182190716,-21.815,-5.986,2.054,162.795,1.06483
4093,327440.0,1,0.25382012128829956,0.21857322752475739,0.26026,0.0001381478796247393,-21.827,-6.146,2.739,162.51,1.06525
4094,327520.0,1,0.2552693784236908,0.21067936718463898,0.25944,0.00012266371049918234,-21.566,-6.512,2.86,162.551,1.06462
4095,327600.0,1,0.25967684388160706,0.23965317010879517,0.2583,0.0001530367590021342,-21.274,-6.66,2.892,158.595,1.06121
4096,327680.0,1,0.26019638776779175,0.2188808172941208,0.2623,0.00011674232518998906,-21.056,-6.633,2.934,159.137,1.0645
4097,327760.0,1,0.2731223404407501,0.2498980611562729,0.25633,0.00012442156730685383,-20.885,-6.686,2.866,159.043,1.06472
4098,327840.0,1,0.27934038639068604,0.2763965129852295,0.25516,0.00011161658039782196,-21.046,-6.686,2.834,154.676,1.05783
4099,327920.0,1,0.23925724625587463,0.22212673723697662,0.26683,7.781684689689428e-05,-20.585,-6.803,2.932,154.453,1.05135
4100,328000.0,1,0.20715802907943726,0.2194763422012329,0.27054,0.0001238173572346568,-21.135,-6.508,2.985,154.312,1.04979
4101,328080.0,1,0.2076520472764969,0.19081281125545502,0.2732,0.0001168286325992085,-20.971,-6.521,3.163,154.142,1.04927
4102,328160.0,1,0.21637429296970367,0.19369664788246155,0.27103,0.00012434956443030387,-20.979,-6.56,3.191,154.051,1.04878
4103,328240.0,1,0.21550869941711426,0.1953068971633911,0.26947,0.0001629241305636242,-20.927,-6.419,3.299,153.787,1.0496
4104,328320.0,1,0.18044987320899963,0.18530158698558807,0.27585,0.00014078170352149755,-20.964,-6.507,3.424,153.532,1.0496
4105,328400.0,1,0.16838234663009644,0.16488006711006165,0.27957,0.0001226935419254005,-21.012,-6.522,3.55,153.29,1.04971
4106,328480.0,1,0.20314061641693115,0.18209980428218842,0.27488,9.230822615791112e-05,-21.047,-6.749,3.674,153.298,1.04944
4107,328560.0,1,0.17966386675834656,0.18230822682380676,0.27735,0.00012913426326122135,-20.995,-6.693,4.095,152.995,1.04676
4108,328640.0,1,0.23100398480892181,0.2232092022895813,0.26379,0.00016940721252467483,-21.047,-6.918,4.369,152.761,1.04684
4109,328720.0,1,0.2253144383430481,0.21159875392913818,0.26891,0.00012531147513072938,-21.035,-6.835,4.388,157.348,1.06046
4110,328800.0,1,0.287903755903244,0.23033401370048523,0.25563,0.0002743994991760701,-20.294,-6.583,5.802,157.454,1.06202
4111,328880.0,1,0.3360949158668518,0.29526570439338684,0.24063,0.00023241364397108555,-19.564,-6.495,6.404,156.874,1.06477
4112,328960.0,1,0.297804594039917,0.2903190851211548,0.24974,0.00015861625433899462,-20.71,-6.343,6.22,156.428,1.06581
4113,329040.0,1,0.20646435022354126,0.19236941635608673,0.27126,0.00016507726104464382,-21.102,-6.193,6.411,156.321,1.06612
4114,329120.0,1,0.33129680156707764,0.3417225778102875,0.24202,0.00025833724066615105,-20.374,-5.803,7.256,155.782,1.0686
4115,329200.0,1,0.31792888045310974,0.24871405959129333,0.24894,0.00011451187310740352,-21.548,-5.59,7.701,155.348,1.07047
4116,329280.0,1,0.29181239008903503,0.30486637353897095,0.2469,0.0001562324323458597,-20.306,-5.588,7.122,150.759,1.06216
4117,329360.0,1,0.2643340826034546,0.39976778626441956,0.26599,0.00013646196748595685,-20.1,-5.159,7.06,148.8,1.06324
4118,329440.0,1,0.26955646276474,0.32711783051490784,0.25664,0.00014957548410166055,-20.686,-5.126,6.782,148.309,1.06343
4119,329520.0,1,0.27628961205482483,0.3059428334236145,0.25302,9.978720481740311e-05,-21.151,-5.451,6.763,144.352,1.0633
4120,329600.0,1,0.2666490375995636,0.30094680190086365,0.24972,9.342882549390197e-05,-21.219,-5.605,6.549,144.661,1.06222
4121,329680.0,1,0.2552870213985443,0.2798961102962494,0.25499,9.487282659392804e-05,-21.221,-5.606,6.488,144.63,1.0622
4122,329760.0,1,0.2510957717895508,0.26803722977638245,0.2575,0.00010987865971401334,-21.114,-5.519,6.556,144.644,1.06168
4123,329840.0,1,0.25156277418136597,0.2700379192829132,0.25841,0.00010425458458485082,-21.14,-5.47,6.537,144.606,1.06112
4124,329920.0,1,0.25098860263824463,0.2654656171798706,0.25736,0.00010402608313597739,-21.184,-5.48,6.458,144.714,1.06052
4125,330000.0,1,0.25090262293815613,0.2557642459869385,0.25754,0.0001225806918228045,-21.247,-5.492,6.398,144.635,1.05999
4126,330080.0,1,0.24638335406780243,0.25759145617485046,0.25778,0.00013852368283551186,-21.16,-5.597,6.257,144.852,1.05902
4127,330160.0,1,0.24926874041557312,0.2631433308124542,0.25603,0.0001414870348526165,-21.03,-5.74,6.257,144.851,1.05878
4128,330240.0,1,0.25243332982063293,0.2703690528869629,0.25498,0.0001401259796693921,-20.836,-5.698,6.325,144.896,1.05788
4129,330320.0,1,0.24320319294929504,0.2716054618358612,0.25731,0.00015123879711609334,-20.809,-5.72,6.324,144.935,1.05748
4130,330400.0,1,0.2388206273317337,0.2607031762599945,0.25799,0.0001645162992645055,-20.695,-5.789,6.33,145.021,1.05702
4131,330480.0,1,0.2426014095544815,0.2700258493423462,0.25729,0.00020718736050184816,-20.304,-5.884,6.225,145.012,1.05658
4132,330560.0,1,0.24465841054916382,0.2832331657409668,0.25672,0.00034023646730929613,-19.43,-6.091,6.13,145.08,1.05623
4133,330640.0,1,0.24017199873924255,0.2713438868522644,0.25762,0.0006110510439611971,-18.806,-6.321,6.13,145.101,1.05608
4134,330720.0,1,0.23476123809814453,0.2615661323070526,0.25817,0.0007962112431414425,-18.567,-6.241,6.11,145.061,1.05582
4135,330800.0,1,0.25323134660720825,0.28435200452804565,0.25274,0.0008074821089394391,-18.678,-6.127,5.981,144.949,1.05606
4136,330880.0,1,0.7268980741500854,0.7527270913124084,0.0823,0.001234805560670793,-17.946,-5.854,5.584,145.082,1.05552
4137,330960.0,1,0.6822326183319092,0.7201359272003174,0.1054,0.0016413031844422221,-17.529,-5.872,5.428,144.994,1.05563
4138,331040.0,1,0.582360029220581,0.6065216660499573,0.14661,0.0014913809718564153,-16.684,-5.606,5.238,145.059,1.05524
4139,331120.0,1,0.5008001923561096,0.5109158754348755,0.17703,0.0015570801915600896,-16.49,-5.549,5.117,144.94,1.05528
4140,331200.0,1,0.44633087515830994,0.440353125333786,0.19709,0.0016544735990464687,-16.229,-5.609,5.085,144.952,1.05491
4141,331280.0,1,0.420095831155777,0.4241584837436676,0.20417,0.0020047039724886417,-15.873,-5.535,4.895,144.941,1.05483
4142,331360.0,1,0.4135870933532715,0.42668211460113525,0.20672,0.0020401999354362488,-15.635,-5.573,4.762,145.034,1.05405
4143,331440.0,1,0.36413776874542236,0.38743966817855835,0.21571,0.0028620350640267134,-15.529,-5.576,4.828,144.88,1.05393
4144,331520.0,1,0.3598586916923523,0.3943447172641754,0.21413,0.0034892112016677856,-15.688,-5.594,4.959,144.964,1.05331
4145,331600.0,1,0.3598402142524719,0.3934133052825928,0.21263,0.0033690312411636114,-15.728,-5.771,5.04,144.887,1.05321
4146,331680.0,1,0.3556707799434662,0.3963855504989624,0.21254,0.0033578360453248024,-15.811,-5.72,5.028,144.994,1.05307
4147,331760.0,1,0.3591500222682953,0.40102913975715637,0.20837,0.0033705509267747402,-15.808,-5.711,5.05,144.985,1.05329
4148,331840.0,1,0.6195046901702881,0.6918071508407593,0.10184,0.004995165392756462,-15.918,-5.79,4.82,144.985,1.05522
4149,331920.0,1,0.6446256041526794,0.7134435772895813,0.07042,0.005541504360735416,-15.665,-6.084,4.936,144.9,1.05642
4150,332000.0,1,0.24734678864479065,0.3613322973251343,0.21685,0.0036587512586265802,-15.239,-6.035,5.244,145.103,1.05652
4151,332080.0,1,0.18885335326194763,0.28210699558258057,0.24529,0.0026721914764493704,-15.055,-6.141,5.262,145.242,1.05594
4152,332160.0,1,0.1149311438202858,0.1802433729171753,0.274,0.002210750011727214,-15.275,-6.045,5.334,145.445,1.05652
4153,332240.0,1,0.09939949959516525,0.15732955932617188,0.28183,0.0017556312959641218,-15.641,-6.032,5.134,145.833,1.05575
4154,332320.0,1,0.07138968259096146,0.10112717002630234,0.30796,0.001228315057232976,-15.688,-6.145,5.023,146.39,1.05462
4155,332400.0,1,0.08120694011449814,0.12988245487213135,0.30198,0.0017424883553758264,-16.357,-6.26,4.544,146.623,1.05292
4156,332480.0,1,0.0920729711651802,0.12565185129642487,0.2947,0.0028592164162546396,-16.45,-6.282,4.302,146.645,1.05213
4157,332560.0,1,0.08161576837301254,0.11529809981584549,0.3077,0.0021169763058423996,-16.26,-6.207,3.391,152.961,1.04999
4158,332640.0,1,0.07857773452997208,0.1227971687912941,0.30065,0.0021001906134188175,-15.979,-6.395,3.266,153.553,1.04983
4159,332720.0,1,0.08654985576868057,0.12581004202365875,0.29778,0.0021258085034787655,-16.174,-6.488,3.651,155.443,1.05657
4160,332800.0,1,0.08903548866510391,0.1273215413093567,0.29393,0.0026428792625665665,-16.129,-6.73,3.636,157.7,1.0563
4161,332880.0,1,0.08811357617378235,0.12079418450593948,0.29343,0.002378562930971384,-16.214,-6.705,3.604,158.206,1.05634
4162,332960.0,1,0.09036107361316681,0.12323886901140213,0.29387,0.002837853506207466,-16.356,-6.673,3.536,158.424,1.05668
4163,333040.0,1,0.08513829112052917,0.12367069721221924,0.29417,0.003290677908807993,-16.349,-6.627,3.49,158.437,1.05682
4164,333120.0,1,0.07789505273103714,0.1233087033033371,0.29793,0.0026387625839561224,-16.432,-6.695,3.689,158.647,1.05788
4165,333200.0,1,0.051911838352680206,0.08463846892118454,0.30898,0.0024404306896030903,-16.485,-6.858,3.654,158.673,1.05843
4166,333280.0,1,0.056246284395456314,0.09515834599733353,0.30682,0.0024598322343081236,-16.822,-6.882,3.885,158.745,1.05897
4167,333360.0,1,0.06046507507562637,0.09911860525608063,0.30518,0.002618556609377265,-17.027,-6.65,3.98,158.559,1.06009
4168,333440.0,1,0.057813528925180435,0.09055766463279724,0.3088,0.0026202769950032234,-16.781,-6.616,3.885,158.595,1.06012
4169,333520.0,1,0.05903694033622742,0.09106603264808655,0.30745,0.002604304812848568,-16.637,-6.711,3.833,158.535,1.06039
4170,333600.0,1,0.057786401361227036,0.09221082925796509,0.30732,0.002385609783232212,-16.529,-6.749,3.742,158.444,1.06117
4171,333680.0,1,0.05657775700092316,0.09119035303592682,0.30573,0.0023612796794623137,-16.073,-6.789,3.68,158.272,1.06169
4172,333760.0,1,0.057396356016397476,0.08857080340385437,0.30379,0.0025675236247479916,-16.096,-6.831,3.664,158.204,1.06235
4173,333840.0,1,0.058482758700847626,0.09553467482328415,0.3033,0.0026436098851263523,-16.284,-6.741,3.642,158.123,1.06336
4174,333920.0,1,0.0469476655125618,0.09401969611644745,0.3056,0.0028960444033145905,-16.375,-6.806,3.551,158.111,1.06366
4175,334000.0,1,0.04422656446695328,0.0877966359257698,0.30739,0.003202040446922183,-16.581,-6.886,3.587,158.035,1.06405
4176,334080.0,1,0.04433554410934448,0.08900460600852966,0.30833,0.0030817710794508457,-16.499,-6.962,3.54,157.945,1.06455
4177,334160.0,1,0.04469876363873482,0.08710432797670364,0.30917,0.003105208044871688,-16.579,-7.074,3.566,157.875,1.06452
4178,334240.0,1,0.04762585833668709,0.09150135517120361,0.30778,0.002650418784469366,-16.654,-7.031,3.451,157.763,1.06843
4179,334320.0,1,0.048720378428697586,0.09443170577287674,0.30748,0.0024209117982536554,-16.699,-7.038,3.409,157.674,1.06909
4180,334400.0,1,0.05116499587893486,0.10014406591653824,0.30701,0.0025392347015440464,-16.889,-7.014,3.385,157.693,1.06957
4181,334480.0,1,0.051154352724552155,0.10322844982147217,0.30636,0.001951889949850738,-16.92,-7.006,3.376,157.648,1.06974
4182,334560.0,1,0.058602869510650635,0.11172737926244736,0.30216,0.0020574822556227446,-17.105,-6.933,3.3,157.696,1.0694
4183,334640.0,1,0.05762049928307533,0.10992998629808426,0.30385,0.0018955464474856853,-17.182,-6.93,3.268,157.636,1.06921
4184,334720.0,1,0.06180010363459587,0.1262597143650055,0.30306,0.0017341346247121692,-17.104,-6.76,3.062,157.665,1.06854
4185,334800.0,1,0.07032462954521179,0.11989927291870117,0.30287,0.0012077768333256245,-17.207,-6.633,3.103,157.612,1.06825
4186,334880.0,1,0.07260265946388245,0.08980279415845871,0.31095,0.0005570155917666852,-17.771,-6.311,3.358,157.576,1.06622
4187,334960.0,1,0.07568720728158951,0.07737907767295837,0.30906,0.00037307522143237293,-18.05,-6.04,3.517,157.335,1.06578
4188,335040.0,1,0.09749799966812134,0.09842011332511902,0.29929,0.00022219083621166646,-18.165,-6.014,3.907,157.23,1.06577
4189,335120.0,1,0.09971959888935089,0.0949171856045723,0.30319,0.00022519488993566483,-18.204,-6.014,4.003,157.131,1.06513
4190,335200.0,1,0.08762311935424805,0.09657762199640274,0.30648,0.00021011456556152552,-18.151,-6.006,3.949,157.134,1.06446
4191,335280.0,1,0.1089543029665947,0.11780817806720734,0.29865,0.0002041287807514891,-17.785,-6.05,3.85,157.054,1.06423
4192,335360.0,1,0.09790457040071487,0.09269358962774277,0.307,0.0001555105554871261,-17.946,-6.028,4.073,157.21,1.06108
4193,335440.0,1,0.09856069087982178,0.09399310499429703,0.3038,0.00018035461835097522,-18.141,-5.992,4.1,157.194,1.05943
4194,335520.0,1,0.10767257958650589,0.10999621450901031,0.29996,0.00015182486095000058,-18.165,-6.051,4.016,157.343,1.05841
4195,335600.0,1,0.10400322824716568,0.09474119544029236,0.30422,0.00016441640036646277,-18.28,-6.07,3.843,157.327,1.05808
4196,335680.0,1,0.11138947308063507,0.10257202386856079,0.29802,0.00019836891442537308,-18.423,-6.22,3.76,157.584,1.05778
4197,335760.0,1,0.11963582038879395,0.10277918726205826,0.29747,0.0001694222301011905,-18.45,-6.341,3.842,157.59,1.05728
4198,335840.0,1,0.12012144923210144,0.10140740871429443,0.29826,0.00018525471386965364,-18.439,-6.397,3.891,157.732,1.05679
4199,335920.0,1,0.11567898839712143,0.10520689189434052,0.29834,0.00020929198944941163,-18.491,-6.367,4.099,157.728,1.05659
4200,336000.0,1,0.10784218460321426,0.10302592068910599,0.29736,0.0002707291569095105,-18.405,-6.365,4.11,157.814,1.05664
4201,336080.0,1,0.10437756031751633,0.10386662930250168,0.29775,0.0002879089443013072,-18.443,-6.36,4.037,157.732,1.05656
4202,336160.0,1,0.10552675276994705,0.1041388288140297,0.29739,0.0002844075788743794,-18.479,-6.41,4.009,157.817,1.05674
4203,336240.0,1,0.10334818810224533,0.09626780450344086,0.29849,0.00026132684433832765,-18.466,-6.343,3.982,157.733,1.05679
4204,336320.0,1,0.10633929818868637,0.10881080478429794,0.29391,0.00029205731698311865,-18.596,-6.277,3.964,157.847,1.05675
4205,336400.0,1,0.11465667933225632,0.11584547162055969,0.29388,0.0003313295019324869,-18.721,-6.296,3.887,157.725,1.05761
4206,336480.0,1,0.11832434684038162,0.11567369848489761,0.29429,0.000302136322716251,-18.931,-6.52,3.842,157.723,1.05767
4207,336560.0,1,0.12550681829452515,0.12177369743585587,0.29343,0.0002915456716436893,-18.925,-6.564,3.795,157.522,1.05935
4208,336640.0,1,0.13224545121192932,0.12686018645763397,0.28993,0.00037950320984236896,-18.77,-6.591,3.684,157.633,1.05963
4209,336720.0,1,0.13314153254032135,0.13057945668697357,0.28918,0.00048646237701177597,-18.797,-6.535,3.31,157.617,1.05981
4210,336800.0,1,0.13616441190242767,0.13438281416893005,0.2884,0.0004283036105334759,-18.691,-6.697,3.425,157.753,1.05928
4211,336880.0,1,0.1237567812204361,0.12993384897708893,0.29125,0.0004198503738734871,-18.872,-6.733,3.46,157.588,1.05989
4212,336960.0,1,0.13052673637866974,0.13772541284561157,0.2887,0.0003104299248661846,-18.143,-6.805,3.447,157.695,1.05931
4213,337040.0,1,0.12792956829071045,0.13257117569446564,0.29061,0.0002948337350971997,-17.943,-6.85,3.479,157.682,1.05952
4214,337120.0,1,0.11829405277967453,0.11381147056818008,0.29491,0.0002529066987335682,-18.21,-6.911,3.587,157.791,1.05892
4215,337200.0,1,0.11576080322265625,0.11281011253595352,0.29563,0.00023975175281520933,-18.208,-6.881,3.605,157.594,1.0601
4216,337280.0,1,0.11555740237236023,0.11101493239402771,0.2956,0.00024110838421620429,-18.176,-6.844,3.603,157.547,1.06148
4217,337360.0,1,0.10857388377189636,0.09793166816234589,0.29674,0.00028251524781808257,-18.439,-6.795,3.708,157.372,1.06232
4218,337440.0,1,0.12074949592351913,0.11075073480606079,0.29083,0.00027566359494812787,-18.365,-6.767,3.654,157.428,1.06242
4219,337520.0,1,0.11342334747314453,0.11055821180343628,0.29281,0.0002722812641877681,-18.41,-6.809,3.588,157.285,1.06293
4220,337600.0,1,0.11431232839822769,0.10855033248662949,0.29236,0.0002654969575814903,-18.385,-6.878,3.583,157.328,1.06296
4221,337680.0,1,0.11555090546607971,0.1104014441370964,0.29287,0.00025866407668218017,-18.495,-6.87,3.569,157.276,1.06378
4222,337760.0,1,0.11291925609111786,0.10707946866750717,0.29494,0.0002414541522739455,-18.507,-6.875,3.605,157.304,1.06401
4223,337840.0,1,0.11404650658369064,0.10493021458387375,0.2961,0.00024135793501045555,-18.722,-6.936,3.497,157.185,1.06449
4224,337920.0,1,0.1130862832069397,0.10799403488636017,0.29496,0.00020099537505302578,-18.904,-7.098,3.507,157.223,1.06487
4225,338000.0,1,0.10944778472185135,0.10591545701026917,0.29566,0.00020057399524375796,-19.142,-7.155,3.523,157.262,1.06445
4226,338080.0,1,0.10450039803981781,0.10511473566293716,0.29641,0.00019907797104679048,-19.339,-7.182,3.523,157.322,1.06442
4227,338160.0,1,0.10802748799324036,0.1067642793059349,0.29575,0.0001957080967258662,-19.38,-7.165,3.516,157.284,1.06224
4228,338240.0,1,0.11441466212272644,0.11403708904981613,0.29451,0.00018080954032484442,-19.439,-7.16,3.406,157.407,1.06106
4229,338320.0,1,0.11654163897037506,0.11775319278240204,0.29512,0.00015737775538582355,-19.43,-7.144,3.386,157.428,1.06027
4230,338400.0,1,0.11456409096717834,0.11123640090227127,0.29631,0.00014931098849046975,-19.564,-7.173,3.41,157.521,1.05969
4231,338480.0,1,0.1128922775387764,0.11413709819316864,0.2959,0.0001499230129411444,-19.601,-7.146,3.32,157.528,1.05899
4232,338560.0,1,0.11524363607168198,0.11539916694164276,0.29396,0.00013873993884772062,-19.624,-7.166,3.377,157.696,1.05861
4233,338640.0,1,0.11476057022809982,0.11309782415628433,0.29397,0.00013117580965626985,-19.669,-7.074,3.534,157.7,1.05765
4234,338720.0,1,0.11690438538789749,0.11299345642328262,0.29361,0.0001246376777999103,-19.719,-7.072,3.521,157.811,1.05757
4235,338800.0,1,0.11760160326957703,0.11270406097173691,0.29371,0.00012247051927261055,-19.721,-7.017,3.512,157.879,1.05686
4236,338880.0,1,0.11941259354352951,0.10827749967575073,0.2948,0.0001181959014502354,-19.573,-7.144,3.6,158.011,1.05544
4237,338960.0,1,0.12043137103319168,0.1107601672410965,0.29467,0.00011801908840425313,-19.747,-7.163,3.644,158.017,1.05518
4238,339040.0,1,0.12077336013317108,0.1136559471487999,0.29507,0.0001364018680760637,-19.813,-7.198,3.65,158.112,1.05474
4239,339120.0,1,0.11317139863967896,0.1136547401547432,0.29713,0.00015888373309280723,-19.936,-7.178,3.752,158.252,1.05329
4240,339200.0,1,0.13077491521835327,0.12245362997055054,0.29406,0.00019193887419532984,-19.985,-7.141,3.83,158.265,1.05294
4241,339280.0,1,0.7269394397735596,0.6035513281822205,0.11335,0.00032247829949483275,-19.735,-6.79,3.647,158.203,1.05288
4242,339360.0,1,0.48681968450546265,0.47427454590797424,0.18449,0.00023802122450433671,-19.643,-6.857,3.759,158.243,1.05254
4243,339440.0,1,0.3025996685028076,0.3521859645843506,0.2329,0.00022157520288601518,-19.625,-6.948,3.759,158.217,1.05206
4244,339520.0,1,0.22700048983097076,0.2548898160457611,0.25377,0.0002008689334616065,-19.493,-6.987,3.765,158.338,1.05143
4245,339600.0,1,0.18376220762729645,0.2048279494047165,0.26625,0.0001923233940033242,-19.492,-7.026,3.777,158.303,1.05123
4246,339680.0,1,0.17324313521385193,0.1832524687051773,0.26963,0.00019557397172320634,-19.47,-7.101,3.778,158.381,1.05118
4247,339760.0,1,0.16563498973846436,0.16846074163913727,0.27336,0.00019077114120591432,-19.496,-7.111,3.792,158.397,1.05073
4248,339840.0,1,0.14869791269302368,0.15613801777362823,0.28064,0.00017545474111102521,-19.705,-6.929,3.838,158.557,1.04986
4249,339920.0,1,0.13586601614952087,0.1421482115983963,0.28629,0.00016582172247581184,-19.681,-6.908,3.872,158.58,1.04896
4250,340000.0,1,0.12862783670425415,0.13140200078487396,0.28923,0.00014999682025518268,-19.759,-6.766,3.885,158.627,1.04828
4251,340080.0,1,0.12463648617267609,0.12473821640014648,0.2906,0.00015606732631567866,-19.799,-6.803,3.892,158.616,1.04813
4252,340160.0,1,0.12171466648578644,0.1203315332531929,0.291,0.00016777652490418404,-19.887,-6.865,3.915,158.669,1.04796
4253,340240.0,1,0.12209766358137131,0.12169323116540909,0.28958,0.00017222996393684298,-19.969,-6.857,3.883,158.724,1.04773
4254,340320.0,1,0.11791148781776428,0.11334765702486038,0.29302,0.00019054663425777107,-20.171,-6.902,3.911,158.837,1.04718
4255,340400.0,1,0.11986742913722992,0.11337821185588837,0.29142,0.00018800669931806624,-20.103,-6.921,3.845,158.824,1.04723
4256,340480.0,1,0.1207612082362175,0.1190202459692955,0.28981,0.00019953955779783428,-20.084,-6.948,3.79,158.901,1.04684
4257,340560.0,1,0.11992063373327255,0.11600670963525772,0.29044,0.00019642261031549424,-20.048,-7.02,3.774,158.921,1.0463
4258,340640.0,1,0.11361568421125412,0.11631204932928085,0.29267,0.00020881280943285674,-20.095,-6.973,3.674,159.027,1.04619
4259,340720.0,1,0.1200070008635521,0.11841476708650589,0.29064,0.0002151360095012933,-20.005,-6.89,3.702,159.03,1.04573
4260,340800.0,1,0.1130005344748497,0.10778622329235077,0.29537,0.00016549504653085023,-20.007,-6.892,3.721,159.137,1.04451
4261,340880.0,1,0.12081527709960938,0.1289888173341751,0.29164,0.0001422685745637864,-19.91,-6.908,3.781,159.112,1.04483
4262,340960.0,1,0.12437321990728378,0.13185931742191315,0.29309,0.0001275538234040141,-19.911,-6.877,3.86,159.263,1.04489
4263,341040.0,1,0.12147234380245209,0.12935331463813782,0.29461,0.00012818250979762524,-19.893,-6.832,3.871,159.183,1.04492
4264,341120.0,1,0.11533395946025848,0.12592513859272003,0.29521,0.00012149009853601456,-19.903,-6.786,3.883,159.375,1.04429
4265,341200.0,1,0.11072554439306259,0.12355726957321167,0.2959,0.00013251359632704407,-19.853,-6.767,3.868,159.439,1.04381
4266,341280.0,1,0.10873805731534958,0.1198946088552475,0.29642,0.00013105254038237035,-19.841,-6.751,3.869,159.449,1.04394
4267,341360.0,1,0.10675643384456635,0.11623995751142502,0.29667,0.00012365712609607726,-19.812,-6.736,3.881,159.416,1.04364
4268,341440.0,1,0.10330644249916077,0.11434485018253326,0.29726,0.00012009982310701162,-19.757,-6.683,3.871,159.457,1.04308
4269,341520.0,1,0.1013982892036438,0.11088687926530838,0.29807,0.0001235614181496203,-19.759,-6.637,3.814,159.381,1.04333
4270,341600.0,1,0.10416091233491898,0.10660774260759354,0.29832,0.00013597305223811418,-19.712,-6.646,3.716,159.501,1.04308
4271,341680.0,1,0.08778462558984756,0.08171112835407257,0.30816,0.00029376777820289135,-19.702,-6.494,3.773,159.554,1.04324
4272,341760.0,1,0.09360705316066742,0.08611861616373062,0.30587,0.0001410914701409638,-19.885,-6.462,3.723,159.556,1.04348
4273,341840.0,1,0.08407934755086899,0.08358163386583328,0.30609,0.00011050300963688642,-19.837,-6.482,3.778,159.489,1.04342
4274,341920.0,1,0.08480876684188843,0.08224210888147354,0.30711,0.0001534660841571167,-20.062,-6.558,3.789,159.526,1.04342
4275,342000.0,1,0.08898884803056717,0.08697687089443207,0.30585,0.00017379286873620003,-20.048,-6.554,3.782,159.397,1.04382
4276,342080.0,1,0.09426181763410568,0.0895034447312355,0.30601,0.00016619246162008494,-20.346,-6.454,3.727,159.428,1.04345
4277,342160.0,1,0.08875294774770737,0.08876735717058182,0.30649,0.0001522139209555462,-20.325,-6.44,3.764,159.363,1.04359
4278,342240.0,1,0.3451092541217804,0.3250809907913208,0.23121,0.0001975985214812681,-20.451,-6.424,3.27,159.45,1.04334
4279,342320.0,1,0.7264919877052307,0.7131119966506958,0.0857,0.0003118125023320317,-20.768,-6.473,2.881,159.427,1.04366
4280,342400.0,1,0.5647173523902893,0.5755563974380493,0.14597,0.00032041341182775795,-20.522,-6.441,2.789,159.415,1.04317
4281,342480.0,1,0.1627938598394394,0.2159525454044342,0.27534,0.00027206382947042584,-19.849,-6.477,2.697,159.286,1.0443
4282,342560.0,1,0.12230505049228668,0.1277000904083252,0.29504,0.00019405267084948719,-19.64,-6.346,2.642,159.433,1.04441
4283,342640.0,1,0.10818638652563095,0.11437422037124634,0.29577,0.00013360613957047462,-19.34,-6.367,2.808,159.357,1.04468
4284,342720.0,1,0.10975108295679092,0.12270082533359528,0.29603,0.00014133492368273437,-19.467,-6.458,2.827,159.331,1.04568
4285,342800.0,1,0.0741381049156189,0.08309940993785858,0.3098,0.00012239450006745756,-19.082,-6.472,2.855,159.062,1.0478
4286,342880.0,1,0.05873585119843483,0.06490285694599152,0.32102,0.00011204418842680752,-19.054,-6.515,2.618,159.151,1.0478
4287,342960.0,1,0.05936271697282791,0.07567169517278671,0.31775,0.00012723312829621136,-19.227,-6.672,2.767,159.129,1.04847
4288,343040.0,1,0.06590306013822556,0.08418671786785126,0.31175,0.00015064726176206023,-19.271,-6.637,2.846,159.221,1.04871
4289,343120.0,1,0.06403239816427231,0.07028596848249435,0.31629,0.00019448350940365344,-19.226,-6.683,2.722,159.208,1.04865
4290,343200.0,1,0.04071754217147827,0.04235081374645233,0.33631,0.00011077130329795182,-18.725,-6.665,2.638,159.177,1.04817
4291,343280.0,1,0.05491563677787781,0.05136588215827942,0.32576,7.896196621004492e-05,-18.439,-6.478,2.409,159.108,1.04806
4292,343360.0,1,0.05345553532242775,0.059222765266895294,0.3228,0.00012624986993614584,-18.557,-6.536,2.495,159.239,1.04761
4293,343440.0,1,0.0540539026260376,0.06205131858587265,0.32117,0.00012153099669376388,-18.559,-6.524,2.492,159.215,1.04789
4294,343520.0,1,0.056289467960596085,0.05445324629545212,0.31856,0.0001335602719336748,-18.987,-6.444,2.357,159.354,1.04781
4295,343600.0,1,0.05576435849070549,0.05317453294992447,0.31906,0.00012836718815378845,-19.383,-6.637,2.239,159.376,1.04724
4296,343680.0,1,0.045649636536836624,0.053876131772994995,0.32398,0.0001700668944977224,-19.529,-6.828,2.198,159.371,1.04736
4297,343760.0,1,0.04404754191637039,0.05057162046432495,0.32643,0.00016055762534961104,-19.599,-6.871,2.259,159.376,1.04728
4298,343840.0,1,0.04727964103221893,0.05160963535308838,0.32524,0.00015133401029743254,-19.593,-6.932,2.275,159.436,1.04725
4299,343920.0,1,0.05361950770020485,0.05400262400507927,0.32254,0.0001429858384653926,-19.521,-6.97,2.269,159.345,1.04743
4300,344000.0,1,0.05777023360133171,0.05738845840096474,0.32074,0.00015695393085479736,-19.534,-6.992,2.27,159.345,1.04773
4301,344080.0,1,0.059780169278383255,0.05908865109086037,0.32012,0.00020238439901731908,-19.825,-6.948,2.371,159.268,1.04817
4302,344160.0,1,0.07112610340118408,0.06862512975931168,0.31304,0.0001950621954165399,-19.823,-6.99,2.354,159.319,1.04787
4303,344240.0,1,0.07944846898317337,0.07535037398338318,0.30814,0.00018401918350718915,-20.091,-7.048,2.39,159.27,1.04814
4304,344320.0,1,0.08931092917919159,0.08216196298599243,0.30453,0.00017205497715622187,-20.199,-7.032,2.41,159.311,1.04828
4305,344400.0,1,0.09618473798036575,0.08939285576343536,0.30206,0.0001609619939699769,-20.137,-7.097,2.364,159.088,1.05063
4306,344480.0,1,0.10160528868436813,0.09461113810539246,0.30062,0.00016472018614877015,-20.332,-7.117,2.308,159.087,1.05182
4307,344560.0,1,0.10096493363380432,0.09593035280704498,0.30079,0.0001715084072202444,-20.317,-7.098,2.268,159.024,1.05257
4308,344640.0,1,0.1007215604186058,0.09612391889095306,0.30052,0.000165150297107175,-20.12,-7.019,2.246,158.998,1.05311
4309,344720.0,1,0.09276431798934937,0.08982911705970764,0.3046,0.0001709598145680502,-19.949,-6.983,2.188,158.939,1.05352
4310,344800.0,1,0.09630507975816727,0.09379695355892181,0.30172,0.0001613196945982054,-19.835,-6.898,2.142,159.0,1.05371
4311,344880.0,1,0.09546646475791931,0.09645233303308487,0.30184,0.0001738409191602841,-19.697,-6.81,2.073,158.873,1.05414
4312,344960.0,1,0.09934050589799881,0.0995514765381813,0.30036,0.00014113263750914484,-19.374,-6.959,2.02,158.962,1.0537
4313,345040.0,1,0.10025019943714142,0.10315041244029999,0.30021,0.0001336462883045897,-19.336,-6.986,2.034,158.88,1.05447
4314,345120.0,1,0.10058370232582092,0.10093419253826141,0.30156,0.00012501572200562805,-19.369,-6.944,2.061,158.881,1.05449
4315,345200.0,1,0.10341095924377441,0.10527057200670242,0.30063,0.00011729019024642184,-19.338,-6.969,2.03,158.835,1.0549
4316,345280.0,1,0.10425103455781937,0.10544124990701675,0.29974,0.00012185684317955747,-19.421,-6.926,2.139,158.912,1.05456
4317,345360.0,1,0.10468301177024841,0.10422876477241516,0.29959,0.00011817247286671773,-19.18,-6.846,2.085,158.889,1.05471
4318,345440.0,1,0.10479702800512314,0.10093330591917038,0.29914,0.00010500197095097974,-19.115,-6.887,2.116,159.04,1.05457
4319,345520.0,1,0.10425888001918793,0.10237856954336166,0.29896,0.00011793168960139155,-18.953,-6.958,2.087,158.939,1.05474
4320,345600.0,1,0.10181435197591782,0.10426225513219833,0.29798,0.00012720571248792112,-19.057,-7.038,2.036,158.923,1.05443
4321,345680.0,1,0.10062927007675171,0.10532141476869583,0.29845,0.00013668321480508894,-19.07,-7.037,1.89,159.02,1.05403
4322,345760.0,1,0.10089752078056335,0.10723268240690231,0.29854,0.00014051655307412148,-19.096,-7.108,1.912,159.145,1.05407
4323,345840.0,1,0.09556368738412857,0.1079595610499382,0.29854,0.000152124252053909,-19.204,-7.187,1.89,159.151,1.0544
4324,345920.0,1,0.09618134796619415,0.11117377132177353,0.29904,0.00014657434076070786,-19.336,-7.204,1.911,159.257,1.05393
4325,346000.0,1,0.09590119123458862,0.1087012067437172,0.30022,0.0001407097588526085,-19.634,-7.214,2.018,159.199,1.05383
4326,346080.0,1,0.09664095938205719,0.1066318154335022,0.30061,0.00013471476268023252,-19.701,-7.265,2.04,159.292,1.05391
4327,346160.0,1,0.09739413857460022,0.10503577440977097,0.29931,0.0001281670993193984,-19.717,-7.258,1.954,159.278,1.05376
4328,346240.0,1,0.11268746107816696,0.13463418185710907,0.29007,0.0001436224702047184,-20.263,-6.927,1.85,159.4,1.05342
4329,346320.0,1,0.7832387685775757,0.7806980609893799,0.06462,0.0001938773348229006,-21.412,-6.849,1.689,159.357,1.05377
4330,346400.0,1,0.7860521674156189,0.7879295945167542,0.05351,0.00022878617164678872,-21.62,-6.835,1.758,159.404,1.0535
4331,346480.0,1,0.726012110710144,0.7816372513771057,0.07829,0.000216504413401708,-21.638,-6.831,1.893,159.379,1.05359
4332,346560.0,1,0.44282764196395874,0.47166168689727783,0.2007,0.00013518791820388287,-21.554,-6.815,1.902,159.331,1.0534
4333,346640.0,1,0.2370000034570694,0.2501148283481598,0.25607,0.00010030400153482333,-21.225,-6.903,1.948,159.248,1.05298
4334,346720.0,1,0.1867922842502594,0.21553851664066315,0.26934,9.492749813944101e-05,-20.836,-7.016,1.965,159.336,1.05277
4335,346800.0,1,0.1614021360874176,0.1713448464870453,0.28328,9.406702884007245e-05,-20.654,-7.04,1.987,159.155,1.05298
4336,346880.0,1,0.15128709375858307,0.1531951129436493,0.2873,8.991851791506633e-05,-20.638,-7.041,1.863,159.24,1.05259
4337,346960.0,1,0.15473897755146027,0.15502981841564178,0.28643,9.652342851040885e-05,-20.54,-7.029,1.809,159.217,1.05251
4338,347040.0,1,0.15666136145591736,0.15164066851139069,0.28584,9.539873281028122e-05,-20.54,-7.083,1.876,159.348,1.05236
4339,347120.0,1,0.10734391212463379,0.12174731492996216,0.30187,0.00011269772221567109,-20.739,-7.166,1.946,159.331,1.05248
4340,347200.0,1,0.10302674025297165,0.12078660726547241,0.30177,0.00010113901225849986,-21.031,-7.153,1.922,159.527,1.05257
4341,347280.0,1,0.10990653187036514,0.14967426657676697,0.29552,0.0001105570700019598,-21.535,-7.086,2.082,159.529,1.05259
4342,347360.0,1,0.11580686271190643,0.15733858942985535,0.29441,0.00011387194535927847,-21.603,-7.09,2.092,159.588,1.05228
4343,347440.0,1,0.12128300219774246,0.14638498425483704,0.29528,0.00010128899157280102,-21.615,-7.126,2.191,159.496,1.05229
4344,347520.0,1,0.11446301639080048,0.11430949717760086,0.29971,9.792715718504041e-05,-21.618,-7.058,2.191,159.653,1.05227
4345,347600.0,1,0.12346426397562027,0.11455470323562622,0.29652,0.00010703392763389274,-21.606,-6.818,2.178,159.545,1.05239
4346,347680.0,1,0.1276220679283142,0.11920063942670822,0.29287,0.00010853986168513075,-21.619,-6.887,2.148,159.502,1.05235
4347,347760.0,1,0.12796741724014282,0.12399720400571823,0.29062,0.00010565552656771615,-21.42,-6.954,2.057,159.447,1.05247
4348,347840.0,1,0.13074421882629395,0.12689560651779175,0.28933,0.00011327563697705045,-21.311,-6.965,2.009,159.443,1.05245
4349,347920.0,1,0.1280355006456375,0.13534176349639893,0.28987,0.00013876693265046924,-21.722,-6.908,1.818,157.97,1.06538
4350,348000.0,1,0.13626720011234283,0.142208993434906,0.28774,0.00013016331649851054,-21.991,-6.782,1.839,157.896,1.06856
4351,348080.0,1,0.15870074927806854,0.18823666870594025,0.2797,0.00012064596376148984,-22.031,-6.705,1.989,157.744,1.06959
4352,348160.0,1,0.13160482048988342,0.19212684035301208,0.28279,0.00016899837646633387,-22.135,-6.797,2.038,157.849,1.06957
4353,348240.0,1,0.1157141849398613,0.18459847569465637,0.28484,0.00013946922263130546,-22.034,-6.774,2.061,157.821,1.06993
4354,348320.0,1,0.10826880484819412,0.17942993342876434,0.28739,0.00012430440983735025,-21.902,-6.733,1.968,157.912,1.07054
4355,348400.0,1,0.11019064486026764,0.1832624077796936,0.28652,0.00011656567949103191,-21.976,-6.733,1.921,157.841,1.07156
4356,348480.0,1,0.10936525464057922,0.16134068369865417,0.28953,0.00010260799899697304,-21.886,-6.738,1.88,157.759,1.07349
4357,348560.0,1,0.10946520417928696,0.16619552671909332,0.2879,9.992099512601271e-05,-21.428,-6.601,1.733,157.759,1.07362
4358,348640.0,1,0.08586354553699493,0.13571888208389282,0.29931,8.299094770336524e-05,-21.254,-6.592,1.766,157.872,1.07365
4359,348720.0,1,0.08277866989374161,0.13088160753250122,0.30088,9.918735304381698e-05,-21.291,-6.551,1.663,157.856,1.07463
4360,348800.0,1,0.07816526293754578,0.11850734055042267,0.30551,0.00010835796274477616,-21.406,-6.492,1.777,157.967,1.07453
4361,348880.0,1,0.08141916245222092,0.11937210708856583,0.30309,0.0001027817270369269,-21.657,-6.534,1.843,157.91,1.075
4362,348960.0,1,0.08389833569526672,0.1219668909907341,0.30005,9.226537076756358e-05,-21.727,-6.55,1.869,157.918,1.07464
4363,349040.0,1,0.0858633890748024,0.12433412671089172,0.30014,8.880969107849523e-05,-21.629,-6.598,1.951,157.826,1.07499
4364,349120.0,1,0.08358684182167053,0.12428978830575943,0.30031,9.532406693324447e-05,-21.544,-6.559,1.952,157.887,1.07424
4365,349200.0,1,0.08805179595947266,0.12405535578727722,0.29914,8.951794734457508e-05,-21.558,-6.573,1.88,157.851,1.07441
4366,349280.0,1,0.08781358599662781,0.12467925995588303,0.29903,8.342545334016904e-05,-21.547,-6.598,1.847,157.962,1.0738
4367,349360.0,1,0.09305605292320251,0.12122971564531326,0.29498,6.948783266125247e-05,-21.246,-6.731,1.788,158.111,1.07319
4368,349440.0,1,0.09061472862958908,0.11650553345680237,0.29827,5.36532279511448e-05,-21.115,-6.658,1.967,158.314,1.07102
4369,349520.0,1,0.08888209611177444,0.1132543608546257,0.30092,5.2908872021362185e-05,-21.187,-6.699,1.999,158.385,1.07109
4370,349600.0,1,0.08710233122110367,0.11425814777612686,0.3004,6.142989150248468e-05,-21.262,-6.734,1.916,158.659,1.06925
4371,349680.0,1,0.08453629165887833,0.11335530132055283,0.30099,6.605251837754622e-05,-21.417,-6.735,1.798,158.589,1.06933
4372,349760.0,1,0.07873530685901642,0.10632330179214478,0.30308,7.430221739923581e-05,-21.456,-6.716,1.767,158.706,1.06827
4373,349840.0,1,0.08025487512350082,0.10685315728187561,0.3027,7.814396667527035e-05,-21.415,-6.728,1.798,158.655,1.0673
4374,349920.0,1,0.08217976987361908,0.11115891486406326,0.30181,7.712860679021105e-05,-21.445,-6.735,1.842,158.657,1.06756
4375,350000.0,1,0.07324709743261337,0.10738936811685562,0.30487,9.212258737534285e-05,-21.352,-6.703,2.008,158.482,1.06812
4376,350080.0,1,0.06971362978219986,0.09382864087820053,0.30897,9.619502816349268e-05,-21.382,-6.68,2.056,158.455,1.06764
4377,350160.0,1,0.09372077137231827,0.1244768351316452,0.29288,0.00011754580918932334,-21.042,-6.62,1.952,158.287,1.06843
4378,350240.0,1,0.7824057936668396,0.7381789684295654,0.07449,0.00015812230412848294,-22.22,-6.564,1.545,158.321,1.06865
4379,350320.0,1,0.7156569957733154,0.670647144317627,0.11008,0.00017206564371008426,-22.014,-6.72,1.591,158.218,1.06917
4380,350400.0,1,0.3838748335838318,0.41114571690559387,0.22161,0.00013226564624346793,-21.541,-6.632,1.773,158.167,1.069
4381,350480.0,1,0.229139044880867,0.21195299923419952,0.26403,0.0001171007752418518,-21.105,-6.633,1.931,158.176,1.06857
4382,350560.0,1,0.17039400339126587,0.1735137701034546,0.27673,0.00013347102503757924,-20.962,-6.621,1.928,158.244,1.06858
4383,350640.0,1,0.14162425696849823,0.15308018028736115,0.28465,0.00011156187974847853,-20.923,-6.634,1.861,158.189,1.06922
4384,350720.0,1,0.09058885276317596,0.10503604263067245,0.30132,0.00012421933934092522,-21.264,-6.744,1.637,158.382,1.06953
4385,350800.0,1,0.08798087388277054,0.10109516978263855,0.30424,0.00014289274986367673,-21.495,-6.866,1.696,158.153,1.06781
4386,350880.0,1,0.08964136242866516,0.10041851550340652,0.30364,0.0001497588527854532,-21.627,-6.923,1.658,158.179,1.0673
4387,350960.0,1,0.07981988787651062,0.0869482234120369,0.31082,0.00016665534349158406,-21.299,-6.666,1.591,158.016,1.06746
4388,351040.0,1,0.0737072005867958,0.07924261689186096,0.31474,0.00016515408060513437,-21.267,-6.724,1.687,158.049,1.06744
4389,351120.0,1,0.08213069289922714,0.08558837324380875,0.31056,0.00017165089957416058,-21.185,-6.731,1.688,157.935,1.06806
4390,351200.0,1,0.08550036698579788,0.08345306664705276,0.3102,0.00016752442752476782,-20.986,-6.688,1.695,157.997,1.06761
4391,351280.0,1,0.0841936394572258,0.08640416711568832,0.30924,0.00018002217984758317,-20.781,-6.61,1.656,157.959,1.06807
4392,351360.0,1,0.08739171922206879,0.0867091491818428,0.30696,0.00013854404096491635,-20.78,-6.67,1.784,158.244,1.06265
4393,351440.0,1,0.09405296295881271,0.08682481944561005,0.30565,0.0001221463899128139,-21.144,-6.791,1.886,158.247,1.06176
4394,351520.0,1,0.10794920474290848,0.08885452151298523,0.30004,0.000116099210572429,-20.974,-6.857,2.126,158.318,1.06111
4395,351600.0,1,0.10910975933074951,0.09449898451566696,0.29994,0.00011101461132057011,-20.964,-6.846,2.186,158.278,1.06067
4396,351680.0,1,0.11069327592849731,0.1017104908823967,0.29816,0.00010695425589801744,-21.011,-6.839,2.194,158.349,1.06061
4397,351760.0,1,0.10426987707614899,0.10464023798704147,0.29798,0.00012020592839689925,-20.821,-6.921,2.152,158.362,1.06026
4398,351840.0,1,0.10508422553539276,0.1060614138841629,0.29731,0.00012134004646213725,-20.825,-6.92,2.137,158.392,1.06031
4399,351920.0,1,0.09487900882959366,0.10002772510051727,0.29705,0.00012491716188378632,-20.736,-7.012,1.917,158.296,1.06045
4400,352000.0,1,0.10283882170915604,0.10015378892421722,0.29763,0.00011256025027250871,-20.782,-6.988,1.873,158.481,1.05971
4401,352080.0,1,0.09489389508962631,0.09861915558576584,0.30037,0.00010650460899341851,-20.765,-6.801,1.673,158.865,1.0567
4402,352160.0,1,0.10114720463752747,0.10341978818178177,0.29878,0.00010082566586788744,-20.838,-6.664,1.709,159.168,1.05431
4403,352240.0,1,0.10624753683805466,0.10436441749334335,0.29799,9.594969014870003e-05,-20.781,-6.543,1.495,159.251,1.05292
4404,352320.0,1,0.10937439650297165,0.11042981594800949,0.29562,8.723414794076234e-05,-20.597,-6.557,1.992,159.562,1.0512
4405,352400.0,1,0.11549631506204605,0.10915375500917435,0.2982,9.897279232973233e-05,-20.715,-6.481,2.124,159.514,1.05172
4406,352480.0,1,0.10396266728639603,0.10758530348539352,0.30064,8.82538515725173e-05,-20.442,-6.489,2.202,159.673,1.05091
4407,352560.0,1,0.0901244655251503,0.10457614064216614,0.3023,9.707431308925152e-05,-20.574,-6.486,2.122,159.631,1.05099
4408,352640.0,1,0.09214583039283752,0.108143649995327,0.29807,0.00010937176557490602,-20.593,-6.563,2.115,159.822,1.0503
4409,352720.0,1,0.08028997480869293,0.09971114248037338,0.30969,0.00014178143464960158,-20.777,-6.461,2.308,159.63,1.05091
4410,352800.0,1,0.08477894216775894,0.09277117252349854,0.30952,0.000110506487544626,-20.769,-6.535,2.192,159.723,1.05046
4411,352880.0,1,0.07471619546413422,0.07598299533128738,0.31521,9.896533447317779e-05,-20.715,-6.638,2.092,159.566,1.05023
4412,352960.0,1,0.07522037625312805,0.07602886855602264,0.31082,8.344869274878874e-05,-20.677,-6.716,2.208,159.529,1.05029
4413,353040.0,1,0.0755726769566536,0.0813765898346901,0.31121,0.00011332640860928223,-20.675,-6.648,2.193,159.313,1.05062
4414,353120.0,1,0.07817301899194717,0.08533680438995361,0.30942,0.00010397809091955423,-20.685,-6.61,2.098,159.343,1.05067
4415,353200.0,1,0.08015554398298264,0.08673498779535294,0.30773,0.00010460161865921691,-20.64,-6.621,2.068,159.243,1.05116
4416,353280.0,1,0.07741889357566833,0.08324940502643585,0.31157,0.00010048550757346675,-20.597,-6.556,2.159,159.235,1.05134
4417,353360.0,1,0.07513929903507233,0.08271044492721558,0.31312,8.747755782678723e-05,-20.637,-6.53,2.158,159.214,1.05158
4418,353440.0,1,0.07626651972532272,0.08279698342084885,0.31239,8.65359470481053e-05,-20.627,-6.509,2.155,159.264,1.0514
4419,353520.0,1,0.07701250910758972,0.08243469893932343,0.31201,8.671049727126956e-05,-20.635,-6.519,2.193,159.186,1.05187
4420,353600.0,1,0.07729090750217438,0.08231054991483688,0.31155,9.086078352993354e-05,-20.652,-6.525,2.163,159.188,1.05214
4421,353680.0,1,0.0779213234782219,0.08218682557344437,0.31058,7.804983761161566e-05,-20.587,-6.503,2.208,159.129,1.05237
4422,353760.0,1,0.07972311973571777,0.08409104496240616,0.30981,8.43447123770602e-05,-20.627,-6.593,2.232,159.176,1.05279
4423,353840.0,1,0.07974697649478912,0.08975442498922348,0.30782,8.252762199845165e-05,-20.614,-6.604,2.245,159.207,1.05233
4424,353920.0,1,0.07830635458230972,0.08881990611553192,0.30801,8.805142715573311e-05,-20.637,-6.587,2.232,159.15,1.05269
4425,354000.0,1,0.07674658298492432,0.08948809653520584,0.30821,9.761529508978128e-05,-20.665,-6.561,2.195,159.082,1.0531
4426,354080.0,1,0.07066896557807922,0.08341933786869049,0.31091,0.0001059247661032714,-20.674,-6.531,2.121,159.111,1.05274
4427,354160.0,1,0.057816505432128906,0.0730588287115097,0.318,0.000112768670078367,-20.531,-6.416,1.914,158.969,1.05303
4428,354240.0,1,0.06263142079114914,0.07608535140752792,0.31663,0.00010481310164323077,-20.659,-6.518,2.249,158.946,1.053
4429,354320.0,1,0.06367694586515427,0.07994171977043152,0.31317,9.644669626140967e-05,-20.628,-6.694,2.374,158.919,1.05284
4430,354400.0,1,0.06472483277320862,0.08323508501052856,0.31024,0.00010286467295372859,-20.612,-6.857,2.262,159.12,1.05269
4431,354480.0,1,0.06122095510363579,0.0816587507724762,0.31706,0.00010300818394171074,-20.54,-6.911,2.207,159.114,1.05261
4432,354560.0,1,0.04778885841369629,0.07644975930452347,0.32129,0.00010213923087576404,-20.547,-6.897,2.201,159.12,1.05208
4433,354640.0,1,0.05812416970729828,0.07876090705394745,0.31916,6.150262925075367e-05,-20.677,-6.648,2.311,159.192,1.05158
4434,354720.0,1,0.018377874046564102,0.03546600788831711,0.35888,0.00022529152920469642,-20.233,-6.446,3.031,158.569,1.05137
4435,354800.0,1,0.028509581461548805,0.044872257858514786,0.34983,0.0001776416174834594,-19.639,-6.867,2.712,158.185,1.05107
4436,354880.0,1,0.03821063041687012,0.058902621269226074,0.3404,0.00016197955119423568,-19.572,-6.859,2.622,158.015,1.05109
4437,354960.0,1,0.04916568472981453,0.06370487064123154,0.33191,9.829567716224119e-05,-19.584,-6.964,2.524,157.67,1.05114
4438,355040.0,1,0.0717042088508606,0.08366332203149796,0.31714,9.224002860719338e-05,-19.535,-6.95,1.852,157.603,1.05108
4439,355120.0,1,0.05100728198885918,0.07546370476484299,0.3245,0.0001596710499143228,-19.426,-7.061,2.112,157.361,1.05094
4440,355200.0,1,0.06833812594413757,0.0774446651339531,0.31429,0.00011931084736716002,-18.998,-6.926,1.792,157.421,1.04965
4441,355280.0,1,0.05831548944115639,0.06470968574285507,0.32067,7.828231900930405e-05,-18.905,-7.122,1.585,160.212,1.04411
4442,355360.0,1,0.043524451553821564,0.0525815412402153,0.33325,7.386590004898608e-05,-18.862,-7.134,1.774,161.608,1.04184
4443,355440.0,1,0.06935784965753555,0.06652389466762543,0.31876,7.001384074101225e-05,-18.814,-7.221,1.671,163.088,1.04746
4444,355520.0,1,0.07870501279830933,0.08910703659057617,0.30686,9.330435568699613e-05,-18.773,-7.347,1.448,166.553,1.04047
4445,355600.0,1,0.0929391011595726,0.10050639510154724,0.30197,0.00010463484795764089,-19.062,-7.739,1.688,170.703,1.03787
4446,355680.0,1,0.09864941984415054,0.10240078717470169,0.30205,8.554735541110858e-05,-19.014,-7.702,1.949,172.414,1.03785
4447,355760.0,1,0.11155346035957336,0.11499131470918655,0.29943,0.0001030995772453025,-18.994,-7.649,1.737,172.466,1.03807
4448,355840.0,1,0.11990799754858017,0.11914275586605072,0.29246,8.440265082754195e-05,-19.053,-7.7,2.024,172.672,1.03761
4449,355920.0,1,0.10482584685087204,0.10286912322044373,0.29817,9.144829527940601e-05,-18.925,-7.75,2.386,172.399,1.03806
4450,356000.0,1,0.10883112251758575,0.10790516436100006,0.30287,0.00012936905841343105,-18.764,-7.652,2.507,172.617,1.03784
4451,356080.0,1,0.106377974152565,0.12362395972013474,0.29897,0.0001655679807299748,-18.568,-7.534,2.916,172.513,1.03853
4452,356160.0,1,0.11482268571853638,0.11935005336999893,0.29592,0.00015906426415313035,-18.589,-7.49,3.069,172.498,1.03865
4453,356240.0,1,0.11449680477380753,0.11586334556341171,0.29984,0.00022206164430826902,-18.639,-7.419,3.251,172.726,1.04041
4454,356320.0,1,0.09403553605079651,0.09815679490566254,0.3076,0.0002623553737066686,-18.796,-7.395,3.515,172.604,1.04226
4455,356400.0,1,0.13034972548484802,0.13695713877677917,0.29703,0.00019232540216762573,-18.768,-7.043,4.101,172.009,1.04746
4456,356480.0,1,0.1255551427602768,0.11820632219314575,0.30213,0.00027351611061021686,-18.572,-6.905,4.148,171.956,1.04903
4457,356560.0,1,0.08726254850625992,0.10606329143047333,0.31043,0.00025273821665905416,-17.896,-7.08,4.657,171.702,1.05027
4458,356640.0,1,0.08699027448892593,0.09113793075084686,0.31144,0.00023988299653865397,-18.553,-6.966,4.701,165.177,1.05242
4459,356720.0,1,0.06941460072994232,0.08732932060956955,0.32075,0.00030697122565470636,-18.23,-6.868,4.406,165.156,1.06044
4460,356800.0,1,0.09610791504383087,0.09170196205377579,0.31357,0.00023997541575226933,-18.418,-6.491,4.759,164.719,1.06277
4461,356880.0,1,0.08300770074129105,0.10065612941980362,0.30838,0.0001952315360540524,-17.357,-6.078,4.205,164.739,1.06351
4462,356960.0,1,0.09605996310710907,0.09277351200580597,0.30335,0.00010842151823453605,-17.473,-6.419,4.512,164.182,1.06359
4463,357040.0,1,0.10348676890134811,0.09547991305589676,0.30448,0.00013970000145491213,-17.302,-6.53,4.629,163.567,1.06443
4464,357120.0,1,0.08234188705682755,0.07126232981681824,0.31351,0.0001664185692789033,-16.702,-6.345,4.139,163.121,1.06551
4465,357200.0,1,0.09109742939472198,0.08905378729104996,0.30195,0.0001455588499084115,-16.096,-6.296,3.583,163.13,1.06519
4466,357280.0,1,0.08115328848361969,0.0804009661078453,0.31352,0.0002763053635135293,-16.037,-6.437,3.772,163.097,1.06582
4467,357360.0,1,0.08240675926208496,0.08113734424114227,0.30898,0.00023147599131334573,-16.425,-6.373,3.96,162.721,1.06627
4468,357440.0,1,0.09432972222566605,0.09022627025842667,0.31213,0.00017311377450823784,-16.443,-6.38,4.608,162.573,1.06719
4469,357520.0,1,0.08197522908449173,0.10148323327302933,0.30905,0.00016248508472926915,-17.217,-6.845,4.007,163.136,1.06521
4470,357600.0,1,0.09937325865030289,0.11912497878074646,0.30373,0.0001417126477463171,-17.322,-6.917,3.506,163.387,1.06409
4471,357680.0,1,0.08966720849275589,0.1168408989906311,0.30114,0.00014981470303609967,-17.109,-6.611,3.094,163.516,1.06366
4472,357760.0,1,0.11578944325447083,0.1154409646987915,0.29466,0.00014487840235233307,-17.008,-6.635,3.106,170.093,1.05107
4473,357840.0,1,0.7650701999664307,0.6737754344940186,0.08482,0.00022375918342731893,-17.4,-6.515,2.536,170.037,1.05421
4474,357920.0,1,0.6519359350204468,0.5490154027938843,0.13867,0.00016978287021629512,-17.251,-6.667,2.891,170.047,1.05263
4475,358000.0,1,0.30766561627388,0.2967977821826935,0.24888,0.00013403578486759216,-17.607,-6.847,2.803,173.056,1.05545
4476,358080.0,1,0.18870918452739716,0.17387273907661438,0.27394,8.757897012401372e-05,-17.024,-6.816,2.615,173.436,1.05461
4477,358160.0,1,0.1382039338350296,0.1332165151834488,0.29026,0.00010722515435190871,-17.132,-7.121,2.805,177.673,1.04461
4478,358240.0,1,0.16044814884662628,0.14972953498363495,0.28399,0.00012908181815873832,-17.576,-7.076,2.993,177.586,1.04376
4479,358320.0,1,0.19514262676239014,0.10568419098854065,0.28762,0.00018394568178337067,-17.74,-7.098,3.223,177.976,1.04308
4480,358400.0,1,0.16298870742321014,0.14145052433013916,0.28624,0.00015600929327774793,-17.611,-7.141,3.698,178.485,1.04211
4481,358480.0,1,0.1265750378370285,0.10964687913656235,0.30523,0.0002253839047625661,-18.125,-7.008,4.315,178.638,1.04189
4482,358560.0,1,0.11419045925140381,0.1439257562160492,0.2956,0.0002746501995716244,-17.882,-7.08,4.567,179.136,1.04134
4483,358640.0,1,0.1225057914853096,0.11614896357059479,0.29997,0.00024984139599837363,-16.931,-6.888,5.117,179.249,1.04147
4484,358720.0,1,0.13499917089939117,0.11318518966436386,0.29141,0.00015367021842394024,-18.651,-6.553,5.04,172.434,1.04402
4485,358800.0,1,0.12306642532348633,0.10401594638824463,0.29705,0.00010198738891631365,-18.654,-6.421,5.084,172.317,1.04414
4486,358880.0,1,0.12024987488985062,0.10495352745056152,0.29773,0.00011919758981093764,-18.974,-6.341,4.672,171.911,1.04407
4487,358960.0,1,0.11872082203626633,0.12539935111999512,0.29546,0.00012438786507118493,-18.69,-6.275,4.523,165.989,1.04551
4488,359040.0,1,0.12011057138442993,0.14159542322158813,0.29213,0.00016933694132603705,-18.581,-6.455,4.435,164.564,1.04612
4489,359120.0,1,0.09957247227430344,0.11917561292648315,0.29599,0.00017295456200372428,-18.593,-6.369,4.066,164.258,1.04646
4490,359200.0,1,0.12130523473024368,0.1266259402036667,0.29394,0.00013686568127013743,-18.447,-6.301,4.216,164.483,1.04511
4491,359280.0,1,0.10894515365362167,0.11596755683422089,0.30559,0.00018049603386316448,-18.514,-6.184,4.246,164.262,1.04481
4492,359360.0,1,0.08765929192304611,0.08890567719936371,0.31488,0.00017341130296699703,-18.628,-5.98,4.748,164.142,1.04462
4493,359440.0,1,0.1273069530725479,0.11342188715934753,0.29776,0.00012759736273437738,-18.543,-5.905,4.784,163.893,1.04481
4494,359520.0,1,0.12668442726135254,0.11288804560899734,0.29881,0.00011745819210773334,-18.55,-6.105,4.693,164.026,1.04429
4495,359600.0,1,0.13284258544445038,0.10141190141439438,0.29889,0.00011628046922851354,-18.415,-6.183,4.647,164.081,1.04449
4496,359680.0,1,0.11026352643966675,0.10405725240707397,0.30233,0.0001939195062732324,-18.664,-6.197,4.527,164.408,1.04454
4497,359760.0,1,0.06635472923517227,0.068108931183815,0.32295,0.00019660397083498538,-19.782,-6.027,3.994,164.885,1.04647
4498,359840.0,1,0.12962698936462402,0.14975975453853607,0.29069,0.0002017195656662807,-20.639,-5.783,4.055,165.385,1.04704
4499,359920.0,1,0.7029545307159424,0.7180302143096924,0.10523,0.00035800569457933307,-22.178,-5.063,3.08,166.056,1.04715
4500,360000.0,1,0.8271445035934448,0.5881285667419434,0.08509,1.8799233657773584e-05,-14.6,-8.978,-0.47,169.299,1.04555
4501,360080.0,1,0.5089030265808105,0.5932484865188599,0.15786,0.0002685048384591937,-19.165,-7.769,1.852,170.82,1.04485
4502,360160.0,1,0.23905164003372192,0.2993322014808655,0.25611,0.00014588316844310611,-22.686,-7.154,2.978,170.626,1.04522
4503,360240.0,1,0.2770579159259796,0.41220512986183167,0.23319,0.00010312966333003715,-17.84,-7.419,3.524,170.076,1.046
4504,360320.0,1,0.25355264544487,0.34033718705177307,0.23407,0.0001433581201126799,-17.877,-6.647,3.18,169.575,1.04599
4505,360400.0,1,0.2118227183818817,0.18376481533050537,0.26126,7.434671715600416e-05,-18.433,-6.963,3.545,169.511,1.04818
4506,360480.0,1,0.18370068073272705,0.17259196937084198,0.27158,8.283628994831815e-05,-20.972,-6.82,3.319,169.171,1.04906
4507,360560.0,1,0.18778172135353088,0.14504680037498474,0.26973,9.534580021863803e-05,-22.231,-6.3,3.14,169.124,1.04947
4508,360640.0,1,0.15745839476585388,0.10794323682785034,0.2889,0.00014296307926997542,-22.694,-5.953,2.662,168.86,1.05012
4509,360720.0,1,0.16374464333057404,0.10574881732463837,0.29384,0.00012184662045910954,-22.927,-6.157,2.725,168.732,1.05035
4510,360800.0,1,0.1296239048242569,0.11690149456262589,0.29672,0.00017454034241382033,-22.841,-6.143,2.801,168.705,1.05026
4511,360880.0,1,0.12273755669593811,0.12795370817184448,0.29976,0.0002071257185889408,-22.772,-6.035,2.88,168.239,1.05088
4512,360960.0,1,0.09659860283136368,0.10238679498434067,0.29973,0.00010734136594692245,-21.14,-6.179,2.557,168.157,1.05098
4513,361040.0,1,0.06141233816742897,0.07446818798780441,0.31742,8.626060298411176e-05,-21.276,-6.37,2.843,167.911,1.05148
4514,361120.0,1,0.051261961460113525,0.06000182405114174,0.3257,5.8952249673893675e-05,-20.925,-6.221,2.728,167.368,1.05294
4515,361200.0,1,0.05769007280468941,0.06947654485702515,0.32017,5.9751877415692434e-05,-20.404,-6.252,2.563,166.751,1.05513
4516,361280.0,1,0.0813259705901146,0.11161943525075912,0.30648,0.0002383364044362679,-19.453,-6.31,2.721,165.826,1.05709
4517,361360.0,1,0.10419459640979767,0.11464712023735046,0.29327,0.00014227780047804117,-18.693,-6.589,2.546,165.29,1.05765
4518,361440.0,1,0.06951773911714554,0.07986470311880112,0.3105,0.00022875455033499748,-18.774,-6.428,2.554,164.849,1.05848
4519,361520.0,1,0.05754927545785904,0.062040966004133224,0.32426,0.0002461493422742933,-18.201,-7.027,2.387,164.349,1.05871
4520,361600.0,1,0.05842123180627823,0.061131153255701065,0.31871,0.0002471456828061491,-17.028,-7.07,2.271,170.161,1.05529
4521,361680.0,1,0.060762252658605576,0.06017867848277092,0.33076,0.00032183300936594605,-16.862,-7.22,2.021,171.029,1.05547
4522,361760.0,1,0.07641330361366272,0.08776596933603287,0.31081,0.0002358687052037567,-16.644,-7.266,2.145,171.223,1.0504
4523,361840.0,1,0.04508444294333458,0.0485975407063961,0.33345,0.00030916169635020196,-16.294,-7.303,1.49,178.169,1.05455
4524,361920.0,1,0.07621761411428452,0.07818415760993958,0.31202,0.00021770688181277364,-16.198,-7.405,1.789,179.222,1.04839
4525,362000.0,1,0.06495454162359238,0.07652338594198227,0.31584,0.0002249598765047267,-15.824,-8.158,2.309,179.234,1.05317
4526,362080.0,1,0.051429565995931625,0.05605928227305412,0.33516,0.0004495594184845686,-15.615,-8.307,1.611,182.001,1.04693
4527,362160.0,1,0.07148845493793488,0.07012168318033218,0.31614,0.00029602201539091766,-15.525,-8.432,1.414,185.253,1.04259
4528,362240.0,1,0.08426521718502045,0.10315343737602234,0.30775,0.00019369054643902928,-15.409,-8.221,1.208,186.559,1.04281
4529,362320.0,1,0.13183988630771637,0.14559748768806458,0.29014,0.00019413964764680713,-15.085,-8.468,1.319,186.823,1.04283
4530,362400.0,1,0.08591238409280777,0.08655297756195068,0.31316,0.00017862622917164117,-14.297,-8.712,1.392,187.158,1.04229
4531,362480.0,1,0.10001678764820099,0.11620967090129852,0.29977,0.00022290465130936354,-15.209,-8.346,1.436,187.114,1.04193
4532,362560.0,1,0.1238703802227974,0.1563088446855545,0.2874,0.0002838803920894861,-14.532,-8.621,1.367,187.165,1.04183
4533,362640.0,1,0.11767008155584335,0.16861547529697418,0.28667,0.0002427574509056285,-14.543,-8.56,1.383,187.629,1.04112
4534,362720.0,1,0.13168370723724365,0.1636475771665573,0.28048,0.00023079809034243226,-13.886,-8.788,2.01,188.607,1.04029
4535,362800.0,1,0.12542091310024261,0.17015574872493744,0.28611,0.000266674323938787,-15.798,-8.392,2.559,187.892,1.04065
4536,362880.0,1,0.09892979264259338,0.11537102609872818,0.29632,0.00019446034275460988,-15.437,-8.36,2.522,187.759,1.04118
4537,362960.0,1,0.11042659729719162,0.1327979862689972,0.29028,0.0001903724914882332,-14.79,-8.519,2.42,187.751,1.04121
4538,363040.0,1,0.10924951732158661,0.13323377072811127,0.29384,0.00018301303498446941,-15.063,-8.331,2.361,187.719,1.04093
4539,363120.0,1,0.03911207616329193,0.07217642664909363,0.32719,0.0001893063454190269,-14.345,-7.996,2.323,187.911,1.04054
4540,363200.0,1,0.05760537087917328,0.053455278277397156,0.32625,0.0002236770378658548,-13.944,-7.99,2.177,183.608,1.04629
4541,363280.0,1,0.6897321939468384,0.6819026470184326,0.09396,0.00023141750716604292,-14.427,-7.022,2.06,180.522,1.04546
4542,363360.0,1,0.7788525223731995,0.7870047092437744,0.03605,0.0002808084536809474,-13.794,-6.654,1.419,180.119,1.04515
4543,363440.0,1,0.3283943235874176,0.3317788541316986,0.24361,0.00020650496298912913,-13.919,-6.776,1.395,179.751,1.04391
4544,363520.0,1,0.2602251172065735,0.27920496463775635,0.25895,0.0002425043348921463,-13.526,-7.173,1.21,179.762,1.04387
4545,363600.0,1,0.14194360375404358,0.1841878890991211,0.27846,0.0002610399678815156,-13.517,-7.33,1.051,177.801,1.04743
4546,363680.0,1,0.01585686393082142,0.0504692979156971,0.35063,0.00038059463258832693,-13.024,-7.2,1.118,177.68,1.0469
4547,363760.0,1,0.06550247967243195,0.07454939186573029,0.3349,0.00017797494365368038,-14.01,-6.311,1.65,173.378,1.05756
4548,363840.0,1,0.06840182095766068,0.10322535783052444,0.31517,0.00017571340140420943,-14.446,-6.243,1.81,173.494,1.05464
4549,363920.0,1,0.07022105902433395,0.10372786223888397,0.31277,0.0002130607608705759,-14.33,-6.301,2.064,173.641,1.05441
4550,364000.0,1,0.08208222687244415,0.11351233720779419,0.30459,0.00019451932166703045,-14.391,-6.384,2.251,174.083,1.05363
4551,364080.0,1,0.07464011758565903,0.08857235312461853,0.3105,0.00024466283502988517,-14.761,-6.634,2.258,174.171,1.05426
4552,364160.0,1,0.05098796263337135,0.0718437135219574,0.3247,0.00024862473946996033,-15.113,-6.755,2.234,174.555,1.05406
4553,364240.0,1,0.08085186779499054,0.09847600013017654,0.30815,0.00021245097741484642,-14.994,-6.804,2.211,174.543,1.05426
4554,364320.0,1,0.09592675417661667,0.11821131408214569,0.30067,0.00018714800535235554,-14.87,-6.816,1.861,174.916,1.05324
4555,364400.0,1,0.08818216621875763,0.1076354905962944,0.30725,0.00015254985191859305,-14.969,-6.914,1.961,174.981,1.05316
4556,364480.0,1,0.05804276466369629,0.07533825933933258,0.31922,0.00016625647549517453,-15.095,-6.91,1.735,175.314,1.05281
4557,364560.0,1,0.07750415802001953,0.10271032899618149,0.30846,0.00013059571210760623,-15.053,-6.972,1.796,175.313,1.0533
4558,364640.0,1,0.08701266348361969,0.11177818477153778,0.3041,0.00014480507525149733,-14.964,-6.865,1.727,175.519,1.05325
4559,364720.0,1,0.09386403113603592,0.10048671811819077,0.30704,0.0001171166222775355,-14.847,-6.944,1.775,175.495,1.05298
4560,364800.0,1,0.1084696501493454,0.11514229327440262,0.29764,0.00013742275768890977,-15.129,-6.943,1.74,175.645,1.05273
4561,364880.0,1,0.0937214195728302,0.11804814636707306,0.30104,0.000120522927318234,-15.089,-6.938,1.882,175.513,1.05295
4562,364960.0,1,0.6948525309562683,0.5783919095993042,0.12327,0.00021897598344366997,-16.128,-6.885,1.466,175.646,1.05259
4563,365040.0,1,0.6017642021179199,0.5156455636024475,0.15438,0.00020539137767627835,-16.015,-6.833,1.589,175.589,1.05266
4564,365120.0,1,0.34720730781555176,0.3500979542732239,0.2328,0.00016714486991986632,-15.513,-6.864,1.743,175.616,1.05212
4565,365200.0,1,0.21674314141273499,0.24719390273094177,0.26311,0.00017455981287639588,-15.224,-6.965,1.927,175.59,1.05251
4566,365280.0,1,0.16245612502098083,0.209737166762352,0.2733,0.00015280142542906106,-15.236,-7.142,1.945,175.765,1.05229
4567,365360.0,1,0.1374937891960144,0.1466168910264969,0.28755,0.00013256630336400121,-15.235,-7.207,1.936,175.793,1.05234
4568,365440.0,1,0.10463758558034897,0.11342260241508484,0.29894,0.0001515009207651019,-15.269,-7.303,1.939,175.967,1.05217
4569,365520.0,1,0.09601021558046341,0.11088793724775314,0.3017,0.00017713925626594573,-15.266,-7.241,1.854,175.934,1.0523
4570,365600.0,1,0.09317292273044586,0.1104363352060318,0.30302,0.00016778853023424745,-15.231,-7.245,1.849,176.085,1.05223
4571,365680.0,1,0.0922744944691658,0.1155160441994667,0.29948,0.0001417686144122854,-15.203,-7.357,1.968,176.081,1.05202
4572,365760.0,1,0.08263970166444778,0.10760823637247086,0.30355,0.0001294756802963093,-15.326,-7.446,2.01,176.194,1.05196
4573,365840.0,1,0.07604609429836273,0.09765680879354477,0.31065,0.00013603751722257584,-15.386,-7.426,2.006,176.147,1.05185
4574,365920.0,1,0.08110486716032028,0.09192676842212677,0.30879,0.00011449516750872135,-15.294,-7.416,2.226,176.303,1.05192
4575,366000.0,1,0.0841352567076683,0.09296512603759766,0.30771,0.0001316166017204523,-15.666,-7.395,2.309,176.119,1.0521
4576,366080.0,1,0.07960163056850433,0.08989305794239044,0.30775,0.00012736784992739558,-15.749,-7.41,2.261,176.216,1.05209
4577,366160.0,1,0.07722926139831543,0.09122009575366974,0.30716,0.00012878552661277354,-15.718,-7.37,2.297,176.178,1.05219
4578,366240.0,1,0.07217806577682495,0.09026972204446793,0.3101,0.00013598758960142732,-15.633,-7.379,2.361,176.231,1.05211
4579,366320.0,1,0.08219044655561447,0.1028871089220047,0.30466,0.0001824412029236555,-15.581,-7.352,2.533,176.273,1.0518
4580,366400.0,1,0.08398257941007614,0.10452106595039368,0.30437,0.00017731582920532674,-15.639,-7.357,2.55,176.434,1.05192
4581,366480.0,1,0.08152329921722412,0.09628657251596451,0.30664,0.0001691846118774265,-15.843,-7.369,2.519,176.441,1.05185
4582,366560.0,1,0.07716749608516693,0.09224027395248413,0.30804,0.00019492110004648566,-15.855,-7.385,2.558,176.628,1.05149
4583,366640.0,1,0.08199720084667206,0.0777757316827774,0.31368,0.0002023957931669429,-16.188,-7.253,2.815,176.567,1.05238
4584,366720.0,1,0.08272631466388702,0.10500632226467133,0.30383,0.0001323907054029405,-16.255,-7.243,2.671,176.579,1.05189
4585,366800.0,1,0.08321132510900497,0.11174290627241135,0.30032,0.00010183658014284447,-16.126,-7.311,2.631,176.587,1.05182
4586,366880.0,1,0.08038464933633804,0.10765216499567032,0.30174,8.775619789958e-05,-16.129,-7.33,2.663,176.699,1.05153
4587,366960.0,1,0.0709468424320221,0.1040051206946373,0.3068,9.682266681920737e-05,-16.54,-7.409,2.804,176.734,1.05128
4588,367040.0,1,0.06815609335899353,0.0956837609410286,0.30893,7.855796866351739e-05,-16.541,-7.385,2.932,176.873,1.05147
4589,367120.0,1,0.0685831680893898,0.09523376822471619,0.30945,7.785188790876418e-05,-16.499,-7.356,2.905,176.817,1.05133
4590,367200.0,1,0.0691014751791954,0.09576144069433212,0.30952,7.929540879558772e-05,-16.474,-7.372,2.904,176.839,1.05156
4591,367280.0,1,0.07282037287950516,0.09260492771863937,0.30923,7.970097794895992e-05,-16.334,-7.468,2.86,176.731,1.05158
4592,367360.0,1,0.07228951901197433,0.09082528203725815,0.30989,8.614921534899622e-05,-16.27,-7.45,2.727,176.802,1.05148
4593,367440.0,1,0.06882889568805695,0.09317763894796371,0.31306,9.734451305121183e-05,-16.324,-7.432,2.771,176.778,1.05299
4594,367520.0,1,0.07029300928115845,0.09028933942317963,0.31034,0.00010199614916928113,-16.241,-7.466,2.856,176.818,1.05355
4595,367600.0,1,0.11437030881643295,0.12469390779733658,0.2895,0.00010349140939069912,-15.997,-7.373,2.702,176.757,1.05425
4596,367680.0,1,0.7162374258041382,0.5716450810432434,0.11483,0.00018555205315351486,-16.554,-7.5,2.442,176.748,1.05507
4597,367760.0,1,0.4804976284503937,0.4483487606048584,0.19366,0.00014975130034144968,-16.286,-7.438,2.544,176.755,1.05424
4598,367840.0,1,0.1924583613872528,0.23430760204792023,0.26501,0.00010889451368711889,-15.977,-7.613,2.458,176.844,1.05424
4599,367920.0,1,0.12175361812114716,0.15596362948417664,0.28519,0.00010708232002798468,-16.055,-7.674,2.574,176.826,1.05418
4600,368000.0,1,0.10950403660535812,0.14062651991844177,0.29081,0.00010976451449096203,-16.267,-7.663,2.593,176.879,1.05426
4601,368080.0,1,0.10242092609405518,0.1403135359287262,0.29203,0.0001097636777558364,-16.272,-7.585,2.645,176.835,1.05426
4602,368160.0,1,0.10035322606563568,0.14059948921203613,0.29058,0.00011456441279733554,-16.306,-7.654,2.706,176.914,1.05439
4603,368240.0,1,0.09702449291944504,0.13858473300933838,0.29154,0.00011286215158179402,-16.392,-7.752,2.761,176.945,1.05432
4604,368320.0,1,0.08635003864765167,0.11159790307283401,0.30197,0.00014600410941056907,-16.468,-7.802,3.071,177.174,1.05391
4605,368400.0,1,0.08711966872215271,0.10721710324287415,0.30325,0.00012250052532181144,-16.599,-7.773,3.168,177.053,1.05412
4606,368480.0,1,0.08698996901512146,0.11658740043640137,0.30008,0.00012724040425382555,-16.516,-7.755,3.19,177.295,1.05148
4607,368560.0,1,0.08409386873245239,0.10736565291881561,0.30367,0.0001432427961844951,-16.528,-7.789,3.298,177.34,1.05056
4608,368640.0,1,0.07598937302827835,0.08952334523200989,0.30812,0.00014267775986809283,-16.613,-7.891,3.254,177.482,1.04981
4609,368720.0,1,0.07558038830757141,0.09199754893779755,0.30811,0.00014461948012467474,-16.603,-7.903,3.304,177.449,1.04954
4610,368800.0,1,0.07676228135824203,0.09236031025648117,0.30788,0.00013879765174351633,-16.628,-7.914,3.36,177.547,1.04937
4611,368880.0,1,0.08083929121494293,0.09514433890581131,0.3069,0.00013384562043938786,-16.671,-7.94,3.342,177.552,1.04952
4612,368960.0,1,0.08230306953191757,0.09091220796108246,0.30999,0.00019915086159016937,-16.638,-7.985,3.458,177.63,1.04943
4613,369040.0,1,0.07017090916633606,0.08633100986480713,0.31451,0.00016844191122800112,-16.514,-7.894,3.393,177.454,1.0502
4614,369120.0,1,0.07394704967737198,0.0958942323923111,0.30975,0.00015232266741804779,-16.421,-7.798,3.336,177.502,1.05061
4615,369200.0,1,0.07207895815372467,0.09779345244169235,0.30901,0.00014526143786497414,-16.175,-7.712,3.194,177.49,1.05058
4616,369280.0,1,0.0670846477150917,0.09241820126771927,0.31242,0.00014875663327984512,-16.452,-7.783,3.15,177.626,1.05062
4617,369360.0,1,0.05873910337686539,0.09291490912437439,0.31517,0.00020830014545936137,-16.625,-7.768,2.767,177.658,1.05127
4618,369440.0,1,0.07414884120225906,0.10012485831975937,0.30956,0.00018915132386609912,-16.974,-7.8,2.853,177.781,1.05142
4619,369520.0,1,0.07000291347503662,0.09429213404655457,0.3078,0.00018395604274701327,-16.853,-7.864,2.742,177.782,1.05144
4620,369600.0,1,0.06844449043273926,0.08724569529294968,0.31081,0.0001657880493439734,-16.67,-7.656,2.593,177.902,1.05228
4621,369680.0,1,0.06440842151641846,0.08220374584197998,0.31014,0.00015587710367981344,-16.608,-7.654,2.517,177.994,1.05241
4622,369760.0,1,0.06192668899893761,0.08682875335216522,0.31167,0.00020184768072795123,-16.778,-7.661,2.46,178.134,1.05235
4623,369840.0,1,0.064302958548069,0.08915714919567108,0.31157,0.00016929981939028949,-16.992,-7.776,2.587,178.041,1.05303
4624,369920.0,1,0.056819137185811996,0.08298227936029434,0.31786,0.00020576636597979814,-17.273,-7.666,2.515,178.264,1.05284
4625,370000.0,1,0.0630069151520729,0.09319586306810379,0.31226,0.0001456539612263441,-16.905,-7.624,2.451,178.049,1.05346
4626,370080.0,1,0.06480470299720764,0.08362255990505219,0.31316,0.00010998274956364185,-16.866,-7.671,2.706,177.972,1.0538
4627,370160.0,1,0.06629504263401031,0.08570198714733124,0.31209,0.00011742022616090253,-16.896,-7.679,2.857,177.96,1.05373
4628,370240.0,1,0.06614519655704498,0.0872475728392601,0.3116,0.00012950260133948177,-16.845,-7.645,2.779,177.993,1.05389
4629,370320.0,1,0.06529650837182999,0.080731600522995,0.31265,0.00013152073370292783,-16.834,-7.731,2.968,177.85,1.05435
4630,370400.0,1,0.06897696107625961,0.08575031906366348,0.31042,0.00014422659296542406,-16.969,-7.793,2.989,177.978,1.05246
4631,370480.0,1,0.06585828959941864,0.08694356679916382,0.31032,0.00017906040011439472,-16.991,-7.782,2.961,177.974,1.05238
4632,370560.0,1,0.09006810188293457,0.10468500107526779,0.29896,0.00013120757648721337,-16.762,-7.627,2.939,178.068,1.05117
4633,370640.0,1,0.8383963704109192,0.8086174130439758,0.02538,0.00020748625684063882,-17.358,-6.764,2.273,178.073,1.05166
4634,370720.0,1,0.7392793893814087,0.7335504293441772,0.07433,0.000250465061981231,-17.557,-6.911,2.432,178.105,1.05159
4635,370800.0,1,0.5420925617218018,0.6143524050712585,0.15814,0.00014754020958207548,-17.837,-7.063,2.508,178.065,1.05132
4636,370880.0,1,0.36208122968673706,0.440661758184433,0.21918,0.00012581002374645323,-17.943,-7.142,2.531,177.576,1.05347
4637,370960.0,1,0.26029255986213684,0.3198113441467285,0.25115,0.00010432868293719366,-17.865,-7.128,2.572,176.996,1.05673
4638,371040.0,1,0.18841634690761566,0.2433246672153473,0.27006,9.692603634903207e-05,-16.761,-6.993,2.601,177.003,1.05784
4639,371120.0,1,0.1374264806509018,0.1694502979516983,0.28824,0.0001264595048269257,-16.383,-6.915,2.668,176.94,1.05863
4640,371200.0,1,0.11133619397878647,0.1486096829175949,0.29541,0.00015516942949034274,-16.455,-6.825,2.657,177.008,1.05883
4641,371280.0,1,0.10173158347606659,0.14379815757274628,0.29736,0.00016626852448098361,-16.363,-6.775,2.738,176.951,1.05922
4642,371360.0,1,0.09480936825275421,0.12773843109607697,0.29928,0.00013927386316936463,-16.379,-6.88,2.781,177.063,1.05912
4643,371440.0,1,0.09338114410638809,0.12045980989933014,0.3003,0.00011766872194129974,-16.488,-7.032,2.859,177.003,1.05968
4644,371520.0,1,0.09944463521242142,0.11685387045145035,0.29994,0.00011548386828508228,-16.549,-7.307,3.006,177.105,1.05965
4645,371600.0,1,0.08870624750852585,0.09079018235206604,0.30681,0.0001368150406051427,-16.722,-7.376,3.055,177.075,1.06001
4646,371680.0,1,0.09376704692840576,0.10548239201307297,0.30165,0.00014452118193730712,-16.941,-7.443,3.052,177.411,1.05924
4647,371760.0,1,0.08645903319120407,0.08667593449354172,0.30815,0.00011736805754480883,-17.114,-7.429,2.949,177.364,1.06007
4648,371840.0,1,0.0857882872223854,0.09076566994190216,0.30832,9.629653504816815e-05,-17.278,-7.291,3.062,177.442,1.06035
4649,371920.0,1,0.09407034516334534,0.1007063165307045,0.30341,9.145754302153364e-05,-17.248,-7.296,2.952,177.387,1.06103
4650,372000.0,1,0.08061940222978592,0.08244925737380981,0.30907,9.614329610485584e-05,-17.176,-7.319,2.892,177.452,1.06127
4651,372080.0,1,0.06029170751571655,0.060763128101825714,0.32301,0.00010173737246077508,-17.547,-7.338,2.903,177.393,1.06169
4652,372160.0,1,0.06633392721414566,0.06319057941436768,0.32037,9.35802236199379e-05,-17.64,-7.268,2.896,177.462,1.06207
4653,372240.0,1,0.08004651218652725,0.09122586995363235,0.31006,0.0001034840097418055,-17.75,-7.19,2.919,177.449,1.06312
4654,372320.0,1,0.09166600555181503,0.10221559554338455,0.30596,0.00012145360960857943,-17.706,-7.152,2.925,177.595,1.06306
4655,372400.0,1,0.08389735221862793,0.10262006521224976,0.31028,0.0001074481988325715,-17.566,-7.214,2.904,177.478,1.06372
4656,372480.0,1,0.07833202183246613,0.0890839695930481,0.31177,9.969694656319916e-05,-17.774,-7.283,2.952,177.501,1.06465
4657,372560.0,1,0.07719094306230545,0.08725975453853607,0.31034,9.779754327610135e-05,-17.788,-7.337,2.927,177.581,1.06473
4658,372640.0,1,0.0743335410952568,0.0858900249004364,0.31075,9.705375850899145e-05,-17.809,-7.361,2.943,177.543,1.06518
4659,372720.0,1,0.07191906124353409,0.08469454944133759,0.31131,9.498036524746567e-05,-18.163,-7.495,2.86,177.417,1.06536
4660,372800.0,1,0.057724323123693466,0.056806184351444244,0.32532,9.175568266073242e-05,-18.165,-7.556,3.04,177.321,1.06559
4661,372880.0,1,0.06620945036411285,0.06449161469936371,0.31594,8.500140393152833e-05,-18.103,-7.396,2.915,177.052,1.06604
4662,372960.0,1,0.06993716955184937,0.07828056067228317,0.31308,9.08008441911079e-05,-18.02,-7.36,2.876,177.151,1.06561
4663,373040.0,1,0.06890816241502762,0.07490146905183792,0.31099,0.00010131295857718214,-18.018,-7.358,2.918,177.127,1.06604
4664,373120.0,1,0.05689147114753723,0.06571054458618164,0.31925,0.00012325194256845862,-17.778,-7.234,2.77,177.261,1.06603
4665,373200.0,1,0.0633043646812439,0.0801805704832077,0.30986,0.00014509989705402404,-17.721,-7.244,2.54,177.299,1.06603
4666,373280.0,1,0.05695398151874542,0.0714401975274086,0.317,8.849157893564552e-05,-17.735,-7.437,2.679,177.386,1.0659
4667,373360.0,1,0.0556064173579216,0.06525443494319916,0.31942,7.114005711628124e-05,-17.738,-7.551,2.628,177.381,1.06375
4668,373440.0,1,0.05673408508300781,0.06428014487028122,0.31973,6.851936632301658e-05,-17.667,-7.548,2.652,177.49,1.06145
4669,373520.0,1,0.05753350257873535,0.06516794115304947,0.31888,6.47409469820559e-05,-17.635,-7.584,2.672,177.444,1.06181
4670,373600.0,1,0.059969495981931686,0.06695757061243057,0.31768,6.488805956905708e-05,-17.586,-7.653,2.672,177.44,1.06162
4671,373680.0,1,0.04504077136516571,0.0527535118162632,0.32507,6.888061034260318e-05,-17.542,-7.675,2.707,177.352,1.06157
4672,373760.0,1,0.05044142156839371,0.059582971036434174,0.32234,7.261158316396177e-05,-17.57,-7.674,2.713,177.344,1.0618
4673,373840.0,1,0.06011063978075981,0.06668999791145325,0.31755,8.445425191894174e-05,-17.582,-7.676,2.736,177.421,1.06169
4674,373920.0,1,0.06432754546403885,0.06833963841199875,0.31496,9.654616587795317e-05,-17.592,-7.701,2.798,177.532,1.06133
4675,374000.0,1,0.06577815860509872,0.06782457232475281,0.31513,9.300322562921792e-05,-17.815,-7.65,2.845,177.399,1.06162
4676,374080.0,1,0.06349526345729828,0.06921407580375671,0.3151,0.00013422891788650304,-17.965,-7.778,2.938,177.478,1.06164
4677,374160.0,1,0.06327792257070541,0.07110261172056198,0.31471,0.00013433686399366707,-18.013,-7.797,2.925,177.458,1.06148
4678,374240.0,1,0.06146154925227165,0.062494829297065735,0.31816,0.00011400743096601218,-18.244,-7.741,2.776,177.504,1.06111
4679,374320.0,1,0.07514720410108566,0.07005692273378372,0.31177,0.00013060966739431024,-18.17,-7.749,2.761,177.442,1.06129
4680,374400.0,1,0.7993977665901184,0.7660497426986694,0.04977,0.0002193334948970005,-18.873,-7.581,2.273,177.484,1.0613
4681,374480.0,1,0.5620826482772827,0.5743669271469116,0.1451,0.00017452686734031886,-18.404,-7.636,2.355,177.522,1.06132
4682,374560.0,1,0.40216076374053955,0.4281631112098694,0.21028,0.00014878613001201302,-18.282,-7.781,2.506,177.711,1.06093
4683,374640.0,1,0.30680927634239197,0.29744571447372437,0.24913,0.00011723416537279263,-18.232,-7.812,2.632,177.725,1.06097
4684,374720.0,1,0.24236805737018585,0.22352729737758636,0.26344,0.00010136494529433548,-18.201,-7.723,2.641,177.877,1.06072
4685,374800.0,1,0.2268400490283966,0.19166506826877594,0.26576,9.192190191242844e-05,-17.672,-7.523,2.534,177.966,1.06056
4686,374880.0,1,0.08167899399995804,0.07866209745407104,0.30437,0.0001248577464139089,-17.937,-7.342,2.515,178.164,1.05969
4687,374960.0,1,0.07482036203145981,0.07370451092720032,0.31205,0.00013259006664156914,-18.064,-7.567,2.65,178.495,1.05572
4688,375040.0,1,0.05079267546534538,0.05328472703695297,0.32871,0.00012942419562023133,-17.948,-7.515,2.518,178.591,1.05533
4689,375120.0,1,0.06401665508747101,0.06581929326057434,0.31865,0.00011124308366561309,-17.969,-7.554,2.709,178.409,1.05609
4690,375200.0,1,0.04982764646410942,0.05776483938097954,0.32676,0.00010253787331748754,-18.024,-7.623,2.683,177.752,1.06074
4691,375280.0,1,0.05291659012436867,0.07124128937721252,0.32103,0.00010317342821508646,-17.896,-7.679,2.688,177.585,1.0622
4692,375360.0,1,0.05461468547582626,0.07155413925647736,0.31814,9.055008558789268e-05,-17.824,-7.791,2.772,177.697,1.0631
4693,375440.0,1,0.054165348410606384,0.05835157260298729,0.32556,0.00012257228081580251,-18.107,-7.916,2.964,177.834,1.06211
4694,375520.0,1,0.05301852151751518,0.0607423260807991,0.32679,0.00011849744623759761,-18.253,-8.05,2.974,177.846,1.06199
4695,375600.0,1,0.04533196613192558,0.06038766726851463,0.32672,0.00012005151074845344,-18.194,-8.12,2.882,177.725,1.06224
4696,375680.0,1,0.04926242679357529,0.06494372338056564,0.32358,0.00010630716133164242,-18.355,-8.261,2.827,177.778,1.06221
4697,375760.0,1,0.05563325434923172,0.06977932900190353,0.32246,0.00010410210234113038,-18.67,-8.527,2.802,177.788,1.06209
4698,375840.0,1,0.060698192566633224,0.07366199046373367,0.3178,0.00011672173422994092,-19.029,-8.581,2.728,177.955,1.06135
4699,375920.0,1,0.06524632126092911,0.0749150887131691,0.31702,0.00010891154670389369,-19.142,-8.681,2.772,177.915,1.06112
4700,376000.0,1,0.0678110420703888,0.07435546815395355,0.31642,0.0001269250933546573,-19.11,-8.774,2.925,178.128,1.06064
4701,376080.0,1,0.07877480983734131,0.07912182062864304,0.31618,0.00014271655527409166,-19.509,-8.59,2.929,178.081,1.06029
4702,376160.0,1,0.09772507101297379,0.09651150554418564,0.30284,0.00012530334061011672,-19.473,-8.577,2.934,178.11,1.06002
4703,376240.0,1,0.11096569895744324,0.1114412248134613,0.29749,0.00010729666246334091,-19.223,-8.512,2.926,178.111,1.05976
4704,376320.0,1,0.10601022839546204,0.10833290219306946,0.29658,0.00012152994895586744,-18.809,-8.507,3.257,178.033,1.05928
4705,376400.0,1,0.10340667515993118,0.1142536848783493,0.29732,0.00012033114762743935,-18.682,-8.552,3.33,177.957,1.05948
4706,376480.0,1,0.07029758393764496,0.07581578940153122,0.31464,0.00012600788613781333,-18.487,-8.506,3.295,177.966,1.05939
4707,376560.0,1,0.07211260497570038,0.07973035424947739,0.31313,0.00014656792336609215,-18.402,-8.478,3.3,178.076,1.05663
4708,376640.0,1,0.06961629539728165,0.082665354013443,0.31337,0.00013775666593573987,-18.353,-8.478,3.333,178.088,1.05569
4709,376720.0,1,0.07324759662151337,0.09080415964126587,0.31033,0.00014065048890188336,-18.288,-8.388,3.304,178.016,1.0554
4710,376800.0,1,0.07421556860208511,0.09106869250535965,0.30868,0.00012807008170057088,-18.365,-8.374,3.313,178.135,1.055
4711,376880.0,1,0.0745953842997551,0.0913809984922409,0.30827,0.00015812380297575146,-18.732,-8.339,2.996,178.038,1.0551
4712,376960.0,1,0.0605195015668869,0.07563398778438568,0.31547,0.0001666238676989451,-18.858,-8.42,2.95,178.098,1.05471
4713,377040.0,1,0.05933455005288124,0.07239914685487747,0.31594,0.0001453520671930164,-18.945,-8.556,2.924,178.072,1.05529
4714,377120.0,1,0.06035605072975159,0.0678863674402237,0.31771,0.0001297707058256492,-18.973,-8.641,3.041,178.108,1.05505
4715,377200.0,1,0.06316719949245453,0.06953699141740799,0.31572,9.86022932920605e-05,-18.985,-8.556,2.826,178.014,1.05516
4716,377280.0,1,0.07107342034578323,0.07250261306762695,0.31251,8.859509398462251e-05,-18.971,-8.586,2.84,178.044,1.05492
4717,377360.0,1,0.07417519390583038,0.07385359704494476,0.30817,7.912922592367977e-05,-19.136,-8.621,2.725,178.118,1.05487
4718,377440.0,1,0.0749126449227333,0.07413506507873535,0.3093,9.649793355492875e-05,-19.431,-8.731,2.827,178.27,1.05472
4719,377520.0,1,0.06998533010482788,0.07544068992137909,0.31357,0.00010095295147038996,-19.386,-8.741,3.025,178.204,1.05478
4720,377600.0,1,0.053258996456861496,0.0689036175608635,0.32046,0.0001153039702330716,-19.347,-8.78,3.171,178.216,1.05489
4721,377680.0,1,0.06063316389918327,0.08514303714036942,0.31275,0.00013384064368437976,-19.323,-8.792,3.151,178.171,1.05505
4722,377760.0,1,0.0500333197414875,0.06914642453193665,0.31786,0.00012361787958070636,-19.07,-8.907,3.419,178.278,1.05446
4723,377840.0,1,0.04427970200777054,0.057839132845401764,0.32944,0.00015854110824875534,-19.193,-8.895,3.325,178.165,1.05462
4724,377920.0,1,0.05442590266466141,0.0664062574505806,0.32312,0.00012209972192067653,-19.055,-8.963,3.434,178.238,1.05425
4725,378000.0,1,0.058264706283807755,0.0689522847533226,0.32117,0.0001324918557656929,-19.098,-8.898,3.437,177.996,1.05462
4726,378080.0,1,0.05808436498045921,0.07620202749967575,0.31799,0.00019648403394967318,-18.899,-8.929,3.618,177.991,1.05443
4727,378160.0,1,0.057958148419857025,0.07648263871669769,0.31812,0.00019304284069221467,-18.835,-8.947,3.587,177.876,1.05463
4728,378240.0,1,0.05492362752556801,0.08197464048862457,0.31662,0.00013682051212526858,-18.414,-9.154,3.477,177.885,1.05463
4729,378320.0,1,0.0561763234436512,0.07977357506752014,0.31759,0.0001373437698930502,-18.401,-9.192,3.406,177.758,1.05482
4730,378400.0,1,0.06183376535773277,0.07996547222137451,0.315,0.00012390321353450418,-18.372,-9.24,3.495,177.893,1.05449
4731,378480.0,1,0.060990601778030396,0.07736561447381973,0.31531,0.00011215311678824946,-18.777,-9.146,3.374,177.818,1.05523
4732,378560.0,1,0.06220375373959541,0.08092004060745239,0.31479,0.0001470597053412348,-19.279,-9.246,3.495,177.88,1.05531
4733,378640.0,1,0.05883479863405228,0.08285403251647949,0.31412,0.00014890522288624197,-19.17,-9.259,3.34,177.753,1.05517
4734,378720.0,1,0.05377896502614021,0.0610286183655262,0.32116,0.0001345174532616511,-19.102,-9.235,3.152,177.786,1.05513
4735,378800.0,1,0.05235624685883522,0.07306350767612457,0.31755,0.00013290930655784905,-18.905,-9.213,2.94,177.763,1.05523
4736,378880.0,1,0.03953143209218979,0.061187174171209335,0.32632,0.00018924172036349773,-19.136,-9.3,3.019,177.842,1.05473
4737,378960.0,1,0.037635788321495056,0.05686363950371742,0.33232,0.00016053480794653296,-18.881,-9.404,3.173,177.845,1.05464
4738,379040.0,1,0.04269039258360863,0.05794481560587883,0.33081,0.00020918565860483795,-19.139,-9.346,3.26,177.952,1.05484
4739,379120.0,1,0.04423666000366211,0.06476709246635437,0.32912,0.00021689698041882366,-19.344,-9.403,3.351,177.851,1.05518
4740,379200.0,1,0.04737028479576111,0.06608255207538605,0.32677,0.00017853634199127555,-19.502,-9.26,3.411,177.891,1.0551
4741,379280.0,1,0.046391811221838,0.06537310779094696,0.32725,0.0001684944290900603,-19.465,-9.205,3.331,177.743,1.05529
4742,379360.0,1,0.0531613789498806,0.0669308677315712,0.32273,0.00014297997404355556,-19.22,-9.09,3.214,177.841,1.05528
4743,379440.0,1,0.05163348838686943,0.06541025638580322,0.32251,0.00014306481170933694,-19.168,-9.057,3.21,177.75,1.05536
4744,379520.0,1,0.05085933208465576,0.06524915248155594,0.32247,0.0001529203582322225,-19.185,-9.059,3.168,177.802,1.05544
4745,379600.0,1,0.0517224483191967,0.06672687083482742,0.3218,0.0001565951679367572,-19.257,-9.084,3.147,177.742,1.05538
4746,379680.0,1,0.05905294045805931,0.07185085117816925,0.31948,0.00012771738693118095,-19.909,-9.054,2.877,177.844,1.05576
4747,379760.0,1,0.07188540697097778,0.07035157829523087,0.31706,0.00010919534543063492,-20.165,-9.203,2.863,177.687,1.05573
4748,379840.0,1,0.08194714039564133,0.07932520657777786,0.31289,0.00013315882824826986,-20.095,-9.184,2.853,177.759,1.05541
4749,379920.0,1,0.09046169370412827,0.08791393786668777,0.30759,0.00013185928401071578,-20.081,-9.17,2.864,177.673,1.05534
4750,380000.0,1,0.10486891865730286,0.09515449404716492,0.30147,0.00013821572065353394,-20.196,-9.195,2.846,177.738,1.0551
4751,380080.0,1,0.12008742988109589,0.11908671259880066,0.2922,0.00020465030684135854,-20.473,-9.099,2.612,177.654,1.05585
4752,380160.0,1,0.13042788207530975,0.11628358066082001,0.28949,0.00017364609811920673,-20.485,-9.017,2.582,177.625,1.05539
4753,380240.0,1,0.12399518489837646,0.121096171438694,0.29034,0.0001559771626489237,-20.154,-9.041,2.444,177.571,1.05558
4754,380320.0,1,0.1297692209482193,0.12099865078926086,0.29162,0.00014613280654884875,-20.489,-9.046,2.122,177.675,1.05514
4755,380400.0,1,0.1309860348701477,0.12548567354679108,0.29225,0.00011767714022425935,-20.417,-8.804,1.768,177.604,1.05483
4756,380480.0,1,0.13267318904399872,0.1348455399274826,0.28716,0.00013731731451116502,-20.087,-8.728,1.713,177.713,1.05445
4757,380560.0,1,0.1239464282989502,0.1204228550195694,0.28912,0.0001476988400099799,-20.125,-8.765,1.687,177.658,1.05436
4758,380640.0,1,0.11896748840808868,0.11709142476320267,0.29048,0.0001445914967916906,-20.109,-8.797,1.622,177.727,1.05487
4759,380720.0,1,0.11634969711303711,0.1154395267367363,0.29112,0.00014298023597802967,-20.15,-8.804,1.624,177.677,1.05504
4760,380800.0,1,0.11586415767669678,0.11911604553461075,0.29156,0.00014449308218900114,-20.089,-8.771,1.594,177.652,1.05476
4761,380880.0,1,0.11926785856485367,0.12673301994800568,0.29009,0.00013823747576680034,-19.961,-8.662,1.571,177.476,1.05525
4762,380960.0,1,0.13947997987270355,0.13044823706150055,0.28792,0.00013666666927747428,-20.063,-8.574,1.389,177.502,1.05499
4763,381040.0,1,0.13979022204875946,0.1343451291322708,0.28679,0.00013466080417856574,-20.052,-8.623,1.348,177.509,1.05451
4764,381120.0,1,0.13692770898342133,0.13274016976356506,0.28709,0.00012493444955907762,-20.053,-8.658,1.314,177.779,1.05442
4765,381200.0,1,0.1307317167520523,0.1246674507856369,0.29112,0.0001567625004099682,-20.175,-8.806,1.553,177.734,1.05465
4766,381280.0,1,0.14389696717262268,0.13206233084201813,0.2867,0.00015713962784502655,-20.121,-8.825,1.504,177.804,1.05447
4767,381360.0,1,0.1436765342950821,0.13343195617198944,0.28718,0.00018323323456570506,-20.234,-8.73,1.684,177.682,1.05482
4768,381440.0,1,0.14712513983249664,0.13748429715633392,0.28322,0.0001717317645670846,-20.214,-8.8,1.582,177.768,1.0547
4769,381520.0,1,0.14781373739242554,0.12474600970745087,0.28566,0.00015574577264487743,-20.414,-8.888,1.791,177.771,1.05451
4770,381600.0,1,0.13877864181995392,0.14686571061611176,0.28774,0.00019206044089514762,-20.636,-8.634,2.099,177.882,1.05443
4771,381680.0,1,0.16970959305763245,0.16403713822364807,0.27789,0.00015432188229169697,-20.658,-8.65,2.104,177.843,1.05468
4772,381760.0,1,0.6922593116760254,0.6452016830444336,0.12499,0.00032112779445014894,-20.649,-8.101,1.917,177.964,1.0544
4773,381840.0,1,0.6419610977172852,0.5056881904602051,0.1688,0.00020790948474314064,-20.621,-8.023,2.077,177.821,1.05486
4774,381920.0,1,0.42390701174736023,0.36891594529151917,0.22427,0.000158420079969801,-20.462,-8.098,2.094,177.912,1.05447
4775,382000.0,1,0.23172418773174286,0.2545545995235443,0.26144,0.0001465827226638794,-20.296,-8.027,2.274,177.841,1.05455
4776,382080.0,1,0.11051648110151291,0.13448646664619446,0.29051,0.00012314491323195398,-20.132,-8.148,2.343,177.894,1.05378
4777,382160.0,1,0.1040516048669815,0.1275196075439453,0.29486,0.00012373308709356934,-20.223,-8.039,2.556,177.944,1.05324
4778,382240.0,1,0.10187675058841705,0.10917472094297409,0.29829,0.00014052419282961637,-20.149,-8.161,2.804,177.864,1.05408
4779,382320.0,1,0.08731253445148468,0.08700430393218994,0.30616,0.00016205539577640593,-20.359,-8.165,2.684,177.666,1.05462
4780,382400.0,1,0.08175104856491089,0.07315243035554886,0.30907,0.00018201222701463848,-20.47,-8.087,2.915,177.677,1.05486
4781,382480.0,1,0.07849255949258804,0.07207249104976654,0.30962,0.00020679125736933202,-20.626,-7.876,2.773,177.342,1.05564
4782,382560.0,1,0.09292208403348923,0.09307440370321274,0.30512,0.00015729956794530153,-20.587,-7.978,2.909,177.305,1.05579
4783,382640.0,1,0.09896516799926758,0.09246605634689331,0.30317,0.00018651327991392463,-20.451,-7.53,3.04,176.972,1.05651
4784,382720.0,1,0.08798354864120483,0.07291487604379654,0.31073,0.00012775271898135543,-20.203,-7.37,3.04,176.688,1.05624
4785,382800.0,1,0.0805097222328186,0.06814130395650864,0.31671,0.0001642308634473011,-19.458,-7.153,3.089,176.372,1.0568
4786,382880.0,1,0.08775492012500763,0.08676131814718246,0.31216,0.0001841438061092049,-19.038,-7.011,2.943,176.217,1.05675
4787,382960.0,1,0.10903960466384888,0.1092604473233223,0.30382,0.00022127392003312707,-18.567,-7.133,3.081,173.666,1.06234
4788,383040.0,1,0.1257280856370926,0.12079912424087524,0.29715,0.00027065767790190876,-17.755,-7.025,3.157,173.184,1.04744
4789,383120.0,1,0.12930424511432648,0.1345093995332718,0.29363,0.0003881395678035915,-16.789,-6.735,3.011,172.821,1.04768
4790,383200.0,1,0.13563239574432373,0.15110115706920624,0.28956,0.000369330431567505,-15.618,-7.027,2.7,165.843,1.05854
4791,383280.0,1,0.1461426168680191,0.15618790686130524,0.28817,0.0003573928843252361,-14.558,-7.102,2.75,166.016,1.05921
4792,383360.0,1,0.15617290139198303,0.1613110899925232,0.28651,0.0003576567105483264,-14.147,-6.903,2.828,166.138,1.05972
4793,383440.0,1,0.1535300463438034,0.14657355844974518,0.2848,0.00045229450915940106,-13.712,-7.054,3.02,165.885,1.05999
4794,383520.0,1,0.15084505081176758,0.1380850374698639,0.28609,0.0004203106800559908,-13.042,-7.034,3.073,165.888,1.05991
4795,383600.0,1,0.1320643573999405,0.1178615465760231,0.29208,0.00036214254214428365,-12.855,-7.097,3.259,165.763,1.05988
4796,383680.0,1,0.11754271388053894,0.10934685915708542,0.29637,0.00035147464950568974,-12.545,-6.987,3.346,165.778,1.06012
4797,383760.0,1,0.11487019807100296,0.10771264880895615,0.29721,0.00035898960777558386,-12.508,-6.984,3.194,165.702,1.06046
4798,383840.0,1,0.11105778068304062,0.10362377017736435,0.29887,0.0003560708137229085,-12.288,-7.109,3.161,165.671,1.06051
4799,383920.0,1,0.10891091078519821,0.08527328073978424,0.30183,0.000350116373738274,-12.238,-6.972,3.053,165.408,1.06047
4800,384000.0,1,0.09866099804639816,0.08658091723918915,0.30401,0.0003861547156702727,-12.622,-6.997,3.0,165.351,1.06052
4801,384080.0,1,0.07766012102365494,0.07385262101888657,0.31133,0.0002900618128478527,-12.818,-6.889,2.945,165.277,1.06087
4802,384160.0,1,0.08161382377147675,0.08175349235534668,0.31073,0.0003561178164090961,-13.05,-6.878,2.912,165.437,1.06068
4803,384240.0,1,0.08143841475248337,0.08202420920133591,0.31127,0.00042015063809230924,-13.012,-6.784,2.979,165.415,1.06082
4804,384320.0,1,0.07936403900384903,0.07183975726366043,0.31177,0.0005404041148722172,-12.921,-6.676,3.024,165.48,1.0607
4805,384400.0,1,0.0798935815691948,0.06956794857978821,0.31173,0.0005445191636681557,-12.828,-6.589,3.068,165.422,1.06051
4806,384480.0,1,0.07814722508192062,0.0665365681052208,0.3126,0.0005679530440829694,-12.774,-6.531,3.029,165.429,1.06031
4807,384560.0,1,0.07974572479724884,0.06840460747480392,0.31153,0.0005630962550640106,-12.627,-6.416,2.954,165.316,1.06074
4808,384640.0,1,0.08327505737543106,0.0689518079161644,0.30926,0.0005822503007948399,-12.796,-6.348,2.708,165.414,1.06041
4809,384720.0,1,0.08969613909721375,0.07738630473613739,0.30621,0.0006181234493851662,-13.015,-6.375,2.698,165.354,1.06085
4810,384800.0,1,0.10464554280042648,0.0896935686469078,0.30179,0.0006101008038967848,-13.399,-6.474,2.819,165.428,1.06054
4811,384880.0,1,0.7643300890922546,0.7219109535217285,0.07177,0.0008399487705901265,-13.47,-6.376,2.572,165.425,1.06044
4812,384960.0,1,0.6630188226699829,0.6408798694610596,0.08964,0.0008676550933159888,-13.245,-6.447,2.749,165.406,1.06039
4813,385040.0,1,0.3250747621059418,0.4109511077404022,0.20283,0.0005959980771876872,-12.846,-6.597,2.912,165.345,1.06018
4814,385120.0,1,0.14012004435062408,0.2107042521238327,0.27209,0.00045551388757303357,-12.391,-6.64,3.056,165.321,1.06024
4815,385200.0,1,0.10567636042833328,0.1319310963153839,0.2901,0.0005527022294700146,-12.166,-6.711,3.218,165.003,1.0627
4816,385280.0,1,0.08822644501924515,0.09704756736755371,0.30143,0.0005011850735172629,-11.232,-6.827,3.206,164.886,1.06371
4817,385360.0,1,0.047926001250743866,0.04233860597014427,0.33213,0.00040126469684764743,-10.724,-6.775,3.327,164.696,1.06473
4818,385440.0,1,0.0556049682199955,0.042580340057611465,0.33017,0.0003897188580594957,-10.388,-6.892,3.379,164.648,1.06454
4819,385520.0,1,0.8319551944732666,0.7779079079627991,0.02115,0.0005447626463137567,-11.318,-6.763,3.036,164.505,1.06527
4820,385600.0,1,0.8418430089950562,0.8065491914749146,0.01125,0.000642219209112227,-10.96,-6.761,3.033,164.416,1.06284
4821,385680.0,1,0.798682689666748,0.7122271060943604,0.05552,0.0005584344617091119,-10.584,-6.868,3.017,164.281,1.06196
4822,385760.0,1,0.3068394362926483,0.24927684664726257,0.23669,0.00042815093183889985,-10.003,-6.863,2.978,164.405,1.06113
4823,385840.0,1,0.17241688072681427,0.12197510898113251,0.28388,0.00038808240788057446,-9.886,-6.866,2.946,164.399,1.06045
4824,385920.0,1,0.13925491273403168,0.09793057292699814,0.292,0.0004069599381182343,-9.953,-6.969,3.08,164.48,1.05877
4825,386000.0,1,0.12096146494150162,0.0851217731833458,0.29622,0.0004018523031845689,-9.883,-6.951,3.065,164.452,1.05881
4826,386080.0,1,0.10824009031057358,0.08268804103136063,0.29827,0.00038759823655709624,-9.868,-6.921,3.067,164.497,1.05911
4827,386160.0,1,0.09352216869592667,0.07802768796682358,0.3027,0.00038860738277435303,-9.892,-6.925,3.07,164.485,1.05964
4828,386240.0,1,0.08309294283390045,0.07594698667526245,0.30352,0.0003986269293818623,-9.885,-6.971,3.165,164.696,1.0593
4829,386320.0,1,0.0779038593173027,0.05977911874651909,0.31035,0.0004054443270433694,-10.057,-7.195,3.352,164.824,1.05904
4830,386400.0,1,0.07799006998538971,0.05800662189722061,0.31194,0.0004143451224081218,-10.106,-7.259,3.431,165.052,1.05834
4831,386480.0,1,0.08143412321805954,0.07032127678394318,0.3096,0.0005439387168735266,-10.015,-7.28,3.656,165.1,1.05866
4832,386560.0,1,0.07945706695318222,0.06853029876947403,0.31016,0.0005466178990900517,-10.008,-7.312,3.738,165.249,1.05796
4833,386640.0,1,0.059136658906936646,0.047998327761888504,0.32125,0.0005529847694560885,-10.12,-7.409,3.768,165.322,1.05779
4834,386720.0,1,0.05348517373204231,0.04319346696138382,0.32497,0.0005303975194692612,-10.106,-7.4,3.804,165.365,1.05797
4835,386800.0,1,0.05052405223250389,0.03997325152158737,0.32612,0.00043163029477000237,-10.144,-7.372,3.81,165.347,1.05815
4836,386880.0,1,0.051934972405433655,0.03891214355826378,0.32835,0.0005106686148792505,-10.269,-7.327,3.728,165.388,1.06057
4837,386960.0,1,0.049192510545253754,0.03997736796736717,0.32914,0.000525538285728544,-10.517,-7.279,3.658,165.426,1.06086
4838,387040.0,1,0.0374433696269989,0.03278214856982231,0.33817,0.0004747490747831762,-10.934,-7.23,3.539,165.593,1.06113
4839,387120.0,1,0.03946730121970177,0.04033663496375084,0.33527,0.00044874209561385214,-11.039,-7.207,3.515,165.539,1.06179
4840,387200.0,1,0.042262766510248184,0.04463011771440506,0.33271,0.0004078625061083585,-11.025,-7.212,3.567,165.635,1.06178
4841,387280.0,1,0.0486307330429554,0.04998106509447098,0.32629,0.000372130743926391,-11.108,-7.185,3.57,165.643,1.06224
4842,387360.0,1,0.04243355616927147,0.04530619457364082,0.32878,0.00037797089316882193,-11.191,-7.206,3.584,165.781,1.062
4843,387440.0,1,0.041264913976192474,0.04541356861591339,0.32626,0.0003405686002224684,-11.23,-7.075,3.315,165.908,1.0626
4844,387520.0,1,0.04045802354812622,0.045334890484809875,0.32777,0.0002788602723740041,-11.693,-7.061,3.289,166.011,1.06231
4845,387600.0,1,0.040382567793130875,0.047525715082883835,0.32873,0.0002655987336765975,-12.19,-7.131,3.4,165.937,1.06243
4846,387680.0,1,0.04598270729184151,0.0469801239669323,0.3268,0.00026234835968352854,-12.342,-7.153,3.266,166.022,1.06223
4847,387760.0,1,0.04784706234931946,0.05196645110845566,0.32356,0.00024025335733313113,-12.341,-7.155,3.322,166.012,1.0626
4848,387840.0,1,0.047912925481796265,0.05633347108960152,0.32133,0.0002231749240309,-12.593,-7.188,3.515,166.177,1.06128
4849,387920.0,1,0.0390545055270195,0.04844149202108383,0.3268,0.00021624923101626337,-12.828,-7.135,3.684,166.115,1.06145
4850,388000.0,1,0.04352917522192001,0.05108664929866791,0.32396,0.00023036784841679037,-12.856,-7.133,3.701,166.236,1.06155
4851,388080.0,1,0.04353804513812065,0.04776061326265335,0.32921,0.00030530031654052436,-13.139,-7.15,3.819,166.187,1.06199
4852,388160.0,1,0.04530644416809082,0.05340563878417015,0.32526,0.00027045104070566595,-13.006,-7.175,3.902,166.241,1.0619
4853,388240.0,1,0.047225844115018845,0.05408042296767235,0.32399,0.00026426531258039176,-13.165,-7.17,3.971,166.163,1.06056
4854,388320.0,1,0.05056753382086754,0.05601383000612259,0.32341,0.0002757984912022948,-13.246,-7.224,4.027,166.253,1.05971
4855,388400.0,1,0.054941389709711075,0.056612733751535416,0.3211,0.00027749151922762394,-13.45,-7.333,4.119,166.213,1.0588
4856,388480.0,1,0.05608414486050606,0.05627031996846199,0.32063,0.00022647864534519613,-13.47,-7.359,4.168,166.293,1.0583
4857,388560.0,1,0.05736102536320686,0.05794903635978699,0.31968,0.00022521053324453533,-13.663,-7.37,4.185,166.282,1.05819
4858,388640.0,1,0.0645599290728569,0.060065072029829025,0.31686,0.00021109370572958142,-13.809,-7.453,4.312,166.339,1.05797
4859,388720.0,1,0.06699465215206146,0.06396374851465225,0.31646,0.00021690918947570026,-13.819,-7.431,4.315,166.41,1.05756
4860,388800.0,1,0.07475285977125168,0.06718577444553375,0.31335,0.00017605752509552985,-13.813,-7.452,4.32,166.326,1.05776
4861,388880.0,1,0.07269421964883804,0.06785769015550613,0.31332,0.00018100028682965785,-14.005,-7.415,4.273,166.247,1.05809
4862,388960.0,1,0.053367506712675095,0.06035258248448372,0.32161,0.00019422944751568139,-14.134,-7.45,4.334,166.198,1.0583
4863,389040.0,1,0.057372935116291046,0.05968715623021126,0.32133,0.00016289616178255528,-14.063,-7.459,4.564,165.884,1.06043
4864,389120.0,1,0.06341347843408585,0.06621323525905609,0.3156,0.00023978011449798942,-14.086,-7.331,4.825,165.821,1.06165
4865,389200.0,1,0.06396069377660751,0.06668774783611298,0.31366,0.0002705960359890014,-13.691,-7.299,4.76,165.599,1.06258
4866,389280.0,1,0.06773855537176132,0.06499563902616501,0.3132,0.00024500340805388987,-13.613,-7.24,4.827,165.594,1.06283
4867,389360.0,1,0.06475749611854553,0.06387607753276825,0.31366,0.00023036608763504773,-13.6,-7.193,4.777,165.563,1.06316
4868,389440.0,1,0.08934494107961655,0.07809095084667206,0.30372,0.00024262946681119502,-13.664,-7.153,4.629,165.623,1.06306
4869,389520.0,1,0.730151891708374,0.6143674850463867,0.09547,0.00027231607236899436,-13.817,-6.971,4.112,165.536,1.06318
4870,389600.0,1,0.6305994987487793,0.578178882598877,0.13134,0.0002689296379685402,-13.779,-7.148,4.08,165.574,1.06363
4871,389680.0,1,0.33317869901657104,0.35510337352752686,0.2294,0.00019476725719869137,-13.608,-7.165,4.095,165.522,1.06412
4872,389760.0,1,0.1841200441122055,0.20617668330669403,0.26706,0.00019219469686504453,-13.413,-7.28,4.053,165.534,1.06479
4873,389840.0,1,0.13754500448703766,0.17102840542793274,0.27681,0.0001770841918187216,-13.425,-7.323,4.033,165.576,1.06485
4874,389920.0,1,0.12440864741802216,0.13705751299858093,0.28798,0.00024091813247650862,-13.745,-7.426,4.141,165.654,1.06511
4875,390000.0,1,0.09070245176553726,0.08931045979261398,0.30818,0.0002724459336604923,-13.891,-7.339,4.264,165.664,1.0653
4876,390080.0,1,0.06458022445440292,0.06683778762817383,0.32141,0.0003145765222143382,-13.938,-7.353,4.309,165.798,1.06539
4877,390160.0,1,0.06470838934183121,0.0710124522447586,0.31983,0.0002644140040501952,-14.026,-7.369,4.361,165.746,1.06569
4878,390240.0,1,0.06497158110141754,0.07442323118448257,0.31859,0.00025245355209335685,-14.14,-7.363,4.386,165.741,1.06582
4879,390320.0,1,0.06641125679016113,0.07978030294179916,0.31594,0.00023087425506673753,-14.147,-7.373,4.338,165.551,1.06631
4880,390400.0,1,0.06330748647451401,0.07721428573131561,0.31705,0.0002351575531065464,-14.146,-7.374,4.357,165.512,1.0666
4881,390480.0,1,0.0581694096326828,0.06004694476723671,0.32479,0.00022097813780419528,-14.297,-7.469,4.61,165.339,1.0675
4882,390560.0,1,0.0594368651509285,0.06219984591007233,0.32257,0.00022589463333133608,-14.334,-7.54,4.642,165.348,1.06834
4883,390640.0,1,0.05959348753094673,0.06252221018075943,0.32236,0.00019881903426721692,-14.32,-7.513,4.652,165.28,1.069
4884,390720.0,1,0.07057422399520874,0.06656426936388016,0.31774,0.00019365896878298372,-14.228,-7.426,4.551,165.222,1.07013
4885,390800.0,1,0.06763160228729248,0.0671578124165535,0.3177,0.00018985495262313634,-14.092,-7.32,4.45,165.183,1.07026
4886,390880.0,1,0.07521351426839828,0.08497409522533417,0.30795,0.00019841070752590895,-13.972,-7.368,4.247,165.404,1.06977
4887,390960.0,1,0.06975191086530685,0.07964033633470535,0.31496,0.00023618509294465184,-14.075,-7.519,4.265,165.391,1.06991
4888,391040.0,1,0.06254661828279495,0.07474913448095322,0.31959,0.000242064765188843,-14.05,-7.452,4.306,165.44,1.07023
4889,391120.0,1,0.06324496120214462,0.06784751266241074,0.32272,0.0002827438001986593,-14.025,-7.433,4.261,165.353,1.07021
4890,391200.0,1,0.0565178245306015,0.06568802148103714,0.32372,0.0002476790396030992,-13.996,-7.393,4.312,165.366,1.07067
4891,391280.0,1,0.057757407426834106,0.06545022875070572,0.32299,0.00024042936274781823,-13.986,-7.409,4.334,165.269,1.07103
4892,391360.0,1,0.051307909190654755,0.06088244542479515,0.32753,0.0002208199439337477,-14.192,-7.313,4.279,165.241,1.07076
4893,391440.0,1,0.05779314786195755,0.061533939093351364,0.3268,0.0002718828618526459,-14.287,-7.421,4.397,165.133,1.07104
4894,391520.0,1,0.06441294401884079,0.06352356821298599,0.32339,0.0002272631973028183,-14.577,-7.425,4.44,165.334,1.07053
4895,391600.0,1,0.0559433177113533,0.05954168364405632,0.32505,0.00016473306459374726,-14.408,-7.416,4.52,165.356,1.06996
4896,391680.0,1,0.06930572539567947,0.07516351342201233,0.31569,0.00018730686861090362,-14.259,-7.367,4.512,165.605,1.06867
4897,391760.0,1,0.07122550159692764,0.08414925634860992,0.31223,0.00020567218598444015,-13.885,-7.218,4.59,165.687,1.06677
4898,391840.0,1,0.07047533988952637,0.0848708227276802,0.3119,0.00021677727636415511,-14.038,-7.243,4.549,165.926,1.06533
4899,391920.0,1,0.06911617517471313,0.0810166597366333,0.31172,0.00021809978352393955,-13.868,-7.301,4.488,165.998,1.06506
4900,392000.0,1,0.06648509204387665,0.07587994635105133,0.31298,0.0002145755133824423,-13.837,-7.307,4.445,166.235,1.06344
4901,392080.0,1,0.06444545835256577,0.06592787802219391,0.31711,0.00021396629745140672,-13.983,-7.307,4.409,166.322,1.06286
4902,392160.0,1,0.06327666342258453,0.0727982297539711,0.3168,0.00018848844047170132,-14.194,-7.359,4.459,166.829,1.05998
4903,392240.0,1,0.06672841310501099,0.07161809504032135,0.31486,0.00018230122805107385,-14.208,-7.371,4.52,168.402,1.04714
4904,392320.0,1,0.06525170058012009,0.07277838885784149,0.3147,0.00020126576418988407,-14.175,-7.343,4.467,168.779,1.04453
4905,392400.0,1,0.04693460091948509,0.05815274640917778,0.32666,0.0002237757871625945,-14.154,-7.294,4.366,168.771,1.04452
4906,392480.0,1,0.044030360877513885,0.0554429367184639,0.32807,0.00027572744875214994,-14.245,-7.195,4.459,168.839,1.04413
4907,392560.0,1,0.0510711744427681,0.06377200037240982,0.32176,0.0003028864739462733,-14.347,-7.133,4.581,168.804,1.04422
4908,392640.0,1,0.06062573194503784,0.07193624973297119,0.3147,0.0002783460367936641,-14.48,-6.995,4.577,168.91,1.04374
4909,392720.0,1,0.052260324358940125,0.06525229662656784,0.31803,0.00020422905799932778,-14.538,-7.004,4.459,168.881,1.04353
4910,392800.0,1,0.054434627294540405,0.06699736416339874,0.31722,0.00016184199193958193,-14.721,-7.133,4.62,168.954,1.04319
4911,392880.0,1,0.23835882544517517,0.18000520765781403,0.27102,0.0001977187639568001,-14.985,-7.134,4.261,164.815,1.04582
4912,392960.0,1,0.2767792046070099,0.21722756326198578,0.26375,0.00018067062774207443,-14.944,-7.124,4.423,164.234,1.04527
4913,393040.0,1,0.11903289705514908,0.11735676229000092,0.30076,0.0002216855064034462,-14.745,-7.075,4.512,164.223,1.04473
4914,393120.0,1,0.06844058632850647,0.062032949179410934,0.32467,0.00019759437418542802,-14.734,-7.089,4.562,161.036,1.04504
4915,393200.0,1,0.05325016379356384,0.05069515109062195,0.33311,0.00021301528613548726,-15.054,-7.064,4.547,160.981,1.0435
4916,393280.0,1,0.052928127348423004,0.05742155387997627,0.32846,0.0002667577937245369,-15.303,-7.021,4.556,161.021,1.04338
4917,393360.0,1,0.055249638855457306,0.0615028515458107,0.32473,0.0002813688188325614,-15.521,-6.976,4.498,160.965,1.04332
4918,393440.0,1,0.05748995766043663,0.06313785165548325,0.3218,0.00027313409373164177,-15.633,-6.938,4.481,160.995,1.04311
4919,393520.0,1,0.059082042425870895,0.0639161467552185,0.32021,0.0002865648712031543,-15.619,-6.939,4.499,160.921,1.0433
4920,393600.0,1,0.05519890412688255,0.05914199724793434,0.32208,0.000249533070018515,-15.614,-6.885,4.412,160.902,1.04291
4921,393680.0,1,0.05300666391849518,0.05950425937771797,0.3225,0.0002078862744383514,-15.565,-6.824,4.402,160.89,1.04235
4922,393760.0,1,0.054177410900592804,0.06155987083911896,0.32237,0.00019061843340750784,-15.495,-6.898,4.353,160.933,1.04213
4923,393840.0,1,0.05255179479718208,0.06111999973654747,0.32392,0.0001715422549750656,-15.437,-6.954,4.293,160.91,1.04189
4924,393920.0,1,0.05482851341366768,0.06390330940485,0.32249,0.00016931079153437167,-15.431,-6.952,4.289,161.022,1.04132
4925,394000.0,1,0.05594881251454353,0.06486722826957703,0.32173,0.00016513709852006286,-15.399,-6.983,4.302,161.018,1.04114
4926,394080.0,1,0.056398555636405945,0.06503430753946304,0.3214,0.00016260224219877273,-15.421,-6.975,4.349,161.097,1.0407
4927,394160.0,1,0.06153501197695732,0.06802225857973099,0.31909,0.00017166401084978133,-15.342,-6.93,4.379,160.996,1.04069
4928,394240.0,1,0.806408166885376,0.7575526833534241,0.04407,0.0002711233391892165,-16.01,-6.604,3.85,161.006,1.04084
4929,394320.0,1,0.39744314551353455,0.41936954855918884,0.20357,0.00014571065548807383,-15.818,-6.658,3.984,160.997,1.04216
4930,394400.0,1,0.19064022600650787,0.24104170501232147,0.26744,0.00015908171189948916,-15.712,-6.659,4.013,161.129,1.04235
4931,394480.0,1,0.11517821997404099,0.1635289192199707,0.29123,0.00015570479445159435,-15.646,-6.652,4.065,161.042,1.04241
4932,394560.0,1,0.05931608006358147,0.07087864726781845,0.32007,0.0001831848348956555,-15.335,-6.741,4.161,160.801,1.04532
4933,394640.0,1,0.043617673218250275,0.0519653856754303,0.33071,0.0002117391413776204,-15.033,-6.763,4.047,160.77,1.04563
4934,394720.0,1,0.04172206670045853,0.0538225993514061,0.32969,0.00025938128237612545,-14.954,-6.84,4.152,160.895,1.04574
4935,394800.0,1,0.039427269250154495,0.04787055030465126,0.33193,0.0002445732825435698,-14.817,-6.819,4.199,160.78,1.04625
4936,394880.0,1,0.03732134774327278,0.055260032415390015,0.33013,0.00027116420096717775,-14.953,-6.924,4.108,161.059,1.04547
4937,394960.0,1,0.03151239827275276,0.04936980456113815,0.33499,0.0002618058933876455,-15.032,-6.942,4.118,160.97,1.04614
4938,395040.0,1,0.027013862505555153,0.043318603187799454,0.33839,0.00022956624161452055,-15.44,-7.034,4.142,161.173,1.04583
4939,395120.0,1,0.025225916877388954,0.04304419457912445,0.33868,0.0002645151107572019,-15.468,-7.056,4.12,161.117,1.04617
4940,395200.0,1,0.024593377485871315,0.043494921177625656,0.3386,0.00022050562256481498,-15.522,-7.071,4.144,161.153,1.04611
4941,395280.0,1,0.02720809355378151,0.040794018656015396,0.3428,0.00021373119670897722,-15.511,-7.064,4.061,160.992,1.04629
4942,395360.0,1,0.027476074174046516,0.03734329342842102,0.34304,0.00019246518786530942,-15.395,-7.021,3.932,161.028,1.04591
4943,395440.0,1,0.03088517300784588,0.03609415143728256,0.33985,0.00020583659352269024,-15.506,-6.902,3.968,160.851,1.04623
4944,395520.0,1,0.034332383424043655,0.03804018720984459,0.33569,0.00017084981664083898,-15.449,-6.922,4.149,160.837,1.04725
4945,395600.0,1,0.03522007167339325,0.04082868620753288,0.33365,0.00014928323798812926,-15.47,-6.972,4.187,160.781,1.04701
4946,395680.0,1,0.03674699366092682,0.04158151149749756,0.33231,0.0001460712228436023,-15.628,-7.052,4.209,160.838,1.04669
4947,395760.0,1,0.03743622452020645,0.042075447738170624,0.33152,0.00015356973744928837,-15.728,-7.086,4.235,160.735,1.04705
4948,395840.0,1,0.03879334777593613,0.04926392436027527,0.32887,0.0001731959928292781,-15.671,-7.083,4.271,160.85,1.04697
4949,395920.0,1,0.03750838339328766,0.04792622849345207,0.32972,0.00018309298320673406,-15.732,-6.936,4.19,160.787,1.04733
4950,396000.0,1,0.036903440952301025,0.04867937043309212,0.3295,0.000179386290255934,-15.756,-6.924,4.254,160.807,1.04755
4951,396080.0,1,0.03622429817914963,0.0465472973883152,0.33082,0.00015273879398591816,-15.509,-6.893,4.321,160.558,1.05012
4952,396160.0,1,0.0374760702252388,0.046426884829998016,0.3302,0.00016320400754921138,-15.247,-6.8,4.37,160.506,1.05101
4953,396240.0,1,0.03991306200623512,0.05004790425300598,0.32783,0.00015475247346330434,-15.164,-6.717,4.301,160.403,1.05171
4954,396320.0,1,0.04145132005214691,0.05125140771269798,0.32703,0.0001469716808060184,-14.962,-6.726,4.335,160.456,1.05242
4955,396400.0,1,0.04190756008028984,0.054081596434116364,0.32587,0.00013827768270857632,-14.98,-6.723,4.362,160.319,1.05296
4956,396480.0,1,0.03997722640633583,0.04981458932161331,0.32844,0.00017160343122668564,-15.298,-6.96,4.379,160.307,1.05314
4957,396560.0,1,0.035098087042570114,0.044197335839271545,0.3315,0.00014523691788781434,-15.222,-7.019,4.393,160.305,1.0538
4958,396640.0,1,0.033953096717596054,0.0429401770234108,0.33245,0.00017797952750697732,-15.298,-7.042,4.388,160.334,1.05415
4959,396720.0,1,0.03447285667061806,0.04183881729841232,0.33327,0.0001826598308980465,-15.351,-6.989,4.384,160.254,1.05425
4960,396800.0,1,0.034893788397312164,0.040670812129974365,0.33285,0.00015895585238467902,-15.365,-7.041,4.388,160.306,1.05426
4961,396880.0,1,0.03501873463392258,0.0393851138651371,0.33281,0.00016102692461572587,-15.384,-7.04,4.404,160.125,1.05505
4962,396960.0,1,0.037083521485328674,0.0406547375023365,0.33177,0.00015515256382059306,-15.354,-7.043,4.375,160.245,1.05514
4963,397040.0,1,0.037674859166145325,0.04107949510216713,0.33194,0.00015492489910684526,-15.416,-7.046,4.388,160.264,1.05537
4964,397120.0,1,0.03795841708779335,0.04299277439713478,0.33164,0.00015802796406205744,-15.664,-6.99,4.376,160.353,1.05757
4965,397200.0,1,0.05451295152306557,0.0615895539522171,0.32082,0.00018117608851753175,-15.676,-7.019,4.31,160.249,1.05861
4966,397280.0,1,0.6589458584785461,0.6365140080451965,0.11779,0.0002692297857720405,-16.517,-6.762,3.806,160.337,1.06181
4967,397360.0,1,0.5362006425857544,0.5233227610588074,0.15681,0.00023971017799340189,-16.685,-6.937,3.97,160.263,1.06368
4968,397440.0,1,0.2196485996246338,0.2960841655731201,0.24919,0.00018294046458322555,-16.818,-6.796,4.356,160.334,1.06444
4969,397520.0,1,0.09942127019166946,0.19997279345989227,0.28182,0.00016811027307994664,-17.045,-6.826,4.751,160.252,1.06507
4970,397600.0,1,0.08555072546005249,0.15475094318389893,0.29264,0.00015111958782654256,-17.201,-6.879,4.833,160.387,1.06476
4971,397680.0,1,0.06477010995149612,0.10876631736755371,0.30301,0.00014868658035993576,-17.167,-6.848,4.859,160.349,1.06478
4972,397760.0,1,0.0626758337020874,0.09028006345033646,0.30769,0.0001325445482507348,-17.15,-6.894,4.911,160.401,1.06449
4973,397840.0,1,0.059653475880622864,0.08005723357200623,0.31081,0.0001258750562556088,-17.228,-6.909,4.926,160.392,1.06444
4974,397920.0,1,0.050660256296396255,0.0716671422123909,0.31601,0.00012112791591789573,-17.041,-6.949,4.912,160.454,1.06358
4975,398000.0,1,0.05025720223784447,0.07020904123783112,0.3158,0.00010268160986015573,-16.766,-6.898,4.803,160.416,1.06347
4976,398080.0,1,0.049140505492687225,0.06735613942146301,0.31759,0.0001046598918037489,-16.699,-6.98,4.708,160.129,1.06556
4977,398160.0,1,0.04572702571749687,0.06648428738117218,0.31962,9.841666906140745e-05,-16.537,-7.162,4.742,159.092,1.0793
4978,398240.0,1,0.046541813760995865,0.06468650698661804,0.31942,8.729240653337911e-05,-16.365,-7.213,4.782,158.988,1.08158
4979,398320.0,1,0.04565254598855972,0.06264746934175491,0.31995,7.917428592918441e-05,-16.037,-7.215,4.76,158.929,1.08264
4980,398400.0,1,0.04528767243027687,0.06218474358320236,0.32067,8.249590609921142e-05,-16.179,-7.305,4.724,158.79,1.08314
4981,398480.0,1,0.044206079095602036,0.061333660036325455,0.32145,8.37854968267493e-05,-16.216,-7.291,4.697,158.794,1.08332
4982,398560.0,1,0.04571264237165451,0.059497538954019547,0.32311,0.0001010199703159742,-16.59,-7.188,4.727,158.897,1.08328
4983,398640.0,1,0.04534558579325676,0.06000271439552307,0.32407,0.00010936603212030604,-16.735,-7.099,4.743,158.923,1.08291
4984,398720.0,1,0.046069856733083725,0.06077653914690018,0.3262,0.00012448517372831702,-16.87,-7.038,4.763,159.057,1.08283
4985,398800.0,1,0.04859818145632744,0.059999771416187286,0.32681,0.00012109834642615169,-16.851,-7.025,4.833,158.966,1.08305
4986,398880.0,1,0.05333871766924858,0.07081833481788635,0.32155,0.00014061467663850635,-16.829,-6.978,4.939,159.062,1.08258
4987,398960.0,1,0.05294841155409813,0.06660540401935577,0.32243,0.00013946669059805572,-16.852,-6.953,4.961,159.002,1.08209
4988,399040.0,1,0.039825454354286194,0.05438986420631409,0.33233,0.00013833360571879894,-16.844,-6.97,4.999,158.994,1.08186
4989,399120.0,1,0.04102316498756409,0.055280864238739014,0.3316,0.0001289767533307895,-16.825,-7.011,4.998,158.982,1.08184
4990,399200.0,1,0.04392299801111221,0.05735704302787781,0.32915,0.00012157631863374263,-16.85,-7.02,4.998,159.043,1.08154
4991,399280.0,1,0.047404684126377106,0.05754389613866806,0.32734,0.00010990171722369269,-16.754,-7.062,5.053,159.195,1.08086
4992,399360.0,1,0.04738875851035118,0.05494055524468422,0.32614,0.0001475537137594074,-16.657,-7.025,5.006,159.177,1.08118
4993,399440.0,1,0.04491090029478073,0.05078528821468353,0.32891,0.00011631652159849182,-16.697,-7.021,4.959,159.061,1.08144
4994,399520.0,1,0.04345092549920082,0.049547914415597916,0.32965,0.0001160817191703245,-16.49,-7.095,5.006,159.056,1.08197
4995,399600.0,1,0.04307839274406433,0.04932607710361481,0.32971,0.00011718566383933648,-16.522,-7.078,4.971,158.954,1.08268
4996,399680.0,1,0.0424005389213562,0.049527086317539215,0.33001,0.00011540648847585544,-16.522,-7.07,4.959,159.002,1.08231
4997,399760.0,1,0.0419282428920269,0.0499311126768589,0.33022,0.00011081323464168236,-16.492,-7.091,4.987,158.974,1.08254
4998,399840.0,1,0.042300719767808914,0.04989638924598694,0.32985,0.00010287742770742625,-16.753,-7.124,5.07,159.056,1.08252
4999,399920.0,1,0.04241923615336418,0.049731090664863586,0.32966,9.872337250271812e-05,-16.936,-7.14,5.106,158.998,1.08265
5000,400000.0,1,0.043434057384729385,0.05115827918052673,0.32785,9.496877464698628e-05,-16.982,-7.152,5.147,159.106,1.08091
5001,400080.0,1,0.04298575967550278,0.05110863596200943,0.32745,9.105481149163097e-05,-17.08,-7.142,5.166,159.019,1.0787
5002,400160.0,1,0.04500512033700943,0.05370842665433884,0.3258,9.01927996892482e-05,-17.078,-7.162,5.188,159.053,1.07721
5003,400240.0,1,0.04726225137710571,0.05691847205162048,0.32364,9.057150600710884e-05,-17.083,-7.137,5.198,158.982,1.07691
5004,400320.0,1,0.054503440856933594,0.058281060308218,0.32113,8.868875738698989e-05,-16.942,-7.121,5.13,159.018,1.0756
5005,400400.0,1,0.054956261068582535,0.05643511563539505,0.31871,0.00012854114174842834,-16.532,-7.11,5.017,158.994,1.07612
5006,400480.0,1,0.05107363685965538,0.056080278009176254,0.3203,0.00012655890895985067,-16.604,-7.112,5.068,159.057,1.07644
5007,400560.0,1,0.042298682034015656,0.05288153141736984,0.32563,0.00012279069051146507,-16.815,-7.072,5.066,159.1,1.07661
5008,400640.0,1,0.056178316473960876,0.06229003146290779,0.31762,0.00020594200759660453,-16.874,-7.103,4.936,159.282,1.07683
5009,400720.0,1,0.039605528116226196,0.050428953021764755,0.32974,0.00016689530457369983,-16.835,-7.098,4.972,159.17,1.07704
5010,400800.0,1,0.0446745827794075,0.05771081894636154,0.32694,0.00012907246127724648,-16.749,-7.092,4.953,159.272,1.07669
5011,400880.0,1,0.043227992951869965,0.05830252170562744,0.32684,0.00012241318472661078,-16.867,-7.072,4.902,159.252,1.07649
5012,400960.0,1,0.048818476498126984,0.06129946559667587,0.32247,0.00012878552661277354,-16.846,-7.009,4.854,159.346,1.07664
5013,401040.0,1,0.05313308537006378,0.06503450870513916,0.31983,0.00013035511074122041,-16.861,-7.001,4.842,159.304,1.07687
5014,401120.0,1,0.06006356328725815,0.06948844343423843,0.31544,0.00011801459186244756,-16.979,-6.985,4.841,159.41,1.07488
5015,401200.0,1,0.061733100563287735,0.07114069163799286,0.31472,0.0001118051222874783,-16.964,-6.9,4.787,159.315,1.07471
5016,401280.0,1,0.05636461079120636,0.06786973774433136,0.31847,0.00010425716754980385,-16.844,-6.879,4.714,159.294,1.07354
5017,401360.0,1,0.05268465727567673,0.06524864584207535,0.32012,0.00010451049456605688,-16.854,-6.863,4.661,159.353,1.07316
5018,401440.0,1,0.04857664182782173,0.06385932862758636,0.3232,0.00010577699868008494,-17.074,-6.897,4.574,159.273,1.07406
5019,401520.0,1,0.04900680109858513,0.06363693624734879,0.32235,0.00011147457553306594,-17.197,-6.888,4.67,159.095,1.07472
5020,401600.0,1,0.05016441270709038,0.06490791589021683,0.32203,0.00011730696860468015,-17.182,-6.912,4.697,158.47,1.07763
5021,401680.0,1,0.051625244319438934,0.06596309691667557,0.32126,0.00011359537893440574,-17.221,-6.939,4.722,158.109,1.08076
5022,401760.0,1,0.05159805715084076,0.0654321238398552,0.32128,0.00011096973321400583,-17.167,-7.012,4.737,158.083,1.08111
5023,401840.0,1,0.05093825235962868,0.06445575505495071,0.32203,0.00011152305523864925,-17.187,-7.073,4.754,157.999,1.08177
5024,401920.0,1,0.05120573937892914,0.06338228285312653,0.32225,0.00010804307385114953,-17.221,-7.141,4.834,158.027,1.08146
5025,402000.0,1,0.051196396350860596,0.06037149950861931,0.3234,0.0001100696244975552,-17.286,-7.196,4.864,158.001,1.08168
5026,402080.0,1,0.05255110561847687,0.07013925909996033,0.32078,0.00011668233491946012,-17.181,-7.261,4.968,158.175,1.0803
5027,402160.0,1,0.053598057478666306,0.07396099716424942,0.3198,0.00012271130981389433,-17.176,-7.245,4.99,158.192,1.07942
5028,402240.0,1,0.053952720016241074,0.06807740032672882,0.31942,0.00011907365114893764,-16.902,-7.22,5.035,158.353,1.07746
5029,402320.0,1,0.052895091474056244,0.06694972515106201,0.3203,0.00013653640053234994,-16.803,-7.148,4.986,158.337,1.07754
5030,402400.0,1,0.05437876284122467,0.06690994650125504,0.32086,0.0001268258783966303,-16.701,-7.079,4.961,158.407,1.07731
5031,402480.0,1,0.05829958990216255,0.06891810148954391,0.31923,0.00013085636601317674,-16.692,-7.077,4.939,158.417,1.07701
5032,402560.0,1,0.05845234543085098,0.06678816676139832,0.31939,0.0001329379592789337,-16.797,-7.091,4.993,158.461,1.07691
5033,402640.0,1,0.05682764947414398,0.06555940210819244,0.3198,0.0001422643690602854,-16.799,-7.078,4.993,158.435,1.07733
5034,402720.0,1,0.05620512366294861,0.06507924199104309,0.31978,0.00014592990919481963,-16.769,-7.026,5.017,158.432,1.07715
5035,402800.0,1,0.056111909449100494,0.06453648209571838,0.31968,0.00014471879694610834,-16.707,-7.011,5.03,158.481,1.07504
5036,402880.0,1,0.05452278256416321,0.06344299018383026,0.31953,0.0001360891474178061,-16.614,-7.061,5.016,158.626,1.07407
5037,402960.0,1,0.051405634731054306,0.061298489570617676,0.32266,0.00012664799578487873,-16.557,-7.032,5.047,158.641,1.07336
5038,403040.0,1,0.04722953587770462,0.05791977420449257,0.32567,0.0001169850438600406,-16.549,-7.02,5.047,158.683,1.07302
5039,403120.0,1,0.0491744764149189,0.06177181378006935,0.32389,0.00011501921835588291,-16.464,-6.983,4.995,158.653,1.07154
5040,403200.0,1,0.046368908137083054,0.06048214063048363,0.32573,0.0001375231659039855,-16.581,-6.939,4.901,158.753,1.06951
5041,403280.0,1,0.04564092308282852,0.05909423157572746,0.32626,0.00013618767843581736,-16.613,-6.911,4.897,158.707,1.06947
5042,403360.0,1,0.04850688949227333,0.06104060634970665,0.32471,0.00014727847883477807,-16.681,-6.89,4.87,158.831,1.06907
5043,403440.0,1,0.049292031675577164,0.06239517778158188,0.32414,0.00014214652765076607,-16.648,-6.887,4.852,158.977,1.06781
5044,403520.0,1,0.05032913386821747,0.06276693940162659,0.32353,0.00013713333464693278,-16.718,-6.805,4.86,159.021,1.06814
5045,403600.0,1,0.12457027286291122,0.11163106560707092,0.28937,0.00012693816097453237,-16.781,-6.829,4.713,158.995,1.06853
5046,403680.0,1,0.6614512205123901,0.6465650796890259,0.12104,0.00019712843641173095,-17.942,-6.942,4.43,159.051,1.0687
5047,403760.0,1,0.634087324142456,0.5240193009376526,0.15513,0.00016103859525173903,-17.882,-6.973,4.57,159.014,1.06904
5048,403840.0,1,0.28511613607406616,0.34237101674079895,0.242,0.00012123734632041305,-17.778,-6.979,4.79,159.039,1.06876
5049,403920.0,1,0.143155038356781,0.1731961965560913,0.27934,0.00011088416795246303,-17.746,-6.904,4.796,158.997,1.06885
5050,404000.0,1,0.08729607611894608,0.12198944389820099,0.29702,0.00011178454587934539,-17.678,-6.925,4.886,159.05,1.06884
5051,404080.0,1,0.07101252675056458,0.10584142059087753,0.30511,0.00012109938688809052,-17.605,-6.964,4.898,159.044,1.06887
5052,404160.0,1,0.07534977048635483,0.10355668514966965,0.30402,9.559124009683728e-05,-17.365,-6.913,4.965,159.189,1.06887
5053,404240.0,1,0.07661356776952744,0.09457952529191971,0.30507,0.00010275957902194932,-17.31,-6.968,5.029,159.212,1.06684
5054,404320.0,1,0.07645919173955917,0.08880177140235901,0.30597,0.00010305297473678365,-17.342,-7.011,5.008,159.317,1.06519
5055,404400.0,1,0.0764433965086937,0.08599875122308731,0.30643,0.00010168956941924989,-17.324,-7.032,5.001,159.321,1.06463
5056,404480.0,1,0.07632937282323837,0.08566168695688248,0.30666,0.00010507598199183121,-17.408,-7.095,4.977,159.376,1.06417
5057,404560.0,1,0.07486215978860855,0.08362230658531189,0.30696,0.00010249709885101765,-17.26,-7.131,5.021,159.317,1.06425
5058,404640.0,1,0.07733380049467087,0.08696264028549194,0.30659,0.00011415460176067427,-17.313,-7.093,5.035,159.312,1.06381
5059,404720.0,1,0.0771290510892868,0.08839265257120132,0.30696,0.00011998455011053011,-17.449,-6.999,5.021,159.266,1.06406
5060,404800.0,1,0.07414546608924866,0.08693233877420425,0.30831,0.00010485728125786409,-17.443,-7.004,4.996,159.277,1.06377
5061,404880.0,1,0.07342135906219482,0.08699016273021698,0.30904,0.00010569291043793783,-17.458,-7.023,4.984,159.217,1.06422
5062,404960.0,1,0.07701493799686432,0.08628677576780319,0.3082,0.00010474195732967928,-17.425,-7.032,5.054,159.257,1.06371
5063,405040.0,1,0.07777827233076096,0.08596178889274597,0.30721,0.00011971975618507713,-17.479,-7.039,5.083,159.195,1.06416
5064,405120.0,1,0.0758165493607521,0.081070676445961,0.30785,0.0001020517956931144,-17.421,-7.036,5.153,159.202,1.06435
5065,405200.0,1,0.07404176145792007,0.08058416098356247,0.30807,0.00011110706691397354,-17.405,-7.058,5.16,159.189,1.0642
5066,405280.0,1,0.07260055094957352,0.07672297954559326,0.30901,0.00011178859858773649,-17.407,-7.043,5.166,159.286,1.06407
5067,405360.0,1,0.07259109616279602,0.0767558142542839,0.30907,0.00011458189692348242,-17.584,-7.037,5.159,159.264,1.06396
5068,405440.0,1,0.07749011367559433,0.07513722777366638,0.30882,0.00010969210416078568,-17.708,-7.075,5.252,159.299,1.06415
5069,405520.0,1,0.09222877025604248,0.08145526051521301,0.30391,0.0001001285418169573,-17.878,-6.987,5.257,159.284,1.06419
5070,405600.0,1,0.09584476053714752,0.08022943139076233,0.30371,8.901036926545203e-05,-17.795,-6.999,5.223,159.452,1.06351
5071,405680.0,1,0.08848635107278824,0.07520372420549393,0.30846,0.00011116418318124488,-17.878,-7.064,5.179,159.349,1.064
5072,405760.0,1,0.08555475622415543,0.0805596187710762,0.30823,0.00013002885680180043,-17.992,-7.102,5.175,159.414,1.06463
5073,405840.0,1,0.07857430726289749,0.07700937986373901,0.31362,0.0001431410782970488,-18.017,-7.038,5.032,159.374,1.0646
5074,405920.0,1,0.07331911474466324,0.07618622481822968,0.31386,0.00012291873281355947,-17.772,-7.028,5.038,159.436,1.06446
5075,406000.0,1,0.07914989441633224,0.08386437594890594,0.31116,0.00016710803902242333,-17.829,-6.993,4.951,159.418,1.0641
5076,406080.0,1,0.08011557161808014,0.08760347217321396,0.30871,0.0001701822184259072,-17.673,-6.857,4.934,160.255,1.05897
5077,406160.0,1,0.08252882957458496,0.09045126289129257,0.30676,0.00015180371701717377,-17.657,-6.854,4.955,160.375,1.05813
5078,406240.0,1,0.08169645071029663,0.08273974061012268,0.30673,0.00012929641525261104,-17.546,-6.807,5.053,160.471,1.05692
5079,406320.0,1,0.08245589584112167,0.07936502248048782,0.30523,0.00012805873120669276,-17.665,-6.88,5.149,160.412,1.05705
5080,406400.0,1,0.08291026204824448,0.07870238274335861,0.30396,0.00012234387395437807,-17.607,-6.934,5.206,160.406,1.0569
5081,406480.0,1,0.06768056750297546,0.07840009033679962,0.30999,0.00011824911780422553,-17.593,-6.935,5.235,160.308,1.05691
5082,406560.0,1,0.07142220437526703,0.08259661495685577,0.30866,0.00011803383677033707,-17.579,-6.939,5.26,160.355,1.05623
5083,406640.0,1,0.07365910708904266,0.08552706986665726,0.30806,0.00011822239321190864,-17.459,-6.925,5.244,160.307,1.05639
5084,406720.0,1,0.07625790685415268,0.08956080675125122,0.30678,0.00012497114948928356,-17.413,-6.929,5.208,160.318,1.0564
5085,406800.0,1,0.08490347117185593,0.09020587801933289,0.30384,0.00012700934894382954,-17.561,-6.839,5.144,160.157,1.0566
5086,406880.0,1,0.08281849324703217,0.09432793408632278,0.3038,0.0001337889552814886,-17.787,-6.803,5.043,160.186,1.05637
5087,406960.0,1,0.07999305427074432,0.0907500833272934,0.30463,0.0001279604621231556,-17.79,-6.794,4.986,160.104,1.0568
5088,407040.0,1,0.07700096070766449,0.09136722981929779,0.30482,0.00013911908899899572,-17.568,-6.739,4.924,160.122,1.05685
5089,407120.0,1,0.07516399770975113,0.09092741459608078,0.30446,0.0001421178167220205,-17.415,-6.715,4.87,160.123,1.05687
5090,407200.0,1,0.07511483877897263,0.09089166671037674,0.30435,0.00013398159353528172,-17.229,-6.693,4.839,160.208,1.05676
5091,407280.0,1,0.0783892348408699,0.0905315950512886,0.30321,0.00012774101924151182,-17.248,-6.71,4.82,160.182,1.05667
5092,407360.0,1,0.07754164189100266,0.0887274220585823,0.3034,0.0001269420317839831,-17.255,-6.714,4.816,160.237,1.05701
5093,407440.0,1,0.07726873457431793,0.08796258270740509,0.30448,0.0001373852719552815,-17.225,-6.66,4.853,160.201,1.05667
5094,407520.0,1,0.0739104226231575,0.08368626981973648,0.30631,0.00013811678218189627,-17.202,-6.65,4.834,160.242,1.05684
5095,407600.0,1,0.07198094576597214,0.0798415094614029,0.30897,0.00013987380953039974,-17.122,-6.696,4.891,160.235,1.05653
5096,407680.0,1,0.0729229673743248,0.08137194067239761,0.30792,0.00013660699187312275,-17.149,-6.755,4.911,160.397,1.05609
5097,407760.0,1,0.07637853175401688,0.08622394502162933,0.30553,0.00013348898210097104,-17.162,-6.791,4.912,160.303,1.05622
5098,407840.0,1,0.07641227543354034,0.08580636978149414,0.30513,0.00013198067608755082,-17.06,-6.821,4.908,160.317,1.05637
5099,407920.0,1,0.0738140121102333,0.07780521363019943,0.30977,0.0001595774374436587,-16.752,-6.836,4.689,160.181,1.05629
5100,408000.0,1,0.08175330609083176,0.09536030143499374,0.30503,0.0001819901808630675,-16.848,-6.819,4.724,160.163,1.05672
5101,408080.0,1,0.08317124843597412,0.10196153819561005,0.30301,0.00017075175128411502,-16.853,-6.804,4.696,160.153,1.05651
5102,408160.0,1,0.08352916687726974,0.10037772357463837,0.30212,0.00016068504191935062,-16.78,-6.756,4.723,160.262,1.05609
5103,408240.0,1,0.08085107803344727,0.09707345813512802,0.30436,0.00019460779731161892,-16.665,-6.821,4.672,160.243,1.05636
5104,408320.0,1,0.0771196186542511,0.09631674736738205,0.30558,0.00020203369786031544,-16.792,-6.837,4.668,160.337,1.05601
5105,408400.0,1,0.07777134329080582,0.09301576018333435,0.30825,0.000224277755478397,-16.699,-6.882,4.533,160.315,1.05631
5106,408480.0,1,0.07018383592367172,0.08336522430181503,0.31579,0.0002901442348957062,-16.697,-6.879,4.52,160.52,1.05659
5107,408560.0,1,0.062118932604789734,0.07534953206777573,0.3193,0.00023403001250699162,-16.604,-6.881,4.55,160.501,1.05661
5108,408640.0,1,0.06946408748626709,0.09032502770423889,0.31191,0.0002359960344620049,-16.549,-6.762,4.494,160.624,1.05628
5109,408720.0,1,0.06733717769384384,0.0849383994936943,0.31428,0.0002456780639477074,-16.574,-6.718,4.526,160.61,1.05636
5110,408800.0,1,0.06380696594715118,0.07941815257072449,0.31644,0.00025309607735835016,-16.582,-6.729,4.493,160.665,1.05655
5111,408880.0,1,0.06591758131980896,0.07954344898462296,0.31535,0.00023710976529400796,-16.58,-6.782,4.466,160.603,1.05677
5112,408960.0,1,0.06229773536324501,0.07958502322435379,0.31524,0.0002340844803256914,-16.481,-6.682,4.501,160.588,1.05626
5113,409040.0,1,0.06094292178750038,0.07538431882858276,0.31455,0.00021128336084075272,-16.439,-6.707,4.658,160.496,1.05694
5114,409120.0,1,0.061390504240989685,0.08122482150793076,0.315,0.00020546794985421002,-16.51,-6.592,4.613,160.53,1.05659
5115,409200.0,1,0.047617897391319275,0.06878294795751572,0.3212,0.00016728563059587032,-16.613,-6.598,4.6,160.48,1.05633
5116,409280.0,1,0.046568192541599274,0.06959983706474304,0.32163,0.00017313225544057786,-16.665,-6.6,4.633,160.468,1.05646
5117,409360.0,1,0.05028301849961281,0.07436566799879074,0.31896,0.0001786088541848585,-16.589,-6.636,4.638,160.394,1.05667
5118,409440.0,1,0.05304817110300064,0.07677508145570755,0.31788,0.00018243183149024844,-16.467,-6.629,4.636,160.387,1.05709
5119,409520.0,1,0.054010700434446335,0.07684314250946045,0.3174,0.0001865975937107578,-16.451,-6.633,4.635,160.295,1.05734
5120,409600.0,1,0.05587618798017502,0.07581644505262375,0.31796,0.00018657270993571728,-16.339,-6.665,4.624,160.33,1.0573
5121,409680.0,1,0.05477631837129593,0.07300721108913422,0.31863,0.00019117866759188473,-16.303,-6.696,4.649,160.262,1.05759
5122,409760.0,1,0.05578818917274475,0.07141483575105667,0.31846,0.00019382394384592772,-16.176,-6.709,4.692,160.38,1.05765
5123,409840.0,1,0.05575039982795715,0.0711691603064537,0.31909,0.00017603940796107054,-16.31,-6.799,4.739,160.236,1.05827
5124,409920.0,1,0.056475598365068436,0.07190454006195068,0.31943,0.00013502365618478507,-16.425,-6.823,4.757,160.163,1.05802
5125,410000.0,1,0.06125994399189949,0.07406504452228546,0.31606,0.00012403832806739956,-16.417,-6.83,4.785,160.151,1.05839
5126,410080.0,1,0.062314651906490326,0.07229389250278473,0.31603,0.00012539226736407727,-16.556,-6.785,4.843,160.176,1.05833
5127,410160.0,1,0.06325612962245941,0.07157263904809952,0.31579,0.0001221398706547916,-16.762,-6.728,4.865,160.11,1.05896
5128,410240.0,1,0.4526262581348419,0.3928007483482361,0.20675,0.00017021677922457457,-17.399,-6.702,4.668,160.139,1.05947
5129,410320.0,1,0.36153632402420044,0.35852134227752686,0.22361,0.0001603368582436815,-17.433,-6.751,4.686,160.11,1.05958
5130,410400.0,1,0.16926659643650055,0.29533788561820984,0.26479,0.00014141392603050917,-17.383,-6.736,4.779,160.102,1.05941
5131,410480.0,1,0.10356033593416214,0.22083815932273865,0.28438,0.0001358145964331925,-17.272,-6.818,4.928,160.053,1.05951
5132,410560.0,1,0.09539392590522766,0.18060915172100067,0.29036,0.00013254758960101753,-17.224,-6.867,4.991,160.086,1.05985
5133,410640.0,1,0.08029233664274216,0.14908669888973236,0.29655,0.00013742249575443566,-17.163,-6.876,5.023,160.025,1.06012
5134,410720.0,1,0.07803623378276825,0.13774186372756958,0.29798,0.00013423494237940758,-17.117,-6.894,5.084,160.079,1.06009
5135,410800.0,1,0.07358501851558685,0.12168512493371964,0.30049,0.00013354208203963935,-17.145,-6.906,5.089,160.052,1.0604
5136,410880.0,1,0.0721367746591568,0.10205693542957306,0.30485,0.00013002414198126644,-16.751,-6.864,4.985,160.1,1.06055
5137,410960.0,1,0.07033578306436539,0.10100537538528442,0.30617,0.00014517961244564503,-16.746,-6.831,4.904,160.169,1.06
5138,411040.0,1,0.07160410284996033,0.10048055648803711,0.3065,0.00014851780724711716,-16.762,-6.829,4.911,160.272,1.05953
5139,411120.0,1,0.07300889492034912,0.09865105152130127,0.30667,0.0001624265278223902,-16.76,-6.859,4.952,160.219,1.0598
5140,411200.0,1,0.07359255850315094,0.09685084223747253,0.30614,0.0001679489214438945,-16.782,-6.893,5.019,160.26,1.05978
5141,411280.0,1,0.07478178292512894,0.0947202667593956,0.30574,0.0001631727209314704,-16.819,-6.893,5.01,160.234,1.05983
5142,411360.0,1,0.0732630044221878,0.09317078441381454,0.30579,0.00014205832849256694,-16.844,-6.872,4.994,160.249,1.06011
5143,411440.0,1,0.0662008598446846,0.07730122655630112,0.30962,0.00011626019841060042,-16.807,-6.869,5.001,160.192,1.0598
5144,411520.0,1,0.06494097411632538,0.07606526464223862,0.31095,0.00011655600246740505,-16.86,-6.841,4.985,160.217,1.05986
5145,411600.0,1,0.04937244579195976,0.05656925588846207,0.32325,0.00011014511255780235,-16.814,-6.848,4.895,160.142,1.05957
5146,411680.0,1,0.04820525273680687,0.0575619712471962,0.32643,0.0001372391707263887,-17.066,-7.003,4.97,160.154,1.0599
5147,411760.0,1,0.05453289672732353,0.06477582454681396,0.32335,0.00014023920812178403,-17.088,-7.039,4.97,160.112,1.05985
5148,411840.0,1,0.05287318304181099,0.061392512172460556,0.32466,0.00011920759425265715,-17.33,-6.957,5.009,160.114,1.06
5149,411920.0,1,0.057800497859716415,0.06587056815624237,0.32177,0.00013119858340360224,-17.71,-7.023,5.084,160.074,1.05935
5150,412000.0,1,0.05726016312837601,0.06810205429792404,0.31888,0.00013473287981469184,-17.747,-7.007,5.124,160.16,1.05998
5151,412080.0,1,0.054578620940446854,0.0667656883597374,0.31992,0.00013643944112118334,-17.658,-6.975,5.11,160.086,1.06036
5152,412160.0,1,0.053845372051000595,0.06560012698173523,0.32018,0.00013528877752833068,-17.729,-6.975,5.154,160.133,1.06026
5153,412240.0,1,0.04687272384762764,0.05632408708333969,0.32635,0.00012327298463787884,-17.393,-6.894,4.993,160.012,1.05989
5154,412320.0,1,0.047407571226358414,0.05432546138763428,0.3276,0.0001037528709275648,-17.601,-6.973,5.082,160.077,1.05983
5155,412400.0,1,0.05034344270825386,0.056359875947237015,0.32643,0.00011325543891871348,-17.709,-7.005,5.126,160.025,1.06007
5156,412480.0,1,0.0550406388938427,0.06191694363951683,0.32389,0.00012738656369037926,-17.825,-7.056,5.179,160.139,1.06034
5157,412560.0,1,0.059068724513053894,0.06707140058279037,0.32411,0.00016749602218624204,-17.78,-7.052,5.176,160.076,1.06061
5158,412640.0,1,0.061752621084451675,0.07339266687631607,0.32107,0.00016518874326720834,-17.656,-7.025,5.215,160.131,1.06042
5159,412720.0,1,0.06272618472576141,0.0732872411608696,0.31958,0.0001476604084018618,-17.554,-7.037,5.249,160.077,1.0602
5160,412800.0,1,0.06612357497215271,0.08060890436172485,0.31517,0.000158877664944157,-17.652,-7.012,5.292,160.004,1.06017
5161,412880.0,1,0.06874968111515045,0.08308885991573334,0.31333,0.00015146739315241575,-17.643,-6.999,5.259,159.995,1.06001
5162,412960.0,1,0.06872360408306122,0.08207862079143524,0.31351,0.00014800659846514463,-17.627,-6.998,5.258,160.053,1.06006
5163,413040.0,1,0.07116753607988358,0.08165488392114639,0.31287,0.00014394219033420086,-17.65,-6.987,5.269,160.054,1.06049
5164,413120.0,1,0.07402212172746658,0.0828755721449852,0.312,0.00013804977061226964,-17.686,-6.982,5.246,160.156,1.06035
5165,413200.0,1,0.07993976771831512,0.08746564388275146,0.30999,0.00014615677355322987,-17.742,-6.906,5.228,160.112,1.06049
5166,413280.0,1,0.08231408149003983,0.08860892802476883,0.31003,0.00014542914868798107,-17.746,-6.913,5.175,160.194,1.06029
5167,413360.0,1,0.08096817135810852,0.08855792880058289,0.30957,0.00013914350711274892,-17.757,-6.912,5.154,160.203,1.06
5168,413440.0,1,0.07571300119161606,0.08885829150676727,0.3111,0.00012995261931791902,-17.95,-6.979,5.054,160.282,1.05991
5169,413520.0,1,0.06472311913967133,0.07683414220809937,0.31622,0.00011947171879000962,-17.983,-7.016,4.955,160.28,1.05988
5170,413600.0,1,0.05746190994977951,0.07365360856056213,0.3193,0.00010797817958518863,-17.98,-6.967,4.916,160.458,1.05954
5171,413680.0,1,0.06142370030283928,0.07907313108444214,0.31617,0.00010343191388528794,-18.152,-6.969,4.915,160.478,1.05938
5172,413760.0,1,0.05626774951815605,0.07872956246137619,0.31608,0.00011433828331064433,-18.186,-6.898,4.72,160.651,1.05727
5173,413840.0,1,0.05542746186256409,0.08254876732826233,0.31651,0.00011748685938073322,-18.147,-6.862,4.645,160.704,1.05678
5174,413920.0,1,0.0547378733754158,0.08484282344579697,0.31607,0.00011447771248640493,-18.12,-6.829,4.606,160.803,1.05585
5175,414000.0,1,0.05661926046013832,0.09145843237638474,0.31437,0.0001158442028099671,-17.997,-6.753,4.546,160.928,1.05448
5176,414080.0,1,0.057901136577129364,0.09270313382148743,0.31388,0.00010868196113733575,-17.957,-6.719,4.586,160.916,1.05435
5177,414160.0,1,0.05179732292890549,0.08913316577672958,0.31612,0.0001082253729691729,-17.922,-6.711,4.603,160.884,1.05407
5178,414240.0,1,0.05348692461848259,0.09246469289064407,0.31562,0.00012918155698571354,-17.792,-6.744,4.654,161.029,1.0538
5179,414320.0,1,0.05391043797135353,0.08882241696119308,0.31661,0.00012722464452963322,-17.808,-6.745,4.686,161.041,1.0537
5180,414400.0,1,0.05392281338572502,0.086966872215271,0.31686,0.0001278451964026317,-17.764,-6.753,4.729,161.158,1.05384
5181,414480.0,1,0.0536620207130909,0.08805786073207855,0.31665,0.00013492700236383826,-17.759,-6.768,4.753,161.118,1.05397
5182,414560.0,1,0.057503897696733475,0.08609095215797424,0.31721,0.00016847836377564818,-17.604,-6.734,4.866,161.291,1.05404
5183,414640.0,1,0.06369125097990036,0.08869951218366623,0.31354,0.00022153188183438033,-17.679,-6.746,4.846,161.29,1.05453
5184,414720.0,1,0.06141944229602814,0.09178601205348969,0.31039,0.0001783432235242799,-17.663,-6.787,4.915,161.268,1.05462
5185,414800.0,1,0.05142255127429962,0.08100374042987823,0.31577,0.0002274455182487145,-17.844,-6.772,4.857,161.204,1.05467
5186,414880.0,1,0.05249273031949997,0.07318516075611115,0.31911,0.00017897110956255347,-17.999,-6.845,4.822,161.27,1.0551
5187,414960.0,1,0.046021174639463425,0.06572079658508301,0.32119,0.00016470275295432657,-17.925,-6.872,4.842,161.164,1.05504
5188,415040.0,1,0.04709310084581375,0.06630198657512665,0.32009,0.00015174670261330903,-17.926,-6.898,4.862,161.191,1.05536
5189,415120.0,1,0.04751097410917282,0.06677305698394775,0.31988,0.00014997393009252846,-17.942,-6.906,4.852,161.173,1.05561
5190,415200.0,1,0.04779815301299095,0.06699597835540771,0.31926,0.00015536781575065106,-17.972,-6.942,4.873,161.199,1.0556
5191,415280.0,1,0.0477994941174984,0.0677061378955841,0.31893,0.0001633789943298325,-17.989,-6.922,4.848,161.185,1.05538
5192,415360.0,1,0.047689441591501236,0.06892471015453339,0.31934,0.00016207194130402058,-17.972,-6.867,4.829,161.211,1.05546
5193,415440.0,1,0.04816165938973427,0.06765210628509521,0.31993,0.00016324414173141122,-18.059,-6.848,4.844,161.129,1.05589
5194,415520.0,1,0.04797963798046112,0.06740529090166092,0.32062,0.0001685418392298743,-18.118,-6.834,4.882,161.193,1.05598
5195,415600.0,1,0.04881841316819191,0.06698688864707947,0.32099,0.0001644433505134657,-18.121,-6.821,4.902,161.149,1.05591
5196,415680.0,1,0.05563793331384659,0.07337566465139389,0.31722,0.0001593420747667551,-18.028,-6.84,4.973,161.08,1.05631
5197,415760.0,1,0.05669089034199715,0.07453413307666779,0.31603,0.00016038425383158028,-17.96,-6.845,5.001,161.095,1.05634
5198,415840.0,1,0.056458957493305206,0.07571619749069214,0.31552,0.00015703671670053154,-17.904,-6.805,4.989,161.191,1.05626
5199,415920.0,1,0.06611475348472595,0.08496393263339996,0.31408,0.0001671118661761284,-17.631,-6.819,4.958,161.229,1.05643
5200,416000.0,1,0.06403020024299622,0.09205430746078491,0.3125,0.00016918299661483616,-17.691,-6.805,4.863,161.279,1.05633
5201,416080.0,1,0.06548584997653961,0.09331320971250534,0.314,0.0001703124144114554,-17.88,-6.801,4.821,161.37,1.05595
5202,416160.0,1,0.06649070978164673,0.09307213127613068,0.3135,0.00016727097681723535,-17.969,-6.784,4.837,161.372,1.05604
5203,416240.0,1,0.06841260939836502,0.09168130904436111,0.31192,0.00016326438344549388,-17.967,-6.819,4.869,161.312,1.05624
5204,416320.0,1,0.06759019941091537,0.09168467670679092,0.31201,0.00016135507030412555,-17.984,-6.818,4.855,161.359,1.05651
5205,416400.0,1,0.0665455162525177,0.09190097451210022,0.31213,0.00015578586317133158,-18.144,-6.786,4.816,161.323,1.05657
5206,416480.0,1,0.0660705417394638,0.09138471633195877,0.31225,0.0001475323224440217,-18.248,-6.719,4.821,161.331,1.0574
5207,416560.0,1,0.06187114864587784,0.08545355498790741,0.31621,0.0001530971931060776,-18.408,-6.734,4.91,161.208,1.05785
5208,416640.0,1,0.06251401454210281,0.08455067873001099,0.31522,0.0001346795615972951,-18.512,-6.684,4.932,161.224,1.059
5209,416720.0,1,0.06160368770360947,0.08429525792598724,0.31377,0.00013927889813203365,-18.494,-6.651,4.918,161.145,1.0592
5210,416800.0,1,0.06123276427388191,0.08240417391061783,0.31375,0.00013451912673190236,-18.642,-6.695,4.951,161.169,1.05918
5211,416880.0,1,0.06125669553875923,0.08141450583934784,0.31313,0.00012696431076619774,-18.664,-6.639,4.864,161.081,1.05942
5212,416960.0,1,0.062425997108221054,0.08346240967512131,0.31209,0.00011056065704906359,-18.682,-6.657,4.844,161.088,1.05971
5213,417040.0,1,0.0630592480301857,0.08378992229700089,0.31149,0.00011173840175615624,-18.646,-6.647,4.848,160.991,1.06062
5214,417120.0,1,0.17512735724449158,0.1262364536523819,0.27698,0.00012046730989823118,-18.666,-6.654,4.713,161.015,1.061
5215,417200.0,1,0.4689512848854065,0.412155419588089,0.20669,0.00013762220623902977,-19.515,-6.672,4.542,160.935,1.06172
5216,417280.0,1,0.3706032931804657,0.357731431722641,0.2298,0.0001325956400251016,-19.465,-6.679,4.547,160.953,1.06169
5217,417360.0,1,0.1412690430879593,0.16001608967781067,0.28716,0.00012057396088493988,-19.204,-6.55,4.529,160.883,1.06171
5218,417440.0,1,0.08335994929075241,0.10557221621274948,0.30263,0.00012148685345891863,-18.812,-6.608,4.608,160.928,1.06161
5219,417520.0,1,0.07298799604177475,0.09953803569078445,0.30377,0.00014143469161354005,-18.757,-6.681,4.659,160.824,1.06184
5220,417600.0,1,0.06953020393848419,0.10097390413284302,0.30483,0.00012720109953079373,-18.403,-6.704,4.627,160.736,1.06223
5221,417680.0,1,0.06351812183856964,0.10078158974647522,0.30753,0.00012609417899511755,-18.401,-6.72,4.608,160.686,1.06267
5222,417760.0,1,0.06179526820778847,0.09972992539405823,0.30956,0.0001263744052266702,-18.43,-6.714,4.644,160.719,1.06303
5223,417840.0,1,0.062088802456855774,0.10025623440742493,0.30942,0.0001321185554843396,-18.392,-6.713,4.645,160.656,1.06348
5224,417920.0,1,0.057693324983119965,0.09412881731987,0.31109,0.00014027050929144025,-18.443,-6.708,4.632,160.633,1.06361
5225,418000.0,1,0.05624184384942055,0.09167078137397766,0.31179,0.00013687611499335617,-18.44,-6.693,4.633,160.582,1.06351
5226,418080.0,1,0.05709134042263031,0.091949462890625,0.31136,0.00013640588440466672,-18.501,-6.649,4.648,160.575,1.06357
5227,418160.0,1,0.056865204125642776,0.08896856009960175,0.31174,0.00013874629803467542,-18.521,-6.662,4.637,160.601,1.06391
5228,418240.0,1,0.05827082693576813,0.08708952367305756,0.31214,0.00013947626575827599,-18.563,-6.692,4.674,160.588,1.06391
5229,418320.0,1,0.059029337018728256,0.0873441994190216,0.31137,0.00013796135317534208,-18.567,-6.703,4.673,160.527,1.06393
5230,418400.0,1,0.05889178439974785,0.08822497725486755,0.31113,0.0001294945686822757,-18.562,-6.712,4.663,160.572,1.06408
5231,418480.0,1,0.06288311630487442,0.09078392386436462,0.30923,0.0001314181718043983,-18.51,-6.636,4.603,160.614,1.06389
5232,418560.0,1,0.05954794958233833,0.09030494838953018,0.31004,0.00011763718794099987,-19.025,-6.874,4.609,160.656,1.06366
5233,418640.0,1,0.05970723554491997,0.08994507044553757,0.31016,0.00012117874575778842,-19.025,-6.858,4.537,160.685,1.06399
5234,418720.0,1,0.05954566225409508,0.08865603804588318,0.31083,0.00011812785669462755,-19.086,-6.843,4.502,160.765,1.06429
5235,418800.0,1,0.06186796724796295,0.08799826353788376,0.3103,0.00010750496585387737,-19.297,-6.817,4.546,160.743,1.06452
5236,418880.0,1,0.05921544134616852,0.08786004036664963,0.31178,0.00010873348219320178,-19.568,-6.704,4.514,160.83,1.06422
5237,418960.0,1,0.06369459629058838,0.09609442949295044,0.30874,0.00011328601249260828,-19.618,-6.667,4.534,160.802,1.06438
5238,419040.0,1,0.06500609964132309,0.099223792552948,0.30794,0.00011645135964499786,-19.683,-6.652,4.536,160.839,1.06446
5239,419120.0,1,0.06480767577886581,0.10096799582242966,0.30737,0.00011836204066639766,-19.679,-6.659,4.539,160.826,1.06463
5240,419200.0,1,0.06501033157110214,0.10081306844949722,0.30728,0.0001190007824334316,-19.684,-6.661,4.544,160.847,1.06463
5241,419280.0,1,0.07499794661998749,0.09367214143276215,0.30604,0.00010949709394481033,-19.623,-6.803,4.61,160.788,1.06499
5242,419360.0,1,0.07533086091279984,0.09510403126478195,0.30609,0.00010397432197351009,-19.685,-6.808,4.613,160.812,1.06503
5243,419440.0,1,0.07473176717758179,0.09752553701400757,0.30462,0.0001151130345533602,-19.596,-6.826,4.62,160.742,1.06512
5244,419520.0,1,0.07481954246759415,0.09720473736524582,0.30422,0.00010667536844266579,-19.436,-6.725,4.621,160.805,1.06485
5245,419600.0,1,0.0760442465543747,0.09741672873497009,0.30373,0.00011281685146968812,-19.434,-6.663,4.585,160.751,1.06517
5246,419680.0,1,0.07776673883199692,0.09836191684007645,0.30354,0.00011783196532633156,-19.135,-6.662,4.556,160.785,1.06484
5247,419760.0,1,0.07359489798545837,0.09554962813854218,0.30575,0.00012018483539577574,-19.127,-6.665,4.549,160.709,1.06494
5248,419840.0,1,0.3744730055332184,0.31316113471984863,0.23018,0.0001658822875469923,-19.399,-6.802,4.232,160.757,1.06531
5249,419920.0,1,0.31450435519218445,0.2940862774848938,0.24176,0.00015648231783416122,-19.463,-6.84,4.261,160.684,1.06596
5250,420000.0,1,0.15012437105178833,0.18182069063186646,0.28181,0.0001382297050440684,-19.525,-6.707,4.432,160.73,1.06564
5251,420080.0,1,0.09731577336788177,0.13924969732761383,0.29669,0.00013579477672465146,-19.475,-6.687,4.492,160.64,1.06605
5252,420160.0,1,0.07365228235721588,0.1126469075679779,0.30579,0.00012323912233114243,-19.32,-6.697,4.615,160.664,1.06606
5253,420240.0,1,0.07092757523059845,0.10547047108411789,0.30735,0.00011832502787001431,-19.247,-6.724,4.64,160.653,1.0658
5254,420320.0,1,0.06386877596378326,0.09540659189224243,0.31051,0.00012403514119796455,-19.368,-6.778,4.687,160.797,1.0649
5255,420400.0,1,0.05864487960934639,0.08710765093564987,0.31277,0.00013090790889691561,-19.36,-6.734,4.695,160.688,1.06548
5256,420480.0,1,0.054155055433511734,0.08195523917675018,0.31402,0.00011435071792220697,-18.656,-6.624,4.656,160.669,1.06547
5257,420560.0,1,0.0549517497420311,0.07835229486227036,0.31279,0.00011105071462225169,-18.641,-6.553,4.704,160.603,1.0657
5258,420640.0,1,0.05618668347597122,0.07528138905763626,0.31259,0.00011435551277827471,-18.939,-6.589,4.765,160.665,1.06559
5259,420720.0,1,0.0555756501853466,0.07469608634710312,0.31318,0.00011494927457533777,-19.01,-6.599,4.738,160.621,1.06549
5260,420800.0,1,0.05526585504412651,0.07478103041648865,0.31372,0.00011138235277030617,-19.018,-6.592,4.712,160.649,1.06564
5261,420880.0,1,0.05493806302547455,0.07517306506633759,0.314,0.00010889211989706382,-19.016,-6.603,4.691,160.628,1.06613
5262,420960.0,1,0.05494978278875351,0.07439523935317993,0.31424,0.00010322697198716924,-19.023,-6.598,4.693,160.68,1.06603
5263,421040.0,1,0.054173462092876434,0.07308702915906906,0.31461,0.0001037291222019121,-18.999,-6.615,4.678,160.69,1.0614
5264,421120.0,1,0.053059931844472885,0.07214181125164032,0.31474,0.00010149242734769359,-18.921,-6.63,4.674,160.765,1.0598
5265,421200.0,1,0.05150074139237404,0.07283999770879745,0.31618,9.52782720560208e-05,-19.09,-6.661,4.655,160.778,1.05918
5266,421280.0,1,0.049834560602903366,0.07270756363868713,0.31738,8.70904405019246e-05,-19.14,-6.68,4.665,160.868,1.0583
5267,421360.0,1,0.05320980027318001,0.07196309417486191,0.31738,8.916873048292473e-05,-19.252,-6.716,4.614,160.887,1.05796
5268,421440.0,1,0.057048387825489044,0.06842406094074249,0.31521,8.90422088559717e-05,-19.132,-6.781,4.605,160.933,1.05723
5269,421520.0,1,0.055623386055231094,0.06452424824237823,0.31689,9.610389679437503e-05,-19.159,-6.806,4.571,160.903,1.05765
5270,421600.0,1,0.05702987313270569,0.06485618650913239,0.31703,9.561612387187779e-05,-19.212,-6.843,4.531,160.92,1.05778
5271,421680.0,1,0.05545932427048683,0.06177660822868347,0.31844,9.444587340112776e-05,-19.254,-6.816,4.531,160.845,1.05797
5272,421760.0,1,0.054293785244226456,0.060022514313459396,0.32035,9.653521556174383e-05,-19.439,-6.818,4.566,160.871,1.05777
5273,421840.0,1,0.04927397891879082,0.0601402148604393,0.3228,0.00010611523612169549,-19.398,-6.872,4.552,160.797,1.05783
5274,421920.0,1,0.049821533262729645,0.0617828294634819,0.32206,0.00010455525625729933,-19.366,-6.869,4.566,160.844,1.0574
5275,422000.0,1,0.05380707606673241,0.0645236000418663,0.32146,0.00010136311175301671,-19.403,-6.891,4.595,160.772,1.05773
5276,422080.0,1,0.05792386829853058,0.06745490431785583,0.31934,9.611580753698945e-05,-19.401,-6.881,4.572,160.827,1.05732
5277,422160.0,1,0.05745905637741089,0.06306082755327225,0.32139,8.834723121253774e-05,-19.355,-6.875,4.633,160.755,1.05755
5278,422240.0,1,0.05450553447008133,0.06063571944832802,0.32309,8.599196735303849e-05,-19.415,-6.861,4.653,160.814,1.05686
5279,422320.0,1,0.05440467968583107,0.06070545315742493,0.32187,9.357834642287344e-05,-19.513,-6.919,4.739,160.738,1.05671
5280,422400.0,1,0.053210604935884476,0.05604979023337364,0.32325,8.892782352631912e-05,-19.415,-6.93,4.777,160.973,1.05611
5281,422480.0,1,0.055054955184459686,0.056964218616485596,0.32195,8.822490053717047e-05,-19.259,-6.922,4.855,160.832,1.05696
5282,422560.0,1,0.0575379803776741,0.05846318230032921,0.31913,9.209351264871657e-05,-19.333,-6.862,4.905,160.839,1.05729
5283,422640.0,1,0.05800199881196022,0.05940374732017517,0.31792,9.849309572018683e-05,-19.503,-6.866,4.921,160.816,1.05688
5284,422720.0,1,0.05731301009654999,0.05973292514681816,0.31819,0.00010101487714564428,-19.535,-6.857,4.872,160.828,1.05676
5285,422800.0,1,0.05767513066530228,0.06296996027231216,0.31657,9.986116492655128e-05,-19.501,-6.809,4.838,160.778,1.05673
5286,422880.0,1,0.05688855051994324,0.06329601258039474,0.31594,9.446910553378984e-05,-19.444,-6.807,4.818,160.879,1.05628
5287,422960.0,1,0.05656614899635315,0.06609487533569336,0.31529,8.752595749683678e-05,-19.4,-6.77,4.797,160.808,1.05624
5288,423040.0,1,0.05594949051737785,0.06789658218622208,0.31487,8.867056749295443e-05,-19.405,-6.734,4.791,160.899,1.05585
5289,423120.0,1,0.0549362488090992,0.06679325550794601,0.31523,8.748732216190547e-05,-19.375,-6.681,4.785,160.834,1.05623
5290,423200.0,1,0.05450159311294556,0.06627554446458817,0.31568,8.688116213306785e-05,-19.331,-6.607,4.795,160.875,1.05634
5291,423280.0,1,0.05069706588983536,0.06863383948802948,0.31715,8.847385470289737e-05,-19.191,-6.583,4.662,160.906,1.05588
5292,423360.0,1,0.05292494595050812,0.07117009907960892,0.31752,8.564163726987317e-05,-19.107,-6.598,4.649,161.025,1.05518
5293,423440.0,1,0.05383047088980675,0.06847751140594482,0.31874,7.713214290561154e-05,-19.069,-6.635,4.645,161.018,1.05482
5294,423520.0,1,0.05547355115413666,0.07068686187267303,0.31728,7.902040670160204e-05,-19.131,-6.654,4.618,161.14,1.05437
5295,423600.0,1,0.057267867028713226,0.0704217478632927,0.31636,7.745910988887772e-05,-19.066,-6.644,4.622,161.134,1.05412
5296,423680.0,1,0.058179937303066254,0.06852604448795319,0.31647,7.75164517108351e-05,-19.099,-6.631,4.647,161.249,1.05411
5297,423760.0,1,0.05678441748023033,0.07120099663734436,0.31595,8.005517156561837e-05,-19.411,-6.608,4.595,161.282,1.05384
5298,423840.0,1,0.0502043142914772,0.06378976255655289,0.32072,8.302988862851635e-05,-19.348,-6.695,4.54,161.481,1.05323
5299,423920.0,1,0.05095665901899338,0.065668486058712,0.31968,8.882612019078806e-05,-19.386,-6.723,4.51,161.512,1.05264
5300,424000.0,1,0.05329198017716408,0.06719539314508438,0.31872,8.740635530557483e-05,-19.365,-6.693,4.549,161.636,1.05187
5301,424080.0,1,0.05331774801015854,0.06601080298423767,0.31854,9.648763807490468e-05,-19.512,-6.762,4.564,161.588,1.05138
5302,424160.0,1,0.05387122184038162,0.06478209793567657,0.31834,8.76593476277776e-05,-19.6,-6.779,4.618,161.648,1.05168
5303,424240.0,1,0.05355718731880188,0.06400970369577408,0.318,8.632858953205869e-05,-19.595,-6.784,4.638,161.574,1.05166
5304,424320.0,1,0.05532774329185486,0.06882214546203613,0.31583,0.00010636841034283862,-19.502,-6.781,4.641,161.492,1.05103
5305,424400.0,1,0.05794922634959221,0.06757113337516785,0.31723,0.00012452970258891582,-19.35,-6.904,4.693,161.394,1.05109
5306,424480.0,1,0.05806795135140419,0.06990289688110352,0.31731,0.00013855895667802542,-19.45,-6.932,4.718,161.52,1.05154
5307,424560.0,1,0.058121517300605774,0.07080265879631042,0.31723,0.00013037548342254013,-19.435,-6.931,4.755,161.403,1.05171
5308,424640.0,1,0.0566900335252285,0.07035087049007416,0.31792,0.00012774748029187322,-19.414,-6.89,4.754,161.361,1.05198
5309,424720.0,1,0.056091662496328354,0.07194450497627258,0.31768,0.0001223645085701719,-19.441,-6.805,4.731,161.347,1.05465
5310,424800.0,1,0.055410124361515045,0.07360270619392395,0.31743,0.0001186706722364761,-19.468,-6.752,4.682,161.364,1.05594
5311,424880.0,1,0.05489109456539154,0.07388873398303986,0.31746,0.00011808955605374649,-19.399,-6.683,4.643,161.302,1.05668
5312,424960.0,1,0.05540667846798897,0.07475448399782181,0.31703,0.00011473616177681834,-19.408,-6.639,4.625,161.298,1.05689
5313,425040.0,1,0.12269841879606247,0.1395990401506424,0.28587,0.00013979968207422644,-19.62,-6.719,4.457,161.219,1.05754
5314,425120.0,1,0.3903166651725769,0.4606783092021942,0.20945,0.0002180378360208124,-19.853,-6.633,4.341,161.24,1.05779
5315,425200.0,1,0.3184397220611572,0.3967045843601227,0.22823,0.00021674604795407504,-19.894,-6.638,4.385,161.184,1.05788
5316,425280.0,1,0.18515664339065552,0.23507271707057953,0.26836,0.00013072828005533665,-19.752,-6.627,4.609,161.053,1.0587
5317,425360.0,1,0.11983437091112137,0.16157160699367523,0.28602,0.00011487059236969799,-19.54,-6.669,4.717,160.999,1.05861
5318,425440.0,1,0.08696769177913666,0.12237100303173065,0.29759,0.00010435416334075853,-19.559,-6.818,4.823,160.999,1.05945
5319,425520.0,1,0.06914760172367096,0.09789814054965973,0.30706,0.00010075378668261692,-19.48,-6.777,4.788,160.915,1.05989
5320,425600.0,1,0.06656132638454437,0.08995092660188675,0.30869,0.00010063049558084458,-19.378,-6.764,4.776,160.934,1.0602
5321,425680.0,1,0.06403704732656479,0.08672342449426651,0.3095,9.436124673811719e-05,-19.232,-6.761,4.782,160.884,1.06044
5322,425760.0,1,0.06392086297273636,0.08582770079374313,0.30918,9.394717199029401e-05,-19.355,-6.721,4.782,160.939,1.06015
5323,425840.0,1,0.06378227472305298,0.0863315761089325,0.30833,0.00010230445332126692,-19.322,-6.688,4.773,160.925,1.05977
5324,425920.0,1,0.06448876112699509,0.08536036312580109,0.30821,0.00010245781595585868,-19.36,-6.658,4.792,160.974,1.05948
5325,426000.0,1,0.06299503147602081,0.08408759534358978,0.30884,9.86995582934469e-05,-19.404,-6.686,4.779,161.002,1.05957
5326,426080.0,1,0.058434583246707916,0.08259984105825424,0.31051,0.0001111367455450818,-19.272,-6.758,4.7,161.06,1.05936
5327,426160.0,1,0.0562930628657341,0.07323316484689713,0.31508,0.00011098815593868494,-19.212,-6.792,4.773,161.067,1.05969
5328,426240.0,1,0.05951464921236038,0.07195272296667099,0.31386,0.00011648334475466982,-19.308,-6.837,4.744,161.019,1.06018
5329,426320.0,1,0.05686431750655174,0.06774039566516876,0.31616,0.00010834938439074904,-19.421,-6.853,4.744,160.999,1.06016
5330,426400.0,1,0.05330277979373932,0.06565838307142258,0.31589,0.00011149988858960569,-19.679,-6.827,4.75,161.102,1.06015
5331,426480.0,1,0.05119156464934349,0.062392767518758774,0.31716,0.00011349728447385132,-19.712,-6.903,4.693,161.075,1.05998
5332,426560.0,1,0.05134440213441849,0.058503542095422745,0.31827,9.892183152260259e-05,-19.617,-6.885,4.68,161.121,1.06039
5333,426640.0,1,0.05172460153698921,0.05734744295477867,0.31887,9.357236558571458e-05,-19.717,-6.897,4.698,161.182,1.06016
5334,426720.0,1,0.054885294288396835,0.05902601778507233,0.31764,9.297936776420102e-05,-19.694,-6.892,4.699,161.142,1.06043
5335,426800.0,1,0.7110968232154846,0.6092629432678223,0.11028,0.0001711992808850482,-20.311,-6.754,4.092,161.051,1.0609
5336,426880.0,1,0.6345757246017456,0.6021195650100708,0.11877,0.00018321507377550006,-20.148,-6.724,4.064,161.067,1.06024
5337,426960.0,1,0.3189699351787567,0.4116644561290741,0.22064,0.0001339013979304582,-19.701,-6.662,4.214,160.956,1.06046
5338,427040.0,1,0.141574427485466,0.24637775123119354,0.26946,0.00010348667274229228,-19.372,-6.612,4.475,161.001,1.06026
5339,427120.0,1,0.08728432655334473,0.1498117446899414,0.29187,9.126978693529963e-05,-19.215,-6.674,4.648,160.956,1.06032
5340,427200.0,1,0.06895752251148224,0.11006484925746918,0.30034,9.506699279882014e-05,-19.188,-6.757,4.648,160.991,1.05981
5341,427280.0,1,0.06411820650100708,0.10445638000965118,0.30304,8.918429375626147e-05,-19.126,-6.817,4.64,160.984,1.05968
5342,427360.0,1,0.06327091157436371,0.10078878700733185,0.30336,8.174476533895358e-05,-19.169,-6.833,4.633,161.032,1.05955
5343,427440.0,1,0.06222069635987282,0.0956985205411911,0.30467,7.083415403030813e-05,-19.203,-6.802,4.673,160.984,1.05965
5344,427520.0,1,0.0629587471485138,0.08822549879550934,0.30647,7.522776286350563e-05,-19.223,-6.796,4.697,161.051,1.05941
5345,427600.0,1,0.06328529864549637,0.0862407311797142,0.30684,7.348180952249095e-05,-19.241,-6.788,4.708,160.991,1.05981
5346,427680.0,1,0.06435069441795349,0.08227190375328064,0.30758,6.954060518182814e-05,-19.312,-6.806,4.751,161.056,1.05962
5347,427760.0,1,0.06322415918111801,0.07980021834373474,0.30846,6.908702926011756e-05,-19.321,-6.824,4.778,161.014,1.05958
5348,427840.0,1,0.05713236704468727,0.07353085279464722,0.31123,6.666405533906072e-05,-19.308,-6.841,4.871,161.037,1.05941
5349,427920.0,1,0.05220213532447815,0.07124149799346924,0.31253,7.544622349087149e-05,-19.149,-6.877,4.967,160.968,1.05947
5350,428000.0,1,0.04522094875574112,0.06663834303617477,0.31756,7.787245704093948e-05,-19.202,-6.871,4.998,161.006,1.05945
5351,428080.0,1,0.04460422322154045,0.06489820778369904,0.31884,8.161858568200842e-05,-19.196,-6.851,5.021,160.966,1.05956
5352,428160.0,1,0.0422305203974247,0.05105140432715416,0.32502,0.00010752547677839175,-19.257,-6.869,4.948,160.945,1.05944
5353,428240.0,1,0.0430712066590786,0.05315382033586502,0.32428,0.00010793709952849895,-19.208,-6.801,4.939,160.974,1.05948
5354,428320.0,1,0.04313996061682701,0.05397014692425728,0.32522,0.00011965048179263249,-19.198,-6.797,4.93,161.046,1.05957
5355,428400.0,1,0.041569244116544724,0.05192810297012329,0.32718,0.00010774048860184848,-19.211,-6.812,4.944,161.063,1.05953
5356,428480.0,1,0.04152749478816986,0.05214766785502434,0.32727,0.00010181220568483695,-19.277,-6.846,4.959,161.183,1.05926
5357,428560.0,1,0.042179808020591736,0.051195573061704636,0.32748,9.575226431479678e-05,-19.36,-6.902,5.008,161.172,1.05937
5358,428640.0,1,0.045060161501169205,0.05582713708281517,0.32448,0.00010448597458889708,-19.466,-6.843,4.906,161.266,1.05912
5359,428720.0,1,0.045006390661001205,0.05636145547032356,0.32502,9.807162859942764e-05,-19.672,-6.828,4.912,161.348,1.05899
5360,428800.0,1,0.04731518402695656,0.057922154664993286,0.32231,0.00010559478687355295,-19.985,-6.881,4.941,161.394,1.05897
5361,428880.0,1,0.04461812600493431,0.05575771629810333,0.32417,0.00010134919284610078,-20.038,-6.903,4.943,161.336,1.05926
5362,428960.0,1,0.04432208463549614,0.05531230568885803,0.32393,9.598254837328568e-05,-19.927,-6.827,4.874,161.34,1.05954
5363,429040.0,1,0.04489917308092117,0.0553625226020813,0.32342,8.523686847183853e-05,-19.931,-6.82,4.855,161.211,1.06035
5364,429120.0,1,0.04515448212623596,0.054523494094610214,0.32406,8.197614806704223e-05,-19.756,-6.861,4.92,161.141,1.06
5365,429200.0,1,0.04576446861028671,0.057005416601896286,0.32292,9.20857855817303e-05,-19.712,-6.943,4.933,161.085,1.06066
5366,429280.0,1,0.04600687325000763,0.05772640183568001,0.32197,9.625282837077975e-05,-19.709,-6.969,4.962,161.118,1.06095
5367,429360.0,1,0.04645910486578941,0.05858665332198143,0.32171,9.349834726890549e-05,-19.592,-6.956,4.932,161.07,1.06076
5368,429440.0,1,0.048616260290145874,0.06136322766542435,0.31985,0.00010329421638743952,-19.754,-6.923,4.94,161.132,1.06103
5369,429520.0,1,0.04758095741271973,0.0598030649125576,0.32191,0.00010541088704485446,-19.786,-6.719,5.026,161.032,1.06152
5370,429600.0,1,0.048675231635570526,0.0600559376180172,0.32063,0.00011029499000869691,-19.768,-6.683,5.026,161.072,1.06178
5371,429680.0,1,0.04932770878076553,0.05998694896697998,0.32151,0.00011151316721225157,-19.734,-6.684,5.09,161.012,1.06209
5372,429760.0,1,0.05135832354426384,0.0634128600358963,0.32054,0.00011671215906972066,-19.726,-6.699,5.132,161.036,1.06207
5373,429840.0,1,0.05299809202551842,0.06611016392707825,0.32008,0.00012012639490421861,-19.642,-6.717,5.102,161.009,1.06213
5374,429920.0,1,0.6214113235473633,0.3675166666507721,0.177,0.00017817545449361205,-20.031,-6.467,4.293,161.067,1.06247
5375,430000.0,1,0.8638426661491394,0.8104023337364197,0.03162,0.00017908036534208804,-21.148,-6.499,4.384,161.047,1.0625
5376,430080.0,1,0.7991058826446533,0.7531744241714478,0.06439,0.00015950275701470673,-21.127,-6.582,4.458,160.961,1.063
5377,430160.0,1,0.19050957262516022,0.24736714363098145,0.26087,0.00011414567416068166,-20.736,-6.711,4.72,160.972,1.06226
5378,430240.0,1,0.09056909382343292,0.12080835551023483,0.30064,9.519598097540438e-05,-20.171,-6.729,4.788,161.134,1.06206
5379,430320.0,1,0.08489789068698883,0.10616655647754669,0.3052,9.298157965531573e-05,-19.84,-6.704,4.749,161.221,1.06151
5380,430400.0,1,0.07810577005147934,0.09238564223051071,0.30884,8.310483826790005e-05,-19.682,-6.709,4.786,161.281,1.06171
5381,430480.0,1,0.07786170393228531,0.08996463567018509,0.30693,8.869188604876399e-05,-19.446,-6.867,4.867,161.255,1.06137
5382,430560.0,1,0.0757877454161644,0.08552129566669464,0.30797,8.921491098590195e-05,-19.439,-6.842,4.851,161.299,1.06144
5383,430640.0,1,0.07906799763441086,0.08760678768157959,0.3055,0.00010054454469354823,-19.475,-6.867,4.919,161.261,1.06151
5384,430720.0,1,0.08061560988426208,0.09054416418075562,0.30477,0.00010426413064124063,-19.515,-6.834,4.917,161.359,1.06165
5385,430800.0,1,0.08009850978851318,0.09064406156539917,0.305,0.00011245821951888502,-19.516,-6.751,4.924,161.455,1.06132
5386,430880.0,1,0.07536439597606659,0.08755877614021301,0.30607,0.00010624190326780081,-19.502,-6.678,4.918,161.413,1.06192
5387,430960.0,1,0.071259044110775,0.08322768658399582,0.30777,0.00010749850480351597,-19.513,-6.685,4.929,161.338,1.06282
5388,431040.0,1,0.06705668568611145,0.08268827944993973,0.30798,0.0001436230231774971,-19.424,-6.695,4.794,161.283,1.06375
5389,431120.0,1,0.056424904614686966,0.07909073680639267,0.31235,0.00014133384684100747,-19.55,-6.673,4.76,161.252,1.06453
5390,431200.0,1,0.0922730565071106,0.10624293982982635,0.29784,0.00013338401913642883,-20.024,-6.673,4.593,161.306,1.06447
5391,431280.0,1,0.44997966289520264,0.4286607801914215,0.20693,0.00013451321865431964,-20.798,-6.803,4.395,161.229,1.06492
5392,431360.0,1,0.3559664785861969,0.381767600774765,0.22663,0.00012941888417117298,-20.838,-6.846,4.413,161.239,1.06465
5393,431440.0,1,0.27220281958580017,0.29733505845069885,0.2507,0.0001343632466159761,-20.89,-6.658,4.354,161.206,1.06505
5394,431520.0,1,0.1517314463853836,0.17193551361560822,0.28166,0.00013746089825872332,-21.219,-5.699,4.208,161.237,1.06491
5395,431600.0,1,0.1253790557384491,0.14302483201026917,0.28881,0.00016569845320191234,-20.885,-5.002,4.031,161.11,1.06537
5396,431680.0,1,0.14482034742832184,0.14853732287883759,0.28787,0.00014031011960469186,-20.616,-4.947,4.088,161.042,1.0656
5397,431760.0,1,0.141574889421463,0.14127163589000702,0.28886,0.00014344757073558867,-20.49,-4.91,4.138,160.942,1.06593
5398,431840.0,1,0.1433265209197998,0.1397661566734314,0.28982,0.00014852630556561053,-20.384,-4.967,4.195,160.968,1.06601
5399,431920.0,1,0.15780916810035706,0.1486908197402954,0.28348,0.00015254985191859305,-20.083,-5.065,4.328,160.862,1.06619
5400,432000.0,1,0.17350347340106964,0.15323594212532043,0.27937,0.0001611243060324341,-19.682,-5.451,4.489,160.757,1.06607
5401,432080.0,1,0.1791047900915146,0.1548456847667694,0.28019,0.00016822683392092586,-19.575,-5.658,4.584,160.729,1.06682
5402,432160.0,1,0.17866382002830505,0.17393872141838074,0.28187,0.00014264036144595593,-18.599,-5.722,4.71,160.766,1.06668
5403,432240.0,1,0.1630447953939438,0.1936388909816742,0.28047,0.00017369116540066898,-17.692,-5.876,4.673,160.692,1.06672
5404,432320.0,1,0.13575699925422668,0.1944597363471985,0.28438,0.0002060305851045996,-16.982,-6.007,4.623,160.741,1.06607
5405,432400.0,1,0.10358034819364548,0.1642896682024002,0.29141,0.0002685583895072341,-16.66,-6.527,4.599,160.669,1.06615
5406,432480.0,1,0.09510581940412521,0.15158137679100037,0.29415,0.00025993629242293537,-16.683,-6.516,4.534,160.695,1.0656
5407,432560.0,1,0.08735882490873337,0.143678680062294,0.29638,0.00025660739629529417,-16.716,-6.519,4.582,160.624,1.06592
5408,432640.0,1,0.08026474714279175,0.12974797189235687,0.30034,0.0002582490851636976,-16.692,-6.478,4.576,160.623,1.06599
5409,432720.0,1,0.07538023591041565,0.11864691972732544,0.30376,0.00026022217934951186,-16.688,-6.483,4.539,160.565,1.06439
5410,432800.0,1,0.07147374004125595,0.11485029011964798,0.3054,0.0002630544186104089,-16.716,-6.467,4.546,160.587,1.06341
5411,432880.0,1,0.06743208318948746,0.11108487844467163,0.30752,0.00027024841983802617,-16.731,-6.448,4.552,160.552,1.06265
5412,432960.0,1,0.05940918251872063,0.08645365387201309,0.31458,0.00023465853882953525,-16.75,-6.496,4.57,160.606,1.06134
5413,433040.0,1,0.05093010514974594,0.07386291027069092,0.32022,0.00023333374701905996,-16.754,-6.586,4.645,160.587,1.06133
5414,433120.0,1,0.048450078815221786,0.06980419158935547,0.32216,0.00022644453565590084,-16.801,-6.639,4.677,160.691,1.06138
5415,433200.0,1,0.04601939022541046,0.06736025214195251,0.32358,0.00021958857541903853,-16.855,-6.629,4.656,160.704,1.06131
5416,433280.0,1,0.042759623378515244,0.06467894464731216,0.32541,0.00020926943398080766,-16.966,-6.623,4.636,160.763,1.06149
5417,433360.0,1,0.04011213779449463,0.060080625116825104,0.32797,0.00018232660659123212,-17.138,-6.588,4.713,160.766,1.0611
5418,433440.0,1,0.03643517941236496,0.05566830188035965,0.33209,0.00016236212104558945,-17.162,-6.596,4.708,160.876,1.06115
5419,433520.0,1,0.033747266978025436,0.04813786596059799,0.33323,0.00016278267139568925,-17.346,-6.605,4.597,160.88,1.06186
5420,433600.0,1,0.04017127677798271,0.054034069180488586,0.32817,0.00015802192501723766,-17.363,-6.534,4.524,160.959,1.06138
5421,433680.0,1,0.038642097264528275,0.05348252132534981,0.32823,0.00017041050887200981,-17.419,-6.564,4.547,160.962,1.06133
5422,433760.0,1,0.03611311689019203,0.05247391015291214,0.32997,0.0001804213534342125,-17.566,-6.619,4.559,161.047,1.06099
5423,433840.0,1,0.03413525968790054,0.050646234303712845,0.33211,0.00017779445624910295,-17.653,-6.595,4.608,161.041,1.06078
5424,433920.0,1,0.03758059814572334,0.049874089658260345,0.33103,0.00018261317745782435,-17.688,-6.604,4.633,161.04,1.0619
5425,434000.0,1,0.037184420973062515,0.050748053938150406,0.33132,0.0001896387548185885,-17.793,-6.541,4.645,161.065,1.06142
5426,434080.0,1,0.0392935685813427,0.05056586489081383,0.33048,0.00018861338321585208,-17.93,-6.494,4.668,161.097,1.06078
5427,434160.0,1,0.04085148125886917,0.0517459362745285,0.32958,0.0002026665461016819,-17.884,-6.466,4.673,161.024,1.06103
5428,434240.0,1,0.04164167493581772,0.0524757094681263,0.3294,0.0002007010334637016,-17.74,-6.455,4.694,161.057,1.06094
5429,434320.0,1,0.044832244515419006,0.05485493317246437,0.32692,0.00019866778166033328,-17.742,-6.469,4.741,160.955,1.06139
5430,434400.0,1,0.045212093740701675,0.053354404866695404,0.32714,0.000180625167558901,-17.681,-6.464,4.733,160.964,1.06129
5431,434480.0,1,0.04996653273701668,0.055204834789037704,0.3254,0.00019600837549660355,-17.778,-6.423,4.787,160.902,1.06151
5432,434560.0,1,0.052345290780067444,0.05674153193831444,0.32432,0.00018081987218465656,-17.774,-6.411,4.8,160.948,1.06118
5433,434640.0,1,0.052267905324697495,0.05546680837869644,0.32452,0.00016280083218589425,-17.634,-6.369,4.826,160.942,1.06091
5434,434720.0,1,0.057129841297864914,0.05932117626070976,0.32248,0.00015180632180999964,-17.474,-6.415,4.853,160.942,1.06073
5435,434800.0,1,0.056481555104255676,0.06033729761838913,0.3217,0.00015152750711422414,-17.471,-6.426,4.874,160.894,1.06117
5436,434880.0,1,0.053227853029966354,0.05816580355167389,0.32498,0.00015980828902684152,-17.562,-6.414,4.838,160.877,1.06149
5437,434960.0,1,0.05177758261561394,0.05601394921541214,0.32607,0.00017539852706249803,-17.496,-6.322,4.775,160.879,1.06128
5438,435040.0,1,0.0497770793735981,0.053464826196432114,0.32731,0.000177098045242019,-17.376,-6.261,4.707,161.053,1.05994
5439,435120.0,1,0.046946823596954346,0.0528639480471611,0.32851,0.00017547230527270585,-17.16,-6.187,4.646,160.976,1.06037
5440,435200.0,1,0.046060867607593536,0.05287448689341545,0.32867,0.000173470689333044,-17.157,-6.185,4.621,161.003,1.06052
5441,435280.0,1,0.06521371752023697,0.0855635479092598,0.31219,0.00017006948473863304,-17.326,-6.105,4.598,160.972,1.06077
5442,435360.0,1,0.7423037886619568,0.696823000907898,0.08151,0.0003113540878985077,-18.702,-5.99,4.278,161.092,1.06077
5443,435440.0,1,0.5247104167938232,0.5505430698394775,0.15442,0.0003189183189533651,-18.541,-6.127,4.279,160.998,1.06084
5444,435520.0,1,0.2788548469543457,0.3733082413673401,0.23072,0.00025829640799202025,-18.486,-6.07,4.323,161.026,1.06034
5445,435600.0,1,0.11942529678344727,0.2609051764011383,0.27347,0.00023273008991964161,-18.411,-6.128,4.448,161.016,1.06043
5446,435680.0,1,0.08039987087249756,0.16622227430343628,0.29041,0.00019454973516985774,-18.491,-6.19,4.583,161.071,1.06024
5447,435760.0,1,0.06925374269485474,0.12904894351959229,0.29586,0.00016325815522577614,-18.474,-6.159,4.613,161.031,1.06032
5448,435840.0,1,0.06428872048854828,0.10429749637842178,0.30486,0.00017232571553904563,-18.568,-6.29,4.77,161.135,1.05972
5449,435920.0,1,0.05429569631814957,0.09032706171274185,0.31226,0.00016580686497036368,-18.76,-6.341,4.77,161.13,1.05989
5450,436000.0,1,0.051403794437646866,0.08257690817117691,0.31519,0.00015275771147571504,-18.839,-6.42,4.84,161.212,1.05979
5451,436080.0,1,0.04733441397547722,0.07655256986618042,0.31831,0.0001603821147000417,-18.804,-6.44,4.888,161.221,1.05961
5452,436160.0,1,0.04409711807966232,0.0708010345697403,0.32194,0.00015178693865891546,-18.942,-6.344,4.871,161.317,1.0595
5453,436240.0,1,0.04284510016441345,0.06713756173849106,0.32314,0.0001662631257204339,-18.744,-6.414,4.833,161.302,1.06003
5454,436320.0,1,0.040972840040922165,0.06429098546504974,0.32438,0.0001709342177491635,-18.679,-6.432,4.812,161.42,1.0597
5455,436400.0,1,0.04089302942156792,0.061741966754198074,0.32485,0.00017545958689879626,-18.602,-6.404,4.838,161.374,1.0602
5456,436480.0,1,0.04052659124135971,0.06014805659651756,0.32552,0.00019183328549843282,-18.615,-6.391,4.841,161.431,1.05995
5457,436560.0,1,0.0401001013815403,0.055067259818315506,0.32718,0.00016912282444536686,-18.694,-6.306,4.828,161.33,1.06036
5458,436640.0,1,0.04005208984017372,0.054164860397577286,0.32786,0.00016116609913296998,-18.764,-6.35,4.831,161.345,1.06014
5459,436720.0,1,0.039835911244153976,0.040060047060251236,0.33356,0.00016234384384006262,-18.676,-6.339,4.833,161.204,1.06072
5460,436800.0,1,0.03417119383811951,0.043140485882759094,0.33609,0.00017620717699173838,-18.403,-6.312,4.636,161.178,1.06064
5461,436880.0,1,0.03229683265089989,0.04266666993498802,0.33797,0.0001829312095651403,-18.369,-6.293,4.572,161.121,1.06088
5462,436960.0,1,0.032851796597242355,0.044850461184978485,0.33799,0.00019239328685216606,-18.387,-6.287,4.562,161.204,1.06059
5463,437040.0,1,0.032665785402059555,0.044168081134557724,0.33852,0.0001955920597538352,-18.486,-6.274,4.589,161.169,1.06104
5464,437120.0,1,0.034652598202228546,0.04500872641801834,0.33781,0.0001967135031009093,-18.48,-6.241,4.625,161.326,1.05999
5465,437200.0,1,0.03593302518129349,0.044876229017972946,0.33726,0.0001987754221772775,-18.519,-6.271,4.683,161.207,1.06047
5466,437280.0,1,0.0374278724193573,0.045627959072589874,0.33624,0.0001972561003640294,-18.598,-6.229,4.721,161.238,1.06021
5467,437360.0,1,0.03643503412604332,0.04644602909684181,0.33651,0.00020083406707271934,-18.758,-6.267,4.756,161.197,1.06047
5468,437440.0,1,0.03603501617908478,0.047357890754938126,0.33627,0.00020197995763737708,-18.764,-6.28,4.772,161.18,1.06027
5469,437520.0,1,0.03613203763961792,0.048010531812906265,0.33654,0.00018479178834240884,-18.791,-6.316,4.791,161.148,1.06027
5470,437600.0,1,0.04046929255127907,0.04972856491804123,0.33592,0.00016052347200457007,-18.804,-6.282,4.823,161.167,1.06057
5471,437680.0,1,0.03930770605802536,0.05063038691878319,0.33627,0.00016787415370345116,-18.761,-6.266,4.843,161.121,1.06105
5472,437760.0,1,0.03840560466051102,0.050076231360435486,0.33692,0.00017013777687679976,-18.55,-6.299,4.847,161.122,1.06129
5473,437840.0,1,0.05655969679355621,0.05595110356807709,0.32682,0.00016152055468410254,-18.486,-6.308,4.803,161.129,1.06135
5474,437920.0,1,0.5290989875793457,0.4627080261707306,0.1808,0.00025115307653322816,-19.236,-6.184,4.507,161.19,1.06114
5475,438000.0,1,0.38028815388679504,0.40033361315727234,0.21345,0.0002475963847246021,-19.136,-6.156,4.514,161.159,1.06081
5476,438080.0,1,0.13538268208503723,0.1934535801410675,0.27558,0.00018673767044674605,-18.827,-6.252,4.61,161.141,1.06091
5477,438160.0,1,0.0816158875823021,0.11997605860233307,0.29791,0.00018952252867165953,-18.779,-6.265,4.65,161.113,1.06103
5478,438240.0,1,0.06637705117464066,0.10389696806669235,0.30619,0.00018108489166479558,-18.737,-6.259,4.631,161.248,1.0615
5479,438320.0,1,0.0619177371263504,0.0889870822429657,0.31269,0.0001959136570803821,-18.676,-6.278,4.673,161.23,1.06076
5480,438400.0,1,0.056101154536008835,0.07662013918161392,0.31919,0.0002143930905731395,-18.69,-6.246,4.705,161.307,1.06043
5481,438480.0,1,0.05047592148184776,0.06806694716215134,0.32453,0.0002360937069170177,-18.514,-6.209,4.699,161.297,1.06036
5482,438560.0,1,0.05908559262752533,0.07494641840457916,0.31947,0.00024171028053388,-18.445,-6.028,4.735,161.424,1.0602
5483,438640.0,1,0.058444686233997345,0.07078477740287781,0.32207,0.00024248492263723165,-18.484,-6.051,4.772,161.465,1.06045
5484,438720.0,1,0.055373746901750565,0.06732913106679916,0.32403,0.00021132166148163378,-18.588,-6.183,4.867,161.523,1.05979
5485,438800.0,1,0.05119212344288826,0.06206246837973595,0.3262,0.0001947501878021285,-18.747,-6.304,4.932,161.509,1.05977
5486,438880.0,1,0.0476251021027565,0.058861300349235535,0.32835,0.00017700552416499704,-18.949,-6.431,4.968,161.607,1.05966
5487,438960.0,1,0.04423153027892113,0.05598481744527817,0.32991,0.00014057460066396743,-18.867,-6.389,4.915,161.56,1.05961
5488,439040.0,1,0.043206144124269485,0.05677969381213188,0.32959,0.0001283945020986721,-18.893,-6.396,4.941,161.615,1.05954
5489,439120.0,1,0.04385468363761902,0.05910104140639305,0.32896,0.0001447078975616023,-18.964,-6.372,4.921,161.594,1.05918
5490,439200.0,1,0.044430922716856,0.058963313698768616,0.32916,0.0001572905748616904,-19.046,-6.323,4.948,161.654,1.05941
5491,439280.0,1,0.04583356902003288,0.05870024487376213,0.32784,0.00014347299293149263,-19.088,-6.303,5.035,161.459,1.05961
5492,439360.0,1,0.044689491391181946,0.05569324642419815,0.32829,0.00012062640598742291,-19.087,-6.333,5.079,161.438,1.05993
5493,439440.0,1,0.03639877960085869,0.042503904551267624,0.33586,0.00014626329357270151,-19.085,-6.356,4.966,161.335,1.06015
5494,439520.0,1,0.03913639113306999,0.04853212088346481,0.33253,0.00014971845666877925,-19.078,-6.378,4.942,161.365,1.05982
5495,439600.0,1,0.040338482707738876,0.05027389153838158,0.33207,0.00015567627269774675,-19.112,-6.392,4.942,161.256,1.06053
5496,439680.0,1,0.03619770333170891,0.04772956296801567,0.33441,0.00016371147648897022,-18.974,-6.356,4.926,161.21,1.061
5497,439760.0,1,0.03465015068650246,0.04269785434007645,0.33761,0.00017117479001171887,-18.934,-6.366,4.936,161.114,1.06065
5498,439840.0,1,0.03512975573539734,0.05134333297610283,0.33523,0.0001636617089388892,-18.681,-6.392,4.975,161.209,1.0603
5499,439920.0,1,0.03171755373477936,0.04978456720709801,0.3378,0.00016706630412954837,-18.633,-6.399,4.973,161.122,1.06048
5500,440000.0,1,0.03234538063406944,0.05022516846656799,0.33581,0.00015764342970214784,-18.611,-6.422,5.06,161.194,1.06008
5501,440080.0,1,0.03081252984702587,0.04904038459062576,0.33709,0.00015958565927576274,-18.64,-6.428,5.094,161.15,1.06055
5502,440160.0,1,0.032260313630104065,0.05004333704710007,0.33567,0.0001574846392031759,-18.645,-6.416,5.112,161.225,1.06037
5503,440240.0,1,0.24825572967529297,0.2929234802722931,0.25304,0.00018317399371881038,-18.793,-6.374,4.842,161.17,1.06071
5504,440320.0,1,0.15612757205963135,0.19584782421588898,0.28081,0.00017712844419293106,-18.747,-6.394,4.947,161.185,1.05992
5505,440400.0,1,0.08416476100683212,0.129941925406456,0.30719,0.00018298356735613197,-18.665,-6.396,5.027,161.108,1.06032
5506,440480.0,1,0.06285590678453445,0.09760593622922897,0.3171,0.00018468590860720724,-18.565,-6.379,5.068,161.014,1.06122
5507,440560.0,1,0.05507081374526024,0.08581878989934921,0.32133,0.00017298276361543685,-18.572,-6.364,5.102,160.914,1.06174
5508,440640.0,1,0.059850022196769714,0.08417017757892609,0.31941,0.00017609816859476268,-18.524,-6.449,5.18,160.84,1.06256
5509,440720.0,1,0.061514876782894135,0.08279877156019211,0.31967,0.00017525193106848747,-18.575,-6.489,5.237,160.824,1.06293
5510,440800.0,1,0.05989794060587883,0.08291150629520416,0.32025,0.00020256219431757927,-18.636,-6.398,5.195,160.948,1.06278
5511,440880.0,1,0.059060875326395035,0.08167248219251633,0.31989,0.00022402728791348636,-18.652,-6.365,5.24,160.896,1.06291
5512,440960.0,1,0.0498008094727993,0.07221570611000061,0.32456,0.00024268616107292473,-18.675,-6.362,5.065,160.969,1.06268
5513,441040.0,1,0.04684366285800934,0.07057572156190872,0.32516,0.0002444110286887735,-18.52,-6.326,4.971,160.971,1.06264
5514,441120.0,1,0.04428989440202713,0.06447266042232513,0.32708,0.00023830641293898225,-18.594,-6.327,4.964,161.066,1.06201
5515,441200.0,1,0.04302038624882698,0.060343094170093536,0.32886,0.00021294946782290936,-18.577,-6.299,4.953,161.035,1.06232
5516,441280.0,1,0.0427531972527504,0.06634961813688278,0.3282,0.00021136197028681636,-18.575,-6.304,4.921,161.174,1.06199
5517,441360.0,1,0.04144200682640076,0.06768356263637543,0.32886,0.00020039643277414143,-18.659,-6.303,4.88,161.264,1.06092
5518,441440.0,1,0.06311961263418198,0.07685937732458115,0.31421,0.00019175630586687475,-18.716,-6.269,4.82,161.292,1.06121
5519,441520.0,1,0.6761260628700256,0.648169994354248,0.11313,0.00026877070195041597,-19.577,-6.168,4.358,161.227,1.06099
5520,441600.0,1,0.5552974939346313,0.6389409303665161,0.15111,0.00022897800954524428,-19.435,-6.258,4.523,161.186,1.06108
5521,441680.0,1,0.23909005522727966,0.3813464939594269,0.24416,0.00018087521311827004,-19.395,-6.34,4.691,161.175,1.06042
5522,441760.0,1,0.10061213374137878,0.2138592004776001,0.28627,0.00015690142754465342,-19.453,-6.35,4.822,161.231,1.06041
5523,441840.0,1,0.06746380776166916,0.1249755397439003,0.30506,0.000146604681503959,-19.155,-6.329,4.984,161.191,1.06021
5524,441920.0,1,0.06000621244311333,0.10211996734142303,0.31258,0.00014363562513608485,-19.051,-6.338,4.989,161.244,1.0598
5525,442000.0,1,0.056167736649513245,0.09680325537919998,0.31379,0.00014566659228876233,-19.071,-6.384,5.058,161.208,1.05996
5526,442080.0,1,0.05150705203413963,0.0779084786772728,0.31538,0.0001677853288128972,-18.942,-6.434,5.165,161.216,1.06021
5527,442160.0,1,0.04672648385167122,0.0621383860707283,0.32083,0.0001630747428862378,-18.97,-6.39,5.139,161.169,1.06035
5528,442240.0,1,0.0442613922059536,0.05833952873945236,0.32297,0.00016259605763480067,-19.046,-6.334,5.128,161.148,1.06041
5529,442320.0,1,0.04450688138604164,0.05724504217505455,0.32332,0.00015683994570281357,-19.052,-6.327,5.115,160.98,1.06098
5530,442400.0,1,0.041101858019828796,0.052739791572093964,0.32358,0.00015907170018181205,-19.089,-6.342,5.091,160.873,1.06142
5531,442480.0,1,0.039153408259153366,0.048427172005176544,0.32531,0.000149175786646083,-19.126,-6.365,5.102,160.799,1.06227
5532,442560.0,1,0.03544655814766884,0.046200476586818695,0.32975,0.0001492961891926825,-18.79,-6.403,4.981,160.703,1.06285
5533,442640.0,1,0.03526315465569496,0.046435918658971786,0.33061,0.00014969418407417834,-18.452,-6.38,4.888,160.676,1.06289
5534,442720.0,1,0.03492477536201477,0.04852766916155815,0.33056,0.00015775619249325246,-18.45,-6.349,4.886,160.736,1.063
5535,442800.0,1,0.03569014370441437,0.051324453204870224,0.32938,0.00015537730359937996,-18.452,-6.331,4.888,160.665,1.06346
5536,442880.0,1,0.03720002993941307,0.05798253044486046,0.3267,0.0001569368614582345,-18.54,-6.36,4.981,160.69,1.06367
5537,442960.0,1,0.043549906462430954,0.0693187564611435,0.32023,0.0001487808913225308,-19.122,-6.416,5.262,160.589,1.06427
5538,443040.0,1,0.05047664791345596,0.06533235311508179,0.31737,0.00015879468992352486,-19.088,-6.425,5.32,160.597,1.064
5539,443120.0,1,0.04562196508049965,0.06254458427429199,0.31843,0.00012711368617601693,-18.764,-6.33,5.267,160.535,1.06483
5540,443200.0,1,0.0432470440864563,0.054845165461301804,0.32339,0.00014555302914232016,-18.645,-6.249,5.171,160.591,1.06494
5541,443280.0,1,0.043281883001327515,0.05953153222799301,0.32317,0.00014952014316804707,-18.707,-6.233,5.105,160.509,1.06566
5542,443360.0,1,0.04234007000923157,0.057993482798337936,0.32498,0.00015611837443429977,-18.743,-6.262,5.044,160.513,1.06633
5543,443440.0,1,0.03731678053736687,0.05532857030630112,0.32955,0.0001726854534354061,-18.899,-6.299,5.016,160.65,1.06578
5544,443520.0,1,0.04262186214327812,0.05717281624674797,0.32775,0.0001597136870259419,-18.846,-6.334,5.096,160.572,1.06698
5545,443600.0,1,0.1096922755241394,0.12274973094463348,0.2933,0.00020234561816323549,-19.007,-6.314,4.978,160.587,1.06721
5546,443680.0,1,0.48657143115997314,0.44724398851394653,0.19605,0.0001932006562128663,-19.509,-6.1,4.748,160.694,1.0668
5547,443760.0,1,0.2629399597644806,0.22518059611320496,0.26272,0.00015317092766053975,-19.971,-6.306,5.19,160.674,1.06741
5548,443840.0,1,0.17133314907550812,0.15499965846538544,0.28149,0.00017152460350189358,-19.946,-6.334,5.295,160.799,1.06703
5549,443920.0,1,0.15296365320682526,0.1413254290819168,0.2829,0.00019432505359873176,-19.958,-6.328,5.291,160.646,1.06769
5550,444000.0,1,0.18843422830104828,0.1666722148656845,0.27724,0.00018380279652774334,-19.651,-6.282,5.178,160.648,1.06772
5551,444080.0,1,0.7194596529006958,0.662810206413269,0.11033,0.00035018427297472954,-19.907,-5.989,4.945,160.444,1.06821
5552,444160.0,1,0.7168319225311279,0.6854499578475952,0.08038,0.0004493021697271615,-19.583,-5.973,4.951,160.425,1.06824
5553,444240.0,1,0.3650667369365692,0.3752283751964569,0.21566,0.0002603556786198169,-19.031,-6.07,4.941,160.301,1.06786
5554,444320.0,1,0.1443854570388794,0.19308890402317047,0.27846,0.00020844439859502017,-18.765,-6.08,5.089,160.282,1.06804
5555,444400.0,1,0.10880754888057709,0.1597178429365158,0.28921,0.0002046846493612975,-18.798,-6.118,5.247,160.182,1.06822
5556,444480.0,1,0.08087097853422165,0.11550389230251312,0.30213,0.0001829498796723783,-18.79,-6.256,5.429,160.086,1.06842
5557,444560.0,1,0.07321877032518387,0.09175745397806168,0.30918,0.00015877181431278586,-18.762,-6.386,5.505,160.016,1.06848
5558,444640.0,1,0.06151319667696953,0.0720735713839531,0.31716,0.00013378959556575865,-18.728,-6.352,5.396,160.118,1.06782
5559,444720.0,1,0.05550757050514221,0.061730120331048965,0.3231,0.0001228402106789872,-18.536,-6.372,5.377,160.053,1.06742
5560,444800.0,1,0.05016977712512016,0.0566067136824131,0.32718,0.00014795581228099763,-18.492,-6.368,5.405,160.137,1.06644
5561,444880.0,1,0.04643314704298973,0.045588418841362,0.3335,0.00011961659038206562,-18.456,-6.303,5.322,160.17,1.06411
5562,444960.0,1,0.05291510000824928,0.0541742667555809,0.32773,0.00013660633703693748,-18.326,-6.321,5.237,160.398,1.06229
5563,445040.0,1,0.056635696440935135,0.061963386833667755,0.32441,0.00014859670773148537,-18.246,-6.346,5.229,160.528,1.06049
5564,445120.0,1,0.05460898578166962,0.06292279064655304,0.32435,0.00015017054101917893,-18.352,-6.399,5.254,160.672,1.05902
5565,445200.0,1,0.0502367727458477,0.05660060793161392,0.32669,0.00015323211846407503,-18.336,-6.445,5.228,160.741,1.0579
5566,445280.0,1,0.049858540296554565,0.05444466695189476,0.32586,0.00017168316117022187,-18.468,-6.34,5.168,160.861,1.05694
5567,445360.0,1,0.0481683723628521,0.051851119846105576,0.3263,0.00017642488819546998,-18.429,-6.327,5.076,160.839,1.05633
5568,445440.0,1,0.04398611560463905,0.04310902953147888,0.3301,0.00019065204833168536,-18.267,-6.35,5.042,160.932,1.0547
5569,445520.0,1,0.04143548384308815,0.039548471570014954,0.33269,0.00020186307665426284,-18.331,-6.353,5.031,161.054,1.05419
5570,445600.0,1,0.039871037006378174,0.038821689784526825,0.33382,0.0002075076336041093,-18.469,-6.371,5.035,161.12,1.05364
5571,445680.0,1,0.03873163089156151,0.03884546458721161,0.33467,0.00020595949899870902,-18.491,-6.316,5.0,161.123,1.05383
5572,445760.0,1,0.03710068389773369,0.03894461318850517,0.33525,0.00020542112179100513,-18.651,-6.255,4.959,161.224,1.05366
5573,445840.0,1,0.03581343963742256,0.03948128968477249,0.33578,0.00022470649855677038,-18.723,-6.272,4.94,161.193,1.05408
5574,445920.0,1,0.03679482638835907,0.04285662621259689,0.33573,0.0002636653371155262,-18.771,-6.272,5.033,161.302,1.0541
5575,446000.0,1,0.03685781732201576,0.04629841819405556,0.33433,0.0002635451965034008,-18.795,-6.302,4.877,161.345,1.05409
5576,446080.0,1,0.03726065903902054,0.05678291618824005,0.32906,0.00021944436593912542,-18.986,-6.32,5.1,161.448,1.05467
5577,446160.0,1,0.039373729377985,0.057260528206825256,0.32742,0.0002133089437847957,-19.071,-6.334,5.158,161.437,1.05472
5578,446240.0,1,0.04121604561805725,0.05696577951312065,0.32586,0.0002007720322581008,-19.257,-6.266,5.162,161.487,1.05483
5579,446320.0,1,0.04007888212800026,0.055455852299928665,0.32647,0.00019922699721064419,-19.384,-6.169,5.109,161.467,1.05486
5580,446400.0,1,0.03849509358406067,0.053185101598501205,0.32811,0.0002271449047839269,-19.337,-6.23,5.061,161.489,1.05485
5581,446480.0,1,0.038171716034412384,0.0439283512532711,0.33148,0.00021863216534256935,-19.3,-6.271,5.114,161.38,1.0554
5582,446560.0,1,0.0931825190782547,0.08723626285791397,0.30169,0.00022810552036389709,-19.48,-6.253,4.825,161.399,1.05573
5583,446640.0,1,0.13272257149219513,0.15030288696289062,0.28647,0.00023163271544035524,-19.38,-6.24,4.908,161.344,1.05376
5584,446720.0,1,0.11772136390209198,0.15167471766471863,0.29335,0.0002267729287268594,-19.343,-6.251,4.99,161.396,1.0531
5585,446800.0,1,0.09244836121797562,0.12778803706169128,0.30268,0.0002335278404643759,-18.945,-6.155,5.02,161.309,1.05277
5586,446880.0,1,0.07294563204050064,0.09338070452213287,0.3119,0.0002215756248915568,-18.798,-6.119,5.098,161.348,1.05242
5587,446960.0,1,0.06646165251731873,0.08511976897716522,0.31674,0.00020897215290460736,-18.719,-6.087,5.113,161.286,1.05231
5588,447040.0,1,0.06609775871038437,0.08327730000019073,0.31753,0.00020352282444946468,-18.543,-6.092,5.21,161.297,1.05226
5589,447120.0,1,0.06311405450105667,0.0814964771270752,0.31838,0.0002091846545226872,-18.424,-6.154,5.25,161.237,1.05231
5590,447200.0,1,0.05826452746987343,0.07815748453140259,0.31968,0.00020907398720737547,-18.302,-6.218,5.281,161.25,1.05252
5591,447280.0,1,0.05485823005437851,0.07219935208559036,0.32149,0.00020041933748871088,-18.311,-6.223,5.311,161.182,1.053
5592,447360.0,1,0.04622122272849083,0.061463333666324615,0.32463,0.00016936649626586586,-18.288,-6.22,5.311,161.138,1.05343
5593,447440.0,1,0.042938657104969025,0.05494724586606026,0.32597,0.00017281674081459641,-18.15,-6.168,5.213,161.109,1.05334
5594,447520.0,1,0.03996157646179199,0.046900078654289246,0.32622,0.0001711955264909193,-18.094,-6.185,5.132,161.173,1.053
5595,447600.0,1,0.0382150374352932,0.04191827401518822,0.32755,0.00017270077660214156,-18.045,-6.213,5.083,161.132,1.05291
5596,447680.0,1,0.03641922026872635,0.040913037955760956,0.32923,0.00017899023077916354,-18.118,-6.289,5.015,161.311,1.05213
5597,447760.0,1,0.034404456615448,0.04017304256558418,0.32993,0.00018550394452176988,-18.221,-6.31,4.957,161.213,1.05243
5598,447840.0,1,0.03235699608922005,0.03910386934876442,0.33159,0.00018215876480098814,-18.221,-6.381,4.949,161.246,1.05279
5599,447920.0,1,0.03192346543073654,0.039102986454963684,0.33235,0.00017322126950602978,-18.401,-6.425,4.982,161.203,1.05322
5600,448000.0,1,0.03066263720393181,0.03809713199734688,0.33326,0.00016047114331740886,-18.442,-6.401,4.982,161.19,1.05368
5601,448080.0,1,0.030656682327389717,0.03756662458181381,0.33363,0.0001623577845748514,-18.456,-6.391,4.963,161.124,1.05373
5602,448160.0,1,0.03088889643549919,0.03775525465607643,0.33372,0.00017008601571433246,-18.472,-6.338,4.989,161.194,1.05368
5603,448240.0,1,0.03133512660861015,0.03780975565314293,0.33396,0.00017142306023743004,-18.502,-6.354,4.988,161.166,1.05366
5604,448320.0,1,0.030902333557605743,0.038341641426086426,0.33554,0.00020041322568431497,-18.417,-6.262,5.011,161.324,1.05601
5605,448400.0,1,0.032143399119377136,0.044423557817935944,0.33527,0.00022375812113750726,-18.496,-6.24,5.009,161.246,1.05847
5606,448480.0,1,0.0340704545378685,0.046788908541202545,0.33603,0.0002486550947651267,-18.636,-6.14,4.985,161.332,1.05931
5607,448560.0,1,0.03498058393597603,0.047589950263500214,0.33451,0.00024551458773203194,-18.557,-6.203,5.006,161.316,1.05952
5608,448640.0,1,0.034525066614151,0.045504309237003326,0.33452,0.00023420056095346808,-18.597,-6.204,5.033,161.402,1.05981
5609,448720.0,1,0.036983244121074677,0.04701978713274002,0.3343,0.00022733364312443882,-18.66,-6.15,4.919,161.398,1.06001
5610,448800.0,1,0.0423630028963089,0.053889065980911255,0.32961,0.00021255959291011095,-18.693,-6.136,4.914,161.447,1.06026
5611,448880.0,1,0.8130296468734741,0.7467114329338074,0.05022,0.0002983584126923233,-19.083,-5.797,4.291,161.461,1.06068
5612,448960.0,1,0.5563454627990723,0.5608618259429932,0.1462,0.00022739215637557209,-19.028,-6.013,4.407,161.514,1.06069
5613,449040.0,1,0.2873910069465637,0.4271204173564911,0.22905,0.0001652701903367415,-19.08,-6.025,4.662,161.421,1.06058
5614,449120.0,1,0.10902455449104309,0.2481304109096527,0.2847,0.00014636415289714932,-18.994,-6.137,5.037,161.396,1.06075
5615,449200.0,1,0.06347697973251343,0.10172639042139053,0.31454,0.0001418271567672491,-18.8,-6.084,5.048,161.323,1.06094
5616,449280.0,1,0.04136049747467041,0.05935850739479065,0.33202,0.00015915273979771882,-18.703,-6.129,5.143,161.257,1.06134
5617,449360.0,1,0.03841756656765938,0.05292165279388428,0.33274,0.00018014528905041516,-18.564,-6.115,5.156,161.226,1.06172
5618,449440.0,1,0.03101227432489395,0.04070162773132324,0.33842,0.00019535944738890976,-18.549,-6.2,5.16,161.218,1.06167
5619,449520.0,1,0.03196907788515091,0.04090232029557228,0.33755,0.00020152654906269163,-18.581,-6.292,5.189,161.127,1.06181
5620,449600.0,1,0.03265921026468277,0.03980309143662453,0.33762,0.00018511452071834356,-18.756,-6.336,5.217,161.164,1.06137
5621,449680.0,1,0.03310045972466469,0.03926769271492958,0.33789,0.00017189756908919662,-18.752,-6.355,5.212,161.097,1.06168
5622,449760.0,1,0.0329086109995842,0.03787200152873993,0.33826,0.00016942174988798797,-18.76,-6.343,5.189,161.243,1.06091
5623,449840.0,1,0.032970331609249115,0.03875839710235596,0.33779,0.00018073886167258024,-18.728,-6.295,5.134,161.148,1.06115
5624,449920.0,1,0.03342859074473381,0.03937535732984543,0.33697,0.0001787657820386812,-18.789,-6.334,5.14,161.193,1.06137
5625,450000.0,1,0.034459810703992844,0.040472690016031265,0.33609,0.00017316312005277723,-18.832,-6.34,5.159,161.101,1.06189
5626,450080.0,1,0.036133088171482086,0.04169440641999245,0.33463,0.00015051630907692015,-18.821,-6.392,5.19,161.107,1.06206
5627,450160.0,1,0.03643899783492088,0.041337817907333374,0.33486,0.00014285690849646926,-18.849,-6.413,5.213,161.007,1.06221
5628,450240.0,1,0.0354902483522892,0.042241908609867096,0.33606,0.00015898450510576367,-18.847,-6.394,5.206,160.875,1.0629
5629,450320.0,1,0.03738674521446228,0.04448167234659195,0.33506,0.00016365920600946993,-18.895,-6.346,5.187,160.812,1.0637
5630,450400.0,1,0.038381434977054596,0.04593037813901901,0.33488,0.00016183411935344338,-19.007,-6.288,5.194,160.813,1.06396
5631,450480.0,1,0.039340391755104065,0.04672443866729736,0.33445,0.0001621996343601495,-18.982,-6.265,5.217,160.782,1.06384
5632,450560.0,1,0.039853133261203766,0.04727927967905998,0.33381,0.0001638482790440321,-18.964,-6.249,5.238,160.81,1.06448
5633,450640.0,1,0.04072226583957672,0.04794562980532646,0.33299,0.00017488902085460722,-18.947,-6.252,5.239,160.791,1.06422
5634,450720.0,1,0.040871620178222656,0.04860026016831398,0.33217,0.00018200406339019537,-18.815,-6.216,5.218,160.913,1.06355
5635,450800.0,1,0.04017973691225052,0.047921694815158844,0.3322,0.0001751606905600056,-18.815,-6.232,5.214,160.886,1.06389
5636,450880.0,1,0.040649715811014175,0.047874219715595245,0.33212,0.00016987840353976935,-18.95,-6.249,5.207,160.97,1.06333
5637,450960.0,1,0.04216163232922554,0.048847343772649765,0.33155,0.0001681206631474197,-18.977,-6.246,5.185,160.948,1.06315
5638,451040.0,1,0.04147680848836899,0.048776011914014816,0.33202,0.00016992667224258184,-18.966,-6.241,5.187,161.035,1.06281
5639,451120.0,1,0.4881858229637146,0.4483478367328644,0.19655,0.00021030515199527144,-19.741,-5.931,4.755,161.101,1.06223
5640,451200.0,1,0.33692532777786255,0.36542221903800964,0.23264,0.00018238452321384102,-19.739,-6.044,4.875,161.243,1.0615
5641,451280.0,1,0.3088552951812744,0.32500454783439636,0.24263,0.0001849384279921651,-19.654,-6.104,4.932,161.329,1.06085
5642,451360.0,1,0.20075371861457825,0.2934892177581787,0.25888,0.00016938814951572567,-19.608,-6.12,4.973,161.472,1.0603
5643,451440.0,1,0.16748203337192535,0.25741472840309143,0.26813,0.00016861352196428925,-19.553,-6.197,5.009,161.548,1.05964
5644,451520.0,1,0.1518932431936264,0.20977380871772766,0.27655,0.00016625218268018216,-19.523,-6.189,5.107,161.634,1.05936
5645,451600.0,1,0.125517338514328,0.19265903532505035,0.28107,0.00016952921578194946,-19.501,-6.185,5.247,161.621,1.05925
5646,451680.0,1,0.09964888542890549,0.1637398600578308,0.28933,0.00015775002248119563,-19.495,-6.229,5.294,161.662,1.05914
5647,451760.0,1,0.08870767802000046,0.1430276483297348,0.29361,0.0001313843677053228,-19.577,-6.2,5.431,161.563,1.0592
5648,451840.0,1,0.08383989334106445,0.11838701367378235,0.29902,0.00012762668484356254,-19.651,-6.191,5.448,161.696,1.05797
5649,451920.0,1,0.07603788375854492,0.09551959484815598,0.30496,0.00015254213940352201,-19.761,-6.348,5.433,161.579,1.05875
5650,452000.0,1,0.07221557945013046,0.08664999157190323,0.30914,0.0001552022877149284,-19.671,-6.31,5.416,161.552,1.05927
5651,452080.0,1,0.06673730164766312,0.08682218939065933,0.31446,0.0001612215710338205,-19.655,-6.309,5.352,161.493,1.05988
5652,452160.0,1,0.07716221362352371,0.09207064658403397,0.30884,0.0001530358858872205,-19.695,-6.33,5.526,161.539,1.06108
5653,452240.0,1,0.07448716461658478,0.07467618584632874,0.31571,0.0001703036396065727,-20.057,-6.35,5.746,161.427,1.06106
5654,452320.0,1,0.0722491666674614,0.07447489351034164,0.31695,0.00016695067461114377,-19.938,-6.214,5.786,161.369,1.06082
5655,452400.0,1,0.06694632023572922,0.07183443009853363,0.31818,0.00018008396727964282,-19.829,-6.231,5.74,157.847,1.06492
5656,452480.0,1,0.06445085257291794,0.07046177238225937,0.31939,0.00016962201334536076,-19.805,-6.192,5.713,157.368,1.06526
5657,452560.0,1,0.06429547071456909,0.06990612298250198,0.31949,0.00016468453395646065,-19.81,-6.198,5.691,157.423,1.06403
5658,452640.0,1,0.06339265406131744,0.07072082161903381,0.31927,0.00016933903680182993,-19.768,-6.167,5.655,152.758,1.06461
5659,452720.0,1,0.0611579455435276,0.0715772956609726,0.31787,0.00017660699086263776,-19.648,-6.159,5.587,152.727,1.06462
5660,452800.0,1,0.05858602374792099,0.06862761825323105,0.31771,0.0001720067666610703,-19.607,-6.078,5.481,152.729,1.06441
5661,452880.0,1,0.05690055713057518,0.06608381867408752,0.31785,0.00016263760335277766,-19.622,-6.102,5.498,152.625,1.06467
5662,452960.0,1,0.0566757433116436,0.06738214939832687,0.31777,0.0001717425766400993,-19.682,-6.145,5.475,152.609,1.06504
5663,453040.0,1,0.05723431706428528,0.07002735137939453,0.31815,0.00018720295338425785,-19.681,-6.168,5.48,152.459,1.06539
5664,453120.0,1,0.05504972115159035,0.06010093912482262,0.32175,0.00015038117999210954,-19.593,-6.194,5.524,152.387,1.06552
5665,453200.0,1,0.05487367883324623,0.06202429533004761,0.32109,0.0001466118119424209,-19.297,-6.277,5.491,152.321,1.0662
5666,453280.0,1,0.05463680252432823,0.05959225073456764,0.32229,0.00013258690887596458,-19.266,-6.291,5.498,152.35,1.0659
5667,453360.0,1,0.05417090281844139,0.05775834247469902,0.32339,0.00012506269558798522,-19.135,-6.345,5.501,152.31,1.06598
5668,453440.0,1,0.05488986894488335,0.0625625029206276,0.32504,0.00018075574189424515,-19.01,-6.468,5.303,152.401,1.06579
5669,453520.0,1,0.051780130714178085,0.06057245284318924,0.32465,0.00018194281437899917,-18.996,-6.463,5.239,152.337,1.06639
5670,453600.0,1,0.05031195282936096,0.05893300473690033,0.32555,0.00018804665887728333,-18.999,-6.465,5.227,152.378,1.06632
5671,453680.0,1,0.04999404400587082,0.058647412806749344,0.32567,0.00019588432041928172,-19.012,-6.461,5.215,152.343,1.06624
5672,453760.0,1,0.049870431423187256,0.05822301656007767,0.3255,0.00019985050312243402,-18.993,-6.452,5.207,152.37,1.06633
5673,453840.0,1,0.05028911307454109,0.05851142108440399,0.32565,0.00021808355813845992,-19.009,-6.423,5.148,152.381,1.06617
5674,453920.0,1,0.05008048191666603,0.06036505103111267,0.32419,0.00022352121595758945,-19.048,-6.433,5.152,152.42,1.06622
5675,454000.0,1,0.05186215788125992,0.06120986491441727,0.32224,0.000219880195800215,-19.113,-6.398,5.072,152.451,1.06652
5676,454080.0,1,0.048719462007284164,0.05853042006492615,0.32357,0.0002073391224257648,-19.128,-6.402,5.085,152.44,1.067
5677,454160.0,1,0.04512954503297806,0.05784624442458153,0.32464,0.00020240699814166874,-19.19,-6.416,5.089,152.376,1.06714
5678,454240.0,1,0.044642042368650436,0.05681047588586807,0.32477,0.00019987164705526084,-19.293,-6.455,5.21,152.39,1.06678
5679,454320.0,1,0.043424852192401886,0.05451233312487602,0.32731,0.0001940880174515769,-19.269,-6.392,5.328,152.34,1.06697
5680,454400.0,1,0.04195810481905937,0.05515534058213234,0.32827,0.00019289676856715232,-19.315,-6.381,5.377,152.335,1.06693
5681,454480.0,1,0.04398314654827118,0.05636804178357124,0.32707,0.00017989777552429587,-19.292,-6.375,5.384,152.285,1.06657
5682,454560.0,1,0.04646802693605423,0.059995509684085846,0.32565,0.00017438230861444026,-19.309,-6.371,5.386,152.35,1.0658
5683,454640.0,1,0.05047062784433365,0.06263528019189835,0.32371,0.00017861396190710366,-19.32,-6.4,5.401,152.333,1.06608
5684,454720.0,1,0.054518211632966995,0.06820154935121536,0.32059,0.0001722828601486981,-19.399,-6.377,5.432,152.364,1.06592
5685,454800.0,1,0.05974256619811058,0.07458081841468811,0.31745,0.00017424701945856214,-19.392,-6.363,5.449,152.359,1.06548
5686,454880.0,1,0.3893619477748871,0.3983652889728546,0.2185,0.00031463411869481206,-19.968,-6.385,5.358,152.386,1.06565
5687,454960.0,1,0.5058563351631165,0.5149115920066833,0.17425,0.0003758235543500632,-20.211,-6.402,5.456,152.355,1.0658
5688,455040.0,1,0.5000839829444885,0.432730108499527,0.1925,0.00026902966783382,-20.429,-6.418,5.41,152.328,1.06524
5689,455120.0,1,0.17728568613529205,0.2324930876493454,0.26747,0.00018921175797004253,-20.245,-6.42,5.437,152.373,1.0651
5690,455200.0,1,0.11346030980348587,0.15025439858436584,0.2848,0.0001833511923905462,-19.996,-6.409,5.428,152.411,1.06475
5691,455280.0,1,0.09114101529121399,0.12895716726779938,0.29415,0.00016414947458542883,-20.024,-6.409,5.452,152.421,1.06478
5692,455360.0,1,0.08924305438995361,0.11838763952255249,0.29593,0.00014914253551978618,-19.992,-6.39,5.448,152.458,1.06456
5693,455440.0,1,0.08440510928630829,0.11167587339878082,0.29833,0.00013488453987520188,-19.921,-6.365,5.469,152.447,1.06452
5694,455520.0,1,0.07323568314313889,0.0961945429444313,0.30328,0.00012549465463962406,-19.819,-6.324,5.49,152.472,1.06444
5695,455600.0,1,0.05872475355863571,0.07650863379240036,0.31144,0.0001127766227000393,-19.634,-6.297,5.549,152.489,1.06414
5696,455680.0,1,0.055736444890499115,0.07273932546377182,0.31319,0.00010446735541336238,-19.586,-6.268,5.544,152.552,1.06324
5697,455760.0,1,0.0552191361784935,0.07072068005800247,0.31439,9.94727379293181e-05,-19.641,-6.291,5.548,152.573,1.06304
5698,455840.0,1,0.05509307235479355,0.06900770962238312,0.3153,0.00010195414506597444,-19.634,-6.293,5.544,152.636,1.06325
5699,455920.0,1,0.05595160648226738,0.06950195133686066,0.31504,0.00010228377504972741,-19.596,-6.27,5.533,152.638,1.063
5700,456000.0,1,0.055212222039699554,0.06901124119758606,0.31672,0.0001121987952501513,-19.672,-6.307,5.544,152.704,1.06189
5701,456080.0,1,0.7031054496765137,0.666382908821106,0.10083,0.00023253845574799925,-20.113,-5.958,4.947,152.799,1.06216
5702,456160.0,1,0.7060250043869019,0.7032210826873779,0.08528,0.0003856182156596333,-20.391,-6.188,4.804,152.779,1.06213
5703,456240.0,1,0.32287338376045227,0.39728906750679016,0.22225,0.00021958879369776696,-20.351,-6.266,4.992,152.733,1.06203
5704,456320.0,1,0.15056897699832916,0.190150648355484,0.27574,0.0001442060893168673,-20.232,-6.323,5.01,152.787,1.06172
5705,456400.0,1,0.07686418294906616,0.09849720448255539,0.30886,0.00013978128845337778,-19.895,-6.287,5.006,152.7,1.06159
5706,456480.0,1,0.07154595851898193,0.08004039525985718,0.31318,0.00015703088138252497,-19.767,-6.291,5.245,152.78,1.06135
5707,456560.0,1,0.06483040750026703,0.07217058539390564,0.31666,0.00016453715215902776,-19.693,-6.286,5.309,152.709,1.06142
5708,456640.0,1,0.06517080217599869,0.07244227081537247,0.31699,0.00015320380043704063,-19.688,-6.235,5.277,152.78,1.06152
5709,456720.0,1,0.06485607475042343,0.07047010958194733,0.31783,0.00014273695705924183,-19.674,-6.319,5.292,152.735,1.06134
5710,456800.0,1,0.06600037217140198,0.0699441134929657,0.31575,0.00013489264529198408,-19.654,-6.253,5.34,152.712,1.06135
5711,456880.0,1,0.06518986076116562,0.07186141610145569,0.31688,0.0001309139042859897,-19.591,-6.228,5.438,152.632,1.06187
5712,456960.0,1,0.05316946655511856,0.058971963822841644,0.32418,0.0001281740696867928,-19.521,-6.214,5.431,152.661,1.06084
5713,457040.0,1,0.04788403585553169,0.05595966801047325,0.32711,0.00013178386143408716,-19.471,-6.186,5.365,152.724,1.0609
5714,457120.0,1,0.04864031821489334,0.050518494099378586,0.32873,0.0001357914152322337,-19.349,-6.125,5.317,152.773,1.06053
5715,457200.0,1,0.045114874839782715,0.047796156257390976,0.33084,0.0001238344848388806,-19.111,-6.189,5.339,152.772,1.06043
5716,457280.0,1,0.04508645832538605,0.04758964851498604,0.33122,0.00012939113366883248,-19.075,-6.2,5.34,152.778,1.06052
5717,457360.0,1,0.04451728239655495,0.046766333281993866,0.33215,0.0001165989160654135,-19.008,-6.182,5.303,152.718,1.06083
5718,457440.0,1,0.046691641211509705,0.04753858223557472,0.33141,0.00011322110367473215,-18.919,-6.135,5.303,152.72,1.06132
5719,457520.0,1,0.0431937649846077,0.042485594749450684,0.33463,0.00010988767462549731,-18.989,-6.126,5.294,152.648,1.0614
5720,457600.0,1,0.04159441962838173,0.04038301855325699,0.33767,0.00010662838030839339,-19.002,-6.134,5.28,152.683,1.06156
5721,457680.0,1,0.04120814800262451,0.04061217978596687,0.33807,0.00010554727487033233,-19.073,-6.139,5.298,152.635,1.06193
5722,457760.0,1,0.03931984305381775,0.04012863710522652,0.33938,0.00010930577263934538,-19.222,-6.146,5.325,152.659,1.06175
5723,457840.0,1,0.0388796329498291,0.03996650502085686,0.33994,0.00011591083602979779,-19.252,-6.155,5.324,152.629,1.06199
5724,457920.0,1,0.03874117136001587,0.039307814091444016,0.34013,0.00011167651246068999,-19.399,-6.248,5.515,152.688,1.06195
5725,458000.0,1,0.040516939014196396,0.04465312138199806,0.33608,0.00011424956028349698,-19.444,-6.249,5.497,152.695,1.06264
5726,458080.0,1,0.03953489661216736,0.04269590601325035,0.33682,0.00011128593905596063,-19.557,-6.255,5.51,152.722,1.06273
5727,458160.0,1,0.037665076553821564,0.0415501743555069,0.33778,0.00010058502084575593,-19.565,-6.261,5.502,152.78,1.06279
5728,458240.0,1,0.035876303911209106,0.04061686992645264,0.33901,9.648589184507728e-05,-19.563,-6.26,5.497,152.762,1.06262
5729,458320.0,1,0.03385116159915924,0.04180862382054329,0.33738,0.00010043903603218496,-19.034,-6.193,5.401,152.684,1.06275
5730,458400.0,1,0.03298298269510269,0.043680135160684586,0.33605,0.00010207184823229909,-18.861,-6.136,5.344,152.764,1.06281
5731,458480.0,1,0.03238748386502266,0.042848244309425354,0.33766,0.00011380713112885132,-18.895,-6.129,5.308,152.791,1.06254
5732,458560.0,1,0.029103443026542664,0.037858180701732635,0.34215,0.00011500791879370809,-19.019,-6.175,5.391,152.868,1.06274
5733,458640.0,1,0.026665376499295235,0.035905204713344574,0.3438,0.00012102563050575554,-19.145,-6.257,5.289,152.861,1.06293
5734,458720.0,1,0.027073685079813004,0.03447429835796356,0.34317,0.00014696620928589255,-19.269,-6.289,5.227,152.92,1.06272
5735,458800.0,1,0.026621390134096146,0.03374922648072243,0.34426,0.00015413042274303734,-19.302,-6.303,5.177,152.897,1.0626
5736,458880.0,1,0.02735045738518238,0.032833799719810486,0.34439,0.0001503450475865975,-19.342,-6.294,5.246,152.843,1.06301
5737,458960.0,1,0.027950234711170197,0.03214322775602341,0.34377,0.0001463358203181997,-19.281,-6.253,5.291,152.78,1.06295
5738,459040.0,1,0.03188136965036392,0.038278188556432724,0.33839,0.0001410285331076011,-19.276,-6.235,5.325,152.779,1.06292
5739,459120.0,1,0.15609149634838104,0.12897610664367676,0.2902,0.00014062807895243168,-19.49,-6.114,5.135,152.702,1.06321
5740,459200.0,1,0.14141380786895752,0.14808911085128784,0.28914,0.0001252854272024706,-19.464,-6.093,5.171,152.758,1.06321
5741,459280.0,1,0.1376361846923828,0.13819444179534912,0.28995,0.00010916338214883581,-19.369,-6.141,5.325,152.658,1.06399
5742,459360.0,1,0.1267603486776352,0.13536293804645538,0.29154,0.00011325479135848582,-19.366,-6.169,5.373,152.677,1.0639
5743,459440.0,1,0.1176617443561554,0.13517193496227264,0.29231,0.00011956220987485722,-19.334,-6.165,5.387,152.593,1.0637
5744,459520.0,1,0.0974055677652359,0.11412044614553452,0.29888,0.00012451710063032806,-19.129,-6.117,5.372,152.523,1.0642
5745,459600.0,1,0.08188368380069733,0.10046708583831787,0.30468,0.00012242778029758483,-18.939,-6.085,5.361,152.41,1.06469
5746,459680.0,1,0.07365906983613968,0.09097882360219955,0.30874,0.00012188228720333427,-18.878,-6.111,5.386,152.393,1.06476
5747,459760.0,1,0.07238561660051346,0.08873628079891205,0.31073,0.00012116984726162627,-18.896,-6.097,5.373,152.327,1.0648
5748,459840.0,1,0.057205285876989365,0.07647228986024857,0.3166,0.00013876045704819262,-18.939,-6.098,5.325,152.335,1.06518
5749,459920.0,1,0.04846148565411568,0.06597519665956497,0.32101,0.00014752402785234153,-19.07,-6.074,5.345,152.321,1.06495
5750,460000.0,1,0.04655139148235321,0.060731254518032074,0.32152,0.00014835334150120616,-19.053,-6.067,5.423,152.357,1.06494
5751,460080.0,1,0.04014857858419418,0.055895283818244934,0.3257,0.00015007579349912703,-19.03,-6.084,5.445,152.243,1.06509
5752,460160.0,1,0.039530958980321884,0.055556632578372955,0.32637,0.00015387358143925667,-19.011,-6.045,5.454,152.231,1.06539
5753,460240.0,1,0.03934411332011223,0.05448523163795471,0.32765,0.0001561958051752299,-19.032,-6.038,5.451,152.243,1.06619
5754,460320.0,1,0.0398666150867939,0.05303457751870155,0.32803,0.00014511980407405645,-18.894,-6.029,5.434,152.187,1.0667
5755,460400.0,1,0.03868984803557396,0.05281125754117966,0.32888,0.0001483759842813015,-18.952,-6.022,5.442,152.11,1.0674
5756,460480.0,1,0.0378008671104908,0.05051252618432045,0.32995,0.0001475275494158268,-18.978,-6.027,5.434,152.149,1.06745
5757,460560.0,1,0.0381339006125927,0.05064643546938896,0.33095,0.00014468305744230747,-18.985,-6.056,5.425,152.14,1.06693
5758,460640.0,1,0.03825614973902702,0.05111709609627724,0.33142,0.00014528402243740857,-19.025,-6.073,5.406,152.193,1.06685
5759,460720.0,1,0.03755161911249161,0.05011715367436409,0.33223,0.00014816857583355159,-18.954,-6.107,5.339,152.177,1.06687
5760,460800.0,1,0.41169238090515137,0.3864220976829529,0.21837,0.0002160309668397531,-19.365,-6.312,4.819,152.217,1.06641
5761,460880.0,1,0.2900487780570984,0.30092039704322815,0.24532,0.00021346440189518034,-19.288,-6.317,4.898,152.221,1.06617
5762,460960.0,1,0.21794888377189636,0.24060556292533875,0.26313,0.00019930681446567178,-19.452,-6.316,4.942,152.294,1.06579
5763,461040.0,1,0.17163899540901184,0.2121790200471878,0.27265,0.00018552603432908654,-19.511,-6.276,5.029,152.289,1.0659
5764,461120.0,1,0.1431417316198349,0.16390490531921387,0.28291,0.00019006450020242482,-19.504,-6.247,5.033,152.412,1.06563
5765,461200.0,1,0.12458894401788712,0.14529143273830414,0.28849,0.0001947798882611096,-19.491,-6.235,5.005,152.39,1.06568
5766,461280.0,1,0.11508144438266754,0.13182981312274933,0.29333,0.00019142091332469136,-19.578,-6.216,5.013,152.431,1.06546
5767,461360.0,1,0.09044913947582245,0.12420864403247833,0.29947,0.00018129083036910743,-19.554,-6.178,4.927,152.396,1.06539
5768,461440.0,1,0.082003153860569,0.10559365898370743,0.30486,0.00018247462867293507,-19.586,-6.147,4.971,152.433,1.06457
5769,461520.0,1,0.07595373690128326,0.09570473432540894,0.30759,0.00017576567188370973,-19.621,-6.2,5.025,152.375,1.06378
5770,461600.0,1,0.06757412850856781,0.08817203342914581,0.31142,0.0001670258498052135,-19.618,-6.219,5.039,152.435,1.0628
5771,461680.0,1,0.05658351257443428,0.07634793967008591,0.31537,0.00015081887249834836,-19.434,-6.28,5.096,152.474,1.06145
5772,461760.0,1,0.04677780717611313,0.06441022455692291,0.32293,0.0001246803585672751,-19.509,-6.267,5.062,152.629,1.05885
5773,461840.0,1,0.04404810070991516,0.059481430798769,0.32498,0.00010848502279259264,-19.457,-6.224,5.018,152.683,1.05806
5774,461920.0,1,0.04217325150966644,0.05561799928545952,0.32681,9.386442980030552e-05,-19.468,-6.221,5.001,152.768,1.05777
5775,462000.0,1,0.0392741896212101,0.05320563167333603,0.32861,9.303019032813609e-05,-19.451,-6.195,5.027,152.814,1.05749
5776,462080.0,1,0.03772769495844841,0.05185805261135101,0.32967,9.442308510188013e-05,-19.457,-6.181,5.025,152.91,1.05756
5777,462160.0,1,0.037658993154764175,0.049829836934804916,0.33015,9.086979844141752e-05,-19.432,-6.17,5.07,152.891,1.05801
5778,462240.0,1,0.038642797619104385,0.04947138577699661,0.32933,0.0001022678698063828,-19.314,-6.177,5.204,152.918,1.05804
5779,462320.0,1,0.040567848831415176,0.048922304064035416,0.32853,0.00011282911145826802,-19.052,-6.173,5.294,152.87,1.05811
5780,462400.0,1,0.06982318311929703,0.06056557223200798,0.31434,0.0001188954192912206,-19.136,-6.139,5.138,152.978,1.05821
5781,462480.0,1,0.7814182043075562,0.7828335762023926,0.04846,0.00018933032697532326,-20.128,-5.58,4.903,152.859,1.05899
5782,462560.0,1,0.7712802290916443,0.7396141290664673,0.07626,0.00018942009774036705,-20.075,-5.649,4.885,152.837,1.0593
5783,462640.0,1,0.3515337407588959,0.4134230315685272,0.22169,0.00015509281365666538,-19.942,-5.773,4.958,152.791,1.05961
5784,462720.0,1,0.13051220774650574,0.18755099177360535,0.28195,0.00016434601275250316,-19.537,-6.117,5.062,152.778,1.05931
5785,462800.0,1,0.08125781267881393,0.112180694937706,0.30337,0.00016300554852932692,-19.243,-6.256,5.05,152.834,1.05944
5786,462880.0,1,0.06354102492332458,0.08587680011987686,0.3134,0.00016033304564189166,-19.184,-6.287,5.074,152.987,1.05909
5787,462960.0,1,0.05858231335878372,0.07670503854751587,0.3164,0.00015863729640841484,-19.109,-6.332,5.085,153.069,1.059
5788,463040.0,1,0.05535553768277168,0.07157155126333237,0.31891,0.000156897833221592,-19.155,-6.328,5.099,153.205,1.05851
5789,463120.0,1,0.05320020020008087,0.06922894716262817,0.32038,0.00016077070904430002,-19.207,-6.34,5.116,153.292,1.05809
5790,463200.0,1,0.05128408968448639,0.06733600795269012,0.32192,0.00015911750961095095,-19.334,-6.286,5.171,153.371,1.05743
5791,463280.0,1,0.05034978315234184,0.06625761836767197,0.32148,0.00016331950610037893,-19.419,-6.201,5.172,153.408,1.05734
5792,463360.0,1,0.049369435757398605,0.06471583247184753,0.32255,0.00016498033073730767,-19.383,-6.182,5.171,153.454,1.05708
5793,463440.0,1,0.04913778603076935,0.06570203602313995,0.32199,0.00017101832781918347,-19.107,-6.108,5.022,153.453,1.05687
5794,463520.0,1,0.0398518331348896,0.06000037491321564,0.32746,0.0001782503823051229,-19.119,-6.087,4.931,153.576,1.05649
5795,463600.0,1,0.04660322144627571,0.06612986326217651,0.32457,0.00015483600145671517,-19.077,-6.169,4.951,153.483,1.0568
5796,463680.0,1,0.04819800332188606,0.05978282168507576,0.32525,0.00015474464453291148,-19.069,-6.25,5.156,153.491,1.05662
5797,463760.0,1,0.050977300852537155,0.05948402360081673,0.32357,0.00016092379519250244,-19.202,-6.223,5.177,153.496,1.05633
5798,463840.0,1,0.05279950425028801,0.06128151714801788,0.32107,0.00016037155000958592,-19.239,-6.227,5.171,153.528,1.05617
5799,463920.0,1,0.054915379732847214,0.06111645698547363,0.31859,0.0001409321412211284,-19.253,-6.213,5.18,153.559,1.05596
5800,464000.0,1,0.05415073782205582,0.06002383679151535,0.31867,0.00013685444719158113,-19.251,-6.184,5.185,153.596,1.0558
5801,464080.0,1,0.051871515810489655,0.05980614572763443,0.31935,0.0001460082858102396,-19.335,-6.137,5.124,153.52,1.05562
5802,464160.0,1,0.05140700191259384,0.059623830020427704,0.31975,0.00015593226999044418,-19.31,-6.147,5.149,153.563,1.05538
5803,464240.0,1,0.049715690314769745,0.05987487733364105,0.32119,0.0001578619994688779,-19.33,-6.142,5.192,153.451,1.05539
5804,464320.0,1,0.04260731860995293,0.055198390036821365,0.32523,0.00020421718363650143,-19.391,-6.153,5.275,153.449,1.05548
5805,464400.0,1,0.0403771698474884,0.0545918345451355,0.32651,0.00020788508118130267,-19.344,-6.148,5.317,153.397,1.05548
5806,464480.0,1,0.04148143529891968,0.05584043264389038,0.3271,0.0002095773525070399,-19.313,-6.135,5.361,153.539,1.05455
5807,464560.0,1,0.04205869883298874,0.05689651519060135,0.32708,0.00020671576203312725,-19.317,-6.132,5.309,153.403,1.05472
5808,464640.0,1,0.04260489344596863,0.05643218755722046,0.32742,0.00018253187590744346,-19.294,-6.188,5.329,153.38,1.05383
5809,464720.0,1,0.04171579331159592,0.0574951171875,0.32778,0.0001713116216706112,-19.254,-6.155,5.311,153.31,1.05442
5810,464800.0,1,0.04128172621130943,0.05603546276688576,0.32833,0.0001660440320847556,-19.282,-6.174,5.323,153.378,1.05499
5811,464880.0,1,0.044282544404268265,0.06025649607181549,0.32632,0.00015980569878593087,-19.29,-6.173,5.467,153.285,1.0553
5812,464960.0,1,0.04460454732179642,0.05772921442985535,0.32647,0.0001552546746097505,-19.255,-6.197,5.529,153.277,1.05521
5813,465040.0,1,0.044723693281412125,0.05833258852362633,0.32629,0.00015020047430880368,-19.278,-6.272,5.538,153.243,1.05547
5814,465120.0,1,0.04429132863879204,0.057064805179834366,0.32651,0.00014592587831430137,-19.341,-6.336,5.529,153.255,1.05544
5815,465200.0,1,0.04393570497632027,0.058129481971263885,0.3267,0.00014286753139458597,-19.307,-6.303,5.507,153.176,1.0556
5816,465280.0,1,0.044707152992486954,0.058118097484111786,0.32632,0.0001395225408487022,-19.335,-6.328,5.496,153.23,1.05569
5817,465360.0,1,0.3042972981929779,0.3362283706665039,0.24354,0.00017602228035684675,-19.65,-6.133,5.234,153.197,1.05591
5818,465440.0,1,0.25812727212905884,0.2946922183036804,0.25579,0.00016629135643597692,-19.753,-6.141,5.228,153.245,1.05587
5819,465520.0,1,0.17290957272052765,0.2127821445465088,0.27789,0.00016727129695937037,-19.738,-6.161,5.236,153.179,1.05603
5820,465600.0,1,0.0967608317732811,0.1368817538022995,0.29741,0.0001592519984114915,-19.494,-6.149,5.246,153.075,1.05582
5821,465680.0,1,0.08300919085741043,0.1100526675581932,0.30335,0.0001728228380670771,-19.335,-6.104,5.197,153.053,1.0558
5822,465760.0,1,0.0724744126200676,0.09508620202541351,0.309,0.00017640588339418173,-19.332,-6.131,5.194,153.094,1.0557
5823,465840.0,1,0.06670843809843063,0.08172635734081268,0.31334,0.00017012511671055108,-19.334,-6.134,5.223,153.115,1.05512
5824,465920.0,1,0.06623943150043488,0.08311130851507187,0.31135,0.00019266111485194415,-19.456,-6.127,5.195,153.189,1.05509
5825,466000.0,1,0.06553345918655396,0.08161009103059769,0.31148,0.00018514734983909875,-19.479,-6.136,5.234,153.14,1.05501
5826,466080.0,1,0.06268707662820816,0.0834258571267128,0.31229,0.00017061279504559934,-19.486,-6.15,5.128,153.271,1.05477
5827,466160.0,1,0.05995592474937439,0.08221380412578583,0.31317,0.000164821365615353,-19.442,-6.157,5.069,153.229,1.05481
5828,466240.0,1,0.05806700140237808,0.07619592547416687,0.31454,0.00014506046136375517,-19.44,-6.153,5.028,153.252,1.05457
5829,466320.0,1,0.05679926648736,0.07433575391769409,0.31571,0.00014078720414545387,-19.407,-6.117,5.01,153.19,1.0547
5830,466400.0,1,0.056305013597011566,0.0711129680275917,0.31623,0.00013527946430258453,-19.383,-6.088,5.004,153.226,1.05457
5831,466480.0,1,0.05498214811086655,0.06858085095882416,0.31658,0.00013429381942842156,-19.398,-6.094,5.023,153.187,1.05438
5832,466560.0,1,0.052426792681217194,0.06483305245637894,0.31891,0.00013641617260873318,-19.515,-6.176,5.037,153.308,1.0537
5833,466640.0,1,0.051091525703668594,0.06238129362463951,0.32102,0.0001323013420915231,-19.511,-6.194,5.046,153.216,1.05406
5834,466720.0,1,0.04999760910868645,0.06174587085843086,0.32172,0.00013143246178515255,-19.546,-6.228,5.049,153.21,1.05439
5835,466800.0,1,0.05009416490793228,0.061963070183992386,0.32138,0.000131938504637219,-19.545,-6.239,5.048,153.108,1.05498
5836,466880.0,1,0.0503072589635849,0.06379158794879913,0.32112,0.00013737898552790284,-19.636,-6.235,5.017,153.095,1.05488
5837,466960.0,1,0.05267176032066345,0.06594349443912506,0.32012,0.0001366626238450408,-19.647,-6.254,5.039,152.992,1.05512
5838,467040.0,1,0.04035041853785515,0.049388520419597626,0.3324,0.00011327672109473497,-19.775,-6.201,5.091,152.962,1.05547
5839,467120.0,1,0.03529432415962219,0.043029945343732834,0.33665,0.00011077668750658631,-19.807,-6.206,5.162,152.86,1.0558
5840,467200.0,1,0.03405342996120453,0.0399189330637455,0.33879,0.00012121746112825349,-19.945,-6.177,5.158,152.876,1.05557
5841,467280.0,1,0.03317722678184509,0.03704594820737839,0.33962,0.00014337999164126813,-19.97,-6.14,5.183,152.823,1.05593
5842,467360.0,1,0.03166590631008148,0.034587908536195755,0.34116,0.00014675405691377819,-19.968,-6.136,5.17,152.863,1.05599
5843,467440.0,1,0.03105860762298107,0.03385964408516884,0.34113,0.000157249640324153,-19.968,-6.178,5.205,152.787,1.05605
5844,467520.0,1,0.024871669709682465,0.029029840603470802,0.34513,0.0001413862919434905,-19.895,-6.145,5.145,152.751,1.05655
5845,467600.0,1,0.022435327991843224,0.026264909654855728,0.34913,0.00014143658336251974,-19.948,-6.117,5.141,152.723,1.05654
5846,467680.0,1,0.0204281248152256,0.02320931665599346,0.35222,0.00014567951438948512,-19.955,-6.08,5.18,152.759,1.0564
5847,467760.0,1,0.02004130184650421,0.022680973634123802,0.35286,0.0001488548150518909,-19.889,-6.098,5.217,152.751,1.05669
5848,467840.0,1,0.019837377592921257,0.021923944354057312,0.35373,0.00014163240848574787,-19.799,-6.104,5.252,152.769,1.05674
5849,467920.0,1,0.019525984302163124,0.021462002769112587,0.35462,0.0001395543513353914,-19.712,-6.123,5.259,152.757,1.05675
5850,468000.0,1,0.019554633647203445,0.021184703335165977,0.35418,0.00013712275540456176,-19.717,-6.121,5.219,152.809,1.05654
5851,468080.0,1,0.01954973116517067,0.020867032930254936,0.35336,0.0001362185867037624,-19.742,-6.166,5.228,152.773,1.05665
5852,468160.0,1,0.018862338736653328,0.02043457143008709,0.35462,0.00012652415898628533,-19.699,-6.192,5.232,152.851,1.05627
5853,468240.0,1,0.01872052624821663,0.02014530450105667,0.35566,0.00011635468399617821,-19.64,-6.213,5.282,152.785,1.05697
5854,468320.0,1,0.019524378702044487,0.022404298186302185,0.35365,0.00011961431300733238,-19.701,-6.239,5.359,152.813,1.05651
5855,468400.0,1,0.053414229303598404,0.04497769474983215,0.3204,0.00013928674161434174,-19.771,-6.238,5.205,152.773,1.05677
5856,468480.0,1,0.751113772392273,0.6818732619285583,0.08355,0.0002500155824236572,-20.732,-6.091,4.781,152.744,1.05753
5857,468560.0,1,0.5310889482498169,0.5482739210128784,0.15641,0.0002832167665474117,-20.474,-6.092,4.877,152.68,1.05731
5858,468640.0,1,0.36052405834198,0.39149484038352966,0.2158,0.00023715812130831182,-20.257,-6.041,4.907,152.824,1.05686
5859,468720.0,1,0.1985154151916504,0.22891920804977417,0.26142,0.0001994007034227252,-19.972,-6.087,4.841,152.9,1.05558
5860,468800.0,1,0.12997689843177795,0.15350410342216492,0.28239,0.00017629037029109895,-19.864,-6.052,4.927,152.879,1.05584
5861,468880.0,1,0.10850261896848679,0.12901146709918976,0.2895,0.00018975631974171847,-19.759,-6.086,4.946,152.839,1.05633
5862,468960.0,1,0.09460587799549103,0.097310870885849,0.29914,0.00018299838120583445,-19.66,-6.081,4.909,152.881,1.05603
5863,469040.0,1,0.07083473354578018,0.07198415696620941,0.31347,0.00016540451906621456,-19.647,-6.015,4.881,152.86,1.05579
5864,469120.0,1,0.06602725386619568,0.06835798919200897,0.31757,0.00015797282685525715,-19.726,-5.96,4.856,152.899,1.05549
5865,469200.0,1,0.06724033504724503,0.07145477831363678,0.31615,0.00014856115740258247,-19.77,-5.986,4.905,152.869,1.05603
5866,469280.0,1,0.06600765138864517,0.07189464569091797,0.31465,0.00013295341341290623,-19.975,-6.105,4.965,152.874,1.05608
5867,469360.0,1,0.061314769089221954,0.06887432187795639,0.3166,0.00014435700722970068,-20.025,-6.172,4.987,152.833,1.05615
5868,469440.0,1,0.057291168719530106,0.06695674359798431,0.31706,0.0001513156748842448,-19.858,-6.211,5.09,152.87,1.05562
5869,469520.0,1,0.05464226379990578,0.06589341908693314,0.3177,0.00016107209376059473,-19.739,-6.152,5.077,152.872,1.0558
5870,469600.0,1,0.05410445109009743,0.06363042443990707,0.31865,0.00016125063120853156,-19.677,-6.128,5.146,152.983,1.05542
5871,469680.0,1,0.053762853145599365,0.062258537858724594,0.31869,0.00015717917995061725,-19.525,-6.143,5.179,152.955,1.05541
5872,469760.0,1,0.05312558263540268,0.06050930172204971,0.31899,0.00014580848801415414,-19.484,-6.121,5.219,152.984,1.05512
5873,469840.0,1,0.052318546921014786,0.05943485349416733,0.31962,0.00013318816490937024,-19.453,-6.137,5.227,152.936,1.05479
5874,469920.0,1,0.05176869407296181,0.05917114019393921,0.31983,0.00012380378029774874,-19.504,-6.113,5.25,152.919,1.05525
5875,470000.0,1,0.051303766667842865,0.06023219972848892,0.31961,0.00012460738071240485,-19.559,-6.062,5.241,152.901,1.05512
5876,470080.0,1,0.05149969458580017,0.059972938150167465,0.31948,0.00011921396071556956,-19.568,-6.054,5.255,152.952,1.05456
5877,470160.0,1,0.051672253757715225,0.06195318326354027,0.31947,0.0001231120404554531,-19.713,-6.064,5.23,152.924,1.05474
5878,470240.0,1,0.05287816375494003,0.06417891383171082,0.31855,0.00013373003457672894,-19.762,-6.128,5.265,153.043,1.05453
5879,470320.0,1,0.05288444831967354,0.06362880766391754,0.31809,0.0001252203219337389,-19.675,-6.155,5.261,153.036,1.05459
5880,470400.0,1,0.05090119689702988,0.06060127168893814,0.32074,0.00014365410606842488,-19.657,-6.153,5.326,153.075,1.0542
5881,470480.0,1,0.04983959347009659,0.06024308502674103,0.32137,0.00015981881006155163,-19.658,-6.177,5.314,153.061,1.05393
5882,470560.0,1,0.04993843659758568,0.05971990525722504,0.32152,0.00016206667351070791,-19.591,-6.181,5.342,153.087,1.05401
5883,470640.0,1,0.04960460215806961,0.061743464320898056,0.32116,0.00017334171570837498,-19.571,-6.213,5.377,153.044,1.05397
5884,470720.0,1,0.05006297677755356,0.06131727620959282,0.32103,0.0001715188700472936,-19.571,-6.226,5.39,153.116,1.05375
5885,470800.0,1,0.05061264708638191,0.061596717685461044,0.31999,0.00016768569184932858,-19.561,-6.249,5.38,153.176,1.05363
5886,470880.0,1,0.046037305146455765,0.059682924300432205,0.32263,0.0001792477851267904,-19.522,-6.265,5.353,153.194,1.05413
5887,470960.0,1,0.0488378182053566,0.06110425293445587,0.31966,0.00018798535165842623,-19.373,-6.271,5.27,153.167,1.05379
5888,471040.0,1,0.04902048036456108,0.05879706144332886,0.32099,0.00017103920981753618,-19.406,-6.247,5.219,153.282,1.05329
5889,471120.0,1,0.05035088211297989,0.058653052896261215,0.32068,0.0001696000254014507,-19.538,-6.265,5.232,153.254,1.05341
5890,471200.0,1,0.05621309205889702,0.06290530413389206,0.31706,0.00016665263683535159,-19.64,-6.212,5.235,153.278,1.05335
5891,471280.0,1,0.06510157138109207,0.06350009888410568,0.31585,0.00015015678945928812,-19.714,-6.234,5.144,153.265,1.05373
5892,471360.0,1,0.06227594241499901,0.06189977750182152,0.31721,0.00012598240573424846,-19.661,-6.196,5.224,153.273,1.05441
5893,471440.0,1,0.0557233951985836,0.056979164481163025,0.32185,0.00012174221046734601,-19.807,-6.151,5.236,153.293,1.05432
5894,471520.0,1,0.05418156087398529,0.0561336874961853,0.32315,0.00011349922715453431,-20.144,-6.105,5.317,153.322,1.05409
5895,471600.0,1,0.05159210041165352,0.05500885844230652,0.32404,0.00011092783825006336,-20.184,-6.123,5.304,153.267,1.05466
5896,471680.0,1,0.051440972834825516,0.05567208305001259,0.32383,0.00011320479825371876,-20.188,-6.109,5.28,153.271,1.05476
5897,471760.0,1,0.053083669394254684,0.05632225051522255,0.32218,0.00011595957766985521,-20.162,-6.012,5.31,153.17,1.05529
5898,471840.0,1,0.05358606204390526,0.05489293113350868,0.32202,0.00011992347572231665,-20.194,-6.017,5.389,153.207,1.05514
5899,471920.0,1,0.053787242621183395,0.05618232488632202,0.32274,0.00012028389028273523,-20.134,-6.053,5.417,153.177,1.05529
5900,472000.0,1,0.05165606737136841,0.056045323610305786,0.32121,0.00011895040370291099,-20.123,-6.129,5.485,153.233,1.05505
5901,472080.0,1,0.05239544063806534,0.060521502047777176,0.32074,0.00014461603132076561,-20.083,-6.112,5.446,153.16,1.05498
5902,472160.0,1,0.07109981775283813,0.08561316877603531,0.30695,0.00015898875426501036,-19.805,-6.029,5.261,153.195,1.05495
5903,472240.0,1,0.7672004103660583,0.7095661163330078,0.08006,0.00022980231733527035,-20.799,-5.984,4.782,153.092,1.05538
5904,472320.0,1,0.7347304224967957,0.7060379981994629,0.07055,0.00037211974267847836,-21.035,-6.314,4.598,153.059,1.05587
5905,472400.0,1,0.43154430389404297,0.5221617221832275,0.16474,0.00034195228363387287,-20.515,-6.387,4.678,153.01,1.0556
5906,472480.0,1,0.23807057738304138,0.3147180378437042,0.2388,0.000237809814279899,-20.382,-6.131,4.92,153.028,1.05537
5907,472560.0,1,0.11853604763746262,0.16656175255775452,0.28106,0.00019330548821017146,-20.055,-6.085,5.054,152.977,1.05559
5908,472640.0,1,0.09124808013439178,0.1123693436384201,0.297,0.00018514416296966374,-19.858,-5.917,5.083,152.997,1.05532
5909,472720.0,1,0.08695806562900543,0.09946990758180618,0.3013,0.0001870177948148921,-19.692,-5.878,5.027,152.978,1.05525
5910,472800.0,1,0.0807715579867363,0.08429880440235138,0.30674,0.00017395154281985015,-19.652,-5.976,5.132,153.042,1.05527
5911,472880.0,1,0.07836984843015671,0.08288592100143433,0.30849,0.00016616692300885916,-19.835,-6.014,5.187,153.097,1.05506
5912,472960.0,1,0.07096031308174133,0.07145848870277405,0.31364,0.00017701768956612796,-19.883,-6.017,5.125,153.077,1.05487
5913,473040.0,1,0.06894806027412415,0.06889263540506363,0.315,0.00014893800835125148,-19.67,-6.04,5.127,153.004,1.05539
5914,473120.0,1,0.06736794859170914,0.06627905368804932,0.31646,0.00014729786198586226,-19.712,-6.077,5.159,152.985,1.0559
5915,473200.0,1,0.0731716901063919,0.0764211043715477,0.31394,0.00015269829600583762,-19.781,-6.052,5.121,152.957,1.05587
5916,473280.0,1,0.8018355369567871,0.759096086025238,0.05146,0.00022792354866396636,-21.001,-5.855,4.823,152.977,1.05518
5917,473360.0,1,0.8221994638442993,0.8042088150978088,0.02434,0.00025240276590920985,-21.604,-5.931,4.863,152.903,1.05551
5918,473440.0,1,0.8117611408233643,0.7628436088562012,0.02998,0.0003031745145563036,-21.437,-5.974,4.899,152.927,1.05569
5919,473520.0,1,0.37584322690963745,0.4116124212741852,0.20629,0.00016208553279284388,-20.899,-5.875,4.883,152.875,1.05562
5920,473600.0,1,0.19521620869636536,0.22551794350147247,0.26417,0.00013117867638356984,-20.803,-5.954,4.945,152.924,1.05513
5921,473680.0,1,0.12622079253196716,0.12344912439584732,0.29181,0.00011122834257548675,-20.393,-5.993,4.771,152.879,1.05561
5922,473760.0,1,0.09750663489103317,0.08023527264595032,0.30721,0.00011665474448818713,-20.445,-6.04,4.724,152.926,1.05539
5923,473840.0,1,0.08461027592420578,0.07959432154893875,0.31081,0.00011024304694728926,-20.379,-6.113,4.718,152.856,1.0556
5924,473920.0,1,0.07682093977928162,0.08132655918598175,0.31248,0.00011867157445522025,-20.374,-6.119,4.731,152.89,1.0556
5925,474000.0,1,0.07332655042409897,0.0809280201792717,0.31286,0.00012023262388538569,-20.234,-6.118,4.713,152.802,1.05587
5926,474080.0,1,0.06987515091896057,0.07868236303329468,0.31384,0.00012646421964745969,-20.2,-6.105,4.707,152.838,1.05599
5927,474160.0,1,0.06753375381231308,0.08232761919498444,0.31141,0.00014602694136556238,-20.337,-5.98,4.558,152.719,1.05662
5928,474240.0,1,0.12044411152601242,0.11855500191450119,0.29029,0.00014611273945774883,-21.156,-6.149,4.698,152.59,1.05838
5929,474320.0,1,0.13930927217006683,0.13848420977592468,0.2835,0.0001515263575129211,-21.484,-6.163,4.741,152.525,1.05835
5930,474400.0,1,0.1317458301782608,0.13874214887619019,0.28512,0.0001739052531775087,-21.647,-6.07,4.694,152.505,1.05852
5931,474480.0,1,0.13571259379386902,0.14558203518390656,0.28479,0.00019376221462152898,-21.762,-6.046,4.673,152.262,1.0595
5932,474560.0,1,0.13857421278953552,0.14477728307247162,0.28427,0.00018320562958251685,-21.683,-6.129,4.691,152.257,1.05939
5933,474640.0,1,0.13888110220432281,0.14543016254901886,0.28383,0.00019627918663900346,-21.671,-6.259,4.744,152.158,1.05968
5934,474720.0,1,0.13991017639636993,0.1474483758211136,0.28427,0.00021048993221484125,-21.596,-6.238,4.747,152.128,1.06022
5935,474800.0,1,0.141303151845932,0.1472085565328598,0.28392,0.00022060656920075417,-21.508,-6.169,4.712,152.012,1.06047
5936,474880.0,1,0.1440381407737732,0.14861798286437988,0.28338,0.0002257897867821157,-21.492,-6.173,4.674,151.954,1.06072
5937,474960.0,1,0.14346611499786377,0.14567087590694427,0.2853,0.00020936383225489408,-21.363,-6.216,4.72,151.737,1.06127
5938,475040.0,1,0.11233621090650558,0.12272390723228455,0.2921,0.0002348554990021512,-21.242,-6.025,4.634,151.4,1.06234
5939,475120.0,1,0.10636407136917114,0.10131055116653442,0.29737,0.00022457842715084553,-20.819,-5.632,4.916,150.882,1.06348
5940,475200.0,1,0.11082596331834793,0.11361269652843475,0.29913,0.00019092510046903044,-19.114,-5.787,5.127,150.125,1.06522
5941,475280.0,1,0.14021006226539612,0.17365452647209167,0.27316,0.0002559190907049924,-17.052,-5.758,4.709,149.387,1.06563
5942,475360.0,1,0.10502731055021286,0.1810210943222046,0.27776,0.00027607232914306223,-16.869,-5.286,4.344,148.38,1.0659
5943,475440.0,1,0.11939424276351929,0.14279741048812866,0.29059,0.000168344282428734,-18.501,-4.371,4.883,147.724,1.06676
5944,475520.0,1,0.16794954240322113,0.15127594769001007,0.2789,0.0001260393619304523,-18.932,-4.618,5.006,147.541,1.06631
5945,475600.0,1,0.16247470676898956,0.17254094779491425,0.28368,0.0001983477413887158,-19.008,-4.145,4.886,147.017,1.06692
5946,475680.0,1,0.23771454393863678,0.21909311413764954,0.26264,0.00013324861356522888,-18.933,-4.367,5.023,146.982,1.06672
5947,475760.0,1,0.23582178354263306,0.21189846098423004,0.26527,0.00012176960444776341,-19.002,-4.402,5.113,146.857,1.06668
5948,475840.0,1,0.24909339845180511,0.2340126931667328,0.2589,0.00013083252997603267,-18.905,-4.43,5.186,146.99,1.06608
5949,475920.0,1,0.229807049036026,0.2436852902173996,0.25979,0.00011843022366520017,-18.824,-4.383,5.214,147.033,1.06551
5950,476000.0,1,0.22194933891296387,0.22861264646053314,0.26298,0.00016931466234382242,-18.836,-4.473,5.222,147.175,1.06544
5951,476080.0,1,0.22581003606319427,0.23084144294261932,0.26408,0.0001754259574227035,-18.816,-4.543,5.183,147.186,1.06572
5952,476160.0,1,0.16590698063373566,0.21544095873832703,0.26753,0.0003246314008720219,-18.332,-4.728,4.927,148.222,1.06297
5953,476240.0,1,0.21323008835315704,0.20509104430675507,0.26697,0.00015848412294872105,-18.438,-5.016,5.123,148.338,1.06326
5954,476320.0,1,0.22281403839588165,0.20846283435821533,0.26884,0.00014424778055399656,-18.767,-5.04,5.11,148.524,1.06259
5955,476400.0,1,0.2186020165681839,0.204584538936615,0.2694,0.0001428757095709443,-18.845,-5.145,5.146,148.494,1.06235
5956,476480.0,1,0.22535929083824158,0.20304450392723083,0.27006,0.0001250567293027416,-19.12,-5.294,5.28,148.677,1.06207
5957,476560.0,1,0.22663791477680206,0.20455648005008698,0.26959,0.00013718604168388993,-19.272,-5.437,5.334,148.646,1.06191
5958,476640.0,1,0.22972747683525085,0.20966754853725433,0.27251,0.00011814790195785463,-19.279,-5.411,5.39,148.858,1.06115
5959,476720.0,1,0.23046992719173431,0.21550732851028442,0.27441,0.00013682313147000968,-19.266,-5.442,5.349,148.777,1.06173
5960,476800.0,1,0.21157574653625488,0.2172093540430069,0.27487,0.0001597039372427389,-19.203,-5.486,5.315,148.829,1.06143
5961,476880.0,1,0.187445729970932,0.1740449070930481,0.28324,0.00023715541465207934,-19.012,-5.188,5.193,148.488,1.06258
5962,476960.0,1,0.16094347834587097,0.14792238175868988,0.28955,0.00021814554929733276,-18.948,-4.985,5.139,148.147,1.06285
5963,477040.0,1,0.15746036171913147,0.12309101969003677,0.2911,0.00026490731397643685,-17.76,-4.689,5.106,147.609,1.06372
5964,477120.0,1,0.18051546812057495,0.1475442796945572,0.28099,0.00018575791909825057,-18.597,-4.602,4.823,147.104,1.06482
5965,477200.0,1,0.2080884724855423,0.18705587089061737,0.27662,0.00016524625243619084,-18.661,-4.715,4.74,146.999,1.06464
5966,477280.0,1,0.2164025753736496,0.2212134152650833,0.26864,0.0001574244088260457,-19.045,-4.442,4.487,146.724,1.06449
5967,477360.0,1,0.2584817707538605,0.23811019957065582,0.26163,0.0001169184542959556,-18.677,-4.397,4.553,146.609,1.06442
5968,477440.0,1,0.2189660370349884,0.20744609832763672,0.26912,9.92522545857355e-05,-18.883,-4.443,4.431,146.653,1.06472
5969,477520.0,1,0.18937775492668152,0.16413438320159912,0.27805,0.00010770803055493161,-18.736,-4.376,4.366,146.502,1.06484
5970,477600.0,1,0.17674903571605682,0.15451021492481232,0.28085,0.00011089273175457492,-18.755,-4.34,4.424,146.515,1.06523
5971,477680.0,1,0.1860450804233551,0.15626931190490723,0.28033,0.00013206513540353626,-18.758,-4.316,4.374,146.363,1.06538
5972,477760.0,1,0.17260101437568665,0.15004995465278625,0.28292,0.00012734116171486676,-18.716,-4.255,4.452,146.326,1.0651
5973,477840.0,1,0.16357086598873138,0.1520446389913559,0.2848,0.00012955706915818155,-18.761,-4.134,4.402,146.269,1.06519
5974,477920.0,1,0.1642540991306305,0.14734594523906708,0.28447,0.00014789318083785474,-18.518,-3.918,4.494,146.213,1.06501
5975,478000.0,1,0.16309809684753418,0.14997655153274536,0.28265,0.00015973653353285044,-18.492,-3.756,4.487,146.152,1.06516
5976,478080.0,1,0.23620770871639252,0.19008348882198334,0.26292,0.0001626252051210031,-18.619,-3.714,4.4,146.134,1.06534
5977,478160.0,1,0.8123584389686584,0.7799345850944519,0.06056,0.000234251914662309,-19.203,-3.604,4.458,146.067,1.06576
5978,478240.0,1,0.7237857580184937,0.7044819593429565,0.0927,0.0002709631226025522,-19.191,-3.745,4.54,146.145,1.06564
5979,478320.0,1,0.4435513913631439,0.45960184931755066,0.19237,0.00024702175869606435,-19.15,-3.96,4.336,146.108,1.06545
5980,478400.0,1,0.2768152952194214,0.3179969787597656,0.24533,0.0001909790007630363,-19.062,-3.893,4.317,146.166,1.06553
5981,478480.0,1,0.13355161249637604,0.14721998572349548,0.289,0.00020317459711804986,-19.124,-3.619,4.347,146.116,1.06539
5982,478560.0,1,0.1185750663280487,0.1341041475534439,0.29739,0.00021050358191132545,-19.159,-3.513,4.303,146.148,1.06524
5983,478640.0,1,0.11958527565002441,0.14197668433189392,0.29728,0.00020714884158223867,-18.987,-3.499,4.259,146.093,1.06519
5984,478720.0,1,0.11233796924352646,0.14458830654621124,0.29796,0.00022263999562710524,-18.904,-3.517,4.272,146.171,1.06518
5985,478800.0,1,0.11475656926631927,0.13934965431690216,0.29812,0.00022674437786918133,-18.843,-3.509,4.285,146.115,1.06547
5986,478880.0,1,0.10294030606746674,0.1256757378578186,0.30236,0.0002700531913433224,-18.678,-3.6,4.271,146.175,1.06544
5987,478960.0,1,0.10689223557710648,0.11835110187530518,0.30147,0.00025955415912903845,-18.447,-3.518,4.266,146.077,1.06587
5988,479040.0,1,0.1668204516172409,0.19314071536064148,0.28226,0.000253091478953138,-18.38,-3.618,4.252,145.918,1.06541
5989,479120.0,1,0.18806175887584686,0.20394599437713623,0.27838,0.00024328134895768017,-18.102,-3.667,4.253,145.761,1.0661
5990,479200.0,1,0.19813275337219238,0.18496538698673248,0.27758,0.00025760772405192256,-17.899,-3.594,4.299,145.828,1.06486
5991,479280.0,1,0.19032223522663116,0.15974463522434235,0.27784,0.00026000096113421023,-17.782,-3.385,4.386,145.28,1.0655
5992,479360.0,1,0.24671152234077454,0.2105855643749237,0.26702,0.00021962854953017086,-17.492,-3.356,4.428,145.132,1.06576
5993,479440.0,1,0.23363983631134033,0.17276005446910858,0.27231,0.0001838275056798011,-17.263,-3.265,4.25,144.779,1.06636
5994,479520.0,1,0.2871054708957672,0.24571867287158966,0.25562,0.00018329525482840836,-17.222,-3.159,4.074,144.687,1.06574
5995,479600.0,1,0.2886713147163391,0.2907763719558716,0.25339,0.00019985678954981267,-17.063,-2.983,3.993,144.652,1.06691
5996,479680.0,1,0.2669979929924011,0.28910353779792786,0.25327,0.00019842774781864136,-17.248,-2.71,3.749,144.792,1.06681
5997,479760.0,1,0.2726626694202423,0.30303576588630676,0.25586,0.00020767906971741468,-17.429,-2.827,3.775,144.703,1.06718
5998,479840.0,1,0.2920505404472351,0.2862629294395447,0.25371,0.00022839996381662786,-17.558,-2.924,3.953,144.84,1.06701
5999,479920.0,1,0.28674542903900146,0.2732509672641754,0.25665,0.0002484216820448637,-17.773,-2.793,3.993,144.81,1.06711
6000,480000.0,1,0.29179736971855164,0.27756357192993164,0.25259,0.00021529771038331091,-17.755,-2.731,3.977,144.885,1.06673
6001,480080.0,1,0.2888737916946411,0.28158366680145264,0.25257,0.00023745476210024208,-17.756,-2.737,3.928,144.905,1.06665
6002,480160.0,1,0.2923243045806885,0.29129886627197266,0.25227,0.0002370629517827183,-17.778,-2.736,3.76,145.117,1.06517
6003,480240.0,1,0.28752216696739197,0.28165796399116516,0.25396,0.00022922396601643413,-17.998,-2.878,3.873,145.119,1.06426
6004,480320.0,1,0.290127694606781,0.28460219502449036,0.25384,0.00021870284399483353,-18.0,-2.937,3.845,145.214,1.0636
6005,480400.0,1,0.28367939591407776,0.27624934911727905,0.25472,0.00021722396195400506,-18.006,-2.957,3.883,145.28,1.06293
6006,480480.0,1,0.2861453592777252,0.2756953835487366,0.25395,0.0002168370265280828,-17.997,-2.974,3.937,145.419,1.06233
6007,480560.0,1,0.3796330392360687,0.38010865449905396,0.2284,0.00024256262986455113,-17.894,-2.937,3.835,145.453,1.06212
6008,480640.0,1,0.7375742197036743,0.6840842962265015,0.10027,0.0004018120816908777,-17.974,-2.884,3.841,145.712,1.06176
6009,480720.0,1,0.5145099759101868,0.5772635340690613,0.17718,0.00028344770544208586,-18.09,-3.087,4.24,145.654,1.06159
6010,480800.0,1,0.4099802076816559,0.5108242630958557,0.2053,0.0002396331401541829,-18.046,-3.198,4.089,145.707,1.06185
6011,480880.0,1,0.37250006198883057,0.47362056374549866,0.21863,0.00022208939481060952,-18.05,-3.271,4.111,145.584,1.06183
6012,480960.0,1,0.2680359482765198,0.31999990344047546,0.25465,0.0002216092252638191,-17.549,-3.214,4.064,145.363,1.06203
6013,481040.0,1,0.2194141149520874,0.24738909304141998,0.26761,0.0002623683831188828,-17.306,-3.008,3.755,144.863,1.06239
6014,481120.0,1,0.24603360891342163,0.2817360758781433,0.25773,0.0002909348113462329,-17.862,-2.998,3.906,144.975,1.06224
6015,481200.0,1,0.2924176752567291,0.305812805891037,0.24917,0.00028197653591632843,-17.808,-2.964,3.934,144.828,1.06247
6016,481280.0,1,0.3421638607978821,0.35204073786735535,0.23665,0.0002646384236868471,-17.419,-3.003,3.896,144.759,1.06284
6017,481360.0,1,0.3641548156738281,0.36404475569725037,0.23048,0.00025183908292092383,-17.464,-3.047,3.797,144.587,1.06332
6018,481440.0,1,0.38355332612991333,0.38217905163764954,0.22262,0.0002596682752482593,-17.457,-3.024,3.756,144.664,1.06332
6019,481520.0,1,0.39105886220932007,0.391230046749115,0.21923,0.0002120553544955328,-17.353,-2.92,3.707,144.58,1.06347
6020,481600.0,1,0.3984960615634918,0.3961871564388275,0.21704,0.0002545776660554111,-17.364,-2.919,3.652,144.621,1.06303
6021,481680.0,1,0.40770843625068665,0.4050840735435486,0.21444,0.0003041066520381719,-17.423,-2.902,3.574,144.515,1.06291
6022,481760.0,1,0.4104211926460266,0.40868937969207764,0.21368,0.000324671040289104,-17.47,-2.907,3.581,144.511,1.06297
6023,481840.0,1,0.402065634727478,0.4082348644733429,0.21359,0.000359425728674978,-17.48,-2.918,3.551,144.406,1.06337
6024,481920.0,1,0.4063986837863922,0.40792137384414673,0.20972,0.00033319141948595643,-17.511,-3.004,3.703,144.356,1.06418
6025,482000.0,1,0.4146154820919037,0.4062081575393677,0.20798,0.00033756400807760656,-17.391,-3.08,3.711,144.368,1.06414
6026,482080.0,1,0.4232834279537201,0.40720611810684204,0.20564,0.00031835873960517347,-17.537,-3.068,3.737,144.529,1.06389
6027,482160.0,1,0.4226125180721283,0.4017181098461151,0.20914,0.00032759178429841995,-17.518,-3.134,3.687,144.533,1.06485
6028,482240.0,1,0.4154287278652191,0.38499894738197327,0.21071,0.0003403605369385332,-17.418,-3.148,3.799,144.638,1.06448
6029,482320.0,1,0.42317432165145874,0.387717604637146,0.20907,0.00036779744550585747,-17.326,-3.066,3.65,144.59,1.06438
6030,482400.0,1,0.41110971570014954,0.39405491948127747,0.20793,0.00034535888698883355,-17.344,-2.932,3.505,144.762,1.06362
6031,482480.0,1,0.41076868772506714,0.39892131090164185,0.20892,0.0003000442811753601,-17.395,-2.915,3.408,144.684,1.06382
6032,482560.0,1,0.4075372517108917,0.39747554063796997,0.21105,0.0002976351242978126,-17.435,-2.733,3.058,144.751,1.06383
6033,482640.0,1,0.4055992662906647,0.3983902633190155,0.21025,0.0002865528513211757,-17.418,-2.583,2.839,144.647,1.0637
6034,482720.0,1,0.39900094270706177,0.39387422800064087,0.21387,0.00031465452047996223,-17.515,-2.418,2.41,144.739,1.06362
6035,482800.0,1,0.3942277729511261,0.3944954574108124,0.21694,0.0003810602647718042,-17.357,-2.218,1.954,144.664,1.0643
6036,482880.0,1,0.3931402266025543,0.39625537395477295,0.21729,0.00039864287828095257,-17.168,-2.051,1.937,144.647,1.06419
6037,482960.0,1,0.39427152276039124,0.3895452916622162,0.21749,0.0004178635135758668,-17.057,-1.93,2.007,144.631,1.06387
6038,483040.0,1,0.3952149748802185,0.37915846705436707,0.21911,0.0003702946414705366,-16.964,-1.975,2.034,144.657,1.06324
6039,483120.0,1,0.3788393437862396,0.36108824610710144,0.22355,0.00036945808096788824,-16.461,-2.121,2.047,144.458,1.0633
6040,483200.0,1,0.35812637209892273,0.33033856749534607,0.22858,0.0003672364982776344,-15.505,-2.187,2.25,144.336,1.06342
6041,483280.0,1,0.31970351934432983,0.2852930426597595,0.23825,0.0003676881897263229,-14.818,-2.333,2.662,143.946,1.06399
6042,483360.0,1,0.2972247898578644,0.2357138693332672,0.24772,0.00025633862242102623,-13.968,-2.36,2.776,143.604,1.06445
6043,483440.0,1,0.28626129031181335,0.23095595836639404,0.25262,0.0003383867733646184,-12.198,-2.631,3.041,143.277,1.06367
6044,483520.0,1,0.2558377683162689,0.20424175262451172,0.26096,0.00035930704325437546,-10.444,-2.597,3.022,142.864,1.0642
6045,483600.0,1,0.2024000734090805,0.1398826539516449,0.27243,0.00034862259053625166,-8.129,-2.723,2.948,142.073,1.06494
6046,483680.0,1,0.17741642892360687,0.10267801582813263,0.27782,0.0006215124158188701,-6.883,-2.796,2.961,141.888,1.06487
6047,483760.0,1,0.17885805666446686,0.09554241597652435,0.27728,0.0006609371048398316,-6.028,-2.932,2.789,141.623,1.06534
6048,483840.0,1,0.18678858876228333,0.09330355376005173,0.27534,0.0009859640849754214,-5.93,-3.098,2.916,141.508,1.06521
6049,483920.0,1,0.1869417130947113,0.09121646732091904,0.27348,0.001177943660877645,-5.227,-3.316,3.002,141.374,1.0649
6050,484000.0,1,0.18493416905403137,0.09220156818628311,0.27271,0.0011189732467755675,-5.182,-3.421,3.075,141.403,1.06455
6051,484080.0,1,0.18874643743038177,0.09736238420009613,0.27141,0.0010828407248482108,-5.394,-3.412,3.097,141.361,1.06417
6052,484160.0,1,0.1871417760848999,0.09670966863632202,0.2716,0.0009854125091806054,-5.484,-3.479,3.175,141.471,1.06332
6053,484240.0,1,0.18548572063446045,0.09517025202512741,0.26955,0.0009044903563335538,-5.466,-3.485,3.145,141.469,1.06257
6054,484320.0,1,0.17781025171279907,0.09946569800376892,0.27131,0.0008692783303558826,-5.621,-3.469,3.103,141.641,1.06189
6055,484400.0,1,0.1648256480693817,0.10022084414958954,0.27441,0.000878966529853642,-5.664,-3.45,3.128,141.645,1.06151
6056,484480.0,1,0.1398167759180069,0.0842934250831604,0.28405,0.0009506127098575234,-5.799,-3.511,3.056,141.746,1.06017
6057,484560.0,1,0.14793036878108978,0.08973465114831924,0.28081,0.0008432407048530877,-5.733,-3.414,3.14,141.767,1.05961
6058,484640.0,1,0.15819542109966278,0.09111752361059189,0.27834,0.0009191616554744542,-5.517,-3.4,3.199,141.787,1.05953
6059,484720.0,1,0.1576414406299591,0.09266737848520279,0.27925,0.0009348846506327391,-5.678,-3.409,3.144,141.798,1.05937
6060,484800.0,1,0.15993912518024445,0.09701289236545563,0.27806,0.0008709759567864239,-5.844,-3.288,3.096,141.747,1.05911
6061,484880.0,1,0.17601634562015533,0.10724074393510818,0.27507,0.0008233789703808725,-6.035,-3.293,3.099,141.819,1.05907
6062,484960.0,1,0.6771952509880066,0.6301285028457642,0.08868,0.001096464111469686,-6.478,-3.417,2.838,142.025,1.0595
6063,485040.0,1,0.7531744837760925,0.6934247612953186,0.04634,0.0012122368207201362,-7.086,-3.304,2.858,142.104,1.06027
6064,485120.0,1,0.6370488405227661,0.5025460720062256,0.10264,0.0017191882943734527,-7.193,-3.458,3.261,142.636,1.06054
6065,485200.0,1,0.28026536107063293,0.23951491713523865,0.24616,0.0011810666183009744,-7.983,-3.597,3.195,142.787,1.06171
6066,485280.0,1,0.11501376330852509,0.07893089205026627,0.30579,0.0007476898026652634,-9.271,-3.62,2.81,143.58,1.06208
6067,485360.0,1,0.09028778970241547,0.06497085839509964,0.31413,0.0007392069092020392,-10.334,-3.559,2.92,143.859,1.06296
6068,485440.0,1,0.07113509625196457,0.057038817554712296,0.3205,0.000566378585062921,-11.209,-3.513,2.749,144.329,1.06366
6069,485520.0,1,0.07280240952968597,0.06440754979848862,0.31635,0.0003973464190494269,-12.449,-3.53,2.899,150.141,1.06014
6070,485600.0,1,0.07913845777511597,0.06787636131048203,0.31496,0.00028652988839894533,-12.931,-3.781,2.777,149.968,1.07286
6071,485680.0,1,0.08310971409082413,0.08189944177865982,0.312,0.00030760522349737585,-13.5,-3.924,2.658,150.239,1.07476
6072,485760.0,1,0.05517816171050072,0.06158798560500145,0.32217,0.0004119800578337163,-14.226,-4.216,2.82,154.127,1.06331
6073,485840.0,1,0.045910343527793884,0.05521794408559799,0.32446,0.00046012119855731726,-14.726,-4.518,3.055,154.983,1.06258
6074,485920.0,1,0.050075069069862366,0.049151889979839325,0.32644,0.00025732055655680597,-14.62,-4.763,3.23,155.209,1.06232
6075,486000.0,1,0.04958086833357811,0.04323874041438103,0.3315,0.0002506930031813681,-15.24,-4.971,3.2,155.237,1.06241
6076,486080.0,1,0.04676847904920578,0.04170733690261841,0.33439,0.000227850308874622,-15.616,-5.005,3.169,155.462,1.06193
6077,486160.0,1,0.047017697244882584,0.041313204914331436,0.3355,0.00025546926190145314,-15.882,-4.891,3.169,155.518,1.06182
6078,486240.0,1,0.045937202870845795,0.04161013662815094,0.33142,0.00030917261028662324,-16.057,-4.706,2.994,155.895,1.06157
6079,486320.0,1,0.05337391048669815,0.05049661174416542,0.32454,0.0003890683001372963,-16.255,-4.604,2.902,156.072,1.06189
6080,486400.0,1,0.057854607701301575,0.05614730343222618,0.31855,0.0004199013637844473,-16.439,-4.741,2.937,156.698,1.06024
6081,486480.0,1,0.06699451059103012,0.06727317720651627,0.31668,0.0004216440429445356,-17.549,-4.973,3.21,156.838,1.06045
6082,486560.0,1,0.08713440597057343,0.09290024638175964,0.30845,0.00045814516488462687,-18.087,-4.763,2.79,157.227,1.05978
6083,486640.0,1,0.06004250422120094,0.06682541221380234,0.32104,0.0003939141461160034,-18.018,-4.691,2.592,157.254,1.05982
6084,486720.0,1,0.05475862696766853,0.06798271834850311,0.32034,0.00028734238003380597,-17.811,-4.903,2.729,157.517,1.05907
6085,486800.0,1,0.05894271284341812,0.06590723991394043,0.31788,0.0003245305269956589,-18.031,-4.926,2.482,157.596,1.05831
6086,486880.0,1,0.6507764458656311,0.6870357394218445,0.1185,0.00044684429303742945,-19.353,-4.825,2.43,157.885,1.05794
6087,486960.0,1,0.20619113743305206,0.28056949377059937,0.2607,0.0002392991300439462,-19.446,-4.781,2.535,157.988,1.05777
6088,487040.0,1,0.10770773887634277,0.11965861171483994,0.29894,0.00018615208682604134,-19.276,-5.054,2.454,158.175,1.05684
6089,487120.0,1,0.0897834375500679,0.09222520142793655,0.30553,0.0001819119497667998,-19.336,-5.156,2.525,158.172,1.05668
6090,487200.0,1,0.08191238343715668,0.08325531333684921,0.3093,0.00018976247520186007,-19.525,-5.285,2.4,158.501,1.05646
6091,487280.0,1,0.056121278554201126,0.05419104918837547,0.32656,0.0002119140699505806,-19.781,-5.302,2.201,158.555,1.05644
6092,487360.0,1,0.05364501103758812,0.054120104759931564,0.32765,0.00019281014101579785,-19.777,-5.361,2.167,158.724,1.05576
6093,487440.0,1,0.051685020327568054,0.05821811780333519,0.32585,0.00016717305697966367,-19.82,-5.549,2.363,158.682,1.05577
6094,487520.0,1,0.0523587167263031,0.061758942902088165,0.32495,0.0001642744173295796,-19.851,-5.563,2.334,158.721,1.05598
6095,487600.0,1,0.05238199979066849,0.06269074231386185,0.32445,0.0001847449311753735,-19.939,-5.552,2.417,158.808,1.0557
6096,487680.0,1,0.05237335339188576,0.06266488879919052,0.32315,0.0001412190613336861,-20.222,-5.702,2.455,158.856,1.05552
6097,487760.0,1,0.04784858226776123,0.05389908701181412,0.32607,0.00016421145119238645,-20.27,-5.684,2.264,158.868,1.05532
6098,487840.0,1,0.04905705899000168,0.05706153064966202,0.32377,0.0001327995996689424,-20.319,-5.815,2.327,159.007,1.05516
6099,487920.0,1,0.05229068174958229,0.056836847215890884,0.3234,0.00012530191452242434,-20.354,-5.825,2.401,159.041,1.05516
6100,488000.0,1,0.05444211885333061,0.06401816755533218,0.32082,0.00012415619858074933,-20.445,-5.871,2.47,159.145,1.05495
6101,488080.0,1,0.06517837196588516,0.0693751722574234,0.31552,0.000138478513690643,-20.374,-5.761,2.444,159.21,1.05538
6102,488160.0,1,0.07080665230751038,0.07283971458673477,0.31485,0.0001346994686173275,-20.39,-5.772,2.448,159.363,1.05504
6103,488240.0,1,0.0732778012752533,0.07245468348264694,0.31305,0.00012800635886378586,-20.381,-5.819,2.52,159.322,1.05538
6104,488320.0,1,0.07578089833259583,0.07132546603679657,0.31306,0.00011351340799592435,-20.399,-5.75,2.493,159.436,1.05484
6105,488400.0,1,0.07881133258342743,0.07361115515232086,0.31083,0.0001094566032406874,-20.487,-5.728,2.49,159.56,1.05442
6106,488480.0,1,0.08017738908529282,0.0783999040722847,0.31037,0.00013624690473079681,-20.454,-5.698,2.494,159.922,1.05137
6107,488560.0,1,0.07597318291664124,0.07613902539014816,0.31083,0.00013513506564777344,-20.441,-5.666,2.513,159.968,1.0505
6108,488640.0,1,0.07682235538959503,0.07980227470397949,0.3098,0.00016681637498550117,-20.006,-5.496,2.358,160.056,1.04864
6109,488720.0,1,0.0741889700293541,0.08065588027238846,0.31076,0.00016234043869189918,-20.0,-5.509,2.229,159.996,1.04879
6110,488800.0,1,0.07662319391965866,0.0834721103310585,0.30892,0.00014899895177222788,-19.94,-5.521,2.206,160.083,1.04831
6111,488880.0,1,0.05979195237159729,0.08183380961418152,0.31624,0.00017717322043608874,-20.144,-5.49,2.323,160.005,1.04819
6112,488960.0,1,0.06793387234210968,0.08669646084308624,0.31277,0.00016029099060688168,-20.018,-5.524,2.372,160.033,1.04801
6113,489040.0,1,0.07532242685556412,0.0946769043803215,0.31036,0.00012466621410567313,-19.403,-5.606,2.288,159.997,1.04824
6114,489120.0,1,0.07877899706363678,0.09607657045125961,0.30933,0.00011128020560136065,-19.461,-5.643,2.321,160.117,1.04999
6115,489200.0,1,0.08094027638435364,0.09763380885124207,0.30879,0.00011422495299484581,-19.526,-5.674,2.335,160.104,1.05093
6116,489280.0,1,0.09139338880777359,0.10649069398641586,0.30342,9.353731002192944e-05,-19.524,-5.727,2.469,160.173,1.05108
6117,489360.0,1,0.09554605185985565,0.10768173635005951,0.30107,9.290669549955055e-05,-19.567,-5.701,2.527,160.118,1.05147
6118,489440.0,1,0.0984906405210495,0.11011283844709396,0.2999,8.491123298881575e-05,-19.624,-5.702,2.6,160.175,1.05168
6119,489520.0,1,0.09820954501628876,0.11367217451334,0.29841,8.62996093928814e-05,-19.593,-5.66,2.578,160.089,1.05203
6120,489600.0,1,0.09708872437477112,0.12075301259756088,0.29888,0.0001180896651931107,-19.656,-5.69,2.569,160.116,1.05183
6121,489680.0,1,0.097704216837883,0.12150551378726959,0.29842,0.00011084473226219416,-19.803,-5.618,2.596,160.133,1.05181
6122,489760.0,1,0.09634397178888321,0.119672492146492,0.29922,0.00010737474804045632,-19.9,-5.554,2.616,160.296,1.05161
6123,489840.0,1,0.07546040415763855,0.10376818478107452,0.30892,0.00011023579281754792,-20.502,-5.293,2.562,160.211,1.05215
6124,489920.0,1,0.6601220369338989,0.5581027269363403,0.14765,0.0002308491530129686,-21.832,-5.155,2.306,160.292,1.05222
6125,490000.0,1,0.5839738845825195,0.5500156879425049,0.16263,0.00023513850464951247,-21.734,-5.196,2.159,160.254,1.05251
6126,490080.0,1,0.38677334785461426,0.4098379909992218,0.22282,0.00015484308823943138,-21.806,-5.076,2.127,160.31,1.05266
6127,490160.0,1,0.3207978308200836,0.3406538963317871,0.24174,0.0001360577589366585,-21.983,-5.147,2.116,160.282,1.05257
6128,490240.0,1,0.21217826008796692,0.24946600198745728,0.26239,0.0001241733698407188,-21.928,-5.126,2.121,160.358,1.05234
6129,490320.0,1,0.1783750206232071,0.21199186146259308,0.26946,0.0001194075884995982,-21.836,-5.149,2.133,160.395,1.05248
6130,490400.0,1,0.17940838634967804,0.20065465569496155,0.2702,0.00012161887570982799,-21.677,-5.111,2.094,160.508,1.05232
6131,490480.0,1,0.1701768934726715,0.19614456593990326,0.2726,0.00012773333583027124,-21.577,-5.144,2.158,160.496,1.05209
6132,490560.0,1,0.15139038860797882,0.1694774627685547,0.27851,0.0001336413115495816,-21.471,-5.287,2.182,160.652,1.05152
6133,490640.0,1,0.14390802383422852,0.15920625627040863,0.28088,0.0001221350976265967,-21.31,-5.417,2.218,160.753,1.05175
6134,490720.0,1,0.12840873003005981,0.13441096246242523,0.28845,0.00011687207006616518,-21.286,-5.413,2.241,160.816,1.0518
6135,490800.0,1,0.10769253969192505,0.11772841215133667,0.29588,9.186178795062006e-05,-21.28,-5.427,2.424,160.633,1.05225
6136,490880.0,1,0.1004432812333107,0.11722908169031143,0.29787,0.00010122769162990153,-21.34,-5.259,2.405,160.628,1.05232
6137,490960.0,1,0.09534202516078949,0.11508623510599136,0.29926,0.00010276035754941404,-21.258,-5.189,2.364,160.56,1.05269
6138,491040.0,1,0.09531591087579727,0.11489294469356537,0.29836,0.00011837333295261487,-21.097,-5.201,2.366,160.567,1.05302
6139,491120.0,1,0.09619881212711334,0.11465069651603699,0.29796,0.00013029048568569124,-21.073,-5.213,2.402,160.508,1.05292
6140,491200.0,1,0.09556935727596283,0.11230358481407166,0.29863,0.00012320763198658824,-21.04,-5.228,2.425,160.515,1.05288
6141,491280.0,1,0.09525686502456665,0.10851109027862549,0.29965,0.00011845937115140259,-21.023,-5.232,2.36,160.435,1.05305
6142,491360.0,1,0.09678048640489578,0.11491000652313232,0.29861,0.0001182170890388079,-21.006,-5.241,2.344,160.42,1.05333
6143,491440.0,1,0.08511728048324585,0.1121363490819931,0.30212,0.00011146182077936828,-21.031,-5.244,2.294,160.361,1.05341
6144,491520.0,1,0.09549948573112488,0.12834914028644562,0.29544,0.00021760145318694413,-21.057,-5.236,2.48,160.188,1.05348
6145,491600.0,1,0.11244721710681915,0.13877035677433014,0.29099,0.0001709055359242484,-20.945,-5.32,2.375,160.235,1.05285
6146,491680.0,1,0.10447058826684952,0.12562128901481628,0.29484,0.00014793084119446576,-21.088,-5.35,2.413,160.291,1.05243
6147,491760.0,1,0.10333571583032608,0.12872302532196045,0.29443,0.0001440459891455248,-21.132,-5.38,2.402,160.313,1.0524
6148,491840.0,1,0.10431664437055588,0.1311328262090683,0.29409,0.00013933575246483088,-21.107,-5.363,2.444,160.57,1.05516
6149,491920.0,1,0.10468564182519913,0.13039784133434296,0.29407,0.0001641178532736376,-20.854,-5.237,2.357,160.53,1.05537
6150,492000.0,1,0.10380176454782486,0.12667086720466614,0.29483,0.00015723149408586323,-20.849,-5.222,2.391,160.554,1.0554
6151,492080.0,1,0.09726253151893616,0.11985807120800018,0.29696,0.00016687031893525273,-20.755,-5.313,2.339,160.38,1.05615
6152,492160.0,1,0.09362222999334335,0.11477572470903397,0.29957,0.00016570287698414177,-20.781,-5.312,2.305,160.379,1.05645
6153,492240.0,1,0.09359068423509598,0.11822438985109329,0.29928,0.00016235483053606004,-20.859,-5.338,2.275,160.263,1.05689
6154,492320.0,1,0.09301246702671051,0.1195099800825119,0.30001,0.00016930127458181232,-20.828,-5.326,2.238,160.223,1.05719
6155,492400.0,1,0.09424640983343124,0.1159258484840393,0.3008,0.000162180294864811,-20.819,-5.34,2.261,160.155,1.05744
6156,492480.0,1,0.09457103163003922,0.11248175799846649,0.30087,0.000146690959809348,-20.78,-5.392,2.292,160.073,1.05822
6157,492560.0,1,0.12157752364873886,0.13769330084323883,0.28816,0.00014012370957061648,-20.777,-5.439,2.253,160.246,1.05752
6158,492640.0,1,0.37710753083229065,0.4336986839771271,0.22141,0.00016600349044892937,-21.562,-5.303,2.099,160.639,1.05573
6159,492720.0,1,0.32562416791915894,0.42269396781921387,0.23057,0.00016792248061392456,-21.657,-5.227,2.169,160.653,1.05532
6160,492800.0,1,0.28493791818618774,0.3266581892967224,0.24593,0.00015364032879006118,-21.309,-5.223,2.151,160.712,1.05484
6161,492880.0,1,0.20553581416606903,0.17430241405963898,0.27013,0.0001415831211488694,-20.951,-5.323,2.188,160.647,1.05536
6162,492960.0,1,0.12818291783332825,0.11887477338314056,0.28957,9.982898336602375e-05,-20.848,-5.371,2.263,160.785,1.05486
6163,493040.0,1,0.11416009813547134,0.12683415412902832,0.29297,0.00010970215225825086,-21.018,-5.275,2.306,160.688,1.05492
6164,493120.0,1,0.11793958395719528,0.12881577014923096,0.29142,9.675647743279114e-05,-20.97,-5.312,2.287,160.769,1.05512
6165,493200.0,1,0.11094466596841812,0.12948504090309143,0.29273,9.868346387520432e-05,-21.195,-5.39,2.31,160.781,1.05505
6166,493280.0,1,0.11073780059814453,0.13164378702640533,0.29267,0.00010035555897047743,-21.195,-5.394,2.309,160.872,1.05493
6167,493360.0,1,0.11162059009075165,0.13170041143894196,0.29244,0.00010068424307974055,-21.209,-5.39,2.351,160.897,1.05488
6168,493440.0,1,0.1105974093079567,0.1344355195760727,0.28986,9.89759064395912e-05,-21.221,-5.386,2.262,160.981,1.05394
6169,493520.0,1,0.11207785457372665,0.13787172734737396,0.28822,0.00010368530638515949,-21.349,-5.371,2.224,160.967,1.05429
6170,493600.0,1,0.1100912019610405,0.13498389720916748,0.28978,0.00010174386989092454,-21.662,-5.374,2.19,161.061,1.05375
6171,493680.0,1,0.11528302729129791,0.1373429149389267,0.28804,0.00010561009548837319,-21.692,-5.349,2.164,160.991,1.05398
6172,493760.0,1,0.09855782240629196,0.12652182579040527,0.29395,0.00011241565516684204,-21.657,-5.325,2.117,161.023,1.05364
6173,493840.0,1,0.09127959609031677,0.11080734431743622,0.29975,0.00010469553672010079,-21.553,-5.35,2.197,160.781,1.05427
6174,493920.0,1,0.10637161880731583,0.1266414225101471,0.29398,0.00010765576735138893,-21.475,-5.328,2.213,160.803,1.05474
6175,494000.0,1,0.11082804948091507,0.12636998295783997,0.29385,0.0001063343370333314,-21.421,-5.332,2.205,160.653,1.05548
6176,494080.0,1,0.10928638279438019,0.12314648181200027,0.2953,0.00010554304753895849,-21.284,-5.322,2.216,160.634,1.05534
6177,494160.0,1,0.11475073546171188,0.12298202514648438,0.29405,0.00010664892761269584,-21.275,-5.386,2.331,160.528,1.05541
6178,494240.0,1,0.11710172891616821,0.12200070172548294,0.29332,0.00010973122698487714,-21.31,-5.424,2.34,160.508,1.0557
6179,494320.0,1,0.12051132321357727,0.12525233626365662,0.29262,0.00011051123146899045,-21.32,-5.393,2.328,160.45,1.05623
6180,494400.0,1,0.11379271745681763,0.12439070641994476,0.2922,0.0001348683435935527,-21.265,-5.468,2.288,160.41,1.05589
6181,494480.0,1,0.11170503497123718,0.12253796309232712,0.29277,0.00012587997480295599,-21.025,-5.554,2.328,160.399,1.0563
6182,494560.0,1,0.10654254257678986,0.12418445944786072,0.29386,0.00013288420450408012,-21.033,-5.534,2.302,160.442,1.05619
6183,494640.0,1,0.6661359667778015,0.6323835849761963,0.1266,0.0002196742279920727,-21.835,-5.633,2.037,160.424,1.05624
6184,494720.0,1,0.7119554281234741,0.6787018775939941,0.1017,0.00029685208573937416,-22.376,-5.646,2.218,160.518,1.05568
6185,494800.0,1,0.5977002382278442,0.6088541746139526,0.1472,0.00027550780214369297,-21.913,-5.618,2.255,160.479,1.05613
6186,494880.0,1,0.35027647018432617,0.3968275785446167,0.22292,0.00017247383948415518,-21.609,-5.619,2.413,160.536,1.05595
6187,494960.0,1,0.2334299087524414,0.2980135977268219,0.25437,0.0001322922616964206,-21.475,-5.619,2.502,160.513,1.0563
6188,495040.0,1,0.16763406991958618,0.22607509791851044,0.27009,0.00012984364002477378,-21.401,-5.567,2.546,160.534,1.05619
6189,495120.0,1,0.16174228489398956,0.19482672214508057,0.27515,0.00011656734568532556,-21.369,-5.574,2.507,160.5,1.05605
6190,495200.0,1,0.14982299506664276,0.174492746591568,0.27967,0.00012100036110496148,-21.411,-5.523,2.48,160.334,1.05699
6191,495280.0,1,0.14660003781318665,0.16558359563350677,0.28081,0.00011300268670311198,-21.369,-5.548,2.475,159.46,1.06294
6192,495360.0,1,0.13888458907604218,0.1520502269268036,0.28424,0.00010606414434732869,-21.321,-5.597,2.503,159.278,1.06561
6193,495440.0,1,0.13838602602481842,0.1492857187986374,0.28419,0.00010964609100483358,-20.944,-5.675,2.453,159.353,1.06545
6194,495520.0,1,0.13694067299365997,0.14874152839183807,0.28317,0.00011422462557675317,-20.992,-5.751,2.448,159.389,1.06571
6195,495600.0,1,0.12912121415138245,0.15041889250278473,0.28367,0.00013276275421958417,-20.688,-5.719,2.369,159.36,1.06563
6196,495680.0,1,0.12853042781352997,0.15431278944015503,0.28346,0.00013334954564925283,-20.681,-5.698,2.367,159.372,1.06577
6197,495760.0,1,0.1280236542224884,0.15793727338314056,0.28359,0.0001404229406034574,-20.664,-5.727,2.329,159.387,1.06537
6198,495840.0,1,0.12935571372509003,0.16516238451004028,0.28289,0.0001342257164651528,-20.67,-5.729,2.334,159.491,1.06517
6199,495920.0,1,0.12504957616329193,0.1619710922241211,0.2842,0.00013335856783669442,-20.632,-5.7,2.35,159.514,1.06498
6200,496000.0,1,0.12115898728370667,0.15924285352230072,0.28547,0.00012417929247021675,-20.697,-5.682,2.302,159.578,1.06527
6201,496080.0,1,0.1184462383389473,0.14548024535179138,0.28906,0.00012011723447358236,-20.844,-5.714,2.396,159.649,1.06515
6202,496160.0,1,0.11956612020730972,0.1459268480539322,0.28963,0.00011324085789965466,-21.019,-5.633,2.422,159.717,1.06506
6203,496240.0,1,0.11825889348983765,0.14170582592487335,0.29107,0.00010723753075581044,-21.003,-5.625,2.404,159.723,1.06499
6204,496320.0,1,0.10980101674795151,0.13903531432151794,0.29369,0.0001087729906430468,-21.062,-5.476,2.331,159.729,1.06516
6205,496400.0,1,0.10865247994661331,0.14321494102478027,0.2941,0.00011964717123191804,-21.078,-5.453,2.305,159.703,1.06548
6206,496480.0,1,0.1108107790350914,0.1473739594221115,0.2925,0.00011836599151138216,-21.118,-5.409,2.314,159.712,1.06565
6207,496560.0,1,0.11086968332529068,0.1471901386976242,0.29217,0.00011318352335365489,-21.09,-5.356,2.331,159.666,1.06563
6208,496640.0,1,0.10881350934505463,0.1424597203731537,0.29205,0.00011730238475138322,-20.999,-5.396,2.365,159.673,1.06563
6209,496720.0,1,0.10864291340112686,0.14236672222614288,0.29231,0.0001141628745244816,-21.017,-5.392,2.358,159.644,1.0655
6210,496800.0,1,0.10904183238744736,0.14277657866477966,0.29236,0.00011470127356005833,-21.042,-5.383,2.35,159.679,1.06571
6211,496880.0,1,0.0941668227314949,0.12327606976032257,0.298,0.00010007002128986642,-20.745,-5.582,2.422,159.66,1.06555
6212,496960.0,1,0.10798794031143188,0.1407945603132248,0.29217,0.00011583160812733695,-20.988,-5.588,2.38,159.782,1.065
6213,497040.0,1,0.6997548341751099,0.6636611223220825,0.11956,0.000231946338317357,-22.158,-5.424,2.071,159.72,1.06518
6214,497120.0,1,0.6178557872772217,0.6192268133163452,0.13485,0.0002853070618584752,-22.017,-5.442,2.149,159.714,1.06517
6215,497200.0,1,0.25881391763687134,0.32726213335990906,0.24489,0.00021474169625435024,-20.871,-5.276,2.332,159.581,1.06549
6216,497280.0,1,0.14018864929676056,0.1857103407382965,0.28013,0.00016720591520424932,-20.915,-5.29,2.367,159.585,1.06525
6217,497360.0,1,0.12850981950759888,0.1655886471271515,0.28602,0.00015545985661447048,-21.233,-5.297,2.466,159.61,1.06477
6218,497440.0,1,0.10646463930606842,0.1440305858850479,0.29443,0.00015936077397782356,-21.098,-5.15,2.484,160.293,1.0594
6219,497520.0,1,0.10705102980136871,0.1381339728832245,0.29333,0.00016393080295529217,-21.247,-5.236,2.57,160.648,1.05253
6220,497600.0,1,0.10364923626184464,0.13687987625598907,0.29379,0.00017446029232814908,-21.253,-5.19,2.577,160.765,1.05099
6221,497680.0,1,0.10497336089611053,0.13322708010673523,0.29357,0.00015914181130938232,-21.248,-5.26,2.592,160.757,1.05025
6222,497760.0,1,0.10383854061365128,0.13075494766235352,0.29404,0.00015546756912954152,-21.193,-5.376,2.602,160.757,1.05001
6223,497840.0,1,0.10084202140569687,0.1277015209197998,0.29573,0.00015571012045256793,-21.19,-5.385,2.574,160.689,1.04995
6224,497920.0,1,0.09921368211507797,0.1277916580438614,0.29654,0.00014924923016224056,-21.186,-5.389,2.563,160.73,1.0499
6225,498000.0,1,0.0976710096001625,0.12160730361938477,0.29764,0.0001331134990323335,-21.193,-5.409,2.527,160.733,1.04989
6226,498080.0,1,0.09784197062253952,0.12036538124084473,0.29723,0.00013210797624196857,-21.228,-5.417,2.552,160.794,1.04945
6227,498160.0,1,0.09729098528623581,0.11820155382156372,0.29699,0.00012950468226335943,-21.389,-5.454,2.548,160.853,1.04955
6228,498240.0,1,0.08525033295154572,0.09895334392786026,0.30323,0.0001156768630607985,-21.044,-5.752,2.48,160.839,1.05004
6229,498320.0,1,0.07925231009721756,0.09222234040498734,0.30521,0.00012174894800409675,-20.938,-5.756,2.474,160.793,1.04987
6230,498400.0,1,0.07617867738008499,0.0884418860077858,0.30644,0.00012752925977110863,-20.914,-5.756,2.482,160.832,1.04985
6231,498480.0,1,0.07773149013519287,0.0909445583820343,0.30514,0.00011651722161332145,-20.913,-5.746,2.438,160.825,1.04958
6232,498560.0,1,0.07550237327814102,0.0885188952088356,0.30598,0.00011174351675435901,-20.889,-5.707,2.382,160.89,1.04947
6233,498640.0,1,0.07623497396707535,0.08938604593276978,0.30576,0.00011596898548305035,-21.027,-5.689,2.359,160.897,1.04933
6234,498720.0,1,0.07396002858877182,0.08199339359998703,0.30785,0.00012796191731467843,-21.008,-5.652,2.276,160.984,1.04903
6235,498800.0,1,0.07419943064451218,0.08320534229278564,0.30733,0.00013993600441608578,-21.089,-5.547,2.288,160.967,1.04852
6236,498880.0,1,0.0745307132601738,0.08299810439348221,0.30904,0.00018723474931903183,-20.96,-5.434,2.114,160.997,1.04792
6237,498960.0,1,0.07598181068897247,0.09081416577100754,0.30696,0.00018320475646760315,-20.923,-5.379,2.137,160.87,1.04747
6238,499040.0,1,0.08066169172525406,0.09618811309337616,0.30431,0.00017815269529819489,-20.949,-5.408,2.148,160.812,1.04679
6239,499120.0,1,0.07767540961503983,0.08639378845691681,0.30793,0.0001893294247565791,-20.923,-5.428,2.366,160.636,1.04612
6240,499200.0,1,0.08497156947851181,0.09216425567865372,0.30549,0.00014793153968639672,-20.899,-5.394,2.356,160.38,1.04465
6241,499280.0,1,0.08836781978607178,0.09600786864757538,0.3041,0.00013323058374226093,-20.886,-5.411,2.404,160.185,1.04436
6242,499360.0,1,0.09289300441741943,0.1008070781826973,0.30321,0.00012828838953282684,-21.104,-5.433,2.433,160.208,1.04344
6243,499440.0,1,0.09382038563489914,0.10295645892620087,0.30305,0.00012863015581388026,-21.098,-5.441,2.441,160.046,1.04309
6244,499520.0,1,0.09356090426445007,0.10547240823507309,0.30349,0.00011778748739743605,-20.89,-5.394,2.41,159.838,1.04284
6245,499600.0,1,0.09503906965255737,0.10732294619083405,0.30224,0.00011627138883341104,-20.899,-5.383,2.424,159.633,1.04283
6246,499680.0,1,0.09357371181249619,0.10794816166162491,0.30266,0.00011713001731550321,-20.972,-5.384,2.455,159.421,1.04469
6247,499760.0,1,0.20389634370803833,0.19284407794475555,0.26635,0.00014255306450650096,-21.256,-5.347,2.318,159.366,1.04483
6248,499840.0,1,0.8011288642883301,0.7634750604629517,0.06135,0.00027004649746231735,-22.579,-5.483,2.084,159.24,1.04518
6249,499920.0,1,0.6989328861236572,0.6698957681655884,0.11221,0.0002848069998435676,-22.502,-5.398,2.148,159.058,1.04524
6250,500000.0,1,0.41779378056526184,0.3853846490383148,0.21361,0.00019597812206484377,-22.067,-5.567,2.322,158.974,1.04485
6251,500080.0,1,0.2119797319173813,0.22000813484191895,0.26499,0.00018016176181845367,-21.822,-5.636,2.338,158.77,1.04401
6252,500160.0,1,0.16220347583293915,0.17083390057086945,0.27699,0.00013670824409928173,-21.522,-5.778,2.52,158.575,1.04201
6253,500240.0,1,0.1399616003036499,0.14884187281131744,0.28132,0.000104600127087906,-21.337,-5.866,2.527,158.606,1.04156
6254,500320.0,1,0.12341653555631638,0.13920176029205322,0.28582,0.00010402687621535733,-21.339,-5.864,2.561,158.522,1.04152
6255,500400.0,1,0.10555320978164673,0.11468462646007538,0.29604,0.00012435099051799625,-21.275,-5.948,2.568,158.54,1.0407
6256,500480.0,1,0.07185675203800201,0.08980626612901688,0.31043,0.00014327108510769904,-21.061,-5.95,2.591,158.703,1.04049
6257,500560.0,1,0.07054458558559418,0.07994736731052399,0.3144,0.00013483081420417875,-21.142,-5.981,2.684,158.62,1.04038
6258,500640.0,1,0.08001986145973206,0.08785783499479294,0.30914,0.00013115568435750902,-21.098,-5.913,2.665,158.675,1.04011
6259,500720.0,1,0.0847184956073761,0.10046754032373428,0.3041,0.0001318002032348886,-21.184,-5.782,2.592,158.584,1.04023
6260,500800.0,1,0.08744153380393982,0.10306007415056229,0.30229,0.00012729597801808268,-21.148,-5.709,2.511,158.67,1.04013
6261,500880.0,1,0.08349363505840302,0.105857715010643,0.30271,0.0001272758236154914,-21.099,-5.65,2.467,158.636,1.04011
6262,500960.0,1,0.0843510627746582,0.10658784210681915,0.30245,0.00013548822607845068,-21.067,-5.594,2.416,158.699,1.03985
6263,501040.0,1,0.0837191566824913,0.1064213216304779,0.30219,0.0001179956816486083,-21.128,-5.52,2.405,158.655,1.03999
6264,501120.0,1,0.08731360733509064,0.09696824103593826,0.30428,0.0001254594826605171,-20.902,-5.528,2.264,158.675,1.03994
6265,501200.0,1,0.08828341215848923,0.09311360120773315,0.30563,0.00011752630234695971,-20.621,-5.491,2.091,158.584,1.04265
6266,501280.0,1,0.08938620239496231,0.09581796079874039,0.304,0.00011264915519859642,-20.613,-5.494,2.04,158.661,1.04331
6267,501360.0,1,0.08915858715772629,0.09287862479686737,0.30491,0.00010742360609583557,-20.582,-5.546,2.055,158.66,1.04408
6268,501440.0,1,0.0887548103928566,0.09059078246355057,0.30483,9.656319889472798e-05,-20.634,-5.578,2.045,158.731,1.04629
6269,501520.0,1,0.08480048179626465,0.08456741273403168,0.30685,9.542574844090268e-05,-20.574,-5.582,1.986,158.728,1.04758
6270,501600.0,1,0.05871495231986046,0.0573776513338089,0.32156,0.00011186506162630394,-20.788,-5.477,2.009,158.904,1.04803
6271,501680.0,1,0.05662442371249199,0.0549323596060276,0.32411,0.00011778085900004953,-20.648,-5.494,1.97,158.74,1.04849
6272,501760.0,1,0.049641840159893036,0.05708163604140282,0.32788,0.00013786468480248004,-20.873,-5.461,2.104,158.682,1.04882
6273,501840.0,1,0.048171646893024445,0.05621517077088356,0.33114,0.00014582336007151753,-20.823,-5.443,2.04,158.643,1.04913
6274,501920.0,1,0.05439272150397301,0.061847805976867676,0.3276,0.00015287224960047752,-20.857,-5.464,2.045,158.72,1.04919
6275,502000.0,1,0.05946826562285423,0.06535384804010391,0.32486,0.00014127619215287268,-20.87,-5.468,2.057,158.669,1.04951
6276,502080.0,1,0.06476502865552902,0.06373052299022675,0.32281,0.00012890101061202586,-20.844,-5.468,2.175,158.611,1.05227
6277,502160.0,1,0.07088162004947662,0.06782839447259903,0.31777,0.00012240256182849407,-20.921,-5.508,2.272,158.566,1.05307
6278,502240.0,1,0.07188446819782257,0.0679795891046524,0.31701,0.0001058454072335735,-20.907,-5.504,2.262,158.655,1.0538
6279,502320.0,1,0.07096026092767715,0.06805852800607681,0.31672,0.00010258959810016677,-20.906,-5.5,2.283,158.714,1.05437
6280,502400.0,1,0.06782831996679306,0.06788554042577744,0.317,9.163641516352072e-05,-20.923,-5.501,2.246,158.76,1.05497
6281,502480.0,1,0.06777877360582352,0.06873652338981628,0.31713,8.627829083707184e-05,-21.027,-5.519,2.239,158.731,1.05531
6282,502560.0,1,0.06814098358154297,0.0695042684674263,0.31634,8.293287828564644e-05,-21.115,-5.52,2.244,158.799,1.05546
6283,502640.0,1,0.0687955990433693,0.07174287736415863,0.31567,8.735510346014053e-05,-21.069,-5.515,2.229,158.76,1.05613
6284,502720.0,1,0.0531642772257328,0.06736519187688828,0.31895,0.00011320868361508474,-20.841,-5.587,2.224,158.955,1.05616
6285,502800.0,1,0.05226108431816101,0.06523941457271576,0.32074,0.00013744793250225484,-20.974,-5.61,2.242,158.898,1.05643
6286,502880.0,1,0.7121223211288452,0.6892514228820801,0.09926,0.0003872360975947231,-22.109,-5.365,2.047,158.991,1.05689
6287,502960.0,1,0.6384612917900085,0.6570384502410889,0.13741,0.000294923986075446,-22.077,-5.372,2.003,159.01,1.05674
6288,503040.0,1,0.3451663553714752,0.43497559428215027,0.22239,0.00019268406322225928,-21.715,-5.445,2.208,159.114,1.05698
6289,503120.0,1,0.22646239399909973,0.32428064942359924,0.255,0.00012246199185028672,-21.105,-5.565,2.39,159.082,1.0573
6290,503200.0,1,0.15428060293197632,0.20900076627731323,0.27489,0.00012718314246740192,-21.377,-5.588,2.446,159.124,1.0573
6291,503280.0,1,0.12981651723384857,0.15246188640594482,0.28561,0.00014608654601033777,-21.256,-5.55,2.433,158.768,1.06002
6292,503360.0,1,0.11469695717096329,0.12487547844648361,0.29141,0.0001409897959092632,-21.218,-5.556,2.462,158.785,1.06046
6293,503440.0,1,0.09325706958770752,0.12000183761119843,0.29692,0.00012702317326329648,-21.169,-5.645,2.361,158.753,1.06172
6294,503520.0,1,0.09255540370941162,0.10834566503763199,0.29874,0.00011132458166684955,-21.143,-5.673,2.307,158.861,1.06228
6295,503600.0,1,0.08583252131938934,0.10875289142131805,0.30059,0.00010964713874273002,-21.274,-5.596,2.223,158.789,1.06305
6296,503680.0,1,0.08453640341758728,0.10856858640909195,0.30099,0.00011693874694174156,-21.271,-5.581,2.155,158.712,1.06538
6297,503760.0,1,0.0808352380990982,0.10711895674467087,0.30244,0.00011436783825047314,-21.249,-5.559,2.123,158.636,1.0669
6298,503840.0,1,0.0806451141834259,0.10771097242832184,0.30279,0.00011902699043275788,-21.185,-5.552,2.108,158.633,1.06782
6299,503920.0,1,0.07995370775461197,0.10486538708209991,0.3036,0.00011295398144284263,-21.191,-5.522,2.104,158.588,1.06822
6300,504000.0,1,0.08035080879926682,0.10800675302743912,0.30379,0.00011185418406967074,-21.49,-5.444,2.036,158.547,1.06853
6301,504080.0,1,0.08202638477087021,0.11189402639865875,0.30311,0.0001307807833654806,-21.459,-5.466,1.93,158.481,1.06868
6302,504160.0,1,0.07885793596506119,0.09766297042369843,0.30575,0.00014079728862270713,-21.479,-5.511,1.888,158.512,1.06869
6303,504240.0,1,0.07745899260044098,0.09565287083387375,0.3065,0.0001589151070220396,-21.478,-5.536,1.902,158.451,1.06863
6304,504320.0,1,0.05456297844648361,0.06654554605484009,0.31821,0.0001707296323729679,-21.29,-5.512,1.866,158.46,1.06862
6305,504400.0,1,0.049967531114816666,0.06048155948519707,0.32424,0.00019757664995267987,-21.128,-5.512,1.902,158.481,1.06833
6306,504480.0,1,0.05850093066692352,0.06660309433937073,0.31971,0.00018098409054800868,-21.228,-5.567,1.946,158.56,1.06761
6307,504560.0,1,0.0642147958278656,0.07151123136281967,0.31699,0.00017993721121456474,-21.328,-5.601,1.982,158.433,1.06824
6308,504640.0,1,0.06731735914945602,0.0737403854727745,0.31564,0.0001754995755618438,-21.363,-5.556,1.989,158.384,1.0684
6309,504720.0,1,0.06962878257036209,0.07631230354309082,0.31422,0.0001718815037747845,-21.379,-5.548,1.99,158.316,1.0688
6310,504800.0,1,0.08994234353303909,0.09310401231050491,0.30544,0.00018366597942076623,-21.408,-5.534,1.946,158.296,1.06877
6311,504880.0,1,0.668369472026825,0.6291007995605469,0.13068,0.00033994787372648716,-22.027,-5.398,1.669,158.227,1.06942
6312,504960.0,1,0.5848175287246704,0.6064274311065674,0.15503,0.00029688069480471313,-21.925,-5.545,1.728,158.212,1.06892
6313,505040.0,1,0.3441537022590637,0.39095404744148254,0.22772,0.00021527594071812928,-21.94,-5.567,1.747,158.157,1.06921
6314,505120.0,1,0.17956320941448212,0.2302139699459076,0.26864,0.00015520140004809946,-21.829,-5.551,1.82,158.211,1.06916
6315,505200.0,1,0.11435093730688095,0.13994555175304413,0.29016,0.00013738212874159217,-21.499,-5.628,1.836,158.107,1.06898
6316,505280.0,1,0.10210603475570679,0.12219566851854324,0.29661,0.00012545206118375063,-21.422,-5.624,1.843,158.101,1.06879
6317,505360.0,1,0.10385256260633469,0.11653192341327667,0.29826,0.00010978293721564114,-21.345,-5.675,1.892,158.021,1.06894
6318,505440.0,1,0.1023545041680336,0.11454861611127853,0.29814,9.755099745234475e-05,-21.324,-5.674,1.916,157.871,1.07125
6319,505520.0,1,0.09772036224603653,0.10110636055469513,0.30159,9.382398275192827e-05,-21.273,-5.611,1.869,157.667,1.07292
6320,505600.0,1,0.0964440256357193,0.10105732828378677,0.30078,9.575318108545616e-05,-21.278,-5.626,1.983,157.679,1.07307
6321,505680.0,1,0.09786718338727951,0.101028673350811,0.29937,9.382523421663791e-05,-21.313,-5.561,1.966,157.592,1.07352
6322,505760.0,1,0.09854277968406677,0.09955386817455292,0.29956,8.442228863714263e-05,-21.382,-5.415,1.906,161.095,1.07147
6323,505840.0,1,0.0995582789182663,0.10027594119310379,0.29955,8.37321495055221e-05,-21.38,-5.425,1.904,160.76,1.07207
6324,505920.0,1,0.09646566957235336,0.1047811284661293,0.30075,0.00011381005606381223,-21.202,-5.408,1.786,160.971,1.07036
6325,506000.0,1,0.09472540766000748,0.09910143911838531,0.30233,0.0001148137598647736,-20.893,-5.444,1.768,165.08,1.068
6326,506080.0,1,0.0934046283364296,0.0963641107082367,0.30295,0.00011175576219102368,-20.749,-5.348,1.828,165.426,1.07198
6327,506160.0,1,0.08363718539476395,0.09262946993112564,0.30587,0.00011161658039782196,-20.783,-5.368,1.793,165.599,1.07255
6328,506240.0,1,0.08266960084438324,0.08897275477647781,0.30879,0.00011088004248449579,-20.805,-5.361,1.824,165.673,1.07298
6329,506320.0,1,0.08447965979576111,0.08852265775203705,0.30819,0.00011425914999563247,-20.846,-5.411,1.869,165.593,1.07371
6330,506400.0,1,0.0862065926194191,0.09109499305486679,0.30617,0.00011766142415581271,-20.913,-5.427,1.881,165.645,1.0734
6331,506480.0,1,0.08788713812828064,0.09222503006458282,0.30449,0.0001194829965243116,-20.918,-5.429,1.856,165.583,1.07372
6332,506560.0,1,0.08856497704982758,0.09635327756404877,0.30473,0.00011524878209456801,-21.256,-5.535,1.95,165.791,1.0732
6333,506640.0,1,0.08661482483148575,0.09646541625261307,0.30508,0.00012307411816436797,-21.268,-5.553,1.931,165.601,1.0738
6334,506720.0,1,0.08627741783857346,0.09771014750003815,0.30488,0.00012722815154120326,-21.17,-5.574,1.908,165.619,1.07372
6335,506800.0,1,0.33869218826293945,0.34925970435142517,0.2329,0.0001848605170380324,-21.441,-5.598,1.608,165.564,1.07434
6336,506880.0,1,0.43167340755462646,0.44315606355667114,0.19737,0.00028287642635405064,-21.576,-5.625,1.741,165.532,1.07407
6337,506960.0,1,0.4095587432384491,0.41214582324028015,0.20796,0.00022013338457327336,-21.721,-5.522,1.984,165.448,1.07412
6338,507040.0,1,0.3034254312515259,0.3410976827144623,0.23596,0.00015823633293621242,-21.65,-5.415,2.12,165.499,1.07407
6339,507120.0,1,0.2493567019701004,0.24722813069820404,0.25373,0.00014466361608356237,-21.47,-5.435,2.144,165.533,1.07377
6340,507200.0,1,0.2013498693704605,0.22609007358551025,0.26219,0.00014397349150385708,-21.332,-5.47,2.174,165.752,1.0719
6341,507280.0,1,0.13198286294937134,0.14836256206035614,0.28803,0.0001456372847314924,-21.141,-5.432,2.242,165.725,1.07152
6342,507360.0,1,0.12519577145576477,0.13846106827259064,0.29064,0.00013566586130764335,-21.085,-5.48,2.246,165.853,1.07054
6343,507440.0,1,0.1277116984128952,0.1370389461517334,0.2898,0.0001342259783996269,-21.08,-5.514,2.203,165.833,1.07074
6344,507520.0,1,0.12394235283136368,0.1284998059272766,0.29193,0.00012987233640160412,-20.808,-5.527,2.154,165.926,1.07031
6345,507600.0,1,0.12176350504159927,0.12477651238441467,0.29261,0.00013125425903126597,-20.813,-5.524,2.158,165.891,1.07
6346,507680.0,1,0.10569079220294952,0.12017687410116196,0.29574,0.0001289297651965171,-20.795,-5.582,2.235,165.903,1.06998
6347,507760.0,1,0.10419317334890366,0.1132306158542633,0.29618,0.00013495208986569196,-20.715,-5.691,2.259,166.02,1.06762
6348,507840.0,1,0.08697305619716644,0.1044907346367836,0.30086,0.00012620448251254857,-20.74,-5.628,2.315,166.097,1.06583
6349,507920.0,1,0.08915992081165314,0.102328360080719,0.30086,0.00011702675692504272,-20.785,-5.648,2.33,166.116,1.0659
6350,508000.0,1,0.09372542798519135,0.10120504349470139,0.30076,8.916345541365445e-05,-20.941,-5.588,2.229,166.194,1.06574
6351,508080.0,1,0.09413046389818192,0.10074077546596527,0.30056,9.391724597662687e-05,-21.07,-5.562,2.236,166.119,1.06608
6352,508160.0,1,0.0989728718996048,0.10141448676586151,0.2981,0.00011313940194668248,-21.292,-5.45,2.237,166.235,1.06559
6353,508240.0,1,0.09151601046323776,0.09833008795976639,0.2982,0.00011699082824634388,-21.229,-5.391,2.186,166.127,1.06584
6354,508320.0,1,0.08826553821563721,0.09775926917791367,0.29842,0.00015174582949839532,-21.323,-5.411,2.184,166.171,1.0636
6355,508400.0,1,0.09694790840148926,0.09830531477928162,0.29562,0.00012921789311803877,-21.325,-5.494,2.251,166.129,1.06297
6356,508480.0,1,0.09844420105218887,0.09633664786815643,0.29551,0.00011030656605726108,-21.353,-5.472,2.264,166.181,1.06258
6357,508560.0,1,0.11043072491884232,0.09588578343391418,0.29269,0.0001088329590857029,-21.448,-5.568,2.226,166.167,1.06244
6358,508640.0,1,0.10136573016643524,0.08355404436588287,0.30056,0.00011585988977458328,-21.473,-5.642,2.248,166.402,1.06204
6359,508720.0,1,0.09432809054851532,0.08174257725477219,0.30308,0.00012443841842468828,-21.507,-5.626,2.129,166.322,1.06237
6360,508800.0,1,0.09575213491916656,0.09060908854007721,0.30112,0.0001633824285818264,-21.043,-5.55,1.985,166.307,1.06222
6361,508880.0,1,0.09385434538125992,0.09250148385763168,0.30118,0.0001849654217949137,-21.078,-5.516,1.904,166.292,1.06235
6362,508960.0,1,0.07943647354841232,0.09280504286289215,0.30595,0.00020029745064675808,-21.175,-5.483,1.887,166.282,1.06247
6363,509040.0,1,0.08381994068622589,0.09422069042921066,0.30473,0.00014971916971262544,-21.268,-5.481,1.899,166.195,1.06253
6364,509120.0,1,0.07301346957683563,0.08026886731386185,0.31085,0.00016184367996174842,-21.266,-5.49,1.889,166.252,1.06103
6365,509200.0,1,0.07931942492723465,0.08899351954460144,0.30862,0.0001569642627146095,-21.553,-5.476,1.889,166.228,1.05993
6366,509280.0,1,0.08207360655069351,0.09370914101600647,0.30825,0.0001382128248224035,-21.593,-5.47,1.909,166.27,1.05984
6367,509360.0,1,0.0915362760424614,0.10199037939310074,0.30478,0.00011978598195128143,-21.612,-5.478,1.917,166.196,1.06
6368,509440.0,1,0.09764919430017471,0.10643426328897476,0.30174,0.00011598259152378887,-21.609,-5.467,1.945,166.214,1.05977
6369,509520.0,1,0.09668245166540146,0.10791642963886261,0.30122,0.0001116100829676725,-21.602,-5.463,1.935,166.182,1.05979
6370,509600.0,1,0.09876614063978195,0.11133231222629547,0.30018,0.00012115194840589538,-21.635,-5.458,1.937,166.186,1.05965
6371,509680.0,1,0.1053008958697319,0.1197894960641861,0.29794,0.0001183233325718902,-21.621,-5.416,1.937,166.124,1.05993
6372,509760.0,1,0.09722717106342316,0.12091606855392456,0.29895,0.00011255832214374095,-21.629,-5.479,1.9,167.121,1.0512
6373,509840.0,1,0.09958739578723907,0.12461622059345245,0.2955,0.00010636790102580562,-21.676,-5.623,1.936,167.777,1.04541
6374,509920.0,1,0.10073382407426834,0.12747786939144135,0.29338,0.00010524837125558406,-21.816,-5.724,1.958,167.934,1.04413
6375,510000.0,1,0.10234785825014114,0.13107359409332275,0.2915,0.00010992225725203753,-21.902,-5.781,1.999,167.984,1.04309
6376,510080.0,1,0.10595569759607315,0.13410039246082306,0.28968,0.00011953381181228906,-21.924,-5.8,2.016,168.065,1.04263
6377,510160.0,1,0.10657322406768799,0.13551729917526245,0.28871,0.00011375928443158045,-21.918,-5.776,2.002,168.074,1.04234
6378,510240.0,1,0.10851173847913742,0.1354837715625763,0.2882,0.00011317004828015342,-21.91,-5.784,2.003,168.117,1.04194
6379,510320.0,1,0.10898547619581223,0.13503238558769226,0.28907,0.00011424554395489395,-21.929,-5.709,2.009,168.08,1.04175
6380,510400.0,1,0.10849090665578842,0.13484719395637512,0.28907,0.00011946807353524491,-21.82,-5.616,1.99,168.116,1.04153
6381,510480.0,1,0.10852859914302826,0.1351117491722107,0.28924,0.00011081037519033998,-21.834,-5.598,1.996,168.079,1.04118
6382,510560.0,1,0.10873538255691528,0.13625921308994293,0.28905,0.00010103943350259215,-21.801,-5.583,1.968,168.134,1.041
6383,510640.0,1,0.10949084162712097,0.13471722602844238,0.28884,8.034134953049943e-05,-21.724,-5.664,1.966,168.121,1.04057
6384,510720.0,1,0.1133851483464241,0.13348284363746643,0.28984,9.446065087104216e-05,-22.335,-5.501,2.05,168.276,1.03999
6385,510800.0,1,0.11050023138523102,0.12626715004444122,0.29092,9.588777902536094e-05,-22.37,-5.517,2.043,168.429,1.03887
6386,510880.0,1,0.11091113835573196,0.12647762894630432,0.29079,9.871885413303971e-05,-22.512,-5.468,2.021,168.575,1.03835
6387,510960.0,1,0.11089767515659332,0.12282545864582062,0.29098,0.00010290303907822818,-22.507,-5.513,2.015,168.575,1.03833
6388,511040.0,1,0.1081494614481926,0.12047871202230453,0.29057,9.982042683986947e-05,-22.542,-5.548,2.052,168.598,1.03849
6389,511120.0,1,0.11197293549776077,0.12245751917362213,0.28934,0.00010183337872149423,-22.65,-5.592,2.024,168.582,1.03815
6390,511200.0,1,0.10867547988891602,0.11737614125013351,0.28999,9.982461779145524e-05,-22.581,-5.618,2.01,168.642,1.03766
6391,511280.0,1,0.1069769486784935,0.11520138382911682,0.29098,0.00010065679816761985,-22.617,-5.607,2.011,168.618,1.03746
6392,511360.0,1,0.11100877076387405,0.11559241265058517,0.28979,0.00010366326023358852,-22.618,-5.588,1.989,168.678,1.03755
6393,511440.0,1,0.10962918400764465,0.1115361899137497,0.2911,0.00010211516928393394,-22.644,-5.609,2.038,168.666,1.03735
6394,511520.0,1,0.11027277261018753,0.1126716360449791,0.29111,0.00010731773363659158,-22.729,-5.615,2.138,168.692,1.03732
6395,511600.0,1,0.10873489081859589,0.11511699855327606,0.29319,0.00014285105862654746,-22.772,-5.586,2.231,168.567,1.03701
6396,511680.0,1,0.10603143274784088,0.1262575089931488,0.29038,0.00013438554015010595,-22.645,-5.514,2.195,168.514,1.03655
6397,511760.0,1,0.1045968160033226,0.13379018008708954,0.28861,0.00011704974895110354,-22.422,-5.351,2.132,168.486,1.03648
6398,511840.0,1,0.10918182134628296,0.14470794796943665,0.28626,0.00012189135304652154,-22.401,-5.325,2.191,168.52,1.03649
6399,511920.0,1,0.1075238585472107,0.14065328240394592,0.28722,0.0001319323491770774,-22.208,-5.406,2.101,168.481,1.03635
6400,512000.0,1,0.11413721740245819,0.14363783597946167,0.28541,0.0001284034369746223,-22.184,-5.436,2.117,168.42,1.0365
6401,512080.0,1,0.1152181625366211,0.14433038234710693,0.28475,0.0001435296580893919,-22.148,-5.463,2.089,168.376,1.03682
6402,512160.0,1,0.343794047832489,0.37648478150367737,0.22763,0.0002661100006662309,-22.528,-5.343,1.869,168.426,1.03683
6403,512240.0,1,0.7334972620010376,0.7033040523529053,0.09227,0.00048345746472477913,-23.028,-5.66,1.827,168.389,1.03687
6404,512320.0,1,0.6185821294784546,0.5892702341079712,0.14391,0.00040755196823738515,-22.854,-5.783,1.946,168.428,1.03665
6405,512400.0,1,0.37006065249443054,0.3954170048236847,0.21755,0.0002722493663895875,-22.559,-5.585,2.067,168.29,1.03852
6406,512480.0,1,0.22559820115566254,0.3031199872493744,0.2516,0.00022315792739391327,-22.432,-5.551,2.183,168.258,1.03913
6407,512560.0,1,0.19255653023719788,0.23621545732021332,0.26305,0.00015909186913631856,-22.271,-5.474,2.219,168.184,1.03943
6408,512640.0,1,0.15071015059947968,0.2021806240081787,0.27566,0.00015123332559596747,-22.072,-5.549,2.26,168.157,1.03979
6409,512720.0,1,0.14537863433361053,0.1846582144498825,0.27831,0.00012874894309788942,-22.2,-5.592,2.242,168.14,1.03981
6410,512800.0,1,0.1438213437795639,0.17916561663150787,0.27859,0.00011381744116079062,-22.244,-5.637,2.266,168.227,1.03976
6411,512880.0,1,0.14089301228523254,0.1733122318983078,0.28001,0.00011357349285390228,-22.266,-5.659,2.252,167.52,1.04567
6412,512960.0,1,0.13562029600143433,0.16834603250026703,0.28142,0.00010985560220433399,-22.234,-5.677,2.394,166.153,1.05997
6413,513040.0,1,0.13247761130332947,0.1619172841310501,0.28235,0.0001155063437181525,-22.243,-5.675,2.46,166.038,1.06112
6414,513120.0,1,0.12734052538871765,0.1604464203119278,0.28456,0.00013066598330624402,-22.072,-5.615,2.45,166.083,1.06137
6415,513200.0,1,0.12118802219629288,0.15871146321296692,0.28698,0.00013546341506298631,-22.054,-5.549,2.412,166.039,1.06147
6416,513280.0,1,0.1171763613820076,0.15840134024620056,0.28704,0.00015851313946768641,-22.057,-5.588,2.356,165.978,1.06387
6417,513360.0,1,0.11172732710838318,0.1506057232618332,0.28864,0.0001763792970450595,-22.066,-5.588,2.289,165.907,1.0649
6418,513440.0,1,0.10629825294017792,0.14244191348552704,0.29073,0.00018180148617830127,-22.016,-5.533,2.211,165.947,1.06514
6419,513520.0,1,0.10275974869728088,0.1349741667509079,0.293,0.00017733511049300432,-22.131,-5.475,2.096,165.931,1.0653
6420,513600.0,1,0.0999898687005043,0.12574522197246552,0.29429,0.00010213416680926457,-22.005,-5.496,2.06,165.954,1.06564
6421,513680.0,1,0.0992874726653099,0.12381041049957275,0.29497,9.469206997891888e-05,-21.909,-5.474,2.032,165.912,1.06629
6422,513760.0,1,0.09856552630662918,0.1156512051820755,0.29689,8.511861233273521e-05,-21.871,-5.519,2.094,165.99,1.06668
6423,513840.0,1,0.10654670745134354,0.11918734759092331,0.29533,8.469644672004506e-05,-21.954,-5.521,2.092,165.915,1.06737
6424,513920.0,1,0.11033014953136444,0.1184256449341774,0.29463,8.557828550692648e-05,-21.982,-5.531,2.09,165.996,1.06758
6425,514000.0,1,0.10885726660490036,0.1164703220129013,0.29645,8.731512207305059e-05,-22.03,-5.493,2.109,165.918,1.06778
6426,514080.0,1,0.10802101343870163,0.11869045346975327,0.29594,9.32877155719325e-05,-22.079,-5.436,2.096,165.96,1.06776
6427,514160.0,1,0.10573436319828033,0.11822504550218582,0.2961,9.488096839049831e-05,-22.042,-5.413,2.114,165.954,1.06767
6428,514240.0,1,0.1000436469912529,0.11282625794410706,0.29713,9.56296207732521e-05,-22.092,-5.44,2.278,165.94,1.06752
6429,514320.0,1,0.10288825631141663,0.11226943880319595,0.29562,0.00010038590698968619,-22.089,-5.469,2.314,165.892,1.06748
6430,514400.0,1,0.10442069917917252,0.11504940688610077,0.2946,9.96250964817591e-05,-22.061,-5.48,2.269,165.925,1.06733
6431,514480.0,1,0.10059359669685364,0.11386863887310028,0.29507,9.505847265245393e-05,-22.031,-5.49,2.284,165.912,1.06751
6432,514560.0,1,0.09539557248353958,0.10796032845973969,0.29713,7.85825468483381e-05,-21.814,-5.59,2.35,165.948,1.0673
6433,514640.0,1,0.08921480923891068,0.10364846140146255,0.30017,7.241326966322958e-05,-21.809,-5.661,2.397,165.879,1.06787
6434,514720.0,1,0.08786740154027939,0.1007690280675888,0.30133,6.420139834517613e-05,-21.84,-5.701,2.387,165.873,1.06821
6435,514800.0,1,0.08686750382184982,0.10001210123300552,0.30185,6.71614398015663e-05,-21.834,-5.765,2.405,165.828,1.06889
6436,514880.0,1,0.08972460776567459,0.10005674511194229,0.30136,6.352103810058907e-05,-22.005,-5.933,2.454,165.818,1.06917
6437,514960.0,1,0.09041505306959152,0.1047339141368866,0.30195,8.562611765228212e-05,-22.213,-6.037,2.427,165.892,1.06839
6438,515040.0,1,0.09044322371482849,0.10504922270774841,0.30205,7.97551911091432e-05,-22.32,-5.952,2.405,165.88,1.06856
6439,515120.0,1,0.09079582244157791,0.10415719449520111,0.30237,6.560506881214678e-05,-22.311,-5.943,2.48,165.752,1.06885
6440,515200.0,1,0.08988631516695023,0.10284315794706345,0.30306,7.422784256050363e-05,-22.307,-5.954,2.526,165.797,1.0687
6441,515280.0,1,0.08852701634168625,0.1008358895778656,0.30342,8.113961666822433e-05,-22.305,-5.949,2.514,165.796,1.06866
6442,515360.0,1,0.08811789751052856,0.10043291002511978,0.30322,7.958182686707005e-05,-22.331,-5.954,2.507,165.815,1.06863
6443,515440.0,1,0.08746228367090225,0.09761076420545578,0.30457,8.460635581286624e-05,-22.322,-5.96,2.508,165.843,1.06839
6444,515520.0,1,0.08280865848064423,0.09132193773984909,0.30591,8.958728722063825e-05,-22.294,-5.991,2.508,165.885,1.06822
6445,515600.0,1,0.07704606652259827,0.08294273912906647,0.30874,9.057945135282353e-05,-22.3,-6.014,2.483,165.898,1.06816
6446,515680.0,1,0.07364916801452637,0.08032885938882828,0.30997,9.223149390891194e-05,-22.289,-6.043,2.478,165.978,1.06791
6447,515760.0,1,0.07027260959148407,0.08021268993616104,0.30972,0.00010370834934292361,-22.343,-6.053,2.426,165.963,1.06784
6448,515840.0,1,0.07291188091039658,0.08031248301267624,0.30917,0.00013534385652747005,-22.429,-5.976,2.361,165.979,1.06849
6449,515920.0,1,0.07263541966676712,0.08022116124629974,0.30861,0.00013331980153452605,-22.348,-5.882,2.338,165.94,1.06847
6450,516000.0,1,0.07141215354204178,0.07416123896837234,0.30863,0.00012284571130294353,-22.248,-5.8,2.299,166.011,1.06849
6451,516080.0,1,0.07461303472518921,0.07488366216421127,0.30693,0.00010278643458150327,-22.194,-5.765,2.315,165.96,1.06875
6452,516160.0,1,0.07347499579191208,0.07961909472942352,0.30885,0.00011349230771884322,-22.288,-5.572,2.117,166.049,1.06847
6453,516240.0,1,0.07413662225008011,0.08041010797023773,0.309,0.0001100928129744716,-22.243,-5.597,2.106,165.996,1.06902
6454,516320.0,1,0.09508027881383896,0.09850651770830154,0.30113,0.0001067892590072006,-22.467,-5.614,2.027,166.166,1.06733
6455,516400.0,1,0.3229919970035553,0.3054059147834778,0.24539,0.00011044358689105138,-22.879,-5.526,2.078,166.175,1.06629
6456,516480.0,1,0.2905338704586029,0.2900290787220001,0.25137,0.00010142585961148143,-22.716,-5.602,2.055,166.225,1.06528
6457,516560.0,1,0.16477248072624207,0.23471656441688538,0.27195,8.491075277561322e-05,-22.373,-5.626,2.223,166.154,1.06494
6458,516640.0,1,0.12685248255729675,0.19796055555343628,0.2815,8.307242387672886e-05,-22.173,-5.764,2.326,166.146,1.06483
6459,516720.0,1,0.11183303594589233,0.1741453856229782,0.2862,8.378533675568178e-05,-22.133,-5.822,2.468,166.155,1.06485
6460,516800.0,1,0.10533614456653595,0.14766785502433777,0.29015,7.95834930613637e-05,-22.009,-5.85,2.502,166.181,1.06447
6461,516880.0,1,0.09170469641685486,0.12910902500152588,0.29574,8.185068872990087e-05,-21.874,-5.907,2.608,166.141,1.06457
6462,516960.0,1,0.09200375527143478,0.12266451120376587,0.29683,9.068956569535658e-05,-21.909,-5.973,2.667,166.178,1.06438
6463,517040.0,1,0.08898914605379105,0.11659514904022217,0.29868,8.567143959226087e-05,-21.95,-5.881,2.713,166.151,1.06451
6464,517120.0,1,0.7457007765769958,0.7025445103645325,0.09419,0.0002012968616327271,-23.044,-5.593,2.249,166.191,1.0643
6465,517200.0,1,0.7067708373069763,0.7241809964179993,0.0887,0.00024360073439311236,-23.054,-5.652,2.278,166.116,1.06474
6466,517280.0,1,0.47868311405181885,0.5390032529830933,0.17698,0.00017454101180192083,-22.995,-5.475,2.335,166.286,1.0629
6467,517360.0,1,0.2727798521518707,0.35300877690315247,0.23952,0.00010496372851775959,-22.886,-5.464,2.484,166.316,1.06126
6468,517440.0,1,0.18361985683441162,0.19565334916114807,0.26811,7.450285920640454e-05,-22.672,-5.518,2.502,166.637,1.05751
6469,517520.0,1,0.14131926000118256,0.15376412868499756,0.2803,6.811150524299592e-05,-22.563,-5.529,2.588,166.601,1.0571
6470,517600.0,1,0.13201627135276794,0.1450452208518982,0.28322,7.396470755338669e-05,-22.213,-5.565,2.633,166.661,1.05659
6471,517680.0,1,0.08016263693571091,0.11553090065717697,0.29984,8.49426505737938e-05,-22.01,-5.589,2.818,166.612,1.05432
6472,517760.0,1,0.06849052011966705,0.09854299575090408,0.30554,9.635771857574582e-05,-22.027,-5.544,2.876,166.656,1.05327
6473,517840.0,1,0.0645209327340126,0.08355393260717392,0.30991,9.551934635965154e-05,-21.969,-5.554,2.855,166.651,1.05262
6474,517920.0,1,0.06210094690322876,0.07680167257785797,0.31217,9.409761696588248e-05,-21.899,-5.558,2.844,166.745,1.05257
6475,518000.0,1,0.06380805373191833,0.07899241894483566,0.31238,8.715574949746951e-05,-21.859,-5.524,2.786,166.731,1.05241
6476,518080.0,1,0.07639949023723602,0.08014830201864243,0.30965,8.690379036124796e-05,-21.921,-5.481,2.647,166.819,1.05243
6477,518160.0,1,0.07713901251554489,0.07603953778743744,0.31184,7.467869727406651e-05,-22.025,-5.517,2.573,166.725,1.05269
6478,518240.0,1,0.07162484526634216,0.0744226798415184,0.31273,8.043303387239575e-05,-22.04,-5.537,2.518,166.794,1.05266
6479,518320.0,1,0.07364988327026367,0.07864881306886673,0.31138,7.999206718523055e-05,-21.976,-5.529,2.536,166.796,1.05308
6480,518400.0,1,0.07105206698179245,0.08799101412296295,0.30609,8.118482219288126e-05,-21.993,-5.568,2.473,166.867,1.05256
6481,518480.0,1,0.07589611411094666,0.09908918291330338,0.3007,9.049320942722261e-05,-22.066,-5.551,2.478,167.01,1.05029
6482,518560.0,1,0.07791437208652496,0.10489193350076675,0.29799,9.438590495847166e-05,-22.109,-5.57,2.502,167.083,1.04977
6483,518640.0,1,0.07544175535440445,0.10612136125564575,0.29857,9.926730126608163e-05,-22.204,-5.625,2.53,167.1,1.04964
6484,518720.0,1,0.07617522031068802,0.10389970242977142,0.29856,0.00010775179543998092,-22.239,-5.707,2.595,167.185,1.0495
6485,518800.0,1,0.05921371281147003,0.08436661213636398,0.30918,0.00010581129026832059,-22.469,-5.729,2.655,167.054,1.04979
6486,518880.0,1,0.05776391923427582,0.0759221687912941,0.31237,9.811214113142341e-05,-22.383,-5.777,2.7,167.122,1.04918
6487,518960.0,1,0.056651826947927475,0.07406391948461533,0.31353,9.061556193046272e-05,-21.899,-5.785,2.661,167.03,1.04964
6488,519040.0,1,0.0639631375670433,0.08047404885292053,0.30939,8.353785960935056e-05,-21.876,-5.763,2.688,167.076,1.04973
6489,519120.0,1,0.06545309722423553,0.07997838407754898,0.30895,7.50306062400341e-05,-21.84,-5.729,2.668,166.989,1.04984
6490,519200.0,1,0.07011541724205017,0.0791921317577362,0.30781,7.636731606908143e-05,-21.816,-5.75,2.731,167.127,1.04923
6491,519280.0,1,0.0735810250043869,0.08336196094751358,0.30664,7.610443572048098e-05,-21.868,-5.745,2.716,167.05,1.04928
6492,519360.0,1,0.07370823621749878,0.08456150442361832,0.3071,7.565985288238153e-05,-21.978,-5.773,2.74,166.841,1.05064
6493,519440.0,1,0.071757473051548,0.07975709438323975,0.30768,7.755052502034232e-05,-22.223,-5.78,2.877,166.832,1.05051
6494,519520.0,1,0.07131447643041611,0.08251071721315384,0.30758,7.902320066932589e-05,-22.361,-5.775,2.859,166.885,1.05015
6495,519600.0,1,0.0749540850520134,0.08767347037792206,0.30582,8.932438504416496e-05,-22.309,-5.709,2.829,166.856,1.05004
6496,519680.0,1,0.44572341442108154,0.40121084451675415,0.21052,0.00018348044250160456,-22.708,-5.456,2.429,166.855,1.05045
6497,519760.0,1,0.4489838480949402,0.46250754594802856,0.20069,0.00019015661382582039,-22.698,-5.352,2.428,166.8,1.05045
6498,519840.0,1,0.4252302944660187,0.4220028221607208,0.21082,0.00014644484326709062,-23.088,-5.561,2.625,166.858,1.05035
6499,519920.0,1,0.22218476235866547,0.2924972474575043,0.25224,0.00011047445877920836,-22.96,-5.607,2.74,166.792,1.05056
6500,520000.0,1,0.18642090260982513,0.25219589471817017,0.26188,0.00010827068763319403,-22.644,-5.673,2.765,166.856,1.05055
6501,520080.0,1,0.16232836246490479,0.2266007512807846,0.26761,0.00010262150317430496,-22.508,-5.666,2.771,166.782,1.05075
6502,520160.0,1,0.1486462503671646,0.21835029125213623,0.27152,8.99238366400823e-05,-22.451,-5.749,2.788,166.821,1.05067
6503,520240.0,1,0.14941059052944183,0.20520804822444916,0.27158,8.968645124696195e-05,-22.376,-5.791,2.852,166.776,1.05076
6504,520320.0,1,0.14666341245174408,0.1877560019493103,0.27463,8.363470260519534e-05,-22.391,-5.814,2.889,166.785,1.0507
6505,520400.0,1,0.1411532759666443,0.1771659255027771,0.27732,9.145405783783644e-05,-22.316,-5.813,2.873,166.763,1.05089
6506,520480.0,1,0.13095344603061676,0.16590823233127594,0.28064,9.449685603613034e-05,-22.33,-5.818,2.88,166.814,1.05078
6507,520560.0,1,0.12365615367889404,0.1621645987033844,0.28213,0.00010017744352808222,-22.301,-5.768,2.869,166.763,1.0511
6508,520640.0,1,0.1231597512960434,0.15608589351177216,0.28304,0.00010459315672051162,-22.254,-5.734,2.923,166.853,1.05093
6509,520720.0,1,0.12243545055389404,0.15447933971881866,0.28324,0.00010920055501628667,-22.269,-5.726,2.932,166.843,1.05078
6510,520800.0,1,0.12377393245697021,0.15157687664031982,0.28345,0.00011235863348701969,-22.278,-5.73,2.925,166.908,1.05053
6511,520880.0,1,0.11939366906881332,0.14449244737625122,0.28577,0.00010612495680106804,-22.306,-5.746,2.928,166.898,1.05124
6512,520960.0,1,0.11317963153123856,0.13925155997276306,0.28858,0.00010962037049466744,-22.309,-5.754,2.903,166.994,1.05087
6513,521040.0,1,0.1062474250793457,0.13684873282909393,0.29083,0.00010478252079337835,-22.415,-5.748,2.854,166.961,1.05106
6514,521120.0,1,0.5817794799804688,0.6076946258544922,0.15442,0.00020703017071355134,-23.352,-5.808,2.412,166.981,1.05194
6515,521200.0,1,0.5275274515151978,0.5609183311462402,0.17124,0.000190236751222983,-23.072,-5.758,2.457,166.845,1.05271
6516,521280.0,1,0.29167649149894714,0.30078524351119995,0.24513,0.00013897709141019732,-22.597,-5.938,2.462,166.851,1.05389
6517,521360.0,1,0.17821457982063293,0.16653862595558167,0.27475,0.00014385327813215554,-22.399,-5.952,2.435,166.693,1.05444
6518,521440.0,1,0.12617647647857666,0.12369178235530853,0.29108,0.00013484097144100815,-22.197,-5.918,2.452,166.653,1.05432
6519,521520.0,1,0.10426989197731018,0.10942209511995316,0.29836,0.00012386176967993379,-22.083,-5.894,2.51,166.564,1.05432
6520,521600.0,1,0.09570269286632538,0.10080195218324661,0.30145,0.00012400085688568652,-22.107,-5.917,2.586,166.586,1.05411
6521,521680.0,1,0.08386225253343582,0.09387417137622833,0.30716,0.0001070378057193011,-22.011,-5.914,2.666,166.509,1.05375
6522,521760.0,1,0.08394969999790192,0.09300502389669418,0.30845,0.00010204353020526469,-22.027,-5.904,2.729,166.587,1.05355
6523,521840.0,1,0.08164289593696594,0.08924295753240585,0.31005,9.742123074829578e-05,-22.008,-5.856,2.767,166.635,1.05315
6524,521920.0,1,0.08123379945755005,0.08873960375785828,0.31006,8.789438288658857e-05,-22.004,-5.784,2.82,166.686,1.05271
6525,522000.0,1,0.08365457504987717,0.08928032964468002,0.30859,8.755025191931054e-05,-21.921,-5.808,2.85,166.663,1.05262
6526,522080.0,1,0.08379850536584854,0.08790644258260727,0.30844,8.977646211860701e-05,-21.898,-5.81,2.817,166.713,1.05216
6527,522160.0,1,0.0790661871433258,0.08206940442323685,0.31086,9.153073915513232e-05,-21.745,-5.795,2.78,166.681,1.05208
6528,522240.0,1,0.0795421302318573,0.08437316119670868,0.30682,8.101938874460757e-05,-21.755,-5.872,2.929,166.716,1.05062
6529,522320.0,1,0.08033604174852371,0.0853152871131897,0.30415,8.229806553572416e-05,-21.809,-5.869,2.966,166.639,1.05098
6530,522400.0,1,0.07996825873851776,0.08465787768363953,0.30444,8.31627839943394e-05,-21.991,-5.785,2.984,166.667,1.05105
6531,522480.0,1,0.08107562363147736,0.08527595549821854,0.30432,8.364483073819429e-05,-22.081,-5.751,3.003,166.57,1.05155
6532,522560.0,1,0.08237998932600021,0.08682022988796234,0.30364,7.756258855806664e-05,-22.107,-5.76,3.022,166.587,1.0516
6533,522640.0,1,0.0831485167145729,0.08848678320646286,0.30279,7.272904622368515e-05,-22.035,-5.802,3.044,166.517,1.0522
6534,522720.0,1,0.07716961950063705,0.08538158982992172,0.30553,7.354567060247064e-05,-22.093,-5.786,3.026,166.535,1.05245
6535,522800.0,1,0.07845015078783035,0.08132527768611908,0.305,7.076507608871907e-05,-21.985,-5.818,3.004,166.456,1.05257
6536,522880.0,1,0.41773149371147156,0.3281489312648773,0.22144,0.00013904600928071886,-22.245,-5.532,2.662,166.511,1.05247
6537,522960.0,1,0.3906109929084778,0.3702797293663025,0.22088,0.0001218587058247067,-21.982,-5.585,2.786,166.464,1.05256
6538,523040.0,1,0.38226252794265747,0.35323354601860046,0.22448,0.0001100905064959079,-22.04,-5.693,2.789,166.5,1.05266
6539,523120.0,1,0.30984264612197876,0.31783321499824524,0.23704,0.0001062863739207387,-22.055,-5.733,2.841,166.461,1.05287
6540,523200.0,1,0.1995363086462021,0.23366019129753113,0.26123,9.160383342532441e-05,-21.795,-5.807,2.778,166.49,1.05236
6541,523280.0,1,0.160793274641037,0.20538370311260223,0.27115,9.931124077411368e-05,-21.682,-5.828,2.793,166.503,1.05247
6542,523360.0,1,0.13729210197925568,0.17592154443264008,0.27908,0.00011443164839874953,-21.849,-5.879,2.793,166.85,1.05185
6543,523440.0,1,0.10027185082435608,0.11779531091451645,0.29612,0.00011689682287396863,-21.808,-5.896,2.854,166.797,1.05183
6544,523520.0,1,0.09192921221256256,0.10691994428634644,0.30042,0.00011333678412484005,-21.675,-5.88,2.859,166.849,1.05174
6545,523600.0,1,0.09252073615789413,0.10558026283979416,0.30005,0.00011193067621206865,-21.719,-5.824,2.854,166.831,1.05176
6546,523680.0,1,0.09699714183807373,0.10831108689308167,0.29955,0.00010821453179232776,-21.781,-5.787,2.795,166.876,1.05174
6547,523760.0,1,0.10045646876096725,0.11414504796266556,0.29742,0.00011054580681957304,-21.954,-5.761,2.777,166.822,1.05172
6548,523840.0,1,0.08180757611989975,0.08983387798070908,0.30718,0.00012775709910783917,-21.89,-5.816,2.758,166.761,1.05162
6549,523920.0,1,0.08818288147449493,0.09377114474773407,0.30478,0.00011299600737402216,-21.866,-5.825,2.759,166.594,1.05227
6550,524000.0,1,0.08788221329450607,0.10274168103933334,0.30323,0.00014254967391025275,-22.109,-5.781,2.723,166.547,1.05229
6551,524080.0,1,0.09231718629598618,0.10558117926120758,0.30121,0.00013586392742581666,-22.18,-5.793,2.734,166.519,1.05221
6552,524160.0,1,0.08428017050027847,0.10101494938135147,0.30199,0.00011959470430156216,-22.168,-5.801,2.759,166.484,1.05189
6553,524240.0,1,0.08094215393066406,0.10359721630811691,0.29908,0.00011812875891337171,-22.169,-5.749,2.785,166.372,1.05239
6554,524320.0,1,0.08438125997781754,0.11003268510103226,0.29783,0.00012481215526349843,-22.133,-5.725,2.773,166.371,1.05254
6555,524400.0,1,0.08675031363964081,0.1161520704627037,0.29628,0.00013367571227718145,-22.099,-5.68,2.755,166.32,1.05277
6556,524480.0,1,0.08800073713064194,0.11545194685459137,0.29698,0.00012773358321283013,-22.019,-5.651,2.733,166.35,1.05264
6557,524560.0,1,0.0880192369222641,0.11661426723003387,0.2965,0.00012338282249402255,-22.023,-5.628,2.731,166.322,1.05323
6558,524640.0,1,0.08877808600664139,0.11830493062734604,0.29739,0.00013106178084854037,-22.064,-5.627,2.729,166.386,1.05324
6559,524720.0,1,0.09083140641450882,0.11711006611585617,0.29757,0.00013277299876790494,-21.966,-5.64,2.671,166.339,1.05316
6560,524800.0,1,0.08864954113960266,0.11566686630249023,0.29797,0.0001317397691309452,-22.01,-5.662,2.652,166.388,1.05273
6561,524880.0,1,0.08575651794672012,0.10942148417234421,0.29851,0.00013139865768607706,-22.183,-5.823,2.741,166.335,1.05288
6562,524960.0,1,0.08468594402074814,0.10719522833824158,0.29838,0.00013505223614629358,-22.264,-5.82,2.707,166.388,1.05311
6563,525040.0,1,0.08486602455377579,0.10668869316577911,0.29722,0.00013651896733790636,-22.26,-5.825,2.727,166.364,1.05303
6564,525120.0,1,0.08334749191999435,0.10559577494859695,0.29954,0.0001383460039505735,-22.081,-5.707,2.855,166.36,1.05302
6565,525200.0,1,0.08503686636686325,0.11167828738689423,0.29896,0.00013493023288901895,-21.96,-5.627,2.867,166.386,1.05293
6566,525280.0,1,0.08796962350606918,0.1132541224360466,0.29801,0.0001295539696002379,-21.976,-5.601,2.914,166.427,1.05292
6567,525360.0,1,0.09150099009275436,0.11771252751350403,0.29688,0.00014134329103399068,-21.941,-5.605,2.9,166.422,1.05272
6568,525440.0,1,0.09863200038671494,0.12216029316186905,0.29407,0.0001288728672079742,-21.91,-5.623,2.899,166.479,1.05261
6569,525520.0,1,0.12405234575271606,0.14723533391952515,0.2871,0.00012257952766958624,-22.011,-5.607,2.862,166.519,1.05255
6570,525600.0,1,0.37305429577827454,0.37034860253334045,0.22823,0.00016396392311435193,-22.001,-5.572,2.751,166.475,1.05295
6571,525680.0,1,0.33664605021476746,0.3377947211265564,0.24026,0.00017031890456564724,-21.687,-5.555,2.803,166.441,1.05266
6572,525760.0,1,0.1805383563041687,0.22886192798614502,0.27102,0.00013076121103949845,-21.673,-5.616,2.943,166.466,1.05244
6573,525840.0,1,0.13768991827964783,0.17018207907676697,0.28362,0.00011775189341278747,-21.637,-5.652,2.986,166.476,1.05245
6574,525920.0,1,0.11865699291229248,0.14258675277233124,0.29075,0.0001175904180854559,-21.602,-5.649,3.004,166.557,1.05189
6575,526000.0,1,0.10813822597265244,0.13306063413619995,0.29271,0.00012126474757678807,-21.588,-5.671,3.049,166.573,1.05187
6576,526080.0,1,0.10350669920444489,0.11993633210659027,0.29758,0.00013535819016397,-21.326,-5.761,3.051,166.633,1.05114
6577,526160.0,1,0.09715219587087631,0.10964934527873993,0.30047,0.0001482979132561013,-21.333,-5.782,3.07,166.652,1.05118
6578,526240.0,1,0.0928715243935585,0.10581352561712265,0.30212,0.00015318524674512446,-21.331,-5.847,3.105,166.778,1.05053
6579,526320.0,1,0.08981882780790329,0.09854000806808472,0.30369,0.00015695826732553542,-21.395,-5.89,3.116,166.743,1.05028
6580,526400.0,1,0.06350511312484741,0.09075712412595749,0.31224,0.00015531214012298733,-21.46,-5.913,3.234,166.745,1.05013
6581,526480.0,1,0.05951395630836487,0.08130767196416855,0.31482,0.00016604133998043835,-21.538,-5.796,3.341,166.622,1.0504
6582,526560.0,1,0.05681924149394035,0.07401149719953537,0.31774,0.00016175744531210512,-21.636,-5.848,3.366,166.679,1.05052
6583,526640.0,1,0.06090598553419113,0.07465676218271255,0.3162,0.0001466143294237554,-21.719,-5.891,3.386,166.609,1.05079
6584,526720.0,1,0.062098514288663864,0.07411927729845047,0.31523,0.00012241225340403616,-21.735,-5.923,3.403,166.604,1.05116
6585,526800.0,1,0.059268075972795486,0.07123715430498123,0.31575,0.00011238713341299444,-21.715,-5.935,3.414,166.579,1.05082
6586,526880.0,1,0.06202590465545654,0.07453817874193192,0.31308,0.00012044801405863836,-21.756,-5.939,3.401,166.583,1.05074
6587,526960.0,1,0.06239745765924454,0.07248938083648682,0.3113,0.00011245586210861802,-21.86,-6.027,3.498,166.555,1.05067
6588,527040.0,1,0.06317636370658875,0.07873271405696869,0.31035,0.00010791436943691224,-21.794,-5.93,3.429,166.539,1.05078
6589,527120.0,1,0.06298074126243591,0.08066444098949432,0.31063,0.00011502360575832427,-21.724,-5.889,3.398,166.545,1.0504
6590,527200.0,1,0.0631905347108841,0.084823377430439,0.30941,0.00012160078767919913,-21.654,-5.819,3.352,166.604,1.05049
6591,527280.0,1,0.061988715082407,0.08699969202280045,0.31004,0.00012782558042090386,-21.59,-5.817,3.293,166.57,1.05051
6592,527360.0,1,0.06320981681346893,0.08537079393863678,0.30986,0.00011309635738143697,-21.563,-5.794,3.259,166.698,1.05014
6593,527440.0,1,0.06264504045248032,0.08324944972991943,0.31035,0.00010973185999318957,-21.464,-5.814,3.272,166.678,1.04977
6594,527520.0,1,0.06340564787387848,0.08043015748262405,0.31042,0.00011747363896574825,-21.56,-5.81,3.323,166.674,1.04993
6595,527600.0,1,0.1558683216571808,0.15060682594776154,0.27521,0.00014430293231271207,-21.843,-5.665,3.191,166.783,1.04955
6596,527680.0,1,0.5693106651306152,0.5082074403762817,0.17315,0.00022788051865063608,-22.563,-5.582,3.078,166.808,1.04947
6597,527760.0,1,0.46423235535621643,0.43724730610847473,0.20043,0.00023897993378341198,-22.331,-5.502,3.081,166.721,1.04954
6598,527840.0,1,0.31897610425949097,0.3799666464328766,0.23174,0.0001831547706387937,-22.14,-5.495,3.215,166.659,1.05036
6599,527920.0,1,0.15037024021148682,0.2697412669658661,0.26728,0.0001528153952676803,-22.079,-5.515,3.296,166.081,1.05663
6600,528000.0,1,0.12301217764616013,0.18997015058994293,0.28082,0.00014032053877599537,-21.866,-5.844,3.266,165.852,1.05936
6601,528080.0,1,0.10806645452976227,0.16401992738246918,0.28751,0.0001545442355563864,-21.964,-5.981,3.249,165.83,1.05924
6602,528160.0,1,0.10331450402736664,0.15174171328544617,0.291,0.00014840258518233895,-22.14,-6.031,3.245,165.879,1.05909
6603,528240.0,1,0.09512094408273697,0.13623148202896118,0.29377,0.0001501768419984728,-22.118,-6.035,3.239,165.84,1.05884
6604,528320.0,1,0.09357117861509323,0.12944848835468292,0.29333,0.00014541611017193645,-22.076,-6.044,3.145,165.911,1.05873
6605,528400.0,1,0.07789208739995956,0.11899542063474655,0.29951,0.00012776099902112037,-22.306,-6.083,3.078,165.885,1.05867
6606,528480.0,1,0.07831881940364838,0.1033826693892479,0.30259,0.00010574089537840337,-21.716,-6.234,3.053,166.049,1.05841
6607,528560.0,1,0.07805287837982178,0.10211464762687683,0.30486,0.00013096646580379456,-21.669,-6.188,3.081,166.061,1.0586
6608,528640.0,1,0.07848870009183884,0.09987059235572815,0.30589,0.00012858059199061245,-21.52,-6.119,3.014,166.127,1.05835
6609,528720.0,1,0.07717584073543549,0.09861116856336594,0.30716,0.0001446312089683488,-21.438,-6.104,2.972,166.145,1.05873
6610,528800.0,1,0.07819291949272156,0.09574773907661438,0.30783,0.00014054389612283558,-21.4,-6.06,2.925,166.212,1.05877
6611,528880.0,1,0.07796793431043625,0.09461464732885361,0.30648,0.0001272687950404361,-21.365,-6.094,2.868,166.168,1.05896
6612,528960.0,1,0.07859029620885849,0.09265562891960144,0.30603,0.00011628933862084523,-21.023,-6.124,2.864,166.112,1.05895
6613,529040.0,1,0.08023115992546082,0.09232448786497116,0.30626,0.00010715697862906381,-20.69,-6.03,2.843,166.06,1.05903
6614,529120.0,1,0.08096560835838318,0.09468928724527359,0.30656,0.00010200354154221714,-20.706,-6.001,2.831,166.081,1.05839
6615,529200.0,1,0.08351129293441772,0.09555574506521225,0.30608,9.454481187276542e-05,-20.736,-6.039,2.839,166.052,1.05841
6616,529280.0,1,0.088798888027668,0.09351126104593277,0.30456,9.073229739442468e-05,-20.66,-5.968,2.864,166.057,1.05858
6617,529360.0,1,0.09246386587619781,0.0947941243648529,0.3036,6.980550097068772e-05,-20.656,-5.92,2.834,166.03,1.05827
6618,529440.0,1,0.09587042033672333,0.0997544676065445,0.30152,6.423453305615112e-05,-20.657,-5.923,2.821,166.042,1.05819
6619,529520.0,1,0.09513144940137863,0.09911787509918213,0.30196,6.345323345158249e-05,-20.686,-5.948,2.838,165.97,1.05809
6620,529600.0,1,0.0905461460351944,0.09582088887691498,0.30489,5.917467933613807e-05,-20.673,-6.118,2.83,165.895,1.05761
6621,529680.0,1,0.09052737802267075,0.09812162071466446,0.30433,7.397247100016102e-05,-20.681,-6.127,2.883,165.94,1.05578
6622,529760.0,1,0.0790921300649643,0.09125205129384995,0.30786,8.177790004992858e-05,-20.679,-6.096,2.976,165.842,1.05603
6623,529840.0,1,0.07949908822774887,0.0907377302646637,0.30808,9.288197907153517e-05,-20.557,-6.125,2.983,165.784,1.05587
6624,529920.0,1,0.08248637616634369,0.09025780111551285,0.30781,9.404253796674311e-05,-20.046,-6.135,3.115,165.667,1.05505
6625,530000.0,1,0.08178944885730743,0.08811265975236893,0.30889,8.705590153113008e-05,-20.004,-6.103,3.195,165.624,1.05503
6626,530080.0,1,0.08346638083457947,0.0888671800494194,0.30845,8.526483725290745e-05,-19.926,-6.072,3.253,165.659,1.05497
6627,530160.0,1,0.08420775085687637,0.08867105841636658,0.30837,8.029708260437474e-05,-20.043,-6.092,3.293,165.561,1.0543
6628,530240.0,1,0.08380695432424545,0.08740255236625671,0.30799,7.282280421350151e-05,-20.221,-6.139,3.335,165.583,1.05412
6629,530320.0,1,0.08080382645130157,0.0842694342136383,0.3091,5.961834904155694e-05,-20.494,-6.182,3.361,165.571,1.05373
6630,530400.0,1,0.07689998298883438,0.07870490849018097,0.31077,5.6679637054912746e-05,-20.591,-6.098,3.368,165.601,1.05326
6631,530480.0,1,0.07480638474225998,0.07646483927965164,0.31184,5.304891965351999e-05,-20.569,-6.088,3.348,165.545,1.05323
6632,530560.0,1,0.07243288308382034,0.07272068411111832,0.31289,5.015759597881697e-05,-20.419,-6.121,3.299,165.565,1.05295
6633,530640.0,1,0.07012028992176056,0.07082775235176086,0.31271,4.240891939844005e-05,-20.432,-6.13,3.298,165.532,1.05294
6634,530720.0,1,0.067451611161232,0.06698276102542877,0.31092,4.264832386979833e-05,-20.663,-6.124,3.176,165.66,1.05253
6635,530800.0,1,0.06923557072877884,0.06681028008460999,0.3105,4.068170164828189e-05,-20.691,-6.087,3.109,165.613,1.05224
6636,530880.0,1,0.06980735063552856,0.06658011674880981,0.31286,4.63531214336399e-05,-20.676,-6.079,3.126,165.577,1.0519
6637,530960.0,1,0.06771969795227051,0.06720889359712601,0.31585,4.895423262496479e-05,-20.717,-6.054,3.05,165.57,1.05177
6638,531040.0,1,0.07908719778060913,0.0738278180360794,0.31256,5.195028643356636e-05,-20.75,-6.009,2.932,165.659,1.05189
6639,531120.0,1,0.7586805820465088,0.6946054697036743,0.09137,0.0001049291095114313,-21.902,-5.724,2.506,165.685,1.05185
6640,531200.0,1,0.6797101497650146,0.618730902671814,0.12383,0.00015300042286980897,-21.868,-5.708,2.405,165.797,1.05179
6641,531280.0,1,0.43319255113601685,0.49895942211151123,0.19022,0.00012803735444322228,-21.731,-5.833,2.595,165.79,1.05211
6642,531360.0,1,0.20244531333446503,0.25489547848701477,0.26016,7.4408708314877e-05,-21.654,-5.832,2.615,165.879,1.05169
6643,531440.0,1,0.14693845808506012,0.18953172862529755,0.27715,5.3553500038105994e-05,-21.565,-5.942,2.729,165.828,1.05177
6644,531520.0,1,0.11984597146511078,0.1680104285478592,0.28704,5.3075742471264675e-05,-21.535,-5.995,2.861,165.838,1.05156
6645,531600.0,1,0.06614647805690765,0.0867125391960144,0.315,7.137074862839654e-05,-20.978,-6.015,2.818,165.777,1.05168
6646,531680.0,1,0.06801994889974594,0.08110695332288742,0.31657,7.165080751292408e-05,-20.799,-5.919,2.648,165.801,1.05178
6647,531760.0,1,0.07782188057899475,0.08167114108800888,0.31524,5.3939740610076115e-05,-20.797,-5.932,2.656,165.795,1.0518
6648,531840.0,1,0.07584968954324722,0.09450402855873108,0.31256,5.581930963671766e-05,-21.388,-6.027,2.819,165.984,1.0511
6649,531920.0,1,0.08641588687896729,0.10841161012649536,0.30604,5.597367271548137e-05,-21.599,-6.169,2.878,165.883,1.05181
6650,532000.0,1,0.08371040225028992,0.1044931635260582,0.30746,5.5128584790509194e-05,-21.869,-6.264,2.953,165.948,1.05171
6651,532080.0,1,0.0841388925909996,0.10062344372272491,0.30673,5.877201692783274e-05,-21.942,-6.235,2.968,165.908,1.05176
6652,532160.0,1,0.07811387628316879,0.09765389561653137,0.30798,6.009187563904561e-05,-21.89,-6.222,2.94,165.904,1.05202
6653,532240.0,1,0.07910605520009995,0.09699496626853943,0.30809,6.557560118380934e-05,-22.076,-6.26,2.942,165.822,1.05225
6654,532320.0,1,0.05901939421892166,0.07095354795455933,0.32342,8.003824041225016e-05,-22.105,-6.391,3.086,165.855,1.05218
6655,532400.0,1,0.05878138169646263,0.07291196286678314,0.32292,7.170152821345255e-05,-22.327,-6.314,3.073,165.81,1.05223
6656,532480.0,1,0.0587383434176445,0.06566782295703888,0.32595,7.324890611926094e-05,-22.274,-6.319,3.123,166.043,1.05171
6657,532560.0,1,0.06971479207277298,0.07355891913175583,0.31883,8.272436389233917e-05,-22.358,-6.319,3.127,165.94,1.05195
6658,532640.0,1,0.07560720294713974,0.08030366897583008,0.31513,8.863184484653175e-05,-22.616,-6.372,3.179,166.003,1.05193
6659,532720.0,1,0.07725299894809723,0.08308890461921692,0.31131,9.056407725438476e-05,-22.51,-6.298,3.158,165.859,1.05197
6660,532800.0,1,0.07700740545988083,0.08369998633861542,0.31045,7.269637717399746e-05,-22.316,-6.275,3.142,165.8,1.0511
6661,532880.0,1,0.07757089287042618,0.08353813737630844,0.31055,6.950002716621384e-05,-22.268,-6.16,3.108,165.749,1.05078
6662,532960.0,1,0.07433342933654785,0.08038028329610825,0.31249,6.988149834796786e-05,-22.262,-6.12,3.056,165.788,1.05043
6663,533040.0,1,0.09092458337545395,0.08906102925539017,0.30662,7.514251774409786e-05,-22.391,-5.984,2.901,165.677,1.04952
6664,533120.0,1,0.615330696105957,0.5288410186767578,0.16635,0.0002071312628686428,-23.068,-5.645,2.492,165.61,1.04871
6665,533200.0,1,0.49526843428611755,0.44916200637817383,0.19746,0.00021020392887294292,-23.001,-5.655,2.535,165.414,1.04853
6666,533280.0,1,0.3848918080329895,0.35730499029159546,0.22999,0.00018948076467495412,-22.855,-5.737,2.499,165.372,1.04767
6667,533360.0,1,0.21508805453777313,0.2369869202375412,0.26306,0.0001637887762626633,-22.599,-5.781,2.482,165.249,1.04701
6668,533440.0,1,0.13875718414783478,0.1830713152885437,0.27792,0.000163051561685279,-22.642,-5.852,2.469,165.177,1.04638
6669,533520.0,1,0.12214098125696182,0.1757018268108368,0.28223,0.00015627758693881333,-22.694,-5.812,2.484,165.047,1.04585
6670,533600.0,1,0.1130811870098114,0.1667095571756363,0.2857,0.00014657294377684593,-22.759,-5.736,2.512,164.892,1.04415
6671,533680.0,1,0.11196347326040268,0.1568472683429718,0.28718,0.00012761002290062606,-22.806,-5.813,2.584,164.669,1.04328
6672,533760.0,1,0.11251136660575867,0.14373598992824554,0.28986,0.00010872155689867213,-22.636,-5.975,2.64,164.458,1.0415
6673,533840.0,1,0.1046447604894638,0.1274814009666443,0.29406,0.000108402302430477,-22.29,-6.043,2.646,164.351,1.04082
6674,533920.0,1,0.08784950524568558,0.11380888521671295,0.29942,0.00010122653475264087,-22.026,-6.032,2.571,164.441,1.03829
6675,534000.0,1,0.08934758603572845,0.10938555002212524,0.30151,0.00010816821304615587,-21.998,-6.019,2.552,164.29,1.038
6676,534080.0,1,0.08565246313810349,0.10239306837320328,0.30298,0.0001054173189913854,-21.934,-5.96,2.581,164.174,1.03719
6677,534160.0,1,0.08180198073387146,0.08918189257383347,0.30749,0.00010562812531134114,-21.762,-5.837,2.569,164.045,1.0365
6678,534240.0,1,0.08380216360092163,0.09369034320116043,0.30582,0.00010645273141562939,-21.797,-5.793,2.571,164.064,1.03585
6679,534320.0,1,0.08373836427927017,0.09542161971330643,0.30595,0.00011133923544548452,-21.777,-5.746,2.631,164.047,1.03618
6680,534400.0,1,0.08929338306188583,0.09286108613014221,0.30499,0.00010593001934466884,-21.752,-5.66,2.574,164.176,1.03653
6681,534480.0,1,0.07064317166805267,0.07852787524461746,0.31125,9.592909918865189e-05,-21.82,-5.57,2.567,164.132,1.03661
6682,534560.0,1,0.0708659216761589,0.08120620250701904,0.31,9.036291157826781e-05,-22.027,-5.495,2.552,164.149,1.03694
6683,534640.0,1,0.0720737874507904,0.08491633832454681,0.30848,7.489606650779024e-05,-22.113,-5.395,2.569,164.106,1.03717
6684,534720.0,1,0.07319502532482147,0.08910202234983444,0.30649,6.727939035044983e-05,-21.737,-5.592,2.61,164.072,1.03943
6685,534800.0,1,0.07179249078035355,0.0860643982887268,0.30797,7.505342364311218e-05,-21.63,-5.697,2.626,163.986,1.03967
6686,534880.0,1,0.07191771268844604,0.08801183849573135,0.30683,7.982800161698833e-05,-21.606,-5.707,2.574,163.947,1.03973
6687,534960.0,1,0.07136011123657227,0.08840979635715485,0.30652,8.244038326665759e-05,-21.608,-5.706,2.555,163.815,1.0393
6688,535040.0,1,0.0730365514755249,0.0889139249920845,0.30629,8.59128704178147e-05,-21.599,-5.711,2.547,163.828,1.0409
6689,535120.0,1,0.07527491450309753,0.08882135152816772,0.30614,7.722295413259417e-05,-21.591,-5.667,2.563,163.703,1.04217
6690,535200.0,1,0.07574500888586044,0.08909495919942856,0.3061,8.324395457748324e-05,-21.722,-5.624,2.548,163.631,1.04342
6691,535280.0,1,0.05515503138303757,0.07846704870462418,0.31426,8.454982162220404e-05,-21.723,-5.631,2.665,163.453,1.04709
6692,535360.0,1,0.06864209473133087,0.08712773025035858,0.30833,9.170320845441893e-05,-21.852,-5.701,2.729,163.382,1.05312
6693,535440.0,1,0.06285965442657471,0.08340387791395187,0.31088,9.276629134546965e-05,-21.725,-5.748,2.766,163.351,1.05617
6694,535520.0,1,0.05832759290933609,0.08083461225032806,0.31191,9.650290303397924e-05,-21.605,-5.7,2.777,163.423,1.0591
6695,535600.0,1,0.05105704441666603,0.07832641154527664,0.31477,0.00011008966248482466,-21.589,-5.681,2.795,163.471,1.06109
6696,535680.0,1,0.05194443464279175,0.07448859512805939,0.3171,9.69492393778637e-05,-21.614,-5.637,2.834,163.658,1.06484
6697,535760.0,1,0.05161363258957863,0.07023601979017258,0.3193,9.929069346981123e-05,-21.632,-5.603,2.83,163.77,1.06596
6698,535840.0,1,0.0673971101641655,0.0795150175690651,0.31205,0.00010078539344249293,-21.634,-5.604,2.765,164.146,1.06968
6699,535920.0,1,0.06648425757884979,0.07931406050920486,0.31295,9.693038009572774e-05,-21.63,-5.633,2.764,164.206,1.071
6700,536000.0,1,0.06948324292898178,0.08183946460485458,0.31083,9.955102723324671e-05,-21.862,-5.789,2.937,164.465,1.0722
6701,536080.0,1,0.20116683840751648,0.19157886505126953,0.26369,0.0001287283084820956,-21.861,-5.754,2.772,164.409,1.07377
6702,536160.0,1,0.3352404534816742,0.3575831651687622,0.23229,0.00016841171600390226,-21.872,-5.6,2.664,164.475,1.07477
6703,536240.0,1,0.3211144506931305,0.3477247953414917,0.23789,0.00016324601892847568,-21.917,-5.542,2.665,164.542,1.07652
6704,536320.0,1,0.201006218791008,0.18206793069839478,0.27173,0.00015648396220058203,-21.74,-5.543,2.61,164.717,1.07819
6705,536400.0,1,0.11976020783185959,0.11248013377189636,0.29588,0.00015313996118493378,-21.596,-5.532,2.618,164.933,1.08008
6706,536480.0,1,0.10366116464138031,0.09798139333724976,0.30215,0.00014544329314958304,-21.566,-5.515,2.58,165.12,1.08082
6707,536560.0,1,0.09635792672634125,0.10094693303108215,0.30404,0.00013473686703946441,-21.545,-5.521,2.57,165.148,1.08157
6708,536640.0,1,0.08141032606363297,0.08186334371566772,0.3109,9.287338616559282e-05,-21.389,-5.633,2.732,165.213,1.08286
6709,536720.0,1,0.07783067971467972,0.08021055161952972,0.30917,8.456885552732274e-05,-21.319,-5.71,2.828,165.281,1.08229
6710,536800.0,1,0.07595507800579071,0.08055509626865387,0.30824,8.115795935736969e-05,-21.503,-5.812,2.906,165.346,1.08223
6711,536880.0,1,0.07304733246564865,0.07562368363142014,0.31047,6.174633017508313e-05,-21.466,-5.789,2.959,165.294,1.08218
6712,536960.0,1,0.07553499937057495,0.07427187263965607,0.30987,6.128402310423553e-05,-21.514,-5.784,2.934,165.336,1.08178
6713,537040.0,1,0.0693180114030838,0.06914017349481583,0.31459,6.247402052395046e-05,-21.525,-5.837,2.92,165.3,1.08127
6714,537120.0,1,0.07629120349884033,0.06785862892866135,0.31297,5.9959987993352115e-05,-21.441,-5.883,2.826,165.312,1.08051
6715,537200.0,1,0.0782727301120758,0.07419555634260178,0.31081,7.031465793261304e-05,-21.422,-5.842,2.781,165.167,1.07985
6716,537280.0,1,0.07770773023366928,0.07508137077093124,0.31117,7.431992708006874e-05,-21.37,-5.801,2.752,165.133,1.07951
6717,537360.0,1,0.0780462697148323,0.07974883913993835,0.30964,7.920472125988454e-05,-21.487,-5.76,2.757,164.996,1.07881
6718,537440.0,1,0.10121112316846848,0.09013708680868149,0.30311,7.661831477889791e-05,-21.617,-5.807,2.628,164.921,1.07816
6719,537520.0,1,0.5770760774612427,0.5706725120544434,0.16347,0.00014961199485696852,-22.988,-5.61,2.428,164.756,1.07685
6720,537600.0,1,0.3186822235584259,0.3484165072441101,0.23703,0.00015435603563673794,-21.561,-5.386,2.461,164.367,1.06978
6721,537680.0,1,0.1659817099571228,0.16424262523651123,0.27578,0.0001514616160420701,-21.306,-5.527,2.429,164.087,1.06728
6722,537760.0,1,0.10251206159591675,0.1307167261838913,0.29147,0.00013899127952754498,-21.311,-5.537,2.479,163.814,1.06392
6723,537840.0,1,0.09047418087720871,0.1083066463470459,0.29867,0.00012338999658823013,-21.253,-5.576,2.471,163.489,1.06031
6724,537920.0,1,0.08173119276762009,0.09929701685905457,0.30192,0.00010641010157996789,-21.283,-5.608,2.487,163.201,1.05707
6725,538000.0,1,0.076079823076725,0.08996770530939102,0.30487,0.00010772959649330005,-21.263,-5.613,2.476,162.888,1.05413
6726,538080.0,1,0.049005549401044846,0.0788550153374672,0.31313,0.0001071102888090536,-21.348,-5.614,2.665,162.882,1.0495
6727,538160.0,1,0.05209016427397728,0.07214132696390152,0.31443,0.00011285084474366158,-21.444,-5.633,2.645,162.778,1.04545
6728,538240.0,1,0.05556400120258331,0.07348161935806274,0.31362,0.00011310358240734786,-21.571,-5.68,2.634,162.956,1.04516
6729,538320.0,1,0.05983097851276398,0.08427362143993378,0.31098,0.0001338494330411777,-21.217,-5.78,2.669,163.28,1.04654
6730,538400.0,1,0.059135522693395615,0.08277686685323715,0.3119,0.00012441420403774828,-21.418,-5.851,2.668,163.956,1.05041
6731,538480.0,1,0.05882217362523079,0.08223345875740051,0.31205,0.0001169486713479273,-21.617,-5.801,2.683,164.527,1.05803
6732,538560.0,1,0.060217153280973434,0.07800453901290894,0.31278,0.0001105702540371567,-21.592,-5.803,2.654,165.017,1.06558
6733,538640.0,1,0.06468303501605988,0.0816732868552208,0.31135,0.00011204942711628973,-21.691,-5.703,2.707,165.236,1.06838
6734,538720.0,1,0.06773927807807922,0.08058854192495346,0.31043,0.0001070800717570819,-21.9,-5.738,2.748,165.403,1.0701
6735,538800.0,1,0.06960755586624146,0.07954970747232437,0.30958,0.00010760003351606429,-21.908,-5.719,2.7,165.419,1.07091
6736,538880.0,1,0.43019598722457886,0.5566195845603943,0.18502,0.00023354942095465958,-22.635,-5.6,2.444,165.477,1.06947
6737,538960.0,1,0.5939925312995911,0.7053796052932739,0.1206,0.0003290008462499827,-23.319,-5.673,2.38,165.436,1.06854
6738,539040.0,1,0.42759743332862854,0.4507356882095337,0.19952,0.00021369023306760937,-23.082,-5.526,2.351,165.609,1.06696
6739,539120.0,1,0.15137390792369843,0.23939894139766693,0.27141,0.00014242208271753043,-22.747,-5.695,2.698,165.705,1.06498
6740,539200.0,1,0.09562203288078308,0.1243816465139389,0.29659,0.0001409247488481924,-22.527,-5.795,2.685,165.89,1.06367
6741,539280.0,1,0.08199457079172134,0.10816209763288498,0.303,0.0001227550965268165,-22.511,-5.826,2.706,165.995,1.06401
6742,539360.0,1,0.08568047732114792,0.10538304597139359,0.30265,0.00011436271597631276,-22.47,-5.834,2.679,166.306,1.06374
6743,539440.0,1,0.08937738090753555,0.10585802048444748,0.30086,0.00010452933929627761,-22.411,-5.821,2.675,166.563,1.06391
6744,539520.0,1,0.08687441796064377,0.09359289705753326,0.30469,0.00011847360292449594,-22.329,-5.871,2.644,167.015,1.06521
6745,539600.0,1,0.08706220239400864,0.0960816740989685,0.3054,0.0001266591134481132,-22.033,-5.778,2.633,167.258,1.0663
6746,539680.0,1,0.08623139560222626,0.09658335894346237,0.30507,0.0001420743064954877,-21.935,-5.772,2.604,167.775,1.06724
6747,539760.0,1,0.07997027784585953,0.0922212302684784,0.30887,0.0001272176014026627,-22.141,-5.807,2.599,168.239,1.06808
6748,539840.0,1,0.07841342687606812,0.08678065985441208,0.30974,0.00012597639579325914,-22.128,-5.849,2.623,165.55,1.06966
6749,539920.0,1,0.0750013068318367,0.08536490797996521,0.31052,0.00011954795627389103,-22.312,-5.726,2.627,165.201,1.06711
6750,540000.0,1,0.0763620063662529,0.08456286042928696,0.31001,0.00012529664672911167,-22.418,-5.701,2.612,165.604,1.06608
6751,540080.0,1,0.07822037488222122,0.08259914815425873,0.30823,0.00011286893277429044,-22.05,-5.78,2.583,162.865,1.07361
6752,540160.0,1,0.08138590306043625,0.08112925291061401,0.30731,0.0001118051222874783,-22.246,-5.78,2.656,164.204,1.06855
6753,540240.0,1,0.08345170319080353,0.08245620876550674,0.30699,0.00010878108150791377,-22.308,-5.737,2.649,164.799,1.06741
6754,540320.0,1,0.08410380780696869,0.08254490792751312,0.30648,9.829970804275945e-05,-22.396,-5.723,2.669,165.215,1.06697
6755,540400.0,1,0.08780623227357864,0.0822933167219162,0.30557,8.85602057678625e-05,-22.455,-5.767,2.753,165.775,1.05997
6756,540480.0,1,0.09330509603023529,0.08840416371822357,0.30171,7.727879710728303e-05,-22.379,-5.716,2.784,165.843,1.05993
6757,540560.0,1,0.09479192644357681,0.09438858181238174,0.29999,7.71437626099214e-05,-22.191,-5.629,2.76,165.664,1.06295
6758,540640.0,1,0.09219057857990265,0.0963665246963501,0.30037,7.383012416539714e-05,-22.139,-5.625,2.785,165.702,1.06374
6759,540720.0,1,0.09340597689151764,0.09900658577680588,0.29936,7.539135549450293e-05,-22.156,-5.619,2.839,165.695,1.06373
6760,540800.0,1,0.08551879972219467,0.09917154163122177,0.30054,7.585368439322338e-05,-22.127,-5.622,2.903,165.957,1.0619
6761,540880.0,1,0.0880398154258728,0.10459663718938828,0.29881,7.997216016519815e-05,-22.172,-5.625,2.917,165.99,1.06057
6762,540960.0,1,0.09208494424819946,0.11064047366380692,0.2974,8.347495167981833e-05,-22.252,-5.651,2.91,165.822,1.06111
6763,541040.0,1,0.09651164710521698,0.11607146263122559,0.29529,8.898822125047445e-05,-22.324,-5.64,2.895,165.761,1.05991
6764,541120.0,1,0.09532712399959564,0.1156720370054245,0.29561,8.949037874117494e-05,-22.284,-5.619,2.867,165.888,1.05775
6765,541200.0,1,0.0953218936920166,0.11384862661361694,0.29624,8.60207510413602e-05,-22.053,-5.482,2.841,165.946,1.05759
6766,541280.0,1,0.09282463788986206,0.1133471131324768,0.29725,8.583565067965537e-05,-21.984,-5.445,2.814,166.121,1.05914
6767,541360.0,1,0.08652511984109879,0.10838621109724045,0.29949,8.90952069312334e-05,-22.125,-5.459,2.89,166.006,1.0652
6768,541440.0,1,0.0795011892914772,0.10080370306968689,0.3041,8.456958312308416e-05,-22.054,-5.529,2.911,166.5,1.06989
6769,541520.0,1,0.07711564749479294,0.10055842995643616,0.30558,9.114958811551332e-05,-22.14,-5.644,2.957,167.188,1.07087
6770,541600.0,1,0.08143986761569977,0.1018294170498848,0.3033,9.697789209894836e-05,-22.281,-5.591,2.88,167.591,1.07144
6771,541680.0,1,0.07863077521324158,0.10130639374256134,0.3046,0.00010003988427342847,-22.289,-5.57,2.838,167.788,1.07198
6772,541760.0,1,0.07818576693534851,0.10477138310670853,0.30344,9.60941833909601e-05,-22.191,-5.543,2.807,168.146,1.07178
6773,541840.0,1,0.07535462081432343,0.10326395183801651,0.30403,0.00010013733117375523,-22.216,-5.555,2.77,168.342,1.0722
6774,541920.0,1,0.08356616646051407,0.10474615544080734,0.30043,0.00010790747182909399,-22.21,-5.495,2.688,168.661,1.07237
6775,542000.0,1,0.07824306935071945,0.10079353302717209,0.3029,0.00011488077871035784,-22.193,-5.515,2.642,168.765,1.07313
6776,542080.0,1,0.07141552865505219,0.09504557400941849,0.30588,0.00010353365360060707,-22.289,-5.562,2.564,164.767,1.08086
6777,542160.0,1,0.07323165237903595,0.09540443867444992,0.30527,8.651952521177009e-05,-22.354,-5.569,2.628,164.45,1.08231
6778,542240.0,1,0.07234615832567215,0.09678900986909866,0.30547,8.36024119053036e-05,-22.774,-5.687,2.692,160.061,1.08397
6779,542320.0,1,0.07397695630788803,0.0947742909193039,0.30525,7.828068191884086e-05,-22.787,-5.684,2.696,160.412,1.08443
6780,542400.0,1,0.07670341432094574,0.09683910012245178,0.30491,7.871611887821928e-05,-22.301,-5.765,2.636,160.503,1.08529
6781,542480.0,1,0.07773391157388687,0.09620565921068192,0.3042,7.295340037671849e-05,-22.231,-5.751,2.583,160.584,1.08502
6782,542560.0,1,0.09501905739307404,0.10220641642808914,0.30084,6.662021041847765e-05,-22.225,-5.746,2.539,160.752,1.08504
6783,542640.0,1,0.6877318620681763,0.6603575944900513,0.1252,0.0001771223614923656,-23.687,-5.507,2.236,160.646,1.0826
6784,542720.0,1,0.5315642356872559,0.5124011039733887,0.18606,0.00014043995179235935,-22.998,-5.419,2.363,160.79,1.08161
6785,542800.0,1,0.3326454758644104,0.33730000257492065,0.23953,9.327517182100564e-05,-22.813,-5.405,2.392,160.745,1.08218
6786,542880.0,1,0.22440624237060547,0.24370430409908295,0.26269,8.088799950201064e-05,-22.697,-5.387,2.436,160.804,1.082
6787,542960.0,1,0.1561587154865265,0.19344046711921692,0.27591,7.838376041036099e-05,-22.615,-5.389,2.435,160.774,1.08148
6788,543040.0,1,0.13518011569976807,0.17993725836277008,0.2806,7.649005419807509e-05,-22.485,-5.365,2.398,160.799,1.08192
6789,543120.0,1,0.11972202360630035,0.1693132072687149,0.28426,7.745172479189932e-05,-22.462,-5.378,2.457,160.748,1.08234
6790,543200.0,1,0.11903797090053558,0.16685251891613007,0.28436,8.197145507438108e-05,-22.454,-5.374,2.457,160.789,1.08188
6791,543280.0,1,0.11284369230270386,0.15989011526107788,0.28597,7.989967707544565e-05,-22.422,-5.346,2.482,160.713,1.08166
6792,543360.0,1,0.08750086277723312,0.12272277474403381,0.29712,8.598401473136619e-05,-21.894,-5.46,2.432,160.735,1.08167
6793,543440.0,1,0.07038861513137817,0.08923197537660599,0.30959,8.374267781618983e-05,-21.784,-5.477,2.4,160.741,1.08158
6794,543520.0,1,0.06829623132944107,0.08882006257772446,0.31084,8.545775199308991e-05,-21.688,-5.479,2.39,160.789,1.08165
6795,543600.0,1,0.06963077932596207,0.09027671813964844,0.30953,8.428457658737898e-05,-21.557,-5.515,2.381,160.764,1.08178
6796,543680.0,1,0.07039326429367065,0.0920586884021759,0.30814,8.698901365278289e-05,-21.546,-5.493,2.38,160.782,1.08148
6797,543760.0,1,0.07358463108539581,0.09327752888202667,0.30584,8.509125473210588e-05,-21.607,-5.593,2.486,160.756,1.08143
6798,543840.0,1,0.07419709861278534,0.09176783263683319,0.30563,8.524923032382503e-05,-21.652,-5.591,2.521,160.746,1.0815
6799,543920.0,1,0.07508032023906708,0.08776119351387024,0.30605,8.978400001069531e-05,-22.032,-5.541,2.613,160.573,1.07814
6800,544000.0,1,0.07536499947309494,0.08448685705661774,0.30598,9.392889478476718e-05,-22.114,-5.588,2.679,160.574,1.07721
6801,544080.0,1,0.07627280801534653,0.08468784391880035,0.30578,9.16524077183567e-05,-22.119,-5.609,2.697,160.531,1.07699
6802,544160.0,1,0.07656991481781006,0.08455564081668854,0.30567,8.819764479994774e-05,-22.142,-5.604,2.719,160.572,1.0768
6803,544240.0,1,0.078263059258461,0.08534014970064163,0.30475,8.196692215278745e-05,-22.177,-5.625,2.762,160.561,1.07615
6804,544320.0,1,0.0734497606754303,0.08931272476911545,0.3059,9.107643563766032e-05,-22.506,-5.402,2.661,160.594,1.07588
6805,544400.0,1,0.07460438460111618,0.09539911895990372,0.3046,0.00010168558947043493,-22.589,-5.351,2.621,160.753,1.07551
6806,544480.0,1,0.07341963797807693,0.09824983030557632,0.30435,0.00010951860895147547,-22.654,-5.32,2.594,160.774,1.07495
6807,544560.0,1,0.08214124292135239,0.10113824903964996,0.30216,0.00010953177115879953,-22.666,-5.342,2.557,160.766,1.07491
6808,544640.0,1,0.08922647684812546,0.10466300696134567,0.30017,0.00010170856694458053,-22.804,-5.382,2.532,160.812,1.07425
6809,544720.0,1,0.09292742609977722,0.10363663733005524,0.29901,9.820199193200096e-05,-22.943,-5.419,2.57,160.762,1.07448
6810,544800.0,1,0.09568106383085251,0.1031881645321846,0.29731,9.510861127637327e-05,-22.756,-5.404,2.577,160.856,1.07438
6811,544880.0,1,0.07926876842975616,0.09194918721914291,0.30632,0.00011124934098916128,-22.83,-5.475,2.626,160.872,1.07432
6812,544960.0,1,0.07984188944101334,0.09301187843084335,0.30601,0.00011622626334428787,-22.778,-5.533,2.675,161.004,1.07423
6813,545040.0,1,0.11465326696634293,0.11811713874340057,0.29512,0.00012569609680213034,-22.92,-5.53,2.601,160.979,1.07419
6814,545120.0,1,0.5776457786560059,0.5218946933746338,0.17545,0.00025917310267686844,-24.047,-5.474,2.271,161.012,1.07455
6815,545200.0,1,0.4772864580154419,0.49359411001205444,0.19779,0.00020989951735828072,-23.477,-5.378,2.17,160.906,1.07465
6816,545280.0,1,0.2976359724998474,0.3777450621128082,0.24021,0.0001192073686979711,-22.896,-5.434,2.516,160.727,1.07172
6817,545360.0,1,0.19117215275764465,0.2633405923843384,0.26722,0.0001026381432893686,-22.583,-5.509,2.544,160.686,1.07166
6818,545440.0,1,0.12914031744003296,0.1914309710264206,0.28355,0.00010144220141228288,-22.486,-5.6,2.574,160.702,1.07175
6819,545520.0,1,0.11827915906906128,0.1665191799402237,0.28764,9.876997501123697e-05,-22.427,-5.618,2.607,160.6,1.07193
6820,545600.0,1,0.10723806172609329,0.15283730626106262,0.29073,0.0001018972834572196,-22.484,-5.593,2.666,160.653,1.07134
6821,545680.0,1,0.1073334664106369,0.14560462534427643,0.29107,9.916294948197901e-05,-22.622,-5.554,2.711,160.601,1.07126
6822,545760.0,1,0.10525979101657867,0.1368866264820099,0.29245,9.559497266309336e-05,-22.679,-5.601,2.77,160.605,1.07129
6823,545840.0,1,0.1064545139670372,0.13183844089508057,0.29315,9.190876153297722e-05,-22.66,-5.621,2.785,160.578,1.07159
6824,545920.0,1,0.10192596167325974,0.1294664889574051,0.2958,8.928801980800927e-05,-22.701,-5.708,2.831,160.566,1.07167
6825,546000.0,1,0.09979461878538132,0.12528327107429504,0.29667,8.792857988737524e-05,-22.7,-5.723,2.89,160.533,1.07173
6826,546080.0,1,0.09857507050037384,0.11860562860965729,0.29769,8.524923032382503e-05,-22.799,-5.765,2.884,160.549,1.0717
6827,546160.0,1,0.09788395464420319,0.11634277552366257,0.29802,8.624087058706209e-05,-22.783,-5.756,2.872,160.476,1.07222
6828,546240.0,1,0.09542164951562881,0.11404445767402649,0.29899,9.57999363890849e-05,-22.72,-5.783,2.811,160.464,1.07222
6829,546320.0,1,0.09253006428480148,0.11239076405763626,0.29915,8.805259858490899e-05,-22.704,-5.741,2.789,160.444,1.07244
6830,546400.0,1,0.09214475005865097,0.10871640592813492,0.29949,8.403795072808862e-05,-22.753,-5.76,2.823,160.509,1.07216
6831,546480.0,1,0.09124770015478134,0.10969711095094681,0.29968,8.635492849862203e-05,-22.826,-5.83,2.834,160.488,1.07229
6832,546560.0,1,0.09018930047750473,0.11055947095155716,0.29992,9.180189954349771e-05,-22.922,-5.853,2.823,160.636,1.07154
6833,546640.0,1,0.08972986787557602,0.11313904821872711,0.3005,0.00011786737013608217,-23.059,-5.86,2.818,160.618,1.06979
6834,546720.0,1,0.09302034974098206,0.11514054983854294,0.29962,0.00013003629283048213,-23.057,-5.863,2.857,160.689,1.06855
6835,546800.0,1,0.09548541903495789,0.1127784252166748,0.29911,0.00013314385432749987,-22.94,-5.888,2.953,160.626,1.06863
6836,546880.0,1,0.09639028459787369,0.11421523988246918,0.29848,0.00013121095253154635,-23.011,-5.87,2.945,160.689,1.06869
6837,546960.0,1,0.09528129547834396,0.11642336845397949,0.29778,0.00011663250916171819,-22.923,-5.884,2.872,160.671,1.06634
6838,547040.0,1,0.09151694923639297,0.1158912181854248,0.29985,0.00011850694136228412,-22.983,-5.873,2.832,160.784,1.06507
6839,547120.0,1,0.0779024139046669,0.09849503636360168,0.30593,0.00010026096424553543,-23.074,-5.875,2.905,160.747,1.06465
6840,547200.0,1,0.05955434590578079,0.07801523804664612,0.31539,7.550431473646313e-05,-22.788,-5.93,2.781,160.796,1.06372
6841,547280.0,1,0.08290019631385803,0.09867576509714127,0.30429,7.702533184783533e-05,-22.915,-5.987,2.761,160.876,1.06381
6842,547360.0,1,0.7886263728141785,0.7536318898200989,0.07032,0.0001456753525417298,-24.629,-5.507,2.345,161.011,1.06376
6843,547440.0,1,0.6274384260177612,0.6447736024856567,0.13116,0.00020914037304464728,-24.134,-5.572,2.415,160.966,1.06394
6844,547520.0,1,0.41664406657218933,0.41225510835647583,0.20619,0.00013062859943602234,-23.563,-5.668,2.648,160.991,1.06397
6845,547600.0,1,0.18173858523368835,0.1753210425376892,0.27085,8.31479555927217e-05,-23.325,-5.659,2.62,160.914,1.06456
6846,547680.0,1,0.1106528714299202,0.1155991181731224,0.29276,7.104799442458898e-05,-23.067,-5.788,2.727,160.901,1.06474
6847,547760.0,1,0.08793516457080841,0.09028053283691406,0.30382,6.018443309585564e-05,-22.878,-5.774,2.719,160.851,1.06505
6848,547840.0,1,0.07894828170537949,0.0789012461900711,0.30889,5.4849871958140284e-05,-22.747,-5.676,2.752,160.823,1.06521
6849,547920.0,1,0.07827186584472656,0.07696566730737686,0.31028,5.3545431001111865e-05,-22.595,-5.705,2.8,160.705,1.066
6850,548000.0,1,0.08548795431852341,0.07612870633602142,0.31193,5.1333863666513935e-05,-22.555,-5.708,2.827,160.709,1.06589
6851,548080.0,1,0.08833859115839005,0.07701425999403,0.31191,5.276965021039359e-05,-22.571,-5.724,2.965,160.617,1.0661
6852,548160.0,1,0.0863083153963089,0.08958927541971207,0.30936,6.594703154405579e-05,-22.251,-5.677,2.773,160.564,1.06624
6853,548240.0,1,0.08881376683712006,0.09414815157651901,0.30721,5.979405250400305e-05,-22.192,-5.612,2.722,160.547,1.06623
6854,548320.0,1,0.08347511291503906,0.0964292585849762,0.3069,6.819657573942095e-05,-22.212,-5.573,2.738,160.599,1.066
6855,548400.0,1,0.08498292416334152,0.09499698132276535,0.30481,6.777620001230389e-05,-22.187,-5.566,2.892,160.555,1.06576
6856,548480.0,1,0.08342792093753815,0.09045907109975815,0.30494,7.083604577928782e-05,-22.274,-5.555,2.935,160.544,1.06637
6857,548560.0,1,0.08451074361801147,0.08950848877429962,0.3039,7.707670010859147e-05,-22.432,-5.514,2.964,160.525,1.06649
6858,548640.0,1,0.08592081815004349,0.09401554614305496,0.3026,8.264662028523162e-05,-22.477,-5.521,2.942,160.695,1.06505
6859,548720.0,1,0.08498960733413696,0.09265390783548355,0.30197,8.3484424976632e-05,-22.474,-5.568,3.011,160.586,1.06534
6860,548800.0,1,0.0873173177242279,0.09720012545585632,0.30082,8.126994362100959e-05,-22.523,-5.625,3.039,160.592,1.06518
6861,548880.0,1,0.08764953911304474,0.10076722502708435,0.30147,7.853699935367331e-05,-22.641,-5.645,3.043,160.526,1.06591
6862,548960.0,1,0.08663327246904373,0.10028061270713806,0.30246,7.813510455889627e-05,-22.661,-5.686,3.043,160.548,1.0657
6863,549040.0,1,0.09850037842988968,0.11180321127176285,0.29771,8.210562373278663e-05,-22.645,-5.792,3.014,160.491,1.06597
6864,549120.0,1,0.7020804286003113,0.5944856405258179,0.12779,0.00015517979045398533,-23.576,-5.604,2.873,160.532,1.0662
6865,549200.0,1,0.5503889322280884,0.5134799480438232,0.17586,0.00013341798330657184,-23.681,-5.66,2.873,160.596,1.06553
6866,549280.0,1,0.4380590617656708,0.39485272765159607,0.21456,8.556661487091333e-05,-23.609,-5.715,2.819,160.677,1.06494
6867,549360.0,1,0.2981385588645935,0.2784110903739929,0.24811,7.027919491520151e-05,-23.42,-5.739,2.754,160.681,1.06472
6868,549440.0,1,0.20254306495189667,0.21326254308223724,0.26668,6.548481178469956e-05,-23.367,-5.717,2.789,160.755,1.0647
6869,549520.0,1,0.17181336879730225,0.1847916841506958,0.27396,6.899203435750678e-05,-23.246,-5.762,2.767,160.756,1.06441
6870,549600.0,1,0.1573982536792755,0.1588752567768097,0.2797,6.696823402307928e-05,-23.141,-5.773,2.784,160.819,1.06433
6871,549680.0,1,0.13854464888572693,0.1453377604484558,0.28439,6.427588959923014e-05,-22.955,-5.728,2.746,160.927,1.06199
6872,549760.0,1,0.10471277683973312,0.12109658122062683,0.29685,6.200648931553587e-05,-23.002,-5.739,2.723,161.12,1.06035
6873,549840.0,1,0.09961428493261337,0.1116110309958458,0.30037,7.244406879181042e-05,-23.06,-5.753,2.733,161.106,1.06008
6874,549920.0,1,0.09145722538232803,0.1009865403175354,0.30375,7.760143489576876e-05,-22.925,-5.65,2.674,161.22,1.05977
6875,550000.0,1,0.08900587260723114,0.0972525030374527,0.30462,7.432204438373446e-05,-22.772,-5.573,2.623,161.218,1.05986
6876,550080.0,1,0.08800861239433289,0.09099042415618896,0.30356,6.538745947182178e-05,-22.798,-5.686,2.64,161.194,1.05985
6877,550160.0,1,0.08791105449199677,0.09051070362329483,0.30295,6.506172940135002e-05,-22.842,-5.719,2.635,161.156,1.0596
6878,550240.0,1,0.08627668768167496,0.09035351127386093,0.30306,6.109065725468099e-05,-22.847,-5.692,2.626,161.182,1.06
6879,550320.0,1,0.0881715640425682,0.09136579930782318,0.30279,6.068854781915434e-05,-22.828,-5.61,2.647,161.096,1.05982
6880,550400.0,1,0.09040766209363937,0.09002826362848282,0.30274,5.656343273585662e-05,-22.843,-5.598,2.72,161.068,1.05971
6881,550480.0,1,0.0904403030872345,0.0919390469789505,0.30258,5.78343024244532e-05,-22.856,-5.598,2.726,160.984,1.0594
6882,550560.0,1,0.08774740248918533,0.09166300296783447,0.30358,6.245584518183023e-05,-22.86,-5.616,2.709,160.992,1.05987
6883,550640.0,1,0.08033934980630875,0.09088683873414993,0.30609,6.366051093209535e-05,-22.795,-5.601,2.712,160.931,1.06004
6884,550720.0,1,0.07617171108722687,0.09051063656806946,0.30811,5.734646038035862e-05,-22.82,-5.669,2.788,161.053,1.0592
6885,550800.0,1,0.07633239030838013,0.08815748244524002,0.30782,6.211906293174252e-05,-22.768,-5.709,2.82,161.002,1.05939
6886,550880.0,1,0.07603820413351059,0.08706414699554443,0.30711,6.59798679407686e-05,-22.767,-5.687,2.886,161.03,1.05882
6887,550960.0,1,0.07703995704650879,0.08593828231096268,0.30673,6.565544026670977e-05,-22.737,-5.661,2.922,160.983,1.05865
6888,551040.0,1,0.07442252337932587,0.08577191829681396,0.30775,7.151108729885891e-05,-22.699,-5.684,2.851,161.004,1.05754
6889,551120.0,1,0.07655705511569977,0.08872196078300476,0.30801,7.272633956745267e-05,-22.656,-5.733,2.79,161.001,1.05766
6890,551200.0,1,0.10148444026708603,0.09808889776468277,0.29958,7.518530765082687e-05,-22.75,-5.776,2.784,161.091,1.0574
6891,551280.0,1,0.6898840665817261,0.5698486566543579,0.13893,0.0001656918175285682,-23.752,-5.744,2.523,161.1,1.0577
6892,551360.0,1,0.5735764503479004,0.5231176614761353,0.16903,0.00018350264872424304,-23.699,-5.717,2.509,161.124,1.0574
6893,551440.0,1,0.19042131304740906,0.2822170555591583,0.26207,0.00013225238944869488,-23.21,-5.611,2.719,161.064,1.05738
6894,551520.0,1,0.09911247342824936,0.1501213163137436,0.29567,0.00011082190030720085,-22.841,-5.594,2.704,161.118,1.05682
6895,551600.0,1,0.07678180187940598,0.10480958223342896,0.30745,8.801348303677514e-05,-22.374,-5.518,2.655,161.095,1.05744
6896,551680.0,1,0.0717349722981453,0.09266747534275055,0.30695,0.00010016521264333278,-21.911,-4.957,2.528,161.178,1.05712
6897,551760.0,1,0.06220662593841553,0.06357146054506302,0.31604,9.20475140446797e-05,-21.883,-4.62,2.377,161.535,1.05449
6898,551840.0,1,0.06009725481271744,0.0626339241862297,0.31762,9.02984756976366e-05,-21.676,-4.567,2.397,161.877,1.05149
6899,551920.0,1,0.061374515295028687,0.06446544080972672,0.31494,7.712132355663925e-05,-21.852,-4.466,2.394,161.932,1.05047
6900,552000.0,1,0.059462323784828186,0.06686574220657349,0.31353,7.980837108334526e-05,-21.934,-4.323,2.349,162.078,1.04938
6901,552080.0,1,0.059802714735269547,0.06987323611974716,0.31219,7.973679021233693e-05,-22.122,-4.278,2.328,162.085,1.0493
6902,552160.0,1,0.06003943458199501,0.07039231061935425,0.31125,7.95123414718546e-05,-22.195,-4.248,2.357,162.155,1.049
6903,552240.0,1,0.061022527515888214,0.07072250545024872,0.31022,8.310539124067873e-05,-22.518,-4.279,2.33,162.168,1.04906
6904,552320.0,1,0.061816949397325516,0.07058333605527878,0.31036,8.390910807065666e-05,-22.621,-4.376,2.349,162.211,1.04888
6905,552400.0,1,0.08226356655359268,0.0775223821401596,0.30458,7.823763007763773e-05,-22.627,-4.367,2.302,162.171,1.04892
6906,552480.0,1,0.08939987421035767,0.08560201525688171,0.30155,6.574427970917895e-05,-22.552,-4.393,2.319,162.252,1.04894
6907,552560.0,1,0.09280690550804138,0.08899830281734467,0.30039,6.335957004921511e-05,-22.544,-4.432,2.331,162.263,1.04896
6908,552640.0,1,0.0931875929236412,0.08747401833534241,0.30079,6.730909808538854e-05,-22.59,-4.453,2.369,162.325,1.04867
6909,552720.0,1,0.09631521254777908,0.08929038792848587,0.29954,6.761983968317509e-05,-22.69,-4.509,2.413,162.303,1.04906
6910,552800.0,1,0.09861955046653748,0.09080376476049423,0.29866,6.61565936752595e-05,-22.773,-4.532,2.44,162.353,1.04888
6911,552880.0,1,0.0989360436797142,0.090238556265831,0.29909,6.628080882364884e-05,-22.821,-4.574,2.46,162.383,1.04817
6912,552960.0,1,0.09303132444620132,0.09224747121334076,0.30037,6.914247205713764e-05,-22.623,-4.748,2.424,161.926,1.04875
6913,553040.0,1,0.09094564616680145,0.09287655353546143,0.3016,6.50159563519992e-05,-22.504,-4.78,2.384,161.841,1.04921
6914,553120.0,1,0.09186405688524246,0.09710998833179474,0.30041,6.283615221036598e-05,-22.54,-4.787,2.378,161.85,1.04918
6915,553200.0,1,0.08887796849012375,0.09395554661750793,0.30121,6.836469401605427e-05,-22.505,-4.775,2.402,161.79,1.0492
6916,553280.0,1,0.08696266263723373,0.0952296033501625,0.30236,7.290228677447885e-05,-22.696,-4.724,2.462,161.88,1.05119
6917,553360.0,1,0.09259891510009766,0.10073439031839371,0.30047,7.887488754931837e-05,-22.746,-4.706,2.403,161.846,1.05177
6918,553440.0,1,0.09471257776021957,0.10476621240377426,0.29962,8.647507638670504e-05,-22.817,-4.659,2.386,161.888,1.05185
6919,553520.0,1,0.0951664075255394,0.10776987671852112,0.29985,9.253631287720054e-05,-22.867,-4.622,2.414,161.808,1.05237
6920,553600.0,1,0.09653269499540329,0.10791666805744171,0.2997,8.830663136905059e-05,-22.742,-4.6,2.427,161.833,1.05219
6921,553680.0,1,0.09308023005723953,0.10749739408493042,0.30025,9.138422319665551e-05,-22.735,-4.605,2.453,161.79,1.05265
6922,553760.0,1,0.0927547886967659,0.10701710730791092,0.29982,9.86455415841192e-05,-22.715,-4.615,2.473,161.814,1.05252
6923,553840.0,1,0.08898796886205673,0.10445383936166763,0.30142,0.00010157724318560213,-22.652,-4.625,2.539,161.786,1.05296
6924,553920.0,1,0.08876606822013855,0.0949987843632698,0.30363,0.00010538555216044188,-22.577,-4.684,2.545,161.812,1.05276
6925,554000.0,1,0.08743338286876678,0.09554285556077957,0.30373,0.00012181420606793836,-22.528,-4.71,2.532,161.797,1.05299
6926,554080.0,1,0.08523526042699814,0.09162886440753937,0.30576,0.00011615092807915062,-22.49,-4.706,2.562,161.864,1.0527
6927,554160.0,1,0.08505912870168686,0.09219402074813843,0.30597,0.00011734980944311246,-22.462,-4.665,2.573,161.791,1.05257
6928,554240.0,1,0.08531016111373901,0.0878567174077034,0.30646,0.00010281603317707777,-22.623,-4.837,2.644,161.779,1.05258
6929,554320.0,1,0.08412858098745346,0.08489498496055603,0.30647,0.00010006916272686794,-22.606,-4.837,2.682,161.723,1.05222
6930,554400.0,1,0.2390938550233841,0.3040347099304199,0.2517,0.0001603042910574004,-22.62,-4.686,2.51,161.769,1.05229
6931,554480.0,1,0.7681246995925903,0.7430118322372437,0.08018,0.00028211073367856443,-24.159,-4.691,2.462,161.892,1.05227
6932,554560.0,1,0.7080026865005493,0.6180911064147949,0.12863,0.00023765204241499305,-23.905,-4.799,2.486,162.091,1.05143
6933,554640.0,1,0.3115250766277313,0.2776834964752197,0.24484,0.00012741754471790045,-22.887,-4.776,2.444,162.116,1.0513
6934,554720.0,1,0.13118602335453033,0.1118096336722374,0.28804,0.0001136094651883468,-22.625,-4.832,2.433,162.182,1.05111
6935,554800.0,1,0.08311943709850311,0.07944435626268387,0.30503,0.00011062699923058972,-22.467,-4.862,2.374,162.152,1.05161
6936,554880.0,1,0.06673744320869446,0.06288324296474457,0.31533,0.00013141428644303232,-22.175,-4.765,2.319,162.156,1.05104
6937,554960.0,1,0.06789466738700867,0.06610950082540512,0.3152,0.00013617366494145244,-22.133,-4.779,2.274,162.278,1.05073
6938,555040.0,1,0.07012144476175308,0.06983118504285812,0.31384,0.00014188775094226003,-22.168,-4.81,2.265,162.281,1.05099
6939,555120.0,1,0.07286810129880905,0.07307891547679901,0.31224,0.00013585278065875173,-22.179,-4.802,2.267,162.243,1.05108
6940,555200.0,1,0.07513853162527084,0.07105685025453568,0.31116,0.00011056508810725063,-22.192,-4.768,2.297,162.302,1.05125
6941,555280.0,1,0.07702004909515381,0.07215376198291779,0.31016,0.00010298952111043036,-22.189,-4.702,2.3,162.266,1.05134
6942,555360.0,1,0.07805459201335907,0.0733611062169075,0.30942,9.993967978516594e-05,-22.174,-4.644,2.288,162.31,1.05148
6943,555440.0,1,0.07961922883987427,0.0735013335943222,0.30902,9.848689660429955e-05,-22.141,-4.614,2.312,162.279,1.05165
6944,555520.0,1,0.08027178049087524,0.07512360066175461,0.30859,0.00010211214976152405,-22.145,-4.608,2.322,162.271,1.05214
6945,555600.0,1,0.07677742838859558,0.0718902125954628,0.31056,0.00010616989311529323,-21.982,-4.602,2.323,162.175,1.05206
6946,555680.0,1,0.07700551301240921,0.07550667226314545,0.31041,0.00011605869804043323,-21.838,-4.596,2.272,162.205,1.0517
6947,555760.0,1,0.08257370442152023,0.0785025805234909,0.30781,0.00011214081314392388,-21.776,-4.705,2.396,161.692,1.05414
6948,555840.0,1,0.07031890749931335,0.07080905884504318,0.31441,0.000120522003271617,-21.733,-4.845,2.584,160.671,1.06211
6949,555920.0,1,0.07047528773546219,0.06997974961996078,0.3145,0.0001256128161912784,-21.708,-4.838,2.593,160.611,1.0625
6950,556000.0,1,0.07140405476093292,0.06960909813642502,0.31419,0.00012494421389419585,-21.637,-4.775,2.614,160.583,1.06299
6951,556080.0,1,0.07883656769990921,0.07617414742708206,0.31057,0.0001157994702225551,-21.699,-4.715,2.651,160.371,1.0665
6952,556160.0,1,0.08388511836528778,0.07971952855587006,0.30806,0.00010868662502616644,-21.631,-4.624,2.694,160.303,1.068
6953,556240.0,1,0.08936034888029099,0.08988906443119049,0.3032,9.262777166441083e-05,-21.611,-4.629,2.788,160.228,1.07089
6954,556320.0,1,0.08840461820363998,0.09069520980119705,0.30299,9.526610665488988e-05,-21.445,-4.673,2.776,160.227,1.07234
6955,556400.0,1,0.0884183794260025,0.09131476283073425,0.30262,9.501732711214572e-05,-21.397,-4.628,2.751,160.196,1.07304
6956,556480.0,1,0.08875451236963272,0.09239029884338379,0.30213,9.500835585640743e-05,-21.36,-4.602,2.734,160.232,1.07271
6957,556560.0,1,0.08979617059230804,0.0939178615808487,0.30171,9.250640141544864e-05,-21.284,-4.572,2.714,160.183,1.07266
6958,556640.0,1,0.08966495096683502,0.09410078823566437,0.30148,8.880969107849523e-05,-21.396,-4.55,2.751,160.223,1.07247
6959,556720.0,1,0.08938545733690262,0.09604264795780182,0.30152,8.887915464583784e-05,-21.386,-4.502,2.679,160.129,1.07274
6960,556800.0,1,0.08047789335250854,0.08192110061645508,0.30693,8.950146730057895e-05,-21.738,-4.651,2.691,160.189,1.07283
6961,556880.0,1,0.07888837158679962,0.0792534351348877,0.30947,0.00010004131036112085,-21.9,-4.591,2.689,160.225,1.07262
6962,556960.0,1,0.08029550313949585,0.08268354833126068,0.30898,9.89675972959958e-05,-22.024,-4.532,2.686,160.278,1.07268
6963,557040.0,1,0.08340172469615936,0.08635875582695007,0.30759,9.995624714065343e-05,-22.061,-4.552,2.692,160.373,1.07156
6964,557120.0,1,0.08391763269901276,0.08677162230014801,0.30795,0.00010516711336094886,-22.074,-4.558,2.671,160.401,1.07166
6965,557200.0,1,0.08251617848873138,0.08794357627630234,0.30729,0.00010594689229037613,-21.914,-4.562,2.603,160.375,1.07174
6966,557280.0,1,0.08214972913265228,0.08771634846925735,0.3081,0.00010503592056920752,-21.905,-4.599,2.602,160.429,1.07177
6967,557360.0,1,0.12890470027923584,0.11684220284223557,0.29384,8.708753739483654e-05,-22.043,-4.47,2.443,160.448,1.07171
6968,557440.0,1,0.1427093893289566,0.13964177668094635,0.28764,7.909013947937638e-05,-22.167,-4.501,2.416,160.549,1.07147
6969,557520.0,1,0.12647132575511932,0.12121924012899399,0.29258,7.7388460340444e-05,-22.161,-4.54,2.393,160.532,1.07152
6970,557600.0,1,0.11899261921644211,0.11761567741632462,0.29504,8.186895865947008e-05,-22.014,-4.477,2.348,160.55,1.07143
6971,557680.0,1,0.10689351707696915,0.10737580060958862,0.29927,8.279040775960311e-05,-22.082,-4.466,2.324,160.516,1.07155
6972,557760.0,1,0.10069034993648529,0.08935985714197159,0.3043,9.315987699665129e-05,-22.144,-4.583,2.357,160.525,1.07116
6973,557840.0,1,0.08605629205703735,0.07569445669651031,0.31068,0.00011497151717776433,-22.026,-4.612,2.306,160.5,1.07134
6974,557920.0,1,0.07756351679563522,0.06912001967430115,0.31533,0.00013571191811934114,-21.734,-4.588,2.322,160.522,1.07115
6975,558000.0,1,0.06902101635932922,0.06479588150978088,0.31744,0.0001434643636457622,-21.667,-4.618,2.343,160.407,1.06969
6976,558080.0,1,0.0647074356675148,0.060765162110328674,0.31904,0.00014053625636734068,-21.67,-4.628,2.383,160.389,1.069
6977,558160.0,1,0.062471356242895126,0.06264660507440567,0.31902,0.00014153399388305843,-21.637,-4.672,2.442,160.331,1.06863
6978,558240.0,1,0.06052781641483307,0.06130628660321236,0.32065,0.0001476609759265557,-21.442,-4.675,2.437,160.356,1.06845
6979,558320.0,1,0.06115639582276344,0.06435250490903854,0.32007,0.00015101399912964553,-21.28,-4.645,2.43,160.326,1.06796
6980,558400.0,1,0.061084646731615067,0.06569931656122208,0.31885,0.00015230581630021334,-21.269,-4.639,2.425,160.368,1.06727
6981,558480.0,1,0.06447528302669525,0.06627719849348068,0.31751,0.0001436810998711735,-21.267,-4.676,2.456,160.334,1.06742
6982,558560.0,1,0.0719762071967125,0.07226762920618057,0.31269,0.00012306532880757004,-21.324,-4.812,2.684,160.476,1.06493
6983,558640.0,1,0.07788197696208954,0.07145532220602036,0.31184,0.00012326474825385958,-21.2,-4.855,2.769,160.541,1.06323
6984,558720.0,1,0.07564055174589157,0.06771610677242279,0.31484,9.690708975540474e-05,-21.681,-4.765,2.819,160.657,1.06095
6985,558800.0,1,0.07447047531604767,0.06885530799627304,0.31441,8.332733705174178e-05,-21.958,-4.69,2.802,160.664,1.06089
6986,558880.0,1,0.07700379192829132,0.06952912360429764,0.31278,7.572250615339726e-05,-21.985,-4.707,2.839,160.72,1.06086
6987,558960.0,1,0.07868456095457077,0.07312814891338348,0.31113,7.21439064363949e-05,-22.151,-4.732,2.833,160.704,1.06055
6988,559040.0,1,0.08756180852651596,0.07986744493246078,0.30913,6.27146873739548e-05,-22.312,-4.692,3.009,160.743,1.06041
6989,559120.0,1,0.08391859382390976,0.07991114258766174,0.31064,6.064076296752319e-05,-22.381,-4.669,2.946,160.741,1.06056
6990,559200.0,1,0.08185004442930222,0.08247535675764084,0.30895,6.014679456711747e-05,-22.295,-4.6,2.857,160.804,1.06067
6991,559280.0,1,0.07861005514860153,0.08399444073438644,0.30975,7.074431050568819e-05,-22.259,-4.57,2.823,160.786,1.06068
6992,559360.0,1,0.0865185335278511,0.09349238127470016,0.30616,8.028047159314156e-05,-22.327,-4.527,2.827,160.889,1.06053
6993,559440.0,1,0.08517461270093918,0.08877523988485336,0.30738,7.283127342816442e-05,-22.32,-4.52,2.853,160.912,1.06008
6994,559520.0,1,0.0875883623957634,0.09146290272474289,0.30671,7.310028013307601e-05,-22.124,-4.568,2.833,161.023,1.06073
6995,559600.0,1,0.08400177210569382,0.09007642418146133,0.30655,6.90230299369432e-05,-22.113,-4.581,2.775,161.013,1.06162
6996,559680.0,1,0.09869947284460068,0.09359120577573776,0.30185,8.360089850611985e-05,-22.278,-4.615,2.726,161.065,1.06202
6997,559760.0,1,0.10380073636770248,0.09238949418067932,0.30013,8.214564149966463e-05,-22.437,-4.692,2.751,161.17,1.06166
6998,559840.0,1,0.10516218096017838,0.09446607530117035,0.29809,8.641101885586977e-05,-22.47,-4.699,2.736,161.265,1.06148
6999,559920.0,1,0.11064283549785614,0.0923982560634613,0.29656,6.996998854447156e-05,-22.469,-4.693,2.728,161.258,1.06192
7000,560000.0,1,0.10845169425010681,0.09180703014135361,0.29733,6.583783397218212e-05,-22.574,-4.657,2.685,161.312,1.06196
7001,560080.0,1,0.10722475498914719,0.09233669936656952,0.29779,6.665859109489247e-05,-22.706,-4.563,2.658,161.21,1.06278
7002,560160.0,1,0.10569239407777786,0.09354251623153687,0.29858,6.652968295384198e-05,-22.732,-4.565,2.628,161.205,1.06318
7003,560240.0,1,0.10267918556928635,0.09315533936023712,0.29975,6.904488691361621e-05,-22.664,-4.55,2.626,161.079,1.06365
7004,560320.0,1,0.08180853724479675,0.08274999260902405,0.31097,7.136659405659884e-05,-22.802,-4.499,2.721,161.027,1.06423
7005,560400.0,1,0.09137245267629623,0.08660335838794708,0.30882,7.495079626096413e-05,-22.719,-4.474,2.764,160.929,1.06428
7006,560480.0,1,0.0977644994854927,0.0910850390791893,0.30672,9.360057447338477e-05,-22.514,-4.517,2.59,160.874,1.06473
7007,560560.0,1,0.1003570556640625,0.09075771272182465,0.30508,9.839939593803138e-05,-22.419,-4.524,2.557,160.801,1.06469
7008,560640.0,1,0.08785705268383026,0.07880983501672745,0.30975,8.543518197257072e-05,-22.233,-4.514,2.51,160.758,1.06528
7009,560720.0,1,0.08237310498952866,0.07558242976665497,0.31239,9.598291217116639e-05,-21.975,-4.581,2.512,160.71,1.06547
7010,560800.0,1,0.0787256509065628,0.07266465574502945,0.31464,9.425621101399884e-05,-21.821,-4.694,2.562,160.755,1.06498
7011,560880.0,1,0.07672931998968124,0.07058512419462204,0.31631,9.151642734650522e-05,-21.641,-4.706,2.558,160.693,1.06502
7012,560960.0,1,0.07000602036714554,0.07089154422283173,0.31738,9.292830509366468e-05,-21.635,-4.7,2.575,160.718,1.06467
7013,561040.0,1,0.06433361023664474,0.06739472597837448,0.31835,9.685673285275698e-05,-21.632,-4.723,2.677,160.659,1.06507
7014,561120.0,1,0.06732046604156494,0.06762365251779556,0.31731,8.877649815985933e-05,-21.774,-4.696,2.706,160.704,1.06447
7015,561200.0,1,0.0707736387848854,0.0699571967124939,0.31544,8.734177390579134e-05,-21.693,-4.649,2.686,160.685,1.0643
7016,561280.0,1,0.07524751126766205,0.07444562762975693,0.31343,9.258131467504427e-05,-21.653,-4.619,2.697,160.842,1.06274
7017,561360.0,1,0.07467203587293625,0.07656889408826828,0.31256,0.00010911613935604692,-21.708,-4.605,2.684,160.807,1.06301
7018,561440.0,1,0.06822145730257034,0.07745184004306793,0.31329,0.0001189177346532233,-21.713,-4.592,2.749,160.769,1.06322
7019,561520.0,1,0.07169569283723831,0.07925746589899063,0.31173,0.0001178262391476892,-21.742,-4.624,2.803,160.717,1.06303
7020,561600.0,1,0.07231639325618744,0.0807502269744873,0.31228,0.00010165107232751325,-21.741,-4.581,2.804,160.737,1.06305
7021,561680.0,1,0.07304590940475464,0.08235281705856323,0.31189,9.241955558536574e-05,-21.771,-4.601,2.778,160.703,1.0634
7022,561760.0,1,0.07332319021224976,0.08198452740907669,0.31162,8.302925562020391e-05,-21.893,-4.551,2.787,160.701,1.06395
7023,561840.0,1,0.07720906287431717,0.08588936179876328,0.30942,7.389196252916008e-05,-21.879,-4.55,2.751,160.687,1.0637
7024,561920.0,1,0.07606043666601181,0.08559747040271759,0.31022,6.91153691150248e-05,-21.855,-4.557,2.716,160.852,1.06203
7025,562000.0,1,0.07673314213752747,0.0782589316368103,0.31252,7.099394861143082e-05,-22.017,-4.574,2.505,160.877,1.0583
7026,562080.0,1,0.07703177630901337,0.07597456127405167,0.31208,7.52627820475027e-05,-21.988,-4.644,2.416,160.945,1.0566
7027,562160.0,1,0.07970879226922989,0.07488534599542618,0.31124,7.609986641909927e-05,-21.993,-4.635,2.376,160.982,1.05567
7028,562240.0,1,0.07555587589740753,0.07339154183864594,0.3125,7.741583976894617e-05,-22.025,-4.594,2.445,161.035,1.05523
7029,562320.0,1,0.06992306560277939,0.06792231649160385,0.31516,7.398489105980843e-05,-22.126,-4.596,2.456,160.962,1.05532
7030,562400.0,1,0.14790652692317963,0.12365549057722092,0.28565,8.057398372329772e-05,-22.528,-4.57,2.3,161.011,1.05563
7031,562480.0,1,0.4110172688961029,0.3773215413093567,0.22346,0.00012561750190798193,-23.013,-4.43,2.131,160.959,1.05587
7032,562560.0,1,0.269107460975647,0.26339593529701233,0.25566,0.00011960394476773217,-22.887,-4.453,2.336,160.934,1.05561
7033,562640.0,1,0.18354839086532593,0.19427837431430817,0.2741,0.00010973458120133728,-22.755,-4.366,2.419,160.909,1.05533
7034,562720.0,1,0.1406288594007492,0.15801797807216644,0.28448,9.021723235491663e-05,-22.732,-4.302,2.501,160.951,1.05556
7035,562800.0,1,0.12064238637685776,0.13873156905174255,0.2898,8.276949665741995e-05,-22.656,-4.326,2.54,160.895,1.05597
7036,562880.0,1,0.10952693223953247,0.11783263087272644,0.29735,7.653471402591094e-05,-22.573,-4.326,2.559,160.889,1.05612
7037,562960.0,1,0.10771191120147705,0.11292421072721481,0.29815,7.465305679943413e-05,-22.494,-4.366,2.58,160.812,1.05637
7038,563040.0,1,0.10717760026454926,0.11169445514678955,0.29798,7.540451042586938e-05,-22.467,-4.379,2.613,160.758,1.05701
7039,563120.0,1,0.6906076669692993,0.63487708568573,0.11734,0.0002049883478321135,-23.597,-4.33,2.189,160.683,1.05767
7040,563200.0,1,0.49669691920280457,0.4476477801799774,0.18726,0.00015705633268225938,-23.153,-4.29,2.432,160.587,1.05839
7041,563280.0,1,0.32284659147262573,0.3209434449672699,0.23482,0.00011189470387762412,-23.211,-4.268,2.616,160.518,1.05864
7042,563360.0,1,0.18435077369213104,0.22539277374744415,0.26504,9.81419871095568e-05,-23.162,-4.273,2.689,160.62,1.05835
7043,563440.0,1,0.14279690384864807,0.18776942789554596,0.27504,9.320421668235213e-05,-23.146,-4.281,2.703,160.541,1.0585
7044,563520.0,1,0.10493209958076477,0.1307591050863266,0.28979,0.00011066688603023067,-22.77,-4.411,2.758,160.496,1.05915
7045,563600.0,1,0.09691277146339417,0.11711901426315308,0.29476,0.0001265953469555825,-22.632,-4.469,2.745,160.485,1.05911
7046,563680.0,1,0.10068503767251968,0.11507595330476761,0.29447,0.00012744574632961303,-22.546,-4.578,2.759,160.52,1.05927
7047,563760.0,1,0.10326556116342545,0.1164642721414566,0.29383,0.00012861825234722346,-22.55,-4.612,2.746,160.556,1.05868
7048,563840.0,1,0.10500720143318176,0.11540135741233826,0.29378,0.00011215942504350096,-22.545,-4.624,2.76,160.67,1.05823
7049,563920.0,1,0.10470113158226013,0.11340750753879547,0.29458,0.00010789316729642451,-22.6,-4.632,2.767,160.701,1.05757
7050,564000.0,1,0.10504983365535736,0.10889538377523422,0.2952,0.0001063429590431042,-22.698,-4.683,2.811,160.794,1.0574
7051,564080.0,1,0.10395265370607376,0.10800465196371078,0.29547,0.00010632125486154109,-22.689,-4.674,2.819,160.863,1.05637
7052,564160.0,1,0.10371953248977661,0.1075519323348999,0.2955,0.00010312946687918156,-22.692,-4.68,2.822,160.964,1.05643
7053,564240.0,1,0.10522200912237167,0.10927867889404297,0.29467,0.00010589366866042838,-22.691,-4.684,2.808,160.943,1.05578
7054,564320.0,1,0.10917193442583084,0.11187532544136047,0.29279,0.00010933705198112875,-22.625,-4.707,2.814,161.04,1.05541
7055,564400.0,1,0.10776634514331818,0.11263544112443924,0.29262,0.00011641548917395994,-22.495,-4.724,2.773,161.054,1.05498
7056,564480.0,1,0.10382360965013504,0.11739756166934967,0.2971,0.00011338218610035256,-22.622,-4.647,2.632,161.108,1.05402
7057,564560.0,1,0.10366228967905045,0.11784500628709793,0.29811,0.00011927843297598884,-22.625,-4.666,2.576,161.037,1.05458
7058,564640.0,1,0.10206450521945953,0.11498155444860458,0.2993,0.00012288895959500223,-22.714,-4.693,2.579,161.106,1.05425
7059,564720.0,1,0.09953656047582626,0.10905513912439346,0.30083,0.0001258103729924187,-22.802,-4.649,2.555,161.021,1.05466
7060,564800.0,1,0.09762398153543472,0.10895035415887833,0.3009,0.0001317725400440395,-22.813,-4.633,2.535,161.05,1.055
7061,564880.0,1,0.10345257818698883,0.10981060564517975,0.29972,0.00011354208982083946,-23.207,-4.686,2.596,160.933,1.05588
7062,564960.0,1,0.1037922203540802,0.11055679619312286,0.29973,0.00010786631173687056,-23.296,-4.679,2.58,160.914,1.05637
7063,565040.0,1,0.10056881606578827,0.10907407850027084,0.30035,0.00010165863204747438,-23.333,-4.701,2.622,160.806,1.05726
7064,565120.0,1,0.09984744340181351,0.1105058416724205,0.30002,9.735602361615747e-05,-23.294,-4.757,2.617,160.765,1.05848
7065,565200.0,1,0.10151243209838867,0.11414172500371933,0.29794,8.790394349489361e-05,-23.289,-4.739,2.625,160.658,1.05987
7066,565280.0,1,0.1068170964717865,0.12056265026330948,0.29529,8.888593583833426e-05,-23.294,-4.788,2.59,160.72,1.05999
7067,565360.0,1,0.11012430489063263,0.12337552756071091,0.29347,8.8187211076729e-05,-23.262,-4.803,2.572,160.645,1.06087
7068,565440.0,1,0.09829046577215195,0.11263466626405716,0.297,9.631876309867948e-05,-22.711,-4.781,2.477,160.806,1.06246
7069,565520.0,1,0.09299711138010025,0.10257167369127274,0.29908,9.68798267422244e-05,-22.69,-4.787,2.467,160.808,1.06189
7070,565600.0,1,0.0920628160238266,0.09752290695905685,0.29958,9.418685658602044e-05,-22.605,-4.739,2.504,160.882,1.06241
7071,565680.0,1,0.08793481439352036,0.09604179859161377,0.30101,9.161876369034871e-05,-22.682,-4.715,2.494,160.89,1.06226
7072,565760.0,1,0.0903705358505249,0.09615238755941391,0.30157,8.897787483874708e-05,-22.679,-4.706,2.499,161.017,1.06161
7073,565840.0,1,0.09280388802289963,0.09368652105331421,0.30157,8.506999438395724e-05,-22.717,-4.785,2.468,161.953,1.05365
7074,565920.0,1,0.0886303037405014,0.09365426748991013,0.30245,9.194399899570271e-05,-22.781,-4.799,2.358,162.664,1.04696
7075,566000.0,1,0.07313404232263565,0.08524658530950546,0.30885,8.148629422066733e-05,-23.089,-4.757,2.273,162.757,1.0452
7076,566080.0,1,0.06719031929969788,0.07858742773532867,0.31052,7.104202813934535e-05,-23.194,-4.723,2.3,162.798,1.04467
7077,566160.0,1,0.06834545731544495,0.0807993933558464,0.30935,7.215629739221185e-05,-23.357,-4.718,2.277,162.765,1.04412
7078,566240.0,1,0.07092031836509705,0.08080141991376877,0.30782,6.790066981920972e-05,-23.538,-4.746,2.308,162.798,1.04403
7079,566320.0,1,0.07166419923305511,0.08004774153232574,0.30746,6.353460776153952e-05,-23.554,-4.72,2.42,162.711,1.04417
7080,566400.0,1,0.0732412338256836,0.07500998675823212,0.30924,5.7388147979509085e-05,-23.511,-4.668,2.444,162.688,1.04367
7081,566480.0,1,0.07254444807767868,0.07374181598424911,0.30988,5.922260243096389e-05,-23.467,-4.573,2.431,162.65,1.04407
7082,566560.0,1,0.07242125272750854,0.07326699793338776,0.30952,7.326217746594921e-05,-23.49,-4.556,2.475,162.863,1.04434
7083,566640.0,1,0.38946533203125,0.424275666475296,0.21917,0.000207668766961433,-23.922,-4.573,2.201,162.897,1.04461
7084,566720.0,1,0.4212990999221802,0.42679497599601746,0.2142,0.00021222727082204074,-24.343,-4.67,2.301,162.804,1.04477
7085,566800.0,1,0.4061780273914337,0.3799961805343628,0.22431,0.00020215491531416774,-24.209,-4.55,2.337,162.548,1.04692
7086,566880.0,1,0.277291476726532,0.2991010844707489,0.24926,0.00019411391986068338,-24.003,-4.575,2.413,162.572,1.04732
7087,566960.0,1,0.20345133543014526,0.2375483363866806,0.26636,0.00019999174401164055,-23.866,-4.615,2.402,162.513,1.0479
7088,567040.0,1,0.17348158359527588,0.2126530110836029,0.2733,0.00019223593699280173,-23.706,-4.607,2.355,162.603,1.04794
7089,567120.0,1,0.15198509395122528,0.19302688539028168,0.27762,0.00018073886167258024,-23.394,-4.576,2.319,162.599,1.04786
7090,567200.0,1,0.13839857280254364,0.16510827839374542,0.28146,0.00015567138325423002,-23.15,-4.478,2.25,162.724,1.04773
7091,567280.0,1,0.1320444494485855,0.15433509647846222,0.28433,0.00014851950982119888,-23.116,-4.478,2.26,162.715,1.04777
7092,567360.0,1,0.13636288046836853,0.14689785242080688,0.2849,0.0001251837966265157,-22.943,-4.589,2.304,162.796,1.04713
7093,567440.0,1,0.13798031210899353,0.14314565062522888,0.28377,0.00011748842371162027,-23.035,-4.617,2.354,162.846,1.04694
7094,567520.0,1,0.13899829983711243,0.1444641798734665,0.28361,0.00011320015619276091,-23.078,-4.616,2.343,162.919,1.04669
7095,567600.0,1,0.13853202760219574,0.14522556960582733,0.28341,0.00011353840818628669,-23.086,-4.624,2.329,162.985,1.04582
7096,567680.0,1,0.13891831040382385,0.1381567269563675,0.28569,9.620658966014162e-05,-23.063,-4.602,2.406,162.216,1.04907
7097,567760.0,1,0.1418875902891159,0.13762027025222778,0.2852,9.245727414963767e-05,-23.19,-4.611,2.452,161.818,1.05239
7098,567840.0,1,0.14261546730995178,0.13716405630111694,0.28623,9.80835102382116e-05,-23.399,-4.681,2.477,161.783,1.05341
7099,567920.0,1,0.13900655508041382,0.13425704836845398,0.28691,9.698621579445899e-05,-23.41,-4.667,2.507,161.642,1.05408
7100,568000.0,1,0.12614823877811432,0.1296076476573944,0.28947,9.847487672232091e-05,-23.421,-4.649,2.545,161.626,1.05358
7101,568080.0,1,0.12430524826049805,0.12539051473140717,0.29068,9.553465497447178e-05,-23.441,-4.642,2.511,161.633,1.05343
7102,568160.0,1,0.12195076048374176,0.1190800815820694,0.29178,8.599557622801512e-05,-23.522,-4.609,2.508,161.714,1.05297
7103,568240.0,1,0.38555678725242615,0.33252397179603577,0.23461,9.555140422889963e-05,-24.075,-4.525,2.45,161.681,1.05319
7104,568320.0,1,0.34425920248031616,0.30330967903137207,0.24182,8.978031837614253e-05,-24.052,-4.515,2.448,161.755,1.0527
7105,568400.0,1,0.2819650173187256,0.2368893325328827,0.25506,8.734152652323246e-05,-23.955,-4.532,2.474,161.736,1.05299
7106,568480.0,1,0.23207330703735352,0.2102135419845581,0.26312,9.107843652600423e-05,-23.878,-4.512,2.426,161.793,1.05239
7107,568560.0,1,0.19334548711776733,0.18856853246688843,0.27066,9.975628199754283e-05,-23.692,-4.486,2.429,161.8,1.05188
7108,568640.0,1,0.1786152869462967,0.17480716109275818,0.2745,0.00010501368524273857,-23.667,-4.459,2.364,161.811,1.05218
7109,568720.0,1,0.17122666537761688,0.17480625212192535,0.27536,0.00010529756400501356,-23.591,-4.492,2.385,161.799,1.05238
7110,568800.0,1,0.17000699043273926,0.1740349382162094,0.27599,0.0001019500705297105,-23.539,-4.516,2.389,161.898,1.05132
7111,568880.0,1,0.16870105266571045,0.17285585403442383,0.27592,9.671830775914714e-05,-23.594,-4.493,2.412,161.924,1.05031
7112,568960.0,1,0.17094838619232178,0.1719069629907608,0.27569,9.319125092588365e-05,-23.652,-4.487,2.433,161.938,1.0503
7113,569040.0,1,0.17040632665157318,0.17159603536128998,0.27592,9.166849486064166e-05,-23.653,-4.481,2.443,161.922,1.05022
7114,569120.0,1,0.16927562654018402,0.17144852876663208,0.27591,8.927754970500246e-05,-23.596,-4.488,2.445,161.935,1.0506
7115,569200.0,1,0.1619657278060913,0.16695798933506012,0.27772,9.353757923236117e-05,-23.582,-4.517,2.445,161.808,1.05259
7116,569280.0,1,0.1391107439994812,0.14480870962142944,0.28468,0.0001010754713206552,-23.466,-4.535,2.456,161.706,1.05416
7117,569360.0,1,0.13569658994674683,0.13813289999961853,0.28594,0.00010956791811622679,-23.463,-4.499,2.395,161.709,1.05441
7118,569440.0,1,0.1140030175447464,0.1259751319885254,0.29114,0.00011187219934072345,-23.521,-4.445,2.338,161.843,1.05434
7119,569520.0,1,0.10924272239208221,0.12432664632797241,0.29182,0.00012039290595566854,-23.626,-4.433,2.231,161.843,1.05458
7120,569600.0,1,0.10871151834726334,0.12450912594795227,0.28989,0.00011621218436630443,-23.606,-4.387,2.112,161.924,1.05434
7121,569680.0,1,0.11199594289064407,0.11873485893011093,0.28836,0.00011160178110003471,-23.615,-4.418,2.11,162.001,1.05411
7122,569760.0,1,0.11083357781171799,0.11110419034957886,0.28899,0.00010883981303777546,-23.617,-4.452,2.1,162.006,1.054
7123,569840.0,1,0.11155088990926743,0.11040342599153519,0.28893,0.00010917201871052384,-23.631,-4.488,2.087,161.986,1.05661
7124,569920.0,1,0.11191444844007492,0.10984990745782852,0.28887,0.00010759233555290848,-23.711,-4.533,2.094,162.027,1.05812
7125,570000.0,1,0.10909508913755417,0.10929334908723831,0.29117,0.00010206075239693746,-23.78,-4.623,2.13,161.829,1.05992
7126,570080.0,1,0.10823727399110794,0.10846488922834396,0.2917,0.00010184046550421044,-23.812,-4.591,2.172,161.782,1.06066
7127,570160.0,1,0.11159495264291763,0.10768105089664459,0.29141,9.58593373070471e-05,-23.706,-4.603,2.184,161.729,1.06084
7128,570240.0,1,0.1107928603887558,0.10652965307235718,0.29192,8.287959644803777e-05,-23.641,-4.57,2.319,161.69,1.06161
7129,570320.0,1,0.11184877902269363,0.10757282376289368,0.29232,8.312100544571877e-05,-23.149,-4.48,2.307,161.626,1.06178
7130,570400.0,1,0.11070322245359421,0.10871578007936478,0.29185,9.312178735854104e-05,-23.171,-4.464,2.303,161.662,1.06154
7131,570480.0,1,0.10948079079389572,0.10697828978300095,0.29214,9.705616685096174e-05,-23.107,-4.466,2.33,161.627,1.06176
7132,570560.0,1,0.10845940560102463,0.10645588487386703,0.29225,9.947283251676708e-05,-23.093,-4.492,2.337,161.66,1.0614
7133,570640.0,1,0.10885053873062134,0.10526823252439499,0.29201,9.333042544312775e-05,-23.036,-4.517,2.382,161.557,1.06148
7134,570720.0,1,0.1048998236656189,0.10481450706720352,0.29288,9.186660463456064e-05,-23.058,-4.532,2.478,161.609,1.06111
7135,570800.0,1,0.10310158133506775,0.10514780133962631,0.2931,9.053479880094528e-05,-23.048,-4.547,2.539,161.578,1.06119
7136,570880.0,1,0.10827752947807312,0.10518943518400192,0.29172,9.865401079878211e-05,-22.829,-4.584,2.616,161.591,1.06095
7137,570960.0,1,0.1111028715968132,0.1069628968834877,0.29048,0.0001011067142826505,-22.826,-4.586,2.64,161.576,1.06057
7138,571040.0,1,0.1103266254067421,0.10733849555253983,0.29064,0.0001010802952805534,-22.788,-4.613,2.625,161.586,1.06066
7139,571120.0,1,0.11061304062604904,0.10634473711252213,0.29068,9.418056288268417e-05,-22.787,-4.61,2.618,161.324,1.06456
7140,571200.0,1,0.11174657940864563,0.10472653806209564,0.29214,8.049672760535032e-05,-22.736,-4.564,2.522,160.918,1.06898
7141,571280.0,1,0.11289181560277939,0.10321923345327377,0.29243,7.167780859163031e-05,-23.033,-4.52,2.54,160.877,1.0695
7142,571360.0,1,0.11170264333486557,0.1046246811747551,0.29306,7.742528396192938e-05,-23.255,-4.411,2.538,160.797,1.07231
7143,571440.0,1,0.10995703190565109,0.10801567882299423,0.29373,8.342848013853654e-05,-23.307,-4.418,2.475,160.712,1.07311
7144,571520.0,1,0.10643742233514786,0.10749416798353195,0.29562,7.797856960678473e-05,-23.355,-4.47,2.455,160.707,1.07401
7145,571600.0,1,0.10637397319078445,0.10351254045963287,0.29664,6.858599226688966e-05,-23.216,-4.54,2.511,160.657,1.07416
7146,571680.0,1,0.07985255122184753,0.0733628049492836,0.31278,8.676839206600562e-05,-22.891,-4.536,2.303,160.74,1.07386
7147,571760.0,1,0.07897254824638367,0.07468587905168533,0.31162,8.13366350485012e-05,-23.085,-4.418,2.379,160.847,1.07268
7148,571840.0,1,0.07928908616304398,0.07551560550928116,0.31118,7.68364334362559e-05,-23.061,-4.38,2.41,160.929,1.07288
7149,571920.0,1,0.08119826763868332,0.07420674711465836,0.30996,6.612569268327206e-05,-23.113,-4.382,2.413,160.908,1.07271
7150,572000.0,1,0.07488322257995605,0.0701516643166542,0.31188,7.308195199584588e-05,-22.645,-4.337,2.289,161.013,1.07243
7151,572080.0,1,0.07927844673395157,0.07586835324764252,0.30833,7.193657802417874e-05,-22.635,-4.33,2.288,161.006,1.07196
7152,572160.0,1,0.07437065243721008,0.07682538777589798,0.3085,7.756339618936181e-05,-22.632,-4.405,2.337,161.319,1.06644
7153,572240.0,1,0.07531055063009262,0.07673706114292145,0.30834,6.840669084340334e-05,-22.576,-4.474,2.465,161.296,1.06588
7154,572320.0,1,0.07789240032434464,0.0798833817243576,0.30743,6.958770245546475e-05,-22.597,-4.467,2.454,161.342,1.06546
7155,572400.0,1,0.07708705961704254,0.0812961682677269,0.30822,8.262297342298552e-05,-22.583,-4.492,2.441,161.289,1.0657
7156,572480.0,1,0.07598178833723068,0.08380303531885147,0.30843,8.77376296557486e-05,-22.605,-4.495,2.419,161.296,1.06607
7157,572560.0,1,0.07625629752874374,0.08477910608053207,0.30802,8.740409975871444e-05,-22.638,-4.481,2.399,161.232,1.06627
7158,572640.0,1,0.07632565498352051,0.08477553725242615,0.3078,8.230638195527717e-05,-22.677,-4.475,2.38,161.209,1.06659
7159,572720.0,1,0.07703177630901337,0.0853881910443306,0.30741,7.317839481402189e-05,-22.737,-4.46,2.368,161.14,1.06704
7160,572800.0,1,0.081342414021492,0.08667260408401489,0.30594,7.471472781617194e-05,-22.751,-4.462,2.397,161.048,1.06824
7161,572880.0,1,0.08898208290338516,0.08908037841320038,0.30263,6.280188972596079e-05,-22.669,-4.485,2.432,160.947,1.06876
7162,572960.0,1,0.09854123741388321,0.09637602418661118,0.29845,6.581492198165506e-05,-22.468,-4.482,2.442,160.92,1.06895
7163,573040.0,1,0.10438423603773117,0.10273919254541397,0.29594,6.677298370050266e-05,-22.491,-4.47,2.464,160.824,1.06924
7164,573120.0,1,0.08177543431520462,0.09585288166999817,0.30289,7.909051782917231e-05,-22.521,-4.43,2.441,160.786,1.06984
7165,573200.0,1,0.06836877018213272,0.08925682306289673,0.30793,9.422503353562206e-05,-22.638,-4.36,2.425,160.734,1.07
7166,573280.0,1,0.06169408559799194,0.088910773396492,0.30976,9.941346797859296e-05,-22.72,-4.364,2.426,160.739,1.07037
7167,573360.0,1,0.06012972816824913,0.088026262819767,0.31114,0.0001015774323605001,-22.921,-4.45,2.414,160.698,1.07047
7168,573440.0,1,0.06064710393548012,0.08819085359573364,0.31043,9.595005394658074e-05,-23.03,-4.466,2.45,160.746,1.07049
7169,573520.0,1,0.12410537153482437,0.13865159451961517,0.28576,0.00011131119390483946,-23.053,-4.475,2.399,160.748,1.07036
7170,573600.0,1,0.4029639661312103,0.39748504757881165,0.21921,0.00017499443492852151,-23.531,-4.452,2.36,160.829,1.06978
7171,573680.0,1,0.3684299886226654,0.366789847612381,0.22841,0.00016695386148057878,-23.585,-4.389,2.335,160.826,1.06944
7172,573760.0,1,0.23880092799663544,0.2710569500923157,0.25422,0.0001324869372183457,-23.547,-4.285,2.399,160.898,1.06901
7173,573840.0,1,0.17327049374580383,0.20376324653625488,0.26964,0.00011242680193390697,-23.484,-4.28,2.433,160.93,1.06807
7174,573920.0,1,0.13420304656028748,0.1749935895204544,0.27866,0.00010694180673453957,-23.398,-4.286,2.485,161.133,1.06649
7175,574000.0,1,0.11834117025136948,0.16236275434494019,0.2834,8.709874236956239e-05,-23.256,-4.306,2.499,161.109,1.06668
7176,574080.0,1,0.11722422391176224,0.14923971891403198,0.28612,8.570175850763917e-05,-22.7,-4.241,2.513,161.113,1.06668
7177,574160.0,1,0.11166977882385254,0.14309579133987427,0.28759,7.69786347518675e-05,-22.544,-4.259,2.485,161.116,1.06679
7178,574240.0,1,0.10786677896976471,0.13704045116901398,0.28949,7.632721099071205e-05,-22.498,-4.269,2.487,161.181,1.06659
7179,574320.0,1,0.10520530492067337,0.13189885020256042,0.29037,7.687424658797681e-05,-22.527,-4.296,2.526,161.18,1.06612
7180,574400.0,1,0.10312067717313766,0.12445275485515594,0.29223,7.8061297244858e-05,-22.518,-4.308,2.489,161.264,1.06564
7181,574480.0,1,0.0999240130186081,0.11723095178604126,0.29309,7.61174233048223e-05,-22.496,-4.326,2.469,161.264,1.06543
7182,574560.0,1,0.10190471261739731,0.11194447427988052,0.29365,8.291548147099093e-05,-22.524,-4.334,2.46,161.357,1.06186
7183,574640.0,1,0.21228435635566711,0.16390885412693024,0.264,0.00010623369598761201,-22.885,-4.3,2.265,161.364,1.06073
7184,574720.0,1,0.8004769682884216,0.7392312288284302,0.0682,0.0002271585544804111,-24.607,-4.466,1.9,161.431,1.05946
7185,574800.0,1,0.7100582122802734,0.6442444324493408,0.1084,0.00020749318355228752,-24.378,-4.48,2.002,161.535,1.05631
7186,574880.0,1,0.378223717212677,0.3793145418167114,0.22195,0.00012599707406479865,-23.876,-4.265,2.153,161.583,1.05498
7187,574960.0,1,0.21853452920913696,0.19579069316387177,0.26328,9.011731890495867e-05,-23.33,-4.206,2.177,161.568,1.05435
7188,575040.0,1,0.12003935873508453,0.12149333208799362,0.28962,9.258167119696736e-05,-22.888,-4.195,2.303,161.573,1.05432
7189,575120.0,1,0.10815739631652832,0.10974667221307755,0.29463,9.725581185193732e-05,-22.817,-4.185,2.302,161.507,1.0541
7190,575200.0,1,0.09962241351604462,0.10395076125860214,0.29777,9.391061757924035e-05,-22.863,-4.19,2.339,161.482,1.05467
7191,575280.0,1,0.09461566060781479,0.10451088100671768,0.29833,9.921952005242929e-05,-22.864,-4.198,2.358,161.428,1.05538
7192,575360.0,1,0.09479175508022308,0.10346255451440811,0.29812,0.0001006593884085305,-22.818,-4.187,2.385,161.435,1.05547
7193,575440.0,1,0.0925857275724411,0.10237076133489609,0.29857,0.00010202494740951806,-22.825,-4.183,2.403,161.365,1.05605
7194,575520.0,1,0.0892319530248642,0.09894265234470367,0.29944,0.0001021347488858737,-22.794,-4.183,2.396,161.416,1.05605
7195,575600.0,1,0.08812272548675537,0.09642370790243149,0.3004,0.0001000996126094833,-22.789,-4.187,2.395,161.406,1.05588
7196,575680.0,1,0.0820062980055809,0.09456900507211685,0.30157,9.585613588569686e-05,-22.801,-4.173,2.49,161.464,1.05539
7197,575760.0,1,0.08359818905591965,0.09320496767759323,0.30129,9.62383346632123e-05,-22.822,-4.177,2.521,161.421,1.05554
7198,575840.0,1,0.08256057649850845,0.09194198250770569,0.30184,9.36059295781888e-05,-22.8,-4.181,2.576,161.39,1.05598
7199,575920.0,1,0.0834818109869957,0.09086284041404724,0.30152,9.126865916186944e-05,-22.849,-4.207,2.618,161.35,1.05596
7200,576000.0,1,0.08058957755565643,0.09083447605371475,0.3029,9.485564078204334e-05,-22.855,-4.184,2.582,161.557,1.05635
7201,576080.0,1,0.07580237090587616,0.08996284008026123,0.30507,9.242995292879641e-05,-22.876,-4.183,2.491,161.439,1.05661
7202,576160.0,1,0.07387582212686539,0.0856928825378418,0.30619,9.240078361472115e-05,-22.9,-4.24,2.507,161.458,1.05647
7203,576240.0,1,0.071902796626091,0.08253887295722961,0.3073,9.071750537259504e-05,-22.747,-4.248,2.492,161.429,1.05655
7204,576320.0,1,0.07253871858119965,0.08155563473701477,0.30731,9.077729191631079e-05,-22.702,-4.216,2.49,161.474,1.05672
7205,576400.0,1,0.08119313418865204,0.08499269932508469,0.30389,8.99438964552246e-05,-22.709,-4.224,2.485,161.461,1.05662
7206,576480.0,1,0.08115103095769882,0.08243239670991898,0.30465,9.520560706732795e-05,-22.56,-4.292,2.493,161.507,1.05648
7207,576560.0,1,0.0821085125207901,0.08361704647541046,0.30478,9.315535135101527e-05,-22.575,-4.294,2.456,161.482,1.05662
7208,576640.0,1,0.08576325327157974,0.08768121153116226,0.30366,9.375921945320442e-05,-22.62,-4.279,2.405,161.54,1.05636
7209,576720.0,1,0.06938689202070236,0.07430290430784225,0.31236,8.550014172215015e-05,-22.627,-4.293,2.44,161.574,1.05652
7210,576800.0,1,0.06402792781591415,0.07338211685419083,0.31364,9.028918429976329e-05,-22.559,-4.328,2.472,161.697,1.05586
7211,576880.0,1,0.06052028015255928,0.069815494120121,0.31575,8.850607991917059e-05,-22.672,-4.321,2.422,161.731,1.05556
7212,576960.0,1,0.06453953683376312,0.07002352923154831,0.31488,8.836138295009732e-05,-22.827,-4.343,2.455,161.755,1.0555
7213,577040.0,1,0.07643201947212219,0.07614558935165405,0.31013,8.71500960784033e-05,-22.971,-4.402,2.498,161.76,1.05515
7214,577120.0,1,0.14407482743263245,0.1401909589767456,0.28189,0.00010021794878412038,-23.183,-4.461,2.44,161.816,1.0548
7215,577200.0,1,0.7546665668487549,0.7170648574829102,0.09345,0.00022627336147706956,-24.506,-4.595,2.239,161.805,1.05476
7216,577280.0,1,0.7339951992034912,0.6643663644790649,0.11626,0.0002154438989236951,-23.811,-4.438,2.202,161.817,1.05452
7217,577360.0,1,0.27280086278915405,0.27810025215148926,0.25068,0.00014773773727938533,-22.933,-4.388,2.375,161.739,1.05452
7218,577440.0,1,0.17126648128032684,0.17730478942394257,0.27515,0.00014095348888076842,-22.924,-4.503,2.513,161.737,1.05459
7219,577520.0,1,0.14788207411766052,0.14275029301643372,0.28355,0.0001298800198128447,-22.873,-4.536,2.519,161.697,1.05455
7220,577600.0,1,0.12079095840454102,0.12295685708522797,0.29141,0.00010784101323224604,-22.764,-4.627,2.56,161.687,1.05441
7221,577680.0,1,0.10954033583402634,0.1120510995388031,0.29499,0.00011533629731275141,-22.81,-4.629,2.536,161.644,1.05469
7222,577760.0,1,0.10602612793445587,0.10924801230430603,0.29661,0.00012714651529677212,-22.844,-4.642,2.452,161.641,1.05483
7223,577840.0,1,0.09505675733089447,0.10113551467657089,0.29932,0.00012542528565973043,-22.816,-4.646,2.482,161.622,1.05474
7224,577920.0,1,0.069877028465271,0.0765029564499855,0.30958,0.00013784956536255777,-22.542,-4.557,2.357,161.529,1.05532
7225,578000.0,1,0.06903930753469467,0.07895775139331818,0.30862,0.00013013316493015736,-22.518,-4.515,2.398,161.477,1.05559
7226,578080.0,1,0.07124228775501251,0.0807601809501648,0.30805,0.00012652813165914267,-22.719,-4.498,2.457,161.718,1.05267
7227,578160.0,1,0.07449809461832047,0.08281956613063812,0.30692,0.0001286544429603964,-22.721,-4.479,2.476,161.605,1.05286
7228,578240.0,1,0.07582423090934753,0.0847436785697937,0.30648,0.00013123260578140616,-22.849,-4.45,2.477,161.634,1.05319
7229,578320.0,1,0.07658512145280838,0.08665994554758072,0.30617,0.00013467352255247533,-22.9,-4.41,2.482,161.609,1.05307
7230,578400.0,1,0.07768216729164124,0.0888272076845169,0.30555,0.00012624541705008596,-22.854,-4.379,2.484,161.67,1.05292
7231,578480.0,1,0.08104395866394043,0.08884996175765991,0.30398,0.0001259180426131934,-22.8,-4.393,2.548,161.672,1.0528
7232,578560.0,1,0.08097945898771286,0.08579882234334946,0.30444,0.00012356729712337255,-22.825,-4.367,2.549,161.719,1.05308
7233,578640.0,1,0.0853472501039505,0.08704312145709991,0.30263,0.00011783286754507571,-22.89,-4.321,2.54,161.714,1.05276
7234,578720.0,1,0.08887647837400436,0.09145715832710266,0.30041,0.00011153751984238625,-23.054,-4.353,2.567,161.849,1.05497
7235,578800.0,1,0.08974510431289673,0.09230227768421173,0.30079,0.00011951832129852846,-23.058,-4.368,2.518,161.873,1.05574
7236,578880.0,1,0.10158047080039978,0.08913560956716537,0.29908,8.86848647496663e-05,-22.621,-4.64,2.58,161.96,1.05656
7237,578960.0,1,0.09630142897367477,0.08208902925252914,0.30151,7.14405468897894e-05,-22.589,-4.638,2.565,161.96,1.05644
7238,579040.0,1,0.09914790093898773,0.07985244691371918,0.30085,6.682814273517579e-05,-22.704,-4.615,2.518,162.066,1.05609
7239,579120.0,1,0.09349897503852844,0.07458890974521637,0.30364,6.210910942172632e-05,-22.701,-4.614,2.52,162.028,1.05624
7240,579200.0,1,0.09210760146379471,0.08018674701452255,0.30281,6.429796485463157e-05,-22.876,-4.641,2.488,162.101,1.0561
7241,579280.0,1,0.09860081225633621,0.08505944162607193,0.30013,6.781551201129332e-05,-22.921,-4.65,2.468,162.096,1.05593
7242,579360.0,1,0.10075263679027557,0.08533591032028198,0.29923,6.89680891809985e-05,-23.166,-4.586,2.475,162.113,1.05608
7243,579440.0,1,0.10035292059183121,0.08442484587430954,0.29969,6.971762195462361e-05,-23.457,-4.583,2.512,162.023,1.05611
7244,579520.0,1,0.10078182816505432,0.08282975852489471,0.2997,6.829660560470074e-05,-23.496,-4.557,2.563,162.006,1.05617
7245,579600.0,1,0.09988611936569214,0.08139891177415848,0.30085,7.251277565956116e-05,-23.647,-4.543,2.591,161.897,1.05672
7246,579680.0,1,0.0995873510837555,0.07956314086914062,0.30153,7.100085349520668e-05,-23.657,-4.513,2.611,161.898,1.05668
7247,579760.0,1,0.09850963205099106,0.07569964975118637,0.30245,6.838438275735825e-05,-23.632,-4.505,2.688,161.848,1.05657
7248,579840.0,1,0.09107938408851624,0.07977673411369324,0.30389,6.909487274242565e-05,-23.14,-4.532,2.533,161.828,1.05626
7249,579920.0,1,0.09037992358207703,0.0789637491106987,0.30403,7.308243948500603e-05,-23.2,-4.561,2.537,161.817,1.05598
7250,580000.0,1,0.0884142518043518,0.07949109375476837,0.30408,8.067285671131685e-05,-23.238,-4.544,2.472,161.851,1.05638
7251,580080.0,1,0.07708615064620972,0.0801735520362854,0.30937,9.050106018548831e-05,-23.119,-4.467,2.389,161.855,1.0561
7252,580160.0,1,0.07421819865703583,0.081852987408638,0.31056,0.00011245971836615354,-23.158,-4.458,2.534,161.998,1.05585
7253,580240.0,1,0.059606678783893585,0.07417552918195724,0.31746,0.0001061670554918237,-22.799,-4.386,2.541,161.885,1.05616
7254,580320.0,1,0.05873023346066475,0.07515755295753479,0.31746,0.00010867574019357562,-22.772,-4.398,2.509,161.943,1.05602
7255,580400.0,1,0.07018501311540604,0.08247856795787811,0.31146,0.0001169358438346535,-22.983,-4.376,2.508,161.9,1.05604
7256,580480.0,1,0.6648439168930054,0.45460420846939087,0.1681,0.00018975595594383776,-24.208,-4.348,2.312,161.916,1.0559
7257,580560.0,1,0.6549810767173767,0.42032113671302795,0.18164,0.00017033824406098574,-24.157,-4.356,2.343,161.855,1.0562
7258,580640.0,1,0.3650168180465698,0.25656577944755554,0.24702,0.0001323273463640362,-23.954,-4.376,2.376,161.846,1.05601
7259,580720.0,1,0.18771447241306305,0.1741495579481125,0.27607,0.00011565855675144121,-23.898,-4.425,2.451,161.811,1.05645
7260,580800.0,1,0.13459113240242004,0.13857504725456238,0.28759,0.00011710680701071396,-23.716,-4.526,2.596,161.808,1.05635
7261,580880.0,1,0.12614428997039795,0.13366186618804932,0.28949,0.00012528662045951933,-23.577,-4.601,2.609,161.842,1.05582
7262,580960.0,1,0.11879140883684158,0.13193279504776,0.29112,0.00013884608051739633,-23.608,-4.648,2.582,161.976,1.05493
7263,581040.0,1,0.1177946999669075,0.13119098544120789,0.29105,0.0001462787768105045,-23.558,-4.659,2.562,162.012,1.05455
7264,581120.0,1,0.11862864345312119,0.1293572038412094,0.29025,0.00014342321082949638,-23.533,-4.687,2.566,162.074,1.0543
7265,581200.0,1,0.11718691140413284,0.12715178728103638,0.2902,0.0001417033199686557,-23.55,-4.665,2.575,162.09,1.05422
7266,581280.0,1,0.11632948368787766,0.12478229403495789,0.29044,0.0001436490420019254,-23.541,-4.648,2.609,162.153,1.05388
7267,581360.0,1,0.11041775345802307,0.11466415226459503,0.29066,0.00012036076077492908,-23.548,-4.568,2.509,162.172,1.05398
7268,581440.0,1,0.1056630089879036,0.11114615201950073,0.29186,0.00012705974222626537,-23.51,-4.591,2.51,162.222,1.0539
7269,581520.0,1,0.10024886578321457,0.10244006663560867,0.29451,0.00013017747551202774,-23.484,-4.609,2.469,162.2,1.05347
7270,581600.0,1,0.09758628904819489,0.10047534108161926,0.29583,0.0001360062597086653,-23.431,-4.569,2.399,162.236,1.0538
7271,581680.0,1,0.09860193729400635,0.10083711892366409,0.29581,0.00012261212395969778,-23.346,-4.526,2.424,162.209,1.05367
7272,581760.0,1,0.0867711752653122,0.08388082683086395,0.30221,0.00010294130333932117,-23.059,-4.44,2.401,162.204,1.05292
7273,581840.0,1,0.08863887190818787,0.0799340158700943,0.30298,9.320492972619832e-05,-23.037,-4.42,2.455,162.225,1.05335
7274,581920.0,1,0.08773459494113922,0.07630974799394608,0.30372,8.599106513429433e-05,-23.042,-4.439,2.501,162.278,1.05257
7275,582000.0,1,0.08518294990062714,0.0825824961066246,0.30188,7.822949555702507e-05,-23.088,-4.44,2.405,162.213,1.05232
7276,582080.0,1,0.08254867047071457,0.0798414796590805,0.30313,7.547580753453076e-05,-23.142,-4.439,2.378,162.25,1.0522
7277,582160.0,1,0.08356282860040665,0.08116835355758667,0.30224,7.51127881812863e-05,-23.188,-4.443,2.38,162.26,1.05172
7278,582240.0,1,0.08238084614276886,0.08139296621084213,0.30265,7.912243017926812e-05,-23.277,-4.439,2.395,162.279,1.05175
7279,582320.0,1,0.08310236036777496,0.08234447985887527,0.30174,7.72111743572168e-05,-23.316,-4.456,2.437,162.331,1.05155
7280,582400.0,1,0.08409352600574493,0.08373499661684036,0.30123,7.774942787364125e-05,-23.354,-4.466,2.464,162.333,1.0517
7281,582480.0,1,0.08526769280433655,0.08349359780550003,0.30041,8.301375055452809e-05,-23.355,-4.488,2.48,162.295,1.05172
7282,582560.0,1,0.08453316241502762,0.08155880123376846,0.30142,8.006342250155285e-05,-23.349,-4.491,2.465,162.355,1.05182
7283,582640.0,1,0.08521950989961624,0.08087122440338135,0.30156,7.888910477049649e-05,-23.279,-4.517,2.488,162.216,1.05377
7284,582720.0,1,0.08132345974445343,0.06934502720832825,0.30556,8.509571489412338e-05,-23.418,-4.614,2.567,162.158,1.05494
7285,582800.0,1,0.07734479755163193,0.06667961180210114,0.30702,8.437142241746187e-05,-23.569,-4.644,2.544,162.129,1.05576
7286,582880.0,1,0.07557392865419388,0.06792564690113068,0.30755,8.576421532779932e-05,-23.66,-4.683,2.529,162.144,1.05557
7287,582960.0,1,0.07534029334783554,0.06710122525691986,0.30812,8.958053513197228e-05,-23.668,-4.728,2.524,162.111,1.05588
7288,583040.0,1,0.07524704188108444,0.06733645498752594,0.30805,9.451065125176683e-05,-23.679,-4.728,2.534,162.126,1.05575
7289,583120.0,1,0.07676491886377335,0.06898774206638336,0.30723,9.799217514228076e-05,-23.69,-4.743,2.532,162.063,1.0556
7290,583200.0,1,0.07664573192596436,0.07081214338541031,0.30689,9.702988609205931e-05,-23.687,-4.706,2.523,162.074,1.05544
7291,583280.0,1,0.0821927860379219,0.07681557536125183,0.30455,9.605423110770062e-05,-23.92,-4.702,2.517,162.041,1.05534
7292,583360.0,1,0.6709709763526917,0.5298428535461426,0.15044,0.00020448410941753536,-25.23,-4.685,2.269,162.124,1.05524
7293,583440.0,1,0.5425277948379517,0.47833847999572754,0.18074,0.0001975418272195384,-24.979,-4.576,2.284,162.091,1.0556
7294,583520.0,1,0.354522705078125,0.3585129976272583,0.23042,0.0001556025235913694,-24.719,-4.568,2.284,162.099,1.05559
7295,583600.0,1,0.17141707241535187,0.2040201872587204,0.26819,0.00011895131319761276,-24.254,-4.556,2.357,162.04,1.05586
7296,583680.0,1,0.09965988993644714,0.10855802148580551,0.29413,0.00011078324314439669,-23.804,-4.439,2.389,161.962,1.05554
7297,583760.0,1,0.09090648591518402,0.09477889537811279,0.2985,0.00010127421410288662,-23.714,-4.459,2.462,161.92,1.05618
7298,583840.0,1,0.0910150557756424,0.09018585085868835,0.29958,9.473451063968241e-05,-23.696,-4.461,2.469,161.912,1.05651
7299,583920.0,1,0.08681175112724304,0.08686675131320953,0.30144,8.950838673627004e-05,-23.532,-4.428,2.459,161.858,1.05714
7300,584000.0,1,0.08340799063444138,0.08432192355394363,0.30108,8.464074198855087e-05,-23.548,-4.484,2.492,161.886,1.05754
7301,584080.0,1,0.07913838326931,0.07985982298851013,0.30328,8.413601608481258e-05,-23.501,-4.446,2.532,161.797,1.05761
7302,584160.0,1,0.07881417125463486,0.08027568459510803,0.30355,8.517560490872711e-05,-23.486,-4.458,2.541,161.838,1.05744
7303,584240.0,1,0.07940690964460373,0.08096683770418167,0.3034,8.917212835513055e-05,-23.561,-4.468,2.539,161.813,1.05771
7304,584320.0,1,0.07630518078804016,0.07790610939264297,0.30463,9.528717782814056e-05,-23.541,-4.446,2.521,161.893,1.05731
7305,584400.0,1,0.07495282590389252,0.0835462212562561,0.30415,8.769839041633531e-05,-23.431,-4.478,2.531,161.953,1.05711
7306,584480.0,1,0.07352098077535629,0.08575040847063065,0.30444,8.326299575855955e-05,-23.416,-4.499,2.545,161.966,1.05736
7307,584560.0,1,0.0711040198802948,0.08418285101652145,0.30562,7.780994201311842e-05,-23.352,-4.462,2.548,161.947,1.05746
7308,584640.0,1,0.08482816815376282,0.09287372976541519,0.30125,6.963370833545923e-05,-23.443,-4.501,2.528,161.907,1.05796
7309,584720.0,1,0.08546185493469238,0.09510963410139084,0.30138,6.588442920474336e-05,-23.551,-4.528,2.549,161.861,1.05823
7310,584800.0,1,0.08281135559082031,0.08793310075998306,0.30489,6.608188414247707e-05,-23.547,-4.47,2.564,161.968,1.05811
7311,584880.0,1,0.08079423010349274,0.0861004963517189,0.30537,7.309038483072072e-05,-23.661,-4.521,2.624,161.908,1.05859
7312,584960.0,1,0.11050915718078613,0.09421969205141068,0.29574,7.203068525996059e-05,-23.689,-4.527,2.627,161.919,1.0585
7313,585040.0,1,0.7790845632553101,0.7366970777511597,0.07685,0.00016482215141877532,-25.103,-4.43,2.204,161.861,1.05904
7314,585120.0,1,0.7717214822769165,0.7558315992355347,0.07303,0.00023366212553810328,-25.281,-4.359,2.22,161.815,1.05891
7315,585200.0,1,0.5476776361465454,0.6133006811141968,0.14703,0.00020709946693386883,-25.104,-4.13,2.387,161.69,1.05914
7316,585280.0,1,0.29887446761131287,0.3841646611690521,0.22944,0.00011882218677783385,-24.958,-4.372,2.631,161.715,1.05878
7317,585360.0,1,0.17459224164485931,0.20643514394760132,0.26868,9.964942000806332e-05,-24.509,-4.396,2.705,161.508,1.0591
7318,585440.0,1,0.15403272211551666,0.16166895627975464,0.27815,9.645074169384316e-05,-23.72,-4.55,2.78,161.528,1.05884
7319,585520.0,1,0.14158406853675842,0.14900361001491547,0.28221,9.657351620262489e-05,-23.732,-4.513,2.828,161.522,1.0586
7320,585600.0,1,0.13354510068893433,0.14085353910923004,0.28593,0.00011052335321437567,-23.691,-4.492,2.786,161.514,1.05813
7321,585680.0,1,0.13241958618164062,0.1413828730583191,0.28635,0.00011188244388904423,-23.601,-4.456,2.761,161.48,1.05822
7322,585760.0,1,0.1327570080757141,0.13962708413600922,0.28738,0.00011758336768252775,-23.572,-4.408,2.712,161.477,1.05813
7323,585840.0,1,0.13317817449569702,0.1382322460412979,0.28775,0.0001220780541189015,-23.476,-4.318,2.707,161.411,1.05825
7324,585920.0,1,0.132206529378891,0.14235427975654602,0.28775,0.00012831517960876226,-23.38,-4.28,2.658,161.429,1.05814
7325,586000.0,1,0.13283731043338776,0.14454999566078186,0.28759,0.00015348041779361665,-23.389,-4.275,2.648,161.404,1.05832
7326,586080.0,1,0.16115154325962067,0.17412354052066803,0.28038,0.00017515267245471478,-22.887,-4.099,2.644,161.432,1.05815
7327,586160.0,1,0.16042384505271912,0.17830586433410645,0.27947,0.0002500444243196398,-22.39,-3.972,2.615,161.398,1.0582
7328,586240.0,1,0.15412360429763794,0.15688563883304596,0.2832,0.00024516606936231256,-22.222,-3.908,2.59,161.485,1.05734
7329,586320.0,1,0.1494169533252716,0.1456458568572998,0.28598,0.00022966870164964348,-22.194,-3.938,2.706,161.503,1.05672
7330,586400.0,1,0.14128325879573822,0.14050064980983734,0.28844,0.00023435827461071312,-21.875,-3.971,2.686,161.549,1.05642
7331,586480.0,1,0.13263529539108276,0.1315317451953888,0.29049,0.00025799241848289967,-21.634,-3.987,2.663,161.626,1.05558
7332,586560.0,1,0.12754255533218384,0.12701129913330078,0.29107,0.0002134947426384315,-22.297,-3.987,2.688,161.609,1.0554
7333,586640.0,1,0.12443961203098297,0.12516790628433228,0.29195,0.0001994805788854137,-22.315,-4.002,2.66,161.553,1.05554
7334,586720.0,1,0.12185925245285034,0.12621097266674042,0.29234,0.0001875678135547787,-22.318,-4.016,2.606,161.57,1.05577
7335,586800.0,1,0.11905961483716965,0.12701904773712158,0.29274,0.00018326450663153082,-22.325,-4.031,2.527,161.552,1.05586
7336,586880.0,1,0.11764710396528244,0.12325316667556763,0.29203,0.00014343688962981105,-22.321,-4.22,2.569,161.609,1.05578
7337,586960.0,1,0.12032119929790497,0.12006442248821259,0.29185,0.0001046000252244994,-22.093,-4.331,2.648,161.544,1.05588
7338,587040.0,1,0.11645635217428207,0.1206401139497757,0.29362,0.00014234443369787186,-21.869,-4.337,2.661,161.598,1.05637
7339,587120.0,1,0.11734288930892944,0.11872252821922302,0.29239,0.00011518441169755533,-21.578,-4.289,2.762,161.576,1.05652
7340,587200.0,1,0.11885011196136475,0.11283889412879944,0.29412,9.761343244463205e-05,-21.581,-4.385,2.708,161.596,1.05696
7341,587280.0,1,0.10980615764856339,0.09793572872877121,0.30111,8.784092642599717e-05,-21.398,-4.43,2.869,161.531,1.05774
7342,587360.0,1,0.10128451138734818,0.09099353849887848,0.30508,0.00011350702698109671,-21.413,-4.432,2.906,161.544,1.05824
7343,587440.0,1,0.09726129472255707,0.089493528008461,0.30534,0.00010967600246658549,-21.342,-4.518,3.077,161.421,1.05933
7344,587520.0,1,0.08956525474786758,0.08695407956838608,0.30849,0.00011439825902925804,-21.455,-4.408,3.127,161.393,1.06039
7345,587600.0,1,0.08455555140972137,0.08856277167797089,0.30714,0.00010887884127441794,-21.545,-4.313,3.077,161.474,1.06018
7346,587680.0,1,0.08015377819538116,0.08782787621021271,0.30568,0.00010802812903421,-21.685,-4.268,3.012,161.582,1.05938
7347,587760.0,1,0.08074116706848145,0.08827905356884003,0.30453,0.00012320527457632124,-21.671,-4.239,2.962,161.664,1.05821
7348,587840.0,1,0.08251635730266571,0.08935371786355972,0.30444,0.0001311260275542736,-21.592,-4.3,2.944,161.864,1.05646
7349,587920.0,1,0.08293610066175461,0.09159216284751892,0.30405,0.0001435731683159247,-21.689,-4.299,2.921,161.905,1.05458
7350,588000.0,1,0.0858725979924202,0.09269335865974426,0.30182,0.00015150164836086333,-21.76,-4.32,3.0,162.046,1.05349
7351,588080.0,1,0.07577434927225113,0.0781835988163948,0.30722,0.00017592529184184968,-22.085,-4.408,3.209,161.95,1.05337
7352,588160.0,1,0.31584814190864563,0.24929606914520264,0.24623,0.00023720426543150097,-22.259,-4.253,3.218,161.973,1.05357
7353,588240.0,1,0.37220340967178345,0.3236653208732605,0.22946,0.00017691307584755123,-22.33,-4.167,3.246,161.817,1.05435
7354,588320.0,1,0.3108677268028259,0.2613888680934906,0.24364,0.00014312524581328034,-22.611,-4.309,3.24,161.785,1.05483
7355,588400.0,1,0.20757749676704407,0.1879989355802536,0.2653,0.0001378293236484751,-22.156,-4.343,3.148,161.708,1.05541
7356,588480.0,1,0.1354418247938156,0.13085204362869263,0.28207,0.0001121295863413252,-22.158,-4.391,3.132,161.664,1.05565
7357,588560.0,1,0.1250033974647522,0.13256902992725372,0.28449,0.00010973604366881773,-22.149,-4.475,3.082,161.603,1.05596
7358,588640.0,1,0.1202687993645668,0.13104702532291412,0.28586,0.0001170354662463069,-22.168,-4.464,3.031,161.769,1.05547
7359,588720.0,1,0.11435700953006744,0.13481014966964722,0.28704,0.00013380897871684283,-22.138,-4.441,2.993,161.678,1.05569
7360,588800.0,1,0.11017884314060211,0.13238035142421722,0.28749,0.0001640490081626922,-22.097,-4.497,2.993,161.732,1.05504
7361,588880.0,1,0.1079588308930397,0.12997709214687347,0.28856,0.0001759612059686333,-22.027,-4.532,2.971,161.701,1.05468
7362,588960.0,1,0.10641929507255554,0.12909314036369324,0.28926,0.00017075208597816527,-22.168,-4.463,2.975,161.771,1.0542
7363,589040.0,1,0.10735630989074707,0.12684431672096252,0.28951,0.0001686916803009808,-22.301,-4.457,3.023,161.735,1.05384
7364,589120.0,1,0.10061449557542801,0.12015796452760696,0.29488,0.00020291980763431638,-22.229,-4.522,3.046,161.798,1.0539
7365,589200.0,1,0.09413709491491318,0.11680780351161957,0.29764,0.00019348492787685245,-22.049,-4.523,3.026,161.774,1.05353
7366,589280.0,1,0.09020454436540604,0.11317586153745651,0.29964,0.0001962275564437732,-22.025,-4.5,3.011,161.705,1.05538
7367,589360.0,1,0.09013621509075165,0.10716818273067474,0.30181,0.00018009444465860724,-22.185,-4.483,3.106,161.71,1.05584
7368,589440.0,1,0.09144368022680283,0.10015822947025299,0.30125,0.00015585673099849373,-22.283,-4.412,3.235,161.697,1.05613
7369,589520.0,1,0.08660803735256195,0.09671125560998917,0.30299,0.00014414273027796298,-22.229,-4.343,3.227,161.732,1.05637
7370,589600.0,1,0.08471764624118805,0.09392298758029938,0.30256,0.00013840934843756258,-22.346,-4.384,3.285,161.843,1.0558
7371,589680.0,1,0.08371710032224655,0.09959782660007477,0.30143,0.00014297287270892411,-22.368,-4.373,3.316,161.867,1.05552
7372,589760.0,1,0.0905260518193245,0.11774621158838272,0.29796,0.0001526956766610965,-22.435,-4.381,3.328,161.983,1.05516
7373,589840.0,1,0.09891872853040695,0.12386077642440796,0.29498,0.00017449058941565454,-22.482,-4.335,3.265,162.007,1.05459
7374,589920.0,1,0.08826041221618652,0.12257888168096542,0.29808,0.00018444833403918892,-22.733,-4.173,3.203,162.21,1.05357
7375,590000.0,1,0.09751610457897186,0.12522627413272858,0.29763,0.00017463539552409202,-22.849,-4.112,3.151,162.273,1.05309
7376,590080.0,1,0.09448940306901932,0.12357573211193085,0.29939,0.0001628110621822998,-22.844,-4.129,3.157,162.388,1.0528
7377,590160.0,1,0.10575602948665619,0.1297478824853897,0.29634,0.00015478373097721487,-23.119,-4.169,3.151,162.392,1.052
7378,590240.0,1,0.11444427073001862,0.135994553565979,0.29233,0.0001484928943682462,-23.568,-4.243,3.116,162.53,1.05181
7379,590320.0,1,0.11103484034538269,0.13849352300167084,0.2914,0.0001531471061753109,-23.622,-4.222,3.116,162.574,1.05069
7380,590400.0,1,0.1232583150267601,0.14643804728984833,0.28659,0.00015413777146022767,-22.941,-3.934,3.007,162.697,1.04908
7381,590480.0,1,0.1266886442899704,0.15236243605613708,0.28418,0.00015427908510901034,-22.727,-3.931,2.833,162.699,1.04921
7382,590560.0,1,0.12716741859912872,0.155427023768425,0.28298,0.00014901926624588668,-22.676,-3.935,2.764,162.751,1.04892
7383,590640.0,1,0.13239580392837524,0.16810676455497742,0.28098,0.00016178151417989284,-22.702,-3.885,2.715,162.783,1.04884
7384,590720.0,1,0.13244687020778656,0.17353640496730804,0.28101,0.00015347896260209382,-22.801,-3.882,2.714,162.952,1.04851
7385,590800.0,1,0.14426623284816742,0.18419504165649414,0.27608,0.00014546395686920732,-22.827,-3.867,2.728,162.908,1.04828
7386,590880.0,1,0.1506941318511963,0.19306974112987518,0.27422,0.00016552962188143283,-22.778,-3.913,2.744,162.959,1.04787
7387,590960.0,1,0.17240463197231293,0.2112533450126648,0.27015,0.0001633438077988103,-22.78,-3.979,2.648,162.893,1.0478
7388,591040.0,1,0.19455261528491974,0.21168123185634613,0.26871,0.000169643375556916,-22.977,-3.973,2.492,162.95,1.04714
7389,591120.0,1,0.6702094078063965,0.6712378263473511,0.12738,0.0003389697812963277,-23.992,-4.018,2.342,162.858,1.04827
7390,591200.0,1,0.6329930424690247,0.6546108722686768,0.12328,0.0004658869293052703,-23.583,-3.835,2.322,162.943,1.04875
7391,591280.0,1,0.45637163519859314,0.49127623438835144,0.18502,0.00029572361381724477,-23.732,-3.824,2.376,162.999,1.04786
7392,591360.0,1,0.33072608709335327,0.372831255197525,0.23015,0.00021431381173897535,-23.377,-4.171,2.47,163.115,1.04609
7393,591440.0,1,0.2906292676925659,0.3390791416168213,0.2443,0.00021191244013607502,-22.852,-4.246,2.522,163.206,1.04551
7394,591520.0,1,0.2507503926753998,0.31712979078292847,0.25405,0.00018103102047462016,-23.025,-4.254,2.395,163.424,1.04406
7395,591600.0,1,0.25260046124458313,0.30359891057014465,0.25379,0.00018801189435180277,-22.887,-4.315,2.421,163.488,1.04253
7396,591680.0,1,0.27188852429389954,0.29569143056869507,0.25414,0.00029522189288400114,-23.384,-4.443,2.458,163.542,1.04137
7397,591760.0,1,0.2733598053455353,0.2940063178539276,0.25505,0.0002485152508597821,-23.771,-4.451,2.482,163.5,1.04117
7398,591840.0,1,0.26636579632759094,0.29137974977493286,0.25633,0.00023679911100771278,-23.738,-4.442,2.458,163.444,1.04105
7399,591920.0,1,0.26441067457199097,0.29046863317489624,0.25596,0.0002301843196619302,-23.67,-4.338,2.427,163.296,1.0412
7400,592000.0,1,0.2547142505645752,0.2780209183692932,0.2576,0.0002193671534769237,-23.656,-4.276,2.4,163.271,1.04122
7401,592080.0,1,0.253059446811676,0.27375227212905884,0.25794,0.00022489833645522594,-23.788,-4.243,2.401,163.201,1.04123
7402,592160.0,1,0.267073392868042,0.27712482213974,0.25572,0.0002354166645091027,-23.579,-4.23,2.387,163.152,1.04102
7403,592240.0,1,0.27491772174835205,0.28943106532096863,0.25319,0.00024734725593589246,-23.583,-4.175,2.355,163.011,1.04129
7404,592320.0,1,0.29842185974121094,0.30629220604896545,0.25078,0.00020606399630196393,-23.61,-4.197,2.413,162.911,1.0415
7405,592400.0,1,0.33823642134666443,0.3235108554363251,0.24485,0.0001797588774934411,-23.345,-4.308,2.444,162.672,1.04411
7406,592480.0,1,0.3776441216468811,0.35259348154067993,0.23794,0.00016673115896992385,-23.191,-4.354,2.597,162.589,1.04544
7407,592560.0,1,0.3836126923561096,0.3698819577693939,0.23405,0.0001834841095842421,-23.085,-4.211,2.578,162.352,1.04659
7408,592640.0,1,0.3799649178981781,0.35584115982055664,0.23491,0.00022933827131055295,-22.684,-4.059,2.681,162.271,1.04748
7409,592720.0,1,0.32763636112213135,0.3163268268108368,0.24747,0.0002328252885490656,-22.622,-3.614,2.648,161.508,1.04896
7410,592800.0,1,0.29003146290779114,0.29623961448669434,0.24872,0.00027253839652985334,-22.387,-3.544,2.797,161.397,1.04956
7411,592880.0,1,0.32082271575927734,0.3020893335342407,0.25027,0.0002797521010506898,-21.641,-3.503,2.675,161.091,1.05006
7412,592960.0,1,0.27055639028549194,0.2458362728357315,0.26118,0.0002412546455161646,-21.455,-3.477,2.688,160.982,1.04989
7413,593040.0,1,0.29882538318634033,0.2774760127067566,0.25284,0.00025903256027959287,-21.171,-3.337,2.59,160.729,1.05045
7414,593120.0,1,0.3228735327720642,0.3061749339103699,0.24816,0.0002298277395311743,-20.47,-3.251,2.526,160.497,1.05097
7415,593200.0,1,0.3332732617855072,0.30953723192214966,0.24507,0.00020505188149400055,-19.595,-3.05,2.434,160.048,1.05153
7416,593280.0,1,0.3153741657733917,0.3108256161212921,0.24372,0.0002568127238191664,-18.371,-2.886,2.09,159.439,1.05271
7417,593360.0,1,0.3328969180583954,0.34006914496421814,0.23589,0.00030488704214803874,-17.487,-2.816,1.814,159.154,1.05377
7418,593440.0,1,0.3444041311740875,0.3448125720024109,0.23134,0.0003909255610778928,-17.06,-2.613,1.645,158.79,1.05716
7419,593520.0,1,0.34455445408821106,0.33062973618507385,0.23205,0.00039835739880800247,-16.815,-2.608,1.706,158.506,1.05831
7420,593600.0,1,0.3500252366065979,0.32810020446777344,0.2299,0.00044704769970849156,-16.007,-2.726,1.616,158.372,1.0585
7421,593680.0,1,0.3578702509403229,0.32258492708206177,0.22867,0.00043295123032294214,-15.401,-2.357,1.423,158.06,1.05928
7422,593760.0,1,0.3337199091911316,0.2782045602798462,0.23461,0.0004463751392904669,-15.455,-2.28,1.648,157.999,1.06204
7423,593840.0,1,0.3437957465648651,0.305135041475296,0.22812,0.00041917170165106654,-14.853,-2.016,1.425,157.44,1.06446
7424,593920.0,1,0.3249855637550354,0.26206129789352417,0.235,0.00038125613355077803,-14.59,-1.516,1.027,153.158,1.0675
7425,594000.0,1,0.3433185815811157,0.29094451665878296,0.23551,0.0005249594687484205,-14.119,-0.913,0.895,152.851,1.06843
7426,594080.0,1,0.3269062042236328,0.29583364725112915,0.23168,0.0006713511538691819,-13.228,-0.408,0.664,152.56,1.06881
7427,594160.0,1,0.2587320804595947,0.25219520926475525,0.24251,0.0006089948583394289,-11.66,0.473,0.238,151.997,1.07051
7428,594240.0,1,0.2529160976409912,0.21239794790744781,0.25854,0.0008402097737416625,-9.676,1.218,-0.016,151.466,1.07123
7429,594320.0,1,0.2459753006696701,0.20595784485340118,0.25962,0.0004534339823294431,-7.808,1.871,-0.235,151.056,1.07201
7430,594400.0,1,0.2618969678878784,0.2347518503665924,0.24617,0.0004627493326552212,-5.714,2.229,-0.111,150.644,1.07264
7431,594480.0,1,0.2672255039215088,0.18869659304618835,0.24921,0.0006611131830140948,-5.006,2.394,-0.006,150.483,1.07274
7432,594560.0,1,0.2713373601436615,0.19472508132457733,0.24567,0.0006463760510087013,-4.48,2.482,0.066,150.484,1.07259
7433,594640.0,1,0.26335352659225464,0.19043877720832825,0.24449,0.0006651303847320378,-4.234,2.444,0.104,150.333,1.07239
7434,594720.0,1,0.27211782336235046,0.18873094022274017,0.23811,0.0006003318703733385,-4.262,2.348,0.177,150.384,1.07189
7435,594800.0,1,0.28120875358581543,0.1814957708120346,0.23647,0.0007143281982280314,-4.131,2.192,0.219,150.313,1.07225
7436,594880.0,1,0.2725540101528168,0.17854341864585876,0.23623,0.0007161089451983571,-4.069,1.919,0.316,150.246,1.07425
7437,594960.0,1,0.2704048156738281,0.17576713860034943,0.23528,0.0008338771876879036,-4.042,1.858,0.389,150.102,1.07535
7438,595040.0,1,0.27472156286239624,0.18169842660427094,0.23451,0.0008069758769124746,-4.045,1.739,0.447,150.145,1.07534
7439,595120.0,1,0.254866361618042,0.18296292424201965,0.23482,0.0009184578666463494,-3.964,1.451,0.66,150.114,1.0751
7440,595200.0,1,0.26872721314430237,0.1949293613433838,0.22781,0.000828116259071976,-4.423,1.145,0.683,150.078,1.07466
7441,595280.0,1,0.28497710824012756,0.21430277824401855,0.22473,0.0008423886611126363,-5.039,0.181,1.1,150.091,1.07459
7442,595360.0,1,0.27840879559516907,0.2267681211233139,0.22469,0.0007280022255145013,-5.123,-0.877,1.251,150.21,1.0746
7443,595440.0,1,0.2815244495868683,0.2243780791759491,0.22679,0.000827265263069421,-5.538,-1.519,1.292,150.264,1.07414
7444,595520.0,1,0.27588140964508057,0.2108674794435501,0.23046,0.0008200391312129796,-6.136,-2.343,1.246,150.435,1.07335
7445,595600.0,1,0.25958094000816345,0.2149650603532791,0.23206,0.0007673242362216115,-6.141,-2.974,1.419,150.607,1.07197
7446,595680.0,1,0.2554818391799927,0.1976904422044754,0.2396,0.000784947129432112,-7.015,-3.819,1.619,150.848,1.07081
7447,595760.0,1,0.24753139913082123,0.1910112202167511,0.24737,0.0007451455458067358,-7.623,-3.925,1.633,151.026,1.06961
7448,595840.0,1,0.22044700384140015,0.1716649830341339,0.25611,0.0007291453657671809,-8.468,-4.144,1.66,151.392,1.06877
7449,595920.0,1,0.24288885295391083,0.2089918851852417,0.24565,0.0008481632103212178,-8.812,-4.127,1.674,151.707,1.06754
7450,596000.0,1,0.7540890574455261,0.6882427930831909,0.05076,0.001027570920996368,-9.494,-4.381,1.43,152.266,1.06666
7451,596080.0,1,0.831636369228363,0.7716253995895386,0.01714,0.0005261635524220765,-10.771,-4.2,1.442,152.603,1.06613
7452,596160.0,1,0.38627922534942627,0.41514942049980164,0.19526,0.00032734544947743416,-13.084,-4.38,1.311,153.508,1.0641
7453,596240.0,1,0.22435016930103302,0.22958971560001373,0.26695,0.00015921586600597948,-14.899,-4.146,1.346,153.837,1.06421
7454,596320.0,1,0.1715209186077118,0.16952547430992126,0.27961,0.00014305661898106337,-16.219,-4.171,1.383,154.234,1.0635
7455,596400.0,1,0.16568715870380402,0.1841335892677307,0.27948,0.00011906081635970622,-16.91,-4.099,1.391,154.329,1.06363
7456,596480.0,1,0.19742882251739502,0.17887932062149048,0.27648,0.0001334347907686606,-18.462,-4.351,1.476,154.427,1.06357
7457,596560.0,1,0.1914563775062561,0.1684478372335434,0.27513,0.00011393416934879497,-19.203,-4.491,1.564,152.927,1.07823
7458,596640.0,1,0.19722633063793182,0.1736784726381302,0.27204,0.00011948584869969636,-19.381,-4.565,1.545,152.185,1.08973
7459,596720.0,1,0.20445768535137177,0.17838113009929657,0.26914,0.00010084451787406579,-19.273,-4.612,1.504,152.054,1.09185
7460,596800.0,1,0.20658327639102936,0.17850200831890106,0.26871,9.952273831004277e-05,-19.443,-4.781,1.472,152.095,1.09251
7461,596880.0,1,0.21117857098579407,0.18661528825759888,0.26847,8.981773135019466e-05,-19.586,-4.884,1.44,152.055,1.09264
7462,596960.0,1,0.22531619668006897,0.2132793366909027,0.26583,9.038109419634566e-05,-19.621,-4.856,1.405,152.143,1.0923
7463,597040.0,1,0.16278959810733795,0.20326381921768188,0.27503,9.282760584028438e-05,-19.703,-4.818,1.53,152.064,1.09316
7464,597120.0,1,0.14112667739391327,0.1901666820049286,0.28004,9.568106906954199e-05,-19.655,-4.833,1.642,152.145,1.093
7465,597200.0,1,0.13311141729354858,0.18001249432563782,0.28303,0.00010329332872061059,-19.504,-4.937,1.608,152.257,1.09055
7466,597280.0,1,0.7303649187088013,0.7293447852134705,0.0879,0.0002773917804006487,-20.101,-4.891,1.396,152.446,1.08938
7467,597360.0,1,0.7071323990821838,0.6447347402572632,0.12523,0.00028496672166511416,-19.947,-4.683,1.481,152.503,1.08873
7468,597440.0,1,0.5199206471443176,0.4894544184207916,0.19618,0.00026185010210610926,-19.341,-4.713,1.543,152.782,1.0881
7469,597520.0,1,0.3978296220302582,0.3934946060180664,0.23007,0.0005825800471939147,-18.636,-4.752,1.492,152.795,1.08847
7470,597600.0,1,0.20847168564796448,0.21150973439216614,0.27467,0.0009375853696838021,-18.378,-4.846,1.39,152.991,1.08805
7471,597680.0,1,0.1067623719573021,0.1315235197544098,0.29942,0.0008907791343517601,-17.842,-4.801,1.124,152.979,1.08834
7472,597760.0,1,0.09442411363124847,0.1293753832578659,0.29857,0.0015617053722962737,-18.077,-4.725,0.962,153.131,1.08804
7473,597840.0,1,0.09601191431283951,0.13294526934623718,0.29862,0.0017723958007991314,-18.242,-4.643,0.88,153.156,1.08832
7474,597920.0,1,0.09472222626209259,0.1330462545156479,0.29709,0.002118155127391219,-18.27,-4.637,0.892,153.3,1.08815
7475,598000.0,1,0.08934962004423141,0.1283094882965088,0.29745,0.0024919630959630013,-18.354,-4.589,0.896,153.34,1.0881
7476,598080.0,1,0.09307146817445755,0.12175165861845016,0.29555,0.0027181555051356554,-19.538,-4.632,1.139,153.468,1.08804
7477,598160.0,1,0.09990014880895615,0.12802135944366455,0.29209,0.0018480124417692423,-19.852,-4.665,1.131,153.462,1.0875
7478,598240.0,1,0.10430486500263214,0.1379822939634323,0.2892,0.001684375572949648,-20.145,-4.676,1.074,153.527,1.08783
7479,598320.0,1,0.1032894179224968,0.14869222044944763,0.28884,0.0013894246658310294,-20.231,-4.755,0.941,153.61,1.08745
7480,598400.0,1,0.1149015799164772,0.16079096496105194,0.28738,0.0010571505408734083,-20.829,-4.693,1.126,153.794,1.08758
7481,598480.0,1,0.11116255074739456,0.1609577089548111,0.28611,0.0010019410401582718,-20.956,-4.698,1.188,153.851,1.0844
7482,598560.0,1,0.13357506692409515,0.1831134408712387,0.27881,0.0013045377563685179,-21.117,-4.612,1.382,154.048,1.08299
7483,598640.0,1,0.12325535714626312,0.17036518454551697,0.28195,0.0012473964598029852,-21.129,-4.564,1.234,154.047,1.07998
7484,598720.0,1,0.12132005393505096,0.16151058673858643,0.2833,0.001472698524594307,-21.138,-4.646,1.293,154.221,1.07773
7485,598800.0,1,0.12200087308883667,0.16355298459529877,0.2827,0.0013972914312034845,-21.145,-4.653,1.26,154.192,1.07761
7486,598880.0,1,0.12267088145017624,0.16418446600437164,0.2826,0.00117496179882437,-21.142,-4.592,1.296,154.249,1.07743
7487,598960.0,1,0.12275666743516922,0.16723734140396118,0.2823,0.0010658121900632977,-21.151,-4.545,1.279,154.136,1.07747
7488,599040.0,1,0.12450939416885376,0.1773960292339325,0.28085,0.0010252315551042557,-20.873,-4.707,1.151,154.179,1.07701
7489,599120.0,1,0.12240991741418839,0.17459718883037567,0.28151,0.0009737965301610529,-20.823,-4.68,1.125,154.095,1.0774
7490,599200.0,1,0.12309108674526215,0.17097389698028564,0.28028,0.0007478861953131855,-20.76,-4.721,1.25,154.221,1.07736
7491,599280.0,1,0.13133859634399414,0.1715976744890213,0.27884,0.0008518073591403663,-20.916,-4.556,1.591,154.188,1.07762
7492,599360.0,1,0.13022808730602264,0.15933473408222198,0.28562,0.0007361244061030447,-21.05,-4.531,1.205,154.193,1.07733
7493,599440.0,1,0.11904507875442505,0.14969958364963531,0.29028,0.0006986916996538639,-21.206,-4.507,1.206,154.257,1.07758
7494,599520.0,1,0.11725953966379166,0.1364661306142807,0.2898,0.0006983235944062471,-21.408,-4.584,1.481,154.43,1.07512
7495,599600.0,1,0.11628759652376175,0.11877056211233139,0.29238,0.0007298440323211253,-21.137,-4.609,1.333,154.404,1.07392
7496,599680.0,1,0.11243092268705368,0.12377528846263885,0.29286,0.0009246731642633677,-21.191,-4.604,1.286,154.55,1.07352
7497,599760.0,1,0.11141594499349594,0.12991835176944733,0.29146,0.0009453010861761868,-21.338,-4.546,1.234,154.574,1.07275
7498,599840.0,1,0.10274491459131241,0.12704530358314514,0.29362,0.0009505737689323723,-21.358,-4.604,1.238,154.592,1.07298
7499,599920.0,1,0.08904072642326355,0.12844125926494598,0.29488,0.000984545680694282,-21.365,-4.646,1.246,154.583,1.07236
7500,600000.0,1,0.09860226511955261,0.13732334971427917,0.29136,0.0008153026574291289,-20.932,-4.763,1.238,154.611,1.07193
7501,600080.0,1,0.27791139483451843,0.39309635758399963,0.23288,0.0012412298237904906,-21.13,-4.827,1.446,154.557,1.07119
7502,600160.0,1,0.2761833071708679,0.3802807033061981,0.23547,0.0016376888379454613,-21.16,-4.817,1.391,154.649,1.0706
7503,600240.0,1,0.1638801097869873,0.22486166656017303,0.26661,0.0014067816082388163,-21.077,-4.834,1.352,154.622,1.07074
7504,600320.0,1,0.11330763250589371,0.16400721669197083,0.28204,0.0013070916756987572,-21.084,-4.815,1.412,154.724,1.07
7505,600400.0,1,0.10362981259822845,0.14101958274841309,0.28764,0.0011802349472418427,-21.04,-4.634,1.534,154.717,1.06996
7506,600480.0,1,0.09606023877859116,0.1286797970533371,0.29185,0.0010976168559864163,-21.039,-4.526,1.51,154.77,1.06994
7507,600560.0,1,0.08901502192020416,0.11242185533046722,0.29588,0.0010568378493189812,-20.993,-4.505,1.501,154.776,1.07009
7508,600640.0,1,0.0810040682554245,0.10528110712766647,0.2976,0.001041839481331408,-20.708,-4.497,1.35,154.992,1.06695
7509,600720.0,1,0.07214024662971497,0.10061557590961456,0.29966,0.0012919091386720538,-20.49,-4.434,1.239,155.054,1.06571
7510,600800.0,1,0.07240396738052368,0.09739834070205688,0.29999,0.001735782134346664,-20.474,-4.384,0.965,155.183,1.06555
7511,600880.0,1,0.0661446824669838,0.09290970116853714,0.30172,0.002412006724625826,-20.107,-4.243,0.775,155.178,1.06528
7512,600960.0,1,0.05971774831414223,0.09250124543905258,0.30395,0.0021847726311534643,-20.0,-4.047,0.539,155.36,1.06348
7513,601040.0,1,0.05398035794496536,0.09146571159362793,0.3043,0.002072877250611782,-19.206,-4.176,0.414,155.245,1.06389
7514,601120.0,1,0.041762128472328186,0.08732236921787262,0.30959,0.0020764314103871584,-19.511,-4.102,0.136,155.396,1.06326
7515,601200.0,1,0.041736893355846405,0.08044536411762238,0.3119,0.0018107816576957703,-19.353,-4.145,0.084,155.41,1.06273
7516,601280.0,1,0.04378925636410713,0.07739868015050888,0.31302,0.0018804102437570691,-19.229,-4.212,0.25,155.533,1.06315
7517,601360.0,1,0.05031389743089676,0.08188442140817642,0.31024,0.0022868968080729246,-19.234,-4.22,0.202,155.49,1.06329
7518,601440.0,1,0.05566541105508804,0.08243236690759659,0.30578,0.0023991777561604977,-19.437,-4.233,0.131,155.593,1.06245
7519,601520.0,1,0.06153637543320656,0.08597507327795029,0.30693,0.0026368985418230295,-19.236,-4.341,0.111,155.814,1.05857
7520,601600.0,1,0.05986560136079788,0.08562333881855011,0.30847,0.0025212131440639496,-19.338,-4.35,0.28,156.086,1.05679
7521,601680.0,1,0.06173820421099663,0.08913674205541611,0.30779,0.002621348947286606,-19.472,-4.434,0.163,156.173,1.05629
7522,601760.0,1,0.06075557693839073,0.09080742299556732,0.30691,0.0026829231064766645,-19.436,-4.356,0.082,156.496,1.05573
7523,601840.0,1,0.056893132627010345,0.09252849221229553,0.30473,0.0028050269465893507,-19.513,-4.366,0.097,157.236,1.04776
7524,601920.0,1,0.05293181538581848,0.08872465789318085,0.30558,0.0027594498824328184,-19.197,-4.536,-0.04,157.537,1.04468
7525,602000.0,1,0.050596486777067184,0.08180751651525497,0.30988,0.0028739338740706444,-18.975,-4.734,0.009,157.501,1.04458
7526,602080.0,1,0.04740674048662186,0.07597137987613678,0.31031,0.002971203299239278,-19.007,-4.778,-0.089,157.513,1.04459
7527,602160.0,1,0.045921795070171356,0.0744566097855568,0.3124,0.002911086194217205,-18.731,-4.837,-0.232,157.401,1.04465
7528,602240.0,1,0.047601912170648575,0.07480831444263458,0.31265,0.002735988236963749,-18.737,-4.662,-0.129,157.463,1.04456
7529,602320.0,1,0.04794854670763016,0.07498791813850403,0.31243,0.0026325928047299385,-18.657,-4.574,-0.176,157.373,1.04501
7530,602400.0,1,0.05099113658070564,0.0833757221698761,0.30707,0.0008893203921616077,-18.967,-4.197,-0.094,157.337,1.04447
7531,602480.0,1,0.05049687251448631,0.08058568835258484,0.30702,0.0005181565647944808,-18.997,-4.15,-0.148,157.235,1.04419
7532,602560.0,1,0.05152967572212219,0.08539403229951859,0.30738,0.000398744159610942,-19.39,-4.027,-0.118,157.277,1.04401
7533,602640.0,1,0.05125425383448601,0.08241390436887741,0.31031,0.00033138191793113947,-19.576,-4.11,-0.1,157.149,1.04397
7534,602720.0,1,0.04515289142727852,0.07321838289499283,0.31664,0.0002817497297655791,-20.012,-4.026,0.006,157.238,1.04361
7535,602800.0,1,0.04258168861269951,0.06713490188121796,0.31791,0.00026009196881204844,-20.251,-4.08,0.121,157.169,1.04363
7536,602880.0,1,0.05060027912259102,0.07160539925098419,0.31251,0.000280962121905759,-20.034,-3.992,0.223,157.123,1.0438
7537,602960.0,1,0.057029712945222855,0.0646262988448143,0.31059,0.00034419039729982615,-19.941,-3.837,0.364,157.041,1.04374
7538,603040.0,1,0.0583806149661541,0.06499568372964859,0.30988,0.00034637871431186795,-19.879,-3.778,0.386,157.114,1.0442
7539,603120.0,1,0.055205635726451874,0.05948096886277199,0.31267,0.0003393955994397402,-19.75,-3.775,0.439,157.022,1.04462
7540,603200.0,1,0.177702859044075,0.24693217873573303,0.26097,0.000374768627807498,-19.895,-4.051,0.167,157.022,1.0447
7541,603280.0,1,0.5041968822479248,0.5383641719818115,0.17501,0.0003948992525693029,-20.419,-4.226,0.098,156.878,1.0445
7542,603360.0,1,0.4939958453178406,0.5103824138641357,0.18743,0.00031731027411296964,-20.403,-4.148,0.093,156.921,1.04413
7543,603440.0,1,0.4168272018432617,0.44259536266326904,0.21216,0.00022856748546473682,-19.955,-4.029,0.268,156.91,1.04395
7544,603520.0,1,0.3254719078540802,0.3950328528881073,0.23297,0.00022254680516198277,-20.032,-3.935,0.408,156.944,1.04376
7545,603600.0,1,0.22855864465236664,0.3544740080833435,0.24748,0.00019205127318855375,-20.213,-3.905,0.534,156.841,1.04401
7546,603680.0,1,0.15152843296527863,0.27914994955062866,0.26412,0.00018524481856729835,-20.459,-3.829,0.663,156.904,1.04377
7547,603760.0,1,0.12093323469161987,0.21415983140468597,0.27441,0.00017374049639329314,-20.556,-3.825,0.712,156.875,1.04373
7548,603840.0,1,0.09094113111495972,0.14157910645008087,0.29059,0.0001577007060404867,-20.433,-3.905,0.65,156.841,1.04353
7549,603920.0,1,0.09540937095880508,0.11902569234371185,0.29039,0.00015274663746822625,-20.369,-3.93,0.801,156.851,1.04335
7550,604000.0,1,0.07949551194906235,0.09992985427379608,0.29702,0.00015827707829885185,-20.33,-3.931,0.956,156.981,1.04252
7551,604080.0,1,0.0747777670621872,0.09972310066223145,0.29666,0.00018354570784140378,-20.758,-4.18,0.933,157.654,1.041
7552,604160.0,1,0.07983307540416718,0.10178833454847336,0.29925,0.00018883959273807704,-20.842,-4.065,1.017,158.102,1.03936
7553,604240.0,1,0.08021165430545807,0.0990237295627594,0.29934,0.00017351764836348593,-20.86,-4.002,1.064,158.466,1.03886
7554,604320.0,1,0.07974082231521606,0.08749882876873016,0.30226,0.00018461742729414254,-21.039,-3.93,1.028,159.277,1.03825
7555,604400.0,1,0.07978440821170807,0.0870312973856926,0.30228,0.00017095198563765734,-21.12,-3.861,0.982,159.891,1.03978
7556,604480.0,1,0.08287728577852249,0.09076478332281113,0.30014,0.00015190754493232816,-21.351,-3.897,1.058,160.201,1.041
7557,604560.0,1,0.08564656972885132,0.09155785292387009,0.29968,0.00013353406393434852,-21.11,-3.932,1.013,159.991,1.04405
7558,604640.0,1,0.08632177114486694,0.0949617326259613,0.29565,0.00012137221347074956,-22.155,-4.013,1.183,155.149,1.0462
7559,604720.0,1,0.09008514136075974,0.09535427391529083,0.29411,0.00012551428517326713,-22.178,-3.995,1.196,154.856,1.04683
7560,604800.0,1,0.08940567821264267,0.10256319493055344,0.29335,0.00011952858039876446,-22.121,-3.961,1.124,154.597,1.04707
7561,604880.0,1,0.08820634335279465,0.10063012689352036,0.29347,0.00012106762733310461,-22.099,-3.923,1.113,154.449,1.04741
7562,604960.0,1,0.08811153471469879,0.10159027576446533,0.29326,0.00011345572420395911,-22.06,-3.93,1.109,154.377,1.04786
7563,605040.0,1,0.08855537325143814,0.10158413648605347,0.29285,0.00010754721006378531,-22.045,-3.901,1.146,154.218,1.04799
7564,605120.0,1,0.09014001488685608,0.10270161926746368,0.29234,0.0001010675696306862,-22.04,-3.893,1.17,154.222,1.04779
7565,605200.0,1,0.0891658365726471,0.10284533351659775,0.29348,9.1604953922797e-05,-21.858,-3.919,1.136,154.023,1.04706
7566,605280.0,1,0.09125985950231552,0.10716448724269867,0.29314,8.79693470778875e-05,-21.787,-3.895,1.116,153.996,1.04654
7567,605360.0,1,0.0877700075507164,0.10608232766389847,0.29474,8.847098797559738e-05,-21.78,-3.86,1.121,153.824,1.04657
7568,605440.0,1,0.08303095400333405,0.10165640711784363,0.29549,0.00010164709237869829,-21.666,-3.809,1.131,153.689,1.046
7569,605520.0,1,0.08343157917261124,0.10018838196992874,0.29495,0.0001030155472108163,-21.399,-3.835,1.064,153.567,1.04564
7570,605600.0,1,0.08266742527484894,0.09820733219385147,0.29506,9.836610115598887e-05,-21.356,-3.839,1.045,153.534,1.04527
7571,605680.0,1,0.07925117015838623,0.09398481994867325,0.29644,9.729385055834427e-05,-21.303,-3.784,1.036,153.475,1.04529
7572,605760.0,1,0.08009731769561768,0.09720730036497116,0.29679,9.801722626434639e-05,-21.272,-3.796,0.952,153.298,1.04781
7573,605840.0,1,0.12475293129682541,0.15325357019901276,0.27881,0.00013509501877706498,-20.721,-4.006,0.992,153.317,1.04822
7574,605920.0,1,0.8071663975715637,0.7901716232299805,0.05808,0.0002626985078677535,-23.05,-3.791,0.645,153.315,1.04852
7575,606000.0,1,0.7009169459342957,0.685895562171936,0.09997,0.00029568778700195253,-22.915,-3.656,0.624,153.287,1.04856
7576,606080.0,1,0.5098369121551514,0.45621591806411743,0.18541,0.00021522586757782847,-22.563,-3.414,0.562,153.313,1.04878
7577,606160.0,1,0.2671644389629364,0.29473626613616943,0.24498,0.00016963771486189216,-21.959,-3.51,0.733,153.273,1.04896
7578,606240.0,1,0.18288446962833405,0.2078813910484314,0.26472,0.00013828955707140267,-21.478,-3.432,0.858,153.309,1.04896
7579,606320.0,1,0.14550085365772247,0.15979717671871185,0.27546,0.00013016977754887193,-21.123,-3.444,0.882,153.148,1.04965
7580,606400.0,1,0.12932144105434418,0.14676114916801453,0.28239,0.00011868108413182199,-21.137,-3.514,0.841,149.947,1.08618
7581,606480.0,1,0.1131473034620285,0.1275186389684677,0.28932,0.00010611068137222901,-21.106,-3.637,0.863,149.756,1.08862
7582,606560.0,1,0.11209229379892349,0.12317061424255371,0.29063,0.0001033542284858413,-20.979,-3.624,0.912,149.697,1.0903
7583,606640.0,1,0.10798770934343338,0.11763748526573181,0.29074,0.000100438752269838,-20.961,-3.697,0.888,149.4,1.09506
7584,606720.0,1,0.09522918611764908,0.11103877425193787,0.29602,0.00011338327021803707,-20.968,-3.694,0.925,149.316,1.09732
7585,606800.0,1,0.08612977713346481,0.10990316420793533,0.2993,0.00012253440218046308,-20.912,-3.659,0.937,149.324,1.09762
7586,606880.0,1,0.08017899096012115,0.10525914281606674,0.3023,0.00010121832747245207,-20.935,-3.648,0.989,149.437,1.09701
7587,606960.0,1,0.05201670154929161,0.07034610956907272,0.32106,0.00010355300037190318,-21.086,-3.59,0.989,149.454,1.09607
7588,607040.0,1,0.0632728859782219,0.07579723000526428,0.31465,7.804157212376595e-05,-21.042,-3.713,1.126,149.57,1.09542
7589,607120.0,1,0.0678296685218811,0.07808867841959,0.31276,7.891243149060756e-05,-21.098,-3.713,1.138,149.537,1.09539
7590,607200.0,1,0.06990499049425125,0.07961908727884293,0.31168,7.740845467196777e-05,-21.115,-3.732,1.152,149.599,1.09513
7591,607280.0,1,0.07295218855142593,0.08245214074850082,0.31023,7.691796054132283e-05,-21.145,-3.716,1.178,149.58,1.09465
7592,607360.0,1,0.07561635226011276,0.08209150284528732,0.30945,8.276697190012783e-05,-21.139,-3.688,1.221,149.678,1.09432
7593,607440.0,1,0.09439675509929657,0.08809082210063934,0.30411,9.013304952532053e-05,-21.128,-3.64,1.174,149.729,1.09367
7594,607520.0,1,0.1072842925786972,0.10507889837026596,0.30039,8.766721293795854e-05,-22.198,-3.692,1.313,149.997,1.09283
7595,607600.0,1,0.12291784584522247,0.11408120393753052,0.29629,7.668615580769256e-05,-22.468,-3.838,1.43,149.889,1.09279
7596,607680.0,1,0.14923255145549774,0.13959239423274994,0.28768,8.154343959176913e-05,-22.67,-3.928,1.37,149.833,1.09266
7597,607760.0,1,0.15771979093551636,0.14670111238956451,0.2849,7.374624692602083e-05,-22.74,-4.007,1.333,149.812,1.0927
7598,607840.0,1,0.16048173606395721,0.1441340148448944,0.28338,7.173681660788134e-05,-22.745,-3.994,1.301,149.805,1.09268
7599,607920.0,1,0.16057458519935608,0.13990509510040283,0.2835,6.862981535959989e-05,-22.773,-3.99,1.302,149.74,1.09273
7600,608000.0,1,0.16273756325244904,0.1375778764486313,0.28318,6.458708958234638e-05,-22.83,-4.007,1.313,149.782,1.09261
7601,608080.0,1,0.16241225600242615,0.13784386217594147,0.28318,6.466222839662805e-05,-22.828,-4.002,1.299,149.708,1.09346
7602,608160.0,1,0.16529786586761475,0.13909190893173218,0.28239,6.181437493069097e-05,-22.826,-4.013,1.311,149.757,1.09327
7603,608240.0,1,0.16961081326007843,0.14096343517303467,0.28185,5.830349982716143e-05,-22.82,-4.014,1.338,149.693,1.09335
7604,608320.0,1,0.16814903914928436,0.14121420681476593,0.28182,6.173667497932911e-05,-22.764,-4.013,1.344,149.709,1.09299
7605,608400.0,1,0.17881660163402557,0.15116417407989502,0.27879,6.191661668708548e-05,-22.421,-3.922,1.33,149.638,1.0929
7606,608480.0,1,0.19907091557979584,0.1646161675453186,0.2762,8.001206151675433e-05,-22.24,-3.89,1.397,149.647,1.09311
7607,608560.0,1,0.20324720442295074,0.17017921805381775,0.27485,7.064884266583249e-05,-22.221,-3.8,1.489,149.533,1.09288
7608,608640.0,1,0.14713901281356812,0.155979722738266,0.27949,0.00011092550994362682,-22.156,-3.691,1.267,149.092,1.09423
7609,608720.0,1,0.1831068992614746,0.1786440908908844,0.27324,8.203463949030265e-05,-21.912,-3.658,1.485,148.947,1.09405
7610,608800.0,1,0.22070591151714325,0.19613157212734222,0.26876,8.483838610118255e-05,-21.916,-3.707,1.367,148.903,1.09382
7611,608880.0,1,0.19482648372650146,0.15857362747192383,0.27456,8.863404218573123e-05,-21.757,-3.571,1.476,148.528,1.09452
7612,608960.0,1,0.2214561104774475,0.20130717754364014,0.26881,7.070788706187159e-05,-21.881,-3.506,1.137,148.391,1.09467
7613,609040.0,1,0.19521139562129974,0.2004547268152237,0.27124,7.083361560944468e-05,-22.22,-3.39,1.261,148.274,1.0949
7614,609120.0,1,0.20717929303646088,0.19140836596488953,0.27105,9.968268568627536e-05,-22.263,-3.327,1.233,148.211,1.09462
7615,609200.0,1,0.20939520001411438,0.21071244776248932,0.26831,0.00010974096221616492,-22.465,-3.346,1.279,148.15,1.08919
7616,609280.0,1,0.22229573130607605,0.21572564542293549,0.26654,9.929258521879092e-05,-22.376,-3.347,1.256,148.217,1.08713
7617,609360.0,1,0.2268131673336029,0.20818090438842773,0.26476,8.131219510687515e-05,-22.406,-3.389,1.349,148.171,1.08636
7618,609440.0,1,0.23051415383815765,0.209564208984375,0.26391,9.732122998684645e-05,-22.397,-3.306,1.35,148.243,1.08599
7619,609520.0,1,0.22234314680099487,0.20440496504306793,0.26641,9.661680087447166e-05,-22.343,-3.225,1.364,148.128,1.08589
7620,609600.0,1,0.23638701438903809,0.2025647908449173,0.2669,9.097227302845567e-05,-22.055,-3.342,1.436,148.0,1.08481
7621,609680.0,1,0.23940280079841614,0.193320631980896,0.26637,8.371218427782878e-05,-21.861,-3.321,1.456,147.988,1.08442
7622,609760.0,1,0.180475652217865,0.15994007885456085,0.27449,9.664306708145887e-05,-21.195,-3.376,1.554,147.838,1.08427
7623,609840.0,1,0.16141581535339355,0.14281123876571655,0.28006,0.00010822754120454192,-20.844,-3.467,1.684,147.693,1.08427
7624,609920.0,1,0.18563657999038696,0.15428577363491058,0.27768,0.00010466418461874127,-20.818,-3.487,1.88,147.831,1.08398
7625,610000.0,1,0.2530960440635681,0.19636990129947662,0.26349,0.00011661770986393094,-20.437,-3.635,1.887,147.665,1.08473
7626,610080.0,1,0.813876211643219,0.8010079860687256,0.06111,0.0001737038983264938,-20.976,-3.861,2.054,147.737,1.08454
7627,610160.0,1,0.8053895235061646,0.7715677618980408,0.05091,0.00023388014233205467,-20.945,-4.015,2.096,147.836,1.08402
7628,610240.0,1,0.49356043338775635,0.4833214282989502,0.18782,0.00014421751257032156,-20.226,-4.238,2.291,147.931,1.08371
7629,610320.0,1,0.257440984249115,0.25725623965263367,0.25192,0.00012131875701015815,-19.528,-4.068,2.283,148.293,1.08055
7630,610400.0,1,0.18493860960006714,0.17546844482421875,0.27743,0.00013877700257580727,-18.986,-4.026,2.412,148.571,1.07942
7631,610480.0,1,0.15743254125118256,0.135720893740654,0.2893,0.00012264651013538241,-18.468,-3.978,2.287,148.519,1.07964
7632,610560.0,1,0.1441718488931656,0.11348442733287811,0.2917,0.00010549404396442696,-18.252,-4.186,2.53,148.543,1.07471
7633,610640.0,1,0.13507819175720215,0.10050266981124878,0.29696,7.803234620951116e-05,-18.092,-4.137,2.541,152.986,1.07162
7634,610720.0,1,0.1300031840801239,0.09556430578231812,0.29714,7.859768811613321e-05,-18.144,-4.249,2.624,153.201,1.07115
7635,610800.0,1,0.12043491750955582,0.08377104997634888,0.30044,7.93600847828202e-05,-18.22,-4.268,2.657,153.218,1.07147
7636,610880.0,1,0.11416389793157578,0.08381679654121399,0.30197,7.869803084759042e-05,-18.416,-4.302,2.648,157.312,1.07094
7637,610960.0,1,0.1167859360575676,0.087825708091259,0.29999,6.566683441633359e-05,-18.416,-4.291,2.554,157.311,1.07098
7638,611040.0,1,0.07500637322664261,0.060840122401714325,0.31902,0.00010015088628279045,-18.581,-4.313,2.5,157.475,1.07118
7639,611120.0,1,0.06981483101844788,0.062434032559394836,0.31949,0.00010130155715160072,-18.644,-4.304,2.54,157.458,1.07107
7640,611200.0,1,0.06962751597166061,0.06687331944704056,0.31809,9.112725092563778e-05,-18.78,-4.227,2.573,157.542,1.07098
7641,611280.0,1,0.06721305847167969,0.06897085160017014,0.31656,9.316005889559165e-05,-18.855,-4.172,2.502,157.683,1.06793
7642,611360.0,1,0.06661281734704971,0.07300488650798798,0.31606,0.00011575266398722306,-18.893,-4.153,2.563,157.789,1.06698
7643,611440.0,1,0.06828328222036362,0.06692381203174591,0.31637,0.00010443259816383943,-19.044,-4.174,2.648,157.769,1.06646
7644,611520.0,1,0.8441742062568665,0.7939927577972412,0.03327,0.0001572532346472144,-20.676,-4.117,2.517,157.932,1.06578
7645,611600.0,1,0.7516394257545471,0.6635130643844604,0.09456,0.0002019454987021163,-20.509,-4.26,2.551,157.842,1.06596
7646,611680.0,1,0.5849059820175171,0.5183627009391785,0.1659,0.00014611691585741937,-20.593,-4.39,2.517,157.918,1.06544
7647,611760.0,1,0.4575689136981964,0.43385201692581177,0.20734,0.0001458551996620372,-20.268,-4.459,2.375,157.803,1.06605
7648,611840.0,1,0.4213823080062866,0.4007524847984314,0.22237,0.0001272375084226951,-20.198,-4.562,2.37,157.843,1.06577
7649,611920.0,1,0.41573917865753174,0.38410520553588867,0.22536,0.00010871564882108942,-20.169,-4.552,2.385,157.769,1.06573
7650,612000.0,1,0.39460015296936035,0.36424484848976135,0.22999,9.986812074203044e-05,-19.936,-4.501,2.341,157.808,1.06555
7651,612080.0,1,0.3679664134979248,0.3366665840148926,0.23614,9.113759006140754e-05,-19.773,-4.409,2.393,157.719,1.06566
7652,612160.0,1,0.34970808029174805,0.30408889055252075,0.24127,8.644349873065948e-05,-19.603,-4.391,2.454,157.71,1.06588
7653,612240.0,1,0.32569172978401184,0.2758390009403229,0.24703,9.039816359290853e-05,-19.404,-4.49,2.494,157.728,1.06604
7654,612320.0,1,0.28361719846725464,0.24203883111476898,0.25522,8.102804713416845e-05,-19.669,-4.492,2.534,157.835,1.06623
7655,612400.0,1,0.2655092179775238,0.22518783807754517,0.25962,7.877957250457257e-05,-19.779,-4.436,2.517,157.815,1.06596
7656,612480.0,1,0.2394922375679016,0.2102002054452896,0.26521,9.118106390815228e-05,-19.711,-4.383,2.55,157.731,1.06644
7657,612560.0,1,0.18629981577396393,0.1488490104675293,0.27803,9.992366540245712e-05,-19.453,-4.361,2.658,157.68,1.06652
7658,612640.0,1,0.15077592432498932,0.1217641532421112,0.28847,0.00011116471432615072,-19.213,-4.373,2.779,157.66,1.06632
7659,612720.0,1,0.12364403158426285,0.11298096925020218,0.29328,8.397282363148406e-05,-18.916,-4.441,3.098,157.862,1.06604
7660,612800.0,1,0.1333794742822647,0.13464021682739258,0.28444,9.67047453741543e-05,-18.897,-4.532,3.222,158.038,1.06511
7661,612880.0,1,0.16603009402751923,0.13990554213523865,0.28209,0.00014677127182949334,-18.48,-4.987,3.39,158.011,1.0651
7662,612960.0,1,0.15734094381332397,0.21768395602703094,0.2728,0.000207426943234168,-18.537,-4.989,3.836,158.013,1.06501
7663,613040.0,1,0.18647778034210205,0.21590249240398407,0.27882,0.00012536095164250582,-17.958,-5.131,4.161,157.804,1.06298
7664,613120.0,1,0.15736688673496246,0.2077142894268036,0.2782,0.0001571647881064564,-16.935,-4.53,4.111,158.101,1.06119
7665,613200.0,1,0.7620741128921509,0.7445216774940491,0.07482,0.00033782125683501363,-18.149,-4.891,3.578,157.633,1.0606
7666,613280.0,1,0.520572304725647,0.5508995652198792,0.159,0.0002899442915804684,-17.394,-5.423,3.561,157.432,1.05985
7667,613360.0,1,0.33252713084220886,0.3577515482902527,0.24044,0.00016912685532588512,-17.097,-5.674,3.713,157.37,1.05976
7668,613440.0,1,0.13520362973213196,0.14819353818893433,0.28925,0.00016893217980396003,-16.251,-5.824,3.785,157.343,1.05852
7669,613520.0,1,0.08715593069791794,0.08381427079439163,0.30778,0.00014765505329705775,-15.883,-5.904,3.94,157.258,1.05832
7670,613600.0,1,0.10408764332532883,0.10421646386384964,0.30275,0.0001054908279911615,-15.974,-6.061,3.837,157.373,1.05786
7671,613680.0,1,0.049366407096385956,0.0573742650449276,0.32481,0.00020849131396971643,-16.242,-6.646,3.769,157.452,1.05881
7672,613760.0,1,0.05569622665643692,0.04785069078207016,0.3222,0.00013990863226354122,-16.297,-6.752,3.936,161.657,1.06433
7673,613840.0,1,0.07597922533750534,0.06670672446489334,0.31316,0.00011137619003420696,-16.402,-6.875,4.075,161.716,1.05992
7674,613920.0,1,0.08658941090106964,0.05672742798924446,0.31645,0.00018150979303754866,-16.544,-6.986,4.42,161.819,1.05868
7675,614000.0,1,0.07145561277866364,0.05862385407090187,0.32682,0.0002098492841469124,-16.86,-7.058,4.435,165.408,1.05927
7676,614080.0,1,0.07260383665561676,0.06388365477323532,0.32328,0.0001807204243959859,-16.788,-7.004,4.552,166.378,1.05676
7677,614160.0,1,0.07867500931024551,0.07515501976013184,0.31787,0.00019121951481793076,-16.651,-6.969,4.589,167.499,1.0476
7678,614240.0,1,0.0883440375328064,0.09338521957397461,0.31055,0.00021081128215882927,-16.462,-6.768,4.55,169.899,1.03489
7679,614320.0,1,0.10933373868465424,0.10918352007865906,0.29679,0.00014193945389706641,-16.282,-6.974,4.923,172.558,1.03316
7680,614400.0,1,0.07650807499885559,0.07764767110347748,0.31517,0.00021500763250514865,-16.468,-7.277,5.02,172.18,1.03548
7681,614480.0,1,0.08642914146184921,0.09943839907646179,0.30321,0.00017951155314221978,-16.051,-7.234,4.562,171.959,1.03573
7682,614560.0,1,0.08823493868112564,0.07655630260705948,0.31555,0.00014672635006718338,-15.183,-7.091,4.586,168.317,1.03078
7683,614640.0,1,0.06442572176456451,0.06702133268117905,0.33077,0.00018183060456067324,-15.771,-6.4,4.483,163.957,1.03277
7684,614720.0,1,0.09514360129833221,0.11790628731250763,0.30257,0.00011545050801942125,-15.844,-4.57,4.265,164.049,1.03342
7685,614800.0,1,0.11476079374551773,0.1376314014196396,0.29508,0.0001231803762493655,-15.976,-4.097,4.035,161.116,1.03668
7686,614880.0,1,0.14544573426246643,0.16060487926006317,0.28552,0.000125036938698031,-16.014,-3.985,3.984,155.351,1.05627
7687,614960.0,1,0.09459838271141052,0.12182657420635223,0.30163,0.00014884956181049347,-15.834,-3.664,3.824,153.649,1.06332
7688,615040.0,1,0.1141677126288414,0.13742280006408691,0.29523,0.000122095865663141,-15.037,-3.315,3.832,158.405,1.05561
7689,615120.0,1,0.11268822848796844,0.15154975652694702,0.29288,0.0001674988743616268,-14.955,-3.243,3.754,157.736,1.06431
7690,615200.0,1,0.12013876438140869,0.13219083845615387,0.29282,0.00018423302390147,-14.756,-3.494,3.739,157.913,1.06797
7691,615280.0,1,0.14958438277244568,0.1468282788991928,0.28702,0.0002134485257556662,-14.505,-3.685,3.759,157.58,1.07003
7692,615360.0,1,0.13709616661071777,0.12990564107894897,0.28773,0.00022287383035290986,-13.409,-4.061,3.521,157.628,1.07082
7693,615440.0,1,0.12584581971168518,0.10106275975704193,0.29556,0.0002849210286512971,-13.259,-4.198,3.369,157.046,1.07245
7694,615520.0,1,0.12839379906654358,0.11455382406711578,0.29261,0.00026354266447015107,-13.299,-4.118,3.364,156.874,1.0721
7695,615600.0,1,0.13201840221881866,0.11892595887184143,0.29609,0.00035209921770729125,-12.746,-4.156,3.421,156.128,1.07396
7696,615680.0,1,0.13105443120002747,0.1415441483259201,0.2921,0.000319306185701862,-12.938,-4.192,3.524,155.681,1.07493
7697,615760.0,1,0.119867704808712,0.1317746341228485,0.29614,0.0002874481724575162,-12.866,-4.473,3.288,155.205,1.07594
7698,615840.0,1,0.1277877688407898,0.13113529980182648,0.29641,0.0002500270202290267,-12.214,-4.537,3.431,154.681,1.07613
7699,615920.0,1,0.1447364091873169,0.12012442946434021,0.29333,0.0002620616287458688,-11.987,-4.41,3.193,153.839,1.07772
7700,616000.0,1,0.12999990582466125,0.10520807653665543,0.29596,0.0002440275129629299,-11.329,-4.721,3.702,152.943,1.07824
7701,616080.0,1,0.14345264434814453,0.1061236560344696,0.29236,0.00036524233291856945,-10.708,-4.812,3.874,167.895,1.06748
7702,616160.0,1,0.13456103205680847,0.09977469593286514,0.29291,0.0004597437218762934,-10.284,-5.072,4.005,170.07,1.06746
7703,616240.0,1,0.1276165246963501,0.09343734383583069,0.29516,0.0005670113605447114,-9.845,-5.337,4.118,172.341,1.07468
7704,616320.0,1,0.12783263623714447,0.0921768844127655,0.28534,0.00032026288681663573,-10.244,-5.277,4.007,180.119,1.06993
7705,616400.0,1,0.11135359108448029,0.07813461124897003,0.30011,0.0003345464065205306,-10.024,-5.044,3.733,182.497,1.06406
7706,616480.0,1,0.10256107896566391,0.07877521961927414,0.29894,0.0003356274391990155,-9.755,-4.937,3.509,182.18,1.06394
7707,616560.0,1,0.12609346210956573,0.09280654042959213,0.29336,0.00034602510277181864,-9.807,-4.898,3.429,181.949,1.06404
7708,616640.0,1,0.12892654538154602,0.10483676940202713,0.2876,0.00035146510344929993,-10.212,-4.818,3.246,174.557,1.06675
7709,616720.0,1,0.10827938467264175,0.09071629494428635,0.29409,0.00047748349606990814,-10.64,-4.926,3.239,169.99,1.07877
7710,616800.0,1,0.08124732971191406,0.07398444414138794,0.30412,0.0005725487135350704,-11.101,-4.986,2.992,168.221,1.0749
7711,616880.0,1,0.07533233612775803,0.06728978455066681,0.31005,0.000528773118276149,-11.18,-4.862,3.023,156.076,1.08743
7712,616960.0,1,0.07621590048074722,0.05877827852964401,0.31588,0.00043518500751815736,-11.391,-4.983,3.115,156.396,1.08784
7713,617040.0,1,0.0791657492518425,0.06612865626811981,0.31107,0.000388004002161324,-11.776,-4.986,3.821,154.301,1.08763
7714,617120.0,1,0.09665969014167786,0.06915922462940216,0.30308,0.00041953090112656355,-11.844,-5.034,4.206,148.904,1.0836
7715,617200.0,1,0.09999771416187286,0.08129247277975082,0.30142,0.00046499076415784657,-11.673,-5.124,4.655,148.965,1.08255
7716,617280.0,1,0.10335464030504227,0.08464820683002472,0.30064,0.0003214604512322694,-10.819,-5.119,4.764,148.904,1.08127
